  0
SECTION
  2
HEADER
  9
$ACADVER
  1
AC1027
  9
$ACADMAINTVER
 70
105
  9
$DWGCODEPAGE
  3
ANSI_1252
  9
$LASTSAVEDBY
  1
ezdxf
  9
$REQUIREDVERSIONS
160
0
  9
$INSBASE
 10
0.0
 20
0.0
 30
0.0
  9
$EXTMIN
 10
1e+20
 20
1e+20
 30
1e+20
  9
$EXTMAX
 10
-1e+20
 20
-1e+20
 30
-1e+20
  9
$LIMMIN
 10
0.0
 20
0.0
  9
$LIMMAX
 10
420.0
 20
297.0
  9
$ORTHOMODE
 70
0
  9
$REGENMODE
 70
1
  9
$FILLMODE
 70
1
  9
$QTEXTMODE
 70
0
  9
$MIRRTEXT
 70
1
  9
$LTSCALE
 40
0.35
  9
$ATTMODE
 70
1
  9
$TEXTSIZE
 40
2.5
  9
$TRACEWID
 40
1.0
  9
$TEXTSTYLE
  7
OpenSans
  9
$CLAYER
  8
0
  9
$CELTYPE
  6
ByLayer
  9
$CECOLOR
 62
256
  9
$CELTSCALE
 40
1.0
  9
$DISPSILH
 70
0
  9
$DIMSCALE
 40
1.0
  9
$DIMASZ
 40
0.175
  9
$DIMEXO
 40
0.125
  9
$DIMDLI
 40
3.75
  9
$DIMRND
 40
0.0
  9
$DIMDLE
 40
0.0
  9
$DIMEXE
 40
0.375
  9
$DIMTP
 40
0.0
  9
$DIMTM
 40
0.0
  9
$DIMTXT
 40
0.25
  9
$DIMCEN
 40
2.5
  9
$DIMTSZ
 40
0.0
  9
$DIMTOL
 70
0
  9
$DIMLIM
 70
0
  9
$DIMTIH
 70
0
  9
$DIMTOH
 70
0
  9
$DIMSE1
 70
0
  9
$DIMSE2
 70
0
  9
$DIMTAD
 70
1
  9
$DIMZIN
 70
12
  9
$DIMBLK
  1
ARCHTICK
  9
$DIMASO
 70
1
  9
$DIMSHO
 70
1
  9
$DIMPOST
  1

  9
$DIMAPOST
  1

  9
$DIMALT
 70
0
  9
$DIMALTD
 70
3
  9
$DIMALTF
 40
0.03937007874
  9
$DIMLFAC
 40
100.0
  9
$DIMTOFL
 70
1
  9
$DIMTVP
 40
0.0
  9
$DIMTIX
 70
0
  9
$DIMSOXD
 70
0
  9
$DIMSAH
 70
0
  9
$DIMBLK1
  1

  9
$DIMBLK2
  1

  9
$DIMSTYLE
  2
EZDXF
  9
$DIMCLRD
 70
0
  9
$DIMCLRE
 70
0
  9
$DIMCLRT
 70
0
  9
$DIMTFAC
 40
0.5
  9
$DIMGAP
 40
0.1
  9
$DIMJUST
 70
0
  9
$DIMSD1
 70
0
  9
$DIMSD2
 70
0
  9
$DIMTOLJ
 70
0
  9
$DIMTZIN
 70
8
  9
$DIMALTZ
 70
0
  9
$DIMALTTZ
 70
0
  9
$DIMUPT
 70
1
  9
$DIMDEC
 70
2
  9
$DIMTDEC
 70
2
  9
$DIMALTU
 70
2
  9
$DIMALTTD
 70
3
  9
$DIMTXSTY
  7
OpenSansCondensed-Light
  9
$DIMAUNIT
 70
0
  9
$DIMADEC
 70
2
  9
$DIMALTRND
 40
0.0
  9
$DIMAZIN
 70
3
  9
$DIMDSEP
 70
46
  9
$DIMATFIT
 70
3
  9
$DIMFRAC
 70
0
  9
$DIMLDRBLK
  1

  9
$DIMLUNIT
 70
2
  9
$DIMLWD
 70
-2
  9
$DIMLWE
 70
-2
  9
$DIMTMOVE
 70
2
  9
$DIMFXL
 40
1.0
  9
$DIMFXLON
 70
0
  9
$DIMJOGANG
 40
0.785398163397
  9
$DIMTFILL
 70
0
  9
$DIMTFILLCLR
 70
0
  9
$DIMARCSYM
 70
0
  9
$DIMLTYPE
  6

  9
$DIMLTEX1
  6

  9
$DIMLTEX2
  6

  9
$DIMTXTDIRECTION
 70
0
  9
$LUNITS
 70
2
  9
$LUPREC
 70
4
  9
$SKETCHINC
 40
1.0
  9
$FILLETRAD
 40
10.0
  9
$AUNITS
 70
0
  9
$AUPREC
 70
2
  9
$MENU
  1
.
  9
$ELEVATION
 40
0.0
  9
$PELEVATION
 40
0.0
  9
$THICKNESS
 40
0.0
  9
$LIMCHECK
 70
0
  9
$CHAMFERA
 40
0.0
  9
$CHAMFERB
 40
0.0
  9
$CHAMFERC
 40
0.0
  9
$CHAMFERD
 40
0.0
  9
$SKPOLY
 70
0
  9
$TDCREATE
 40
2461308.1332407407
  9
$TDUCREATE
 40
2458532.153996898
  9
$TDUPDATE
 40
2461308.1332986113
  9
$TDUUPDATE
 40
2458532.1544311
  9
$TDINDWG
 40
0.0
  9
$TDUSRTIMER
 40
0.0
  9
$USRTIMER
 70
1
  9
$ANGBASE
 50
0.0
  9
$ANGDIR
 70
0
  9
$PDMODE
 70
0
  9
$PDSIZE
 40
0.0
  9
$PLINEWID
 40
0.0
  9
$SPLFRAME
 70
0
  9
$SPLINETYPE
 70
6
  9
$SPLINESEGS
 70
8
  9
$HANDSEED
  5
2A7
  9
$SURFTAB1
 70
6
  9
$SURFTAB2
 70
6
  9
$SURFTYPE
 70
6
  9
$SURFU
 70
6
  9
$SURFV
 70
6
  9
$UCSBASE
  2

  9
$UCSNAME
  2

  9
$UCSORG
 10
0.0
 20
0.0
 30
0.0
  9
$UCSXDIR
 10
1.0
 20
0.0
 30
0.0
  9
$UCSYDIR
 10
0.0
 20
1.0
 30
0.0
  9
$UCSORTHOREF
  2

  9
$UCSORTHOVIEW
 70
0
  9
$UCSORGTOP
 10
0.0
 20
0.0
 30
0.0
  9
$UCSORGBOTTOM
 10
0.0
 20
0.0
 30
0.0
  9
$UCSORGLEFT
 10
0.0
 20
0.0
 30
0.0
  9
$UCSORGRIGHT
 10
0.0
 20
0.0
 30
0.0
  9
$UCSORGFRONT
 10
0.0
 20
0.0
 30
0.0
  9
$UCSORGBACK
 10
0.0
 20
0.0
 30
0.0
  9
$PUCSBASE
  2

  9
$PUCSNAME
  2

  9
$PUCSORG
 10
0.0
 20
0.0
 30
0.0
  9
$PUCSXDIR
 10
1.0
 20
0.0
 30
0.0
  9
$PUCSYDIR
 10
0.0
 20
1.0
 30
0.0
  9
$PUCSORTHOREF
  2

  9
$PUCSORTHOVIEW
 70
0
  9
$PUCSORGTOP
 10
0.0
 20
0.0
 30
0.0
  9
$PUCSORGBOTTOM
 10
0.0
 20
0.0
 30
0.0
  9
$PUCSORGLEFT
 10
0.0
 20
0.0
 30
0.0
  9
$PUCSORGRIGHT
 10
0.0
 20
0.0
 30
0.0
  9
$PUCSORGFRONT
 10
0.0
 20
0.0
 30
0.0
  9
$PUCSORGBACK
 10
0.0
 20
0.0
 30
0.0
  9
$USERI1
 70
0
  9
$USERI2
 70
0
  9
$USERI3
 70
0
  9
$USERI4
 70
0
  9
$USERI5
 70
0
  9
$USERR1
 40
0.0
  9
$USERR2
 40
0.0
  9
$USERR3
 40
0.0
  9
$USERR4
 40
0.0
  9
$USERR5
 40
0.0
  9
$WORLDVIEW
 70
1
  9
$SHADEDGE
 70
3
  9
$SHADEDIF
 70
70
  9
$TILEMODE
 70
1
  9
$MAXACTVP
 70
64
  9
$PINSBASE
 10
0.0
 20
0.0
 30
0.0
  9
$PLIMCHECK
 70
0
  9
$PEXTMIN
 10
1e+20
 20
1e+20
 30
1e+20
  9
$PEXTMAX
 10
-1e+20
 20
-1e+20
 30
-1e+20
  9
$PLIMMIN
 10
0.0
 20
0.0
  9
$PLIMMAX
 10
420.0
 20
297.0
  9
$UNITMODE
 70
0
  9
$VISRETAIN
 70
1
  9
$PLINEGEN
 70
0
  9
$PSLTSCALE
 70
1
  9
$TREEDEPTH
 70
3020
  9
$CMLSTYLE
  2
Standard
  9
$CMLJUST
 70
0
  9
$CMLSCALE
 40
20.0
  9
$PROXYGRAPHICS
 70
1
  9
$MEASUREMENT
 70
1
  9
$CELWEIGHT
370
-1
  9
$ENDCAPS
280
0
  9
$JOINSTYLE
280
0
  9
$LWDISPLAY
290
0
  9
$INSUNITS
 70
4
  9
$HYPERLINKBASE
  1

  9
$STYLESHEET
  1

  9
$XEDIT
290
1
  9
$CEPSNTYPE
380
0
  9
$PSTYLEMODE
290
1
  9
$FINGERPRINTGUID
  2
{A0B09305-4774-42C1-97A0-3AC454A41A63}
  9
$VERSIONGUID
  2
{C3FB65A1-2740-4021-872E-80D1A0C21D12}
  9
$EXTNAMES
290
1
  9
$PSVPSCALE
 40
0.0
  9
$OLESTARTUP
290
0
  9
$SORTENTS
280
127
  9
$INDEXCTL
280
0
  9
$HIDETEXT
280
1
  9
$XCLIPFRAME
280
1
  9
$HALOGAP
280
0
  9
$OBSCOLOR
 70
257
  9
$OBSLTYPE
280
0
  9
$INTERSECTIONDISPLAY
280
0
  9
$INTERSECTIONCOLOR
 70
257
  9
$DIMASSOC
280
2
  9
$PROJECTNAME
  1

  9
$CAMERADISPLAY
290
0
  9
$LENSLENGTH
 40
50.0
  9
$CAMERAHEIGHT
 40
0.0
  9
$STEPSPERSEC
 40
24.0
  9
$STEPSIZE
 40
100.0
  9
$3DDWFPREC
 40
2.0
  9
$PSOLWIDTH
 40
0.005
  9
$PSOLHEIGHT
 40
0.08
  9
$LOFTANG1
 40
1.570796326795
  9
$LOFTANG2
 40
1.570796326795
  9
$LOFTMAG1
 40
0.0
  9
$LOFTMAG2
 40
0.0
  9
$LOFTPARAM
 70
7
  9
$LOFTNORMALS
280
1
  9
$LATITUDE
 40
37.795
  9
$LONGITUDE
 40
-122.394
  9
$NORTHDIRECTION
 40
0.0
  9
$TIMEZONE
 70
-8000
  9
$LIGHTGLYPHDISPLAY
280
1
  9
$TILEMODELIGHTSYNCH
280
1
  9
$CMATERIAL
347
20
  9
$SOLIDHIST
280
0
  9
$SHOWHIST
280
1
  9
$DWFFRAME
280
2
  9
$DGNFRAME
280
2
  9
$REALWORLDSCALE
290
1
  9
$INTERFERECOLOR
 62
256
  9
$CSHADOW
280
0
  9
$SHADOWPLANELOCATION
 40
0.0
  0
ENDSEC
  0
SECTION
  2
CLASSES
  0
CLASS
  1
ACDBDICTIONARYWDFLT
  2
AcDbDictionaryWithDefault
  3
ObjectDBX Classes
 90
0
 91
0
280
0
281
0
  0
CLASS
  1
SUN
  2
AcDbSun
  3
SCENEOE
 90
1153
 91
0
280
0
281
0
  0
CLASS
  1
VISUALSTYLE
  2
AcDbVisualStyle
  3
ObjectDBX Classes
 90
4095
 91
0
280
0
281
0
  0
CLASS
  1
MATERIAL
  2
AcDbMaterial
  3
ObjectDBX Classes
 90
1153
 91
0
280
0
281
0
  0
CLASS
  1
SCALE
  2
AcDbScale
  3
ObjectDBX Classes
 90
1153
 91
0
280
0
281
0
  0
CLASS
  1
TABLESTYLE
  2
AcDbTableStyle
  3
ObjectDBX Classes
 90
4095
 91
0
280
0
281
0
  0
CLASS
  1
MLEADERSTYLE
  2
AcDbMLeaderStyle
  3
ACDB_MLEADERSTYLE_CLASS
 90
4095
 91
0
280
0
281
0
  0
CLASS
  1
DICTIONARYVAR
  2
AcDbDictionaryVar
  3
ObjectDBX Classes
 90
0
 91
0
280
0
281
0
  0
CLASS
  1
CELLSTYLEMAP
  2
AcDbCellStyleMap
  3
ObjectDBX Classes
 90
1152
 91
0
280
0
281
0
  0
CLASS
  1
MENTALRAYRENDERSETTINGS
  2
AcDbMentalRayRenderSettings
  3
SCENEOE
 90
1024
 91
0
280
0
281
0
  0
CLASS
  1
ACDBDETAILVIEWSTYLE
  2
AcDbDetailViewStyle
  3
ObjectDBX Classes
 90
1025
 91
0
280
0
281
0
  0
CLASS
  1
ACDBSECTIONVIEWSTYLE
  2
AcDbSectionViewStyle
  3
ObjectDBX Classes
 90
1025
 91
0
280
0
281
0
  0
CLASS
  1
RASTERVARIABLES
  2
AcDbRasterVariables
  3
ISM
 90
0
 91
0
280
0
281
0
  0
CLASS
  1
LAYOUT
  2
AcDbLayout
  3
ObjectDBX Classes
 90
0
 91
0
280
0
281
0
  0
CLASS
  1
ACDBPLACEHOLDER
  2
AcDbPlaceHolder
  3
ObjectDBX Classes
 90
0
 91
0
280
0
281
0
  0
ENDSEC
  0
SECTION
  2
TABLES
  0
TABLE
  2
VPORT
  5
8
330
0
100
AcDbSymbolTable
 70
1
  0
VPORT
  5
23
330
8
100
AcDbSymbolTableRecord
100
AcDbViewportTableRecord
  2
*Active
 70
0
 10
0.0
 20
0.0
 11
1.0
 21
1.0
 12
0.0
 22
0.0
 13
0.0
 23
0.0
 14
0.5
 24
0.5
 15
0.5
 25
0.5
 16
0.0
 26
0.0
 36
1.0
 17
0.0
 27
0.0
 37
0.0
 40
1000.0
 41
1.34
 42
50.0
 43
0.0
 44
0.0
 50
0.0
 51
0.0
 71
0
 72
1000
 73
1
 74
3
 75
0
 76
0
 77
0
 78
0
281
0
 65
0
146
0.0
  0
ENDTAB
  0
TABLE
  2
LTYPE
  5
2
330
0
100
AcDbSymbolTable
 70
21
  0
LTYPE
  5
24
330
2
100
AcDbSymbolTableRecord
100
AcDbLinetypeTableRecord
  2
ByBlock
 70
0
  3

 72
65
 73
0
 40
0.0
  0
LTYPE
  5
25
330
2
100
AcDbSymbolTableRecord
100
AcDbLinetypeTableRecord
  2
ByLayer
 70
0
  3

 72
65
 73
0
 40
0.0
  0
LTYPE
  5
26
330
2
100
AcDbSymbolTableRecord
100
AcDbLinetypeTableRecord
  2
Continuous
 70
0
  3

 72
65
 73
0
 40
0.0
  0
LTYPE
  5
2F
330
2
100
AcDbSymbolTableRecord
100
AcDbLinetypeTableRecord
  2
CENTER
 70
0
  3
Center ____ _ ____ _ ____ _ ____ _ ____ _ ____
 72
65
 73
4
 40
5.08
 49
3.175
 74
0
 49
-0.635
 74
0
 49
0.635
 74
0
 49
-0.635
 74
0
  0
LTYPE
  5
30
330
2
100
AcDbSymbolTableRecord
100
AcDbLinetypeTableRecord
  2
CENTERX2
 70
0
  3
Center (2x) ________  __  ________  __  ________
 72
65
 73
4
 40
8.89
 49
6.35
 74
0
 49
-0.635
 74
0
 49
1.27
 74
0
 49
-0.635
 74
0
  0
LTYPE
  5
31
330
2
100
AcDbSymbolTableRecord
100
AcDbLinetypeTableRecord
  2
CENTER2
 70
0
  3
Center (.5x) ____ _ ____ _ ____ _ ____ _ ____
 72
65
 73
4
 40
2.54
 49
1.587
 74
0
 49
-0.318
 74
0
 49
0.318
 74
0
 49
-0.318
 74
0
  0
LTYPE
  5
32
330
2
100
AcDbSymbolTableRecord
100
AcDbLinetypeTableRecord
  2
DASHED
 70
0
  3
Dashed __ __ __ __ __ __ __ __ __ __ __ __ __ _
 72
65
 73
2
 40
1.524
 49
1.27
 74
0
 49
-0.254
 74
0
  0
LTYPE
  5
33
330
2
100
AcDbSymbolTableRecord
100
AcDbLinetypeTableRecord
  2
DASHEDX2
 70
0
  3
Dashed (2x) ____  ____  ____  ____  ____  ____
 72
65
 73
2
 40
3.048
 49
2.54
 74
0
 49
-0.508
 74
0
  0
LTYPE
  5
34
330
2
100
AcDbSymbolTableRecord
100
AcDbLinetypeTableRecord
  2
DASHED2
 70
0
  3
Dashed (.5x) _ _ _ _ _ _ _ _ _ _ _ _ _ _
 72
65
 73
2
 40
0.762
 49
0.635
 74
0
 49
-0.127
 74
0
  0
LTYPE
  5
35
330
2
100
AcDbSymbolTableRecord
100
AcDbLinetypeTableRecord
  2
PHANTOM
 70
0
  3
Phantom ______  __  __  ______  __  __  ______
 72
65
 73
6
 40
6.35
 49
3.175
 74
0
 49
-0.635
 74
0
 49
0.635
 74
0
 49
-0.635
 74
0
 49
0.635
 74
0
 49
-0.635
 74
0
  0
LTYPE
  5
36
330
2
100
AcDbSymbolTableRecord
100
AcDbLinetypeTableRecord
  2
PHANTOMX2
 70
0
  3
Phantom (2x)____________    ____    ____    ____________
 72
65
 73
6
 40
10.795
 49
6.35
 74
0
 49
-0.635
 74
0
 49
1.27
 74
0
 49
-0.635
 74
0
 49
1.27
 74
0
 49
-0.635
 74
0
  0
LTYPE
  5
37
330
2
100
AcDbSymbolTableRecord
100
AcDbLinetypeTableRecord
  2
PHANTOM2
 70
0
  3
Phantom (.5x) ___ _ _ ___ _ _ ___ _ _ ___ _ _ ___
 72
65
 73
6
 40
3.175
 49
1.587
 74
0
 49
-0.318
 74
0
 49
0.318
 74
0
 49
-0.318
 74
0
 49
0.318
 74
0
 49
-0.318
 74
0
  0
LTYPE
  5
38
330
2
100
AcDbSymbolTableRecord
100
AcDbLinetypeTableRecord
  2
DASHDOT
 70
0
  3
Dash dot __ . __ . __ . __ . __ . __ . __ . __
 72
65
 73
4
 40
3.556
 49
2.54
 74
0
 49
-0.508
 74
0
 49
0.0
 74
0
 49
-0.508
 74
0
  0
LTYPE
  5
39
330
2
100
AcDbSymbolTableRecord
100
AcDbLinetypeTableRecord
  2
DASHDOTX2
 70
0
  3
Dash dot (2x) ____  .  ____  .  ____  .  ____
 72
65
 73
4
 40
6.096
 49
5.08
 74
0
 49
-0.508
 74
0
 49
0.0
 74
0
 49
-0.508
 74
0
  0
LTYPE
  5
3A
330
2
100
AcDbSymbolTableRecord
100
AcDbLinetypeTableRecord
  2
DASHDOT2
 70
0
  3
Dash dot (.5x) _ . _ . _ . _ . _ . _ . _ . _
 72
65
 73
4
 40
1.778
 49
1.27
 74
0
 49
-0.254
 74
0
 49
0.0
 74
0
 49
-0.254
 74
0
  0
LTYPE
  5
3B
330
2
100
AcDbSymbolTableRecord
100
AcDbLinetypeTableRecord
  2
DOT
 70
0
  3
Dot .  .  .  .  .  .  .  .  .  .  .  .  .  .  .  .
 72
65
 73
2
 40
0.508
 49
0.0
 74
0
 49
-0.508
 74
0
  0
LTYPE
  5
3C
330
2
100
AcDbSymbolTableRecord
100
AcDbLinetypeTableRecord
  2
DOTX2
 70
0
  3
Dot (2x) .    .    .    .    .    .    .    . 
 72
65
 73
2
 40
1.016
 49
0.0
 74
0
 49
-1.016
 74
0
  0
LTYPE
  5
3D
330
2
100
AcDbSymbolTableRecord
100
AcDbLinetypeTableRecord
  2
DOT2
 70
0
  3
Dot (.5) . . . . . . . . . . . . . . . . . . . 
 72
65
 73
2
 40
0.254
 49
0.0
 74
0
 49
-0.254
 74
0
  0
LTYPE
  5
3E
330
2
100
AcDbSymbolTableRecord
100
AcDbLinetypeTableRecord
  2
DIVIDE
 70
0
  3
Divide __ . . __ . . __ . . __ . . __ . . __
 72
65
 73
6
 40
4.064
 49
2.54
 74
0
 49
-0.508
 74
0
 49
0.0
 74
0
 49
-0.508
 74
0
 49
0.0
 74
0
 49
-0.508
 74
0
  0
LTYPE
  5
3F
330
2
100
AcDbSymbolTableRecord
100
AcDbLinetypeTableRecord
  2
DIVIDEX2
 70
0
  3
Divide (2x) ____  . .  ____  . .  ____  . .  ____
 72
65
 73
6
 40
6.604
 49
5.08
 74
0
 49
-0.508
 74
0
 49
0.0
 74
0
 49
-0.508
 74
0
 49
0.0
 74
0
 49
-0.508
 74
0
  0
LTYPE
  5
40
330
2
100
AcDbSymbolTableRecord
100
AcDbLinetypeTableRecord
  2
DIVIDE2
 70
0
  3
Divide(.5x) _ . _ . _ . _ . _ . _ . _ . _
 72
65
 73
6
 40
2.032
 49
1.27
 74
0
 49
-0.254
 74
0
 49
0.0
 74
0
 49
-0.254
 74
0
 49
0.0
 74
0
 49
-0.254
 74
0
  0
ENDTAB
  0
TABLE
  2
LAYER
  5
1
330
0
100
AcDbSymbolTable
 70
24
  0
LAYER
  5
27
330
1
100
AcDbSymbolTableRecord
100
AcDbLayerTableRecord
  2
0
 70
0
 62
7
  6
Continuous
370
-3
390
13
347
21
  0
LAYER
  5
28
330
1
100
AcDbSymbolTableRecord
100
AcDbLayerTableRecord
  2
Defpoints
 70
0
 62
7
  6
Continuous
290
0
370
-3
390
13
347
21
  0
LAYER
  5
8A
330
1
100
AcDbSymbolTableRecord
100
AcDbLayerTableRecord
  2
00_РАМКА
 70
0
 62
7
  6
CONTINUOUS
370
-3
390
13
347
21
  0
LAYER
  5
8B
330
1
100
AcDbSymbolTableRecord
100
AcDbLayerTableRecord
  2
01_ОБШИВКА
 70
0
 62
7
  6
CONTINUOUS
370
-3
390
13
347
21
  0
LAYER
  5
8C
330
1
100
AcDbSymbolTableRecord
100
AcDbLayerTableRecord
  2
02_ПАЛУБЫ
 70
0
 62
4
  6
CONTINUOUS
370
-3
390
13
347
21
  0
LAYER
  5
8D
330
1
100
AcDbSymbolTableRecord
100
AcDbLayerTableRecord
  2
03_ПЕРЕБОРКИ
 70
0
 62
1
  6
CONTINUOUS
370
-3
390
13
347
21
  0
LAYER
  5
8E
330
1
100
AcDbSymbolTableRecord
100
AcDbLayerTableRecord
  2
04_ЦИСТЕРНЫ
 70
0
 62
3
  6
CONTINUOUS
370
-3
390
13
347
21
  0
LAYER
  5
8F
330
1
100
AcDbSymbolTableRecord
100
AcDbLayerTableRecord
  2
05_ОБОРУДОВАНИЕ
 70
0
 62
5
  6
CONTINUOUS
370
-3
390
13
347
21
  0
LAYER
  5
90
330
1
100
AcDbSymbolTableRecord
100
AcDbLayerTableRecord
  2
06_ПОМЕЩЕНИЯ
 70
0
 62
8
  6
CONTINUOUS
370
-3
390
13
347
21
  0
LAYER
  5
91
330
1
100
AcDbSymbolTableRecord
100
AcDbLayerTableRecord
  2
07_ОСИ
 70
0
 62
2
  6
CENTER
370
18
390
13
347
21
  0
LAYER
  5
92
330
1
100
AcDbSymbolTableRecord
100
AcDbLayerTableRecord
  2
08_ТЕКСТ
 70
0
 62
7
  6
CONTINUOUS
370
-3
390
13
347
21
  0
LAYER
  5
93
330
1
100
AcDbSymbolTableRecord
100
AcDbLayerTableRecord
  2
09_РАЗМЕРЫ
 70
0
 62
7
  6
CONTINUOUS
370
-3
390
13
347
21
  0
LAYER
  5
94
330
1
100
AcDbSymbolTableRecord
100
AcDbLayerTableRecord
  2
10_НАБОР
 70
0
 62
9
  6
CONTINUOUS
370
-3
390
13
347
21
  0
LAYER
  5
95
330
1
100
AcDbSymbolTableRecord
100
AcDbLayerTableRecord
  2
11_КАЮТЫ
 70
0
 62
30
  6
CONTINUOUS
370
-3
390
13
347
21
  0
LAYER
  5
96
330
1
100
AcDbSymbolTableRecord
100
AcDbLayerTableRecord
  2
12_ТРАПЫ_ЛИФТЫ
 70
0
 62
6
  6
CONTINUOUS
370
-3
390
13
347
21
  0
LAYER
  5
97
330
1
100
AcDbSymbolTableRecord
100
AcDbLayerTableRecord
  2
13_КОЛЁСА
 70
0
 62
1
  6
CONTINUOUS
370
-3
390
13
347
21
  0
LAYER
  5
98
330
1
100
AcDbSymbolTableRecord
100
AcDbLayerTableRecord
  2
14_МЕБЕЛЬ
 70
0
 62
252
  6
CONTINUOUS
370
-3
390
13
347
21
  0
LAYER
  5
9A
330
1
100
AcDbSymbolTableRecord
100
AcDbLayerTableRecord
  2
20_ВИДИМЫЕ
 70
0
 62
7
  6
CONTINUOUS
370
50
390
13
347
21
  0
LAYER
  5
9B
330
1
100
AcDbSymbolTableRecord
100
AcDbLayerTableRecord
  2
21_НЕВИДИМЫЕ
 70
0
 62
7
  6
DASHED
370
25
390
13
347
21
  0
LAYER
  5
9C
330
1
100
AcDbSymbolTableRecord
100
AcDbLayerTableRecord
  2
22_ТОНКИЕ
 70
0
 62
7
  6
CONTINUOUS
370
18
390
13
347
21
  0
LAYER
  5
9D
330
1
100
AcDbSymbolTableRecord
100
AcDbLayerTableRecord
  2
23_ШТРИХОВКА
 70
0
 62
7
  6
CONTINUOUS
370
18
390
13
347
21
  0
LAYER
  5
9E
330
1
100
AcDbSymbolTableRecord
100
AcDbLayerTableRecord
  2
24_ФАНТОМ
 70
0
 62
7
  6
PHANTOM
370
18
390
13
347
21
  0
LAYER
  5
9F
330
1
100
AcDbSymbolTableRecord
100
AcDbLayerTableRecord
  2
25_ЛИТЬЁ
 70
0
 62
7
  6
CONTINUOUS
370
35
390
13
347
21
  0
LAYER
  5
A0
330
1
100
AcDbSymbolTableRecord
100
AcDbLayerTableRecord
  2
26_РАЗЪЁМ
 70
0
 62
7
  6
DASHDOT
370
35
390
13
347
21
  0
ENDTAB
  0
TABLE
  2
STYLE
  5
5
330
0
100
AcDbSymbolTable
 70
27
  0
STYLE
  5
29
330
5
100
AcDbSymbolTableRecord
100
AcDbTextStyleTableRecord
  2
Standard
 70
0
 40
0.0
 41
1.0
 50
0.0
 71
0
 42
2.5
  3
txt
  4

  0
STYLE
  5
41
330
5
100
AcDbSymbolTableRecord
100
AcDbTextStyleTableRecord
  2
OpenSans-Light
 70
0
 40
0.0
 41
1.0
 50
0.0
 71
0
 42
2.5
  3
OpenSans-Light.ttf
  4

  0
STYLE
  5
42
330
5
100
AcDbSymbolTableRecord
100
AcDbTextStyleTableRecord
  2
OpenSans-Light-Italic
 70
0
 40
0.0
 41
1.0
 50
0.0
 71
0
 42
2.5
  3
OpenSans-LightItalic.ttf
  4

  0
STYLE
  5
43
330
5
100
AcDbSymbolTableRecord
100
AcDbTextStyleTableRecord
  2
OpenSans
 70
0
 40
0.0
 41
1.0
 50
0.0
 71
0
 42
2.5
  3
OpenSans-Regular.ttf
  4

  0
STYLE
  5
44
330
5
100
AcDbSymbolTableRecord
100
AcDbTextStyleTableRecord
  2
OpenSans-Italic
 70
0
 40
0.0
 41
1.0
 50
0.0
 71
0
 42
2.5
  3
OpenSans-Italic.ttf
  4

  0
STYLE
  5
45
330
5
100
AcDbSymbolTableRecord
100
AcDbTextStyleTableRecord
  2
OpenSans-SemiBold
 70
0
 40
0.0
 41
1.0
 50
0.0
 71
0
 42
2.5
  3
OpenSans-SemiBold.ttf
  4

  0
STYLE
  5
46
330
5
100
AcDbSymbolTableRecord
100
AcDbTextStyleTableRecord
  2
OpenSans-SemiBoldItalic
 70
0
 40
0.0
 41
1.0
 50
0.0
 71
0
 42
2.5
  3
OpenSans-SemiBoldItalic.ttf
  4

  0
STYLE
  5
47
330
5
100
AcDbSymbolTableRecord
100
AcDbTextStyleTableRecord
  2
OpenSans-Bold
 70
0
 40
0.0
 41
1.0
 50
0.0
 71
0
 42
2.5
  3
OpenSans-Bold.ttf
  4

  0
STYLE
  5
48
330
5
100
AcDbSymbolTableRecord
100
AcDbTextStyleTableRecord
  2
OpenSans-BoldItalic
 70
0
 40
0.0
 41
1.0
 50
0.0
 71
0
 42
2.5
  3
OpenSans-BoldItalic.ttf
  4

  0
STYLE
  5
49
330
5
100
AcDbSymbolTableRecord
100
AcDbTextStyleTableRecord
  2
OpenSans-ExtraBold
 70
0
 40
0.0
 41
1.0
 50
0.0
 71
0
 42
2.5
  3
OpenSans-ExtraBold.ttf
  4

  0
STYLE
  5
4A
330
5
100
AcDbSymbolTableRecord
100
AcDbTextStyleTableRecord
  2
OpenSans-ExtraBoldItalic
 70
0
 40
0.0
 41
1.0
 50
0.0
 71
0
 42
2.5
  3
OpenSans-ExtraBoldItalic.ttf
  4

  0
STYLE
  5
4B
330
5
100
AcDbSymbolTableRecord
100
AcDbTextStyleTableRecord
  2
OpenSansCondensed-Bold
 70
0
 40
0.0
 41
1.0
 50
0.0
 71
0
 42
2.5
  3
OpenSansCondensed-Bold.ttf
  4

  0
STYLE
  5
4C
330
5
100
AcDbSymbolTableRecord
100
AcDbTextStyleTableRecord
  2
OpenSansCondensed-Light
 70
0
 40
0.0
 41
1.0
 50
0.0
 71
0
 42
2.5
  3
OpenSansCondensed-Light.ttf
  4

  0
STYLE
  5
4D
330
5
100
AcDbSymbolTableRecord
100
AcDbTextStyleTableRecord
  2
OpenSansCondensed-Italic
 70
0
 40
0.0
 41
1.0
 50
0.0
 71
0
 42
2.5
  3
OpenSansCondensed-LightItalic.ttf
  4

  0
STYLE
  5
4E
330
5
100
AcDbSymbolTableRecord
100
AcDbTextStyleTableRecord
  2
LiberationSans
 70
0
 40
0.0
 41
1.0
 50
0.0
 71
0
 42
2.5
  3
LiberationSans-Regular.ttf
  4

  0
STYLE
  5
4F
330
5
100
AcDbSymbolTableRecord
100
AcDbTextStyleTableRecord
  2
LiberationSans-Bold
 70
0
 40
0.0
 41
1.0
 50
0.0
 71
0
 42
2.5
  3
LiberationSans-Bold.ttf
  4

  0
STYLE
  5
50
330
5
100
AcDbSymbolTableRecord
100
AcDbTextStyleTableRecord
  2
LiberationSans-BoldItalic
 70
0
 40
0.0
 41
1.0
 50
0.0
 71
0
 42
2.5
  3
LiberationSans-BoldItalic.ttf
  4

  0
STYLE
  5
51
330
5
100
AcDbSymbolTableRecord
100
AcDbTextStyleTableRecord
  2
LiberationSans-Italic
 70
0
 40
0.0
 41
1.0
 50
0.0
 71
0
 42
2.5
  3
LiberationSans-Italic.ttf
  4

  0
STYLE
  5
52
330
5
100
AcDbSymbolTableRecord
100
AcDbTextStyleTableRecord
  2
LiberationSerif
 70
0
 40
0.0
 41
1.0
 50
0.0
 71
0
 42
2.5
  3
LiberationSerif-Regular.ttf
  4

  0
STYLE
  5
53
330
5
100
AcDbSymbolTableRecord
100
AcDbTextStyleTableRecord
  2
LiberationSerif-Bold
 70
0
 40
0.0
 41
1.0
 50
0.0
 71
0
 42
2.5
  3
LiberationSerif-Bold.ttf
  4

  0
STYLE
  5
54
330
5
100
AcDbSymbolTableRecord
100
AcDbTextStyleTableRecord
  2
LiberationSerif-BoldItalic
 70
0
 40
0.0
 41
1.0
 50
0.0
 71
0
 42
2.5
  3
LiberationSerif-BoldItalic.ttf
  4

  0
STYLE
  5
55
330
5
100
AcDbSymbolTableRecord
100
AcDbTextStyleTableRecord
  2
LiberationSerif-Italic
 70
0
 40
0.0
 41
1.0
 50
0.0
 71
0
 42
2.5
  3
LiberationSerif-Italic.ttf
  4

  0
STYLE
  5
56
330
5
100
AcDbSymbolTableRecord
100
AcDbTextStyleTableRecord
  2
LiberationMono
 70
0
 40
0.0
 41
1.0
 50
0.0
 71
0
 42
2.5
  3
LiberationMono-Regular.ttf
  4

  0
STYLE
  5
57
330
5
100
AcDbSymbolTableRecord
100
AcDbTextStyleTableRecord
  2
LiberationMono-Bold
 70
0
 40
0.0
 41
1.0
 50
0.0
 71
0
 42
2.5
  3
LiberationMono-Bold.ttf
  4

  0
STYLE
  5
58
330
5
100
AcDbSymbolTableRecord
100
AcDbTextStyleTableRecord
  2
LiberationMono-BoldItalic
 70
0
 40
0.0
 41
1.0
 50
0.0
 71
0
 42
2.5
  3
LiberationMono-BoldItalic.ttf
  4

  0
STYLE
  5
59
330
5
100
AcDbSymbolTableRecord
100
AcDbTextStyleTableRecord
  2
LiberationMono-Italic
 70
0
 40
0.0
 41
1.0
 50
0.0
 71
0
 42
2.5
  3
LiberationMono-Italic.ttf
  4

  0
STYLE
  5
99
330
5
100
AcDbSymbolTableRecord
100
AcDbTextStyleTableRecord
  2
ГОСТ
 70
0
 40
0.0
 41
1.0
 50
0.0
 71
0
 42
2.5
  3
ISOCPEUR.TTF
  4

  0
ENDTAB
  0
TABLE
  2
VIEW
  5
7
330
0
100
AcDbSymbolTable
 70
0
  0
ENDTAB
  0
TABLE
  2
UCS
  5
6
330
0
100
AcDbSymbolTable
 70
0
  0
ENDTAB
  0
TABLE
  2
APPID
  5
3
330
0
100
AcDbSymbolTable
 70
3
  0
APPID
  5
2A
330
3
100
AcDbSymbolTableRecord
100
AcDbRegAppTableRecord
  2
ACAD
 70
0
  0
APPID
  5
2A4
330
3
100
AcDbSymbolTableRecord
100
AcDbRegAppTableRecord
  2
HATCHBACKGROUNDCOLOR
 70
0
  0
APPID
  5
2A5
330
3
100
AcDbSymbolTableRecord
100
AcDbRegAppTableRecord
  2
EZDXF
 70
0
  0
ENDTAB
  0
TABLE
  2
DIMSTYLE
  5
4
330
0
100
AcDbSymbolTable
 70
13
100
AcDbDimStyleTable
  0
DIMSTYLE
105
2B
330
4
100
AcDbSymbolTableRecord
100
AcDbDimStyleTableRecord
  2
Standard
 70
0
 40
1.0
 41
2.5
 42
0.625
 43
3.75
 44
1.25
 45
0.0
 46
0.0
 47
0.0
 48
0.0
 49
2.5
140
2.5
141
2.5
142
0.0
143
0.03937007874
144
1.0
145
0.0
146
1.0
147
0.625
148
0.0
 69
0
 70
0
 71
0
 72
0
 73
0
 74
0
 75
0
 76
0
 77
1
 78
8
 79
3
170
0
171
3
172
1
173
0
174
0
175
0
176
0
177
0
178
0
179
2
271
2
272
2
273
2
274
3
275
0
276
0
277
2
278
44
279
0
280
0
281
0
282
0
283
0
284
8
285
0
286
0
288
0
289
3
290
0
371
-2
372
-2
  0
DIMSTYLE
105
73
330
4
100
AcDbSymbolTableRecord
100
AcDbDimStyleTableRecord
  2
EZDXF
 70
0
 40
1.0
 41
0.175
 42
0.125
 43
3.75
 44
0.375
 45
0.0
 46
0.0
 47
0.0
 48
0.0
 49
2.5
140
0.25
141
2.5
142
0.0
143
0.03937007874
144
100.0
145
0.0
146
0.5
147
0.1
148
0.0
 69
0
 70
0
 71
0
 72
0
 73
0
 74
0
 75
0
 76
0
 77
1
 78
12
 79
3
170
0
171
3
172
1
173
0
174
0
175
0
176
0
177
0
178
0
179
2
271
2
272
2
273
2
274
3
275
0
276
0
277
2
278
46
279
2
280
0
281
0
282
0
283
0
284
8
285
0
286
0
288
1
289
3
290
0
340
4C
342
74
371
-2
372
-2
  0
DIMSTYLE
105
7C
330
4
100
AcDbSymbolTableRecord
100
AcDbDimStyleTableRecord
  2
EZ_M_100_H25_CM
 70
0
 40
1.0
 41
0.25
 42
0.125
 43
3.75
 44
0.375
 45
0.0
 46
0.0
 47
0.0
 48
0.0
 49
2.5
140
0.25
141
2.5
142
0.125
143
0.03937007874
144
100.0
145
0.0
146
0.5
147
0.1
148
0.0
 69
0
 70
0
 71
0
 72
0
 73
0
 74
0
 75
0
 76
0
 77
1
 78
12
 79
3
170
0
171
3
172
1
173
0
174
0
175
0
176
0
177
0
178
0
179
2
271
2
272
2
273
2
274
3
275
0
276
0
277
2
278
46
279
2
280
0
281
0
282
0
283
0
284
8
285
0
286
0
288
1
289
3
290
0
340
4C
371
-2
372
-2
  0
DIMSTYLE
105
7D
330
4
100
AcDbSymbolTableRecord
100
AcDbDimStyleTableRecord
  2
EZ_M_50_H25_CM
 70
0
 40
1.0
 41
0.125
 42
0.0625
 43
3.75
 44
0.1875
 45
0.0
 46
0.0
 47
0.0
 48
0.0
 49
2.5
140
0.125
141
2.5
142
0.0625
143
0.03937007874
144
100.0
145
0.0
146
0.5
147
0.05
148
0.0
 69
0
 70
0
 71
0
 72
0
 73
0
 74
0
 75
0
 76
0
 77
1
 78
12
 79
3
170
0
171
3
172
1
173
0
174
0
175
0
176
0
177
0
178
0
179
2
271
2
272
2
273
2
274
3
275
0
276
0
277
2
278
46
279
2
280
0
281
0
282
0
283
0
284
8
285
0
286
0
288
1
289
3
290
0
340
4C
371
-2
372
-2
  0
DIMSTYLE
105
7E
330
4
100
AcDbSymbolTableRecord
100
AcDbDimStyleTableRecord
  2
EZ_M_25_H25_CM
 70
0
 40
1.0
 41
0.0625
 42
0.03125
 43
3.75
 44
0.09375
 45
0.0
 46
0.0
 47
0.0
 48
0.0
 49
2.5
140
0.0625
141
2.5
142
0.03125
143
0.03937007874
144
100.0
145
0.0
146
0.5
147
0.025
148
0.0
 69
0
 70
0
 71
0
 72
0
 73
0
 74
0
 75
0
 76
0
 77
1
 78
12
 79
3
170
0
171
3
172
1
173
0
174
0
175
0
176
0
177
0
178
0
179
2
271
2
272
2
273
2
274
3
275
0
276
0
277
2
278
46
279
2
280
0
281
0
282
0
283
0
284
8
285
0
286
0
288
1
289
3
290
0
340
4C
371
-2
372
-2
  0
DIMSTYLE
105
7F
330
4
100
AcDbSymbolTableRecord
100
AcDbDimStyleTableRecord
  2
EZ_M_20_H25_CM
 70
0
 40
1.0
 41
0.05
 42
0.025
 43
3.75
 44
0.07500000000000001
 45
0.0
 46
0.0
 47
0.0
 48
0.0
 49
2.5
140
0.05
141
2.5
142
0.025
143
0.03937007874
144
100.0
145
0.0
146
0.5
147
0.020000000000000004
148
0.0
 69
0
 70
0
 71
0
 72
0
 73
0
 74
0
 75
0
 76
0
 77
1
 78
12
 79
3
170
0
171
3
172
1
173
0
174
0
175
0
176
0
177
0
178
0
179
2
271
2
272
2
273
2
274
3
275
0
276
0
277
2
278
46
279
2
280
0
281
0
282
0
283
0
284
8
285
0
286
0
288
1
289
3
290
0
340
4C
371
-2
372
-2
  0
DIMSTYLE
105
80
330
4
100
AcDbSymbolTableRecord
100
AcDbDimStyleTableRecord
  2
EZ_M_10_H25_CM
 70
0
 40
1.0
 41
0.025
 42
0.0125
 43
3.75
 44
0.037500000000000006
 45
0.0
 46
0.0
 47
0.0
 48
0.0
 49
2.5
140
0.025
141
2.5
142
0.0125
143
0.03937007874
144
100.0
145
0.0
146
0.5
147
0.010000000000000002
148
0.0
 69
0
 70
0
 71
0
 72
0
 73
0
 74
0
 75
0
 76
0
 77
1
 78
12
 79
3
170
0
171
3
172
1
173
0
174
0
175
0
176
0
177
0
178
0
179
2
271
2
272
2
273
2
274
3
275
0
276
0
277
2
278
46
279
2
280
0
281
0
282
0
283
0
284
8
285
0
286
0
288
1
289
3
290
0
340
4C
371
-2
372
-2
  0
DIMSTYLE
105
81
330
4
100
AcDbSymbolTableRecord
100
AcDbDimStyleTableRecord
  2
EZ_M_5_H25_CM
 70
0
 40
1.0
 41
0.0125
 42
0.00625
 43
3.75
 44
0.018750000000000003
 45
0.0
 46
0.0
 47
0.0
 48
0.0
 49
2.5
140
0.0125
141
2.5
142
0.00625
143
0.03937007874
144
100.0
145
0.0
146
0.5
147
0.005000000000000001
148
0.0
 69
0
 70
0
 71
0
 72
0
 73
0
 74
0
 75
0
 76
0
 77
1
 78
12
 79
3
170
0
171
3
172
1
173
0
174
0
175
0
176
0
177
0
178
0
179
2
271
2
272
2
273
2
274
3
275
0
276
0
277
2
278
46
279
2
280
0
281
0
282
0
283
0
284
8
285
0
286
0
288
1
289
3
290
0
340
4C
371
-2
372
-2
  0
DIMSTYLE
105
82
330
4
100
AcDbSymbolTableRecord
100
AcDbDimStyleTableRecord
  2
EZ_M_1_H25_CM
 70
0
 40
1.0
 41
0.0025
 42
0.00125
 43
3.75
 44
0.00375
 45
0.0
 46
0.0
 47
0.0
 48
0.0
 49
2.5
140
0.0025
141
2.5
142
0.00125
143
0.03937007874
144
100.0
145
0.0
146
0.5
147
0.001
148
0.0
 69
0
 70
0
 71
0
 72
0
 73
0
 74
0
 75
0
 76
0
 77
1
 78
12
 79
3
170
0
171
3
172
1
173
0
174
0
175
0
176
0
177
0
178
0
179
2
271
2
272
2
273
2
274
3
275
0
276
0
277
2
278
46
279
2
280
0
281
0
282
0
283
0
284
8
285
0
286
0
288
1
289
3
290
0
340
4C
371
-2
372
-2
  0
DIMSTYLE
105
83
330
4
100
AcDbSymbolTableRecord
100
AcDbDimStyleTableRecord
  2
EZ_RADIUS
 70
0
 40
1.0
 41
0.25
 42
0.125
 43
3.75
 44
0.375
 45
0.0
 46
0.0
 47
0.0
 48
0.0
 49
2.5
140
0.25
141
0.0
142
0.0
143
0.03937007874
144
100.0
145
0.0
146
0.5
147
0.1
148
0.0
 69
0
 70
0
 71
0
 72
0
 73
0
 74
0
 75
0
 76
0
 77
1
 78
12
 79
3
170
0
171
3
172
0
173
0
174
0
175
0
176
0
177
0
178
0
179
2
271
2
272
2
273
2
274
3
275
0
276
0
277
2
278
46
279
1
280
0
281
0
282
0
283
0
284
8
285
0
286
0
288
1
289
3
290
0
340
4C
342
84
371
-2
372
-2
  0
DIMSTYLE
105
88
330
4
100
AcDbSymbolTableRecord
100
AcDbDimStyleTableRecord
  2
EZ_RADIUS_INSIDE
 70
0
 40
1.0
 41
0.25
 42
0.125
 43
3.75
 44
0.375
 45
0.0
 46
0.0
 47
0.0
 48
0.0
 49
2.5
140
0.25
141
0.0
142
0.0
143
0.03937007874
144
100.0
145
0.0
146
0.5
147
0.1
148
0.0
 69
0
 70
0
 71
0
 72
0
 73
0
 74
0
 75
0
 76
0
 77
0
 78
12
 79
3
170
0
171
3
172
0
173
0
174
1
175
0
176
0
177
0
178
0
179
2
271
2
272
2
273
2
274
3
275
0
276
0
277
2
278
46
279
0
280
0
281
0
282
0
283
0
284
8
285
0
286
0
288
1
289
0
290
0
340
4C
342
84
371
-2
372
-2
  0
DIMSTYLE
105
89
330
4
100
AcDbSymbolTableRecord
100
AcDbDimStyleTableRecord
  2
EZ_CURVED
 70
0
 40
1.0
 41
0.25
 42
0.125
 43
3.75
 44
0.375
 45
0.0
 46
0.0
 47
0.0
 48
0.0
 49
2.5
140
0.25
141
2.5
142
0.0
143
0.03937007874
144
100.0
145
0.0
146
0.5
147
0.1
148
0.0
 69
0
 70
0
 71
0
 72
0
 73
0
 74
0
 75
0
 76
0
 77
1
 78
12
 79
2
 90
2
170
0
171
3
172
1
173
0
174
0
175
0
176
0
177
0
178
0
179
2
271
2
272
2
273
2
274
3
275
0
276
0
277
2
278
46
279
2
280
0
281
0
282
0
283
0
284
8
285
0
286
0
288
1
289
3
290
0
340
4C
371
-2
372
-2
  0
DIMSTYLE
105
A1
330
4
100
AcDbSymbolTableRecord
100
AcDbDimStyleTableRecord
  2
ГОСТ
 70
0
 40
1.0
 41
3.0
 42
0.0
 43
3.75
 44
2.0
 45
0.0
 46
0.0
 47
0.0
 48
0.0
 49
2.5
140
3.5
141
2.5
142
0.0
143
0.03937007874
144
1.0
145
0.0
146
1.0
147
1.0
148
0.0
 69
0
 70
0
 71
0
 72
0
 73
0
 74
0
 75
0
 76
0
 77
1
 78
8
 79
3
170
0
171
3
172
1
173
0
174
0
175
0
176
7
177
7
178
7
179
2
271
1
272
2
273
2
274
3
275
0
276
0
277
2
278
44
279
0
280
0
281
0
282
0
283
0
284
8
285
0
286
0
288
0
289
3
290
0
340
99
371
-2
372
-2
  0
ENDTAB
  0
TABLE
  2
BLOCK_RECORD
  5
9
330
0
100
AcDbSymbolTable
 70
13
  0
BLOCK_RECORD
  5
17
330
9
100
AcDbSymbolTableRecord
100
AcDbBlockTableRecord
  2
*Model_Space
340
1A
 70
0
280
1
281
0
  0
BLOCK_RECORD
  5
1B
330
9
100
AcDbSymbolTableRecord
100
AcDbBlockTableRecord
  2
*Paper_Space
340
1E
 70
0
280
1
281
0
  0
BLOCK_RECORD
  5
74
330
9
100
AcDbSymbolTableRecord
100
AcDbBlockTableRecord
  2
_ARCHTICK
340
0
 70
0
280
1
281
0
  0
BLOCK_RECORD
  5
78
330
9
100
AcDbSymbolTableRecord
100
AcDbBlockTableRecord
  2
_CLOSEDFILLED
340
0
 70
0
280
1
281
0
  0
BLOCK_RECORD
  5
84
330
9
100
AcDbSymbolTableRecord
100
AcDbBlockTableRecord
  2
_CLOSEDBLANK
340
0
 70
0
280
1
281
0
  0
BLOCK_RECORD
  5
BA
330
9
100
AcDbSymbolTableRecord
100
AcDbBlockTableRecord
  2
*D1
340
0
 70
0
280
1
281
0
  0
BLOCK_RECORD
  5
C9
330
9
100
AcDbSymbolTableRecord
100
AcDbBlockTableRecord
  2
*D2
340
0
 70
0
280
1
281
0
  0
BLOCK_RECORD
  5
D8
330
9
100
AcDbSymbolTableRecord
100
AcDbBlockTableRecord
  2
*D3
340
0
 70
0
280
1
281
0
  0
BLOCK_RECORD
  5
E7
330
9
100
AcDbSymbolTableRecord
100
AcDbBlockTableRecord
  2
*D4
340
0
 70
0
280
1
281
0
  0
BLOCK_RECORD
  5
11D
330
9
100
AcDbSymbolTableRecord
100
AcDbBlockTableRecord
  2
*D5
340
0
 70
0
280
1
281
0
  0
BLOCK_RECORD
  5
12C
330
9
100
AcDbSymbolTableRecord
100
AcDbBlockTableRecord
  2
*D6
340
0
 70
0
280
1
281
0
  0
BLOCK_RECORD
  5
234
330
9
100
AcDbSymbolTableRecord
100
AcDbBlockTableRecord
  2
*D7
340
0
 70
0
280
1
281
0
  0
BLOCK_RECORD
  5
243
330
9
100
AcDbSymbolTableRecord
100
AcDbBlockTableRecord
  2
*D8
340
0
 70
0
280
1
281
0
  0
ENDTAB
  0
ENDSEC
  0
SECTION
  2
BLOCKS
  0
BLOCK
  5
18
330
17
100
AcDbEntity
  8
0
100
AcDbBlockBegin
  2
*Model_Space
 70
0
 10
0.0
 20
0.0
 30
0.0
  3
*Model_Space
  1

  0
ENDBLK
  5
19
330
17
100
AcDbEntity
  8
0
100
AcDbBlockEnd
  0
BLOCK
  5
1C
330
1B
100
AcDbEntity
  8
0
100
AcDbBlockBegin
  2
*Paper_Space
 70
0
 10
0.0
 20
0.0
 30
0.0
  3
*Paper_Space
  1

  0
ENDBLK
  5
1D
330
1B
100
AcDbEntity
  8
0
100
AcDbBlockEnd
  0
BLOCK
  5
75
330
74
100
AcDbEntity
  8
0
100
AcDbBlockBegin
  2
_ARCHTICK
 70
0
 10
0.0
 20
0.0
 30
0.0
  3
_ARCHTICK
  1

  0
LWPOLYLINE
  5
77
330
74
100
AcDbEntity
  8
0
  6
BYBLOCK
 62
0
100
AcDbPolyline
 90
2
 70
0
 43
0.15
 10
-0.5
 20
-0.5
 10
0.5
 20
0.5
  0
ENDBLK
  5
76
330
74
100
AcDbEntity
  8
0
100
AcDbBlockEnd
  0
BLOCK
  5
79
330
78
100
AcDbEntity
  8
0
100
AcDbBlockBegin
  2
_CLOSEDFILLED
 70
0
 10
0.0
 20
0.0
 30
0.0
  3
_CLOSEDFILLED
  1

  0
SOLID
  5
7B
330
78
100
AcDbEntity
  8
0
  6
BYBLOCK
 62
0
100
AcDbTrace
 10
-1.0
 20
0.16439898372402537
 30
0.0
 11
0.0
 21
0.0
 31
0.0
 12
-1.0
 22
-0.16439898372402537
 32
0.0
 13
-1.0
 23
-0.16439898372402537
 33
0.0
  0
ENDBLK
  5
7A
330
78
100
AcDbEntity
  8
0
100
AcDbBlockEnd
  0
BLOCK
  5
85
330
84
100
AcDbEntity
  8
0
100
AcDbBlockBegin
  2
_CLOSEDBLANK
 70
0
 10
0.0
 20
0.0
 30
0.0
  3
_CLOSEDBLANK
  1

  0
LWPOLYLINE
  5
87
330
84
100
AcDbEntity
  8
0
  6
BYBLOCK
 62
0
100
AcDbPolyline
 90
3
 70
1
 10
-1.0
 20
0.16439898372402537
 10
0.0
 20
0.0
 10
-1.0
 20
-0.16439898372402537
  0
ENDBLK
  5
86
330
84
100
AcDbEntity
  8
0
100
AcDbBlockEnd
  0
BLOCK
  5
BB
330
BA
100
AcDbEntity
  8
0
100
AcDbBlockBegin
  2
*D1
 70
1
 10
0.0
 20
0.0
 30
0.0
  3
*D1
  1

  0
LINE
  5
BD
330
BA
100
AcDbEntity
  8
0
 62
7
100
AcDbLine
 10
281.78
 20
390.0
 30
0.0
 11
322.0
 21
390.0
 31
0.0
  0
LINE
  5
BE
330
BA
100
AcDbEntity
  8
0
 62
7
100
AcDbLine
 10
281.78
 20
450.0
 30
0.0
 11
322.0
 21
450.0
 31
0.0
  0
INSERT
  5
BF
330
BA
100
AcDbEntity
  8
09_РАЗМЕРЫ
 62
7
100
AcDbBlockReference
  2
_CLOSEDFILLED
 10
320.0
 20
390.0
 30
0.0
 41
3.0
 42
3.0
 50
270.0
  0
INSERT
  5
C1
330
BA
100
AcDbEntity
  8
09_РАЗМЕРЫ
 62
7
100
AcDbBlockReference
  2
_CLOSEDFILLED
 10
320.0
 20
450.0
 30
0.0
 41
3.0
 42
3.0
 50
90.0
  0
LINE
  5
C3
330
BA
100
AcDbEntity
  8
0
 62
7
100
AcDbLine
 10
320.0
 20
393.0
 30
0.0
 11
320.0
 21
447.0
 31
0.0
  0
MTEXT
  5
C4
330
BA
100
AcDbEntity
  8
09_РАЗМЕРЫ
 62
7
100
AcDbMText
 10
317.25
 20
420.0
 30
0.0
 40
3.5
 71
5
  1
60
  7
ГОСТ
 50
90.0
  0
POINT
  5
C5
330
BA
100
AcDbEntity
  8
Defpoints
100
AcDbPoint
 10
320.0
 20
390.0
 30
0.0
  0
POINT
  5
C6
330
BA
100
AcDbEntity
  8
Defpoints
100
AcDbPoint
 10
281.78
 20
390.0
 30
0.0
  0
POINT
  5
C7
330
BA
100
AcDbEntity
  8
Defpoints
100
AcDbPoint
 10
281.78
 20
450.0
 30
0.0
  0
ENDBLK
  5
BC
330
BA
100
AcDbEntity
  8
0
100
AcDbBlockEnd
  0
BLOCK
  5
CA
330
C9
100
AcDbEntity
  8
0
100
AcDbBlockBegin
  2
*D2
 70
1
 10
0.0
 20
0.0
 30
0.0
  3
*D2
  1

  0
LINE
  5
CC
330
C9
100
AcDbEntity
  8
0
 62
7
100
AcDbLine
 10
244.78
 20
450.0
 30
0.0
 11
244.78
 21
466.0
 31
0.0
  0
LINE
  5
CD
330
C9
100
AcDbEntity
  8
0
 62
7
100
AcDbLine
 10
281.78
 20
450.0
 30
0.0
 11
281.78
 21
466.0
 31
0.0
  0
INSERT
  5
CE
330
C9
100
AcDbEntity
  8
09_РАЗМЕРЫ
 62
7
100
AcDbBlockReference
  2
_CLOSEDFILLED
 10
244.78
 20
464.0
 30
0.0
 41
3.0
 42
3.0
 50
180.0
  0
INSERT
  5
D0
330
C9
100
AcDbEntity
  8
09_РАЗМЕРЫ
 62
7
100
AcDbBlockReference
  2
_CLOSEDFILLED
 10
281.78
 20
464.0
 30
0.0
 41
3.0
 42
3.0
  0
LINE
  5
D2
330
C9
100
AcDbEntity
  8
0
 62
7
100
AcDbLine
 10
247.78
 20
464.0
 30
0.0
 11
278.78
 21
464.0
 31
0.0
  0
MTEXT
  5
D3
330
C9
100
AcDbEntity
  8
09_РАЗМЕРЫ
 62
7
100
AcDbMText
 10
263.28
 20
466.75
 30
0.0
 40
3.5
 71
5
  1
37
  7
ГОСТ
  0
POINT
  5
D4
330
C9
100
AcDbEntity
  8
Defpoints
100
AcDbPoint
 10
244.78
 20
464.0
 30
0.0
  0
POINT
  5
D5
330
C9
100
AcDbEntity
  8
Defpoints
100
AcDbPoint
 10
244.78
 20
450.0
 30
0.0
  0
POINT
  5
D6
330
C9
100
AcDbEntity
  8
Defpoints
100
AcDbPoint
 10
281.78
 20
450.0
 30
0.0
  0
ENDBLK
  5
CB
330
C9
100
AcDbEntity
  8
0
100
AcDbBlockEnd
  0
BLOCK
  5
D9
330
D8
100
AcDbEntity
  8
0
100
AcDbBlockBegin
  2
*D3
 70
1
 10
0.0
 20
0.0
 30
0.0
  3
*D3
  1

  0
LINE
  5
DB
330
D8
100
AcDbEntity
  8
0
 62
7
100
AcDbLine
 10
60.0
 20
264.0
 30
0.0
 11
43.0
 21
264.0
 31
0.0
  0
LINE
  5
DC
330
D8
100
AcDbEntity
  8
0
 62
7
100
AcDbLine
 10
60.0
 20
344.0
 30
0.0
 11
43.0
 21
344.0
 31
0.0
  0
INSERT
  5
DD
330
D8
100
AcDbEntity
  8
09_РАЗМЕРЫ
 62
7
100
AcDbBlockReference
  2
_CLOSEDFILLED
 10
45.0
 20
264.0
 30
0.0
 41
3.0
 42
3.0
 50
270.0
  0
INSERT
  5
DF
330
D8
100
AcDbEntity
  8
09_РАЗМЕРЫ
 62
7
100
AcDbBlockReference
  2
_CLOSEDFILLED
 10
45.0
 20
344.0
 30
0.0
 41
3.0
 42
3.0
 50
90.0
  0
LINE
  5
E1
330
D8
100
AcDbEntity
  8
0
 62
7
100
AcDbLine
 10
45.0
 20
267.0
 30
0.0
 11
45.0
 21
341.0
 31
0.0
  0
MTEXT
  5
E2
330
D8
100
AcDbEntity
  8
09_РАЗМЕРЫ
 62
7
100
AcDbMText
 10
42.25
 20
304.0
 30
0.0
 40
3.5
 71
5
  1
80
  7
ГОСТ
 50
90.0
  0
POINT
  5
E3
330
D8
100
AcDbEntity
  8
Defpoints
100
AcDbPoint
 10
45.0
 20
264.0
 30
0.0
  0
POINT
  5
E4
330
D8
100
AcDbEntity
  8
Defpoints
100
AcDbPoint
 10
60.0
 20
264.0
 30
0.0
  0
POINT
  5
E5
330
D8
100
AcDbEntity
  8
Defpoints
100
AcDbPoint
 10
60.0
 20
344.0
 30
0.0
  0
ENDBLK
  5
DA
330
D8
100
AcDbEntity
  8
0
100
AcDbBlockEnd
  0
BLOCK
  5
E8
330
E7
100
AcDbEntity
  8
0
100
AcDbBlockBegin
  2
*D4
 70
1
 10
0.0
 20
0.0
 30
0.0
  3
*D4
  1

  0
LINE
  5
EA
330
E7
100
AcDbEntity
  8
0
 62
7
100
AcDbLine
 10
60.0
 20
344.0
 30
0.0
 11
43.0
 21
344.0
 31
0.0
  0
LINE
  5
EB
330
E7
100
AcDbEntity
  8
0
 62
7
100
AcDbLine
 10
60.0
 20
504.0
 30
0.0
 11
43.0
 21
504.0
 31
0.0
  0
INSERT
  5
EC
330
E7
100
AcDbEntity
  8
09_РАЗМЕРЫ
 62
7
100
AcDbBlockReference
  2
_CLOSEDFILLED
 10
45.0
 20
344.0
 30
0.0
 41
3.0
 42
3.0
 50
270.0
  0
INSERT
  5
EE
330
E7
100
AcDbEntity
  8
09_РАЗМЕРЫ
 62
7
100
AcDbBlockReference
  2
_CLOSEDFILLED
 10
45.0
 20
504.0
 30
0.0
 41
3.0
 42
3.0
 50
90.0
  0
LINE
  5
F0
330
E7
100
AcDbEntity
  8
0
 62
7
100
AcDbLine
 10
45.0
 20
347.0
 30
0.0
 11
45.0
 21
501.0
 31
0.0
  0
MTEXT
  5
F1
330
E7
100
AcDbEntity
  8
09_РАЗМЕРЫ
 62
7
100
AcDbMText
 10
42.25
 20
424.0
 30
0.0
 40
3.5
 71
5
  1
160
  7
ГОСТ
 50
90.0
  0
POINT
  5
F2
330
E7
100
AcDbEntity
  8
Defpoints
100
AcDbPoint
 10
45.0
 20
344.0
 30
0.0
  0
POINT
  5
F3
330
E7
100
AcDbEntity
  8
Defpoints
100
AcDbPoint
 10
60.0
 20
344.0
 30
0.0
  0
POINT
  5
F4
330
E7
100
AcDbEntity
  8
Defpoints
100
AcDbPoint
 10
60.0
 20
504.0
 30
0.0
  0
ENDBLK
  5
E9
330
E7
100
AcDbEntity
  8
0
100
AcDbBlockEnd
  0
BLOCK
  5
11E
330
11D
100
AcDbEntity
  8
0
100
AcDbBlockBegin
  2
*D5
 70
1
 10
0.0
 20
0.0
 30
0.0
  3
*D5
  1

  0
LINE
  5
120
330
11D
100
AcDbEntity
  8
0
 62
7
100
AcDbLine
 10
517.0
 20
440.0
 30
0.0
 11
517.0
 21
454.0
 31
0.0
  0
LINE
  5
121
330
11D
100
AcDbEntity
  8
0
 62
7
100
AcDbLine
 10
543.0
 20
440.0
 30
0.0
 11
543.0
 21
454.0
 31
0.0
  0
INSERT
  5
122
330
11D
100
AcDbEntity
  8
09_РАЗМЕРЫ
 62
7
100
AcDbBlockReference
  2
_CLOSEDFILLED
 10
517.0
 20
452.0
 30
0.0
 41
3.0
 42
3.0
 50
180.0
  0
INSERT
  5
124
330
11D
100
AcDbEntity
  8
09_РАЗМЕРЫ
 62
7
100
AcDbBlockReference
  2
_CLOSEDFILLED
 10
543.0
 20
452.0
 30
0.0
 41
3.0
 42
3.0
  0
LINE
  5
126
330
11D
100
AcDbEntity
  8
0
 62
7
100
AcDbLine
 10
520.0
 20
452.0
 30
0.0
 11
540.0
 21
452.0
 31
0.0
  0
MTEXT
  5
127
330
11D
100
AcDbEntity
  8
09_РАЗМЕРЫ
 62
7
100
AcDbMText
 10
530.0
 20
454.75
 30
0.0
 40
3.5
 71
5
  1
⌀26
  7
ГОСТ
  0
POINT
  5
128
330
11D
100
AcDbEntity
  8
Defpoints
100
AcDbPoint
 10
517.0
 20
452.0
 30
0.0
  0
POINT
  5
129
330
11D
100
AcDbEntity
  8
Defpoints
100
AcDbPoint
 10
517.0
 20
440.0
 30
0.0
  0
POINT
  5
12A
330
11D
100
AcDbEntity
  8
Defpoints
100
AcDbPoint
 10
543.0
 20
440.0
 30
0.0
  0
ENDBLK
  5
11F
330
11D
100
AcDbEntity
  8
0
100
AcDbBlockEnd
  0
BLOCK
  5
12D
330
12C
100
AcDbEntity
  8
0
100
AcDbBlockBegin
  2
*D6
 70
1
 10
0.0
 20
0.0
 30
0.0
  3
*D6
  1

  0
LINE
  5
12F
330
12C
100
AcDbEntity
  8
0
 62
7
100
AcDbLine
 10
543.0
 20
420.0
 30
0.0
 11
572.0
 21
420.0
 31
0.0
  0
LINE
  5
130
330
12C
100
AcDbEntity
  8
0
 62
7
100
AcDbLine
 10
543.0
 20
440.0
 30
0.0
 11
572.0
 21
440.0
 31
0.0
  0
INSERT
  5
131
330
12C
100
AcDbEntity
  8
09_РАЗМЕРЫ
 62
7
100
AcDbBlockReference
  2
_CLOSEDFILLED
 10
570.0
 20
420.0
 30
0.0
 41
3.0
 42
3.0
 50
270.0
  0
INSERT
  5
133
330
12C
100
AcDbEntity
  8
09_РАЗМЕРЫ
 62
7
100
AcDbBlockReference
  2
_CLOSEDFILLED
 10
570.0
 20
440.0
 30
0.0
 41
3.0
 42
3.0
 50
90.0
  0
LINE
  5
135
330
12C
100
AcDbEntity
  8
0
 62
7
100
AcDbLine
 10
570.0
 20
423.0
 30
0.0
 11
570.0
 21
437.0
 31
0.0
  0
MTEXT
  5
136
330
12C
100
AcDbEntity
  8
09_РАЗМЕРЫ
 62
7
100
AcDbMText
 10
567.25
 20
430.0
 30
0.0
 40
3.5
 71
5
  1
20
  7
ГОСТ
 50
90.0
  0
POINT
  5
137
330
12C
100
AcDbEntity
  8
Defpoints
100
AcDbPoint
 10
570.0
 20
420.0
 30
0.0
  0
POINT
  5
138
330
12C
100
AcDbEntity
  8
Defpoints
100
AcDbPoint
 10
543.0
 20
420.0
 30
0.0
  0
POINT
  5
139
330
12C
100
AcDbEntity
  8
Defpoints
100
AcDbPoint
 10
543.0
 20
440.0
 30
0.0
  0
ENDBLK
  5
12E
330
12C
100
AcDbEntity
  8
0
100
AcDbBlockEnd
  0
BLOCK
  5
235
330
234
100
AcDbEntity
  8
0
100
AcDbBlockBegin
  2
*D7
 70
1
 10
0.0
 20
0.0
 30
0.0
  3
*D7
  1

  0
LINE
  5
237
330
234
100
AcDbEntity
  8
0
 62
7
100
AcDbLine
 10
255.0
 20
75.0
 30
0.0
 11
255.0
 21
59.0
 31
0.0
  0
LINE
  5
238
330
234
100
AcDbEntity
  8
0
 62
7
100
AcDbLine
 10
405.0
 20
75.0
 30
0.0
 11
405.0
 21
59.0
 31
0.0
  0
INSERT
  5
239
330
234
100
AcDbEntity
  8
09_РАЗМЕРЫ
 62
7
100
AcDbBlockReference
  2
_CLOSEDFILLED
 10
255.0
 20
61.0
 30
0.0
 41
3.0
 42
3.0
 50
180.0
  0
INSERT
  5
23B
330
234
100
AcDbEntity
  8
09_РАЗМЕРЫ
 62
7
100
AcDbBlockReference
  2
_CLOSEDFILLED
 10
405.0
 20
61.0
 30
0.0
 41
3.0
 42
3.0
  0
LINE
  5
23D
330
234
100
AcDbEntity
  8
0
 62
7
100
AcDbLine
 10
258.0
 20
61.0
 30
0.0
 11
402.0
 21
61.0
 31
0.0
  0
MTEXT
  5
23E
330
234
100
AcDbEntity
  8
09_РАЗМЕРЫ
 62
7
100
AcDbMText
 10
330.0
 20
63.75
 30
0.0
 40
3.5
 71
5
  1
600
  7
ГОСТ
  0
POINT
  5
23F
330
234
100
AcDbEntity
  8
Defpoints
100
AcDbPoint
 10
255.0
 20
61.0
 30
0.0
  0
POINT
  5
240
330
234
100
AcDbEntity
  8
Defpoints
100
AcDbPoint
 10
255.0
 20
75.0
 30
0.0
  0
POINT
  5
241
330
234
100
AcDbEntity
  8
Defpoints
100
AcDbPoint
 10
405.0
 20
75.0
 30
0.0
  0
ENDBLK
  5
236
330
234
100
AcDbEntity
  8
0
100
AcDbBlockEnd
  0
BLOCK
  5
244
330
243
100
AcDbEntity
  8
0
100
AcDbBlockBegin
  2
*D8
 70
1
 10
0.0
 20
0.0
 30
0.0
  3
*D8
  1

  0
LINE
  5
246
330
243
100
AcDbEntity
  8
0
 62
7
100
AcDbLine
 10
405.0
 20
75.0
 30
0.0
 11
421.0
 21
75.0
 31
0.0
  0
LINE
  5
247
330
243
100
AcDbEntity
  8
0
 62
7
100
AcDbLine
 10
405.0
 20
175.0
 30
0.0
 11
421.0
 21
175.0
 31
0.0
  0
INSERT
  5
248
330
243
100
AcDbEntity
  8
09_РАЗМЕРЫ
 62
7
100
AcDbBlockReference
  2
_CLOSEDFILLED
 10
419.0
 20
75.0
 30
0.0
 41
3.0
 42
3.0
 50
270.0
  0
INSERT
  5
24A
330
243
100
AcDbEntity
  8
09_РАЗМЕРЫ
 62
7
100
AcDbBlockReference
  2
_CLOSEDFILLED
 10
419.0
 20
175.0
 30
0.0
 41
3.0
 42
3.0
 50
90.0
  0
LINE
  5
24C
330
243
100
AcDbEntity
  8
0
 62
7
100
AcDbLine
 10
419.0
 20
78.0
 30
0.0
 11
419.0
 21
172.0
 31
0.0
  0
MTEXT
  5
24D
330
243
100
AcDbEntity
  8
09_РАЗМЕРЫ
 62
7
100
AcDbMText
 10
416.25
 20
125.0
 30
0.0
 40
3.5
 71
5
  1
400
  7
ГОСТ
 50
90.0
  0
POINT
  5
24E
330
243
100
AcDbEntity
  8
Defpoints
100
AcDbPoint
 10
419.0
 20
75.0
 30
0.0
  0
POINT
  5
24F
330
243
100
AcDbEntity
  8
Defpoints
100
AcDbPoint
 10
405.0
 20
75.0
 30
0.0
  0
POINT
  5
250
330
243
100
AcDbEntity
  8
Defpoints
100
AcDbPoint
 10
405.0
 20
175.0
 30
0.0
  0
ENDBLK
  5
245
330
243
100
AcDbEntity
  8
0
100
AcDbBlockEnd
  0
ENDSEC
  0
SECTION
  2
ENTITIES
  0
HATCH
  5
A2
330
17
100
AcDbEntity
  8
23_ШТРИХОВКА
 62
7
100
AcDbHatch
 10
0.0
 20
0.0
 30
0.0
210
0.0
220
0.0
230
1.0
  2
ANSI31
 70
0
 71
0
 91
1
 92
3
 72
0
 73
1
 93
379
 10
200.89273976732247
 20
347.0
 10
200.49242158244274
 20
347.0
 10
200.09210339756302
 20
347.0
 10
199.6917852126833
 20
347.0
 10
199.29146702780358
 20
347.0
 10
198.89114884292383
 20
347.0
 10
198.8330801023738
 20
347.3422494443297
 10
198.8330801023738
 20
347.7425676292094
 10
198.8330801023738
 20
348.14288581408914
 10
198.8330801023738
 20
348.54320399896886
 10
198.8330801023738
 20
348.9435221838486
 10
198.8330801023738
 20
349.3438403687283
 10
198.8330801023738
 20
349.74415855360803
 10
198.8330801023738
 20
350.14447673848775
 10
198.8330801023738
 20
350.5447949233675
 10
198.8330801023738
 20
350.9451131082472
 10
198.8330801023738
 20
351.3454312931269
 10
198.8330801023738
 20
351.7457494780067
 10
198.8330801023738
 20
352.1460676628864
 10
198.8330801023738
 20
352.54638584776615
 10
198.8330801023738
 20
352.94670403264587
 10
198.8330801023738
 20
353.3470222175256
 10
198.8330801023738
 20
353.7473404024053
 10
198.8330801023738
 20
354.14765858728504
 10
198.8330801023738
 20
354.54797677216476
 10
198.8330801023738
 20
354.9482949570445
 10
198.8330801023738
 20
355.3486131419242
 10
198.8330801023738
 20
355.7489313268039
 10
198.8330801023738
 20
356.14924951168365
 10
198.8330801023738
 20
356.5495676965634
 10
198.8330801023738
 20
356.9498858814431
 10
198.8330801023738
 20
357.3502040663228
 10
198.8330801023738
 20
357.7505222512026
 10
198.8330801023738
 20
358.1508404360823
 10
198.8330801023738
 20
358.55115862096204
 10
198.8330801023738
 20
358.95147680584176
 10
198.8330801023738
 20
359.3517949907215
 10
198.8330801023738
 20
359.7521131756012
 10
198.8330801023738
 20
360.15243136048093
 10
198.8330801023738
 20
360.55274954536065
 10
198.8330801023738
 20
360.9530677302404
 10
198.8330801023738
 20
361.3533859151201
 10
198.8330801023738
 20
361.7537040999998
 10
198.8330801023738
 20
362.15402228487955
 10
198.8330801023738
 20
362.55434046975927
 10
198.8330801023738
 20
362.954658654639
 10
198.8330801023738
 20
363.3549768395187
 10
198.8330801023738
 20
363.75529502439844
 10
198.8330801023738
 20
364.1556132092782
 10
198.8330801023738
 20
364.55593139415794
 10
198.8330801023738
 20
364.95624957903766
 10
198.8330801023738
 20
365.3565677639174
 10
198.8330801023738
 20
365.7568859487971
 10
198.8330801023738
 20
366.1572041336768
 10
198.8330801023738
 20
366.55752231855655
 10
198.8330801023738
 20
366.9578405034363
 10
198.8330801023738
 20
367.358158688316
 10
198.8330801023738
 20
367.7584768731957
 10
198.8330801023738
 20
368.15879505807544
 10
198.8330801023738
 20
368.55911324295516
 10
198.8330801023738
 20
368.9594314278349
 10
198.8330801023738
 20
369.3597496127146
 10
198.8330801023738
 20
369.76006779759433
 10
198.8330801023738
 20
370.16038598247405
 10
198.8330801023738
 20
370.56070416735383
 10
198.8330801023738
 20
370.96102235223356
 10
198.8330801023738
 20
371.3613405371133
 10
198.8330801023738
 20
371.761658721993
 10
198.8330801023738
 20
372.1619769068727
 10
198.8330801023738
 20
372.56229509175245
 10
198.8330801023738
 20
372.96261327663217
 10
198.8330801023738
 20
373.3629314615119
 10
198.8330801023738
 20
373.7632496463916
 10
198.8330801023738
 20
374.16356783127134
 10
198.8330801023738
 20
374.56388601615106
 10
198.8330801023738
 20
374.9642042010308
 10
198.8330801023738
 20
375.3645223859105
 10
198.8330801023738
 20
375.7648405707902
 10
198.8330801023738
 20
376.16515875567
 10
198.8330801023738
 20
376.56547694054973
 10
198.8330801023738
 20
376.96579512542945
 10
198.8330801023738
 20
377.3661133103092
 10
198.8330801023738
 20
377.7664314951889
 10
198.8330801023738
 20
378.1667496800686
 10
198.8330801023738
 20
378.56706786494834
 10
198.8330801023738
 20
378.96738604982806
 10
198.8330801023738
 20
379.3677042347078
 10
198.8330801023738
 20
379.7680224195875
 10
198.8330801023738
 20
380.16834060446723
 10
198.8330801023738
 20
380.56865878934696
 10
198.8330801023738
 20
380.9689769742267
 10
198.8330801023738
 20
381.3692951591064
 10
198.8330801023738
 20
381.7696133439862
 10
198.8330801023738
 20
382.16993152886585
 10
198.8330801023738
 20
382.5702497137456
 10
198.8330801023738
 20
382.9705678986253
 10
198.8330801023738
 20
383.37088608350507
 10
198.8330801023738
 20
383.7712042683848
 10
198.8330801023738
 20
384.1715224532645
 10
198.8330801023738
 20
384.57184063814424
 10
198.8330801023738
 20
384.97215882302396
 10
198.8330801023738
 20
385.3724770079037
 10
198.8330801023738
 20
385.7727951927834
 10
198.8330801023738
 20
386.1731133776631
 10
198.8330801023738
 20
386.57343156254285
 10
198.8330801023738
 20
386.9737497474226
 10
198.8330801023738
 20
387.3740679323023
 10
198.8330801023738
 20
387.774386117182
 10
198.8330801023738
 20
388.17470430206174
 10
198.8330801023738
 20
388.57502248694146
 10
198.8330801023738
 20
388.9753406718212
 10
198.8330801023738
 20
389.37565885670097
 10
198.8330801023738
 20
389.7759770415807
 10
198.8330801023738
 20
390.1762952264604
 10
198.8330801023738
 20
390.57661341134013
 10
198.8330801023738
 20
390.97693159621986
 10
198.8330801023738
 20
391.3772497810996
 10
198.8330801023738
 20
391.7775679659793
 10
198.8330801023738
 20
392.177886150859
 10
198.8330801023738
 20
392.57820433573875
 10
198.8330801023738
 20
392.97852252061847
 10
198.8330801023738
 20
393.3788407054982
 10
198.8330801023738
 20
393.7791588903779
 10
198.8330801023738
 20
394.17947707525764
 10
198.8330801023738
 20
394.5797952601374
 10
198.8330801023738
 20
394.9801134450171
 10
198.8330801023738
 20
395.38043162989686
 10
198.8330801023738
 20
395.7807498147766
 10
198.8330801023738
 20
396.1810679996563
 10
198.8330801023738
 20
396.58138618453603
 10
198.8330801023738
 20
396.98170436941575
 10
198.8330801023738
 20
397.3820225542955
 10
198.8330801023738
 20
397.7823407391752
 10
198.8330801023738
 20
398.1826589240549
 10
198.8330801023738
 20
398.58297710893464
 10
198.8330801023738
 20
398.98329529381436
 10
198.8330801023738
 20
399.3836134786941
 10
198.8330801023738
 20
399.7839316635738
 10
198.8330801023738
 20
400.18424984845353
 10
198.8330801023738
 20
400.5845680333333
 10
198.8330801023738
 20
400.984886218213
 10
198.8330801023738
 20
401.38520440309276
 10
198.8330801023738
 20
401.7855225879724
 10
198.8330801023738
 20
402.1858407728522
 10
198.8330801023738
 20
402.5861589577319
 10
198.8330801023738
 20
402.98647714261165
 10
198.8330801023738
 20
403.38679532749137
 10
198.8330801023738
 20
403.7871135123711
 10
198.8330801023738
 20
404.1874316972508
 10
198.8330801023738
 20
404.58774988213054
 10
198.8330801023738
 20
404.98806806701026
 10
198.8330801023738
 20
405.38838625189
 10
198.8330801023738
 20
405.7887044367697
 10
198.8330801023738
 20
406.1890226216494
 10
198.8330801023738
 20
406.58934080652915
 10
198.8330801023738
 20
406.9896589914089
 10
198.8330801023738
 20
407.38997717628865
 10
198.8330801023738
 20
407.7902953611683
 10
198.8330801023738
 20
408.1906135460481
 10
198.8330801023738
 20
408.5909317309278
 10
198.8330801023738
 20
408.99124991580754
 10
198.8330801023738
 20
409.39156810068727
 10
198.8330801023738
 20
409.791886285567
 10
198.8330801023738
 20
410.1922044704467
 10
198.8330801023738
 20
410.59252265532643
 10
198.8330801023738
 20
410.99284084020616
 10
198.8330801023738
 20
411.3931590250859
 10
198.8330801023738
 20
411.7934772099656
 10
198.8330801023738
 20
412.1937953948453
 10
198.8330801023738
 20
412.59411357972505
 10
198.8330801023738
 20
412.99443176460477
 10
198.8330801023738
 20
413.39474994948455
 10
198.8330801023738
 20
413.7950681343642
 10
198.8330801023738
 20
414.195386319244
 10
198.8330801023738
 20
414.59570450412366
 10
198.8330801023738
 20
414.99602268900344
 10
198.8330801023738
 20
415.39634087388316
 10
198.8330801023738
 20
415.7966590587629
 10
198.8330801023738
 20
416.1969772436426
 10
198.8330801023738
 20
416.59729542852233
 10
198.8330801023738
 20
416.99761361340205
 10
198.8330801023738
 20
417.3979317982818
 10
198.8330801023738
 20
417.7982499831615
 10
198.8330801023738
 20
418.1985681680412
 10
198.8330801023738
 20
418.59888635292094
 10
198.8330801023738
 20
418.99920453780067
 10
198.8330801023738
 20
419.39952272268044
 10
198.8330801023738
 20
419.7998409075601
 10
199.03323919481366
 20
420.0
 10
199.43355737969338
 20
420.0
 10
199.83387556457313
 20
420.0
 10
200.23419374945286
 20
420.0
 10
200.63451193433258
 20
420.0
 10
201.0348301192123
 20
420.0
 10
201.43514830409202
 20
420.0
 10
201.6933761370819
 20
419.8579096481102
 10
201.6933761370819
 20
419.4575914632304
 10
201.6933761370819
 20
419.05727327835075
 10
201.6933761370819
 20
418.65695509347097
 10
201.6933761370819
 20
418.2566369085913
 10
201.6933761370819
 20
417.8563187237115
 10
201.6933761370819
 20
417.4560005388318
 10
201.6933761370819
 20
417.0556823539521
 10
201.6933761370819
 20
416.65536416907236
 10
201.6933761370819
 20
416.25504598419263
 10
201.6933761370819
 20
415.8547277993129
 10
201.6933761370819
 20
415.4544096144332
 10
201.6933761370819
 20
415.05409142955347
 10
201.6933761370819
 20
414.65377324467374
 10
201.6933761370819
 20
414.253455059794
 10
201.6933761370819
 20
413.8531368749143
 10
201.6933761370819
 20
413.4528186900345
 10
201.6933761370819
 20
413.05250050515485
 10
201.6933761370819
 20
412.6521823202751
 10
201.6933761370819
 20
412.2518641353954
 10
201.6933761370819
 20
411.85154595051563
 10
201.6933761370819
 20
411.45122776563596
 10
201.6933761370819
 20
411.0509095807562
 10
201.6933761370819
 20
410.65059139587646
 10
201.6933761370819
 20
410.25027321099674
 10
201.6933761370819
 20
409.849955026117
 10
201.6933761370819
 20
409.4496368412373
 10
201.6933761370819
 20
409.04931865635757
 10
201.6933761370819
 20
408.64900047147785
 10
201.6933761370819
 20
408.2486822865981
 10
201.6933761370819
 20
407.8483641017184
 10
201.6933761370819
 20
407.4480459168387
 10
201.6933761370819
 20
407.04772773195896
 10
201.6933761370819
 20
406.6474095470792
 10
201.6933761370819
 20
406.2470913621995
 10
201.6933761370819
 20
405.84677317731973
 10
201.6933761370819
 20
405.44645499244007
 10
201.6933761370819
 20
405.0461368075603
 10
201.6933761370819
 20
404.6458186226806
 10
201.6933761370819
 20
404.24550043780084
 10
201.6933761370819
 20
403.8451822529211
 10
201.6933761370819
 20
403.4448640680414
 10
201.6933761370819
 20
403.0445458831617
 10
201.6933761370819
 20
402.64422769828195
 10
201.6933761370819
 20
402.24390951340223
 10
201.6933761370819
 20
401.8435913285225
 10
201.6933761370819
 20
401.4432731436428
 10
201.6933761370819
 20
401.04295495876306
 10
201.6933761370819
 20
400.64263677388334
 10
201.6933761370819
 20
400.2423185890036
 10
201.6933761370819
 20
399.84200040412384
 10
201.6933761370819
 20
399.44168221924417
 10
201.6933761370819
 20
399.0413640343644
 10
201.6933761370819
 20
398.6410458494847
 10
201.6933761370819
 20
398.24072766460495
 10
201.6933761370819
 20
397.8404094797252
 10
201.6933761370819
 20
397.4400912948455
 10
201.6933761370819
 20
397.0397731099658
 10
201.6933761370819
 20
396.63945492508606
 10
201.6933761370819
 20
396.23913674020633
 10
201.6933761370819
 20
395.8388185553266
 10
201.6933761370819
 20
395.4385003704469
 10
201.6933761370819
 20
395.03818218556717
 10
201.6933761370819
 20
394.63786400068744
 10
201.6933761370819
 20
394.2375458158077
 10
201.6933761370819
 20
393.83722763092794
 10
201.6933761370819
 20
393.4369094460483
 10
201.6933761370819
 20
393.0365912611685
 10
201.6933761370819
 20
392.63627307628883
 10
201.6933761370819
 20
392.23595489140905
 10
201.6933761370819
 20
391.8356367065293
 10
201.6933761370819
 20
391.4353185216496
 10
201.6933761370819
 20
391.0350003367699
 10
201.6933761370819
 20
390.63468215189016
 10
201.6933761370819
 20
390.23436396701044
 10
201.6933761370819
 20
389.8340457821307
 10
201.6933761370819
 20
389.433727597251
 10
201.6933761370819
 20
389.03340941237127
 10
201.6933761370819
 20
388.63309122749155
 10
201.6933761370819
 20
388.23277304261177
 10
201.6933761370819
 20
387.8324548577321
 10
201.6933761370819
 20
387.4321366728524
 10
201.6933761370819
 20
387.0318184879726
 10
201.6933761370819
 20
386.63150030309293
 10
201.6933761370819
 20
386.23118211821316
 10
201.6933761370819
 20
385.83086393333343
 10
201.6933761370819
 20
385.4305457484537
 10
201.6933761370819
 20
385.030227563574
 10
201.6933761370819
 20
384.62990937869426
 10
201.6933761370819
 20
384.22959119381454
 10
201.6933761370819
 20
383.8292730089348
 10
201.6933761370819
 20
383.4289548240551
 10
201.6933761370819
 20
383.0286366391754
 10
201.6933761370819
 20
382.62831845429565
 10
201.6933761370819
 20
382.22800026941593
 10
201.6933761370819
 20
381.8276820845362
 10
201.6933761370819
 20
381.4273638996565
 10
201.6933761370819
 20
381.02704571477676
 10
201.6933761370819
 20
380.62672752989704
 10
201.6933761370819
 20
380.22640934501726
 10
201.6933761370819
 20
379.8260911601376
 10
201.6933761370819
 20
379.4257729752578
 10
201.6933761370819
 20
379.0254547903781
 10
201.6933761370819
 20
378.62513660549837
 10
201.6933761370819
 20
378.22481842061865
 10
201.6933761370819
 20
377.8245002357389
 10
201.6933761370819
 20
377.4241820508592
 10
201.6933761370819
 20
377.0238638659795
 10
201.6933761370819
 20
376.62354568109976
 10
201.6933761370819
 20
376.22322749622003
 10
201.6933761370819
 20
375.8229093113403
 10
201.6933761370819
 20
375.42259112646053
 10
201.6933761370819
 20
375.02227294158087
 10
201.6933761370819
 20
374.62195475670114
 10
201.6933761370819
 20
374.22163657182136
 10
201.6933761370819
 20
373.8213183869417
 10
201.6933761370819
 20
373.4210002020619
 10
201.6933761370819
 20
373.0206820171822
 10
201.6933761370819
 20
372.6203638323025
 10
201.6933761370819
 20
372.22004564742275
 10
201.6933761370819
 20
371.819727462543
 10
201.6933761370819
 20
371.4194092776633
 10
201.6933761370819
 20
371.0190910927836
 10
201.6933761370819
 20
370.61877290790386
 10
201.6933761370819
 20
370.21845472302414
 10
201.6933761370819
 20
369.81813653814436
 10
201.6933761370819
 20
369.4178183532647
 10
201.6933761370819
 20
369.0175001683849
 10
201.6933761370819
 20
368.61718198350525
 10
201.6933761370819
 20
368.21686379862547
 10
201.6933761370819
 20
367.81654561374575
 10
201.6933761370819
 20
367.4162274288661
 10
201.6933761370819
 20
367.0159092439863
 10
201.6933761370819
 20
366.6155910591066
 10
201.6933761370819
 20
366.21527287422686
 10
201.6933761370819
 20
365.81495468934713
 10
201.6933761370819
 20
365.4146365044674
 10
201.6933761370819
 20
365.0143183195877
 10
201.6933761370819
 20
364.61400013470796
 10
201.6933761370819
 20
364.21368194982824
 10
201.6933761370819
 20
363.81336376494846
 10
201.6933761370819
 20
363.41304558006874
 10
201.6933761370819
 20
363.0127273951891
 10
201.6933761370819
 20
362.61240921030935
 10
201.6933761370819
 20
362.2120910254296
 10
201.6933761370819
 20
361.8117728405499
 10
201.6933761370819
 20
361.4114546556701
 10
201.6933761370819
 20
361.0111364707904
 10
201.6933761370819
 20
360.6108182859107
 10
201.6933761370819
 20
360.21050010103096
 10
201.6933761370819
 20
359.81018191615124
 10
201.6933761370819
 20
359.4098637312715
 10
201.6933761370819
 20
359.0095455463918
 10
201.6933761370819
 20
358.60922736151207
 10
201.6933761370819
 20
358.20890917663235
 10
201.6933761370819
 20
357.8085909917526
 10
201.6933761370819
 20
357.4082728068729
 10
201.6933761370819
 20
357.0079546219931
 10
201.6933761370819
 20
356.60763643711346
 10
201.6933761370819
 20
356.2073182522337
 10
201.6933761370819
 20
355.807000067354
 10
201.6933761370819
 20
355.40668188247423
 10
201.6933761370819
 20
355.0063636975945
 10
201.6933761370819
 20
354.6060455127148
 10
201.6933761370819
 20
354.20572732783506
 10
201.6933761370819
 20
353.80540914295534
 10
201.6933761370819
 20
353.4050909580756
 10
201.6933761370819
 20
353.0047727731959
 10
201.6933761370819
 20
352.6044545883162
 10
201.6933761370819
 20
352.20413640343645
 10
201.6933761370819
 20
351.8038182185567
 10
201.6933761370819
 20
351.403500033677
 10
201.6933761370819
 20
351.0031818487973
 10
201.6933761370819
 20
350.60286366391756
 10
201.6933761370819
 20
350.2025454790378
 10
201.6933761370819
 20
349.8022272941581
 10
201.6933761370819
 20
349.40190910927834
 10
201.6933761370819
 20
349.0015909243986
 10
201.6933761370819
 20
348.6012727395189
 10
201.6933761370819
 20
348.20095455463917
 10
201.6933761370819
 20
347.80063636975945
 10
201.6933761370819
 20
347.4003181848797
 10
201.6933761370819
 20
347.0
 10
201.2930579522022
 20
347.0
 97
0
 75
1
 76
1
 52
0.0
 41
0.5
 77
0
 78
1
 53
45.0
 43
0.0
 44
0.0
 45
-1.1225320152
 46
1.1225320152
 79
0
 98
0
  0
LWPOLYLINE
  5
A3
330
17
100
AcDbEntity
  8
20_ВИДИМЫЕ
100
AcDbPolyline
 90
380
 70
1
 10
200.89273976732247
 20
347.0
 10
200.49242158244274
 20
347.0
 10
200.09210339756302
 20
347.0
 10
199.6917852126833
 20
347.0
 10
199.29146702780358
 20
347.0
 10
198.89114884292383
 20
347.0
 10
198.8330801023738
 20
347.3422494443297
 10
198.8330801023738
 20
347.7425676292094
 10
198.8330801023738
 20
348.14288581408914
 10
198.8330801023738
 20
348.54320399896886
 10
198.8330801023738
 20
348.9435221838486
 10
198.8330801023738
 20
349.3438403687283
 10
198.8330801023738
 20
349.74415855360803
 10
198.8330801023738
 20
350.14447673848775
 10
198.8330801023738
 20
350.5447949233675
 10
198.8330801023738
 20
350.9451131082472
 10
198.8330801023738
 20
351.3454312931269
 10
198.8330801023738
 20
351.7457494780067
 10
198.8330801023738
 20
352.1460676628864
 10
198.8330801023738
 20
352.54638584776615
 10
198.8330801023738
 20
352.94670403264587
 10
198.8330801023738
 20
353.3470222175256
 10
198.8330801023738
 20
353.7473404024053
 10
198.8330801023738
 20
354.14765858728504
 10
198.8330801023738
 20
354.54797677216476
 10
198.8330801023738
 20
354.9482949570445
 10
198.8330801023738
 20
355.3486131419242
 10
198.8330801023738
 20
355.7489313268039
 10
198.8330801023738
 20
356.14924951168365
 10
198.8330801023738
 20
356.5495676965634
 10
198.8330801023738
 20
356.9498858814431
 10
198.8330801023738
 20
357.3502040663228
 10
198.8330801023738
 20
357.7505222512026
 10
198.8330801023738
 20
358.1508404360823
 10
198.8330801023738
 20
358.55115862096204
 10
198.8330801023738
 20
358.95147680584176
 10
198.8330801023738
 20
359.3517949907215
 10
198.8330801023738
 20
359.7521131756012
 10
198.8330801023738
 20
360.15243136048093
 10
198.8330801023738
 20
360.55274954536065
 10
198.8330801023738
 20
360.9530677302404
 10
198.8330801023738
 20
361.3533859151201
 10
198.8330801023738
 20
361.7537040999998
 10
198.8330801023738
 20
362.15402228487955
 10
198.8330801023738
 20
362.55434046975927
 10
198.8330801023738
 20
362.954658654639
 10
198.8330801023738
 20
363.3549768395187
 10
198.8330801023738
 20
363.75529502439844
 10
198.8330801023738
 20
364.1556132092782
 10
198.8330801023738
 20
364.55593139415794
 10
198.8330801023738
 20
364.95624957903766
 10
198.8330801023738
 20
365.3565677639174
 10
198.8330801023738
 20
365.7568859487971
 10
198.8330801023738
 20
366.1572041336768
 10
198.8330801023738
 20
366.55752231855655
 10
198.8330801023738
 20
366.9578405034363
 10
198.8330801023738
 20
367.358158688316
 10
198.8330801023738
 20
367.7584768731957
 10
198.8330801023738
 20
368.15879505807544
 10
198.8330801023738
 20
368.55911324295516
 10
198.8330801023738
 20
368.9594314278349
 10
198.8330801023738
 20
369.3597496127146
 10
198.8330801023738
 20
369.76006779759433
 10
198.8330801023738
 20
370.16038598247405
 10
198.8330801023738
 20
370.56070416735383
 10
198.8330801023738
 20
370.96102235223356
 10
198.8330801023738
 20
371.3613405371133
 10
198.8330801023738
 20
371.761658721993
 10
198.8330801023738
 20
372.1619769068727
 10
198.8330801023738
 20
372.56229509175245
 10
198.8330801023738
 20
372.96261327663217
 10
198.8330801023738
 20
373.3629314615119
 10
198.8330801023738
 20
373.7632496463916
 10
198.8330801023738
 20
374.16356783127134
 10
198.8330801023738
 20
374.56388601615106
 10
198.8330801023738
 20
374.9642042010308
 10
198.8330801023738
 20
375.3645223859105
 10
198.8330801023738
 20
375.7648405707902
 10
198.8330801023738
 20
376.16515875567
 10
198.8330801023738
 20
376.56547694054973
 10
198.8330801023738
 20
376.96579512542945
 10
198.8330801023738
 20
377.3661133103092
 10
198.8330801023738
 20
377.7664314951889
 10
198.8330801023738
 20
378.1667496800686
 10
198.8330801023738
 20
378.56706786494834
 10
198.8330801023738
 20
378.96738604982806
 10
198.8330801023738
 20
379.3677042347078
 10
198.8330801023738
 20
379.7680224195875
 10
198.8330801023738
 20
380.16834060446723
 10
198.8330801023738
 20
380.56865878934696
 10
198.8330801023738
 20
380.9689769742267
 10
198.8330801023738
 20
381.3692951591064
 10
198.8330801023738
 20
381.7696133439862
 10
198.8330801023738
 20
382.16993152886585
 10
198.8330801023738
 20
382.5702497137456
 10
198.8330801023738
 20
382.9705678986253
 10
198.8330801023738
 20
383.37088608350507
 10
198.8330801023738
 20
383.7712042683848
 10
198.8330801023738
 20
384.1715224532645
 10
198.8330801023738
 20
384.57184063814424
 10
198.8330801023738
 20
384.97215882302396
 10
198.8330801023738
 20
385.3724770079037
 10
198.8330801023738
 20
385.7727951927834
 10
198.8330801023738
 20
386.1731133776631
 10
198.8330801023738
 20
386.57343156254285
 10
198.8330801023738
 20
386.9737497474226
 10
198.8330801023738
 20
387.3740679323023
 10
198.8330801023738
 20
387.774386117182
 10
198.8330801023738
 20
388.17470430206174
 10
198.8330801023738
 20
388.57502248694146
 10
198.8330801023738
 20
388.9753406718212
 10
198.8330801023738
 20
389.37565885670097
 10
198.8330801023738
 20
389.7759770415807
 10
198.8330801023738
 20
390.1762952264604
 10
198.8330801023738
 20
390.57661341134013
 10
198.8330801023738
 20
390.97693159621986
 10
198.8330801023738
 20
391.3772497810996
 10
198.8330801023738
 20
391.7775679659793
 10
198.8330801023738
 20
392.177886150859
 10
198.8330801023738
 20
392.57820433573875
 10
198.8330801023738
 20
392.97852252061847
 10
198.8330801023738
 20
393.3788407054982
 10
198.8330801023738
 20
393.7791588903779
 10
198.8330801023738
 20
394.17947707525764
 10
198.8330801023738
 20
394.5797952601374
 10
198.8330801023738
 20
394.9801134450171
 10
198.8330801023738
 20
395.38043162989686
 10
198.8330801023738
 20
395.7807498147766
 10
198.8330801023738
 20
396.1810679996563
 10
198.8330801023738
 20
396.58138618453603
 10
198.8330801023738
 20
396.98170436941575
 10
198.8330801023738
 20
397.3820225542955
 10
198.8330801023738
 20
397.7823407391752
 10
198.8330801023738
 20
398.1826589240549
 10
198.8330801023738
 20
398.58297710893464
 10
198.8330801023738
 20
398.98329529381436
 10
198.8330801023738
 20
399.3836134786941
 10
198.8330801023738
 20
399.7839316635738
 10
198.8330801023738
 20
400.18424984845353
 10
198.8330801023738
 20
400.5845680333333
 10
198.8330801023738
 20
400.984886218213
 10
198.8330801023738
 20
401.38520440309276
 10
198.8330801023738
 20
401.7855225879724
 10
198.8330801023738
 20
402.1858407728522
 10
198.8330801023738
 20
402.5861589577319
 10
198.8330801023738
 20
402.98647714261165
 10
198.8330801023738
 20
403.38679532749137
 10
198.8330801023738
 20
403.7871135123711
 10
198.8330801023738
 20
404.1874316972508
 10
198.8330801023738
 20
404.58774988213054
 10
198.8330801023738
 20
404.98806806701026
 10
198.8330801023738
 20
405.38838625189
 10
198.8330801023738
 20
405.7887044367697
 10
198.8330801023738
 20
406.1890226216494
 10
198.8330801023738
 20
406.58934080652915
 10
198.8330801023738
 20
406.9896589914089
 10
198.8330801023738
 20
407.38997717628865
 10
198.8330801023738
 20
407.7902953611683
 10
198.8330801023738
 20
408.1906135460481
 10
198.8330801023738
 20
408.5909317309278
 10
198.8330801023738
 20
408.99124991580754
 10
198.8330801023738
 20
409.39156810068727
 10
198.8330801023738
 20
409.791886285567
 10
198.8330801023738
 20
410.1922044704467
 10
198.8330801023738
 20
410.59252265532643
 10
198.8330801023738
 20
410.99284084020616
 10
198.8330801023738
 20
411.3931590250859
 10
198.8330801023738
 20
411.7934772099656
 10
198.8330801023738
 20
412.1937953948453
 10
198.8330801023738
 20
412.59411357972505
 10
198.8330801023738
 20
412.99443176460477
 10
198.8330801023738
 20
413.39474994948455
 10
198.8330801023738
 20
413.7950681343642
 10
198.8330801023738
 20
414.195386319244
 10
198.8330801023738
 20
414.59570450412366
 10
198.8330801023738
 20
414.99602268900344
 10
198.8330801023738
 20
415.39634087388316
 10
198.8330801023738
 20
415.7966590587629
 10
198.8330801023738
 20
416.1969772436426
 10
198.8330801023738
 20
416.59729542852233
 10
198.8330801023738
 20
416.99761361340205
 10
198.8330801023738
 20
417.3979317982818
 10
198.8330801023738
 20
417.7982499831615
 10
198.8330801023738
 20
418.1985681680412
 10
198.8330801023738
 20
418.59888635292094
 10
198.8330801023738
 20
418.99920453780067
 10
198.8330801023738
 20
419.39952272268044
 10
198.8330801023738
 20
419.7998409075601
 10
199.03323919481366
 20
420.0
 10
199.43355737969338
 20
420.0
 10
199.83387556457313
 20
420.0
 10
200.23419374945286
 20
420.0
 10
200.63451193433258
 20
420.0
 10
201.0348301192123
 20
420.0
 10
201.43514830409202
 20
420.0
 10
201.6933761370819
 20
419.8579096481102
 10
201.6933761370819
 20
419.4575914632304
 10
201.6933761370819
 20
419.05727327835075
 10
201.6933761370819
 20
418.65695509347097
 10
201.6933761370819
 20
418.2566369085913
 10
201.6933761370819
 20
417.8563187237115
 10
201.6933761370819
 20
417.4560005388318
 10
201.6933761370819
 20
417.0556823539521
 10
201.6933761370819
 20
416.65536416907236
 10
201.6933761370819
 20
416.25504598419263
 10
201.6933761370819
 20
415.8547277993129
 10
201.6933761370819
 20
415.4544096144332
 10
201.6933761370819
 20
415.05409142955347
 10
201.6933761370819
 20
414.65377324467374
 10
201.6933761370819
 20
414.253455059794
 10
201.6933761370819
 20
413.8531368749143
 10
201.6933761370819
 20
413.4528186900345
 10
201.6933761370819
 20
413.05250050515485
 10
201.6933761370819
 20
412.6521823202751
 10
201.6933761370819
 20
412.2518641353954
 10
201.6933761370819
 20
411.85154595051563
 10
201.6933761370819
 20
411.45122776563596
 10
201.6933761370819
 20
411.0509095807562
 10
201.6933761370819
 20
410.65059139587646
 10
201.6933761370819
 20
410.25027321099674
 10
201.6933761370819
 20
409.849955026117
 10
201.6933761370819
 20
409.4496368412373
 10
201.6933761370819
 20
409.04931865635757
 10
201.6933761370819
 20
408.64900047147785
 10
201.6933761370819
 20
408.2486822865981
 10
201.6933761370819
 20
407.8483641017184
 10
201.6933761370819
 20
407.4480459168387
 10
201.6933761370819
 20
407.04772773195896
 10
201.6933761370819
 20
406.6474095470792
 10
201.6933761370819
 20
406.2470913621995
 10
201.6933761370819
 20
405.84677317731973
 10
201.6933761370819
 20
405.44645499244007
 10
201.6933761370819
 20
405.0461368075603
 10
201.6933761370819
 20
404.6458186226806
 10
201.6933761370819
 20
404.24550043780084
 10
201.6933761370819
 20
403.8451822529211
 10
201.6933761370819
 20
403.4448640680414
 10
201.6933761370819
 20
403.0445458831617
 10
201.6933761370819
 20
402.64422769828195
 10
201.6933761370819
 20
402.24390951340223
 10
201.6933761370819
 20
401.8435913285225
 10
201.6933761370819
 20
401.4432731436428
 10
201.6933761370819
 20
401.04295495876306
 10
201.6933761370819
 20
400.64263677388334
 10
201.6933761370819
 20
400.2423185890036
 10
201.6933761370819
 20
399.84200040412384
 10
201.6933761370819
 20
399.44168221924417
 10
201.6933761370819
 20
399.0413640343644
 10
201.6933761370819
 20
398.6410458494847
 10
201.6933761370819
 20
398.24072766460495
 10
201.6933761370819
 20
397.8404094797252
 10
201.6933761370819
 20
397.4400912948455
 10
201.6933761370819
 20
397.0397731099658
 10
201.6933761370819
 20
396.63945492508606
 10
201.6933761370819
 20
396.23913674020633
 10
201.6933761370819
 20
395.8388185553266
 10
201.6933761370819
 20
395.4385003704469
 10
201.6933761370819
 20
395.03818218556717
 10
201.6933761370819
 20
394.63786400068744
 10
201.6933761370819
 20
394.2375458158077
 10
201.6933761370819
 20
393.83722763092794
 10
201.6933761370819
 20
393.4369094460483
 10
201.6933761370819
 20
393.0365912611685
 10
201.6933761370819
 20
392.63627307628883
 10
201.6933761370819
 20
392.23595489140905
 10
201.6933761370819
 20
391.8356367065293
 10
201.6933761370819
 20
391.4353185216496
 10
201.6933761370819
 20
391.0350003367699
 10
201.6933761370819
 20
390.63468215189016
 10
201.6933761370819
 20
390.23436396701044
 10
201.6933761370819
 20
389.8340457821307
 10
201.6933761370819
 20
389.433727597251
 10
201.6933761370819
 20
389.03340941237127
 10
201.6933761370819
 20
388.63309122749155
 10
201.6933761370819
 20
388.23277304261177
 10
201.6933761370819
 20
387.8324548577321
 10
201.6933761370819
 20
387.4321366728524
 10
201.6933761370819
 20
387.0318184879726
 10
201.6933761370819
 20
386.63150030309293
 10
201.6933761370819
 20
386.23118211821316
 10
201.6933761370819
 20
385.83086393333343
 10
201.6933761370819
 20
385.4305457484537
 10
201.6933761370819
 20
385.030227563574
 10
201.6933761370819
 20
384.62990937869426
 10
201.6933761370819
 20
384.22959119381454
 10
201.6933761370819
 20
383.8292730089348
 10
201.6933761370819
 20
383.4289548240551
 10
201.6933761370819
 20
383.0286366391754
 10
201.6933761370819
 20
382.62831845429565
 10
201.6933761370819
 20
382.22800026941593
 10
201.6933761370819
 20
381.8276820845362
 10
201.6933761370819
 20
381.4273638996565
 10
201.6933761370819
 20
381.02704571477676
 10
201.6933761370819
 20
380.62672752989704
 10
201.6933761370819
 20
380.22640934501726
 10
201.6933761370819
 20
379.8260911601376
 10
201.6933761370819
 20
379.4257729752578
 10
201.6933761370819
 20
379.0254547903781
 10
201.6933761370819
 20
378.62513660549837
 10
201.6933761370819
 20
378.22481842061865
 10
201.6933761370819
 20
377.8245002357389
 10
201.6933761370819
 20
377.4241820508592
 10
201.6933761370819
 20
377.0238638659795
 10
201.6933761370819
 20
376.62354568109976
 10
201.6933761370819
 20
376.22322749622003
 10
201.6933761370819
 20
375.8229093113403
 10
201.6933761370819
 20
375.42259112646053
 10
201.6933761370819
 20
375.02227294158087
 10
201.6933761370819
 20
374.62195475670114
 10
201.6933761370819
 20
374.22163657182136
 10
201.6933761370819
 20
373.8213183869417
 10
201.6933761370819
 20
373.4210002020619
 10
201.6933761370819
 20
373.0206820171822
 10
201.6933761370819
 20
372.6203638323025
 10
201.6933761370819
 20
372.22004564742275
 10
201.6933761370819
 20
371.819727462543
 10
201.6933761370819
 20
371.4194092776633
 10
201.6933761370819
 20
371.0190910927836
 10
201.6933761370819
 20
370.61877290790386
 10
201.6933761370819
 20
370.21845472302414
 10
201.6933761370819
 20
369.81813653814436
 10
201.6933761370819
 20
369.4178183532647
 10
201.6933761370819
 20
369.0175001683849
 10
201.6933761370819
 20
368.61718198350525
 10
201.6933761370819
 20
368.21686379862547
 10
201.6933761370819
 20
367.81654561374575
 10
201.6933761370819
 20
367.4162274288661
 10
201.6933761370819
 20
367.0159092439863
 10
201.6933761370819
 20
366.6155910591066
 10
201.6933761370819
 20
366.21527287422686
 10
201.6933761370819
 20
365.81495468934713
 10
201.6933761370819
 20
365.4146365044674
 10
201.6933761370819
 20
365.0143183195877
 10
201.6933761370819
 20
364.61400013470796
 10
201.6933761370819
 20
364.21368194982824
 10
201.6933761370819
 20
363.81336376494846
 10
201.6933761370819
 20
363.41304558006874
 10
201.6933761370819
 20
363.0127273951891
 10
201.6933761370819
 20
362.61240921030935
 10
201.6933761370819
 20
362.2120910254296
 10
201.6933761370819
 20
361.8117728405499
 10
201.6933761370819
 20
361.4114546556701
 10
201.6933761370819
 20
361.0111364707904
 10
201.6933761370819
 20
360.6108182859107
 10
201.6933761370819
 20
360.21050010103096
 10
201.6933761370819
 20
359.81018191615124
 10
201.6933761370819
 20
359.4098637312715
 10
201.6933761370819
 20
359.0095455463918
 10
201.6933761370819
 20
358.60922736151207
 10
201.6933761370819
 20
358.20890917663235
 10
201.6933761370819
 20
357.8085909917526
 10
201.6933761370819
 20
357.4082728068729
 10
201.6933761370819
 20
357.0079546219931
 10
201.6933761370819
 20
356.60763643711346
 10
201.6933761370819
 20
356.2073182522337
 10
201.6933761370819
 20
355.807000067354
 10
201.6933761370819
 20
355.40668188247423
 10
201.6933761370819
 20
355.0063636975945
 10
201.6933761370819
 20
354.6060455127148
 10
201.6933761370819
 20
354.20572732783506
 10
201.6933761370819
 20
353.80540914295534
 10
201.6933761370819
 20
353.4050909580756
 10
201.6933761370819
 20
353.0047727731959
 10
201.6933761370819
 20
352.6044545883162
 10
201.6933761370819
 20
352.20413640343645
 10
201.6933761370819
 20
351.8038182185567
 10
201.6933761370819
 20
351.403500033677
 10
201.6933761370819
 20
351.0031818487973
 10
201.6933761370819
 20
350.60286366391756
 10
201.6933761370819
 20
350.2025454790378
 10
201.6933761370819
 20
349.8022272941581
 10
201.6933761370819
 20
349.40190910927834
 10
201.6933761370819
 20
349.0015909243986
 10
201.6933761370819
 20
348.6012727395189
 10
201.6933761370819
 20
348.20095455463917
 10
201.6933761370819
 20
347.80063636975945
 10
201.6933761370819
 20
347.4003181848797
 10
201.6933761370819
 20
347.0
 10
201.2930579522022
 20
347.0
 10
200.89273976732247
 20
347.0
  0
HATCH
  5
A4
330
17
100
AcDbEntity
  8
23_ШТРИХОВКА
 62
7
100
AcDbHatch
 10
0.0
 20
0.0
 30
0.0
210
0.0
220
0.0
230
1.0
  2
ANSI31
 70
0
 71
0
 91
1
 92
3
 72
0
 73
1
 93
379
 10
221.1669198976262
 20
419.19936363024055
 10
221.1669198976262
 20
418.79904544536083
 10
221.1669198976262
 20
418.3987272604811
 10
221.1669198976262
 20
417.9984090756014
 10
221.1669198976262
 20
417.59809089072166
 10
221.1669198976262
 20
417.1977727058419
 10
221.1669198976262
 20
416.7974545209622
 10
221.1669198976262
 20
416.39713633608244
 10
221.1669198976262
 20
415.9968181512027
 10
221.1669198976262
 20
415.596499966323
 10
221.1669198976262
 20
415.1961817814433
 10
221.1669198976262
 20
414.79586359656355
 10
221.1669198976262
 20
414.3955454116838
 10
221.1669198976262
 20
413.9952272268041
 10
221.1669198976262
 20
413.5949090419244
 10
221.1669198976262
 20
413.19459085704466
 10
221.1669198976262
 20
412.79427267216494
 10
221.1669198976262
 20
412.3939544872852
 10
221.1669198976262
 20
411.9936363024055
 10
221.1669198976262
 20
411.59331811752577
 10
221.1669198976262
 20
411.192999932646
 10
221.1669198976262
 20
410.7926817477663
 10
221.1669198976262
 20
410.39236356288654
 10
221.1669198976262
 20
409.9920453780068
 10
221.1669198976262
 20
409.5917271931271
 10
221.1669198976262
 20
409.1914090082474
 10
221.1669198976262
 20
408.79109082336765
 10
221.1669198976262
 20
408.39077263848793
 10
221.1669198976262
 20
407.9904544536082
 10
221.1669198976262
 20
407.5901362687285
 10
221.1669198976262
 20
407.18981808384876
 10
221.1669198976262
 20
406.78949989896904
 10
221.1669198976262
 20
406.3891817140893
 10
221.1669198976262
 20
405.9888635292096
 10
221.1669198976262
 20
405.5885453443299
 10
221.1669198976262
 20
405.18822715945015
 10
221.1669198976262
 20
404.78790897457037
 10
221.1669198976262
 20
404.38759078969065
 10
221.1669198976262
 20
403.9872726048109
 10
221.1669198976262
 20
403.5869544199312
 10
221.1669198976262
 20
403.1866362350515
 10
221.1669198976262
 20
402.78631805017176
 10
221.1669198976262
 20
402.38599986529204
 10
221.1669198976262
 20
401.9856816804123
 10
221.1669198976262
 20
401.5853634955326
 10
221.1669198976262
 20
401.18504531065287
 10
221.1669198976262
 20
400.78472712577314
 10
221.1669198976262
 20
400.3844089408934
 10
221.1669198976262
 20
399.9840907560137
 10
221.1669198976262
 20
399.583772571134
 10
221.1669198976262
 20
399.1834543862542
 10
221.1669198976262
 20
398.78313620137453
 10
221.1669198976262
 20
398.38281801649475
 10
221.1669198976262
 20
397.98249983161503
 10
221.1669198976262
 20
397.5821816467353
 10
221.1669198976262
 20
397.1818634618556
 10
221.1669198976262
 20
396.78154527697586
 10
221.1669198976262
 20
396.38122709209614
 10
221.1669198976262
 20
395.9809089072164
 10
221.1669198976262
 20
395.5805907223367
 10
221.1669198976262
 20
395.180272537457
 10
221.1669198976262
 20
394.77995435257725
 10
221.1669198976262
 20
394.3796361676975
 10
221.1669198976262
 20
393.9793179828178
 10
221.1669198976262
 20
393.5789997979381
 10
221.1669198976262
 20
393.17868161305836
 10
221.1669198976262
 20
392.77836342817864
 10
221.1669198976262
 20
392.37804524329886
 10
221.1669198976262
 20
391.9777270584192
 10
221.1669198976262
 20
391.5774088735394
 10
221.1669198976262
 20
391.1770906886597
 10
221.1669198976262
 20
390.77677250377997
 10
221.1669198976262
 20
390.37645431890024
 10
221.1669198976262
 20
389.9761361340205
 10
221.1669198976262
 20
389.5758179491408
 10
221.1669198976262
 20
389.1754997642611
 10
221.1669198976262
 20
388.77518157938135
 10
221.1669198976262
 20
388.37486339450163
 10
221.1669198976262
 20
387.9745452096219
 10
221.1669198976262
 20
387.5742270247422
 10
221.1669198976262
 20
387.1739088398624
 10
221.1669198976262
 20
386.77359065498274
 10
221.1669198976262
 20
386.37327247010296
 10
221.1669198976262
 20
385.97295428522324
 10
221.1669198976262
 20
385.5726361003435
 10
221.1669198976262
 20
385.1723179154638
 10
221.1669198976262
 20
384.77199973058407
 10
221.1669198976262
 20
384.37168154570435
 10
221.1669198976262
 20
383.9713633608246
 10
221.1669198976262
 20
383.5710451759449
 10
221.1669198976262
 20
383.1707269910652
 10
221.1669198976262
 20
382.77040880618546
 10
221.1669198976262
 20
382.37009062130574
 10
221.1669198976262
 20
381.969772436426
 10
221.1669198976262
 20
381.5694542515463
 10
221.1669198976262
 20
381.16913606666657
 10
221.1669198976262
 20
380.76881788178684
 10
221.1669198976262
 20
380.36849969690707
 10
221.1669198976262
 20
379.9681815120274
 10
221.1669198976262
 20
379.5678633271476
 10
221.1669198976262
 20
379.1675451422679
 10
221.1669198976262
 20
378.7672269573882
 10
221.1669198976262
 20
378.36690877250845
 10
221.1669198976262
 20
377.96659058762873
 10
221.1669198976262
 20
377.566272402749
 10
221.1669198976262
 20
377.1659542178693
 10
221.1669198976262
 20
376.76563603298956
 10
221.1669198976262
 20
376.36531784810984
 10
221.1669198976262
 20
375.9649996632301
 10
221.1669198976262
 20
375.5646814783504
 10
221.1669198976262
 20
375.1643632934707
 10
221.1669198976262
 20
374.76404510859095
 10
221.1669198976262
 20
374.36372692371117
 10
221.1669198976262
 20
373.96340873883145
 10
221.1669198976262
 20
373.5630905539517
 10
221.1669198976262
 20
373.162772369072
 10
221.1669198976262
 20
372.7624541841923
 10
221.1669198976262
 20
372.36213599931256
 10
221.1669198976262
 20
371.96181781443283
 10
221.1669198976262
 20
371.5614996295531
 10
221.1669198976262
 20
371.1611814446734
 10
221.1669198976262
 20
370.76086325979367
 10
221.1669198976262
 20
370.36054507491394
 10
221.1669198976262
 20
369.9602268900342
 10
221.1669198976262
 20
369.5599087051545
 10
221.1669198976262
 20
369.1595905202748
 10
221.1669198976262
 20
368.75927233539505
 10
221.1669198976262
 20
368.3589541505153
 10
221.1669198976262
 20
367.95863596563555
 10
221.1669198976262
 20
367.55831778075583
 10
221.1669198976262
 20
367.1579995958761
 10
221.1669198976262
 20
366.7576814109964
 10
221.1669198976262
 20
366.35736322611666
 10
221.1669198976262
 20
365.95704504123694
 10
221.1669198976262
 20
365.5567268563572
 10
221.1669198976262
 20
365.1564086714775
 10
221.1669198976262
 20
364.75609048659777
 10
221.1669198976262
 20
364.35577230171805
 10
221.1669198976262
 20
363.9554541168383
 10
221.1669198976262
 20
363.5551359319586
 10
221.1669198976262
 20
363.1548177470789
 10
221.1669198976262
 20
362.75449956219916
 10
221.1669198976262
 20
362.35418137731943
 10
221.1669198976262
 20
361.95386319243966
 10
221.1669198976262
 20
361.55354500755993
 10
221.1669198976262
 20
361.1532268226802
 10
221.1669198976262
 20
360.7529086378005
 10
221.1669198976262
 20
360.35259045292077
 10
221.1669198976262
 20
359.95227226804104
 10
221.1669198976262
 20
359.5519540831613
 10
221.1669198976262
 20
359.1516358982816
 10
221.1669198976262
 20
358.7513177134019
 10
221.1669198976262
 20
358.35099952852215
 10
221.1669198976262
 20
357.95068134364243
 10
221.1669198976262
 20
357.5503631587627
 10
221.1669198976262
 20
357.150044973883
 10
221.1669198976262
 20
356.74972678900326
 10
221.1669198976262
 20
356.34940860412354
 10
221.1669198976262
 20
355.9490904192438
 10
221.1669198976262
 20
355.54877223436404
 10
221.1669198976262
 20
355.14845404948437
 10
221.1669198976262
 20
354.7481358646046
 10
221.1669198976262
 20
354.34781767972487
 10
221.1669198976262
 20
353.94749949484515
 10
221.1669198976262
 20
353.5471813099654
 10
221.1669198976262
 20
353.1468631250857
 10
221.1669198976262
 20
352.746544940206
 10
221.1669198976262
 20
352.34622675532626
 10
221.1669198976262
 20
351.94590857044653
 10
221.1669198976262
 20
351.5455903855668
 10
221.1669198976262
 20
351.14527220068703
 10
221.1669198976262
 20
350.74495401580737
 10
221.1669198976262
 20
350.3446358309276
 10
221.1669198976262
 20
349.9443176460479
 10
221.1669198976262
 20
349.54399946116814
 10
221.1669198976262
 20
349.1436812762885
 10
221.1669198976262
 20
348.7433630914087
 10
221.1669198976262
 20
348.343044906529
 10
221.1669198976262
 20
347.94272672164925
 10
221.1669198976262
 20
347.5424085367695
 10
221.1669198976262
 20
347.1420903518898
 10
220.90869206463628
 20
347.0
 10
220.50837387975656
 20
347.0
 10
220.10805569487684
 20
347.0
 10
219.70773750999712
 20
347.0
 10
219.30741932511737
 20
347.0
 10
218.90710114023764
 20
347.0
 10
218.50678295535792
 20
347.0
 10
218.3066238629181
 20
347.2001590924399
 10
218.3066238629181
 20
347.6004772773196
 10
218.3066238629181
 20
348.00079546219933
 10
218.3066238629181
 20
348.40111364707906
 10
218.3066238629181
 20
348.8014318319588
 10
218.3066238629181
 20
349.2017500168385
 10
218.3066238629181
 20
349.6020682017182
 10
218.3066238629181
 20
350.00238638659795
 10
218.3066238629181
 20
350.40270457147767
 10
218.3066238629181
 20
350.8030227563574
 10
218.3066238629181
 20
351.2033409412371
 10
218.3066238629181
 20
351.6036591261169
 10
218.3066238629181
 20
352.00397731099656
 10
218.3066238629181
 20
352.40429549587634
 10
218.3066238629181
 20
352.80461368075606
 10
218.3066238629181
 20
353.2049318656358
 10
218.3066238629181
 20
353.6052500505155
 10
218.3066238629181
 20
354.00556823539523
 10
218.3066238629181
 20
354.40588642027495
 10
218.3066238629181
 20
354.8062046051547
 10
218.3066238629181
 20
355.2065227900344
 10
218.3066238629181
 20
355.6068409749141
 10
218.3066238629181
 20
356.00715915979384
 10
218.3066238629181
 20
356.40747734467357
 10
218.3066238629181
 20
356.8077955295533
 10
218.3066238629181
 20
357.208113714433
 10
218.3066238629181
 20
357.6084318993128
 10
218.3066238629181
 20
358.00875008419246
 10
218.3066238629181
 20
358.40906826907224
 10
218.3066238629181
 20
358.80938645395196
 10
218.3066238629181
 20
359.2097046388317
 10
218.3066238629181
 20
359.6100228237114
 10
218.3066238629181
 20
360.0103410085911
 10
218.3066238629181
 20
360.41065919347085
 10
218.3066238629181
 20
360.8109773783506
 10
218.3066238629181
 20
361.2112955632303
 10
218.3066238629181
 20
361.61161374811
 10
218.3066238629181
 20
362.01193193298974
 10
218.3066238629181
 20
362.41225011786946
 10
218.3066238629181
 20
362.8125683027492
 10
218.3066238629181
 20
363.2128864876289
 10
218.3066238629181
 20
363.6132046725087
 10
218.3066238629181
 20
364.01352285738835
 10
218.3066238629181
 20
364.41384104226813
 10
218.3066238629181
 20
364.81415922714785
 10
218.3066238629181
 20
365.2144774120276
 10
218.3066238629181
 20
365.6147955969073
 10
218.3066238629181
 20
366.015113781787
 10
218.3066238629181
 20
366.41543196666674
 10
218.3066238629181
 20
366.81575015154647
 10
218.3066238629181
 20
367.2160683364262
 10
218.3066238629181
 20
367.6163865213059
 10
218.3066238629181
 20
368.01670470618564
 10
218.3066238629181
 20
368.4170228910654
 10
218.3066238629181
 20
368.8173410759451
 10
218.3066238629181
 20
369.2176592608248
 10
218.3066238629181
 20
369.6179774457046
 10
218.3066238629181
 20
370.01829563058425
 10
218.3066238629181
 20
370.418613815464
 10
218.3066238629181
 20
370.81893200034375
 10
218.3066238629181
 20
371.2192501852235
 10
218.3066238629181
 20
371.6195683701032
 10
218.3066238629181
 20
372.0198865549829
 10
218.3066238629181
 20
372.42020473986264
 10
218.3066238629181
 20
372.82052292474236
 10
218.3066238629181
 20
373.2208411096221
 10
218.3066238629181
 20
373.6211592945018
 10
218.3066238629181
 20
374.02147747938153
 10
218.3066238629181
 20
374.42179566426125
 10
218.3066238629181
 20
374.822113849141
 10
218.3066238629181
 20
375.2224320340207
 10
218.3066238629181
 20
375.6227502189005
 10
218.3066238629181
 20
376.0230684037802
 10
218.3066238629181
 20
376.4233865886599
 10
218.3066238629181
 20
376.82370477353965
 10
218.3066238629181
 20
377.22402295841937
 10
218.3066238629181
 20
377.6243411432991
 10
218.3066238629181
 20
378.0246593281788
 10
218.3066238629181
 20
378.42497751305854
 10
218.3066238629181
 20
378.82529569793826
 10
218.3066238629181
 20
379.225613882818
 10
218.3066238629181
 20
379.6259320676977
 10
218.3066238629181
 20
380.0262502525774
 10
218.3066238629181
 20
380.42656843745715
 10
218.3066238629181
 20
380.8268866223369
 10
218.3066238629181
 20
381.2272048072166
 10
218.3066238629181
 20
381.6275229920964
 10
218.3066238629181
 20
382.02784117697604
 10
218.3066238629181
 20
382.4281593618558
 10
218.3066238629181
 20
382.82847754673554
 10
218.3066238629181
 20
383.22879573161526
 10
218.3066238629181
 20
383.629113916495
 10
218.3066238629181
 20
384.0294321013747
 10
218.3066238629181
 20
384.42975028625443
 10
218.3066238629181
 20
384.83006847113415
 10
218.3066238629181
 20
385.2303866560139
 10
218.3066238629181
 20
385.6307048408936
 10
218.3066238629181
 20
386.0310230257733
 10
218.3066238629181
 20
386.43134121065304
 10
218.3066238629181
 20
386.83165939553277
 10
218.3066238629181
 20
387.2319775804125
 10
218.3066238629181
 20
387.6322957652922
 10
218.3066238629181
 20
388.03261395017194
 10
218.3066238629181
 20
388.4329321350517
 10
218.3066238629181
 20
388.8332503199314
 10
218.3066238629181
 20
389.23356850481116
 10
218.3066238629181
 20
389.6338866896909
 10
218.3066238629181
 20
390.0342048745706
 10
218.3066238629181
 20
390.4345230594503
 10
218.3066238629181
 20
390.83484124433005
 10
218.3066238629181
 20
391.2351594292098
 10
218.3066238629181
 20
391.6354776140895
 10
218.3066238629181
 20
392.0357957989692
 10
218.3066238629181
 20
392.43611398384894
 10
218.3066238629181
 20
392.83643216872866
 10
218.3066238629181
 20
393.2367503536084
 10
218.3066238629181
 20
393.6370685384881
 10
218.3066238629181
 20
394.03738672336783
 10
218.3066238629181
 20
394.4377049082476
 10
218.3066238629181
 20
394.8380230931273
 10
218.3066238629181
 20
395.23834127800706
 10
218.3066238629181
 20
395.6386594628868
 10
218.3066238629181
 20
396.0389776477665
 10
218.3066238629181
 20
396.4392958326462
 10
218.3066238629181
 20
396.83961401752595
 10
218.3066238629181
 20
397.23993220240567
 10
218.3066238629181
 20
397.6402503872854
 10
218.3066238629181
 20
398.0405685721651
 10
218.3066238629181
 20
398.44088675704484
 10
218.3066238629181
 20
398.84120494192456
 10
218.3066238629181
 20
399.2415231268043
 10
218.3066238629181
 20
399.641841311684
 10
218.3066238629181
 20
400.0421594965637
 10
218.3066238629181
 20
400.4424776814435
 10
218.3066238629181
 20
400.8427958663232
 10
218.3066238629181
 20
401.24311405120295
 10
218.3066238629181
 20
401.6434322360827
 10
218.3066238629181
 20
402.0437504209624
 10
218.3066238629181
 20
402.4440686058421
 10
218.3066238629181
 20
402.84438679072184
 10
218.3066238629181
 20
403.24470497560156
 10
218.3066238629181
 20
403.6450231604813
 10
218.3066238629181
 20
404.045341345361
 10
218.3066238629181
 20
404.44565953024073
 10
218.3066238629181
 20
404.84597771512045
 10
218.3066238629181
 20
405.2462959000002
 10
218.3066238629181
 20
405.6466140848799
 10
218.3066238629181
 20
406.0469322697596
 10
218.3066238629181
 20
406.4472504546394
 10
218.3066238629181
 20
406.84756863951907
 10
218.3066238629181
 20
407.24788682439885
 10
218.3066238629181
 20
407.64820500927857
 10
218.3066238629181
 20
408.0485231941583
 10
218.3066238629181
 20
408.448841379038
 10
218.3066238629181
 20
408.84915956391774
 10
218.3066238629181
 20
409.24947774879746
 10
218.3066238629181
 20
409.6497959336772
 10
218.3066238629181
 20
410.0501141185569
 10
218.3066238629181
 20
410.4504323034366
 10
218.3066238629181
 20
410.85075048831635
 10
218.3066238629181
 20
411.2510686731961
 10
218.3066238629181
 20
411.6513868580758
 10
218.3066238629181
 20
412.0517050429555
 10
218.3066238629181
 20
412.4520232278353
 10
218.3066238629181
 20
412.85234141271496
 10
218.3066238629181
 20
413.25265959759474
 10
218.3066238629181
 20
413.65297778247447
 10
218.3066238629181
 20
414.0532959673542
 10
218.3066238629181
 20
414.4536141522339
 10
218.3066238629181
 20
414.85393233711363
 10
218.3066238629181
 20
415.25425052199336
 10
218.3066238629181
 20
415.6545687068731
 10
218.3066238629181
 20
416.0548868917528
 10
218.3066238629181
 20
416.4552050766325
 10
218.3066238629181
 20
416.85552326151225
 10
218.3066238629181
 20
417.25584144639197
 10
218.3066238629181
 20
417.6561596312717
 10
218.3066238629181
 20
418.0564778161514
 10
218.3066238629181
 20
418.4567960010312
 10
218.3066238629181
 20
418.85711418591086
 10
218.3066238629181
 20
419.25743237079064
 10
218.3066238629181
 20
419.65775055567036
 10
218.36469260346814
 20
420.0
 10
218.76501078834787
 20
420.0
 10
219.16532897322762
 20
420.0
 10
219.5656471581073
 20
420.0
 10
219.96596534298706
 20
420.0
 10
220.36628352786678
 20
420.0
 10
220.7666017127465
 20
420.0
 10
221.1669198976262
 20
420.0
 10
221.1669198976262
 20
419.5996818151203
 97
0
 75
1
 76
1
 52
0.0
 41
0.5
 77
0
 78
1
 53
45.0
 43
0.0
 44
0.0
 45
-1.1225320152
 46
1.1225320152
 79
0
 98
0
  0
LWPOLYLINE
  5
A5
330
17
100
AcDbEntity
  8
20_ВИДИМЫЕ
100
AcDbPolyline
 90
380
 70
1
 10
221.1669198976262
 20
419.19936363024055
 10
221.1669198976262
 20
418.79904544536083
 10
221.1669198976262
 20
418.3987272604811
 10
221.1669198976262
 20
417.9984090756014
 10
221.1669198976262
 20
417.59809089072166
 10
221.1669198976262
 20
417.1977727058419
 10
221.1669198976262
 20
416.7974545209622
 10
221.1669198976262
 20
416.39713633608244
 10
221.1669198976262
 20
415.9968181512027
 10
221.1669198976262
 20
415.596499966323
 10
221.1669198976262
 20
415.1961817814433
 10
221.1669198976262
 20
414.79586359656355
 10
221.1669198976262
 20
414.3955454116838
 10
221.1669198976262
 20
413.9952272268041
 10
221.1669198976262
 20
413.5949090419244
 10
221.1669198976262
 20
413.19459085704466
 10
221.1669198976262
 20
412.79427267216494
 10
221.1669198976262
 20
412.3939544872852
 10
221.1669198976262
 20
411.9936363024055
 10
221.1669198976262
 20
411.59331811752577
 10
221.1669198976262
 20
411.192999932646
 10
221.1669198976262
 20
410.7926817477663
 10
221.1669198976262
 20
410.39236356288654
 10
221.1669198976262
 20
409.9920453780068
 10
221.1669198976262
 20
409.5917271931271
 10
221.1669198976262
 20
409.1914090082474
 10
221.1669198976262
 20
408.79109082336765
 10
221.1669198976262
 20
408.39077263848793
 10
221.1669198976262
 20
407.9904544536082
 10
221.1669198976262
 20
407.5901362687285
 10
221.1669198976262
 20
407.18981808384876
 10
221.1669198976262
 20
406.78949989896904
 10
221.1669198976262
 20
406.3891817140893
 10
221.1669198976262
 20
405.9888635292096
 10
221.1669198976262
 20
405.5885453443299
 10
221.1669198976262
 20
405.18822715945015
 10
221.1669198976262
 20
404.78790897457037
 10
221.1669198976262
 20
404.38759078969065
 10
221.1669198976262
 20
403.9872726048109
 10
221.1669198976262
 20
403.5869544199312
 10
221.1669198976262
 20
403.1866362350515
 10
221.1669198976262
 20
402.78631805017176
 10
221.1669198976262
 20
402.38599986529204
 10
221.1669198976262
 20
401.9856816804123
 10
221.1669198976262
 20
401.5853634955326
 10
221.1669198976262
 20
401.18504531065287
 10
221.1669198976262
 20
400.78472712577314
 10
221.1669198976262
 20
400.3844089408934
 10
221.1669198976262
 20
399.9840907560137
 10
221.1669198976262
 20
399.583772571134
 10
221.1669198976262
 20
399.1834543862542
 10
221.1669198976262
 20
398.78313620137453
 10
221.1669198976262
 20
398.38281801649475
 10
221.1669198976262
 20
397.98249983161503
 10
221.1669198976262
 20
397.5821816467353
 10
221.1669198976262
 20
397.1818634618556
 10
221.1669198976262
 20
396.78154527697586
 10
221.1669198976262
 20
396.38122709209614
 10
221.1669198976262
 20
395.9809089072164
 10
221.1669198976262
 20
395.5805907223367
 10
221.1669198976262
 20
395.180272537457
 10
221.1669198976262
 20
394.77995435257725
 10
221.1669198976262
 20
394.3796361676975
 10
221.1669198976262
 20
393.9793179828178
 10
221.1669198976262
 20
393.5789997979381
 10
221.1669198976262
 20
393.17868161305836
 10
221.1669198976262
 20
392.77836342817864
 10
221.1669198976262
 20
392.37804524329886
 10
221.1669198976262
 20
391.9777270584192
 10
221.1669198976262
 20
391.5774088735394
 10
221.1669198976262
 20
391.1770906886597
 10
221.1669198976262
 20
390.77677250377997
 10
221.1669198976262
 20
390.37645431890024
 10
221.1669198976262
 20
389.9761361340205
 10
221.1669198976262
 20
389.5758179491408
 10
221.1669198976262
 20
389.1754997642611
 10
221.1669198976262
 20
388.77518157938135
 10
221.1669198976262
 20
388.37486339450163
 10
221.1669198976262
 20
387.9745452096219
 10
221.1669198976262
 20
387.5742270247422
 10
221.1669198976262
 20
387.1739088398624
 10
221.1669198976262
 20
386.77359065498274
 10
221.1669198976262
 20
386.37327247010296
 10
221.1669198976262
 20
385.97295428522324
 10
221.1669198976262
 20
385.5726361003435
 10
221.1669198976262
 20
385.1723179154638
 10
221.1669198976262
 20
384.77199973058407
 10
221.1669198976262
 20
384.37168154570435
 10
221.1669198976262
 20
383.9713633608246
 10
221.1669198976262
 20
383.5710451759449
 10
221.1669198976262
 20
383.1707269910652
 10
221.1669198976262
 20
382.77040880618546
 10
221.1669198976262
 20
382.37009062130574
 10
221.1669198976262
 20
381.969772436426
 10
221.1669198976262
 20
381.5694542515463
 10
221.1669198976262
 20
381.16913606666657
 10
221.1669198976262
 20
380.76881788178684
 10
221.1669198976262
 20
380.36849969690707
 10
221.1669198976262
 20
379.9681815120274
 10
221.1669198976262
 20
379.5678633271476
 10
221.1669198976262
 20
379.1675451422679
 10
221.1669198976262
 20
378.7672269573882
 10
221.1669198976262
 20
378.36690877250845
 10
221.1669198976262
 20
377.96659058762873
 10
221.1669198976262
 20
377.566272402749
 10
221.1669198976262
 20
377.1659542178693
 10
221.1669198976262
 20
376.76563603298956
 10
221.1669198976262
 20
376.36531784810984
 10
221.1669198976262
 20
375.9649996632301
 10
221.1669198976262
 20
375.5646814783504
 10
221.1669198976262
 20
375.1643632934707
 10
221.1669198976262
 20
374.76404510859095
 10
221.1669198976262
 20
374.36372692371117
 10
221.1669198976262
 20
373.96340873883145
 10
221.1669198976262
 20
373.5630905539517
 10
221.1669198976262
 20
373.162772369072
 10
221.1669198976262
 20
372.7624541841923
 10
221.1669198976262
 20
372.36213599931256
 10
221.1669198976262
 20
371.96181781443283
 10
221.1669198976262
 20
371.5614996295531
 10
221.1669198976262
 20
371.1611814446734
 10
221.1669198976262
 20
370.76086325979367
 10
221.1669198976262
 20
370.36054507491394
 10
221.1669198976262
 20
369.9602268900342
 10
221.1669198976262
 20
369.5599087051545
 10
221.1669198976262
 20
369.1595905202748
 10
221.1669198976262
 20
368.75927233539505
 10
221.1669198976262
 20
368.3589541505153
 10
221.1669198976262
 20
367.95863596563555
 10
221.1669198976262
 20
367.55831778075583
 10
221.1669198976262
 20
367.1579995958761
 10
221.1669198976262
 20
366.7576814109964
 10
221.1669198976262
 20
366.35736322611666
 10
221.1669198976262
 20
365.95704504123694
 10
221.1669198976262
 20
365.5567268563572
 10
221.1669198976262
 20
365.1564086714775
 10
221.1669198976262
 20
364.75609048659777
 10
221.1669198976262
 20
364.35577230171805
 10
221.1669198976262
 20
363.9554541168383
 10
221.1669198976262
 20
363.5551359319586
 10
221.1669198976262
 20
363.1548177470789
 10
221.1669198976262
 20
362.75449956219916
 10
221.1669198976262
 20
362.35418137731943
 10
221.1669198976262
 20
361.95386319243966
 10
221.1669198976262
 20
361.55354500755993
 10
221.1669198976262
 20
361.1532268226802
 10
221.1669198976262
 20
360.7529086378005
 10
221.1669198976262
 20
360.35259045292077
 10
221.1669198976262
 20
359.95227226804104
 10
221.1669198976262
 20
359.5519540831613
 10
221.1669198976262
 20
359.1516358982816
 10
221.1669198976262
 20
358.7513177134019
 10
221.1669198976262
 20
358.35099952852215
 10
221.1669198976262
 20
357.95068134364243
 10
221.1669198976262
 20
357.5503631587627
 10
221.1669198976262
 20
357.150044973883
 10
221.1669198976262
 20
356.74972678900326
 10
221.1669198976262
 20
356.34940860412354
 10
221.1669198976262
 20
355.9490904192438
 10
221.1669198976262
 20
355.54877223436404
 10
221.1669198976262
 20
355.14845404948437
 10
221.1669198976262
 20
354.7481358646046
 10
221.1669198976262
 20
354.34781767972487
 10
221.1669198976262
 20
353.94749949484515
 10
221.1669198976262
 20
353.5471813099654
 10
221.1669198976262
 20
353.1468631250857
 10
221.1669198976262
 20
352.746544940206
 10
221.1669198976262
 20
352.34622675532626
 10
221.1669198976262
 20
351.94590857044653
 10
221.1669198976262
 20
351.5455903855668
 10
221.1669198976262
 20
351.14527220068703
 10
221.1669198976262
 20
350.74495401580737
 10
221.1669198976262
 20
350.3446358309276
 10
221.1669198976262
 20
349.9443176460479
 10
221.1669198976262
 20
349.54399946116814
 10
221.1669198976262
 20
349.1436812762885
 10
221.1669198976262
 20
348.7433630914087
 10
221.1669198976262
 20
348.343044906529
 10
221.1669198976262
 20
347.94272672164925
 10
221.1669198976262
 20
347.5424085367695
 10
221.1669198976262
 20
347.1420903518898
 10
220.90869206463628
 20
347.0
 10
220.50837387975656
 20
347.0
 10
220.10805569487684
 20
347.0
 10
219.70773750999712
 20
347.0
 10
219.30741932511737
 20
347.0
 10
218.90710114023764
 20
347.0
 10
218.50678295535792
 20
347.0
 10
218.3066238629181
 20
347.2001590924399
 10
218.3066238629181
 20
347.6004772773196
 10
218.3066238629181
 20
348.00079546219933
 10
218.3066238629181
 20
348.40111364707906
 10
218.3066238629181
 20
348.8014318319588
 10
218.3066238629181
 20
349.2017500168385
 10
218.3066238629181
 20
349.6020682017182
 10
218.3066238629181
 20
350.00238638659795
 10
218.3066238629181
 20
350.40270457147767
 10
218.3066238629181
 20
350.8030227563574
 10
218.3066238629181
 20
351.2033409412371
 10
218.3066238629181
 20
351.6036591261169
 10
218.3066238629181
 20
352.00397731099656
 10
218.3066238629181
 20
352.40429549587634
 10
218.3066238629181
 20
352.80461368075606
 10
218.3066238629181
 20
353.2049318656358
 10
218.3066238629181
 20
353.6052500505155
 10
218.3066238629181
 20
354.00556823539523
 10
218.3066238629181
 20
354.40588642027495
 10
218.3066238629181
 20
354.8062046051547
 10
218.3066238629181
 20
355.2065227900344
 10
218.3066238629181
 20
355.6068409749141
 10
218.3066238629181
 20
356.00715915979384
 10
218.3066238629181
 20
356.40747734467357
 10
218.3066238629181
 20
356.8077955295533
 10
218.3066238629181
 20
357.208113714433
 10
218.3066238629181
 20
357.6084318993128
 10
218.3066238629181
 20
358.00875008419246
 10
218.3066238629181
 20
358.40906826907224
 10
218.3066238629181
 20
358.80938645395196
 10
218.3066238629181
 20
359.2097046388317
 10
218.3066238629181
 20
359.6100228237114
 10
218.3066238629181
 20
360.0103410085911
 10
218.3066238629181
 20
360.41065919347085
 10
218.3066238629181
 20
360.8109773783506
 10
218.3066238629181
 20
361.2112955632303
 10
218.3066238629181
 20
361.61161374811
 10
218.3066238629181
 20
362.01193193298974
 10
218.3066238629181
 20
362.41225011786946
 10
218.3066238629181
 20
362.8125683027492
 10
218.3066238629181
 20
363.2128864876289
 10
218.3066238629181
 20
363.6132046725087
 10
218.3066238629181
 20
364.01352285738835
 10
218.3066238629181
 20
364.41384104226813
 10
218.3066238629181
 20
364.81415922714785
 10
218.3066238629181
 20
365.2144774120276
 10
218.3066238629181
 20
365.6147955969073
 10
218.3066238629181
 20
366.015113781787
 10
218.3066238629181
 20
366.41543196666674
 10
218.3066238629181
 20
366.81575015154647
 10
218.3066238629181
 20
367.2160683364262
 10
218.3066238629181
 20
367.6163865213059
 10
218.3066238629181
 20
368.01670470618564
 10
218.3066238629181
 20
368.4170228910654
 10
218.3066238629181
 20
368.8173410759451
 10
218.3066238629181
 20
369.2176592608248
 10
218.3066238629181
 20
369.6179774457046
 10
218.3066238629181
 20
370.01829563058425
 10
218.3066238629181
 20
370.418613815464
 10
218.3066238629181
 20
370.81893200034375
 10
218.3066238629181
 20
371.2192501852235
 10
218.3066238629181
 20
371.6195683701032
 10
218.3066238629181
 20
372.0198865549829
 10
218.3066238629181
 20
372.42020473986264
 10
218.3066238629181
 20
372.82052292474236
 10
218.3066238629181
 20
373.2208411096221
 10
218.3066238629181
 20
373.6211592945018
 10
218.3066238629181
 20
374.02147747938153
 10
218.3066238629181
 20
374.42179566426125
 10
218.3066238629181
 20
374.822113849141
 10
218.3066238629181
 20
375.2224320340207
 10
218.3066238629181
 20
375.6227502189005
 10
218.3066238629181
 20
376.0230684037802
 10
218.3066238629181
 20
376.4233865886599
 10
218.3066238629181
 20
376.82370477353965
 10
218.3066238629181
 20
377.22402295841937
 10
218.3066238629181
 20
377.6243411432991
 10
218.3066238629181
 20
378.0246593281788
 10
218.3066238629181
 20
378.42497751305854
 10
218.3066238629181
 20
378.82529569793826
 10
218.3066238629181
 20
379.225613882818
 10
218.3066238629181
 20
379.6259320676977
 10
218.3066238629181
 20
380.0262502525774
 10
218.3066238629181
 20
380.42656843745715
 10
218.3066238629181
 20
380.8268866223369
 10
218.3066238629181
 20
381.2272048072166
 10
218.3066238629181
 20
381.6275229920964
 10
218.3066238629181
 20
382.02784117697604
 10
218.3066238629181
 20
382.4281593618558
 10
218.3066238629181
 20
382.82847754673554
 10
218.3066238629181
 20
383.22879573161526
 10
218.3066238629181
 20
383.629113916495
 10
218.3066238629181
 20
384.0294321013747
 10
218.3066238629181
 20
384.42975028625443
 10
218.3066238629181
 20
384.83006847113415
 10
218.3066238629181
 20
385.2303866560139
 10
218.3066238629181
 20
385.6307048408936
 10
218.3066238629181
 20
386.0310230257733
 10
218.3066238629181
 20
386.43134121065304
 10
218.3066238629181
 20
386.83165939553277
 10
218.3066238629181
 20
387.2319775804125
 10
218.3066238629181
 20
387.6322957652922
 10
218.3066238629181
 20
388.03261395017194
 10
218.3066238629181
 20
388.4329321350517
 10
218.3066238629181
 20
388.8332503199314
 10
218.3066238629181
 20
389.23356850481116
 10
218.3066238629181
 20
389.6338866896909
 10
218.3066238629181
 20
390.0342048745706
 10
218.3066238629181
 20
390.4345230594503
 10
218.3066238629181
 20
390.83484124433005
 10
218.3066238629181
 20
391.2351594292098
 10
218.3066238629181
 20
391.6354776140895
 10
218.3066238629181
 20
392.0357957989692
 10
218.3066238629181
 20
392.43611398384894
 10
218.3066238629181
 20
392.83643216872866
 10
218.3066238629181
 20
393.2367503536084
 10
218.3066238629181
 20
393.6370685384881
 10
218.3066238629181
 20
394.03738672336783
 10
218.3066238629181
 20
394.4377049082476
 10
218.3066238629181
 20
394.8380230931273
 10
218.3066238629181
 20
395.23834127800706
 10
218.3066238629181
 20
395.6386594628868
 10
218.3066238629181
 20
396.0389776477665
 10
218.3066238629181
 20
396.4392958326462
 10
218.3066238629181
 20
396.83961401752595
 10
218.3066238629181
 20
397.23993220240567
 10
218.3066238629181
 20
397.6402503872854
 10
218.3066238629181
 20
398.0405685721651
 10
218.3066238629181
 20
398.44088675704484
 10
218.3066238629181
 20
398.84120494192456
 10
218.3066238629181
 20
399.2415231268043
 10
218.3066238629181
 20
399.641841311684
 10
218.3066238629181
 20
400.0421594965637
 10
218.3066238629181
 20
400.4424776814435
 10
218.3066238629181
 20
400.8427958663232
 10
218.3066238629181
 20
401.24311405120295
 10
218.3066238629181
 20
401.6434322360827
 10
218.3066238629181
 20
402.0437504209624
 10
218.3066238629181
 20
402.4440686058421
 10
218.3066238629181
 20
402.84438679072184
 10
218.3066238629181
 20
403.24470497560156
 10
218.3066238629181
 20
403.6450231604813
 10
218.3066238629181
 20
404.045341345361
 10
218.3066238629181
 20
404.44565953024073
 10
218.3066238629181
 20
404.84597771512045
 10
218.3066238629181
 20
405.2462959000002
 10
218.3066238629181
 20
405.6466140848799
 10
218.3066238629181
 20
406.0469322697596
 10
218.3066238629181
 20
406.4472504546394
 10
218.3066238629181
 20
406.84756863951907
 10
218.3066238629181
 20
407.24788682439885
 10
218.3066238629181
 20
407.64820500927857
 10
218.3066238629181
 20
408.0485231941583
 10
218.3066238629181
 20
408.448841379038
 10
218.3066238629181
 20
408.84915956391774
 10
218.3066238629181
 20
409.24947774879746
 10
218.3066238629181
 20
409.6497959336772
 10
218.3066238629181
 20
410.0501141185569
 10
218.3066238629181
 20
410.4504323034366
 10
218.3066238629181
 20
410.85075048831635
 10
218.3066238629181
 20
411.2510686731961
 10
218.3066238629181
 20
411.6513868580758
 10
218.3066238629181
 20
412.0517050429555
 10
218.3066238629181
 20
412.4520232278353
 10
218.3066238629181
 20
412.85234141271496
 10
218.3066238629181
 20
413.25265959759474
 10
218.3066238629181
 20
413.65297778247447
 10
218.3066238629181
 20
414.0532959673542
 10
218.3066238629181
 20
414.4536141522339
 10
218.3066238629181
 20
414.85393233711363
 10
218.3066238629181
 20
415.25425052199336
 10
218.3066238629181
 20
415.6545687068731
 10
218.3066238629181
 20
416.0548868917528
 10
218.3066238629181
 20
416.4552050766325
 10
218.3066238629181
 20
416.85552326151225
 10
218.3066238629181
 20
417.25584144639197
 10
218.3066238629181
 20
417.6561596312717
 10
218.3066238629181
 20
418.0564778161514
 10
218.3066238629181
 20
418.4567960010312
 10
218.3066238629181
 20
418.85711418591086
 10
218.3066238629181
 20
419.25743237079064
 10
218.3066238629181
 20
419.65775055567036
 10
218.36469260346814
 20
420.0
 10
218.76501078834787
 20
420.0
 10
219.16532897322762
 20
420.0
 10
219.5656471581073
 20
420.0
 10
219.96596534298706
 20
420.0
 10
220.36628352786678
 20
420.0
 10
220.7666017127465
 20
420.0
 10
221.1669198976262
 20
420.0
 10
221.1669198976262
 20
419.5996818151203
 10
221.1669198976262
 20
419.19936363024055
  0
HATCH
  5
A6
330
17
100
AcDbEntity
  8
23_ШТРИХОВКА
 62
7
100
AcDbHatch
 10
0.0
 20
0.0
 30
0.0
210
0.0
220
0.0
230
1.0
  2
ANSI31
 70
0
 71
0
 91
1
 92
3
 72
0
 73
1
 93
1016
 10
198.01932358852605
 20
347.0
 10
197.61915532653856
 20
347.0
 10
197.21898706455107
 20
347.0
 10
196.81881880256358
 20
347.0
 10
196.41865054057607
 20
347.0
 10
196.01848227858858
 20
347.0
 10
195.6183140166011
 20
347.0
 10
195.2181457546136
 20
347.0
 10
194.81797749262608
 20
347.0
 10
194.4178092306386
 20
347.0
 10
194.0176409686511
 20
347.0
 10
193.6174727066636
 20
347.0
 10
193.2173044446761
 20
347.0
 10
192.8171361826886
 20
347.0
 10
192.4169679207011
 20
347.0
 10
192.0167996587136
 20
347.0
 10
191.61663139672612
 20
347.0
 10
191.21646313473863
 20
347.0
 10
190.81629487275114
 20
347.0
 10
190.41612661076363
 20
347.0
 10
190.01595834877614
 20
347.0
 10
189.61579008678865
 20
347.0
 10
189.21562182480113
 20
347.0
 10
188.81545356281364
 20
347.0
 10
188.41528530082616
 20
347.0
 10
188.01511703883864
 20
347.0
 10
187.61494877685115
 20
347.0
 10
187.21478051486366
 20
347.0
 10
186.81461225287617
 20
347.0
 10
186.41444399088869
 20
347.0
 10
186.01427572890117
 20
347.0
 10
185.61410746691368
 20
347.0
 10
185.2139392049262
 20
347.0
 10
184.81377094293867
 20
347.0
 10
184.4136026809512
 20
347.0
 10
184.0134344189637
 20
347.0
 10
183.61326615697618
 20
347.0
 10
183.21309789498872
 20
347.0
 10
182.8129296330012
 20
347.0
 10
182.41276137101372
 20
347.0
 10
182.01259310902623
 20
347.0
 10
181.6124248470387
 20
347.0
 10
181.21225658505122
 20
347.0
 10
180.81208832306373
 20
347.0
 10
180.41192006107622
 20
347.0
 10
180.01175179908873
 20
347.0
 10
179.61158353710124
 20
347.0
 10
179.21141527511372
 20
347.0
 10
178.81124701312626
 20
347.0
 10
178.41107875113875
 20
347.0
 10
178.01091048915123
 20
347.0
 10
177.61074222716377
 20
347.0
 10
177.21057396517625
 20
347.0
 10
176.81040570318876
 20
347.0
 10
176.41023744120128
 20
347.0
 10
176.01006917921376
 20
347.0
 10
175.60990091722627
 20
347.0
 10
175.20973265523878
 20
347.0
 10
174.80956439325126
 20
347.0
 10
174.4093961312638
 20
347.0
 10
174.0092278692763
 20
347.0
 10
173.6090596072888
 20
347.0
 10
173.2088913453013
 20
347.0
 10
172.8087230833138
 20
347.0
 10
172.4085548213263
 20
347.0
 10
172.00838655933882
 20
347.0
 10
171.6082182973513
 20
347.0
 10
171.2080500353638
 20
347.0
 10
170.80788177337632
 20
347.0
 10
170.4077135113888
 20
347.0
 10
170.00754524940135
 20
347.0
 10
169.60737698741383
 20
347.0
 10
169.20720872542634
 20
347.0
 10
168.80704046343885
 20
347.0
 10
168.40687220145134
 20
347.0
 10
168.00670393946385
 20
347.0
 10
167.60653567747636
 20
347.0
 10
167.20636741548884
 20
347.0
 10
166.80619915350138
 20
347.0
 10
166.40603089151386
 20
347.0
 10
166.00586262952638
 20
347.0
 10
165.6056943675389
 20
347.0
 10
165.20552610555137
 20
347.0
 10
164.80535784356388
 20
347.0
 10
164.4051895815764
 20
347.0
 10
164.00502131958888
 20
347.0
 10
163.6048530576014
 20
347.0
 10
163.2046847956139
 20
347.0
 10
162.80451653362638
 20
347.0
 10
162.4043482716389
 20
347.0
 10
162.0041800096514
 20
347.0
 10
161.6040117476639
 20
347.0
 10
161.2038434856764
 20
347.0
 10
160.8036752236889
 20
347.0
 10
160.4035069617014
 20
347.0
 10
160.00333869971394
 20
347.0
 10
159.60317043772642
 20
347.0
 10
159.20300217573893
 20
347.0
 10
158.80283391375144
 20
347.0
 10
158.40266565176393
 20
347.0
 10
158.00249738977644
 20
347.0
 10
157.60232912778895
 20
347.0
 10
157.20216086580143
 20
347.0
 10
156.80199260381397
 20
347.0
 10
156.40182434182645
 20
347.0
 10
156.00165607983897
 20
347.0
 10
155.60148781785145
 20
347.0
 10
155.20131955586396
 20
347.0
 10
154.80115129387647
 20
347.0
 10
154.40098303188898
 20
347.0
 10
154.00081476990147
 20
347.0
 10
153.60064650791398
 20
347.0
 10
153.2004782459265
 20
347.0
 10
152.800309983939
 20
347.0
 10
152.40014172195148
 20
347.0
 10
151.999973459964
 20
347.0
 10
151.59980519797648
 20
347.0
 10
151.19963693598902
 20
347.0
 10
150.7994686740015
 20
347.0
 10
150.4048082423872
 20
346.9487755159731
 10
150.06015218086748
 20
346.75073186942774
 10
149.81987803426387
 20
346.43406576585306
 10
149.68577172897287
 20
346.0573151869186
 10
149.55922741345373
 20
345.67768224036115
 10
149.43268309793459
 20
345.29804929380373
 10
149.30613878241542
 20
344.9184163472463
 10
149.16872449816796
 20
344.54303313575895
 10
148.92042914643775
 20
344.2326164722429
 10
148.57082020652848
 20
344.04345337908046
 10
148.1749501168795
 20
344.0
 10
147.774781854892
 20
344.0
 10
147.3746135929045
 20
344.0
 10
146.974445330917
 20
344.0
 10
146.5742770689295
 20
344.0
 10
146.174108806942
 20
344.0
 10
145.7739405449545
 20
344.0
 10
145.37377228296702
 20
344.0
 10
144.9736040209795
 20
344.0
 10
144.57343575899202
 20
344.0
 10
144.17326749700453
 20
344.0
 10
143.773099235017
 20
344.0
 10
143.37293097302955
 20
344.0
 10
142.97276271104204
 20
344.0
 10
142.57259444905455
 20
344.0
 10
142.17242618706706
 20
344.0
 10
141.77225792507954
 20
344.0
 10
141.37208966309205
 20
344.0
 10
140.97192140110457
 20
344.0
 10
140.57175313911708
 20
344.0
 10
140.17158487712956
 20
344.0
 10
139.77141661514207
 20
344.0
 10
139.37124835315456
 20
344.0
 10
138.97108009116707
 20
344.0
 10
138.57091182917958
 20
344.0
 10
138.1707435671921
 20
344.0
 10
137.7705753052046
 20
344.0
 10
137.37040704321709
 20
344.0
 10
136.9702387812296
 20
344.0
 10
136.5700705192421
 20
344.0
 10
136.1699022572546
 20
344.0
 10
135.76973399526713
 20
344.0
 10
135.36956573327961
 20
344.0
 10
134.96939747129213
 20
344.0
 10
134.56922920930464
 20
344.0
 10
134.16906094731712
 20
344.0
 10
133.7688926853296
 20
344.0
 10
133.36872442334214
 20
344.0
 10
132.96855616135463
 20
344.0
 10
132.56838789936714
 20
344.0
 10
132.16821963737965
 20
344.0
 10
131.76805137539213
 20
344.0
 10
131.36788311340464
 20
344.0
 10
130.96771485141716
 20
344.0
 10
130.56754658942964
 20
344.0
 10
130.16737832744218
 20
344.0
 10
129.76721006545466
 20
344.0
 10
129.36704180346717
 20
344.0
 10
128.96687354147969
 20
344.0
 10
128.56670527949217
 20
344.0
 10
128.16670865891183
 20
344.0092640784328
 10
127.76819540431948
 20
344.0447953827143
 10
127.37293614503746
 20
344.1068067173359
 10
126.98268841550004
 20
344.1950223466802
 10
126.59918746619519
 20
344.30905001679594
 10
126.22413854781134
 20
344.44838269956927
 10
125.85920932877902
 20
344.6124008472426
 10
125.50602247992369
 20
344.8003751472556
 10
125.16614845920175
 20
345.0114697651596
 10
124.84109852860321
 20
345.24474606118554
 10
124.53231803427103
 20
345.49916676393923
 10
124.24117997971788
 20
345.7736005826656
 10
123.96897892071699
 20
346.0668272375736
 10
123.71692520901341
 20
346.37754288585376
 10
123.48613961045186
 20
346.7043659192622
 10
123.27764832145122
 20
347.04584310749095
 10
123.09237840598549
 20
347.40045606000825
 10
122.9311536733606
 20
347.7666279776368
 10
122.79469101511697
 20
348.1427306638474
 10
122.68359721734555
 20
348.5270917645931
 10
122.59836626259181
 20
348.91800220449136
 10
122.53937713334466
 20
349.31372378628896
 10
122.50689212687726
 20
349.71249691981797
 10
122.50000157526637
 20
350.11255504705775
 10
122.51363093809128
 20
350.51241693338693
 10
122.55387890507404
 20
350.91048148697524
 10
122.62056651218982
 20
351.304978699547
 10
122.7133972306083
 20
351.69415442513593
 10
122.83195828521956
 20
352.0762781799578
 10
122.97572249005353
 20
352.4496508370689
 10
123.14405059243117
 20
352.81261218159426
 10
123.33619411542439
 20
353.1635482929329
 10
123.5512986859855
 20
353.5008987211132
 10
123.78058493685062
 20
353.82886482502715
 10
124.0101120225022
 20
354.15666347489383
 10
124.23963910815378
 20
354.48446212476046
 10
124.46916619380536
 20
354.8122607746271
 10
124.69869327945693
 20
355.1400594244937
 10
124.92822036510852
 20
355.4678580743603
 10
125.1577474507601
 20
355.795656724227
 10
125.38727453641167
 20
356.1234553740936
 10
125.61680162206326
 20
356.45125402396025
 10
125.84632870771483
 20
356.77905267382687
 10
126.0758557933664
 20
357.1068513236935
 10
126.305382879018
 20
357.4346499735601
 10
126.53490996466957
 20
357.76244862342674
 10
126.76443705032115
 20
358.09024727329336
 10
126.99396413597273
 20
358.41804592316
 10
127.22349122162431
 20
358.74584457302666
 10
127.45301830727588
 20
359.0736432228933
 10
127.68254539292748
 20
359.4014418727599
 10
127.91207247857905
 20
359.7292405226265
 10
128.14159956423063
 20
360.05703917249315
 10
128.37112664988223
 20
360.38483782235977
 10
128.6006537355338
 20
360.71263647222645
 10
128.83018082118537
 20
361.0404351220931
 10
129.05970790683696
 20
361.3682337719597
 10
129.28923499248853
 20
361.6960324218263
 10
129.51876207814013
 20
362.02383107169294
 10
129.7482891637917
 20
362.35162972155956
 10
129.97781624944326
 20
362.6794283714262
 10
130.20734333509483
 20
363.0072270212928
 10
130.43687042074643
 20
363.3350256711595
 10
130.666397506398
 20
363.6628243210261
 10
130.8959245920496
 20
363.99062297089273
 10
131.12545167770116
 20
364.31842162075935
 10
131.35497876335276
 20
364.646220270626
 10
131.58450584900433
 20
364.97401892049265
 10
131.81403293465593
 20
365.3018175703593
 10
132.0435600203075
 20
365.6296162202259
 10
132.27308710595906
 20
365.9574148700925
 10
132.50261419161063
 20
366.28521351995914
 10
132.73214127726223
 20
366.61301216982577
 10
132.96166836291383
 20
366.9408108196924
 10
133.1911954485654
 20
367.268609469559
 10
133.42072253421696
 20
367.5964081194257
 10
133.65024961986853
 20
367.9242067692923
 10
133.87977670552013
 20
368.25200541915893
 10
134.1093037911717
 20
368.57980406902556
 10
134.3388308768233
 20
368.9076027188922
 10
134.56835796247486
 20
369.2354013687588
 10
134.79788504812643
 20
369.5632000186254
 10
135.027412133778
 20
369.89099866849205
 10
135.2569392194296
 20
370.2187973183587
 10
135.4864663050812
 20
370.54659596822535
 10
135.71599339073276
 20
370.87439461809197
 10
135.94552047638433
 20
371.2021932679586
 10
136.17504756203593
 20
371.5299919178252
 10
136.4045746476875
 20
371.85779056769184
 10
136.6341017333391
 20
372.1855892175585
 10
136.86362881899066
 20
372.51338786742514
 10
137.09315590464226
 20
372.84118651729176
 10
137.32268299029383
 20
373.1689851671584
 10
137.44291794127122
 20
373.5312434947218
 10
137.44291794127122
 20
373.9314117567093
 10
137.44291794127122
 20
374.3315800186968
 10
137.44291794127122
 20
374.7317482806843
 10
137.44291794127122
 20
375.1319165426718
 10
137.44291794127122
 20
375.5320848046593
 10
137.44291794127122
 20
375.9322530666468
 10
137.44291794127122
 20
376.33242132863427
 10
137.44291794127122
 20
376.7325895906218
 10
137.44291794127122
 20
377.13275785260925
 10
137.44291794127122
 20
377.53292611459676
 10
137.44291794127122
 20
377.9330943765842
 10
137.44291794127122
 20
378.33326263857174
 10
137.44291794127122
 20
378.73343090055926
 10
137.44291794127122
 20
379.1335991625467
 10
137.44291794127122
 20
379.53376742453423
 10
137.44291794127122
 20
379.93393568652175
 10
137.44291794127122
 20
380.3341039485092
 10
137.44291794127122
 20
380.7342722104967
 10
137.44291794127122
 20
381.13444047248424
 10
137.44291794127122
 20
381.5346087344717
 10
137.44291794127122
 20
381.9347769964592
 10
137.44291794127122
 20
382.3349452584467
 10
137.44291794127122
 20
382.7351135204342
 10
137.44291794127122
 20
383.13528178242166
 10
137.44291794127122
 20
383.5354500444092
 10
137.44291794127122
 20
383.9356183063967
 10
137.44291794127122
 20
384.33578656838415
 10
137.44291794127122
 20
384.7359548303717
 10
137.44291794127122
 20
385.1361230923592
 10
137.44291794127122
 20
385.5362913543467
 10
137.44291794127122
 20
385.93645961633416
 10
137.44291794127122
 20
386.3366278783217
 10
137.44291794127122
 20
386.7367961403092
 10
137.44291794127122
 20
387.13696440229666
 10
137.44291794127122
 20
387.5371326642842
 10
137.44291794127122
 20
387.93730092627163
 10
137.44291794127122
 20
388.33746918825915
 10
137.44291794127122
 20
388.73763745024667
 10
137.45239813144894
 20
389.137369961599
 10
137.58416936819964
 20
389.5123971977359
 10
137.85163068266849
 20
389.8064610206415
 10
138.21252075683424
 20
389.9730966742331
 10
138.22
 20
390.3673263574799
 10
138.22
 20
390.7674946194674
 10
138.22
 20
391.16766288145493
 10
138.22
 20
391.5678311434424
 10
138.22
 20
391.9679994054299
 10
138.22
 20
392.3681676674174
 10
138.22
 20
392.7683359294049
 10
138.22
 20
393.16850419139234
 10
138.22
 20
393.5686724533799
 10
138.22
 20
393.9688407153674
 10
138.22
 20
394.36900897735484
 10
138.22
 20
394.76917723934235
 10
138.22
 20
395.1693455013299
 10
138.22
 20
395.56951376331733
 10
138.22
 20
395.96968202530485
 10
138.22
 20
396.36985028729237
 10
138.22
 20
396.7700185492798
 10
138.22
 20
397.1701868112674
 10
138.22
 20
397.57035507325486
 10
138.22
 20
397.9705233352423
 10
138.22
 20
398.3706915972299
 10
138.22
 20
398.77085985921735
 10
138.22
 20
399.17102812120487
 10
138.22
 20
399.57119638319233
 10
138.22
 20
399.97136464517985
 10
138.22
 20
400.3715329071673
 10
138.22
 20
400.7717011691548
 10
138.22
 20
401.17186943114234
 10
138.22
 20
401.5720376931298
 10
138.22
 20
401.9722059551173
 10
138.22
 20
402.37237421710483
 10
138.22
 20
402.7725424790923
 10
138.22
 20
403.1727107410798
 10
138.22
 20
403.5728790030673
 10
138.22
 20
403.9730472650548
 10
138.22
 20
404.37321552704225
 10
138.22
 20
404.77338378902977
 10
138.22
 20
405.1735520510173
 10
138.22
 20
405.57372031300474
 10
138.22
 20
405.97388857499226
 10
138.22
 20
406.3740568369798
 10
138.22
 20
406.77422509896724
 10
138.22
 20
407.17439336095475
 10
138.22
 20
407.57456162294227
 10
138.22
 20
407.97472988492973
 10
138.22
 20
408.37489814691725
 10
138.22
 20
408.77506640890476
 10
138.22
 20
409.1752346708922
 10
138.22
 20
409.5754029328797
 10
138.22
 20
409.97557119486726
 10
138.22
 20
410.3757394568547
 10
138.22
 20
410.77590771884223
 10
138.22
 20
411.17607598082975
 10
138.22
 20
411.5762442428172
 10
138.22
 20
411.9764125048047
 10
138.22
 20
412.3765807667922
 10
138.22
 20
412.7767490287797
 10
138.22
 20
413.1769172907672
 10
138.22
 20
413.57708555275474
 10
138.22
 20
413.9772538147422
 10
138.22
 20
414.37742207672966
 10
138.22
 20
414.77759033871723
 10
138.22
 20
415.1777586007047
 10
138.22
 20
415.57792686269215
 10
138.22
 20
415.97809512467967
 10
138.22
 20
416.37826338666713
 10
138.22
 20
416.77843164865465
 10
138.22
 20
417.17859991064216
 10
138.22
 20
417.5787681726297
 10
138.22
 20
417.97893643461714
 10
138.22
 20
418.37910469660466
 10
138.22
 20
418.7792729585922
 10
138.22
 20
419.17944122057963
 10
138.22
 20
419.5796094825671
 10
138.22
 20
419.9797777445546
 10
138.22
 20
420.3799460065421
 10
138.22
 20
420.7801142685296
 10
138.22
 20
421.1802825305171
 10
138.22
 20
421.5804507925046
 10
138.22
 20
421.9806190544921
 10
138.22
 20
422.38078731647965
 10
138.22
 20
422.7809555784671
 10
138.22
 20
423.18112384045463
 10
138.22
 20
423.58129210244215
 10
138.22
 20
423.9814603644296
 10
138.22
 20
424.38162862641707
 10
138.22
 20
424.78179688840464
 10
138.22
 20
425.1819651503921
 10
138.22
 20
425.58213341237956
 10
138.22
 20
425.9823016743671
 10
138.22
 20
426.3824699363546
 10
138.22
 20
426.78263819834206
 10
138.22
 20
427.1828064603296
 10
138.22
 20
427.5829747223171
 10
138.22
 20
427.98314298430455
 10
138.22
 20
428.38331124629207
 10
138.22
 20
428.7834795082796
 10
138.22
 20
429.18364777026704
 10
138.22
 20
429.5838160322545
 10
138.22
 20
429.9839842942421
 10
138.22
 20
430.38415255622954
 10
138.22
 20
430.784320818217
 10
138.22
 20
431.1844890802045
 10
138.22
 20
431.58465734219203
 10
138.22
 20
431.9848256041795
 10
138.22
 20
432.384993866167
 10
138.22
 20
432.7851621281545
 10
138.22
 20
433.185330390142
 10
138.22
 20
433.5854986521295
 10
138.22
 20
433.985666914117
 10
138.22
 20
434.3858351761045
 10
138.22
 20
434.786003438092
 10
138.22
 20
435.1861717000795
 10
138.22
 20
435.586339962067
 10
138.22
 20
435.9865082240545
 10
138.22
 20
436.386676486042
 10
138.22
 20
436.78684474802947
 10
138.22
 20
437.187013010017
 10
138.22
 20
437.5871812720045
 10
138.22
 20
437.98734953399196
 10
138.22
 20
438.3875177959795
 10
138.22
 20
438.787686057967
 10
138.22
 20
439.18785431995445
 10
138.22
 20
439.58802258194197
 10
138.22
 20
439.9881908439295
 10
138.22
 20
440.38835910591695
 10
138.22
 20
440.7885273679044
 10
138.22
 20
441.188695629892
 10
138.22
 20
441.58886389187944
 10
138.22
 20
441.9890321538669
 10
138.22
 20
442.3892004158544
 10
138.22
 20
442.78936867784194
 10
138.22
 20
443.1895369398294
 10
138.22
 20
443.5897052018169
 10
138.22
 20
443.98987346380443
 10
138.22
 20
444.3900417257919
 10
138.22
 20
444.7902099877794
 10
138.22
 20
445.1903782497669
 10
138.22
 20
445.5905465117544
 10
138.22
 20
445.99071477374184
 10
138.22
 20
446.3908830357294
 10
138.22
 20
446.7910512977169
 10
138.22
 20
447.19121955970434
 10
138.22
 20
447.59138782169185
 10
138.22
 20
447.99155608367937
 10
138.22
 20
448.3917243456669
 10
138.22
 20
448.7918926076544
 10
138.22
 20
449.19206086964186
 10
138.22
 20
449.5922291316294
 10
138.22
 20
449.9923973936169
 10
138.61256565560436
 20
450.0
 10
139.01273391759185
 20
450.0
 10
139.41290217957936
 20
450.0
 10
139.81307044156685
 20
450.0
 10
140.21323870355434
 20
450.0
 10
140.61340696554183
 20
450.0
 10
141.01357522752934
 20
450.0
 10
141.41374348951683
 20
450.0
 10
141.81391175150432
 20
450.0
 10
142.2140800134918
 20
450.0
 10
142.6142482754793
 20
450.0
 10
143.01441653746681
 20
450.0
 10
143.4145847994543
 20
450.0
 10
143.8147530614418
 20
450.0
 10
144.21492132342928
 20
450.0
 10
144.6150895854168
 20
450.0
 10
145.01525784740429
 20
450.0
 10
145.41542610939177
 20
450.0
 10
145.81559437137926
 20
450.0
 10
146.21576263336678
 20
450.0
 10
146.61593089535427
 20
450.0
 10
147.01609915734176
 20
450.0
 10
147.41626741932924
 20
450.0
 10
147.81643568131676
 20
450.0
 10
148.21660394330425
 20
450.0
 10
148.61677220529174
 20
450.0
 10
149.01694046727926
 20
450.0
 10
149.41710872926677
 20
450.0
 10
149.81727699125426
 20
450.0
 10
150.21744525324175
 20
450.0
 10
150.61761351522924
 20
450.0
 10
151.01778177721675
 20
450.0
 10
151.41795003920424
 20
450.0
 10
151.81811830119173
 20
450.0
 10
152.21828656317922
 20
450.0
 10
152.61845482516674
 20
450.0
 10
153.01862308715423
 20
450.0
 10
153.4187913491417
 20
450.0
 10
153.8189596111292
 20
450.0
 10
154.21912787311672
 20
450.0
 10
154.6192961351042
 20
450.0
 10
155.0194643970917
 20
450.0
 10
155.41963265907918
 20
450.0
 10
155.81980092106667
 20
450.0
 10
156.2199691830542
 20
450.0
 10
156.62013744504168
 20
450.0
 10
157.02030570702917
 20
450.0
 10
157.42047396901665
 20
450.0
 10
157.82064223100417
 20
450.0
 10
158.22081049299166
 20
450.0
 10
158.62097875497915
 20
450.0
 10
159.02114701696664
 20
450.0
 10
159.42131527895415
 20
450.0
 10
159.82148354094164
 20
450.0
 10
160.22165180292913
 20
450.0
 10
160.62182006491662
 20
450.0
 10
161.02198832690414
 20
450.0
 10
161.42215658889162
 20
450.0
 10
161.8223248508791
 20
450.0
 10
162.2224931128666
 20
450.0
 10
162.62266137485412
 20
450.0
 10
163.0228296368416
 20
450.0
 10
163.4229978988291
 20
450.0
 10
163.82316616081658
 20
450.0
 10
164.2233344228041
 20
450.0
 10
164.6235026847916
 20
450.0
 10
165.02367094677908
 20
450.0
 10
165.42383920876657
 20
450.0
 10
165.82400747075408
 20
450.0
 10
166.22417573274157
 20
450.0
 10
166.62434399472906
 20
450.0
 10
167.02451225671655
 20
450.0
 10
167.42468051870406
 20
450.0
 10
167.8248487806916
 20
450.0
 10
168.2250170426791
 20
450.0
 10
168.6251853046666
 20
450.0
 10
169.02535356665408
 20
450.0
 10
169.4255218286416
 20
450.0
 10
169.82569009062908
 20
450.0
 10
170.22585835261657
 20
450.0
 10
170.62602661460406
 20
450.0
 10
171.02619487659157
 20
450.0
 10
171.42636313857906
 20
450.0
 10
171.82653140056655
 20
450.0
 10
172.22669966255404
 20
450.0
 10
172.62686792454156
 20
450.0
 10
173.02703618652905
 20
450.0
 10
173.42720444851653
 20
450.0
 10
173.82737271050402
 20
450.0
 10
174.22754097249154
 20
450.0
 10
174.62770923447903
 20
450.0
 10
175.02787749646652
 20
450.0
 10
175.22
 20
449.791954241546
 10
175.22
 20
449.39178597955845
 10
175.22
 20
448.991617717571
 10
175.22
 20
448.59144945558353
 10
175.22
 20
448.191281193596
 10
175.22
 20
447.7911129316085
 10
175.22
 20
447.39094466962104
 10
175.22
 20
446.9907764076335
 10
175.22
 20
446.590608145646
 10
175.22
 20
446.19043988365854
 10
175.22
 20
445.790271621671
 10
175.22
 20
445.3901033596835
 10
175.22
 20
444.98993509769605
 10
175.22
 20
444.5897668357086
 10
175.22
 20
444.189598573721
 10
175.22
 20
443.78943031173355
 10
175.22
 20
443.3892620497461
 10
175.22
 20
442.9890937877586
 10
175.22
 20
442.58892552577106
 10
175.22
 20
442.1887572637836
 10
175.22
 20
441.7885890017961
 10
175.22
 20
441.38842073980857
 10
175.22
 20
440.9882524778211
 10
175.22
 20
440.5880842158336
 10
175.22
 20
440.1879159538461
 10
175.22
 20
439.7877476918586
 10
175.22
 20
439.3875794298711
 10
175.22
 20
438.9874111678836
 10
175.22
 20
438.5872429058961
 10
175.22
 20
438.18707464390866
 10
175.22
 20
437.7869063819211
 10
175.22
 20
437.3867381199336
 10
175.22
 20
436.98656985794617
 10
175.22
 20
436.58640159595865
 10
175.22
 20
436.18623333397113
 10
175.22
 20
435.78606507198367
 10
175.22
 20
435.38589680999615
 10
175.22
 20
434.98572854800864
 10
175.22
 20
434.5855602860212
 10
175.22
 20
434.18539202403366
 10
175.22
 20
433.78522376204614
 10
175.22
 20
433.3850555000587
 10
175.22
 20
432.98488723807117
 10
175.22
 20
432.58471897608365
 10
175.22
 20
432.1845507140962
 10
175.22
 20
431.7843824521086
 10
175.22
 20
431.38421419012116
 10
175.22
 20
430.98404592813364
 10
175.22
 20
430.5838776661461
 10
175.22
 20
430.18370940415866
 10
175.22
 20
429.7835411421712
 10
175.22
 20
429.38337288018363
 10
175.22
 20
428.98320461819617
 10
175.22
 20
428.5830363562087
 10
175.22
 20
428.1828680942212
 10
175.22
 20
427.7826998322337
 10
175.22
 20
427.3825315702462
 10
175.22
 20
426.9823633082587
 10
175.22
 20
426.5821950462712
 10
175.22
 20
426.1820267842837
 10
175.22
 20
425.7818585222962
 10
175.22
 20
425.3816902603087
 10
175.22
 20
424.9815219983212
 10
175.22
 20
424.5813537363337
 10
175.22
 20
424.1811854743462
 10
175.22
 20
423.78101721235873
 10
175.22
 20
423.3808489503713
 10
175.22
 20
422.9806806883837
 10
175.22
 20
422.58051242639624
 10
175.22
 20
422.1803441644088
 10
175.22
 20
421.78017590242126
 10
175.22
 20
421.38000764043375
 10
175.22
 20
420.9798393784463
 10
175.22
 20
420.57967111645877
 10
175.22
 20
420.17950285447125
 10
175.22
 20
419.7793345924838
 10
175.22
 20
419.3791663304963
 10
175.22
 20
418.97899806850876
 10
175.22
 20
418.5788298065213
 10
175.22
 20
418.1786615445338
 10
175.22
 20
417.77849328254626
 10
175.22
 20
417.3783250205588
 10
175.22
 20
416.97815675857134
 10
175.22
 20
416.57798849658377
 10
175.22
 20
416.1778202345963
 10
175.22
 20
415.77765197260885
 10
175.22
 20
415.3774837106213
 10
175.22
 20
414.9773154486338
 10
175.22
 20
414.57714718664636
 10
175.22
 20
414.1769789246589
 10
175.22
 20
413.7768106626713
 10
175.22
 20
413.37664240068386
 10
175.22
 20
412.9764741386964
 10
175.22
 20
412.57630587670883
 10
175.22
 20
412.17613761472137
 10
175.22
 20
411.7759693527339
 10
175.22
 20
411.37580109074634
 10
175.22
 20
410.9756328287589
 10
175.22
 20
410.5754645667714
 10
175.22
 20
410.17529630478384
 10
175.22
 20
409.7751280427964
 10
175.22
 20
409.3749597808089
 10
175.22
 20
408.97479151882135
 10
175.22
 20
408.5746232568339
 10
175.22
 20
408.1744549948464
 10
175.22
 20
407.77428673285897
 10
175.22
 20
407.3741184708714
 10
175.22
 20
406.97395020888393
 10
175.22
 20
406.57378194689636
 10
175.22
 20
406.1736136849089
 10
175.22
 20
405.77344542292144
 10
175.22
 20
405.37327716093387
 10
175.22
 20
404.9731088989464
 10
175.22
 20
404.57294063695895
 10
175.22
 20
404.1727723749714
 10
175.22
 20
403.7726041129839
 10
175.22
 20
403.37243585099645
 10
175.22
 20
402.9722675890089
 10
175.22
 20
402.5720993270214
 10
175.22
 20
402.17193106503396
 10
175.22
 20
401.7717628030464
 10
175.22
 20
401.3715945410589
 10
175.22
 20
400.97142627907147
 10
175.22
 20
400.5712580170839
 10
175.22
 20
400.17108975509643
 10
175.22
 20
399.770921493109
 10
175.22
 20
399.3707532311215
 10
175.22
 20
398.97058496913394
 10
175.22
 20
398.5704167071465
 10
175.22
 20
398.170248445159
 10
175.22
 20
397.77008018317144
 10
175.22
 20
397.369911921184
 10
175.22
 20
396.9697436591965
 10
175.22
 20
396.56957539720895
 10
175.22
 20
396.1694071352215
 10
175.22
 20
395.76923887323403
 10
175.22
 20
395.36907061124646
 10
175.22
 20
394.968902349259
 10
175.22
 20
394.56873408727154
 10
175.22
 20
394.16856582528396
 10
175.22
 20
393.7683975632965
 10
175.22
 20
393.36822930130904
 10
175.22
 20
392.9680610393216
 10
175.22
 20
392.567892777334
 10
175.22
 20
392.16772451534655
 10
175.22
 20
391.7675562533591
 10
175.22
 20
391.3673879913715
 10
175.22
 20
390.96721972938406
 10
175.22
 20
390.5670514673966
 10
175.22
 20
390.166883205409
 10
175.45328505657838
 20
390.0
 10
175.8534533185659
 20
390.0
 10
176.17933753946454
 20
390.17933753946454
 10
176.4622992311315
 20
390.4622992311315
 10
176.74526092279854
 20
390.74526092279854
 10
177.02822261446548
 20
391.0282226144655
 10
177.3111843061325
 20
391.3111843061325
 10
177.5941459977995
 20
391.5941459977995
 10
177.87710768946647
 20
391.87710768946647
 10
178.16006938113347
 20
392.1600693811335
 10
178.4430310728005
 20
392.44303107280047
 10
178.72599276446746
 20
392.72599276446743
 10
179.00895445613446
 20
393.00895445613446
 10
179.29191614780143
 20
393.29191614780143
 10
179.57487783946843
 20
393.57487783946846
 10
179.85783953113545
 20
393.8578395311354
 10
180.0
 20
394.1991229988859
 10
180.0
 20
394.59929126087343
 10
180.0
 20
394.99945952286095
 10
180.0
 20
395.3996277848484
 10
180.0
 20
395.7997960468359
 10
180.0
 20
396.1999643088234
 10
180.0
 20
396.60013257081096
 10
180.0
 20
397.0003008327985
 10
180.0
 20
397.40046909478593
 10
180.0
 20
397.80063735677345
 10
180.0
 20
398.2008056187609
 10
180.0
 20
398.6009738807484
 10
180.0
 20
399.00114214273594
 10
180.0
 20
399.4013104047234
 10
180.0
 20
399.8014786667109
 10
180.0
 20
400.20164692869844
 10
180.0
 20
400.6018151906859
 10
180.0
 20
401.0019834526734
 10
180.0
 20
401.4021517146609
 10
180.0
 20
401.8023199766484
 10
180.0
 20
402.2024882386359
 10
180.0
 20
402.60265650062337
 10
180.0
 20
403.0028247626109
 10
180.0
 20
403.4029930245984
 10
180.0
 20
403.80316128658586
 10
180.0
 20
404.2033295485734
 10
180.0
 20
404.60349781056084
 10
180.0
 20
405.00366607254836
 10
180.0
 20
405.4038343345359
 10
180.0
 20
405.80400259652333
 10
180.0
 20
406.20417085851085
 10
180.0
 20
406.60433912049837
 10
180.0
 20
407.0045073824858
 10
180.0
 20
407.40467564447334
 10
180.0
 20
407.8048439064608
 10
180.0
 20
408.2050121684483
 10
180.0
 20
408.60518043043584
 10
180.0
 20
409.0053486924233
 10
180.0
 20
409.4055169544108
 10
180.0
 20
409.8056852163983
 10
180.0
 20
410.2058534783858
 10
180.0
 20
410.6060217403733
 10
180.0
 20
411.00619000236077
 10
180.0
 20
411.4063582643483
 10
180.0
 20
411.8065265263358
 10
180.0
 20
412.20669478832326
 10
180.0
 20
412.6068630503108
 10
180.0
 20
413.00703131229824
 10
180.0
 20
413.40719957428576
 10
180.0
 20
413.8073678362733
 10
180.0
 20
414.20753609826073
 10
180.0
 20
414.60770436024825
 10
180.0
 20
415.00787262223577
 10
180.0
 20
415.4080408842232
 10
180.0
 20
415.80820914621074
 10
180.0
 20
416.2083774081982
 10
180.0
 20
416.6085456701857
 10
180.0
 20
417.00871393217324
 10
180.0
 20
417.4088821941607
 10
180.0
 20
417.8090504561482
 10
180.14793997434492
 20
418.1479399743449
 10
180.4309016660119
 20
418.4309016660119
 10
180.71386335767892
 20
418.7138633576789
 10
180.99682504934586
 20
418.9968250493459
 10
181.27978674101288
 20
419.2797867410129
 10
181.56274843267988
 20
419.5627484326799
 10
181.84571012434685
 20
419.84571012434685
 10
182.1819694273019
 20
420.0
 10
182.58213768928942
 20
420.0
 10
182.98230595127694
 20
420.0
 10
183.38247421326446
 20
420.0
 10
183.78264247525192
 20
420.0
 10
184.18281073723944
 20
420.0
 10
184.58297899922695
 20
420.0
 10
184.9831472612144
 20
420.0
 10
185.38331552320193
 20
420.0
 10
185.7834837851894
 20
420.0
 10
186.1836520471769
 20
420.0
 10
186.58382030916442
 20
420.0
 10
186.98398857115188
 20
420.0
 10
187.3841568331394
 20
420.0
 10
187.78432509512692
 20
420.0
 10
188.18449335711438
 20
420.0
 10
188.5846616191019
 20
420.0
 10
188.98482988108935
 20
420.0
 10
189.38499814307687
 20
420.0
 10
189.7851664050644
 20
420.0
 10
190.18533466705185
 20
420.0
 10
190.58550292903936
 20
420.0
 10
190.98567119102688
 20
420.0
 10
191.38583945301434
 20
420.0
 10
191.78600771500186
 20
420.0
 10
192.18617597698932
 20
420.0
 10
192.58634423897684
 20
420.0
 10
192.98651250096435
 20
420.0
 10
193.3866807629518
 20
420.0
 10
193.78684902493933
 20
420.0
 10
194.18701728692685
 20
420.0
 10
194.5871855489143
 20
420.0
 10
194.98735381090182
 20
420.0
 10
195.38752207288928
 20
420.0
 10
195.7876903348768
 20
420.0
 10
196.18785859686432
 20
420.0
 10
196.58802685885178
 20
420.0
 10
196.9881951208393
 20
420.0
 10
197.38836338282675
 20
420.0
 10
197.78853164481427
 20
420.0
 10
198.1886999068018
 20
420.0
 10
198.58886816878925
 20
420.0
 10
198.81966011250105
 20
419.83062368172426
 10
198.81966011250105
 20
419.43045541973675
 10
198.81966011250105
 20
419.0302871577493
 10
198.81966011250105
 20
418.63011889576177
 10
198.81966011250105
 20
418.2299506337743
 10
198.81966011250105
 20
417.8297823717868
 10
198.81966011250105
 20
417.4296141097993
 10
198.81966011250105
 20
417.0294458478118
 10
198.81966011250105
 20
416.6292775858243
 10
198.81966011250105
 20
416.2291093238368
 10
198.81966011250105
 20
415.8289410618493
 10
198.81966011250105
 20
415.4287727998618
 10
198.81966011250105
 20
415.02860453787434
 10
198.81966011250105
 20
414.6284362758868
 10
198.81966011250105
 20
414.2282680138993
 10
198.81966011250105
 20
413.82809975191185
 10
198.81966011250105
 20
413.42793148992433
 10
198.81966011250105
 20
413.0277632279368
 10
198.81966011250105
 20
412.62759496594936
 10
198.81966011250105
 20
412.22742670396184
 10
198.81966011250105
 20
411.8272584419744
 10
198.81966011250105
 20
411.42709017998686
 10
198.81966011250105
 20
411.02692191799935
 10
198.81966011250105
 20
410.6267536560119
 10
198.81966011250105
 20
410.2265853940243
 10
198.81966011250105
 20
409.82641713203685
 10
198.81966011250105
 20
409.42624887004933
 10
198.81966011250105
 20
409.0260806080618
 10
198.81966011250105
 20
408.62591234607436
 10
198.81966011250105
 20
408.22574408408684
 10
198.81966011250105
 20
407.8255758220993
 10
198.81966011250105
 20
407.42540756011186
 10
198.81966011250105
 20
407.02523929812435
 10
198.81966011250105
 20
406.6250710361369
 10
198.81966011250105
 20
406.22490277414937
 10
198.81966011250105
 20
405.82473451216185
 10
198.81966011250105
 20
405.4245662501744
 10
198.81966011250105
 20
405.0243979881869
 10
198.81966011250105
 20
404.62422972619936
 10
198.81966011250105
 20
404.2240614642119
 10
198.81966011250105
 20
403.8238932022244
 10
198.81966011250105
 20
403.4237249402369
 10
198.81966011250105
 20
403.0235566782494
 10
198.81966011250105
 20
402.6233884162619
 10
198.81966011250105
 20
402.22322015427443
 10
198.81966011250105
 20
401.8230518922869
 10
198.81966011250105
 20
401.4228836302994
 10
198.81966011250105
 20
401.02271536831194
 10
198.81966011250105
 20
400.6225471063244
 10
198.81966011250105
 20
400.22237884433696
 10
198.81966011250105
 20
399.82221058234944
 10
198.81966011250105
 20
399.4220423203619
 10
198.81966011250105
 20
399.02187405837446
 10
198.81966011250105
 20
398.62170579638695
 10
198.81966011250105
 20
398.22153753439943
 10
198.81966011250105
 20
397.82136927241197
 10
198.81966011250105
 20
397.42120101042445
 10
198.81966011250105
 20
397.021032748437
 10
198.81966011250105
 20
396.6208644864495
 10
198.81966011250105
 20
396.22069622446196
 10
198.81966011250105
 20
395.8205279624745
 10
198.81966011250105
 20
395.420359700487
 10
198.81966011250105
 20
395.0201914384995
 10
198.81966011250105
 20
394.620023176512
 10
198.81966011250105
 20
394.2198549145245
 10
198.81966011250105
 20
393.81968665253703
 10
198.81966011250105
 20
393.4195183905495
 10
198.81966011250105
 20
393.019350128562
 10
198.81966011250105
 20
392.61918186657454
 10
198.81966011250105
 20
392.219013604587
 10
198.81966011250105
 20
391.81884534259956
 10
198.81966011250105
 20
391.41867708061204
 10
198.81966011250105
 20
391.0185088186245
 10
198.81966011250105
 20
390.61834055663707
 10
198.81966011250105
 20
390.21817229464955
 10
198.81966011250105
 20
389.81800403266203
 10
198.81966011250105
 20
389.41783577067457
 10
198.81966011250105
 20
389.01766750868705
 10
198.81966011250105
 20
388.6174992466996
 10
198.81966011250105
 20
388.2173309847121
 10
198.81966011250105
 20
387.81716272272456
 10
198.81966011250105
 20
387.4169944607371
 10
198.81966011250105
 20
387.0168261987496
 10
198.81966011250105
 20
386.61665793676207
 10
198.81966011250105
 20
386.2164896747746
 10
198.81966011250105
 20
385.8163214127871
 10
198.81966011250105
 20
385.41615315079963
 10
198.81966011250105
 20
385.01598488881206
 10
198.81966011250105
 20
384.61581662682454
 10
198.81966011250105
 20
384.2156483648371
 10
198.81966011250105
 20
383.81548010284956
 10
198.81966011250105
 20
383.4153118408621
 10
198.81966011250105
 20
383.0151435788746
 10
198.81966011250105
 20
382.61497531688707
 10
198.81966011250105
 20
382.2148070548996
 10
198.81966011250105
 20
381.8146387929121
 10
198.81966011250105
 20
381.4144705309246
 10
198.81966011250105
 20
381.0143022689371
 10
198.81966011250105
 20
380.6141340069496
 10
198.81966011250105
 20
380.21396574496214
 10
198.81966011250105
 20
379.8137974829746
 10
198.81966011250105
 20
379.4136292209871
 10
198.81966011250105
 20
379.01346095899964
 10
198.81966011250105
 20
378.6132926970121
 10
198.81966011250105
 20
378.2131244350246
 10
198.81966011250105
 20
377.81295617303715
 10
198.81966011250105
 20
377.41278791104963
 10
198.81966011250105
 20
377.0126196490622
 10
198.81966011250105
 20
376.61245138707466
 10
198.81966011250105
 20
376.21228312508714
 10
198.81966011250105
 20
375.8121148630997
 10
198.81966011250105
 20
375.41194660111216
 10
198.81966011250105
 20
375.01177833912465
 10
198.81966011250105
 20
374.6116100771372
 10
198.81966011250105
 20
374.21144181514967
 10
198.81966011250105
 20
373.8112735531622
 10
198.81966011250105
 20
373.4111052911747
 10
198.81966011250105
 20
373.0109370291872
 10
198.81966011250105
 20
372.6107687671997
 10
198.81966011250105
 20
372.2106005052122
 10
198.81966011250105
 20
371.81043224322474
 10
198.81966011250105
 20
371.4102639812372
 10
198.81966011250105
 20
371.0100957192497
 10
198.81966011250105
 20
370.60992745726224
 10
198.81966011250105
 20
370.2097591952747
 10
198.81966011250105
 20
369.8095909332872
 10
198.81966011250105
 20
369.40942267129975
 10
198.81966011250105
 20
369.00925440931223
 10
198.81966011250105
 20
368.6090861473248
 10
198.81966011250105
 20
368.20891788533726
 10
198.81966011250105
 20
367.80874962334974
 10
198.81966011250105
 20
367.4085813613623
 10
198.81966011250105
 20
367.00841309937476
 10
198.81966011250105
 20
366.60824483738725
 10
198.81966011250105
 20
366.2080765753998
 10
198.81966011250105
 20
365.80790831341227
 10
198.81966011250105
 20
365.4077400514248
 10
198.81966011250105
 20
365.0075717894373
 10
198.81966011250105
 20
364.6074035274498
 10
198.81966011250105
 20
364.2072352654623
 10
198.81966011250105
 20
363.8070670034748
 10
198.81966011250105
 20
363.4068987414873
 10
198.81966011250105
 20
363.0067304794998
 10
198.81966011250105
 20
362.6065622175123
 10
198.81966011250105
 20
362.20639395552485
 10
198.81966011250105
 20
361.80622569353733
 10
198.81966011250105
 20
361.4060574315498
 10
198.81966011250105
 20
361.00588916956235
 10
198.81966011250105
 20
360.60572090757483
 10
198.81966011250105
 20
360.2055526455873
 10
198.81966011250105
 20
359.80538438359986
 10
198.81966011250105
 20
359.4052161216123
 10
198.81966011250105
 20
359.0050478596248
 10
198.81966011250105
 20
358.6048795976373
 10
198.81966011250105
 20
358.2047113356498
 10
198.81966011250105
 20
357.80454307366233
 10
198.81966011250105
 20
357.4043748116748
 10
198.81966011250105
 20
357.00420654968735
 10
198.81966011250105
 20
356.60403828769984
 10
198.81966011250105
 20
356.2038700257123
 10
198.81966011250105
 20
355.80370176372486
 10
198.81966011250105
 20
355.40353350173734
 10
198.81966011250105
 20
355.0033652397498
 10
198.81966011250105
 20
354.60319697776237
 10
198.81966011250105
 20
354.20302871577485
 10
198.81966011250105
 20
353.8028604537874
 10
198.81966011250105
 20
353.4026921917999
 10
198.81966011250105
 20
353.00252392981236
 10
198.81966011250105
 20
352.6023556678249
 10
198.81966011250105
 20
352.2021874058374
 10
198.81966011250105
 20
351.80201914384986
 10
198.81966011250105
 20
351.4018508818624
 10
198.81966011250105
 20
351.0016826198749
 10
198.81966011250105
 20
350.6015143578874
 10
198.81966011250105
 20
350.2013460958999
 10
198.81966011250105
 20
349.8011778339124
 10
198.81966011250105
 20
349.40100957192493
 10
198.81966011250105
 20
349.0008413099374
 10
198.81966011250105
 20
348.6006730479499
 10
198.81966011250105
 20
348.20050478596244
 10
198.81966011250105
 20
347.8003365239749
 10
198.81966011250105
 20
347.40016826198746
 10
198.81966011250105
 20
347.0
 10
198.41949185051357
 20
347.0
 97
0
 75
1
 76
1
 52
0.0
 41
0.5
 77
0
 78
1
 53
45.0
 43
0.0
 44
0.0
 45
-1.1225320152
 46
1.1225320152
 79
0
 98
0
  0
LWPOLYLINE
  5
A7
330
17
100
AcDbEntity
  8
20_ВИДИМЫЕ
100
AcDbPolyline
 90
1017
 70
1
 10
198.01932358852605
 20
347.0
 10
197.61915532653856
 20
347.0
 10
197.21898706455107
 20
347.0
 10
196.81881880256358
 20
347.0
 10
196.41865054057607
 20
347.0
 10
196.01848227858858
 20
347.0
 10
195.6183140166011
 20
347.0
 10
195.2181457546136
 20
347.0
 10
194.81797749262608
 20
347.0
 10
194.4178092306386
 20
347.0
 10
194.0176409686511
 20
347.0
 10
193.6174727066636
 20
347.0
 10
193.2173044446761
 20
347.0
 10
192.8171361826886
 20
347.0
 10
192.4169679207011
 20
347.0
 10
192.0167996587136
 20
347.0
 10
191.61663139672612
 20
347.0
 10
191.21646313473863
 20
347.0
 10
190.81629487275114
 20
347.0
 10
190.41612661076363
 20
347.0
 10
190.01595834877614
 20
347.0
 10
189.61579008678865
 20
347.0
 10
189.21562182480113
 20
347.0
 10
188.81545356281364
 20
347.0
 10
188.41528530082616
 20
347.0
 10
188.01511703883864
 20
347.0
 10
187.61494877685115
 20
347.0
 10
187.21478051486366
 20
347.0
 10
186.81461225287617
 20
347.0
 10
186.41444399088869
 20
347.0
 10
186.01427572890117
 20
347.0
 10
185.61410746691368
 20
347.0
 10
185.2139392049262
 20
347.0
 10
184.81377094293867
 20
347.0
 10
184.4136026809512
 20
347.0
 10
184.0134344189637
 20
347.0
 10
183.61326615697618
 20
347.0
 10
183.21309789498872
 20
347.0
 10
182.8129296330012
 20
347.0
 10
182.41276137101372
 20
347.0
 10
182.01259310902623
 20
347.0
 10
181.6124248470387
 20
347.0
 10
181.21225658505122
 20
347.0
 10
180.81208832306373
 20
347.0
 10
180.41192006107622
 20
347.0
 10
180.01175179908873
 20
347.0
 10
179.61158353710124
 20
347.0
 10
179.21141527511372
 20
347.0
 10
178.81124701312626
 20
347.0
 10
178.41107875113875
 20
347.0
 10
178.01091048915123
 20
347.0
 10
177.61074222716377
 20
347.0
 10
177.21057396517625
 20
347.0
 10
176.81040570318876
 20
347.0
 10
176.41023744120128
 20
347.0
 10
176.01006917921376
 20
347.0
 10
175.60990091722627
 20
347.0
 10
175.20973265523878
 20
347.0
 10
174.80956439325126
 20
347.0
 10
174.4093961312638
 20
347.0
 10
174.0092278692763
 20
347.0
 10
173.6090596072888
 20
347.0
 10
173.2088913453013
 20
347.0
 10
172.8087230833138
 20
347.0
 10
172.4085548213263
 20
347.0
 10
172.00838655933882
 20
347.0
 10
171.6082182973513
 20
347.0
 10
171.2080500353638
 20
347.0
 10
170.80788177337632
 20
347.0
 10
170.4077135113888
 20
347.0
 10
170.00754524940135
 20
347.0
 10
169.60737698741383
 20
347.0
 10
169.20720872542634
 20
347.0
 10
168.80704046343885
 20
347.0
 10
168.40687220145134
 20
347.0
 10
168.00670393946385
 20
347.0
 10
167.60653567747636
 20
347.0
 10
167.20636741548884
 20
347.0
 10
166.80619915350138
 20
347.0
 10
166.40603089151386
 20
347.0
 10
166.00586262952638
 20
347.0
 10
165.6056943675389
 20
347.0
 10
165.20552610555137
 20
347.0
 10
164.80535784356388
 20
347.0
 10
164.4051895815764
 20
347.0
 10
164.00502131958888
 20
347.0
 10
163.6048530576014
 20
347.0
 10
163.2046847956139
 20
347.0
 10
162.80451653362638
 20
347.0
 10
162.4043482716389
 20
347.0
 10
162.0041800096514
 20
347.0
 10
161.6040117476639
 20
347.0
 10
161.2038434856764
 20
347.0
 10
160.8036752236889
 20
347.0
 10
160.4035069617014
 20
347.0
 10
160.00333869971394
 20
347.0
 10
159.60317043772642
 20
347.0
 10
159.20300217573893
 20
347.0
 10
158.80283391375144
 20
347.0
 10
158.40266565176393
 20
347.0
 10
158.00249738977644
 20
347.0
 10
157.60232912778895
 20
347.0
 10
157.20216086580143
 20
347.0
 10
156.80199260381397
 20
347.0
 10
156.40182434182645
 20
347.0
 10
156.00165607983897
 20
347.0
 10
155.60148781785145
 20
347.0
 10
155.20131955586396
 20
347.0
 10
154.80115129387647
 20
347.0
 10
154.40098303188898
 20
347.0
 10
154.00081476990147
 20
347.0
 10
153.60064650791398
 20
347.0
 10
153.2004782459265
 20
347.0
 10
152.800309983939
 20
347.0
 10
152.40014172195148
 20
347.0
 10
151.999973459964
 20
347.0
 10
151.59980519797648
 20
347.0
 10
151.19963693598902
 20
347.0
 10
150.7994686740015
 20
347.0
 10
150.4048082423872
 20
346.9487755159731
 10
150.06015218086748
 20
346.75073186942774
 10
149.81987803426387
 20
346.43406576585306
 10
149.68577172897287
 20
346.0573151869186
 10
149.55922741345373
 20
345.67768224036115
 10
149.43268309793459
 20
345.29804929380373
 10
149.30613878241542
 20
344.9184163472463
 10
149.16872449816796
 20
344.54303313575895
 10
148.92042914643775
 20
344.2326164722429
 10
148.57082020652848
 20
344.04345337908046
 10
148.1749501168795
 20
344.0
 10
147.774781854892
 20
344.0
 10
147.3746135929045
 20
344.0
 10
146.974445330917
 20
344.0
 10
146.5742770689295
 20
344.0
 10
146.174108806942
 20
344.0
 10
145.7739405449545
 20
344.0
 10
145.37377228296702
 20
344.0
 10
144.9736040209795
 20
344.0
 10
144.57343575899202
 20
344.0
 10
144.17326749700453
 20
344.0
 10
143.773099235017
 20
344.0
 10
143.37293097302955
 20
344.0
 10
142.97276271104204
 20
344.0
 10
142.57259444905455
 20
344.0
 10
142.17242618706706
 20
344.0
 10
141.77225792507954
 20
344.0
 10
141.37208966309205
 20
344.0
 10
140.97192140110457
 20
344.0
 10
140.57175313911708
 20
344.0
 10
140.17158487712956
 20
344.0
 10
139.77141661514207
 20
344.0
 10
139.37124835315456
 20
344.0
 10
138.97108009116707
 20
344.0
 10
138.57091182917958
 20
344.0
 10
138.1707435671921
 20
344.0
 10
137.7705753052046
 20
344.0
 10
137.37040704321709
 20
344.0
 10
136.9702387812296
 20
344.0
 10
136.5700705192421
 20
344.0
 10
136.1699022572546
 20
344.0
 10
135.76973399526713
 20
344.0
 10
135.36956573327961
 20
344.0
 10
134.96939747129213
 20
344.0
 10
134.56922920930464
 20
344.0
 10
134.16906094731712
 20
344.0
 10
133.7688926853296
 20
344.0
 10
133.36872442334214
 20
344.0
 10
132.96855616135463
 20
344.0
 10
132.56838789936714
 20
344.0
 10
132.16821963737965
 20
344.0
 10
131.76805137539213
 20
344.0
 10
131.36788311340464
 20
344.0
 10
130.96771485141716
 20
344.0
 10
130.56754658942964
 20
344.0
 10
130.16737832744218
 20
344.0
 10
129.76721006545466
 20
344.0
 10
129.36704180346717
 20
344.0
 10
128.96687354147969
 20
344.0
 10
128.56670527949217
 20
344.0
 10
128.16670865891183
 20
344.0092640784328
 10
127.76819540431948
 20
344.0447953827143
 10
127.37293614503746
 20
344.1068067173359
 10
126.98268841550004
 20
344.1950223466802
 10
126.59918746619519
 20
344.30905001679594
 10
126.22413854781134
 20
344.44838269956927
 10
125.85920932877902
 20
344.6124008472426
 10
125.50602247992369
 20
344.8003751472556
 10
125.16614845920175
 20
345.0114697651596
 10
124.84109852860321
 20
345.24474606118554
 10
124.53231803427103
 20
345.49916676393923
 10
124.24117997971788
 20
345.7736005826656
 10
123.96897892071699
 20
346.0668272375736
 10
123.71692520901341
 20
346.37754288585376
 10
123.48613961045186
 20
346.7043659192622
 10
123.27764832145122
 20
347.04584310749095
 10
123.09237840598549
 20
347.40045606000825
 10
122.9311536733606
 20
347.7666279776368
 10
122.79469101511697
 20
348.1427306638474
 10
122.68359721734555
 20
348.5270917645931
 10
122.59836626259181
 20
348.91800220449136
 10
122.53937713334466
 20
349.31372378628896
 10
122.50689212687726
 20
349.71249691981797
 10
122.50000157526637
 20
350.11255504705775
 10
122.51363093809128
 20
350.51241693338693
 10
122.55387890507404
 20
350.91048148697524
 10
122.62056651218982
 20
351.304978699547
 10
122.7133972306083
 20
351.69415442513593
 10
122.83195828521956
 20
352.0762781799578
 10
122.97572249005353
 20
352.4496508370689
 10
123.14405059243117
 20
352.81261218159426
 10
123.33619411542439
 20
353.1635482929329
 10
123.5512986859855
 20
353.5008987211132
 10
123.78058493685062
 20
353.82886482502715
 10
124.0101120225022
 20
354.15666347489383
 10
124.23963910815378
 20
354.48446212476046
 10
124.46916619380536
 20
354.8122607746271
 10
124.69869327945693
 20
355.1400594244937
 10
124.92822036510852
 20
355.4678580743603
 10
125.1577474507601
 20
355.795656724227
 10
125.38727453641167
 20
356.1234553740936
 10
125.61680162206326
 20
356.45125402396025
 10
125.84632870771483
 20
356.77905267382687
 10
126.0758557933664
 20
357.1068513236935
 10
126.305382879018
 20
357.4346499735601
 10
126.53490996466957
 20
357.76244862342674
 10
126.76443705032115
 20
358.09024727329336
 10
126.99396413597273
 20
358.41804592316
 10
127.22349122162431
 20
358.74584457302666
 10
127.45301830727588
 20
359.0736432228933
 10
127.68254539292748
 20
359.4014418727599
 10
127.91207247857905
 20
359.7292405226265
 10
128.14159956423063
 20
360.05703917249315
 10
128.37112664988223
 20
360.38483782235977
 10
128.6006537355338
 20
360.71263647222645
 10
128.83018082118537
 20
361.0404351220931
 10
129.05970790683696
 20
361.3682337719597
 10
129.28923499248853
 20
361.6960324218263
 10
129.51876207814013
 20
362.02383107169294
 10
129.7482891637917
 20
362.35162972155956
 10
129.97781624944326
 20
362.6794283714262
 10
130.20734333509483
 20
363.0072270212928
 10
130.43687042074643
 20
363.3350256711595
 10
130.666397506398
 20
363.6628243210261
 10
130.8959245920496
 20
363.99062297089273
 10
131.12545167770116
 20
364.31842162075935
 10
131.35497876335276
 20
364.646220270626
 10
131.58450584900433
 20
364.97401892049265
 10
131.81403293465593
 20
365.3018175703593
 10
132.0435600203075
 20
365.6296162202259
 10
132.27308710595906
 20
365.9574148700925
 10
132.50261419161063
 20
366.28521351995914
 10
132.73214127726223
 20
366.61301216982577
 10
132.96166836291383
 20
366.9408108196924
 10
133.1911954485654
 20
367.268609469559
 10
133.42072253421696
 20
367.5964081194257
 10
133.65024961986853
 20
367.9242067692923
 10
133.87977670552013
 20
368.25200541915893
 10
134.1093037911717
 20
368.57980406902556
 10
134.3388308768233
 20
368.9076027188922
 10
134.56835796247486
 20
369.2354013687588
 10
134.79788504812643
 20
369.5632000186254
 10
135.027412133778
 20
369.89099866849205
 10
135.2569392194296
 20
370.2187973183587
 10
135.4864663050812
 20
370.54659596822535
 10
135.71599339073276
 20
370.87439461809197
 10
135.94552047638433
 20
371.2021932679586
 10
136.17504756203593
 20
371.5299919178252
 10
136.4045746476875
 20
371.85779056769184
 10
136.6341017333391
 20
372.1855892175585
 10
136.86362881899066
 20
372.51338786742514
 10
137.09315590464226
 20
372.84118651729176
 10
137.32268299029383
 20
373.1689851671584
 10
137.44291794127122
 20
373.5312434947218
 10
137.44291794127122
 20
373.9314117567093
 10
137.44291794127122
 20
374.3315800186968
 10
137.44291794127122
 20
374.7317482806843
 10
137.44291794127122
 20
375.1319165426718
 10
137.44291794127122
 20
375.5320848046593
 10
137.44291794127122
 20
375.9322530666468
 10
137.44291794127122
 20
376.33242132863427
 10
137.44291794127122
 20
376.7325895906218
 10
137.44291794127122
 20
377.13275785260925
 10
137.44291794127122
 20
377.53292611459676
 10
137.44291794127122
 20
377.9330943765842
 10
137.44291794127122
 20
378.33326263857174
 10
137.44291794127122
 20
378.73343090055926
 10
137.44291794127122
 20
379.1335991625467
 10
137.44291794127122
 20
379.53376742453423
 10
137.44291794127122
 20
379.93393568652175
 10
137.44291794127122
 20
380.3341039485092
 10
137.44291794127122
 20
380.7342722104967
 10
137.44291794127122
 20
381.13444047248424
 10
137.44291794127122
 20
381.5346087344717
 10
137.44291794127122
 20
381.9347769964592
 10
137.44291794127122
 20
382.3349452584467
 10
137.44291794127122
 20
382.7351135204342
 10
137.44291794127122
 20
383.13528178242166
 10
137.44291794127122
 20
383.5354500444092
 10
137.44291794127122
 20
383.9356183063967
 10
137.44291794127122
 20
384.33578656838415
 10
137.44291794127122
 20
384.7359548303717
 10
137.44291794127122
 20
385.1361230923592
 10
137.44291794127122
 20
385.5362913543467
 10
137.44291794127122
 20
385.93645961633416
 10
137.44291794127122
 20
386.3366278783217
 10
137.44291794127122
 20
386.7367961403092
 10
137.44291794127122
 20
387.13696440229666
 10
137.44291794127122
 20
387.5371326642842
 10
137.44291794127122
 20
387.93730092627163
 10
137.44291794127122
 20
388.33746918825915
 10
137.44291794127122
 20
388.73763745024667
 10
137.45239813144894
 20
389.137369961599
 10
137.58416936819964
 20
389.5123971977359
 10
137.85163068266849
 20
389.8064610206415
 10
138.21252075683424
 20
389.9730966742331
 10
138.22
 20
390.3673263574799
 10
138.22
 20
390.7674946194674
 10
138.22
 20
391.16766288145493
 10
138.22
 20
391.5678311434424
 10
138.22
 20
391.9679994054299
 10
138.22
 20
392.3681676674174
 10
138.22
 20
392.7683359294049
 10
138.22
 20
393.16850419139234
 10
138.22
 20
393.5686724533799
 10
138.22
 20
393.9688407153674
 10
138.22
 20
394.36900897735484
 10
138.22
 20
394.76917723934235
 10
138.22
 20
395.1693455013299
 10
138.22
 20
395.56951376331733
 10
138.22
 20
395.96968202530485
 10
138.22
 20
396.36985028729237
 10
138.22
 20
396.7700185492798
 10
138.22
 20
397.1701868112674
 10
138.22
 20
397.57035507325486
 10
138.22
 20
397.9705233352423
 10
138.22
 20
398.3706915972299
 10
138.22
 20
398.77085985921735
 10
138.22
 20
399.17102812120487
 10
138.22
 20
399.57119638319233
 10
138.22
 20
399.97136464517985
 10
138.22
 20
400.3715329071673
 10
138.22
 20
400.7717011691548
 10
138.22
 20
401.17186943114234
 10
138.22
 20
401.5720376931298
 10
138.22
 20
401.9722059551173
 10
138.22
 20
402.37237421710483
 10
138.22
 20
402.7725424790923
 10
138.22
 20
403.1727107410798
 10
138.22
 20
403.5728790030673
 10
138.22
 20
403.9730472650548
 10
138.22
 20
404.37321552704225
 10
138.22
 20
404.77338378902977
 10
138.22
 20
405.1735520510173
 10
138.22
 20
405.57372031300474
 10
138.22
 20
405.97388857499226
 10
138.22
 20
406.3740568369798
 10
138.22
 20
406.77422509896724
 10
138.22
 20
407.17439336095475
 10
138.22
 20
407.57456162294227
 10
138.22
 20
407.97472988492973
 10
138.22
 20
408.37489814691725
 10
138.22
 20
408.77506640890476
 10
138.22
 20
409.1752346708922
 10
138.22
 20
409.5754029328797
 10
138.22
 20
409.97557119486726
 10
138.22
 20
410.3757394568547
 10
138.22
 20
410.77590771884223
 10
138.22
 20
411.17607598082975
 10
138.22
 20
411.5762442428172
 10
138.22
 20
411.9764125048047
 10
138.22
 20
412.3765807667922
 10
138.22
 20
412.7767490287797
 10
138.22
 20
413.1769172907672
 10
138.22
 20
413.57708555275474
 10
138.22
 20
413.9772538147422
 10
138.22
 20
414.37742207672966
 10
138.22
 20
414.77759033871723
 10
138.22
 20
415.1777586007047
 10
138.22
 20
415.57792686269215
 10
138.22
 20
415.97809512467967
 10
138.22
 20
416.37826338666713
 10
138.22
 20
416.77843164865465
 10
138.22
 20
417.17859991064216
 10
138.22
 20
417.5787681726297
 10
138.22
 20
417.97893643461714
 10
138.22
 20
418.37910469660466
 10
138.22
 20
418.7792729585922
 10
138.22
 20
419.17944122057963
 10
138.22
 20
419.5796094825671
 10
138.22
 20
419.9797777445546
 10
138.22
 20
420.3799460065421
 10
138.22
 20
420.7801142685296
 10
138.22
 20
421.1802825305171
 10
138.22
 20
421.5804507925046
 10
138.22
 20
421.9806190544921
 10
138.22
 20
422.38078731647965
 10
138.22
 20
422.7809555784671
 10
138.22
 20
423.18112384045463
 10
138.22
 20
423.58129210244215
 10
138.22
 20
423.9814603644296
 10
138.22
 20
424.38162862641707
 10
138.22
 20
424.78179688840464
 10
138.22
 20
425.1819651503921
 10
138.22
 20
425.58213341237956
 10
138.22
 20
425.9823016743671
 10
138.22
 20
426.3824699363546
 10
138.22
 20
426.78263819834206
 10
138.22
 20
427.1828064603296
 10
138.22
 20
427.5829747223171
 10
138.22
 20
427.98314298430455
 10
138.22
 20
428.38331124629207
 10
138.22
 20
428.7834795082796
 10
138.22
 20
429.18364777026704
 10
138.22
 20
429.5838160322545
 10
138.22
 20
429.9839842942421
 10
138.22
 20
430.38415255622954
 10
138.22
 20
430.784320818217
 10
138.22
 20
431.1844890802045
 10
138.22
 20
431.58465734219203
 10
138.22
 20
431.9848256041795
 10
138.22
 20
432.384993866167
 10
138.22
 20
432.7851621281545
 10
138.22
 20
433.185330390142
 10
138.22
 20
433.5854986521295
 10
138.22
 20
433.985666914117
 10
138.22
 20
434.3858351761045
 10
138.22
 20
434.786003438092
 10
138.22
 20
435.1861717000795
 10
138.22
 20
435.586339962067
 10
138.22
 20
435.9865082240545
 10
138.22
 20
436.386676486042
 10
138.22
 20
436.78684474802947
 10
138.22
 20
437.187013010017
 10
138.22
 20
437.5871812720045
 10
138.22
 20
437.98734953399196
 10
138.22
 20
438.3875177959795
 10
138.22
 20
438.787686057967
 10
138.22
 20
439.18785431995445
 10
138.22
 20
439.58802258194197
 10
138.22
 20
439.9881908439295
 10
138.22
 20
440.38835910591695
 10
138.22
 20
440.7885273679044
 10
138.22
 20
441.188695629892
 10
138.22
 20
441.58886389187944
 10
138.22
 20
441.9890321538669
 10
138.22
 20
442.3892004158544
 10
138.22
 20
442.78936867784194
 10
138.22
 20
443.1895369398294
 10
138.22
 20
443.5897052018169
 10
138.22
 20
443.98987346380443
 10
138.22
 20
444.3900417257919
 10
138.22
 20
444.7902099877794
 10
138.22
 20
445.1903782497669
 10
138.22
 20
445.5905465117544
 10
138.22
 20
445.99071477374184
 10
138.22
 20
446.3908830357294
 10
138.22
 20
446.7910512977169
 10
138.22
 20
447.19121955970434
 10
138.22
 20
447.59138782169185
 10
138.22
 20
447.99155608367937
 10
138.22
 20
448.3917243456669
 10
138.22
 20
448.7918926076544
 10
138.22
 20
449.19206086964186
 10
138.22
 20
449.5922291316294
 10
138.22
 20
449.9923973936169
 10
138.61256565560436
 20
450.0
 10
139.01273391759185
 20
450.0
 10
139.41290217957936
 20
450.0
 10
139.81307044156685
 20
450.0
 10
140.21323870355434
 20
450.0
 10
140.61340696554183
 20
450.0
 10
141.01357522752934
 20
450.0
 10
141.41374348951683
 20
450.0
 10
141.81391175150432
 20
450.0
 10
142.2140800134918
 20
450.0
 10
142.6142482754793
 20
450.0
 10
143.01441653746681
 20
450.0
 10
143.4145847994543
 20
450.0
 10
143.8147530614418
 20
450.0
 10
144.21492132342928
 20
450.0
 10
144.6150895854168
 20
450.0
 10
145.01525784740429
 20
450.0
 10
145.41542610939177
 20
450.0
 10
145.81559437137926
 20
450.0
 10
146.21576263336678
 20
450.0
 10
146.61593089535427
 20
450.0
 10
147.01609915734176
 20
450.0
 10
147.41626741932924
 20
450.0
 10
147.81643568131676
 20
450.0
 10
148.21660394330425
 20
450.0
 10
148.61677220529174
 20
450.0
 10
149.01694046727926
 20
450.0
 10
149.41710872926677
 20
450.0
 10
149.81727699125426
 20
450.0
 10
150.21744525324175
 20
450.0
 10
150.61761351522924
 20
450.0
 10
151.01778177721675
 20
450.0
 10
151.41795003920424
 20
450.0
 10
151.81811830119173
 20
450.0
 10
152.21828656317922
 20
450.0
 10
152.61845482516674
 20
450.0
 10
153.01862308715423
 20
450.0
 10
153.4187913491417
 20
450.0
 10
153.8189596111292
 20
450.0
 10
154.21912787311672
 20
450.0
 10
154.6192961351042
 20
450.0
 10
155.0194643970917
 20
450.0
 10
155.41963265907918
 20
450.0
 10
155.81980092106667
 20
450.0
 10
156.2199691830542
 20
450.0
 10
156.62013744504168
 20
450.0
 10
157.02030570702917
 20
450.0
 10
157.42047396901665
 20
450.0
 10
157.82064223100417
 20
450.0
 10
158.22081049299166
 20
450.0
 10
158.62097875497915
 20
450.0
 10
159.02114701696664
 20
450.0
 10
159.42131527895415
 20
450.0
 10
159.82148354094164
 20
450.0
 10
160.22165180292913
 20
450.0
 10
160.62182006491662
 20
450.0
 10
161.02198832690414
 20
450.0
 10
161.42215658889162
 20
450.0
 10
161.8223248508791
 20
450.0
 10
162.2224931128666
 20
450.0
 10
162.62266137485412
 20
450.0
 10
163.0228296368416
 20
450.0
 10
163.4229978988291
 20
450.0
 10
163.82316616081658
 20
450.0
 10
164.2233344228041
 20
450.0
 10
164.6235026847916
 20
450.0
 10
165.02367094677908
 20
450.0
 10
165.42383920876657
 20
450.0
 10
165.82400747075408
 20
450.0
 10
166.22417573274157
 20
450.0
 10
166.62434399472906
 20
450.0
 10
167.02451225671655
 20
450.0
 10
167.42468051870406
 20
450.0
 10
167.8248487806916
 20
450.0
 10
168.2250170426791
 20
450.0
 10
168.6251853046666
 20
450.0
 10
169.02535356665408
 20
450.0
 10
169.4255218286416
 20
450.0
 10
169.82569009062908
 20
450.0
 10
170.22585835261657
 20
450.0
 10
170.62602661460406
 20
450.0
 10
171.02619487659157
 20
450.0
 10
171.42636313857906
 20
450.0
 10
171.82653140056655
 20
450.0
 10
172.22669966255404
 20
450.0
 10
172.62686792454156
 20
450.0
 10
173.02703618652905
 20
450.0
 10
173.42720444851653
 20
450.0
 10
173.82737271050402
 20
450.0
 10
174.22754097249154
 20
450.0
 10
174.62770923447903
 20
450.0
 10
175.02787749646652
 20
450.0
 10
175.22
 20
449.791954241546
 10
175.22
 20
449.39178597955845
 10
175.22
 20
448.991617717571
 10
175.22
 20
448.59144945558353
 10
175.22
 20
448.191281193596
 10
175.22
 20
447.7911129316085
 10
175.22
 20
447.39094466962104
 10
175.22
 20
446.9907764076335
 10
175.22
 20
446.590608145646
 10
175.22
 20
446.19043988365854
 10
175.22
 20
445.790271621671
 10
175.22
 20
445.3901033596835
 10
175.22
 20
444.98993509769605
 10
175.22
 20
444.5897668357086
 10
175.22
 20
444.189598573721
 10
175.22
 20
443.78943031173355
 10
175.22
 20
443.3892620497461
 10
175.22
 20
442.9890937877586
 10
175.22
 20
442.58892552577106
 10
175.22
 20
442.1887572637836
 10
175.22
 20
441.7885890017961
 10
175.22
 20
441.38842073980857
 10
175.22
 20
440.9882524778211
 10
175.22
 20
440.5880842158336
 10
175.22
 20
440.1879159538461
 10
175.22
 20
439.7877476918586
 10
175.22
 20
439.3875794298711
 10
175.22
 20
438.9874111678836
 10
175.22
 20
438.5872429058961
 10
175.22
 20
438.18707464390866
 10
175.22
 20
437.7869063819211
 10
175.22
 20
437.3867381199336
 10
175.22
 20
436.98656985794617
 10
175.22
 20
436.58640159595865
 10
175.22
 20
436.18623333397113
 10
175.22
 20
435.78606507198367
 10
175.22
 20
435.38589680999615
 10
175.22
 20
434.98572854800864
 10
175.22
 20
434.5855602860212
 10
175.22
 20
434.18539202403366
 10
175.22
 20
433.78522376204614
 10
175.22
 20
433.3850555000587
 10
175.22
 20
432.98488723807117
 10
175.22
 20
432.58471897608365
 10
175.22
 20
432.1845507140962
 10
175.22
 20
431.7843824521086
 10
175.22
 20
431.38421419012116
 10
175.22
 20
430.98404592813364
 10
175.22
 20
430.5838776661461
 10
175.22
 20
430.18370940415866
 10
175.22
 20
429.7835411421712
 10
175.22
 20
429.38337288018363
 10
175.22
 20
428.98320461819617
 10
175.22
 20
428.5830363562087
 10
175.22
 20
428.1828680942212
 10
175.22
 20
427.7826998322337
 10
175.22
 20
427.3825315702462
 10
175.22
 20
426.9823633082587
 10
175.22
 20
426.5821950462712
 10
175.22
 20
426.1820267842837
 10
175.22
 20
425.7818585222962
 10
175.22
 20
425.3816902603087
 10
175.22
 20
424.9815219983212
 10
175.22
 20
424.5813537363337
 10
175.22
 20
424.1811854743462
 10
175.22
 20
423.78101721235873
 10
175.22
 20
423.3808489503713
 10
175.22
 20
422.9806806883837
 10
175.22
 20
422.58051242639624
 10
175.22
 20
422.1803441644088
 10
175.22
 20
421.78017590242126
 10
175.22
 20
421.38000764043375
 10
175.22
 20
420.9798393784463
 10
175.22
 20
420.57967111645877
 10
175.22
 20
420.17950285447125
 10
175.22
 20
419.7793345924838
 10
175.22
 20
419.3791663304963
 10
175.22
 20
418.97899806850876
 10
175.22
 20
418.5788298065213
 10
175.22
 20
418.1786615445338
 10
175.22
 20
417.77849328254626
 10
175.22
 20
417.3783250205588
 10
175.22
 20
416.97815675857134
 10
175.22
 20
416.57798849658377
 10
175.22
 20
416.1778202345963
 10
175.22
 20
415.77765197260885
 10
175.22
 20
415.3774837106213
 10
175.22
 20
414.9773154486338
 10
175.22
 20
414.57714718664636
 10
175.22
 20
414.1769789246589
 10
175.22
 20
413.7768106626713
 10
175.22
 20
413.37664240068386
 10
175.22
 20
412.9764741386964
 10
175.22
 20
412.57630587670883
 10
175.22
 20
412.17613761472137
 10
175.22
 20
411.7759693527339
 10
175.22
 20
411.37580109074634
 10
175.22
 20
410.9756328287589
 10
175.22
 20
410.5754645667714
 10
175.22
 20
410.17529630478384
 10
175.22
 20
409.7751280427964
 10
175.22
 20
409.3749597808089
 10
175.22
 20
408.97479151882135
 10
175.22
 20
408.5746232568339
 10
175.22
 20
408.1744549948464
 10
175.22
 20
407.77428673285897
 10
175.22
 20
407.3741184708714
 10
175.22
 20
406.97395020888393
 10
175.22
 20
406.57378194689636
 10
175.22
 20
406.1736136849089
 10
175.22
 20
405.77344542292144
 10
175.22
 20
405.37327716093387
 10
175.22
 20
404.9731088989464
 10
175.22
 20
404.57294063695895
 10
175.22
 20
404.1727723749714
 10
175.22
 20
403.7726041129839
 10
175.22
 20
403.37243585099645
 10
175.22
 20
402.9722675890089
 10
175.22
 20
402.5720993270214
 10
175.22
 20
402.17193106503396
 10
175.22
 20
401.7717628030464
 10
175.22
 20
401.3715945410589
 10
175.22
 20
400.97142627907147
 10
175.22
 20
400.5712580170839
 10
175.22
 20
400.17108975509643
 10
175.22
 20
399.770921493109
 10
175.22
 20
399.3707532311215
 10
175.22
 20
398.97058496913394
 10
175.22
 20
398.5704167071465
 10
175.22
 20
398.170248445159
 10
175.22
 20
397.77008018317144
 10
175.22
 20
397.369911921184
 10
175.22
 20
396.9697436591965
 10
175.22
 20
396.56957539720895
 10
175.22
 20
396.1694071352215
 10
175.22
 20
395.76923887323403
 10
175.22
 20
395.36907061124646
 10
175.22
 20
394.968902349259
 10
175.22
 20
394.56873408727154
 10
175.22
 20
394.16856582528396
 10
175.22
 20
393.7683975632965
 10
175.22
 20
393.36822930130904
 10
175.22
 20
392.9680610393216
 10
175.22
 20
392.567892777334
 10
175.22
 20
392.16772451534655
 10
175.22
 20
391.7675562533591
 10
175.22
 20
391.3673879913715
 10
175.22
 20
390.96721972938406
 10
175.22
 20
390.5670514673966
 10
175.22
 20
390.166883205409
 10
175.45328505657838
 20
390.0
 10
175.8534533185659
 20
390.0
 10
176.17933753946454
 20
390.17933753946454
 10
176.4622992311315
 20
390.4622992311315
 10
176.74526092279854
 20
390.74526092279854
 10
177.02822261446548
 20
391.0282226144655
 10
177.3111843061325
 20
391.3111843061325
 10
177.5941459977995
 20
391.5941459977995
 10
177.87710768946647
 20
391.87710768946647
 10
178.16006938113347
 20
392.1600693811335
 10
178.4430310728005
 20
392.44303107280047
 10
178.72599276446746
 20
392.72599276446743
 10
179.00895445613446
 20
393.00895445613446
 10
179.29191614780143
 20
393.29191614780143
 10
179.57487783946843
 20
393.57487783946846
 10
179.85783953113545
 20
393.8578395311354
 10
180.0
 20
394.1991229988859
 10
180.0
 20
394.59929126087343
 10
180.0
 20
394.99945952286095
 10
180.0
 20
395.3996277848484
 10
180.0
 20
395.7997960468359
 10
180.0
 20
396.1999643088234
 10
180.0
 20
396.60013257081096
 10
180.0
 20
397.0003008327985
 10
180.0
 20
397.40046909478593
 10
180.0
 20
397.80063735677345
 10
180.0
 20
398.2008056187609
 10
180.0
 20
398.6009738807484
 10
180.0
 20
399.00114214273594
 10
180.0
 20
399.4013104047234
 10
180.0
 20
399.8014786667109
 10
180.0
 20
400.20164692869844
 10
180.0
 20
400.6018151906859
 10
180.0
 20
401.0019834526734
 10
180.0
 20
401.4021517146609
 10
180.0
 20
401.8023199766484
 10
180.0
 20
402.2024882386359
 10
180.0
 20
402.60265650062337
 10
180.0
 20
403.0028247626109
 10
180.0
 20
403.4029930245984
 10
180.0
 20
403.80316128658586
 10
180.0
 20
404.2033295485734
 10
180.0
 20
404.60349781056084
 10
180.0
 20
405.00366607254836
 10
180.0
 20
405.4038343345359
 10
180.0
 20
405.80400259652333
 10
180.0
 20
406.20417085851085
 10
180.0
 20
406.60433912049837
 10
180.0
 20
407.0045073824858
 10
180.0
 20
407.40467564447334
 10
180.0
 20
407.8048439064608
 10
180.0
 20
408.2050121684483
 10
180.0
 20
408.60518043043584
 10
180.0
 20
409.0053486924233
 10
180.0
 20
409.4055169544108
 10
180.0
 20
409.8056852163983
 10
180.0
 20
410.2058534783858
 10
180.0
 20
410.6060217403733
 10
180.0
 20
411.00619000236077
 10
180.0
 20
411.4063582643483
 10
180.0
 20
411.8065265263358
 10
180.0
 20
412.20669478832326
 10
180.0
 20
412.6068630503108
 10
180.0
 20
413.00703131229824
 10
180.0
 20
413.40719957428576
 10
180.0
 20
413.8073678362733
 10
180.0
 20
414.20753609826073
 10
180.0
 20
414.60770436024825
 10
180.0
 20
415.00787262223577
 10
180.0
 20
415.4080408842232
 10
180.0
 20
415.80820914621074
 10
180.0
 20
416.2083774081982
 10
180.0
 20
416.6085456701857
 10
180.0
 20
417.00871393217324
 10
180.0
 20
417.4088821941607
 10
180.0
 20
417.8090504561482
 10
180.14793997434492
 20
418.1479399743449
 10
180.4309016660119
 20
418.4309016660119
 10
180.71386335767892
 20
418.7138633576789
 10
180.99682504934586
 20
418.9968250493459
 10
181.27978674101288
 20
419.2797867410129
 10
181.56274843267988
 20
419.5627484326799
 10
181.84571012434685
 20
419.84571012434685
 10
182.1819694273019
 20
420.0
 10
182.58213768928942
 20
420.0
 10
182.98230595127694
 20
420.0
 10
183.38247421326446
 20
420.0
 10
183.78264247525192
 20
420.0
 10
184.18281073723944
 20
420.0
 10
184.58297899922695
 20
420.0
 10
184.9831472612144
 20
420.0
 10
185.38331552320193
 20
420.0
 10
185.7834837851894
 20
420.0
 10
186.1836520471769
 20
420.0
 10
186.58382030916442
 20
420.0
 10
186.98398857115188
 20
420.0
 10
187.3841568331394
 20
420.0
 10
187.78432509512692
 20
420.0
 10
188.18449335711438
 20
420.0
 10
188.5846616191019
 20
420.0
 10
188.98482988108935
 20
420.0
 10
189.38499814307687
 20
420.0
 10
189.7851664050644
 20
420.0
 10
190.18533466705185
 20
420.0
 10
190.58550292903936
 20
420.0
 10
190.98567119102688
 20
420.0
 10
191.38583945301434
 20
420.0
 10
191.78600771500186
 20
420.0
 10
192.18617597698932
 20
420.0
 10
192.58634423897684
 20
420.0
 10
192.98651250096435
 20
420.0
 10
193.3866807629518
 20
420.0
 10
193.78684902493933
 20
420.0
 10
194.18701728692685
 20
420.0
 10
194.5871855489143
 20
420.0
 10
194.98735381090182
 20
420.0
 10
195.38752207288928
 20
420.0
 10
195.7876903348768
 20
420.0
 10
196.18785859686432
 20
420.0
 10
196.58802685885178
 20
420.0
 10
196.9881951208393
 20
420.0
 10
197.38836338282675
 20
420.0
 10
197.78853164481427
 20
420.0
 10
198.1886999068018
 20
420.0
 10
198.58886816878925
 20
420.0
 10
198.81966011250105
 20
419.83062368172426
 10
198.81966011250105
 20
419.43045541973675
 10
198.81966011250105
 20
419.0302871577493
 10
198.81966011250105
 20
418.63011889576177
 10
198.81966011250105
 20
418.2299506337743
 10
198.81966011250105
 20
417.8297823717868
 10
198.81966011250105
 20
417.4296141097993
 10
198.81966011250105
 20
417.0294458478118
 10
198.81966011250105
 20
416.6292775858243
 10
198.81966011250105
 20
416.2291093238368
 10
198.81966011250105
 20
415.8289410618493
 10
198.81966011250105
 20
415.4287727998618
 10
198.81966011250105
 20
415.02860453787434
 10
198.81966011250105
 20
414.6284362758868
 10
198.81966011250105
 20
414.2282680138993
 10
198.81966011250105
 20
413.82809975191185
 10
198.81966011250105
 20
413.42793148992433
 10
198.81966011250105
 20
413.0277632279368
 10
198.81966011250105
 20
412.62759496594936
 10
198.81966011250105
 20
412.22742670396184
 10
198.81966011250105
 20
411.8272584419744
 10
198.81966011250105
 20
411.42709017998686
 10
198.81966011250105
 20
411.02692191799935
 10
198.81966011250105
 20
410.6267536560119
 10
198.81966011250105
 20
410.2265853940243
 10
198.81966011250105
 20
409.82641713203685
 10
198.81966011250105
 20
409.42624887004933
 10
198.81966011250105
 20
409.0260806080618
 10
198.81966011250105
 20
408.62591234607436
 10
198.81966011250105
 20
408.22574408408684
 10
198.81966011250105
 20
407.8255758220993
 10
198.81966011250105
 20
407.42540756011186
 10
198.81966011250105
 20
407.02523929812435
 10
198.81966011250105
 20
406.6250710361369
 10
198.81966011250105
 20
406.22490277414937
 10
198.81966011250105
 20
405.82473451216185
 10
198.81966011250105
 20
405.4245662501744
 10
198.81966011250105
 20
405.0243979881869
 10
198.81966011250105
 20
404.62422972619936
 10
198.81966011250105
 20
404.2240614642119
 10
198.81966011250105
 20
403.8238932022244
 10
198.81966011250105
 20
403.4237249402369
 10
198.81966011250105
 20
403.0235566782494
 10
198.81966011250105
 20
402.6233884162619
 10
198.81966011250105
 20
402.22322015427443
 10
198.81966011250105
 20
401.8230518922869
 10
198.81966011250105
 20
401.4228836302994
 10
198.81966011250105
 20
401.02271536831194
 10
198.81966011250105
 20
400.6225471063244
 10
198.81966011250105
 20
400.22237884433696
 10
198.81966011250105
 20
399.82221058234944
 10
198.81966011250105
 20
399.4220423203619
 10
198.81966011250105
 20
399.02187405837446
 10
198.81966011250105
 20
398.62170579638695
 10
198.81966011250105
 20
398.22153753439943
 10
198.81966011250105
 20
397.82136927241197
 10
198.81966011250105
 20
397.42120101042445
 10
198.81966011250105
 20
397.021032748437
 10
198.81966011250105
 20
396.6208644864495
 10
198.81966011250105
 20
396.22069622446196
 10
198.81966011250105
 20
395.8205279624745
 10
198.81966011250105
 20
395.420359700487
 10
198.81966011250105
 20
395.0201914384995
 10
198.81966011250105
 20
394.620023176512
 10
198.81966011250105
 20
394.2198549145245
 10
198.81966011250105
 20
393.81968665253703
 10
198.81966011250105
 20
393.4195183905495
 10
198.81966011250105
 20
393.019350128562
 10
198.81966011250105
 20
392.61918186657454
 10
198.81966011250105
 20
392.219013604587
 10
198.81966011250105
 20
391.81884534259956
 10
198.81966011250105
 20
391.41867708061204
 10
198.81966011250105
 20
391.0185088186245
 10
198.81966011250105
 20
390.61834055663707
 10
198.81966011250105
 20
390.21817229464955
 10
198.81966011250105
 20
389.81800403266203
 10
198.81966011250105
 20
389.41783577067457
 10
198.81966011250105
 20
389.01766750868705
 10
198.81966011250105
 20
388.6174992466996
 10
198.81966011250105
 20
388.2173309847121
 10
198.81966011250105
 20
387.81716272272456
 10
198.81966011250105
 20
387.4169944607371
 10
198.81966011250105
 20
387.0168261987496
 10
198.81966011250105
 20
386.61665793676207
 10
198.81966011250105
 20
386.2164896747746
 10
198.81966011250105
 20
385.8163214127871
 10
198.81966011250105
 20
385.41615315079963
 10
198.81966011250105
 20
385.01598488881206
 10
198.81966011250105
 20
384.61581662682454
 10
198.81966011250105
 20
384.2156483648371
 10
198.81966011250105
 20
383.81548010284956
 10
198.81966011250105
 20
383.4153118408621
 10
198.81966011250105
 20
383.0151435788746
 10
198.81966011250105
 20
382.61497531688707
 10
198.81966011250105
 20
382.2148070548996
 10
198.81966011250105
 20
381.8146387929121
 10
198.81966011250105
 20
381.4144705309246
 10
198.81966011250105
 20
381.0143022689371
 10
198.81966011250105
 20
380.6141340069496
 10
198.81966011250105
 20
380.21396574496214
 10
198.81966011250105
 20
379.8137974829746
 10
198.81966011250105
 20
379.4136292209871
 10
198.81966011250105
 20
379.01346095899964
 10
198.81966011250105
 20
378.6132926970121
 10
198.81966011250105
 20
378.2131244350246
 10
198.81966011250105
 20
377.81295617303715
 10
198.81966011250105
 20
377.41278791104963
 10
198.81966011250105
 20
377.0126196490622
 10
198.81966011250105
 20
376.61245138707466
 10
198.81966011250105
 20
376.21228312508714
 10
198.81966011250105
 20
375.8121148630997
 10
198.81966011250105
 20
375.41194660111216
 10
198.81966011250105
 20
375.01177833912465
 10
198.81966011250105
 20
374.6116100771372
 10
198.81966011250105
 20
374.21144181514967
 10
198.81966011250105
 20
373.8112735531622
 10
198.81966011250105
 20
373.4111052911747
 10
198.81966011250105
 20
373.0109370291872
 10
198.81966011250105
 20
372.6107687671997
 10
198.81966011250105
 20
372.2106005052122
 10
198.81966011250105
 20
371.81043224322474
 10
198.81966011250105
 20
371.4102639812372
 10
198.81966011250105
 20
371.0100957192497
 10
198.81966011250105
 20
370.60992745726224
 10
198.81966011250105
 20
370.2097591952747
 10
198.81966011250105
 20
369.8095909332872
 10
198.81966011250105
 20
369.40942267129975
 10
198.81966011250105
 20
369.00925440931223
 10
198.81966011250105
 20
368.6090861473248
 10
198.81966011250105
 20
368.20891788533726
 10
198.81966011250105
 20
367.80874962334974
 10
198.81966011250105
 20
367.4085813613623
 10
198.81966011250105
 20
367.00841309937476
 10
198.81966011250105
 20
366.60824483738725
 10
198.81966011250105
 20
366.2080765753998
 10
198.81966011250105
 20
365.80790831341227
 10
198.81966011250105
 20
365.4077400514248
 10
198.81966011250105
 20
365.0075717894373
 10
198.81966011250105
 20
364.6074035274498
 10
198.81966011250105
 20
364.2072352654623
 10
198.81966011250105
 20
363.8070670034748
 10
198.81966011250105
 20
363.4068987414873
 10
198.81966011250105
 20
363.0067304794998
 10
198.81966011250105
 20
362.6065622175123
 10
198.81966011250105
 20
362.20639395552485
 10
198.81966011250105
 20
361.80622569353733
 10
198.81966011250105
 20
361.4060574315498
 10
198.81966011250105
 20
361.00588916956235
 10
198.81966011250105
 20
360.60572090757483
 10
198.81966011250105
 20
360.2055526455873
 10
198.81966011250105
 20
359.80538438359986
 10
198.81966011250105
 20
359.4052161216123
 10
198.81966011250105
 20
359.0050478596248
 10
198.81966011250105
 20
358.6048795976373
 10
198.81966011250105
 20
358.2047113356498
 10
198.81966011250105
 20
357.80454307366233
 10
198.81966011250105
 20
357.4043748116748
 10
198.81966011250105
 20
357.00420654968735
 10
198.81966011250105
 20
356.60403828769984
 10
198.81966011250105
 20
356.2038700257123
 10
198.81966011250105
 20
355.80370176372486
 10
198.81966011250105
 20
355.40353350173734
 10
198.81966011250105
 20
355.0033652397498
 10
198.81966011250105
 20
354.60319697776237
 10
198.81966011250105
 20
354.20302871577485
 10
198.81966011250105
 20
353.8028604537874
 10
198.81966011250105
 20
353.4026921917999
 10
198.81966011250105
 20
353.00252392981236
 10
198.81966011250105
 20
352.6023556678249
 10
198.81966011250105
 20
352.2021874058374
 10
198.81966011250105
 20
351.80201914384986
 10
198.81966011250105
 20
351.4018508818624
 10
198.81966011250105
 20
351.0016826198749
 10
198.81966011250105
 20
350.6015143578874
 10
198.81966011250105
 20
350.2013460958999
 10
198.81966011250105
 20
349.8011778339124
 10
198.81966011250105
 20
349.40100957192493
 10
198.81966011250105
 20
349.0008413099374
 10
198.81966011250105
 20
348.6006730479499
 10
198.81966011250105
 20
348.20050478596244
 10
198.81966011250105
 20
347.8003365239749
 10
198.81966011250105
 20
347.40016826198746
 10
198.81966011250105
 20
347.0
 10
198.41949185051357
 20
347.0
 10
198.01932358852605
 20
347.0
  0
HATCH
  5
A8
330
17
100
AcDbEntity
  8
23_ШТРИХОВКА
 62
7
100
AcDbHatch
 10
0.0
 20
0.0
 30
0.0
210
0.0
220
0.0
230
1.0
  2
ANSI31
 70
0
 71
0
 91
1
 92
3
 72
0
 73
1
 93
1016
 10
268.4789042559689
 20
347.0
 10
268.0787359939814
 20
347.0
 10
267.6785677319939
 20
347.0
 10
267.27839947000643
 20
347.0
 10
266.8782312080189
 20
347.0
 10
266.4780629460314
 20
347.0
 10
266.07789468404394
 20
347.0
 10
265.6777264220564
 20
347.0
 10
265.2775581600689
 20
347.0
 10
264.87738989808145
 20
347.0
 10
264.47722163609393
 20
347.0
 10
264.07705337410647
 20
347.0
 10
263.67688511211895
 20
347.0
 10
263.27671685013144
 20
347.0
 10
262.876548588144
 20
347.0
 10
262.47638032615646
 20
347.0
 10
262.076212064169
 20
347.0
 10
261.6760438021815
 20
347.0
 10
261.27587554019397
 20
347.0
 10
260.8757072782065
 20
347.0
 10
260.475539016219
 20
347.0
 10
260.07537075423147
 20
347.0
 10
259.675202492244
 20
347.0
 10
259.2750342302565
 20
347.0
 10
258.874865968269
 20
347.0
 10
258.4746977062815
 20
347.0
 10
258.074529444294
 20
347.0
 10
257.6743611823065
 20
347.0
 10
257.274192920319
 20
347.0
 10
256.8740246583315
 20
347.0
 10
256.473856396344
 20
347.0
 10
256.07368813435653
 20
347.0
 10
255.673519872369
 20
347.0
 10
255.27335161038152
 20
347.0
 10
254.87318334839404
 20
347.0
 10
254.47301508640655
 20
347.0
 10
254.07284682441906
 20
347.0
 10
253.67267856243154
 20
347.0
 10
253.27251030044405
 20
347.0
 10
252.87234203845657
 20
347.0
 10
252.47217377646905
 20
347.0
 10
252.07200551448156
 20
347.0
 10
251.67183725249407
 20
347.0
 10
251.27166899050656
 20
347.0
 10
250.87150072851907
 20
347.0
 10
250.47133246653158
 20
347.0
 10
250.0711642045441
 20
347.0
 10
249.6709959425566
 20
347.0
 10
249.27082768056908
 20
347.0
 10
248.8706594185816
 20
347.0
 10
248.4704911565941
 20
347.0
 10
248.0703228946066
 20
347.0
 10
247.6701546326191
 20
347.0
 10
247.2699863706316
 20
347.0
 10
246.8698181086441
 20
347.0
 10
246.46964984665664
 20
347.0
 10
246.06948158466912
 20
347.0
 10
245.66931332268163
 20
347.0
 10
245.26914506069414
 20
347.0
 10
244.86897679870663
 20
347.0
 10
244.46880853671914
 20
347.0
 10
244.06864027473165
 20
347.0
 10
243.66847201274413
 20
347.0
 10
243.26830375075664
 20
347.0
 10
242.86813548876916
 20
347.0
 10
242.46796722678167
 20
347.0
 10
242.06779896479418
 20
347.0
 10
241.66763070280666
 20
347.0
 10
241.26746244081917
 20
347.0
 10
240.86729417883168
 20
347.0
 10
240.46712591684417
 20
347.0
 10
240.06695765485668
 20
347.0
 10
239.6667893928692
 20
347.0
 10
239.2666211308817
 20
347.0
 10
238.86645286889419
 20
347.0
 10
238.4662846069067
 20
347.0
 10
238.06611634491918
 20
347.0
 10
237.6659480829317
 20
347.0
 10
237.2657798209442
 20
347.0
 10
236.86561155895672
 20
347.0
 10
236.46544329696923
 20
347.0
 10
236.0652750349817
 20
347.0
 10
235.66510677299422
 20
347.0
 10
235.26493851100673
 20
347.0
 10
234.86477024901922
 20
347.0
 10
234.46460198703173
 20
347.0
 10
234.06443372504424
 20
347.0
 10
233.66426546305675
 20
347.0
 10
233.26409720106926
 20
347.0
 10
232.86392893908175
 20
347.0
 10
232.46376067709426
 20
347.0
 10
232.06359241510677
 20
347.0
 10
231.66342415311925
 20
347.0
 10
231.26325589113176
 20
347.0
 10
230.86308762914427
 20
347.0
 10
230.4629193671568
 20
347.0
 10
230.0627511051693
 20
347.0
 10
229.66258284318178
 20
347.0
 10
229.2624145811943
 20
347.0
 10
228.8622463192068
 20
347.0
 10
228.4620780572193
 20
347.0
 10
228.0619097952318
 20
347.0
 10
227.6617415332443
 20
347.0
 10
227.2615732712568
 20
347.0
 10
226.8614050092693
 20
347.0
 10
226.46123674728182
 20
347.0
 10
226.0610684852943
 20
347.0
 10
225.6609002233068
 20
347.0
 10
225.26073196131932
 20
347.0
 10
224.86056369933183
 20
347.0
 10
224.46039543734435
 20
347.0
 10
224.06022717535683
 20
347.0
 10
223.66005891336934
 20
347.0
 10
223.25989065138185
 20
347.0
 10
222.85972238939436
 20
347.0
 10
222.45955412740685
 20
347.0
 10
222.05938586541936
 20
347.0
 10
221.65921760343187
 20
347.0
 10
221.25904934144438
 20
347.0
 10
221.18033988749895
 20
347.32145880804205
 10
221.18033988749895
 20
347.72162707002957
 10
221.18033988749895
 20
348.1217953320171
 10
221.18033988749895
 20
348.52196359400455
 10
221.18033988749895
 20
348.92213185599206
 10
221.18033988749895
 20
349.3223001179796
 10
221.18033988749895
 20
349.72246837996704
 10
221.18033988749895
 20
350.12263664195456
 10
221.18033988749895
 20
350.5228049039421
 10
221.18033988749895
 20
350.92297316592953
 10
221.18033988749895
 20
351.32314142791705
 10
221.18033988749895
 20
351.7233096899045
 10
221.18033988749895
 20
352.123477951892
 10
221.18033988749895
 20
352.52364621387954
 10
221.18033988749895
 20
352.923814475867
 10
221.18033988749895
 20
353.3239827378545
 10
221.18033988749895
 20
353.724150999842
 10
221.18033988749895
 20
354.1243192618295
 10
221.18033988749895
 20
354.524487523817
 10
221.18033988749895
 20
354.9246557858045
 10
221.18033988749895
 20
355.324824047792
 10
221.18033988749895
 20
355.7249923097795
 10
221.18033988749895
 20
356.12516057176697
 10
221.18033988749895
 20
356.5253288337545
 10
221.18033988749895
 20
356.925497095742
 10
221.18033988749895
 20
357.32566535772946
 10
221.18033988749895
 20
357.725833619717
 10
221.18033988749895
 20
358.1260018817045
 10
221.18033988749895
 20
358.52617014369196
 10
221.18033988749895
 20
358.9263384056794
 10
221.18033988749895
 20
359.326506667667
 10
221.18033988749895
 20
359.72667492965445
 10
221.18033988749895
 20
360.12684319164197
 10
221.18033988749895
 20
360.5270114536295
 10
221.18033988749895
 20
360.92717971561694
 10
221.18033988749895
 20
361.32734797760446
 10
221.18033988749895
 20
361.727516239592
 10
221.18033988749895
 20
362.12768450157944
 10
221.18033988749895
 20
362.5278527635669
 10
221.18033988749895
 20
362.9280210255544
 10
221.18033988749895
 20
363.32818928754193
 10
221.18033988749895
 20
363.7283575495294
 10
221.18033988749895
 20
364.1285258115169
 10
221.18033988749895
 20
364.5286940735044
 10
221.18033988749895
 20
364.9288623354919
 10
221.18033988749895
 20
365.3290305974794
 10
221.18033988749895
 20
365.7291988594669
 10
221.18033988749895
 20
366.1293671214544
 10
221.18033988749895
 20
366.5295353834419
 10
221.18033988749895
 20
366.9297036454294
 10
221.18033988749895
 20
367.3298719074169
 10
221.18033988749895
 20
367.7300401694044
 10
221.18033988749895
 20
368.13020843139185
 10
221.18033988749895
 20
368.53037669337937
 10
221.18033988749895
 20
368.9305449553668
 10
221.18033988749895
 20
369.3307132173544
 10
221.18033988749895
 20
369.73088147934186
 10
221.18033988749895
 20
370.1310497413293
 10
221.18033988749895
 20
370.53121800331684
 10
221.18033988749895
 20
370.93138626530435
 10
221.18033988749895
 20
371.3315545272918
 10
221.18033988749895
 20
371.73172278927933
 10
221.18033988749895
 20
372.13189105126685
 10
221.18033988749895
 20
372.5320593132543
 10
221.18033988749895
 20
372.9322275752418
 10
221.18033988749895
 20
373.33239583722934
 10
221.18033988749895
 20
373.7325640992168
 10
221.18033988749895
 20
374.1327323612043
 10
221.18033988749895
 20
374.53290062319184
 10
221.18033988749895
 20
374.9330688851793
 10
221.18033988749895
 20
375.3332371471668
 10
221.18033988749895
 20
375.73340540915433
 10
221.18033988749895
 20
376.1335736711418
 10
221.18033988749895
 20
376.53374193312925
 10
221.18033988749895
 20
376.9339101951168
 10
221.18033988749895
 20
377.3340784571043
 10
221.18033988749895
 20
377.73424671909174
 10
221.18033988749895
 20
378.13441498107926
 10
221.18033988749895
 20
378.5345832430668
 10
221.18033988749895
 20
378.93475150505424
 10
221.18033988749895
 20
379.3349197670418
 10
221.18033988749895
 20
379.73508802902927
 10
221.18033988749895
 20
380.13525629101673
 10
221.18033988749895
 20
380.53542455300425
 10
221.18033988749895
 20
380.93559281499176
 10
221.18033988749895
 20
381.3357610769792
 10
221.18033988749895
 20
381.73592933896674
 10
221.18033988749895
 20
382.13609760095426
 10
221.18033988749895
 20
382.5362658629417
 10
221.18033988749895
 20
382.93643412492924
 10
221.18033988749895
 20
383.33660238691675
 10
221.18033988749895
 20
383.7367706489042
 10
221.18033988749895
 20
384.13693891089173
 10
221.18033988749895
 20
384.53710717287925
 10
221.18033988749895
 20
384.9372754348667
 10
221.18033988749895
 20
385.3374436968542
 10
221.18033988749895
 20
385.73761195884174
 10
221.18033988749895
 20
386.1377802208292
 10
221.18033988749895
 20
386.53794848281666
 10
221.18033988749895
 20
386.93811674480423
 10
221.18033988749895
 20
387.3382850067917
 10
221.18033988749895
 20
387.73845326877915
 10
221.18033988749895
 20
388.13862153076667
 10
221.18033988749895
 20
388.5387897927542
 10
221.18033988749895
 20
388.93895805474165
 10
221.18033988749895
 20
389.33912631672916
 10
221.18033988749895
 20
389.7392945787167
 10
221.18033988749895
 20
390.13946284070414
 10
221.18033988749895
 20
390.53963110269166
 10
221.18033988749895
 20
390.9397993646792
 10
221.18033988749895
 20
391.33996762666663
 10
221.18033988749895
 20
391.74013588865415
 10
221.18033988749895
 20
392.14030415064167
 10
221.18033988749895
 20
392.54047241262913
 10
221.18033988749895
 20
392.94064067461665
 10
221.18033988749895
 20
393.34080893660416
 10
221.18033988749895
 20
393.7409771985916
 10
221.18033988749895
 20
394.1411454605791
 10
221.18033988749895
 20
394.54131372256666
 10
221.18033988749895
 20
394.9414819845541
 10
221.18033988749895
 20
395.3416502465416
 10
221.18033988749895
 20
395.7418185085291
 10
221.18033988749895
 20
396.1419867705166
 10
221.18033988749895
 20
396.54215503250407
 10
221.18033988749895
 20
396.9423232944916
 10
221.18033988749895
 20
397.3424915564791
 10
221.18033988749895
 20
397.74265981846656
 10
221.18033988749895
 20
398.1428280804541
 10
221.18033988749895
 20
398.5429963424416
 10
221.18033988749895
 20
398.94316460442906
 10
221.18033988749895
 20
399.3433328664166
 10
221.18033988749895
 20
399.7435011284041
 10
221.18033988749895
 20
400.14366939039155
 10
221.18033988749895
 20
400.54383765237907
 10
221.18033988749895
 20
400.9440059143666
 10
221.18033988749895
 20
401.34417417635404
 10
221.18033988749895
 20
401.7443424383415
 10
221.18033988749895
 20
402.144510700329
 10
221.18033988749895
 20
402.54467896231654
 10
221.18033988749895
 20
402.94484722430406
 10
221.18033988749895
 20
403.3450154862915
 10
221.18033988749895
 20
403.74518374827903
 10
221.18033988749895
 20
404.1453520102665
 10
221.18033988749895
 20
404.545520272254
 10
221.18033988749895
 20
404.9456885342415
 10
221.18033988749895
 20
405.345856796229
 10
221.18033988749895
 20
405.7460250582165
 10
221.18033988749895
 20
406.146193320204
 10
221.18033988749895
 20
406.5463615821915
 10
221.18033988749895
 20
406.946529844179
 10
221.18033988749895
 20
407.3466981061665
 10
221.18033988749895
 20
407.746866368154
 10
221.18033988749895
 20
408.1470346301415
 10
221.18033988749895
 20
408.547202892129
 10
221.18033988749895
 20
408.94737115411647
 10
221.18033988749895
 20
409.347539416104
 10
221.18033988749895
 20
409.7477076780915
 10
221.18033988749895
 20
410.14787594007896
 10
221.18033988749895
 20
410.5480442020665
 10
221.18033988749895
 20
410.94821246405394
 10
221.18033988749895
 20
411.34838072604146
 10
221.18033988749895
 20
411.7485489880289
 10
221.18033988749895
 20
412.1487172500165
 10
221.18033988749895
 20
412.54888551200395
 10
221.18033988749895
 20
412.9490537739914
 10
221.18033988749895
 20
413.3492220359789
 10
221.18033988749895
 20
413.74939029796644
 10
221.18033988749895
 20
414.1495585599539
 10
221.18033988749895
 20
414.5497268219414
 10
221.18033988749895
 20
414.94989508392894
 10
221.18033988749895
 20
415.3500633459164
 10
221.18033988749895
 20
415.7502316079039
 10
221.18033988749895
 20
416.15039986989143
 10
221.18033988749895
 20
416.5505681318789
 10
221.18033988749895
 20
416.9507363938664
 10
221.18033988749895
 20
417.3509046558539
 10
221.18033988749895
 20
417.7510729178414
 10
221.18033988749895
 20
418.1512411798289
 10
221.18033988749895
 20
418.5514094418164
 10
221.18033988749895
 20
418.9515777038039
 10
221.18033988749895
 20
419.35174596579134
 10
221.18033988749895
 20
419.7519142277789
 10
221.33242237726532
 20
420.0
 10
221.73259063925283
 20
420.0
 10
222.13275890124032
 20
420.0
 10
222.5329271632278
 20
420.0
 10
222.9330954252153
 20
420.0
 10
223.33326368720282
 20
420.0
 10
223.7334319491903
 20
420.0
 10
224.1336002111778
 20
420.0
 10
224.53376847316528
 20
420.0
 10
224.9339367351528
 20
420.0
 10
225.3341049971403
 20
420.0
 10
225.73427325912778
 20
420.0
 10
226.13444152111526
 20
420.0
 10
226.53460978310278
 20
420.0
 10
226.93477804509024
 20
420.0
 10
227.33494630707776
 20
420.0
 10
227.73511456906525
 20
420.0
 10
228.13528283105273
 20
420.0
 10
228.53545109304022
 20
420.0
 10
228.93561935502774
 20
420.0
 10
229.33578761701523
 20
420.0
 10
229.73595587900272
 20
420.0
 10
230.1361241409902
 20
420.0
 10
230.53629240297772
 20
420.0
 10
230.9364606649652
 20
420.0
 10
231.3366289269527
 20
420.0
 10
231.7367971889402
 20
420.0
 10
232.1369654509277
 20
420.0
 10
232.5371337129152
 20
420.0
 10
232.93730197490268
 20
420.0
 10
233.33747023689017
 20
420.0
 10
233.7376384988777
 20
420.0
 10
234.1378067608652
 20
420.0
 10
234.5379750228527
 20
420.0
 10
234.93814328484018
 20
420.0
 10
235.33831154682767
 20
420.0
 10
235.73847980881519
 20
420.0
 10
236.13864807080267
 20
420.0
 10
236.53881633279016
 20
420.0
 10
236.93898459477765
 20
420.0
 10
237.33915285676517
 20
420.0
 10
237.73932111875266
 20
420.0
 10
238.09863388702485
 20
419.90136611297515
 10
238.38159557869184
 20
419.6184044213081
 10
238.66455727035887
 20
419.33544272964116
 10
238.94751896202584
 20
419.05248103797413
 10
239.23048065369284
 20
418.76951934630716
 10
239.5134423453598
 20
418.4865576546402
 10
239.79640403702683
 20
418.20359596297317
 10
240.0
 20
417.88775991009356
 10
240.0
 20
417.4875916481061
 10
240.0
 20
417.08742338611864
 10
240.0
 20
416.68725512413107
 10
240.0
 20
416.2870868621436
 10
240.0
 20
415.88691860015615
 10
240.0
 20
415.48675033816863
 10
240.0
 20
415.0865820761811
 10
240.0
 20
414.68641381419366
 10
240.0
 20
414.28624555220614
 10
240.0
 20
413.8860772902186
 10
240.0
 20
413.48590902823116
 10
240.0
 20
413.08574076624365
 10
240.0
 20
412.68557250425613
 10
240.0
 20
412.28540424226867
 10
240.0
 20
411.88523598028115
 10
240.0
 20
411.48506771829364
 10
240.0
 20
411.0848994563062
 10
240.0
 20
410.68473119431866
 10
240.0
 20
410.28456293233114
 10
240.0
 20
409.8843946703437
 10
240.0
 20
409.48422640835616
 10
240.0
 20
409.08405814636865
 10
240.0
 20
408.6838898843812
 10
240.0
 20
408.28372162239367
 10
240.0
 20
407.88355336040615
 10
240.0
 20
407.4833850984187
 10
240.0
 20
407.08321683643123
 10
240.0
 20
406.68304857444366
 10
240.0
 20
406.2828803124562
 10
240.0
 20
405.88271205046874
 10
240.0
 20
405.4825437884812
 10
240.0
 20
405.0823755264937
 10
240.0
 20
404.68220726450625
 10
240.0
 20
404.28203900251873
 10
240.0
 20
403.8818707405312
 10
240.0
 20
403.48170247854375
 10
240.0
 20
403.08153421655624
 10
240.0
 20
402.6813659545687
 10
240.0
 20
402.28119769258126
 10
240.0
 20
401.8810294305938
 10
240.0
 20
401.4808611686062
 10
240.0
 20
401.08069290661876
 10
240.0
 20
400.6805246446313
 10
240.0
 20
400.2803563826438
 10
240.0
 20
399.88018812065627
 10
240.0
 20
399.48001985866875
 10
240.0
 20
399.07985159668124
 10
240.0
 20
398.6796833346938
 10
240.0
 20
398.2795150727063
 10
240.0
 20
397.87934681071874
 10
240.0
 20
397.4791785487313
 10
240.0
 20
397.0790102867438
 10
240.0
 20
396.6788420247563
 10
240.0
 20
396.2786737627688
 10
240.0
 20
395.87850550078133
 10
240.0
 20
395.4783372387938
 10
240.0
 20
395.0781689768063
 10
240.0
 20
394.67800071481884
 10
240.0
 20
394.2778324528313
 10
240.08650448023627
 20
393.9134955197637
 10
240.36946617190324
 20
393.63053382809676
 10
240.65242786357027
 20
393.34757213642973
 10
240.93538955523724
 20
393.06461044476276
 10
241.21835124690423
 20
392.78164875309574
 10
241.50131293857123
 20
392.49868706142877
 10
241.78427463023823
 20
392.21572536976174
 10
242.06723632190523
 20
391.9327636780948
 10
242.3501980135722
 20
391.6498019864278
 10
242.6331597052392
 20
391.3668402947608
 10
242.9161213969062
 20
391.0838786030938
 10
243.1990830885732
 20
390.8009169114268
 10
243.4820447802402
 20
390.5179552197598
 10
243.76500647190716
 20
390.23499352809284
 10
244.06783722748872
 20
390.0
 10
244.4680054894762
 20
390.0
 10
244.78
 20
390.0881737514637
 10
244.78
 20
390.4883420134512
 10
244.78
 20
390.8885102754387
 10
244.78
 20
391.2886785374262
 10
244.78
 20
391.6888467994137
 10
244.78
 20
392.0890150614012
 10
244.78
 20
392.4891833233887
 10
244.78
 20
392.8893515853762
 10
244.78
 20
393.2895198473637
 10
244.78
 20
393.6896881093512
 10
244.78
 20
394.08985637133867
 10
244.78
 20
394.4900246333262
 10
244.78
 20
394.8901928953137
 10
244.78
 20
395.29036115730116
 10
244.78
 20
395.6905294192886
 10
244.78
 20
396.0906976812762
 10
244.78
 20
396.49086594326366
 10
244.78
 20
396.8910342052511
 10
244.78
 20
397.29120246723863
 10
244.78
 20
397.69137072922615
 10
244.78
 20
398.0915389912136
 10
244.78
 20
398.4917072532011
 10
244.78
 20
398.89187551518864
 10
244.78
 20
399.2920437771761
 10
244.78
 20
399.6922120391636
 10
244.78
 20
400.09238030115114
 10
244.78
 20
400.4925485631386
 10
244.78
 20
400.89271682512606
 10
244.78
 20
401.29288508711363
 10
244.78
 20
401.6930533491011
 10
244.78
 20
402.09322161108855
 10
244.78
 20
402.49338987307607
 10
244.78
 20
402.8935581350636
 10
244.78
 20
403.2937263970511
 10
244.78
 20
403.6938946590386
 10
244.78
 20
404.0940629210261
 10
244.78
 20
404.49423118301354
 10
244.78
 20
404.8943994450011
 10
244.78
 20
405.2945677069886
 10
244.78
 20
405.69473596897603
 10
244.78
 20
406.09490423096355
 10
244.78
 20
406.49507249295107
 10
244.78
 20
406.8952407549385
 10
244.78
 20
407.29540901692604
 10
244.78
 20
407.6955772789135
 10
244.78
 20
408.0957455409011
 10
244.78
 20
408.49591380288854
 10
244.78
 20
408.89608206487605
 10
244.78
 20
409.2962503268635
 10
244.78
 20
409.69641858885103
 10
244.78
 20
410.09658685083855
 10
244.78
 20
410.496755112826
 10
244.78
 20
410.89692337481347
 10
244.78
 20
411.29709163680104
 10
244.78
 20
411.6972598987885
 10
244.78
 20
412.09742816077596
 10
244.78
 20
412.4975964227635
 10
244.78
 20
412.897764684751
 10
244.78
 20
413.2979329467385
 10
244.78
 20
413.698101208726
 10
244.78
 20
414.0982694707135
 10
244.78
 20
414.49843773270095
 10
244.78
 20
414.89860599468847
 10
244.78
 20
415.298774256676
 10
244.78
 20
415.69894251866344
 10
244.78
 20
416.09911078065096
 10
244.78
 20
416.4992790426385
 10
244.78
 20
416.89944730462594
 10
244.78
 20
417.29961556661345
 10
244.78
 20
417.69978382860097
 10
244.78
 20
418.09995209058843
 10
244.78
 20
418.50012035257595
 10
244.78
 20
418.90028861456346
 10
244.78
 20
419.3004568765509
 10
244.78
 20
419.70062513853844
 10
244.78
 20
420.1007934005259
 10
244.78
 20
420.5009616625134
 10
244.78
 20
420.9011299245009
 10
244.78
 20
421.30129818648845
 10
244.78
 20
421.7014664484759
 10
244.78
 20
422.1016347104634
 10
244.78
 20
422.5018029724509
 10
244.78
 20
422.9019712344384
 10
244.78
 20
423.30213949642587
 10
244.78
 20
423.7023077584134
 10
244.78
 20
424.1024760204009
 10
244.78
 20
424.50264428238836
 10
244.78
 20
424.9028125443759
 10
244.78
 20
425.3029808063634
 10
244.78
 20
425.70314906835085
 10
244.78
 20
426.1033173303383
 10
244.78
 20
426.5034855923259
 10
244.78
 20
426.90365385431335
 10
244.78
 20
427.3038221163008
 10
244.78
 20
427.7039903782883
 10
244.78
 20
428.10415864027584
 10
244.78
 20
428.5043269022633
 10
244.78
 20
428.9044951642508
 10
244.78
 20
429.30466342623833
 10
244.78
 20
429.7048316882258
 10
244.78
 20
430.1049999502133
 10
244.78
 20
430.50516821220083
 10
244.78
 20
430.9053364741883
 10
244.78
 20
431.3055047361758
 10
244.78
 20
431.7056729981633
 10
244.78
 20
432.1058412601508
 10
244.78
 20
432.50600952213824
 10
244.78
 20
432.9061777841258
 10
244.78
 20
433.3063460461133
 10
244.78
 20
433.70651430810074
 10
244.78
 20
434.10668257008825
 10
244.78
 20
434.50685083207577
 10
244.78
 20
434.9070190940633
 10
244.78
 20
435.3071873560508
 10
244.78
 20
435.70735561803826
 10
244.78
 20
436.1075238800258
 10
244.78
 20
436.5076921420133
 10
244.78
 20
436.90786040400076
 10
244.78
 20
437.3080286659883
 10
244.78
 20
437.7081969279758
 10
244.78
 20
438.10836518996325
 10
244.78
 20
438.50853345195077
 10
244.78
 20
438.9087017139383
 10
244.78
 20
439.30886997592575
 10
244.78
 20
439.7090382379132
 10
244.78
 20
440.1092064999008
 10
244.78
 20
440.50937476188824
 10
244.78
 20
440.9095430238757
 10
244.78
 20
441.3097112858632
 10
244.78
 20
441.70987954785073
 10
244.78
 20
442.1100478098382
 10
244.78
 20
442.5102160718257
 10
244.78
 20
442.9103843338132
 10
244.78
 20
443.3105525958007
 10
244.78
 20
443.7107208577882
 10
244.78
 20
444.1108891197757
 10
244.78
 20
444.5110573817632
 10
244.78
 20
444.9112256437507
 10
244.78
 20
445.3113939057382
 10
244.78
 20
445.7115621677257
 10
244.78
 20
446.11173042971313
 10
244.78
 20
446.5118986917007
 10
244.78
 20
446.91206695368817
 10
244.78
 20
447.3122352156756
 10
244.78
 20
447.71240347766314
 10
244.78
 20
448.11257173965066
 10
244.78
 20
448.5127400016381
 10
244.78
 20
448.91290826362564
 10
244.78
 20
449.31307652561316
 10
244.78
 20
449.7132447876006
 10
244.89341304958813
 20
450.0
 10
245.29358131157562
 20
450.0
 10
245.6937495735631
 20
450.0
 10
246.0939178355506
 20
450.0
 10
246.49408609753812
 20
450.0
 10
246.8942543595256
 20
450.0
 10
247.2944226215131
 20
450.0
 10
247.69459088350058
 20
450.0
 10
248.0947591454881
 20
450.0
 10
248.4949274074756
 20
450.0
 10
248.89509566946307
 20
450.0
 10
249.29526393145056
 20
450.0
 10
249.69543219343808
 20
450.0
 10
250.09560045542557
 20
450.0
 10
250.49576871741306
 20
450.0
 10
250.89593697940055
 20
450.0
 10
251.29610524138806
 20
450.0
 10
251.69627350337555
 20
450.0
 10
252.09644176536304
 20
450.0
 10
252.49661002735053
 20
450.0
 10
252.89677828933804
 20
450.0
 10
253.29694655132553
 20
450.0
 10
253.69711481331302
 20
450.0
 10
254.0972830753005
 20
450.0
 10
254.49745133728803
 20
450.0
 10
254.89761959927552
 20
450.0
 10
255.29778786126306
 20
450.0
 10
255.69795612325055
 20
450.0
 10
256.09812438523807
 20
450.0
 10
256.4982926472255
 20
450.0
 10
256.89846090921304
 20
450.0
 10
257.29862917120056
 20
450.0
 10
257.698797433188
 20
450.0
 10
258.0989656951755
 20
450.0
 10
258.49913395716305
 20
450.0
 10
258.8993022191505
 20
450.0
 10
259.299470481138
 20
450.0
 10
259.6996387431255
 20
450.0
 10
260.099807005113
 20
450.0
 10
260.49997526710047
 20
450.0
 10
260.900143529088
 20
450.0
 10
261.3003117910755
 20
450.0
 10
261.70048005306296
 20
450.0
 10
262.1006483150505
 20
450.0
 10
262.500816577038
 20
450.0
 10
262.90098483902545
 20
450.0
 10
263.30115310101297
 20
450.0
 10
263.7013213630005
 20
450.0
 10
264.10148962498795
 20
450.0
 10
264.5016578869754
 20
450.0
 10
264.901826148963
 20
450.0
 10
265.30199441095044
 20
450.0
 10
265.7021626729379
 20
450.0
 10
266.1023309349254
 20
450.0
 10
266.50249919691294
 20
450.0
 10
266.9026674589004
 20
450.0
 10
267.3028357208879
 20
450.0
 10
267.70300398287543
 20
450.0
 10
268.1031722448629
 20
450.0
 10
268.5033405068504
 20
450.0
 10
268.9035087688379
 20
450.0
 10
269.3036770308254
 20
450.0
 10
269.70384529281284
 20
450.0
 10
270.1040135548004
 20
450.0
 10
270.5041818167879
 20
450.0
 10
270.90435007877534
 20
450.0
 10
271.3045183407629
 20
450.0
 10
271.70468660275037
 20
450.0
 10
272.10485486473783
 20
450.0
 10
272.5050231267254
 20
450.0
 10
272.90519138871286
 20
450.0
 10
273.3053596507003
 20
450.0
 10
273.7055279126878
 20
450.0
 10
274.10569617467536
 20
450.0
 10
274.5058644366628
 20
450.0
 10
274.9060326986503
 20
450.0
 10
275.30620096063785
 20
450.0
 10
275.7063692226253
 20
450.0
 10
276.1065374846128
 20
450.0
 10
276.50670574660035
 20
450.0
 10
276.9068740085878
 20
450.0
 10
277.30704227057527
 20
450.0
 10
277.70721053256284
 20
450.0
 10
278.1073787945503
 20
450.0
 10
278.50754705653776
 20
450.0
 10
278.90771531852533
 20
450.0
 10
279.3078835805128
 20
450.0
 10
279.70805184250025
 20
450.0
 10
280.1082201044877
 20
450.0
 10
280.5083883664753
 20
450.0
 10
280.90855662846275
 20
450.0
 10
281.3087248904503
 20
450.0
 10
281.7088931524378
 20
450.0
 10
281.78
 20
449.67093858557473
 10
281.78
 20
449.2707703235872
 10
281.78
 20
448.8706020615997
 10
281.78
 20
448.47043379961224
 10
281.78
 20
448.0702655376247
 10
281.78
 20
447.67009727563726
 10
281.78
 20
447.26992901364974
 10
281.78
 20
446.8697607516622
 10
281.78
 20
446.46959248967477
 10
281.78
 20
446.06942422768725
 10
281.78
 20
445.66925596569973
 10
281.78
 20
445.2690877037123
 10
281.78
 20
444.86891944172476
 10
281.78
 20
444.4687511797373
 10
281.78
 20
444.0685829177498
 10
281.78
 20
443.66841465576226
 10
281.78
 20
443.2682463937748
 10
281.78
 20
442.8680781317873
 10
281.78
 20
442.46790986979977
 10
281.78
 20
442.0677416078123
 10
281.78
 20
441.6675733458248
 10
281.78
 20
441.26740508383733
 10
281.78
 20
440.8672368218498
 10
281.78
 20
440.4670685598623
 10
281.78
 20
440.06690029787484
 10
281.78
 20
439.6667320358873
 10
281.78
 20
439.2665637738998
 10
281.78
 20
438.86639551191234
 10
281.78
 20
438.4662272499248
 10
281.78
 20
438.06605898793737
 10
281.78
 20
437.66589072594985
 10
281.78
 20
437.26572246396233
 10
281.78
 20
436.8655542019749
 10
281.78
 20
436.46538593998736
 10
281.78
 20
436.0652176779999
 10
281.78
 20
435.6650494160124
 10
281.78
 20
435.26488115402486
 10
281.78
 20
434.8647128920374
 10
281.78
 20
434.4645446300499
 10
281.78
 20
434.06437636806237
 10
281.78
 20
433.6642081060749
 10
281.78
 20
433.2640398440874
 10
281.78
 20
432.86387158209993
 10
281.78
 20
432.4637033201124
 10
281.78
 20
432.0635350581249
 10
281.78
 20
431.66336679613744
 10
281.78
 20
431.2631985341499
 10
281.78
 20
430.8630302721624
 10
281.78
 20
430.46286201017494
 10
281.78
 20
430.0626937481874
 10
281.78
 20
429.66252548619997
 10
281.78
 20
429.26235722421245
 10
281.78
 20
428.86218896222493
 10
281.78
 20
428.4620207002375
 10
281.78
 20
428.06185243824996
 10
281.78
 20
427.66168417626244
 10
281.78
 20
427.261515914275
 10
281.78
 20
426.86134765228746
 10
281.78
 20
426.4611793903
 10
281.78
 20
426.0610111283125
 10
281.78
 20
425.66084286632497
 10
281.78
 20
425.26067460433745
 10
281.78
 20
424.86050634234994
 10
281.78
 20
424.4603380803625
 10
281.78
 20
424.06016981837496
 10
281.78
 20
423.66000155638744
 10
281.78
 20
423.2598332944
 10
281.78
 20
422.85966503241247
 10
281.78
 20
422.459496770425
 10
281.78
 20
422.0593285084375
 10
281.78
 20
421.65916024644997
 10
281.78
 20
421.2589919844625
 10
281.78
 20
420.858823722475
 10
281.78
 20
420.4586554604875
 10
281.78
 20
420.0584871985
 10
281.78
 20
419.6583189365125
 10
281.78
 20
419.25815067452504
 10
281.78
 20
418.8579824125375
 10
281.78
 20
418.45781415055
 10
281.78
 20
418.05764588856255
 10
281.78
 20
417.65747762657503
 10
281.78
 20
417.2573093645875
 10
281.78
 20
416.85714110260005
 10
281.78
 20
416.45697284061254
 10
281.78
 20
416.0568045786251
 10
281.78
 20
415.65663631663756
 10
281.78
 20
415.25646805465004
 10
281.78
 20
414.8562997926626
 10
281.78
 20
414.45613153067507
 10
281.78
 20
414.05596326868755
 10
281.78
 20
413.6557950067001
 10
281.78
 20
413.2556267447126
 10
281.78
 20
412.8554584827251
 10
281.78
 20
412.4552902207376
 10
281.78
 20
412.0551219587501
 10
281.78
 20
411.6549536967626
 10
281.78
 20
411.2547854347751
 10
281.78
 20
410.85461717278764
 10
281.78
 20
410.4544489108001
 10
281.78
 20
410.0542806488126
 10
281.78
 20
409.65411238682515
 10
281.78
 20
409.25394412483763
 10
281.78
 20
408.8537758628501
 10
281.78
 20
408.45360760086265
 10
281.78
 20
408.05343933887514
 10
281.78
 20
407.6532710768877
 10
281.78
 20
407.25310281490016
 10
281.78
 20
406.85293455291264
 10
281.78
 20
406.4527662909252
 10
281.78
 20
406.05259802893767
 10
281.78
 20
405.65242976695015
 10
281.78
 20
405.2522615049627
 10
281.78
 20
404.8520932429752
 10
281.78
 20
404.4519249809877
 10
281.78
 20
404.0517567190002
 10
281.78
 20
403.6515884570127
 10
281.78
 20
403.2514201950252
 10
281.78
 20
402.8512519330377
 10
281.78
 20
402.4510836710502
 10
281.78
 20
402.0509154090627
 10
281.78
 20
401.6507471470752
 10
281.78
 20
401.25057888508775
 10
281.78
 20
400.85041062310023
 10
281.78
 20
400.4502423611127
 10
281.78
 20
400.0500740991252
 10
281.78
 20
399.6499058371377
 10
281.78
 20
399.2497375751502
 10
281.78
 20
398.8495693131627
 10
281.78
 20
398.4494010511752
 10
281.78
 20
398.0492327891877
 10
281.78
 20
397.6490645272002
 10
281.78
 20
397.24889626521275
 10
281.78
 20
396.84872800322523
 10
281.78
 20
396.4485597412377
 10
281.78
 20
396.04839147925026
 10
281.78
 20
395.64822321726274
 10
281.78
 20
395.2480549552752
 10
281.78
 20
394.84788669328776
 10
281.78
 20
394.44771843130025
 10
281.78
 20
394.0475501693128
 10
281.78
 20
393.64738190732527
 10
281.78
 20
393.24721364533775
 10
281.78
 20
392.8470453833503
 10
281.78
 20
392.4468771213628
 10
281.78
 20
392.04670885937526
 10
281.78
 20
391.6465405973878
 10
281.78
 20
391.2463723354003
 10
281.78
 20
390.8462040734128
 10
281.78
 20
390.4460358114253
 10
281.78
 20
390.0458675494378
 10
282.0831281118621
 20
389.8504560835122
 10
282.3728830805215
 20
389.57833268353255
 10
282.5337340748154
 20
389.2148274644312
 10
282.5570820587288
 20
388.816346904192
 10
282.5570820587288
 20
388.4161786422045
 10
282.5570820587288
 20
388.01601038021704
 10
282.5570820587288
 20
387.6158421182295
 10
282.5570820587288
 20
387.215673856242
 10
282.5570820587288
 20
386.81550559425455
 10
282.5570820587288
 20
386.41533733226703
 10
282.5570820587288
 20
386.01516907027957
 10
282.5570820587288
 20
385.61500080829205
 10
282.5570820587288
 20
385.21483254630454
 10
282.5570820587288
 20
384.8146642843171
 10
282.5570820587288
 20
384.41449602232956
 10
282.5570820587288
 20
384.01432776034204
 10
282.5570820587288
 20
383.6141594983546
 10
282.5570820587288
 20
383.21399123636706
 10
282.5570820587288
 20
382.8138229743796
 10
282.5570820587288
 20
382.4136547123921
 10
282.5570820587288
 20
382.01348645040457
 10
282.5570820587288
 20
381.6133181884171
 10
282.5570820587288
 20
381.2131499264296
 10
282.5570820587288
 20
380.8129816644421
 10
282.5570820587288
 20
380.4128134024546
 10
282.5570820587288
 20
380.0126451404671
 10
282.5570820587288
 20
379.61247687847964
 10
282.5570820587288
 20
379.2123086164921
 10
282.5570820587288
 20
378.8121403545046
 10
282.5570820587288
 20
378.41197209251715
 10
282.5570820587288
 20
378.01180383052963
 10
282.5570820587288
 20
377.6116355685421
 10
282.5570820587288
 20
377.21146730655465
 10
282.5570820587288
 20
376.81129904456714
 10
282.5570820587288
 20
376.4111307825797
 10
282.5570820587288
 20
376.01096252059216
 10
282.5570820587288
 20
375.61079425860464
 10
282.5570820587288
 20
375.2106259966171
 10
282.5570820587288
 20
374.8104577346296
 10
282.5570820587288
 20
374.41028947264215
 10
282.5570820587288
 20
374.01012121065463
 10
282.5570820587288
 20
373.6099529486671
 10
282.63217112160504
 20
373.2334601772626
 10
282.8616982072566
 20
372.905661527396
 10
283.0912252929082
 20
372.57786287752936
 10
283.32075237855975
 20
372.25006422766273
 10
283.55027946421137
 20
371.92226557779605
 10
283.77980654986294
 20
371.5944669279295
 10
284.0093336355145
 20
371.2666682780628
 10
284.23886072116613
 20
370.9388696281962
 10
284.46838780681765
 20
370.61107097832956
 10
284.69791489246927
 20
370.28327232846294
 10
284.92744197812084
 20
369.9554736785963
 10
285.1569690637724
 20
369.6276750287297
 10
285.38649614942403
 20
369.299876378863
 10
285.61602323507555
 20
368.97207772899645
 10
285.84555032072717
 20
368.6442790791298
 10
286.07507740637874
 20
368.31648042926315
 10
286.3046044920303
 20
367.98868177939653
 10
286.53413157768193
 20
367.6608831295299
 10
286.76365866333344
 20
367.3330844796633
 10
286.99318574898507
 20
367.00528582979666
 10
287.22271283463664
 20
366.67748717993
 10
287.4522399202882
 20
366.3496885300634
 10
287.68176700593983
 20
366.02188988019674
 10
287.9112940915914
 20
365.6940912303301
 10
288.14082117724297
 20
365.3662925804635
 10
288.37034826289454
 20
365.03849393059687
 10
288.5998753485461
 20
364.71069528073025
 10
288.8294024341977
 20
364.3828966308636
 10
289.0589295198493
 20
364.05509798099695
 10
289.28845660550087
 20
363.7272993311304
 10
289.51798369115244
 20
363.3995006812637
 10
289.747510776804
 20
363.0717020313971
 10
289.9770378624556
 20
362.74390338153046
 10
290.20656494810714
 20
362.41610473166384
 10
290.43609203375877
 20
362.0883060817972
 10
290.66561911941034
 20
361.7605074319306
 10
290.8951462050619
 20
361.4327087820639
 10
291.1246732907135
 20
361.10491013219735
 10
291.35420037636504
 20
360.77711148233067
 10
291.5837274620166
 20
360.44931283246405
 10
291.81325454766824
 20
360.1215141825974
 10
292.0427816333198
 20
359.7937155327308
 10
292.2723087189714
 20
359.4659168828642
 10
292.50183580462294
 20
359.1381182329975
 10
292.73136289027457
 20
358.8103195831309
 10
292.9608899759261
 20
358.48252093326425
 10
293.1904170615777
 20
358.15472228339763
 10
293.4199441472293
 20
357.826923633531
 10
293.64947123288084
 20
357.4991249836644
 10
293.87899831853247
 20
357.17132633379777
 10
294.108525404184
 20
356.84352768393114
 10
294.3380524898356
 20
356.5157290340645
 10
294.5675795754872
 20
356.18793038419784
 10
294.79710666113874
 20
355.8601317343312
 10
295.02663374679037
 20
355.5323330844646
 10
295.2561608324419
 20
355.204534434598
 10
295.4856879180935
 20
354.87673578473135
 10
295.7152150037451
 20
354.5489371348647
 10
295.94474208939664
 20
354.22113848499805
 10
296.17426917504827
 20
353.8933398351314
 10
296.40379626069983
 20
353.5655411852648
 10
296.62328202130163
 20
353.2310235165569
 10
296.8200125446181
 20
352.8826381137838
 10
296.99308744186555
 20
352.5219161050118
 10
297.1417371293227
 20
352.15046145355535
 10
297.26530063083715
 20
351.76992584580864
 10
297.36322851687993
 20
351.3820013469626
 10
297.43508534760286
 20
350.988412877177
 10
297.480551609038
 20
350.59091054166083
 10
297.4994251338275
 20
350.19126184876694
 10
297.4963636356028
 20
349.7911384438903
 10
297.46911247680094
 20
349.39197348799655
 10
297.4153194458642
 20
348.9955121437367
 10
297.33522373542877
 20
348.6035172906588
 10
297.22918149393587
 20
348.2177319478982
 10
297.0976642420054
 20
347.8398715237805
 10
296.94125677580223
 20
347.4716161881972
 10
296.76065456671927
 20
347.11460340166974
 10
296.5566606689391
 20
346.7704206343234
 10
296.3301821486249
 20
346.44059830714406
 10
296.08222605061786
 20
346.12660298690685
 10
295.813894920577
 20
345.82983086503435
 10
295.5263819024697
 20
345.5516015493816
 10
295.2209654332151
 20
345.2931521965525
 10
294.899003558068
 20
345.05563201083885
 10
294.56192789202225
 20
344.8400971342421
 10
294.21123725408376
 20
344.6475059503005
 10
293.8484910027179
 20
344.4787148226021
 10
293.47530210210607
 20
344.3344742869337
 10
293.09332995004354
 20
344.2154257139964
 10
292.70427299936694
 20
344.1220984575279
 10
292.30986120572345
 20
344.05490750051234
 10
291.91184833526114
 20
344.01415160994344
 10
291.5120041664448
 20
344.00001200834635
 10
291.1118359124658
 20
344.0
 10
290.71166765047826
 20
344.0
 10
290.31149938849074
 20
344.0
 10
289.9113311265033
 20
344.0
 10
289.51116286451577
 20
344.0
 10
289.11099460252825
 20
344.0
 10
288.7108263405408
 20
344.0
 10
288.3106580785533
 20
344.0
 10
287.9104898165658
 20
344.0
 10
287.5103215545783
 20
344.0
 10
287.1101532925908
 20
344.0
 10
286.7099850306033
 20
344.0
 10
286.3098167686158
 20
344.0
 10
285.9096485066283
 20
344.0
 10
285.5094802446408
 20
344.0
 10
285.1093119826533
 20
344.0
 10
284.70914372066585
 20
344.0
 10
284.30897545867833
 20
344.0
 10
283.9088071966908
 20
344.0
 10
283.50863893470336
 20
344.0
 10
283.10847067271584
 20
344.0
 10
282.7083024107283
 20
344.0
 10
282.30813414874086
 20
344.0
 10
281.90796588675335
 20
344.0
 10
281.5077976247659
 20
344.0
 10
281.10762936277837
 20
344.0
 10
280.70746110079085
 20
344.0
 10
280.3072928388034
 20
344.0
 10
279.9071245768158
 20
344.0
 10
279.50695631482836
 20
344.0
 10
279.10678805284084
 20
344.0
 10
278.7066197908533
 20
344.0
 10
278.30645152886586
 20
344.0
 10
277.90628326687835
 20
344.0
 10
277.5061150048909
 20
344.0
 10
277.10594674290337
 20
344.0
 10
276.70577848091585
 20
344.0
 10
276.3056102189284
 20
344.0
 10
275.9054419569409
 20
344.0
 10
275.50527369495336
 20
344.0
 10
275.1051054329659
 20
344.0
 10
274.7049371709784
 20
344.0
 10
274.3047689089909
 20
344.0
 10
273.9046006470034
 20
344.0
 10
273.5044323850159
 20
344.0
 10
273.10426412302843
 20
344.0
 10
272.7040958610409
 20
344.0
 10
272.3039275990534
 20
344.0
 10
271.90375933706594
 20
344.0
 10
271.5052940684097
 20
344.02348846989605
 10
271.1418939590858
 20
344.18457679108224
 10
270.86995982095806
 20
344.47450938876665
 10
270.7187513323701
 20
344.8437460028896
 10
270.59220701685103
 20
345.22337894944695
 10
270.46566270133184
 20
345.60301189600443
 10
270.3391183858127
 20
345.9826448425619
 10
270.21146266026534
 20
346.36188722808356
 10
269.99683128873056
 20
346.69646526237807
 10
269.6688140962927
 20
346.9209954566603
 10
269.2792407799439
 20
347.0
 10
268.8790725179564
 20
347.0
 97
0
 75
1
 76
1
 52
0.0
 41
0.5
 77
0
 78
1
 53
45.0
 43
0.0
 44
0.0
 45
-1.1225320152
 46
1.1225320152
 79
0
 98
0
  0
LWPOLYLINE
  5
A9
330
17
100
AcDbEntity
  8
20_ВИДИМЫЕ
100
AcDbPolyline
 90
1017
 70
1
 10
268.4789042559689
 20
347.0
 10
268.0787359939814
 20
347.0
 10
267.6785677319939
 20
347.0
 10
267.27839947000643
 20
347.0
 10
266.8782312080189
 20
347.0
 10
266.4780629460314
 20
347.0
 10
266.07789468404394
 20
347.0
 10
265.6777264220564
 20
347.0
 10
265.2775581600689
 20
347.0
 10
264.87738989808145
 20
347.0
 10
264.47722163609393
 20
347.0
 10
264.07705337410647
 20
347.0
 10
263.67688511211895
 20
347.0
 10
263.27671685013144
 20
347.0
 10
262.876548588144
 20
347.0
 10
262.47638032615646
 20
347.0
 10
262.076212064169
 20
347.0
 10
261.6760438021815
 20
347.0
 10
261.27587554019397
 20
347.0
 10
260.8757072782065
 20
347.0
 10
260.475539016219
 20
347.0
 10
260.07537075423147
 20
347.0
 10
259.675202492244
 20
347.0
 10
259.2750342302565
 20
347.0
 10
258.874865968269
 20
347.0
 10
258.4746977062815
 20
347.0
 10
258.074529444294
 20
347.0
 10
257.6743611823065
 20
347.0
 10
257.274192920319
 20
347.0
 10
256.8740246583315
 20
347.0
 10
256.473856396344
 20
347.0
 10
256.07368813435653
 20
347.0
 10
255.673519872369
 20
347.0
 10
255.27335161038152
 20
347.0
 10
254.87318334839404
 20
347.0
 10
254.47301508640655
 20
347.0
 10
254.07284682441906
 20
347.0
 10
253.67267856243154
 20
347.0
 10
253.27251030044405
 20
347.0
 10
252.87234203845657
 20
347.0
 10
252.47217377646905
 20
347.0
 10
252.07200551448156
 20
347.0
 10
251.67183725249407
 20
347.0
 10
251.27166899050656
 20
347.0
 10
250.87150072851907
 20
347.0
 10
250.47133246653158
 20
347.0
 10
250.0711642045441
 20
347.0
 10
249.6709959425566
 20
347.0
 10
249.27082768056908
 20
347.0
 10
248.8706594185816
 20
347.0
 10
248.4704911565941
 20
347.0
 10
248.0703228946066
 20
347.0
 10
247.6701546326191
 20
347.0
 10
247.2699863706316
 20
347.0
 10
246.8698181086441
 20
347.0
 10
246.46964984665664
 20
347.0
 10
246.06948158466912
 20
347.0
 10
245.66931332268163
 20
347.0
 10
245.26914506069414
 20
347.0
 10
244.86897679870663
 20
347.0
 10
244.46880853671914
 20
347.0
 10
244.06864027473165
 20
347.0
 10
243.66847201274413
 20
347.0
 10
243.26830375075664
 20
347.0
 10
242.86813548876916
 20
347.0
 10
242.46796722678167
 20
347.0
 10
242.06779896479418
 20
347.0
 10
241.66763070280666
 20
347.0
 10
241.26746244081917
 20
347.0
 10
240.86729417883168
 20
347.0
 10
240.46712591684417
 20
347.0
 10
240.06695765485668
 20
347.0
 10
239.6667893928692
 20
347.0
 10
239.2666211308817
 20
347.0
 10
238.86645286889419
 20
347.0
 10
238.4662846069067
 20
347.0
 10
238.06611634491918
 20
347.0
 10
237.6659480829317
 20
347.0
 10
237.2657798209442
 20
347.0
 10
236.86561155895672
 20
347.0
 10
236.46544329696923
 20
347.0
 10
236.0652750349817
 20
347.0
 10
235.66510677299422
 20
347.0
 10
235.26493851100673
 20
347.0
 10
234.86477024901922
 20
347.0
 10
234.46460198703173
 20
347.0
 10
234.06443372504424
 20
347.0
 10
233.66426546305675
 20
347.0
 10
233.26409720106926
 20
347.0
 10
232.86392893908175
 20
347.0
 10
232.46376067709426
 20
347.0
 10
232.06359241510677
 20
347.0
 10
231.66342415311925
 20
347.0
 10
231.26325589113176
 20
347.0
 10
230.86308762914427
 20
347.0
 10
230.4629193671568
 20
347.0
 10
230.0627511051693
 20
347.0
 10
229.66258284318178
 20
347.0
 10
229.2624145811943
 20
347.0
 10
228.8622463192068
 20
347.0
 10
228.4620780572193
 20
347.0
 10
228.0619097952318
 20
347.0
 10
227.6617415332443
 20
347.0
 10
227.2615732712568
 20
347.0
 10
226.8614050092693
 20
347.0
 10
226.46123674728182
 20
347.0
 10
226.0610684852943
 20
347.0
 10
225.6609002233068
 20
347.0
 10
225.26073196131932
 20
347.0
 10
224.86056369933183
 20
347.0
 10
224.46039543734435
 20
347.0
 10
224.06022717535683
 20
347.0
 10
223.66005891336934
 20
347.0
 10
223.25989065138185
 20
347.0
 10
222.85972238939436
 20
347.0
 10
222.45955412740685
 20
347.0
 10
222.05938586541936
 20
347.0
 10
221.65921760343187
 20
347.0
 10
221.25904934144438
 20
347.0
 10
221.18033988749895
 20
347.32145880804205
 10
221.18033988749895
 20
347.72162707002957
 10
221.18033988749895
 20
348.1217953320171
 10
221.18033988749895
 20
348.52196359400455
 10
221.18033988749895
 20
348.92213185599206
 10
221.18033988749895
 20
349.3223001179796
 10
221.18033988749895
 20
349.72246837996704
 10
221.18033988749895
 20
350.12263664195456
 10
221.18033988749895
 20
350.5228049039421
 10
221.18033988749895
 20
350.92297316592953
 10
221.18033988749895
 20
351.32314142791705
 10
221.18033988749895
 20
351.7233096899045
 10
221.18033988749895
 20
352.123477951892
 10
221.18033988749895
 20
352.52364621387954
 10
221.18033988749895
 20
352.923814475867
 10
221.18033988749895
 20
353.3239827378545
 10
221.18033988749895
 20
353.724150999842
 10
221.18033988749895
 20
354.1243192618295
 10
221.18033988749895
 20
354.524487523817
 10
221.18033988749895
 20
354.9246557858045
 10
221.18033988749895
 20
355.324824047792
 10
221.18033988749895
 20
355.7249923097795
 10
221.18033988749895
 20
356.12516057176697
 10
221.18033988749895
 20
356.5253288337545
 10
221.18033988749895
 20
356.925497095742
 10
221.18033988749895
 20
357.32566535772946
 10
221.18033988749895
 20
357.725833619717
 10
221.18033988749895
 20
358.1260018817045
 10
221.18033988749895
 20
358.52617014369196
 10
221.18033988749895
 20
358.9263384056794
 10
221.18033988749895
 20
359.326506667667
 10
221.18033988749895
 20
359.72667492965445
 10
221.18033988749895
 20
360.12684319164197
 10
221.18033988749895
 20
360.5270114536295
 10
221.18033988749895
 20
360.92717971561694
 10
221.18033988749895
 20
361.32734797760446
 10
221.18033988749895
 20
361.727516239592
 10
221.18033988749895
 20
362.12768450157944
 10
221.18033988749895
 20
362.5278527635669
 10
221.18033988749895
 20
362.9280210255544
 10
221.18033988749895
 20
363.32818928754193
 10
221.18033988749895
 20
363.7283575495294
 10
221.18033988749895
 20
364.1285258115169
 10
221.18033988749895
 20
364.5286940735044
 10
221.18033988749895
 20
364.9288623354919
 10
221.18033988749895
 20
365.3290305974794
 10
221.18033988749895
 20
365.7291988594669
 10
221.18033988749895
 20
366.1293671214544
 10
221.18033988749895
 20
366.5295353834419
 10
221.18033988749895
 20
366.9297036454294
 10
221.18033988749895
 20
367.3298719074169
 10
221.18033988749895
 20
367.7300401694044
 10
221.18033988749895
 20
368.13020843139185
 10
221.18033988749895
 20
368.53037669337937
 10
221.18033988749895
 20
368.9305449553668
 10
221.18033988749895
 20
369.3307132173544
 10
221.18033988749895
 20
369.73088147934186
 10
221.18033988749895
 20
370.1310497413293
 10
221.18033988749895
 20
370.53121800331684
 10
221.18033988749895
 20
370.93138626530435
 10
221.18033988749895
 20
371.3315545272918
 10
221.18033988749895
 20
371.73172278927933
 10
221.18033988749895
 20
372.13189105126685
 10
221.18033988749895
 20
372.5320593132543
 10
221.18033988749895
 20
372.9322275752418
 10
221.18033988749895
 20
373.33239583722934
 10
221.18033988749895
 20
373.7325640992168
 10
221.18033988749895
 20
374.1327323612043
 10
221.18033988749895
 20
374.53290062319184
 10
221.18033988749895
 20
374.9330688851793
 10
221.18033988749895
 20
375.3332371471668
 10
221.18033988749895
 20
375.73340540915433
 10
221.18033988749895
 20
376.1335736711418
 10
221.18033988749895
 20
376.53374193312925
 10
221.18033988749895
 20
376.9339101951168
 10
221.18033988749895
 20
377.3340784571043
 10
221.18033988749895
 20
377.73424671909174
 10
221.18033988749895
 20
378.13441498107926
 10
221.18033988749895
 20
378.5345832430668
 10
221.18033988749895
 20
378.93475150505424
 10
221.18033988749895
 20
379.3349197670418
 10
221.18033988749895
 20
379.73508802902927
 10
221.18033988749895
 20
380.13525629101673
 10
221.18033988749895
 20
380.53542455300425
 10
221.18033988749895
 20
380.93559281499176
 10
221.18033988749895
 20
381.3357610769792
 10
221.18033988749895
 20
381.73592933896674
 10
221.18033988749895
 20
382.13609760095426
 10
221.18033988749895
 20
382.5362658629417
 10
221.18033988749895
 20
382.93643412492924
 10
221.18033988749895
 20
383.33660238691675
 10
221.18033988749895
 20
383.7367706489042
 10
221.18033988749895
 20
384.13693891089173
 10
221.18033988749895
 20
384.53710717287925
 10
221.18033988749895
 20
384.9372754348667
 10
221.18033988749895
 20
385.3374436968542
 10
221.18033988749895
 20
385.73761195884174
 10
221.18033988749895
 20
386.1377802208292
 10
221.18033988749895
 20
386.53794848281666
 10
221.18033988749895
 20
386.93811674480423
 10
221.18033988749895
 20
387.3382850067917
 10
221.18033988749895
 20
387.73845326877915
 10
221.18033988749895
 20
388.13862153076667
 10
221.18033988749895
 20
388.5387897927542
 10
221.18033988749895
 20
388.93895805474165
 10
221.18033988749895
 20
389.33912631672916
 10
221.18033988749895
 20
389.7392945787167
 10
221.18033988749895
 20
390.13946284070414
 10
221.18033988749895
 20
390.53963110269166
 10
221.18033988749895
 20
390.9397993646792
 10
221.18033988749895
 20
391.33996762666663
 10
221.18033988749895
 20
391.74013588865415
 10
221.18033988749895
 20
392.14030415064167
 10
221.18033988749895
 20
392.54047241262913
 10
221.18033988749895
 20
392.94064067461665
 10
221.18033988749895
 20
393.34080893660416
 10
221.18033988749895
 20
393.7409771985916
 10
221.18033988749895
 20
394.1411454605791
 10
221.18033988749895
 20
394.54131372256666
 10
221.18033988749895
 20
394.9414819845541
 10
221.18033988749895
 20
395.3416502465416
 10
221.18033988749895
 20
395.7418185085291
 10
221.18033988749895
 20
396.1419867705166
 10
221.18033988749895
 20
396.54215503250407
 10
221.18033988749895
 20
396.9423232944916
 10
221.18033988749895
 20
397.3424915564791
 10
221.18033988749895
 20
397.74265981846656
 10
221.18033988749895
 20
398.1428280804541
 10
221.18033988749895
 20
398.5429963424416
 10
221.18033988749895
 20
398.94316460442906
 10
221.18033988749895
 20
399.3433328664166
 10
221.18033988749895
 20
399.7435011284041
 10
221.18033988749895
 20
400.14366939039155
 10
221.18033988749895
 20
400.54383765237907
 10
221.18033988749895
 20
400.9440059143666
 10
221.18033988749895
 20
401.34417417635404
 10
221.18033988749895
 20
401.7443424383415
 10
221.18033988749895
 20
402.144510700329
 10
221.18033988749895
 20
402.54467896231654
 10
221.18033988749895
 20
402.94484722430406
 10
221.18033988749895
 20
403.3450154862915
 10
221.18033988749895
 20
403.74518374827903
 10
221.18033988749895
 20
404.1453520102665
 10
221.18033988749895
 20
404.545520272254
 10
221.18033988749895
 20
404.9456885342415
 10
221.18033988749895
 20
405.345856796229
 10
221.18033988749895
 20
405.7460250582165
 10
221.18033988749895
 20
406.146193320204
 10
221.18033988749895
 20
406.5463615821915
 10
221.18033988749895
 20
406.946529844179
 10
221.18033988749895
 20
407.3466981061665
 10
221.18033988749895
 20
407.746866368154
 10
221.18033988749895
 20
408.1470346301415
 10
221.18033988749895
 20
408.547202892129
 10
221.18033988749895
 20
408.94737115411647
 10
221.18033988749895
 20
409.347539416104
 10
221.18033988749895
 20
409.7477076780915
 10
221.18033988749895
 20
410.14787594007896
 10
221.18033988749895
 20
410.5480442020665
 10
221.18033988749895
 20
410.94821246405394
 10
221.18033988749895
 20
411.34838072604146
 10
221.18033988749895
 20
411.7485489880289
 10
221.18033988749895
 20
412.1487172500165
 10
221.18033988749895
 20
412.54888551200395
 10
221.18033988749895
 20
412.9490537739914
 10
221.18033988749895
 20
413.3492220359789
 10
221.18033988749895
 20
413.74939029796644
 10
221.18033988749895
 20
414.1495585599539
 10
221.18033988749895
 20
414.5497268219414
 10
221.18033988749895
 20
414.94989508392894
 10
221.18033988749895
 20
415.3500633459164
 10
221.18033988749895
 20
415.7502316079039
 10
221.18033988749895
 20
416.15039986989143
 10
221.18033988749895
 20
416.5505681318789
 10
221.18033988749895
 20
416.9507363938664
 10
221.18033988749895
 20
417.3509046558539
 10
221.18033988749895
 20
417.7510729178414
 10
221.18033988749895
 20
418.1512411798289
 10
221.18033988749895
 20
418.5514094418164
 10
221.18033988749895
 20
418.9515777038039
 10
221.18033988749895
 20
419.35174596579134
 10
221.18033988749895
 20
419.7519142277789
 10
221.33242237726532
 20
420.0
 10
221.73259063925283
 20
420.0
 10
222.13275890124032
 20
420.0
 10
222.5329271632278
 20
420.0
 10
222.9330954252153
 20
420.0
 10
223.33326368720282
 20
420.0
 10
223.7334319491903
 20
420.0
 10
224.1336002111778
 20
420.0
 10
224.53376847316528
 20
420.0
 10
224.9339367351528
 20
420.0
 10
225.3341049971403
 20
420.0
 10
225.73427325912778
 20
420.0
 10
226.13444152111526
 20
420.0
 10
226.53460978310278
 20
420.0
 10
226.93477804509024
 20
420.0
 10
227.33494630707776
 20
420.0
 10
227.73511456906525
 20
420.0
 10
228.13528283105273
 20
420.0
 10
228.53545109304022
 20
420.0
 10
228.93561935502774
 20
420.0
 10
229.33578761701523
 20
420.0
 10
229.73595587900272
 20
420.0
 10
230.1361241409902
 20
420.0
 10
230.53629240297772
 20
420.0
 10
230.9364606649652
 20
420.0
 10
231.3366289269527
 20
420.0
 10
231.7367971889402
 20
420.0
 10
232.1369654509277
 20
420.0
 10
232.5371337129152
 20
420.0
 10
232.93730197490268
 20
420.0
 10
233.33747023689017
 20
420.0
 10
233.7376384988777
 20
420.0
 10
234.1378067608652
 20
420.0
 10
234.5379750228527
 20
420.0
 10
234.93814328484018
 20
420.0
 10
235.33831154682767
 20
420.0
 10
235.73847980881519
 20
420.0
 10
236.13864807080267
 20
420.0
 10
236.53881633279016
 20
420.0
 10
236.93898459477765
 20
420.0
 10
237.33915285676517
 20
420.0
 10
237.73932111875266
 20
420.0
 10
238.09863388702485
 20
419.90136611297515
 10
238.38159557869184
 20
419.6184044213081
 10
238.66455727035887
 20
419.33544272964116
 10
238.94751896202584
 20
419.05248103797413
 10
239.23048065369284
 20
418.76951934630716
 10
239.5134423453598
 20
418.4865576546402
 10
239.79640403702683
 20
418.20359596297317
 10
240.0
 20
417.88775991009356
 10
240.0
 20
417.4875916481061
 10
240.0
 20
417.08742338611864
 10
240.0
 20
416.68725512413107
 10
240.0
 20
416.2870868621436
 10
240.0
 20
415.88691860015615
 10
240.0
 20
415.48675033816863
 10
240.0
 20
415.0865820761811
 10
240.0
 20
414.68641381419366
 10
240.0
 20
414.28624555220614
 10
240.0
 20
413.8860772902186
 10
240.0
 20
413.48590902823116
 10
240.0
 20
413.08574076624365
 10
240.0
 20
412.68557250425613
 10
240.0
 20
412.28540424226867
 10
240.0
 20
411.88523598028115
 10
240.0
 20
411.48506771829364
 10
240.0
 20
411.0848994563062
 10
240.0
 20
410.68473119431866
 10
240.0
 20
410.28456293233114
 10
240.0
 20
409.8843946703437
 10
240.0
 20
409.48422640835616
 10
240.0
 20
409.08405814636865
 10
240.0
 20
408.6838898843812
 10
240.0
 20
408.28372162239367
 10
240.0
 20
407.88355336040615
 10
240.0
 20
407.4833850984187
 10
240.0
 20
407.08321683643123
 10
240.0
 20
406.68304857444366
 10
240.0
 20
406.2828803124562
 10
240.0
 20
405.88271205046874
 10
240.0
 20
405.4825437884812
 10
240.0
 20
405.0823755264937
 10
240.0
 20
404.68220726450625
 10
240.0
 20
404.28203900251873
 10
240.0
 20
403.8818707405312
 10
240.0
 20
403.48170247854375
 10
240.0
 20
403.08153421655624
 10
240.0
 20
402.6813659545687
 10
240.0
 20
402.28119769258126
 10
240.0
 20
401.8810294305938
 10
240.0
 20
401.4808611686062
 10
240.0
 20
401.08069290661876
 10
240.0
 20
400.6805246446313
 10
240.0
 20
400.2803563826438
 10
240.0
 20
399.88018812065627
 10
240.0
 20
399.48001985866875
 10
240.0
 20
399.07985159668124
 10
240.0
 20
398.6796833346938
 10
240.0
 20
398.2795150727063
 10
240.0
 20
397.87934681071874
 10
240.0
 20
397.4791785487313
 10
240.0
 20
397.0790102867438
 10
240.0
 20
396.6788420247563
 10
240.0
 20
396.2786737627688
 10
240.0
 20
395.87850550078133
 10
240.0
 20
395.4783372387938
 10
240.0
 20
395.0781689768063
 10
240.0
 20
394.67800071481884
 10
240.0
 20
394.2778324528313
 10
240.08650448023627
 20
393.9134955197637
 10
240.36946617190324
 20
393.63053382809676
 10
240.65242786357027
 20
393.34757213642973
 10
240.93538955523724
 20
393.06461044476276
 10
241.21835124690423
 20
392.78164875309574
 10
241.50131293857123
 20
392.49868706142877
 10
241.78427463023823
 20
392.21572536976174
 10
242.06723632190523
 20
391.9327636780948
 10
242.3501980135722
 20
391.6498019864278
 10
242.6331597052392
 20
391.3668402947608
 10
242.9161213969062
 20
391.0838786030938
 10
243.1990830885732
 20
390.8009169114268
 10
243.4820447802402
 20
390.5179552197598
 10
243.76500647190716
 20
390.23499352809284
 10
244.06783722748872
 20
390.0
 10
244.4680054894762
 20
390.0
 10
244.78
 20
390.0881737514637
 10
244.78
 20
390.4883420134512
 10
244.78
 20
390.8885102754387
 10
244.78
 20
391.2886785374262
 10
244.78
 20
391.6888467994137
 10
244.78
 20
392.0890150614012
 10
244.78
 20
392.4891833233887
 10
244.78
 20
392.8893515853762
 10
244.78
 20
393.2895198473637
 10
244.78
 20
393.6896881093512
 10
244.78
 20
394.08985637133867
 10
244.78
 20
394.4900246333262
 10
244.78
 20
394.8901928953137
 10
244.78
 20
395.29036115730116
 10
244.78
 20
395.6905294192886
 10
244.78
 20
396.0906976812762
 10
244.78
 20
396.49086594326366
 10
244.78
 20
396.8910342052511
 10
244.78
 20
397.29120246723863
 10
244.78
 20
397.69137072922615
 10
244.78
 20
398.0915389912136
 10
244.78
 20
398.4917072532011
 10
244.78
 20
398.89187551518864
 10
244.78
 20
399.2920437771761
 10
244.78
 20
399.6922120391636
 10
244.78
 20
400.09238030115114
 10
244.78
 20
400.4925485631386
 10
244.78
 20
400.89271682512606
 10
244.78
 20
401.29288508711363
 10
244.78
 20
401.6930533491011
 10
244.78
 20
402.09322161108855
 10
244.78
 20
402.49338987307607
 10
244.78
 20
402.8935581350636
 10
244.78
 20
403.2937263970511
 10
244.78
 20
403.6938946590386
 10
244.78
 20
404.0940629210261
 10
244.78
 20
404.49423118301354
 10
244.78
 20
404.8943994450011
 10
244.78
 20
405.2945677069886
 10
244.78
 20
405.69473596897603
 10
244.78
 20
406.09490423096355
 10
244.78
 20
406.49507249295107
 10
244.78
 20
406.8952407549385
 10
244.78
 20
407.29540901692604
 10
244.78
 20
407.6955772789135
 10
244.78
 20
408.0957455409011
 10
244.78
 20
408.49591380288854
 10
244.78
 20
408.89608206487605
 10
244.78
 20
409.2962503268635
 10
244.78
 20
409.69641858885103
 10
244.78
 20
410.09658685083855
 10
244.78
 20
410.496755112826
 10
244.78
 20
410.89692337481347
 10
244.78
 20
411.29709163680104
 10
244.78
 20
411.6972598987885
 10
244.78
 20
412.09742816077596
 10
244.78
 20
412.4975964227635
 10
244.78
 20
412.897764684751
 10
244.78
 20
413.2979329467385
 10
244.78
 20
413.698101208726
 10
244.78
 20
414.0982694707135
 10
244.78
 20
414.49843773270095
 10
244.78
 20
414.89860599468847
 10
244.78
 20
415.298774256676
 10
244.78
 20
415.69894251866344
 10
244.78
 20
416.09911078065096
 10
244.78
 20
416.4992790426385
 10
244.78
 20
416.89944730462594
 10
244.78
 20
417.29961556661345
 10
244.78
 20
417.69978382860097
 10
244.78
 20
418.09995209058843
 10
244.78
 20
418.50012035257595
 10
244.78
 20
418.90028861456346
 10
244.78
 20
419.3004568765509
 10
244.78
 20
419.70062513853844
 10
244.78
 20
420.1007934005259
 10
244.78
 20
420.5009616625134
 10
244.78
 20
420.9011299245009
 10
244.78
 20
421.30129818648845
 10
244.78
 20
421.7014664484759
 10
244.78
 20
422.1016347104634
 10
244.78
 20
422.5018029724509
 10
244.78
 20
422.9019712344384
 10
244.78
 20
423.30213949642587
 10
244.78
 20
423.7023077584134
 10
244.78
 20
424.1024760204009
 10
244.78
 20
424.50264428238836
 10
244.78
 20
424.9028125443759
 10
244.78
 20
425.3029808063634
 10
244.78
 20
425.70314906835085
 10
244.78
 20
426.1033173303383
 10
244.78
 20
426.5034855923259
 10
244.78
 20
426.90365385431335
 10
244.78
 20
427.3038221163008
 10
244.78
 20
427.7039903782883
 10
244.78
 20
428.10415864027584
 10
244.78
 20
428.5043269022633
 10
244.78
 20
428.9044951642508
 10
244.78
 20
429.30466342623833
 10
244.78
 20
429.7048316882258
 10
244.78
 20
430.1049999502133
 10
244.78
 20
430.50516821220083
 10
244.78
 20
430.9053364741883
 10
244.78
 20
431.3055047361758
 10
244.78
 20
431.7056729981633
 10
244.78
 20
432.1058412601508
 10
244.78
 20
432.50600952213824
 10
244.78
 20
432.9061777841258
 10
244.78
 20
433.3063460461133
 10
244.78
 20
433.70651430810074
 10
244.78
 20
434.10668257008825
 10
244.78
 20
434.50685083207577
 10
244.78
 20
434.9070190940633
 10
244.78
 20
435.3071873560508
 10
244.78
 20
435.70735561803826
 10
244.78
 20
436.1075238800258
 10
244.78
 20
436.5076921420133
 10
244.78
 20
436.90786040400076
 10
244.78
 20
437.3080286659883
 10
244.78
 20
437.7081969279758
 10
244.78
 20
438.10836518996325
 10
244.78
 20
438.50853345195077
 10
244.78
 20
438.9087017139383
 10
244.78
 20
439.30886997592575
 10
244.78
 20
439.7090382379132
 10
244.78
 20
440.1092064999008
 10
244.78
 20
440.50937476188824
 10
244.78
 20
440.9095430238757
 10
244.78
 20
441.3097112858632
 10
244.78
 20
441.70987954785073
 10
244.78
 20
442.1100478098382
 10
244.78
 20
442.5102160718257
 10
244.78
 20
442.9103843338132
 10
244.78
 20
443.3105525958007
 10
244.78
 20
443.7107208577882
 10
244.78
 20
444.1108891197757
 10
244.78
 20
444.5110573817632
 10
244.78
 20
444.9112256437507
 10
244.78
 20
445.3113939057382
 10
244.78
 20
445.7115621677257
 10
244.78
 20
446.11173042971313
 10
244.78
 20
446.5118986917007
 10
244.78
 20
446.91206695368817
 10
244.78
 20
447.3122352156756
 10
244.78
 20
447.71240347766314
 10
244.78
 20
448.11257173965066
 10
244.78
 20
448.5127400016381
 10
244.78
 20
448.91290826362564
 10
244.78
 20
449.31307652561316
 10
244.78
 20
449.7132447876006
 10
244.89341304958813
 20
450.0
 10
245.29358131157562
 20
450.0
 10
245.6937495735631
 20
450.0
 10
246.0939178355506
 20
450.0
 10
246.49408609753812
 20
450.0
 10
246.8942543595256
 20
450.0
 10
247.2944226215131
 20
450.0
 10
247.69459088350058
 20
450.0
 10
248.0947591454881
 20
450.0
 10
248.4949274074756
 20
450.0
 10
248.89509566946307
 20
450.0
 10
249.29526393145056
 20
450.0
 10
249.69543219343808
 20
450.0
 10
250.09560045542557
 20
450.0
 10
250.49576871741306
 20
450.0
 10
250.89593697940055
 20
450.0
 10
251.29610524138806
 20
450.0
 10
251.69627350337555
 20
450.0
 10
252.09644176536304
 20
450.0
 10
252.49661002735053
 20
450.0
 10
252.89677828933804
 20
450.0
 10
253.29694655132553
 20
450.0
 10
253.69711481331302
 20
450.0
 10
254.0972830753005
 20
450.0
 10
254.49745133728803
 20
450.0
 10
254.89761959927552
 20
450.0
 10
255.29778786126306
 20
450.0
 10
255.69795612325055
 20
450.0
 10
256.09812438523807
 20
450.0
 10
256.4982926472255
 20
450.0
 10
256.89846090921304
 20
450.0
 10
257.29862917120056
 20
450.0
 10
257.698797433188
 20
450.0
 10
258.0989656951755
 20
450.0
 10
258.49913395716305
 20
450.0
 10
258.8993022191505
 20
450.0
 10
259.299470481138
 20
450.0
 10
259.6996387431255
 20
450.0
 10
260.099807005113
 20
450.0
 10
260.49997526710047
 20
450.0
 10
260.900143529088
 20
450.0
 10
261.3003117910755
 20
450.0
 10
261.70048005306296
 20
450.0
 10
262.1006483150505
 20
450.0
 10
262.500816577038
 20
450.0
 10
262.90098483902545
 20
450.0
 10
263.30115310101297
 20
450.0
 10
263.7013213630005
 20
450.0
 10
264.10148962498795
 20
450.0
 10
264.5016578869754
 20
450.0
 10
264.901826148963
 20
450.0
 10
265.30199441095044
 20
450.0
 10
265.7021626729379
 20
450.0
 10
266.1023309349254
 20
450.0
 10
266.50249919691294
 20
450.0
 10
266.9026674589004
 20
450.0
 10
267.3028357208879
 20
450.0
 10
267.70300398287543
 20
450.0
 10
268.1031722448629
 20
450.0
 10
268.5033405068504
 20
450.0
 10
268.9035087688379
 20
450.0
 10
269.3036770308254
 20
450.0
 10
269.70384529281284
 20
450.0
 10
270.1040135548004
 20
450.0
 10
270.5041818167879
 20
450.0
 10
270.90435007877534
 20
450.0
 10
271.3045183407629
 20
450.0
 10
271.70468660275037
 20
450.0
 10
272.10485486473783
 20
450.0
 10
272.5050231267254
 20
450.0
 10
272.90519138871286
 20
450.0
 10
273.3053596507003
 20
450.0
 10
273.7055279126878
 20
450.0
 10
274.10569617467536
 20
450.0
 10
274.5058644366628
 20
450.0
 10
274.9060326986503
 20
450.0
 10
275.30620096063785
 20
450.0
 10
275.7063692226253
 20
450.0
 10
276.1065374846128
 20
450.0
 10
276.50670574660035
 20
450.0
 10
276.9068740085878
 20
450.0
 10
277.30704227057527
 20
450.0
 10
277.70721053256284
 20
450.0
 10
278.1073787945503
 20
450.0
 10
278.50754705653776
 20
450.0
 10
278.90771531852533
 20
450.0
 10
279.3078835805128
 20
450.0
 10
279.70805184250025
 20
450.0
 10
280.1082201044877
 20
450.0
 10
280.5083883664753
 20
450.0
 10
280.90855662846275
 20
450.0
 10
281.3087248904503
 20
450.0
 10
281.7088931524378
 20
450.0
 10
281.78
 20
449.67093858557473
 10
281.78
 20
449.2707703235872
 10
281.78
 20
448.8706020615997
 10
281.78
 20
448.47043379961224
 10
281.78
 20
448.0702655376247
 10
281.78
 20
447.67009727563726
 10
281.78
 20
447.26992901364974
 10
281.78
 20
446.8697607516622
 10
281.78
 20
446.46959248967477
 10
281.78
 20
446.06942422768725
 10
281.78
 20
445.66925596569973
 10
281.78
 20
445.2690877037123
 10
281.78
 20
444.86891944172476
 10
281.78
 20
444.4687511797373
 10
281.78
 20
444.0685829177498
 10
281.78
 20
443.66841465576226
 10
281.78
 20
443.2682463937748
 10
281.78
 20
442.8680781317873
 10
281.78
 20
442.46790986979977
 10
281.78
 20
442.0677416078123
 10
281.78
 20
441.6675733458248
 10
281.78
 20
441.26740508383733
 10
281.78
 20
440.8672368218498
 10
281.78
 20
440.4670685598623
 10
281.78
 20
440.06690029787484
 10
281.78
 20
439.6667320358873
 10
281.78
 20
439.2665637738998
 10
281.78
 20
438.86639551191234
 10
281.78
 20
438.4662272499248
 10
281.78
 20
438.06605898793737
 10
281.78
 20
437.66589072594985
 10
281.78
 20
437.26572246396233
 10
281.78
 20
436.8655542019749
 10
281.78
 20
436.46538593998736
 10
281.78
 20
436.0652176779999
 10
281.78
 20
435.6650494160124
 10
281.78
 20
435.26488115402486
 10
281.78
 20
434.8647128920374
 10
281.78
 20
434.4645446300499
 10
281.78
 20
434.06437636806237
 10
281.78
 20
433.6642081060749
 10
281.78
 20
433.2640398440874
 10
281.78
 20
432.86387158209993
 10
281.78
 20
432.4637033201124
 10
281.78
 20
432.0635350581249
 10
281.78
 20
431.66336679613744
 10
281.78
 20
431.2631985341499
 10
281.78
 20
430.8630302721624
 10
281.78
 20
430.46286201017494
 10
281.78
 20
430.0626937481874
 10
281.78
 20
429.66252548619997
 10
281.78
 20
429.26235722421245
 10
281.78
 20
428.86218896222493
 10
281.78
 20
428.4620207002375
 10
281.78
 20
428.06185243824996
 10
281.78
 20
427.66168417626244
 10
281.78
 20
427.261515914275
 10
281.78
 20
426.86134765228746
 10
281.78
 20
426.4611793903
 10
281.78
 20
426.0610111283125
 10
281.78
 20
425.66084286632497
 10
281.78
 20
425.26067460433745
 10
281.78
 20
424.86050634234994
 10
281.78
 20
424.4603380803625
 10
281.78
 20
424.06016981837496
 10
281.78
 20
423.66000155638744
 10
281.78
 20
423.2598332944
 10
281.78
 20
422.85966503241247
 10
281.78
 20
422.459496770425
 10
281.78
 20
422.0593285084375
 10
281.78
 20
421.65916024644997
 10
281.78
 20
421.2589919844625
 10
281.78
 20
420.858823722475
 10
281.78
 20
420.4586554604875
 10
281.78
 20
420.0584871985
 10
281.78
 20
419.6583189365125
 10
281.78
 20
419.25815067452504
 10
281.78
 20
418.8579824125375
 10
281.78
 20
418.45781415055
 10
281.78
 20
418.05764588856255
 10
281.78
 20
417.65747762657503
 10
281.78
 20
417.2573093645875
 10
281.78
 20
416.85714110260005
 10
281.78
 20
416.45697284061254
 10
281.78
 20
416.0568045786251
 10
281.78
 20
415.65663631663756
 10
281.78
 20
415.25646805465004
 10
281.78
 20
414.8562997926626
 10
281.78
 20
414.45613153067507
 10
281.78
 20
414.05596326868755
 10
281.78
 20
413.6557950067001
 10
281.78
 20
413.2556267447126
 10
281.78
 20
412.8554584827251
 10
281.78
 20
412.4552902207376
 10
281.78
 20
412.0551219587501
 10
281.78
 20
411.6549536967626
 10
281.78
 20
411.2547854347751
 10
281.78
 20
410.85461717278764
 10
281.78
 20
410.4544489108001
 10
281.78
 20
410.0542806488126
 10
281.78
 20
409.65411238682515
 10
281.78
 20
409.25394412483763
 10
281.78
 20
408.8537758628501
 10
281.78
 20
408.45360760086265
 10
281.78
 20
408.05343933887514
 10
281.78
 20
407.6532710768877
 10
281.78
 20
407.25310281490016
 10
281.78
 20
406.85293455291264
 10
281.78
 20
406.4527662909252
 10
281.78
 20
406.05259802893767
 10
281.78
 20
405.65242976695015
 10
281.78
 20
405.2522615049627
 10
281.78
 20
404.8520932429752
 10
281.78
 20
404.4519249809877
 10
281.78
 20
404.0517567190002
 10
281.78
 20
403.6515884570127
 10
281.78
 20
403.2514201950252
 10
281.78
 20
402.8512519330377
 10
281.78
 20
402.4510836710502
 10
281.78
 20
402.0509154090627
 10
281.78
 20
401.6507471470752
 10
281.78
 20
401.25057888508775
 10
281.78
 20
400.85041062310023
 10
281.78
 20
400.4502423611127
 10
281.78
 20
400.0500740991252
 10
281.78
 20
399.6499058371377
 10
281.78
 20
399.2497375751502
 10
281.78
 20
398.8495693131627
 10
281.78
 20
398.4494010511752
 10
281.78
 20
398.0492327891877
 10
281.78
 20
397.6490645272002
 10
281.78
 20
397.24889626521275
 10
281.78
 20
396.84872800322523
 10
281.78
 20
396.4485597412377
 10
281.78
 20
396.04839147925026
 10
281.78
 20
395.64822321726274
 10
281.78
 20
395.2480549552752
 10
281.78
 20
394.84788669328776
 10
281.78
 20
394.44771843130025
 10
281.78
 20
394.0475501693128
 10
281.78
 20
393.64738190732527
 10
281.78
 20
393.24721364533775
 10
281.78
 20
392.8470453833503
 10
281.78
 20
392.4468771213628
 10
281.78
 20
392.04670885937526
 10
281.78
 20
391.6465405973878
 10
281.78
 20
391.2463723354003
 10
281.78
 20
390.8462040734128
 10
281.78
 20
390.4460358114253
 10
281.78
 20
390.0458675494378
 10
282.0831281118621
 20
389.8504560835122
 10
282.3728830805215
 20
389.57833268353255
 10
282.5337340748154
 20
389.2148274644312
 10
282.5570820587288
 20
388.816346904192
 10
282.5570820587288
 20
388.4161786422045
 10
282.5570820587288
 20
388.01601038021704
 10
282.5570820587288
 20
387.6158421182295
 10
282.5570820587288
 20
387.215673856242
 10
282.5570820587288
 20
386.81550559425455
 10
282.5570820587288
 20
386.41533733226703
 10
282.5570820587288
 20
386.01516907027957
 10
282.5570820587288
 20
385.61500080829205
 10
282.5570820587288
 20
385.21483254630454
 10
282.5570820587288
 20
384.8146642843171
 10
282.5570820587288
 20
384.41449602232956
 10
282.5570820587288
 20
384.01432776034204
 10
282.5570820587288
 20
383.6141594983546
 10
282.5570820587288
 20
383.21399123636706
 10
282.5570820587288
 20
382.8138229743796
 10
282.5570820587288
 20
382.4136547123921
 10
282.5570820587288
 20
382.01348645040457
 10
282.5570820587288
 20
381.6133181884171
 10
282.5570820587288
 20
381.2131499264296
 10
282.5570820587288
 20
380.8129816644421
 10
282.5570820587288
 20
380.4128134024546
 10
282.5570820587288
 20
380.0126451404671
 10
282.5570820587288
 20
379.61247687847964
 10
282.5570820587288
 20
379.2123086164921
 10
282.5570820587288
 20
378.8121403545046
 10
282.5570820587288
 20
378.41197209251715
 10
282.5570820587288
 20
378.01180383052963
 10
282.5570820587288
 20
377.6116355685421
 10
282.5570820587288
 20
377.21146730655465
 10
282.5570820587288
 20
376.81129904456714
 10
282.5570820587288
 20
376.4111307825797
 10
282.5570820587288
 20
376.01096252059216
 10
282.5570820587288
 20
375.61079425860464
 10
282.5570820587288
 20
375.2106259966171
 10
282.5570820587288
 20
374.8104577346296
 10
282.5570820587288
 20
374.41028947264215
 10
282.5570820587288
 20
374.01012121065463
 10
282.5570820587288
 20
373.6099529486671
 10
282.63217112160504
 20
373.2334601772626
 10
282.8616982072566
 20
372.905661527396
 10
283.0912252929082
 20
372.57786287752936
 10
283.32075237855975
 20
372.25006422766273
 10
283.55027946421137
 20
371.92226557779605
 10
283.77980654986294
 20
371.5944669279295
 10
284.0093336355145
 20
371.2666682780628
 10
284.23886072116613
 20
370.9388696281962
 10
284.46838780681765
 20
370.61107097832956
 10
284.69791489246927
 20
370.28327232846294
 10
284.92744197812084
 20
369.9554736785963
 10
285.1569690637724
 20
369.6276750287297
 10
285.38649614942403
 20
369.299876378863
 10
285.61602323507555
 20
368.97207772899645
 10
285.84555032072717
 20
368.6442790791298
 10
286.07507740637874
 20
368.31648042926315
 10
286.3046044920303
 20
367.98868177939653
 10
286.53413157768193
 20
367.6608831295299
 10
286.76365866333344
 20
367.3330844796633
 10
286.99318574898507
 20
367.00528582979666
 10
287.22271283463664
 20
366.67748717993
 10
287.4522399202882
 20
366.3496885300634
 10
287.68176700593983
 20
366.02188988019674
 10
287.9112940915914
 20
365.6940912303301
 10
288.14082117724297
 20
365.3662925804635
 10
288.37034826289454
 20
365.03849393059687
 10
288.5998753485461
 20
364.71069528073025
 10
288.8294024341977
 20
364.3828966308636
 10
289.0589295198493
 20
364.05509798099695
 10
289.28845660550087
 20
363.7272993311304
 10
289.51798369115244
 20
363.3995006812637
 10
289.747510776804
 20
363.0717020313971
 10
289.9770378624556
 20
362.74390338153046
 10
290.20656494810714
 20
362.41610473166384
 10
290.43609203375877
 20
362.0883060817972
 10
290.66561911941034
 20
361.7605074319306
 10
290.8951462050619
 20
361.4327087820639
 10
291.1246732907135
 20
361.10491013219735
 10
291.35420037636504
 20
360.77711148233067
 10
291.5837274620166
 20
360.44931283246405
 10
291.81325454766824
 20
360.1215141825974
 10
292.0427816333198
 20
359.7937155327308
 10
292.2723087189714
 20
359.4659168828642
 10
292.50183580462294
 20
359.1381182329975
 10
292.73136289027457
 20
358.8103195831309
 10
292.9608899759261
 20
358.48252093326425
 10
293.1904170615777
 20
358.15472228339763
 10
293.4199441472293
 20
357.826923633531
 10
293.64947123288084
 20
357.4991249836644
 10
293.87899831853247
 20
357.17132633379777
 10
294.108525404184
 20
356.84352768393114
 10
294.3380524898356
 20
356.5157290340645
 10
294.5675795754872
 20
356.18793038419784
 10
294.79710666113874
 20
355.8601317343312
 10
295.02663374679037
 20
355.5323330844646
 10
295.2561608324419
 20
355.204534434598
 10
295.4856879180935
 20
354.87673578473135
 10
295.7152150037451
 20
354.5489371348647
 10
295.94474208939664
 20
354.22113848499805
 10
296.17426917504827
 20
353.8933398351314
 10
296.40379626069983
 20
353.5655411852648
 10
296.62328202130163
 20
353.2310235165569
 10
296.8200125446181
 20
352.8826381137838
 10
296.99308744186555
 20
352.5219161050118
 10
297.1417371293227
 20
352.15046145355535
 10
297.26530063083715
 20
351.76992584580864
 10
297.36322851687993
 20
351.3820013469626
 10
297.43508534760286
 20
350.988412877177
 10
297.480551609038
 20
350.59091054166083
 10
297.4994251338275
 20
350.19126184876694
 10
297.4963636356028
 20
349.7911384438903
 10
297.46911247680094
 20
349.39197348799655
 10
297.4153194458642
 20
348.9955121437367
 10
297.33522373542877
 20
348.6035172906588
 10
297.22918149393587
 20
348.2177319478982
 10
297.0976642420054
 20
347.8398715237805
 10
296.94125677580223
 20
347.4716161881972
 10
296.76065456671927
 20
347.11460340166974
 10
296.5566606689391
 20
346.7704206343234
 10
296.3301821486249
 20
346.44059830714406
 10
296.08222605061786
 20
346.12660298690685
 10
295.813894920577
 20
345.82983086503435
 10
295.5263819024697
 20
345.5516015493816
 10
295.2209654332151
 20
345.2931521965525
 10
294.899003558068
 20
345.05563201083885
 10
294.56192789202225
 20
344.8400971342421
 10
294.21123725408376
 20
344.6475059503005
 10
293.8484910027179
 20
344.4787148226021
 10
293.47530210210607
 20
344.3344742869337
 10
293.09332995004354
 20
344.2154257139964
 10
292.70427299936694
 20
344.1220984575279
 10
292.30986120572345
 20
344.05490750051234
 10
291.91184833526114
 20
344.01415160994344
 10
291.5120041664448
 20
344.00001200834635
 10
291.1118359124658
 20
344.0
 10
290.71166765047826
 20
344.0
 10
290.31149938849074
 20
344.0
 10
289.9113311265033
 20
344.0
 10
289.51116286451577
 20
344.0
 10
289.11099460252825
 20
344.0
 10
288.7108263405408
 20
344.0
 10
288.3106580785533
 20
344.0
 10
287.9104898165658
 20
344.0
 10
287.5103215545783
 20
344.0
 10
287.1101532925908
 20
344.0
 10
286.7099850306033
 20
344.0
 10
286.3098167686158
 20
344.0
 10
285.9096485066283
 20
344.0
 10
285.5094802446408
 20
344.0
 10
285.1093119826533
 20
344.0
 10
284.70914372066585
 20
344.0
 10
284.30897545867833
 20
344.0
 10
283.9088071966908
 20
344.0
 10
283.50863893470336
 20
344.0
 10
283.10847067271584
 20
344.0
 10
282.7083024107283
 20
344.0
 10
282.30813414874086
 20
344.0
 10
281.90796588675335
 20
344.0
 10
281.5077976247659
 20
344.0
 10
281.10762936277837
 20
344.0
 10
280.70746110079085
 20
344.0
 10
280.3072928388034
 20
344.0
 10
279.9071245768158
 20
344.0
 10
279.50695631482836
 20
344.0
 10
279.10678805284084
 20
344.0
 10
278.7066197908533
 20
344.0
 10
278.30645152886586
 20
344.0
 10
277.90628326687835
 20
344.0
 10
277.5061150048909
 20
344.0
 10
277.10594674290337
 20
344.0
 10
276.70577848091585
 20
344.0
 10
276.3056102189284
 20
344.0
 10
275.9054419569409
 20
344.0
 10
275.50527369495336
 20
344.0
 10
275.1051054329659
 20
344.0
 10
274.7049371709784
 20
344.0
 10
274.3047689089909
 20
344.0
 10
273.9046006470034
 20
344.0
 10
273.5044323850159
 20
344.0
 10
273.10426412302843
 20
344.0
 10
272.7040958610409
 20
344.0
 10
272.3039275990534
 20
344.0
 10
271.90375933706594
 20
344.0
 10
271.5052940684097
 20
344.02348846989605
 10
271.1418939590858
 20
344.18457679108224
 10
270.86995982095806
 20
344.47450938876665
 10
270.7187513323701
 20
344.8437460028896
 10
270.59220701685103
 20
345.22337894944695
 10
270.46566270133184
 20
345.60301189600443
 10
270.3391183858127
 20
345.9826448425619
 10
270.21146266026534
 20
346.36188722808356
 10
269.99683128873056
 20
346.69646526237807
 10
269.6688140962927
 20
346.9209954566603
 10
269.2792407799439
 20
347.0
 10
268.8790725179564
 20
347.0
 10
268.4789042559689
 20
347.0
  0
LWPOLYLINE
  5
AA
330
17
100
AcDbEntity
  8
22_ТОНКИЕ
100
AcDbPolyline
 90
717
 70
1
 10
147.87903452273423
 20
344.0
 10
147.47882826552458
 20
344.0
 10
147.07862200831494
 20
344.0
 10
146.67841575110526
 20
344.0
 10
146.2782094938956
 20
344.0
 10
145.87800323668594
 20
344.0
 10
145.4777969794763
 20
344.0
 10
145.07759072226662
 20
344.0
 10
144.67738446505697
 20
344.0
 10
144.27717820784733
 20
344.0
 10
143.87697195063765
 20
344.0
 10
143.47676569342798
 20
344.0
 10
143.07655943621833
 20
344.0
 10
142.6763531790087
 20
344.0
 10
142.276146921799
 20
344.0
 10
141.87594066458936
 20
344.0
 10
141.47573440737972
 20
344.0
 10
141.07552815017004
 20
344.0
 10
140.67532189296037
 20
344.0
 10
140.27511563575072
 20
344.0
 10
139.87490937854108
 20
344.0
 10
139.4747031213314
 20
344.0
 10
139.07449686412176
 20
344.0
 10
138.6742906069121
 20
344.0
 10
138.27408434970243
 20
344.0
 10
137.87387809249276
 20
344.0
 10
137.4736718352831
 20
344.0
 10
137.07346557807347
 20
344.0
 10
136.6732593208638
 20
344.0
 10
136.27305306365415
 20
344.0
 10
135.8728468064445
 20
344.0
 10
135.47264054923482
 20
344.0
 10
135.07243429202515
 20
344.0
 10
134.6722280348155
 20
344.0
 10
134.27202177760586
 20
344.0
 10
133.87181552039618
 20
344.0
 10
133.4716092631865
 20
344.0
 10
133.0714030059769
 20
344.0
 10
132.67119674876722
 20
344.0
 10
132.27099049155754
 20
344.0
 10
131.8707842343479
 20
344.0
 10
131.47057797713825
 20
344.0
 10
131.07037171992857
 20
344.0
 10
130.67016546271893
 20
344.0
 10
130.26995920550928
 20
344.0
 10
129.8697529482996
 20
344.0
 10
129.46954669108993
 20
344.0
 10
129.06934043388028
 20
344.0
 10
128.66913417667064
 20
344.0
 10
128.26898503528753
 20
344.00444897560874
 10
127.8698857039251
 20
344.0331787378972
 10
127.47358873020261
 20
344.08844522099025
 10
127.08185659730587
 20
344.1700026338432
 10
126.69643148683954
 20
344.2774882596594
 10
126.31902753068357
 20
344.4104240690296
 10
125.9513231875977
 20
344.5682188459104
 10
125.59495377847767
 20
344.7501708169866
 10
125.251504213462
 20
344.9554707727237
 10
124.92250194323458
 20
345.1832056662299
 10
124.60941016587115
 20
345.43236267392285
 10
124.31362131944171
 20
345.7018336999405
 10
124.03645088930938
 20
345.99042030426466
 10
123.77913155766736
 20
346.2968390326388
 10
123.54280772133289
 20
346.61972712457657
 10
123.32853040217992
 20
346.95764857407585
 10
123.1372525728455
 20
347.3091005160825
 10
122.96982491849853
 20
347.67251991030207
 10
122.82699205351966
 20
348.04629049263434
 10
122.7093892099182
 20
348.4287499633132
 10
122.61753941221416
 20
348.8181973797853
 10
122.55185115134945
 20
349.21290072144797
 10
122.51261656797352
 20
349.61110459260243
 10
122.50000000000001
 20
350.0110380355918
 10
122.50765099333071
 20
350.4111154743888
 10
122.54116543461696
 20
350.8098415178828
 10
122.60118107683356
 20
351.20544712732783
 10
122.68743100762106
 20
351.59617289429775
 10
122.79953164077298
 20
351.9802811128795
 10
122.93698442218935
 20
352.3560635079115
 10
123.09917804713623
 20
352.72184883233234
 10
123.28539117895
 20
353.07601029985136
 10
123.49479565709557
 20
353.41697281988496
 10
123.72257510260792
 20
353.7460181958821
 10
123.95212398142363
 20
354.0738479696126
 10
124.18167286023933
 20
354.40167774334316
 10
124.41122173905504
 20
354.72950751707367
 10
124.64077061787074
 20
355.0573372908042
 10
124.87031949668645
 20
355.38516706453476
 10
125.09986837550215
 20
355.71299683826527
 10
125.32941725431786
 20
356.04082661199584
 10
125.55896613313357
 20
356.36865638572635
 10
125.78851501194927
 20
356.69648615945687
 10
126.01806389076498
 20
357.02431593318744
 10
126.2476127695807
 20
357.35214570691795
 10
126.4771616483964
 20
357.6799754806485
 10
126.7067105272121
 20
358.00780525437904
 10
126.93625940602782
 20
358.3356350281096
 10
127.16580828484351
 20
358.6634648018401
 10
127.39535716365923
 20
358.99129457557063
 10
127.62490604247493
 20
359.3191243493012
 10
127.85445492129064
 20
359.6469541230317
 10
128.08400380010633
 20
359.9747838967623
 10
128.31355267892206
 20
360.3026136704928
 10
128.54310155773777
 20
360.6304434442234
 10
128.77265043655348
 20
360.9582732179539
 10
129.00219931536918
 20
361.2861029916844
 10
129.2317481941849
 20
361.613932765415
 10
129.4612970730006
 20
361.9417625391455
 10
129.6908459518163
 20
362.26959231287606
 10
129.920394830632
 20
362.59742208660657
 10
130.1499437094477
 20
362.9252518603371
 10
130.37949258826342
 20
363.25308163406766
 10
130.60904146707912
 20
363.58091140779817
 10
130.83859034589483
 20
363.90874118152874
 10
131.06813922471054
 20
364.23657095525925
 10
131.29768810352624
 20
364.5644007289898
 10
131.52723698234195
 20
364.89223050272034
 10
131.75678586115765
 20
365.22006027645085
 10
131.98633473997336
 20
365.5478900501814
 10
132.21588361878906
 20
365.87571982391194
 10
132.44543249760477
 20
366.2035495976425
 10
132.67498137642048
 20
366.531379371373
 10
132.90453025523618
 20
366.8592091451036
 10
133.1340791340519
 20
367.1870389188341
 10
133.3636280128676
 20
367.5148686925646
 10
133.5931768916833
 20
367.8426984662952
 10
133.822725770499
 20
368.1705282400257
 10
134.0522746493147
 20
368.4983580137563
 10
134.28182352813042
 20
368.8261877874868
 10
134.51137240694612
 20
369.15401756121736
 10
134.74092128576183
 20
369.4818473349479
 10
134.97047016457753
 20
369.8096771086784
 10
135.20001904339324
 20
370.13750688240896
 10
135.42956792220895
 20
370.46533665613947
 10
135.65911680102465
 20
370.79316642987004
 10
135.88866567984036
 20
371.12099620360055
 10
136.11821455865606
 20
371.4488259773311
 10
136.34776343747177
 20
371.77665575106164
 10
136.57731231628748
 20
372.10448552479215
 10
136.80686119510318
 20
372.4323152985227
 10
137.0364100739189
 20
372.76014507225324
 10
137.2659589527346
 20
373.0879748459838
 10
137.44291794127122
 20
373.4323861484266
 10
137.44291794127122
 20
373.83259240563626
 10
137.44291794127122
 20
374.23279866284594
 10
137.44291794127122
 20
374.63300492005555
 10
137.44291794127122
 20
375.03321117726523
 10
137.44291794127122
 20
375.4334174344749
 10
137.44291794127122
 20
375.8336236916846
 10
137.44291794127122
 20
376.2338299488942
 10
137.44291794127122
 20
376.6340362061039
 10
137.44291794127122
 20
377.03424246331355
 10
137.44291794127122
 20
377.43444872052316
 10
137.44291794127122
 20
377.83465497773284
 10
137.44291794127122
 20
378.2348612349425
 10
137.44291794127122
 20
378.63506749215213
 10
137.44291794127122
 20
379.0352737493618
 10
137.44291794127122
 20
379.4354800065715
 10
137.44291794127122
 20
379.83568626378116
 10
137.44291794127122
 20
380.2358925209908
 10
137.44291794127122
 20
380.63609877820045
 10
137.44291794127122
 20
381.0363050354101
 10
137.44291794127122
 20
381.4365112926198
 10
137.44291794127122
 20
381.8367175498294
 10
137.44291794127122
 20
382.2369238070391
 10
137.44291794127122
 20
382.63713006424877
 10
137.44291794127122
 20
383.0373363214584
 10
137.44291794127122
 20
383.43754257866806
 10
137.44291794127122
 20
383.83774883587773
 10
137.44291794127122
 20
384.2379550930874
 10
137.44291794127122
 20
384.638161350297
 10
137.44291794127122
 20
385.0383676075067
 10
137.44291794127122
 20
385.4385738647164
 10
137.44291794127122
 20
385.838780121926
 10
137.44291794127122
 20
386.23898637913567
 10
137.44291794127122
 20
386.63919263634534
 10
137.44291794127122
 20
387.03939889355496
 10
137.44291794127122
 20
387.43960515076463
 10
137.44291794127122
 20
387.8398114079743
 10
137.44291794127122
 20
388.240017665184
 10
137.44291794127122
 20
388.6402239223936
 10
137.44373512965885
 20
389.04041916597873
 10
137.53843754482423
 20
389.4265151960284
 10
137.77608285865554
 20
389.74520532244003
 10
138.11911391662863
 20
389.9461241745275
 10
138.51337682291825
 20
390.0
 10
138.9135830801279
 20
390.0
 10
139.31378933733754
 20
390.0
 10
139.7139955945472
 20
390.0
 10
140.1142018517569
 20
390.0
 10
140.5144081089665
 20
390.0
 10
140.91461436617618
 20
390.0
 10
141.31482062338586
 20
390.0
 10
141.7150268805955
 20
390.0
 10
142.11523313780515
 20
390.0
 10
142.51543939501482
 20
390.0
 10
142.9156456522245
 20
390.0
 10
143.31585190943414
 20
390.0
 10
143.7160581666438
 20
390.0
 10
144.11626442385347
 20
390.0
 10
144.5164706810631
 20
390.0
 10
144.91667693827276
 20
390.0
 10
145.31688319548243
 20
390.0
 10
145.71708945269208
 20
390.0
 10
146.11729570990173
 20
390.0
 10
146.5175019671114
 20
390.0
 10
146.91770822432107
 20
390.0
 10
147.31791448153075
 20
390.0
 10
147.71812073874037
 20
390.0
 10
148.11832699595004
 20
390.0
 10
148.51853325315972
 20
390.0
 10
148.91873951036936
 20
390.0
 10
149.318945767579
 20
390.0
 10
149.71915202478868
 20
390.0
 10
150.11935828199833
 20
390.0
 10
150.51956453920798
 20
390.0
 10
150.91977079641765
 20
390.0
 10
151.3199770536273
 20
390.0
 10
151.72018331083697
 20
390.0
 10
152.12038956804662
 20
390.0
 10
152.5205958252563
 20
390.0
 10
152.92080208246594
 20
390.0
 10
153.3210083396756
 20
390.0
 10
153.72121459688526
 20
390.0
 10
154.12142085409494
 20
390.0
 10
154.52162711130455
 20
390.0
 10
154.92183336851423
 20
390.0
 10
155.3220396257239
 20
390.0
 10
155.72224588293355
 20
390.0
 10
156.12245214014322
 20
390.0
 10
156.52265839735287
 20
390.0
 10
156.92286465456255
 20
390.0
 10
157.3230709117722
 20
390.0
 10
157.72327716898184
 20
390.0
 10
158.1234834261915
 20
390.0
 10
158.52368968340116
 20
390.0
 10
158.9238959406108
 20
390.0
 10
159.32410219782048
 20
390.0
 10
159.72430845503015
 20
390.0
 10
160.12451471223977
 20
390.0
 10
160.52472096944945
 20
390.0
 10
160.92492722665912
 20
390.0
 10
161.3251334838688
 20
390.0
 10
161.72533974107841
 20
390.0
 10
162.1255459982881
 20
390.0
 10
162.52575225549776
 20
390.0
 10
162.9259585127074
 20
390.0
 10
163.32616476991706
 20
390.0
 10
163.72637102712673
 20
390.0
 10
164.12657728433638
 20
390.0
 10
164.52678354154602
 20
390.0
 10
164.9269897987557
 20
390.0
 10
165.32719605596537
 20
390.0
 10
165.72740231317502
 20
390.0
 10
166.12760857038467
 20
390.0
 10
166.52781482759434
 20
390.0
 10
166.92802108480402
 20
390.0
 10
167.32822734201363
 20
390.0
 10
167.7284335992233
 20
390.0
 10
168.12863985643298
 20
390.0
 10
168.52884611364263
 20
390.0
 10
168.92905237085228
 20
390.0
 10
169.32925862806195
 20
390.0
 10
169.72946488527163
 20
390.0
 10
170.12967114248127
 20
390.0
 10
170.52987739969092
 20
390.0
 10
170.9300836569006
 20
390.0
 10
171.33028991411024
 20
390.0
 10
171.73049617131988
 20
390.0
 10
172.13070242852956
 20
390.0
 10
172.5309086857392
 20
390.0
 10
172.93111494294885
 20
390.0
 10
173.33132120015853
 20
390.0
 10
173.7315274573682
 20
390.0
 10
174.13173371457788
 20
390.0
 10
174.5319399717875
 20
390.0
 10
174.93214622899717
 20
390.0
 10
175.33235248620684
 20
390.0
 10
175.7325587434165
 20
390.0
 10
176.09387903224697
 20
390.09387903224695
 10
176.3768675905932
 20
390.37686759059324
 10
176.65985614893944
 20
390.65985614893947
 10
176.9428447072857
 20
390.9428447072857
 10
177.22583326563193
 20
391.22583326563193
 10
177.50882182397817
 20
391.50882182397817
 10
177.7918103823244
 20
391.7918103823244
 10
178.07479894067063
 20
392.07479894067063
 10
178.35778749901687
 20
392.35778749901687
 10
178.6407760573631
 20
392.6407760573631
 10
178.92376461570933
 20
392.92376461570933
 10
179.2067531740556
 20
393.20675317405556
 10
179.48974173240182
 20
393.48974173240185
 10
179.77273029074806
 20
393.7727302907481
 10
180.0
 20
394.07879835206893
 10
180.0
 20
394.4790046092786
 10
180.0
 20
394.8792108664883
 10
180.0
 20
395.27941712369795
 10
180.0
 20
395.6796233809076
 10
180.0
 20
396.07982963811725
 10
180.0
 20
396.4800358953269
 10
180.0
 20
396.8802421525366
 10
180.0
 20
397.2804484097462
 10
180.0
 20
397.6806546669559
 10
180.0
 20
398.08086092416556
 10
180.0
 20
398.48106718137524
 10
180.0
 20
398.88127343858486
 10
180.0
 20
399.28147969579453
 10
180.0
 20
399.6816859530042
 10
180.0
 20
400.0818922102138
 10
180.0
 20
400.4820984674235
 10
180.0
 20
400.8823047246332
 10
180.0
 20
401.28251098184285
 10
180.0
 20
401.68271723905247
 10
180.0
 20
402.08292349626214
 10
180.0
 20
402.4831297534718
 10
180.0
 20
402.88333601068143
 10
180.0
 20
403.2835422678911
 10
180.0
 20
403.6837485251008
 10
180.0
 20
404.08395478231046
 10
180.0
 20
404.4841610395201
 10
180.0
 20
404.88436729672975
 10
180.0
 20
405.28457355393937
 10
180.0
 20
405.68477981114904
 10
180.0
 20
406.0849860683587
 10
180.0
 20
406.4851923255684
 10
180.0
 20
406.88539858277807
 10
180.0
 20
407.28560483998774
 10
180.0
 20
407.68581109719736
 10
180.0
 20
408.086017354407
 10
180.0
 20
408.48622361161665
 10
180.0
 20
408.8864298688263
 10
180.0
 20
409.286636126036
 10
180.0
 20
409.6868423832457
 10
180.0
 20
410.0870486404553
 10
180.0
 20
410.48725489766497
 10
180.0
 20
410.88746115487464
 10
180.0
 20
411.28766741208426
 10
180.0
 20
411.68787366929394
 10
180.0
 20
412.0880799265036
 10
180.0
 20
412.4882861837133
 10
180.0
 20
412.88849244092296
 10
180.0
 20
413.2886986981326
 10
180.0
 20
413.6889049553422
 10
180.0
 20
414.08911121255187
 10
180.0
 20
414.48931746976154
 10
180.0
 20
414.8895237269712
 10
180.0
 20
415.2897299841809
 10
180.0
 20
415.68993624139057
 10
180.0
 20
416.0901424986002
 10
180.0
 20
416.49034875580986
 10
180.0
 20
416.8905550130195
 10
180.0
 20
417.29076127022915
 10
180.0
 20
417.69096752743883
 10
180.06446960139138
 20
418.06446960139135
 10
180.3474581597376
 20
418.34745815973764
 10
180.63044671808385
 20
418.6304467180839
 10
180.91343527643008
 20
418.9134352764301
 10
181.19642383477634
 20
419.19642383477634
 10
181.47941239312257
 20
419.4794123931226
 10
181.7624009514688
 20
419.7624009514688
 10
182.06419046036984
 20
420.0
 10
182.4643967175795
 20
420.0
 10
182.86460297478914
 20
420.0
 10
183.26480923199878
 20
420.0
 10
183.66501548920846
 20
420.0
 10
184.0652217464181
 20
420.0
 10
184.46542800362778
 20
420.0
 10
184.86563426083742
 20
420.0
 10
185.2658405180471
 20
420.0
 10
185.66604677525677
 20
420.0
 10
186.06625303246642
 20
420.0
 10
186.46645928967607
 20
420.0
 10
186.8666655468857
 20
420.0
 10
187.2668718040954
 20
420.0
 10
187.66707806130503
 20
420.0
 10
188.0672843185147
 20
420.0
 10
188.46749057572436
 20
420.0
 10
188.86769683293403
 20
420.0
 10
189.26790309014368
 20
420.0
 10
189.66810934735335
 20
420.0
 10
190.06831560456297
 20
420.0
 10
190.46852186177264
 20
420.0
 10
190.86872811898232
 20
420.0
 10
191.26893437619196
 20
420.0
 10
191.66914063340164
 20
420.0
 10
192.06934689061129
 20
420.0
 10
192.46955314782096
 20
420.0
 10
192.8697594050306
 20
420.0
 10
193.26996566224028
 20
420.0
 10
193.6701719194499
 20
420.0
 10
194.07037817665957
 20
420.0
 10
194.47058443386922
 20
420.0
 10
194.8707906910789
 20
420.0
 10
195.27099694828857
 20
420.0
 10
195.67120320549822
 20
420.0
 10
196.0714094627079
 20
420.0
 10
196.47161571991754
 20
420.0
 10
196.8718219771272
 20
420.0
 10
197.27202823433683
 20
420.0
 10
197.6722344915465
 20
420.0
 10
198.07244074875615
 20
420.0
 10
198.47264700596583
 20
420.0
 10
198.81966011250105
 20
419.9468068493255
 10
198.81966011250105
 20
419.54660059211585
 10
198.81966011250105
 20
419.1463943349062
 10
198.81966011250105
 20
418.74618807769656
 10
198.81966011250105
 20
418.3459818204869
 10
198.81966011250105
 20
417.94577556327727
 10
198.81966011250105
 20
417.5455693060676
 10
198.81966011250105
 20
417.1453630488579
 10
198.81966011250105
 20
416.74515679164824
 10
198.81966011250105
 20
416.3449505344386
 10
198.81966011250105
 20
415.94474427722895
 10
198.81966011250105
 20
415.5445380200193
 10
198.81966011250105
 20
415.14433176280966
 10
198.81966011250105
 20
414.7441255056
 10
198.81966011250105
 20
414.3439192483903
 10
198.81966011250105
 20
413.94371299118063
 10
198.81966011250105
 20
413.543506733971
 10
198.81966011250105
 20
413.14330047676134
 10
198.81966011250105
 20
412.7430942195517
 10
198.81966011250105
 20
412.34288796234205
 10
198.81966011250105
 20
411.9426817051324
 10
198.81966011250105
 20
411.5424754479227
 10
198.81966011250105
 20
411.142269190713
 10
198.81966011250105
 20
410.7420629335034
 10
198.81966011250105
 20
410.34185667629373
 10
198.81966011250105
 20
409.9416504190841
 10
198.81966011250105
 20
409.54144416187444
 10
198.81966011250105
 20
409.14123790466476
 10
198.81966011250105
 20
408.7410316474551
 10
198.81966011250105
 20
408.3408253902454
 10
198.81966011250105
 20
407.94061913303574
 10
198.81966011250105
 20
407.5404128758261
 10
198.81966011250105
 20
407.1402066186165
 10
198.81966011250105
 20
406.7400003614068
 10
198.81966011250105
 20
406.33979410419715
 10
198.81966011250105
 20
405.9395878469875
 10
198.81966011250105
 20
405.5393815897778
 10
198.81966011250105
 20
405.13917533256813
 10
198.81966011250105
 20
404.7389690753585
 10
198.81966011250105
 20
404.33876281814884
 10
198.81966011250105
 20
403.9385565609392
 10
198.81966011250105
 20
403.53835030372954
 10
198.81966011250105
 20
403.13814404651987
 10
198.81966011250105
 20
402.7379377893102
 10
198.81966011250105
 20
402.3377315321006
 10
198.81966011250105
 20
401.9375252748909
 10
198.81966011250105
 20
401.5373190176812
 10
198.81966011250105
 20
401.1371127604716
 10
198.81966011250105
 20
400.73690650326193
 10
198.81966011250105
 20
400.33670024605226
 10
198.81966011250105
 20
399.9364939888426
 10
198.81966011250105
 20
399.53628773163297
 10
198.81966011250105
 20
399.1360814744233
 10
198.81966011250105
 20
398.7358752172137
 10
198.81966011250105
 20
398.335668960004
 10
198.81966011250105
 20
397.9354627027943
 10
198.81966011250105
 20
397.53525644558465
 10
198.81966011250105
 20
397.135050188375
 10
198.81966011250105
 20
396.73484393116536
 10
198.81966011250105
 20
396.3346376739557
 10
198.81966011250105
 20
395.93443141674607
 10
198.81966011250105
 20
395.5342251595364
 10
198.81966011250105
 20
395.1340189023267
 10
198.81966011250105
 20
394.73381264511704
 10
198.81966011250105
 20
394.33360638790737
 10
198.81966011250105
 20
393.9334001306977
 10
198.81966011250105
 20
393.533193873488
 10
198.81966011250105
 20
393.13298761627846
 10
198.81966011250105
 20
392.7327813590688
 10
198.81966011250105
 20
392.3325751018591
 10
198.81966011250105
 20
391.93236884464943
 10
198.81966011250105
 20
391.53216258743976
 10
198.81966011250105
 20
391.1319563302301
 10
198.81966011250105
 20
390.73175007302046
 10
198.81966011250105
 20
390.3315438158108
 10
198.81966011250105
 20
389.9313375586012
 10
198.81966011250105
 20
389.5311313013915
 10
198.81966011250105
 20
389.1309250441818
 10
198.81966011250105
 20
388.73071878697215
 10
198.81966011250105
 20
388.3305125297625
 10
198.81966011250105
 20
387.93030627255285
 10
198.81966011250105
 20
387.5301000153432
 10
198.81966011250105
 20
387.12989375813356
 10
198.81966011250105
 20
386.7296875009239
 10
198.81966011250105
 20
386.3294812437142
 10
198.81966011250105
 20
385.92927498650454
 10
198.81966011250105
 20
385.5290687292949
 10
198.81966011250105
 20
385.12886247208525
 10
198.81966011250105
 20
384.7286562148756
 10
198.81966011250105
 20
384.32844995766595
 10
198.81966011250105
 20
383.9282437004563
 10
198.81966011250105
 20
383.5280374432466
 10
198.81966011250105
 20
383.12783118603693
 10
198.81966011250105
 20
382.72762492882725
 10
198.81966011250105
 20
382.32741867161764
 10
198.81966011250105
 20
381.927212414408
 10
198.81966011250105
 20
381.52700615719834
 10
198.81966011250105
 20
381.12679989998867
 10
198.81966011250105
 20
380.726593642779
 10
198.81966011250105
 20
380.3263873855693
 10
198.81966011250105
 20
379.92618112835964
 10
198.81966011250105
 20
379.52597487114997
 10
198.81966011250105
 20
379.12576861394035
 10
198.81966011250105
 20
378.72556235673073
 10
198.81966011250105
 20
378.32535609952106
 10
198.81966011250105
 20
377.9251498423114
 10
198.81966011250105
 20
377.5249435851017
 10
198.81966011250105
 20
377.12473732789203
 10
198.81966011250105
 20
376.7245310706824
 10
198.81966011250105
 20
376.32432481347274
 10
198.81966011250105
 20
375.9241185562631
 10
198.81966011250105
 20
375.52391229905345
 10
198.81966011250105
 20
375.1237060418438
 10
198.81966011250105
 20
374.7234997846341
 10
198.81966011250105
 20
374.3232935274244
 10
198.81966011250105
 20
373.9230872702148
 10
198.81966011250105
 20
373.52288101300513
 10
198.81966011250105
 20
373.1226747557955
 10
198.81966011250105
 20
372.72246849858584
 10
198.81966011250105
 20
372.32226224137617
 10
198.81966011250105
 20
371.9220559841665
 10
198.81966011250105
 20
371.5218497269569
 10
198.81966011250105
 20
371.1216434697472
 10
198.81966011250105
 20
370.7214372125376
 10
198.81966011250105
 20
370.3212309553279
 10
198.81966011250105
 20
369.92102469811823
 10
198.81966011250105
 20
369.52081844090856
 10
198.81966011250105
 20
369.1206121836989
 10
198.81966011250105
 20
368.7204059264892
 10
198.81966011250105
 20
368.32019966927953
 10
198.81966011250105
 20
367.91999341206997
 10
198.81966011250105
 20
367.5197871548603
 10
198.81966011250105
 20
367.1195808976506
 10
198.81966011250105
 20
366.71937464044095
 10
198.81966011250105
 20
366.3191683832313
 10
198.81966011250105
 20
365.9189621260216
 10
198.81966011250105
 20
365.5187558688119
 10
198.81966011250105
 20
365.1185496116023
 10
198.81966011250105
 20
364.71834335439263
 10
198.81966011250105
 20
364.318137097183
 10
198.81966011250105
 20
363.91793083997334
 10
198.81966011250105
 20
363.51772458276366
 10
198.81966011250105
 20
363.117518325554
 10
198.81966011250105
 20
362.71731206834437
 10
198.81966011250105
 20
362.3171058111347
 10
198.81966011250105
 20
361.916899553925
 10
198.81966011250105
 20
361.5166932967154
 10
198.81966011250105
 20
361.1164870395057
 10
198.81966011250105
 20
360.71628078229605
 10
198.81966011250105
 20
360.3160745250864
 10
198.81966011250105
 20
359.91586826787676
 10
198.81966011250105
 20
359.5156620106671
 10
198.81966011250105
 20
359.11545575345747
 10
198.81966011250105
 20
358.7152494962478
 10
198.81966011250105
 20
358.3150432390381
 10
198.81966011250105
 20
357.91483698182844
 10
198.81966011250105
 20
357.51463072461877
 10
198.81966011250105
 20
357.11442446740915
 10
198.81966011250105
 20
356.7142182101995
 10
198.81966011250105
 20
356.31401195298986
 10
198.81966011250105
 20
355.9138056957802
 10
198.81966011250105
 20
355.5135994385705
 10
198.81966011250105
 20
355.11339318136083
 10
198.81966011250105
 20
354.71318692415116
 10
198.81966011250105
 20
354.3129806669415
 10
198.81966011250105
 20
353.91277440973187
 10
198.81966011250105
 20
353.51256815252225
 10
198.81966011250105
 20
353.1123618953126
 10
198.81966011250105
 20
352.7121556381029
 10
198.81966011250105
 20
352.3119493808932
 10
198.81966011250105
 20
351.91174312368355
 10
198.81966011250105
 20
351.5115368664739
 10
198.81966011250105
 20
351.11133060926426
 10
198.81966011250105
 20
350.7111243520546
 10
198.81966011250105
 20
350.31091809484496
 10
198.81966011250105
 20
349.9107118376353
 10
198.81966011250105
 20
349.5105055804256
 10
198.81966011250105
 20
349.11029932321594
 10
198.81966011250105
 20
348.7100930660063
 10
198.81966011250105
 20
348.30988680879665
 10
198.81966011250105
 20
347.909680551587
 10
198.81966011250105
 20
347.50947429437736
 10
198.81966011250105
 20
347.1092680371677
 10
198.52872189245906
 20
347.0
 10
198.1285156352494
 20
347.0
 10
197.72830937803977
 20
347.0
 10
197.3281031208301
 20
347.0
 10
196.92789686362045
 20
347.0
 10
196.52769060641077
 20
347.0
 10
196.12748434920113
 20
347.0
 10
195.72727809199145
 20
347.0
 10
195.32707183478178
 20
347.0
 10
194.92686557757213
 20
347.0
 10
194.52665932036248
 20
347.0
 10
194.12645306315284
 20
347.0
 10
193.72624680594316
 20
347.0
 10
193.32604054873352
 20
347.0
 10
192.92583429152384
 20
347.0
 10
192.5256280343142
 20
347.0
 10
192.12542177710452
 20
347.0
 10
191.72521551989487
 20
347.0
 10
191.3250092626852
 20
347.0
 10
190.92480300547558
 20
347.0
 10
190.5245967482659
 20
347.0
 10
190.12439049105623
 20
347.0
 10
189.7241842338466
 20
347.0
 10
189.3239779766369
 20
347.0
 10
188.92377171942726
 20
347.0
 10
188.5235654622176
 20
347.0
 10
188.12335920500794
 20
347.0
 10
187.72315294779827
 20
347.0
 10
187.32294669058865
 20
347.0
 10
186.92274043337898
 20
347.0
 10
186.5225341761693
 20
347.0
 10
186.12232791895966
 20
347.0
 10
185.72212166174998
 20
347.0
 10
185.32191540454033
 20
347.0
 10
184.92170914733066
 20
347.0
 10
184.521502890121
 20
347.0
 10
184.12129663291134
 20
347.0
 10
183.72109037570172
 20
347.0
 10
183.32088411849205
 20
347.0
 10
182.9206778612824
 20
347.0
 10
182.52047160407272
 20
347.0
 10
182.12026534686305
 20
347.0
 10
181.7200590896534
 20
347.0
 10
181.31985283244373
 20
347.0
 10
180.91964657523408
 20
347.0
 10
180.51944031802444
 20
347.0
 10
180.1192340608148
 20
347.0
 10
179.71902780360512
 20
347.0
 10
179.31882154639547
 20
347.0
 10
178.9186152891858
 20
347.0
 10
178.51840903197615
 20
347.0
 10
178.11820277476647
 20
347.0
 10
177.7179965175568
 20
347.0
 10
177.31779026034715
 20
347.0
 10
176.91758400313753
 20
347.0
 10
176.51737774592786
 20
347.0
 10
176.11717148871818
 20
347.0
 10
175.7169652315085
 20
347.0
 10
175.3167589742989
 20
347.0
 10
174.91655271708922
 20
347.0
 10
174.51634645987954
 20
347.0
 10
174.11614020266987
 20
347.0
 10
173.7159339454602
 20
347.0
 10
173.31572768825058
 20
347.0
 10
172.9155214310409
 20
347.0
 10
172.51531517383128
 20
347.0
 10
172.1151089166216
 20
347.0
 10
171.71490265941193
 20
347.0
 10
171.31469640220226
 20
347.0
 10
170.91449014499264
 20
347.0
 10
170.51428388778297
 20
347.0
 10
170.1140776305733
 20
347.0
 10
169.71387137336367
 20
347.0
 10
169.313665116154
 20
347.0
 10
168.91345885894432
 20
347.0
 10
168.51325260173465
 20
347.0
 10
168.11304634452503
 20
347.0
 10
167.71284008731536
 20
347.0
 10
167.31263383010568
 20
347.0
 10
166.912427572896
 20
347.0
 10
166.5122213156864
 20
347.0
 10
166.11201505847671
 20
347.0
 10
165.7118088012671
 20
347.0
 10
165.31160254405742
 20
347.0
 10
164.91139628684775
 20
347.0
 10
164.51119002963807
 20
347.0
 10
164.1109837724284
 20
347.0
 10
163.71077751521878
 20
347.0
 10
163.3105712580091
 20
347.0
 10
162.91036500079943
 20
347.0
 10
162.5101587435898
 20
347.0
 10
162.10995248638014
 20
347.0
 10
161.70974622917046
 20
347.0
 10
161.30953997196085
 20
347.0
 10
160.90933371475117
 20
347.0
 10
160.5091274575415
 20
347.0
 10
160.10892120033182
 20
347.0
 10
159.70871494312215
 20
347.0
 10
159.30850868591253
 20
347.0
 10
158.90830242870285
 20
347.0
 10
158.50809617149324
 20
347.0
 10
158.10788991428356
 20
347.0
 10
157.7076836570739
 20
347.0
 10
157.3074773998642
 20
347.0
 10
156.9072711426546
 20
347.0
 10
156.50706488544492
 20
347.0
 10
156.10685862823524
 20
347.0
 10
155.70665237102557
 20
347.0
 10
155.30644611381595
 20
347.0
 10
154.90623985660628
 20
347.0
 10
154.5060335993966
 20
347.0
 10
154.10582734218698
 20
347.0
 10
153.7056210849773
 20
347.0
 10
153.30541482776763
 20
347.0
 10
152.90520857055796
 20
347.0
 10
152.50500231334834
 20
347.0
 10
152.10479605613867
 20
347.0
 10
151.70458979892905
 20
347.0
 10
151.30438354171937
 20
347.0
 10
150.9041772845097
 20
347.0
 10
150.5056651116787
 20
346.9765933260786
 10
150.14217283259876
 20
346.815621108266
 10
149.8701195893196
 20
346.5257491974511
 10
149.7188354383797
 20
346.1565063151391
 10
149.5922791077163
 20
345.776837323149
 10
149.46572277705295
 20
345.3971683311588
 10
149.33916644638958
 20
345.01749933916875
 10
149.21150390416605
 20
344.63821903419944
 10
148.99688421136335
 20
344.30358926965437
 10
148.66884908943842
 20
344.0790193459291
 10
148.2792407799439
 20
344.0
 10
147.87903452273423
 20
344.0
  0
LWPOLYLINE
  5
AB
330
17
100
AcDbEntity
  8
22_ТОНКИЕ
100
AcDbPolyline
 90
717
 70
1
 10
291.0997937427903
 20
344.0
 10
290.69958748558065
 20
344.0
 10
290.29938122837103
 20
344.0
 10
289.89917497116136
 20
344.0
 10
289.49896871395174
 20
344.0
 10
289.09876245674207
 20
344.0
 10
288.6985561995324
 20
344.0
 10
288.2983499423227
 20
344.0
 10
287.89814368511304
 20
344.0
 10
287.4979374279034
 20
344.0
 10
287.09773117069375
 20
344.0
 10
286.69752491348413
 20
344.0
 10
286.29731865627446
 20
344.0
 10
285.8971123990648
 20
344.0
 10
285.4969061418551
 20
344.0
 10
285.09669988464543
 20
344.0
 10
284.6964936274358
 20
344.0
 10
284.29628737022614
 20
344.0
 10
283.8960811130165
 20
344.0
 10
283.49587485580685
 20
344.0
 10
283.0956685985972
 20
344.0
 10
282.6954623413875
 20
344.0
 10
282.2952560841778
 20
344.0
 10
281.8950498269682
 20
344.0
 10
281.49484356975853
 20
344.0
 10
281.09463731254885
 20
344.0
 10
280.69443105533924
 20
344.0
 10
280.29422479812956
 20
344.0
 10
279.8940185409199
 20
344.0
 10
279.4938122837102
 20
344.0
 10
279.0936060265006
 20
344.0
 10
278.6933997692909
 20
344.0
 10
278.29319351208125
 20
344.0
 10
277.8929872548716
 20
344.0
 10
277.49278099766195
 20
344.0
 10
277.0925747404523
 20
344.0
 10
276.6923684832426
 20
344.0
 10
276.292162226033
 20
344.0
 10
275.8919559688233
 20
344.0
 10
275.49174971161364
 20
344.0
 10
275.091543454404
 20
344.0
 10
274.69133719719434
 20
344.0
 10
274.29113093998467
 20
344.0
 10
273.890924682775
 20
344.0
 10
273.4907184255654
 20
344.0
 10
273.0905121683557
 20
344.0
 10
272.690305911146
 20
344.0
 10
272.2900996539364
 20
344.0
 10
271.88989339672673
 20
344.0
 10
271.491737978941
 20
344.02657857475907
 10
271.13058201170395
 20
344.1927262776842
 10
270.86269687843935
 20
344.48645446365566
 10
270.71431847645607
 20
344.8570445706318
 10
270.5877621457927
 20
345.2367135626219
 10
270.46120581512935
 20
345.616382554612
 10
270.33464948446596
 20
345.99605154660213
 10
270.20624133822247
 20
346.37505994847646
 10
269.98686388794636
 20
346.7065900770751
 10
269.65565460735286
 20
346.9264516342127
 10
269.2649568921609
 20
347.0
 10
268.8647506349513
 20
347.0
 10
268.4645443777416
 20
347.0
 10
268.06433812053194
 20
347.0
 10
267.66413186332227
 20
347.0
 10
267.26392560611265
 20
347.0
 10
266.863719348903
 20
347.0
 10
266.4635130916933
 20
347.0
 10
266.0633068344837
 20
347.0
 10
265.663100577274
 20
347.0
 10
265.26289432006433
 20
347.0
 10
264.86268806285466
 20
347.0
 10
264.46248180564504
 20
347.0
 10
264.06227554843537
 20
347.0
 10
263.6620692912257
 20
347.0
 10
263.2618630340161
 20
347.0
 10
262.8616567768064
 20
347.0
 10
262.4614505195967
 20
347.0
 10
262.06124426238705
 20
347.0
 10
261.66103800517743
 20
347.0
 10
261.26083174796776
 20
347.0
 10
260.8606254907581
 20
347.0
 10
260.46041923354846
 20
347.0
 10
260.0602129763388
 20
347.0
 10
259.6600067191291
 20
347.0
 10
259.25980046191944
 20
347.0
 10
258.8595942047098
 20
347.0
 10
258.45938794750015
 20
347.0
 10
258.0591816902905
 20
347.0
 10
257.65897543308085
 20
347.0
 10
257.2587691758712
 20
347.0
 10
256.8585629186615
 20
347.0
 10
256.45835666145183
 20
347.0
 10
256.0581504042422
 20
347.0
 10
255.65794414703254
 20
347.0
 10
255.25773788982286
 20
347.0
 10
254.85753163261322
 20
347.0
 10
254.45732537540357
 20
347.0
 10
254.0571191181939
 20
347.0
 10
253.65691286098425
 20
347.0
 10
253.2567066037746
 20
347.0
 10
252.85650034656493
 20
347.0
 10
252.45629408935525
 20
347.0
 10
252.0560878321456
 20
347.0
 10
251.65588157493596
 20
347.0
 10
251.2556753177263
 20
347.0
 10
250.85546906051664
 20
347.0
 10
250.455262803307
 20
347.0
 10
250.05505654609732
 20
347.0
 10
249.65485028888767
 20
347.0
 10
249.254644031678
 20
347.0
 10
248.85443777446835
 20
347.0
 10
248.45423151725868
 20
347.0
 10
248.05402526004903
 20
347.0
 10
247.65381900283938
 20
347.0
 10
247.2536127456297
 20
347.0
 10
246.85340648842003
 20
347.0
 10
246.4532002312104
 20
347.0
 10
246.05299397400074
 20
347.0
 10
245.65278771679107
 20
347.0
 10
245.25258145958142
 20
347.0
 10
244.85237520237177
 20
347.0
 10
244.4521689451621
 20
347.0
 10
244.05196268795243
 20
347.0
 10
243.65175643074278
 20
347.0
 10
243.25155017353313
 20
347.0
 10
242.85134391632346
 20
347.0
 10
242.4511376591138
 20
347.0
 10
242.05093140190414
 20
347.0
 10
241.6507251446945
 20
347.0
 10
241.25051888748484
 20
347.0
 10
240.85031263027517
 20
347.0
 10
240.45010637306552
 20
347.0
 10
240.04990011585585
 20
347.0
 10
239.6496938586462
 20
347.0
 10
239.24948760143653
 20
347.0
 10
238.84928134422688
 20
347.0
 10
238.4490750870172
 20
347.0
 10
238.04886882980756
 20
347.0
 10
237.6486625725979
 20
347.0
 10
237.24845631538824
 20
347.0
 10
236.8482500581786
 20
347.0
 10
236.44804380096892
 20
347.0
 10
236.04783754375927
 20
347.0
 10
235.6476312865496
 20
347.0
 10
235.24742502933995
 20
347.0
 10
234.8472187721303
 20
347.0
 10
234.44701251492063
 20
347.0
 10
234.04680625771098
 20
347.0
 10
233.6466000005013
 20
347.0
 10
233.24639374329166
 20
347.0
 10
232.846187486082
 20
347.0
 10
232.44598122887234
 20
347.0
 10
232.0457749716627
 20
347.0
 10
231.64556871445302
 20
347.0
 10
231.24536245724335
 20
347.0
 10
230.8451562000337
 20
347.0
 10
230.44494994282405
 20
347.0
 10
230.04474368561438
 20
347.0
 10
229.64453742840473
 20
347.0
 10
229.24433117119509
 20
347.0
 10
228.8441249139854
 20
347.0
 10
228.44391865677574
 20
347.0
 10
228.0437123995661
 20
347.0
 10
227.64350614235644
 20
347.0
 10
227.24329988514677
 20
347.0
 10
226.84309362793712
 20
347.0
 10
226.44288737072748
 20
347.0
 10
226.0426811135178
 20
347.0
 10
225.64247485630816
 20
347.0
 10
225.24226859909848
 20
347.0
 10
224.84206234188883
 20
347.0
 10
224.44185608467916
 20
347.0
 10
224.0416498274695
 20
347.0
 10
223.64144357025984
 20
347.0
 10
223.2412373130502
 20
347.0
 10
222.84103105584055
 20
347.0
 10
222.44082479863087
 20
347.0
 10
222.04061854142122
 20
347.0
 10
221.64041228421155
 20
347.0
 10
221.2402060270019
 20
347.0
 10
221.18033988749895
 20
347.3403401177067
 10
221.18033988749895
 20
347.74054637491633
 10
221.18033988749895
 20
348.140752632126
 10
221.18033988749895
 20
348.5409588893357
 10
221.18033988749895
 20
348.94116514654536
 10
221.18033988749895
 20
349.341371403755
 10
221.18033988749895
 20
349.74157766096465
 10
221.18033988749895
 20
350.1417839181743
 10
221.18033988749895
 20
350.54199017538394
 10
221.18033988749895
 20
350.9421964325936
 10
221.18033988749895
 20
351.3424026898033
 10
221.18033988749895
 20
351.74260894701297
 10
221.18033988749895
 20
352.1428152042226
 10
221.18033988749895
 20
352.54302146143226
 10
221.18033988749895
 20
352.9432277186419
 10
221.18033988749895
 20
353.34343397585155
 10
221.18033988749895
 20
353.7436402330612
 10
221.18033988749895
 20
354.1438464902709
 10
221.18033988749895
 20
354.5440527474806
 10
221.18033988749895
 20
354.9442590046902
 10
221.18033988749895
 20
355.34446526189987
 10
221.18033988749895
 20
355.74467151910954
 10
221.18033988749895
 20
356.14487777631916
 10
221.18033988749895
 20
356.54508403352884
 10
221.18033988749895
 20
356.9452902907385
 10
221.18033988749895
 20
357.3454965479482
 10
221.18033988749895
 20
357.74570280515786
 10
221.18033988749895
 20
358.1459090623675
 10
221.18033988749895
 20
358.54611531957715
 10
221.18033988749895
 20
358.9463215767868
 10
221.18033988749895
 20
359.34652783399645
 10
221.18033988749895
 20
359.7467340912061
 10
221.18033988749895
 20
360.1469403484158
 10
221.18033988749895
 20
360.5471466056254
 10
221.18033988749895
 20
360.9473528628351
 10
221.18033988749895
 20
361.34755912004476
 10
221.18033988749895
 20
361.7477653772544
 10
221.18033988749895
 20
362.14797163446406
 10
221.18033988749895
 20
362.54817789167373
 10
221.18033988749895
 20
362.9483841488834
 10
221.18033988749895
 20
363.3485904060931
 10
221.18033988749895
 20
363.7487966633027
 10
221.18033988749895
 20
364.1490029205124
 10
221.18033988749895
 20
364.549209177722
 10
221.18033988749895
 20
364.94941543493167
 10
221.18033988749895
 20
365.34962169214134
 10
221.18033988749895
 20
365.749827949351
 10
221.18033988749895
 20
366.15003420656063
 10
221.18033988749895
 20
366.5502404637703
 10
221.18033988749895
 20
366.95044672098
 10
221.18033988749895
 20
367.3506529781896
 10
221.18033988749895
 20
367.7508592353993
 10
221.18033988749895
 20
368.15106549260895
 10
221.18033988749895
 20
368.5512717498186
 10
221.18033988749895
 20
368.95147800702824
 10
221.18033988749895
 20
369.3516842642379
 10
221.18033988749895
 20
369.7518905214476
 10
221.18033988749895
 20
370.1520967786572
 10
221.18033988749895
 20
370.5523030358669
 10
221.18033988749895
 20
370.95250929307656
 10
221.18033988749895
 20
371.35271555028623
 10
221.18033988749895
 20
371.7529218074959
 10
221.18033988749895
 20
372.1531280647055
 10
221.18033988749895
 20
372.55333432191514
 10
221.18033988749895
 20
372.9535405791248
 10
221.18033988749895
 20
373.3537468363345
 10
221.18033988749895
 20
373.75395309354417
 10
221.18033988749895
 20
374.15415935075384
 10
221.18033988749895
 20
374.55436560796346
 10
221.18033988749895
 20
374.95457186517314
 10
221.18033988749895
 20
375.35477812238275
 10
221.18033988749895
 20
375.7549843795925
 10
221.18033988749895
 20
376.1551906368021
 10
221.18033988749895
 20
376.5553968940118
 10
221.18033988749895
 20
376.95560315122145
 10
221.18033988749895
 20
377.3558094084311
 10
221.18033988749895
 20
377.75601566564075
 10
221.18033988749895
 20
378.15622192285036
 10
221.18033988749895
 20
378.55642818006004
 10
221.18033988749895
 20
378.9566344372697
 10
221.18033988749895
 20
379.3568406944794
 10
221.18033988749895
 20
379.75704695168906
 10
221.18033988749895
 20
380.1572532088987
 10
221.18033988749895
 20
380.55745946610836
 10
221.18033988749895
 20
380.95766572331803
 10
221.18033988749895
 20
381.3578719805277
 10
221.18033988749895
 20
381.7580782377373
 10
221.18033988749895
 20
382.158284494947
 10
221.18033988749895
 20
382.5584907521567
 10
221.18033988749895
 20
382.95869700936635
 10
221.18033988749895
 20
383.35890326657596
 10
221.18033988749895
 20
383.75910952378564
 10
221.18033988749895
 20
384.15931578099526
 10
221.18033988749895
 20
384.55952203820493
 10
221.18033988749895
 20
384.9597282954146
 10
221.18033988749895
 20
385.3599345526243
 10
221.18033988749895
 20
385.76014080983396
 10
221.18033988749895
 20
386.1603470670436
 10
221.18033988749895
 20
386.56055332425325
 10
221.18033988749895
 20
386.96075958146287
 10
221.18033988749895
 20
387.36096583867254
 10
221.18033988749895
 20
387.7611720958822
 10
221.18033988749895
 20
388.1613783530919
 10
221.18033988749895
 20
388.56158461030157
 10
221.18033988749895
 20
388.9617908675112
 10
221.18033988749895
 20
389.36199712472086
 10
221.18033988749895
 20
389.76220338193053
 10
221.18033988749895
 20
390.16240963914015
 10
221.18033988749895
 20
390.5626158963498
 10
221.18033988749895
 20
390.9628221535595
 10
221.18033988749895
 20
391.3630284107692
 10
221.18033988749895
 20
391.7632346679788
 10
221.18033988749895
 20
392.16344092518847
 10
221.18033988749895
 20
392.5636471823981
 10
221.18033988749895
 20
392.96385343960776
 10
221.18033988749895
 20
393.36405969681743
 10
221.18033988749895
 20
393.7642659540271
 10
221.18033988749895
 20
394.1644722112368
 10
221.18033988749895
 20
394.5646784684464
 10
221.18033988749895
 20
394.9648847256561
 10
221.18033988749895
 20
395.36509098286575
 10
221.18033988749895
 20
395.76529724007537
 10
221.18033988749895
 20
396.16550349728504
 10
221.18033988749895
 20
396.5657097544947
 10
221.18033988749895
 20
396.9659160117044
 10
221.18033988749895
 20
397.366122268914
 10
221.18033988749895
 20
397.7663285261237
 10
221.18033988749895
 20
398.16653478333336
 10
221.18033988749895
 20
398.566741040543
 10
221.18033988749895
 20
398.96694729775265
 10
221.18033988749895
 20
399.36715355496233
 10
221.18033988749895
 20
399.767359812172
 10
221.18033988749895
 20
400.1675660693816
 10
221.18033988749895
 20
400.5677723265913
 10
221.18033988749895
 20
400.96797858380097
 10
221.18033988749895
 20
401.3681848410106
 10
221.18033988749895
 20
401.76839109822026
 10
221.18033988749895
 20
402.16859735542994
 10
221.18033988749895
 20
402.5688036126396
 10
221.18033988749895
 20
402.96900986984923
 10
221.18033988749895
 20
403.3692161270589
 10
221.18033988749895
 20
403.7694223842685
 10
221.18033988749895
 20
404.1696286414782
 10
221.18033988749895
 20
404.5698348986879
 10
221.18033988749895
 20
404.97004115589755
 10
221.18033988749895
 20
405.3702474131072
 10
221.18033988749895
 20
405.7704536703169
 10
221.18033988749895
 20
406.1706599275265
 10
221.18033988749895
 20
406.57086618473613
 10
221.18033988749895
 20
406.9710724419458
 10
221.18033988749895
 20
407.3712786991555
 10
221.18033988749895
 20
407.77148495636516
 10
221.18033988749895
 20
408.17169121357483
 10
221.18033988749895
 20
408.57189747078445
 10
221.18033988749895
 20
408.9721037279941
 10
221.18033988749895
 20
409.3723099852038
 10
221.18033988749895
 20
409.7725162424134
 10
221.18033988749895
 20
410.1727224996231
 10
221.18033988749895
 20
410.57292875683277
 10
221.18033988749895
 20
410.97313501404244
 10
221.18033988749895
 20
411.3733412712521
 10
221.18033988749895
 20
411.77354752846173
 10
221.18033988749895
 20
412.17375378567135
 10
221.18033988749895
 20
412.573960042881
 10
221.18033988749895
 20
412.9741663000907
 10
221.18033988749895
 20
413.3743725573004
 10
221.18033988749895
 20
413.77457881451005
 10
221.18033988749895
 20
414.1747850717197
 10
221.18033988749895
 20
414.57499132892934
 10
221.18033988749895
 20
414.975197586139
 10
221.18033988749895
 20
415.37540384334864
 10
221.18033988749895
 20
415.7756101005583
 10
221.18033988749895
 20
416.175816357768
 10
221.18033988749895
 20
416.57602261497766
 10
221.18033988749895
 20
416.97622887218733
 10
221.18033988749895
 20
417.37643512939695
 10
221.18033988749895
 20
417.77664138660657
 10
221.18033988749895
 20
418.17684764381625
 10
221.18033988749895
 20
418.5770539010259
 10
221.18033988749895
 20
418.9772601582356
 10
221.18033988749895
 20
419.37746641544527
 10
221.18033988749895
 20
419.77767267265494
 10
221.3582188173635
 20
420.0
 10
221.75842507457315
 20
420.0
 10
222.15863133178283
 20
420.0
 10
222.55883758899247
 20
420.0
 10
222.95904384620215
 20
420.0
 10
223.3592501034118
 20
420.0
 10
223.75945636062147
 20
420.0
 10
224.15966261783115
 20
420.0
 10
224.5598688750408
 20
420.0
 10
224.96007513225044
 20
420.0
 10
225.36028138946008
 20
420.0
 10
225.76048764666976
 20
420.0
 10
226.1606939038794
 20
420.0
 10
226.56090016108908
 20
420.0
 10
226.96110641829873
 20
420.0
 10
227.3613126755084
 20
420.0
 10
227.76151893271805
 20
420.0
 10
228.16172518992772
 20
420.0
 10
228.56193144713734
 20
420.0
 10
228.96213770434701
 20
420.0
 10
229.3623439615567
 20
420.0
 10
229.76255021876634
 20
420.0
 10
230.162756475976
 20
420.0
 10
230.56296273318566
 20
420.0
 10
230.96316899039533
 20
420.0
 10
231.36337524760498
 20
420.0
 10
231.76358150481465
 20
420.0
 10
232.16378776202427
 20
420.0
 10
232.56399401923395
 20
420.0
 10
232.9642002764436
 20
420.0
 10
233.36440653365327
 20
420.0
 10
233.76461279086294
 20
420.0
 10
234.1648190480726
 20
420.0
 10
234.56502530528226
 20
420.0
 10
234.9652315624919
 20
420.0
 10
235.36543781970158
 20
420.0
 10
235.7656440769112
 20
420.0
 10
236.16585033412088
 20
420.0
 10
236.56605659133052
 20
420.0
 10
236.9662628485402
 20
420.0
 10
237.36646910574987
 20
420.0
 10
237.76667536295952
 20
420.0
 10
238.11800312527703
 20
419.881996874723
 10
238.40099168362326
 20
419.59900831637674
 10
238.6839802419695
 20
419.3160197580305
 10
238.96696880031573
 20
419.0330311996843
 10
239.24995735866196
 20
418.75004264133804
 10
239.5329459170082
 20
418.4670540829918
 10
239.81593447535442
 20
418.1840655246456
 10
240.0
 20
417.8601017041094
 10
240.0
 20
417.45989544689974
 10
240.0
 20
417.05968918969006
 10
240.0
 20
416.65948293248044
 10
240.0
 20
416.25927667527077
 10
240.0
 20
415.85907041806115
 10
240.0
 20
415.4588641608515
 10
240.0
 20
415.0586579036418
 10
240.0
 20
414.6584516464321
 10
240.0
 20
414.2582453892225
 10
240.0
 20
413.85803913201283
 10
240.0
 20
413.4578328748032
 10
240.0
 20
413.05762661759354
 10
240.0
 20
412.65742036038387
 10
240.0
 20
412.2572141031742
 10
240.0
 20
411.8570078459645
 10
240.0
 20
411.4568015887549
 10
240.0
 20
411.0565953315452
 10
240.0
 20
410.6563890743356
 10
240.0
 20
410.25618281712593
 10
240.0
 20
409.85597655991626
 10
240.0
 20
409.4557703027066
 10
240.0
 20
409.0555640454969
 10
240.0
 20
408.6553577882873
 10
240.0
 20
408.2551515310777
 10
240.0
 20
407.854945273868
 10
240.0
 20
407.4547390166583
 10
240.0
 20
407.05453275944865
 10
240.0
 20
406.654326502239
 10
240.0
 20
406.2541202450293
 10
240.0
 20
405.8539139878196
 10
240.0
 20
405.45370773061
 10
240.0
 20
405.0535014734004
 10
240.0
 20
404.6532952161907
 10
240.0
 20
404.25308895898104
 10
240.0
 20
403.85288270177136
 10
240.0
 20
403.4526764445617
 10
240.0
 20
403.052470187352
 10
240.0
 20
402.6522639301424
 10
240.0
 20
402.2520576729327
 10
240.0
 20
401.8518514157231
 10
240.0
 20
401.45164515851343
 10
240.0
 20
401.05143890130375
 10
240.0
 20
400.6512326440941
 10
240.0
 20
400.25102638688446
 10
240.0
 20
399.8508201296748
 10
240.0
 20
399.45061387246517
 10
240.0
 20
399.0504076152555
 10
240.0
 20
398.6502013580458
 10
240.0
 20
398.24999510083614
 10
240.0
 20
397.84978884362647
 10
240.0
 20
397.44958258641685
 10
240.0
 20
397.0493763292072
 10
240.0
 20
396.64917007199756
 10
240.0
 20
396.2489638147879
 10
240.0
 20
395.8487575575782
 10
240.0
 20
395.44855130036854
 10
240.0
 20
395.04834504315886
 10
240.0
 20
394.64813878594924
 10
240.0
 20
394.24793252873957
 10
240.10767378599775
 20
393.89232621400225
 10
240.39066234434398
 20
393.609337655656
 10
240.6736509026902
 20
393.3263490973098
 10
240.95663946103647
 20
393.0433605389635
 10
241.2396280193827
 20
392.7603719806173
 10
241.52261657772894
 20
392.47738342227103
 10
241.80560513607517
 20
392.1943948639248
 10
242.0885936944214
 20
391.91140630557857
 10
242.37158225276764
 20
391.62841774723233
 10
242.65457081111387
 20
391.3454291888861
 10
242.93755936946013
 20
391.06244063053987
 10
243.22054792780636
 20
390.77945207219364
 10
243.5035364861526
 20
390.4964635138474
 10
243.78652504449883
 20
390.21347495550117
 10
244.09830707991293
 20
390.0
 10
244.49851333712257
 20
390.0
 10
244.89871959433222
 20
390.0
 10
245.29892585154187
 20
390.0
 10
245.69913210875154
 20
390.0
 10
246.0993383659612
 20
390.0
 10
246.49954462317086
 20
390.0
 10
246.89975088038054
 20
390.0
 10
247.29995713759018
 20
390.0
 10
247.70016339479986
 20
390.0
 10
248.1003696520095
 20
390.0
 10
248.50057590921915
 20
390.0
 10
248.9007821664288
 20
390.0
 10
249.30098842363847
 20
390.0
 10
249.70119468084812
 20
390.0
 10
250.1014009380578
 20
390.0
 10
250.50160719526744
 20
390.0
 10
250.9018134524771
 20
390.0
 10
251.3020197096868
 20
390.0
 10
251.70222596689644
 20
390.0
 10
252.10243222410608
 20
390.0
 10
252.50263848131573
 20
390.0
 10
252.9028447385254
 20
390.0
 10
253.30305099573505
 20
390.0
 10
253.70325725294472
 20
390.0
 10
254.10346351015437
 20
390.0
 10
254.50366976736404
 20
390.0
 10
254.9038760245737
 20
390.0
 10
255.30408228178337
 20
390.0
 10
255.70428853899298
 20
390.0
 10
256.1044947962027
 20
390.0
 10
256.50470105341236
 20
390.0
 10
256.904907310622
 20
390.0
 10
257.30511356783165
 20
390.0
 10
257.70531982504133
 20
390.0
 10
258.105526082251
 20
390.0
 10
258.5057323394606
 20
390.0
 10
258.9059385966703
 20
390.0
 10
259.3061448538799
 20
390.0
 10
259.7063511110896
 20
390.0
 10
260.10655736829926
 20
390.0
 10
260.50676362550894
 20
390.0
 10
260.9069698827186
 20
390.0
 10
261.30717613992823
 20
390.0
 10
261.7073823971379
 20
390.0
 10
262.1075886543476
 20
390.0
 10
262.50779491155726
 20
390.0
 10
262.9080011687669
 20
390.0
 10
263.30820742597655
 20
390.0
 10
263.70841368318617
 20
390.0
 10
264.10861994039584
 20
390.0
 10
264.5088261976055
 20
390.0
 10
264.9090324548152
 20
390.0
 10
265.30923871202486
 20
390.0
 10
265.7094449692345
 20
390.0
 10
266.10965122644416
 20
390.0
 10
266.5098574836538
 20
390.0
 10
266.91006374086345
 20
390.0
 10
267.3102699980731
 20
390.0
 10
267.7104762552828
 20
390.0
 10
268.1106825124924
 20
390.0
 10
268.5108887697021
 20
390.0
 10
268.91109502691177
 20
390.0
 10
269.31130128412144
 20
390.0
 10
269.7115075413311
 20
390.0
 10
270.11171379854073
 20
390.0
 10
270.5119200557504
 20
390.0
 10
270.91212631296
 20
390.0
 10
271.3123325701697
 20
390.0
 10
271.7125388273794
 20
390.0
 10
272.11274508458905
 20
390.0
 10
272.51295134179867
 20
390.0
 10
272.91315759900834
 20
390.0
 10
273.313363856218
 20
390.0
 10
273.71357011342764
 20
390.0
 10
274.1137763706373
 20
390.0
 10
274.513982627847
 20
390.0
 10
274.91418888505666
 20
390.0
 10
275.3143951422663
 20
390.0
 10
275.71460139947595
 20
390.0
 10
276.11480765668557
 20
390.0
 10
276.51501391389525
 20
390.0
 10
276.9152201711049
 20
390.0
 10
277.3154264283146
 20
390.0
 10
277.7156326855242
 20
390.0
 10
278.1158389427339
 20
390.0
 10
278.51604519994356
 20
390.0
 10
278.9162514571532
 20
390.0
 10
279.31645771436285
 20
390.0
 10
279.71666397157253
 20
390.0
 10
280.1168702287822
 20
390.0
 10
280.5170764859919
 20
390.0
 10
280.9172827432015
 20
390.0
 10
281.3174890004111
 20
390.0
 10
281.7170056020286
 20
389.9871294040289
 10
282.0889623665944
 20
389.8468195428217
 10
282.37686146308
 20
389.572679428827
 10
282.53520369488956
 20
389.20803380704626
 10
282.5570820587288
 20
388.8093580990642
 10
282.5570820587288
 20
388.4091518418545
 10
282.5570820587288
 20
388.0089455846449
 10
282.5570820587288
 20
387.6087393274353
 10
282.5570820587288
 20
387.2085330702256
 10
282.5570820587288
 20
386.8083268130159
 10
282.5570820587288
 20
386.40812055580625
 10
282.5570820587288
 20
386.0079142985966
 10
282.5570820587288
 20
385.60770804138696
 10
282.5570820587288
 20
385.2075017841773
 10
282.5570820587288
 20
384.8072955269676
 10
282.5570820587288
 20
384.407089269758
 10
282.5570820587288
 20
384.0068830125483
 10
282.5570820587288
 20
383.60667675533864
 10
282.5570820587288
 20
383.20647049812897
 10
282.5570820587288
 20
382.80626424091935
 10
282.5570820587288
 20
382.4060579837097
 10
282.5570820587288
 20
382.00585172650005
 10
282.5570820587288
 20
381.6056454692904
 10
282.5570820587288
 20
381.2054392120807
 10
282.5570820587288
 20
380.80523295487103
 10
282.5570820587288
 20
380.4050266976614
 10
282.5570820587288
 20
380.00482044045174
 10
282.5570820587288
 20
379.60461418324206
 10
282.5570820587288
 20
379.20440792603245
 10
282.5570820587288
 20
378.80420166882277
 10
282.5570820587288
 20
378.4039954116131
 10
282.5570820587288
 20
378.0037891544034
 10
282.5570820587288
 20
377.60358289719375
 10
282.5570820587288
 20
377.20337663998407
 10
282.5570820587288
 20
376.8031703827745
 10
282.5570820587288
 20
376.40296412556484
 10
282.5570820587288
 20
376.00275786835516
 10
282.5570820587288
 20
375.6025516111455
 10
282.5570820587288
 20
375.2023453539358
 10
282.5570820587288
 20
374.80213909672614
 10
282.5570820587288
 20
374.40193283951646
 10
282.5570820587288
 20
374.00172658230684
 10
282.5570820587288
 20
373.60152032509717
 10
282.6370296689455
 20
373.2265214525627
 10
282.86657854776126
 20
372.8986916788321
 10
283.0961274265769
 20
372.5708619051016
 10
283.3256763053927
 20
372.243032131371
 10
283.5552251842084
 20
371.91520235764045
 10
283.7847740630241
 20
371.58737258390994
 10
284.0143229418398
 20
371.25954281017937
 10
284.2438718206555
 20
370.93171303644885
 10
284.47342069947115
 20
370.60388326271834
 10
284.7029695782869
 20
370.2760534889878
 10
284.93251845710256
 20
369.94822371525726
 10
285.1620673359183
 20
369.62039394152674
 10
285.391616214734
 20
369.2925641677962
 10
285.62116509354973
 20
368.96473439406566
 10
285.8507139723654
 20
368.6369046203351
 10
286.08026285118115
 20
368.3090748466046
 10
286.30981172999685
 20
367.981245072874
 10
286.5393606088125
 20
367.6534152991435
 10
286.7689094876282
 20
367.325585525413
 10
286.99845836644397
 20
366.9977557516824
 10
287.2280072452597
 20
366.66992597795183
 10
287.4575561240754
 20
366.3420962042214
 10
287.68710500289103
 20
366.0142664304908
 10
287.9166538817068
 20
365.68643665676024
 10
288.1462027605225
 20
365.3586068830297
 10
288.3757516393382
 20
365.03077710929915
 10
288.60530051815385
 20
364.70294733556864
 10
288.8348493969696
 20
364.3751175618381
 10
289.06439827578527
 20
364.0472877881076
 10
289.293947154601
 20
363.71945801437704
 10
289.52349603341673
 20
363.39162824064647
 10
289.75304491223244
 20
363.06379846691596
 10
289.9825937910481
 20
362.73596869318544
 10
290.21214266986385
 20
362.40813891945487
 10
290.44169154867956
 20
362.08030914572436
 10
290.67124042749526
 20
361.75247937199384
 10
290.9007893063109
 20
361.4246495982633
 10
291.1303381851267
 20
361.0968198245327
 10
291.3598870639424
 20
360.7689900508022
 10
291.5894359427581
 20
360.4411602770717
 10
291.8189848215738
 20
360.1133305033411
 10
292.0485337003895
 20
359.7855007296106
 10
292.2780825792052
 20
359.45767095588
 10
292.5076314580209
 20
359.1298411821495
 10
292.7371803368366
 20
358.80201140841893
 10
292.9667292156523
 20
358.4741816346885
 10
293.19627809446797
 20
358.1463518609579
 10
293.42582697328373
 20
357.81852208722734
 10
293.65537585209944
 20
357.49069231349677
 10
293.88492473091515
 20
357.16286253976625
 10
294.11447360973085
 20
356.83503276603574
 10
294.34402248854656
 20
356.5072029923052
 10
294.57357136736226
 20
356.17937321857465
 10
294.80312024617797
 20
355.85154344484414
 10
295.0326691249937
 20
355.52371367111357
 10
295.2622180038094
 20
355.19588389738306
 10
295.49176688262503
 20
354.86805412365254
 10
295.7213157614408
 20
354.54022434992197
 10
295.9508646402565
 20
354.2123945761914
 10
296.1804135190722
 20
353.8845648024609
 10
296.4099623978879
 20
353.5567350287303
 10
296.6288887304822
 20
353.22180653290224
 10
296.82501002863614
 20
352.87303424050293
 10
296.99744898434943
 20
352.5119657122599
 10
297.14543869608053
 20
352.14020675707945
 10
297.2683209973636
 20
351.75941072825765
 10
297.3655493839249
 20
351.3712711703899
 10
297.4366914441945
 20
350.9775142875349
 10
297.48143078240537
 20
350.57989126612955
 10
297.499568425725
 20
350.18017048679735
 10
297.4959658703976
 20
349.780015270922
 10
297.4679703684154
 20
349.38086376158776
 10
297.4134330351164
 20
348.98446578630063
 10
297.33259641873906
 20
348.59258427743885
 10
297.22582003042436
 20
348.2069620809388
 10
297.0935787453329
 20
347.8293142051968
 10
296.93646069069473
 20
347.4613201937757
 10
296.75516463018425
 20
347.1046166558363
 10
296.55049685625255
 20
346.760789987515
 10
296.3233676042387
 20
346.4313693166173
 10
296.07478700420734
 20
346.11781970200565
 10
295.80586058851657
 20
345.82153561792614
 10
295.5177843750957
 20
345.543834752252
 10
295.211839548299
 20
345.2859521462247
 10
294.88938676099235
 20
345.0490347017566
 10
294.551860083213
 20
344.8341360807227
 10
294.20076062431525
 20
344.6422120189253
 10
293.83764985696706
 20
344.4741160755747
 10
293.46414267268796
 20
344.3305958371866
 10
293.0819001998128
 20
344.2122895927809
 10
292.6926224158232
 20
344.1197234951683
 10
292.2980405869019
 20
344.0533092209484
 10
291.8999095683341
 20
344.0133421396279
 10
291.5
 20
344.0
 10
291.0997937427903
 20
344.0
  0
HATCH
  5
AC
330
17
100
AcDbEntity
  8
23_ШТРИХОВКА
 62
7
100
AcDbHatch
 10
0.0
 20
0.0
 30
0.0
210
0.0
220
0.0
230
1.0
  2
ANSI37
 70
0
 71
0
 91
1
 92
3
 72
0
 73
1
 93
648
 10
218.3066238629181
 20
440.0
 10
218.3066238629181
 20
439.5999591119573
 10
218.3066238629181
 20
439.19991822391455
 10
218.3066238629181
 20
438.7998773358719
 10
218.3066238629181
 20
438.3998364478292
 10
218.3066238629181
 20
437.9997955597865
 10
218.3066238629181
 20
437.59975467174377
 10
218.3066238629181
 20
437.1997137837011
 10
218.3066238629181
 20
436.7996728956584
 10
218.3066238629181
 20
436.39963200761565
 10
218.3066238629181
 20
435.999591119573
 10
218.3066238629181
 20
435.59955023153026
 10
218.3066238629181
 20
435.19950934348753
 10
218.3066238629181
 20
434.79946845544487
 10
218.3066238629181
 20
434.39942756740214
 10
218.3066238629181
 20
433.9993866793594
 10
218.3066238629181
 20
433.59934579131675
 10
218.3066238629181
 20
433.199304903274
 10
218.3066238629181
 20
432.7992640152313
 10
218.3066238629181
 20
432.39922312718863
 10
218.3066238629181
 20
431.9991822391459
 10
218.3066238629181
 20
431.5991413511032
 10
218.3066238629181
 20
431.1991004630605
 10
218.3066238629181
 20
430.7990595750178
 10
218.3066238629181
 20
430.39901868697507
 10
218.3066238629181
 20
429.9989777989324
 10
218.3066238629181
 20
429.5989369108897
 10
218.3066238629181
 20
429.19889602284695
 10
218.3066238629181
 20
428.7988551348043
 10
218.3066238629181
 20
428.3988142467616
 10
218.3066238629181
 20
427.9987733587189
 10
218.3066238629181
 20
427.59873247067617
 10
218.3066238629181
 20
427.19869158263344
 10
218.3066238629181
 20
426.7986506945908
 10
218.3066238629181
 20
426.39860980654805
 10
218.3066238629181
 20
425.9985689185054
 10
218.3066238629181
 20
425.59852803046266
 10
218.3066238629181
 20
425.19848714241994
 10
218.3066238629181
 20
424.79844625437727
 10
218.3066238629181
 20
424.39840536633454
 10
218.3066238629181
 20
423.9983644782918
 10
218.3066238629181
 20
423.59832359024915
 10
218.3066238629181
 20
423.1982827022064
 10
218.3066238629181
 20
422.7982418141637
 10
218.3066238629181
 20
422.39820092612104
 10
218.3066238629181
 20
421.9981600380783
 10
218.3066238629181
 20
421.5981191500356
 10
218.3066238629181
 20
421.1980782619929
 10
218.3066238629181
 20
420.7980373739502
 10
218.3066238629181
 20
420.39799648590747
 10
218.3066238629181
 20
419.9979555978648
 10
218.3066238629181
 20
419.5979147098221
 10
218.3066238629181
 20
419.19787382177935
 10
218.3066238629181
 20
418.7978329337367
 10
218.3066238629181
 20
418.39779204569396
 10
218.3066238629181
 20
417.99775115765124
 10
218.3066238629181
 20
417.59771026960857
 10
218.3066238629181
 20
417.19766938156585
 10
218.3066238629181
 20
416.7976284935232
 10
218.3066238629181
 20
416.39758760548045
 10
218.3066238629181
 20
415.9975467174378
 10
218.3066238629181
 20
415.59750582939506
 10
218.3066238629181
 20
415.19746494135234
 10
218.3066238629181
 20
414.7974240533096
 10
218.3066238629181
 20
414.39738316526694
 10
218.3066238629181
 20
413.9973422772242
 10
218.3066238629181
 20
413.59730138918155
 10
218.3066238629181
 20
413.1972605011388
 10
218.3066238629181
 20
412.7972196130961
 10
218.3066238629181
 20
412.39717872505344
 10
218.3066238629181
 20
411.9971378370107
 10
218.3066238629181
 20
411.597096948968
 10
218.3066238629181
 20
411.1970560609253
 10
218.3066238629181
 20
410.7970151728826
 10
218.3066238629181
 20
410.39697428483987
 10
218.3066238629181
 20
409.9969333967972
 10
218.3066238629181
 20
409.5968925087545
 10
218.3066238629181
 20
409.19685162071175
 10
218.3066238629181
 20
408.7968107326691
 10
218.3066238629181
 20
408.39676984462636
 10
218.3066238629181
 20
407.99672895658364
 10
218.3066238629181
 20
407.59668806854097
 10
218.3066238629181
 20
407.19664718049825
 10
218.3066238629181
 20
406.7966062924555
 10
218.3066238629181
 20
406.39656540441285
 10
218.3066238629181
 20
405.99652451637013
 10
218.3066238629181
 20
405.59648362832746
 10
218.3066238629181
 20
405.19644274028474
 10
218.3066238629181
 20
404.79640185224207
 10
218.3066238629181
 20
404.39636096419935
 10
218.3066238629181
 20
403.9963200761566
 10
218.3066238629181
 20
403.59627918811395
 10
218.3066238629181
 20
403.19623830007123
 10
218.3066238629181
 20
402.7961974120285
 10
218.3066238629181
 20
402.3961565239858
 10
218.3066238629181
 20
401.9961156359431
 10
218.3066238629181
 20
401.5960747479004
 10
218.3066238629181
 20
401.1960338598577
 10
218.3066238629181
 20
400.795992971815
 10
218.3066238629181
 20
400.3959520837723
 10
218.3066238629181
 20
399.9959111957296
 10
218.3066238629181
 20
399.5958703076869
 10
218.3066238629181
 20
399.19582941964416
 10
218.3066238629181
 20
398.7957885316015
 10
218.3066238629181
 20
398.39574764355876
 10
218.3066238629181
 20
397.99570675551604
 10
218.3066238629181
 20
397.5956658674734
 10
218.3066238629181
 20
397.19562497943065
 10
218.3066238629181
 20
396.7955840913879
 10
218.3066238629181
 20
396.39554320334526
 10
218.3066238629181
 20
395.99550231530253
 10
218.3066238629181
 20
395.5954614272598
 10
218.3066238629181
 20
395.19542053921714
 10
218.3066238629181
 20
394.7953796511744
 10
218.3066238629181
 20
394.3953387631317
 10
218.3066238629181
 20
393.995297875089
 10
218.3066238629181
 20
393.5952569870463
 10
218.3066238629181
 20
393.19521609900363
 10
218.3066238629181
 20
392.7951752109609
 10
218.3066238629181
 20
392.39513432291824
 10
218.3066238629181
 20
391.9950934348755
 10
218.3066238629181
 20
391.5950525468328
 10
218.3066238629181
 20
391.1950116587901
 10
218.3066238629181
 20
390.7949707707474
 10
218.3066238629181
 20
390.3949298827047
 10
218.3066238629181
 20
389.994888994662
 10
218.3066238629181
 20
389.5948481066193
 10
218.3066238629181
 20
389.19480721857656
 10
218.3066238629181
 20
388.7947663305339
 10
218.3066238629181
 20
388.39472544249116
 10
218.3066238629181
 20
387.99468455444844
 10
218.3066238629181
 20
387.5946436664058
 10
218.3066238629181
 20
387.19460277836305
 10
218.3066238629181
 20
386.7945618903203
 10
218.3066238629181
 20
386.39452100227766
 10
218.3066238629181
 20
385.99448011423493
 10
218.3066238629181
 20
385.5944392261922
 10
218.3066238629181
 20
385.19439833814954
 10
218.3066238629181
 20
384.7943574501068
 10
218.3066238629181
 20
384.39431656206415
 10
218.3066238629181
 20
383.9942756740214
 10
218.3066238629181
 20
383.5942347859787
 10
218.3066238629181
 20
383.194193897936
 10
218.3066238629181
 20
382.7941530098933
 10
218.3066238629181
 20
382.3941121218506
 10
218.3066238629181
 20
381.9940712338079
 10
218.3066238629181
 20
381.5940303457652
 10
218.3066238629181
 20
381.19398945772247
 10
218.3066238629181
 20
380.7939485696798
 10
218.3066238629181
 20
380.3939076816371
 10
218.3066238629181
 20
379.9938667935944
 10
218.3066238629181
 20
379.5938259055517
 10
218.3066238629181
 20
379.19378501750896
 10
218.3066238629181
 20
378.7937441294663
 10
218.3066238629181
 20
378.39370324142357
 10
218.3066238629181
 20
377.99366235338084
 10
218.3066238629181
 20
377.5936214653382
 10
218.3066238629181
 20
377.19358057729545
 10
218.3066238629181
 20
376.7935396892527
 10
218.3066238629181
 20
376.39349880121006
 10
218.3066238629181
 20
375.99345791316733
 10
218.3066238629181
 20
375.59341702512467
 10
218.3066238629181
 20
375.19337613708194
 10
218.3066238629181
 20
374.7933352490392
 10
218.3066238629181
 20
374.3932943609965
 10
218.3066238629181
 20
373.9932534729538
 10
218.3066238629181
 20
373.5932125849111
 10
218.3066238629181
 20
373.19317169686843
 10
218.3066238629181
 20
372.7931308088257
 10
218.3066238629181
 20
372.393089920783
 10
218.3066238629181
 20
371.99304903274026
 10
218.3066238629181
 20
371.5930081446976
 10
218.3066238629181
 20
371.19296725665487
 10
218.3066238629181
 20
370.7929263686122
 10
218.3066238629181
 20
370.3928854805695
 10
218.3066238629181
 20
369.99284459252675
 10
218.3066238629181
 20
369.5928037044841
 10
218.3066238629181
 20
369.19276281644136
 10
218.3066238629181
 20
368.7927219283987
 10
218.3066238629181
 20
368.39268104035597
 10
218.3066238629181
 20
367.99264015231324
 10
218.3066238629181
 20
367.5925992642706
 10
218.3066238629181
 20
367.19255837622785
 10
218.3066238629181
 20
366.7925174881851
 10
218.3066238629181
 20
366.39247660014246
 10
218.3066238629181
 20
365.99243571209973
 10
218.3066238629181
 20
365.592394824057
 10
218.3066238629181
 20
365.19235393601434
 10
218.3066238629181
 20
364.7923130479716
 10
218.3066238629181
 20
364.3922721599289
 10
218.3066238629181
 20
363.9922312718862
 10
218.3066238629181
 20
363.5921903838435
 10
218.3066238629181
 20
363.19214949580083
 10
218.3066238629181
 20
362.7921086077581
 10
218.3066238629181
 20
362.3920677197154
 10
218.3066238629181
 20
361.99202683167266
 10
218.3066238629181
 20
361.59198594363
 10
218.3066238629181
 20
361.19194505558727
 10
218.3066238629181
 20
360.79190416754454
 10
218.3066238629181
 20
360.3918632795019
 10
218.3066238629181
 20
359.99182239145915
 10
218.3066238629181
 20
359.5917815034165
 10
218.3066238629181
 20
359.19174061537376
 10
218.3066238629181
 20
358.79169972733104
 10
218.3066238629181
 20
358.39165883928837
 10
218.3066238629181
 20
357.99161795124564
 10
218.3066238629181
 20
357.5915770632029
 10
218.3066238629181
 20
357.19153617516025
 10
218.3066238629181
 20
356.7914952871175
 10
218.3066238629181
 20
356.39145439907486
 10
218.3066238629181
 20
355.99141351103214
 10
218.3066238629181
 20
355.5913726229894
 10
218.3066238629181
 20
355.19133173494674
 10
218.3066238629181
 20
354.791290846904
 10
218.3066238629181
 20
354.3912499588613
 10
218.3066238629181
 20
353.9912090708186
 10
218.3066238629181
 20
353.5911681827759
 10
218.3066238629181
 20
353.1911272947332
 10
218.3066238629181
 20
352.7910864066905
 10
218.3066238629181
 20
352.3910455186478
 10
218.3066238629181
 20
351.99100463060506
 10
218.3066238629181
 20
351.5909637425624
 10
218.3066238629181
 20
351.19092285451967
 10
218.3066238629181
 20
350.79088196647695
 10
218.3066238629181
 20
350.3908410784343
 10
218.3066238629181
 20
349.99080019039155
 10
218.3066238629181
 20
349.59075930234883
 10
218.3066238629181
 20
349.19071841430616
 10
218.3066238629181
 20
348.79067752626344
 10
218.3066238629181
 20
348.3906366382207
 10
218.3066238629181
 20
347.99059575017804
 10
218.3066238629181
 20
347.5905548621354
 10
218.3066238629181
 20
347.19051397409265
 10
218.3066238629181
 20
346.79047308604993
 10
218.3066238629181
 20
346.39043219800726
 10
218.3066238629181
 20
345.99039130996454
 10
218.3066238629181
 20
345.5903504219218
 10
218.3066238629181
 20
345.19030953387914
 10
218.3066238629181
 20
344.7902686458364
 10
218.3066238629181
 20
344.3902277577937
 10
218.3066238629181
 20
343.990186869751
 10
218.3066238629181
 20
343.5901459817083
 10
218.3066238629181
 20
343.1901050936656
 10
218.3066238629181
 20
342.7900642056229
 10
218.3066238629181
 20
342.3900233175802
 10
218.3066238629181
 20
341.98998242953746
 10
218.3066238629181
 20
341.5899415414948
 10
218.3066238629181
 20
341.18990065345207
 10
218.3066238629181
 20
340.78985976540935
 10
218.3066238629181
 20
340.3898188773667
 10
218.3066238629181
 20
339.98977798932395
 10
218.3066238629181
 20
339.58973710128123
 10
218.3066238629181
 20
339.18969621323856
 10
218.3066238629181
 20
338.78965532519584
 10
218.3066238629181
 20
338.3896144371531
 10
218.3066238629181
 20
337.98957354911045
 10
218.3066238629181
 20
337.5895326610677
 10
218.3066238629181
 20
337.18949177302505
 10
218.3066238629181
 20
336.78945088498233
 10
218.3066238629181
 20
336.3894099969396
 10
218.3066238629181
 20
335.98936910889694
 10
218.3066238629181
 20
335.5893282208542
 10
218.3066238629181
 20
335.1892873328115
 10
218.3066238629181
 20
334.7892464447688
 10
218.3066238629181
 20
334.3892055567261
 10
218.3066238629181
 20
333.98916466868343
 10
218.3066238629181
 20
333.5891237806407
 10
218.3066238629181
 20
333.189082892598
 10
218.3066238629181
 20
332.7890420045553
 10
218.3066238629181
 20
332.3890011165126
 10
218.3066238629181
 20
331.98896022846986
 10
218.3066238629181
 20
331.5889193404272
 10
218.3066238629181
 20
331.1888784523845
 10
218.3066238629181
 20
330.78883756434175
 10
218.3066238629181
 20
330.3887966762991
 10
218.3066238629181
 20
329.98875578825636
 10
218.3066238629181
 20
329.58871490021363
 10
218.3066238629181
 20
329.18867401217096
 10
218.3066238629181
 20
328.78863312412824
 10
218.3066238629181
 20
328.3885922360855
 10
218.3066238629181
 20
327.98855134804285
 10
218.3066238629181
 20
327.5885104600001
 10
218.3066238629181
 20
327.1884695719574
 10
218.09505254683282
 20
327.0
 10
217.6950116587901
 20
327.0
 10
217.2949707707474
 20
327.0
 10
216.8949298827047
 20
327.0
 10
216.49488899466198
 20
327.0
 10
216.09484810661928
 20
327.0
 10
215.69480721857659
 20
327.0
 10
215.2947663305339
 20
327.0
 10
214.89472544249116
 20
327.0
 10
214.49468455444847
 20
327.0
 10
214.09464366640577
 20
327.0
 10
213.69460277836305
 20
327.0
 10
213.29456189032035
 20
327.0
 10
212.89452100227766
 20
327.0
 10
212.49448011423496
 20
327.0
 10
212.09443922619224
 20
327.0
 10
211.69439833814954
 20
327.0
 10
211.29435745010684
 20
327.0
 10
210.89431656206412
 20
327.0
 10
210.49427567402142
 20
327.0
 10
210.09423478597873
 20
327.0
 10
209.69419389793603
 20
327.0
 10
209.2941530098933
 20
327.0
 10
208.8941121218506
 20
327.0
 10
208.49407123380792
 20
327.0
 10
208.0940303457652
 20
327.0
 10
207.6939894577225
 20
327.0
 10
207.2939485696798
 20
327.0
 10
206.89390768163707
 20
327.0
 10
206.49386679359438
 20
327.0
 10
206.09382590555168
 20
327.0
 10
205.693785017509
 20
327.0
 10
205.29374412946626
 20
327.0
 10
204.89370324142357
 20
327.0
 10
204.49366235338087
 20
327.0
 10
204.09362146533815
 20
327.0
 10
203.69358057729545
 20
327.0
 10
203.29353968925275
 20
327.0
 10
202.89349880121006
 20
327.0
 10
202.49345791316736
 20
327.0
 10
202.09341702512464
 20
327.0
 10
201.6933761370819
 20
327.0
 10
201.6933761370819
 20
327.40004088804267
 10
201.6933761370819
 20
327.80008177608545
 10
201.6933761370819
 20
328.2001226641281
 10
201.6933761370819
 20
328.6001635521708
 10
201.6933761370819
 20
329.00020444021357
 10
201.6933761370819
 20
329.40024532825623
 10
201.6933761370819
 20
329.8002862162989
 10
201.6933761370819
 20
330.2003271043417
 10
201.6933761370819
 20
330.60036799238435
 10
201.6933761370819
 20
331.000408880427
 10
201.6933761370819
 20
331.40044976846974
 10
201.6933761370819
 20
331.80049065651247
 10
201.6933761370819
 20
332.20053154455513
 10
201.6933761370819
 20
332.60057243259786
 10
201.6933761370819
 20
333.0006133206406
 10
201.6933761370819
 20
333.40065420868325
 10
201.6933761370819
 20
333.800695096726
 10
201.6933761370819
 20
334.2007359847687
 10
201.6933761370819
 20
334.60077687281137
 10
201.6933761370819
 20
335.0008177608541
 10
201.6933761370819
 20
335.4008586488968
 10
201.6933761370819
 20
335.8008995369395
 10
201.6933761370819
 20
336.2009404249822
 10
201.6933761370819
 20
336.60098131302493
 10
201.6933761370819
 20
337.0010222010676
 10
201.6933761370819
 20
337.40106308911027
 10
201.6933761370819
 20
337.801103977153
 10
201.6933761370819
 20
338.2011448651957
 10
201.6933761370819
 20
338.6011857532384
 10
201.6933761370819
 20
339.0012266412811
 10
201.6933761370819
 20
339.40126752932383
 10
201.6933761370819
 20
339.8013084173665
 10
201.6933761370819
 20
340.2013493054093
 10
201.6933761370819
 20
340.60139019345195
 10
201.6933761370819
 20
341.0014310814946
 10
201.6933761370819
 20
341.4014719695374
 10
201.6933761370819
 20
341.80151285758006
 10
201.6933761370819
 20
342.20155374562273
 10
201.6933761370819
 20
342.6015946336655
 10
201.6933761370819
 20
343.0016355217082
 10
201.6933761370819
 20
343.40167640975085
 10
201.6933761370819
 20
343.8017172977936
 10
201.6933761370819
 20
344.2017581858363
 10
201.6933761370819
 20
344.60179907387896
 10
201.6933761370819
 20
345.0018399619217
 10
201.6933761370819
 20
345.4018808499644
 10
201.6933761370819
 20
345.8019217380071
 10
201.6933761370819
 20
346.2019626260498
 10
201.6933761370819
 20
346.60200351409253
 10
201.6933761370819
 20
347.0020444021352
 10
201.6933761370819
 20
347.4020852901779
 10
201.6933761370819
 20
347.80212617822065
 10
201.6933761370819
 20
348.2021670662633
 10
201.6933761370819
 20
348.60220795430604
 10
201.6933761370819
 20
349.00224884234876
 10
201.6933761370819
 20
349.40228973039143
 10
201.6933761370819
 20
349.8023306184341
 10
201.6933761370819
 20
350.2023715064768
 10
201.6933761370819
 20
350.60241239451955
 10
201.6933761370819
 20
351.0024532825622
 10
201.6933761370819
 20
351.40249417060494
 10
201.6933761370819
 20
351.80253505864766
 10
201.6933761370819
 20
352.20257594669033
 10
201.6933761370819
 20
352.60261683473306
 10
201.6933761370819
 20
353.0026577227758
 10
201.6933761370819
 20
353.40269861081845
 10
201.6933761370819
 20
353.8027394988612
 10
201.6933761370819
 20
354.2027803869039
 10
201.6933761370819
 20
354.60282127494656
 10
201.6933761370819
 20
355.0028621629893
 10
201.6933761370819
 20
355.402903051032
 10
201.6933761370819
 20
355.8029439390747
 10
201.6933761370819
 20
356.20298482711735
 10
201.6933761370819
 20
356.60302571516013
 10
201.6933761370819
 20
357.0030666032028
 10
201.6933761370819
 20
357.4031074912455
 10
201.6933761370819
 20
357.80314837928825
 10
201.6933761370819
 20
358.2031892673309
 10
201.6933761370819
 20
358.60323015537364
 10
201.6933761370819
 20
359.00327104341636
 10
201.6933761370819
 20
359.40331193145903
 10
201.6933761370819
 20
359.80335281950175
 10
201.6933761370819
 20
360.2033937075445
 10
201.6933761370819
 20
360.60343459558715
 10
201.6933761370819
 20
361.00347548362987
 10
201.6933761370819
 20
361.4035163716726
 10
201.6933761370819
 20
361.80355725971526
 10
201.6933761370819
 20
362.203598147758
 10
201.6933761370819
 20
362.6036390358007
 10
201.6933761370819
 20
363.0036799238434
 10
201.6933761370819
 20
363.40372081188605
 10
201.6933761370819
 20
363.80376169992877
 10
201.6933761370819
 20
364.2038025879715
 10
201.6933761370819
 20
364.60384347601416
 10
201.6933761370819
 20
365.0038843640569
 10
201.6933761370819
 20
365.4039252520996
 10
201.6933761370819
 20
365.8039661401423
 10
201.6933761370819
 20
366.204007028185
 10
201.6933761370819
 20
366.6040479162277
 10
201.6933761370819
 20
367.0040888042704
 10
201.6933761370819
 20
367.4041296923131
 10
201.6933761370819
 20
367.80417058035584
 10
201.6933761370819
 20
368.2042114683985
 10
201.6933761370819
 20
368.60425235644124
 10
201.6933761370819
 20
369.00429324448396
 10
201.6933761370819
 20
369.4043341325266
 10
201.6933761370819
 20
369.8043750205693
 10
201.6933761370819
 20
370.2044159086121
 10
201.6933761370819
 20
370.60445679665474
 10
201.6933761370819
 20
371.0044976846974
 10
201.6933761370819
 20
371.4045385727402
 10
201.6933761370819
 20
371.80457946078286
 10
201.6933761370819
 20
372.20462034882553
 10
201.6933761370819
 20
372.6046612368683
 10
201.6933761370819
 20
373.004702124911
 10
201.6933761370819
 20
373.40474301295365
 10
201.6933761370819
 20
373.8047839009964
 10
201.6933761370819
 20
374.2048247890391
 10
201.6933761370819
 20
374.6048656770818
 10
201.6933761370819
 20
375.00490656512454
 10
201.6933761370819
 20
375.4049474531672
 10
201.6933761370819
 20
375.8049883412099
 10
201.6933761370819
 20
376.2050292292526
 10
201.6933761370819
 20
376.6050701172953
 10
201.6933761370819
 20
377.005111005338
 10
201.6933761370819
 20
377.4051518933807
 10
201.6933761370819
 20
377.80519278142344
 10
201.6933761370819
 20
378.2052336694661
 10
201.6933761370819
 20
378.60527455750884
 10
201.6933761370819
 20
379.00531544555156
 10
201.6933761370819
 20
379.4053563335942
 10
201.6933761370819
 20
379.80539722163695
 10
201.6933761370819
 20
380.2054381096797
 10
201.6933761370819
 20
380.60547899772234
 10
201.6933761370819
 20
381.00551988576507
 10
201.6933761370819
 20
381.4055607738078
 10
201.6933761370819
 20
381.80560166185046
 10
201.6933761370819
 20
382.2056425498931
 10
201.6933761370819
 20
382.60568343793585
 10
201.6933761370819
 20
383.0057243259786
 10
201.6933761370819
 20
383.40576521402124
 10
201.6933761370819
 20
383.805806102064
 10
201.6933761370819
 20
384.2058469901067
 10
201.6933761370819
 20
384.6058878781494
 10
201.6933761370819
 20
385.00592876619214
 10
201.6933761370819
 20
385.4059696542348
 10
201.6933761370819
 20
385.8060105422775
 10
201.6933761370819
 20
386.20605143032026
 10
201.6933761370819
 20
386.6060923183629
 10
201.6933761370819
 20
387.0061332064056
 10
201.6933761370819
 20
387.4061740944483
 10
201.6933761370819
 20
387.80621498249104
 10
201.6933761370819
 20
388.20625587053377
 10
201.6933761370819
 20
388.60629675857643
 10
201.6933761370819
 20
389.00633764661916
 10
201.6933761370819
 20
389.4063785346618
 10
201.6933761370819
 20
389.80641942270455
 10
201.6933761370819
 20
390.2064603107473
 10
201.6933761370819
 20
390.60650119878994
 10
201.6933761370819
 20
391.00654208683267
 10
201.6933761370819
 20
391.4065829748754
 10
201.6933761370819
 20
391.80662386291806
 10
201.6933761370819
 20
392.2066647509608
 10
201.6933761370819
 20
392.6067056390035
 10
201.6933761370819
 20
393.0067465270462
 10
201.6933761370819
 20
393.4067874150889
 10
201.6933761370819
 20
393.8068283031316
 10
201.6933761370819
 20
394.2068691911743
 10
201.6933761370819
 20
394.606910079217
 10
201.6933761370819
 20
395.00695096725974
 10
201.6933761370819
 20
395.4069918553024
 10
201.6933761370819
 20
395.8070327433451
 10
201.6933761370819
 20
396.2070736313878
 10
201.6933761370819
 20
396.6071145194305
 10
201.6933761370819
 20
397.0071554074732
 10
201.6933761370819
 20
397.4071962955159
 10
201.6933761370819
 20
397.80723718355864
 10
201.6933761370819
 20
398.2072780716013
 10
201.6933761370819
 20
398.60731895964403
 10
201.6933761370819
 20
399.00735984768676
 10
201.6933761370819
 20
399.4074007357294
 10
201.6933761370819
 20
399.80744162377215
 10
201.6933761370819
 20
400.2074825118149
 10
201.6933761370819
 20
400.60752339985754
 10
201.6933761370819
 20
401.0075642879003
 10
201.6933761370819
 20
401.407605175943
 10
201.6933761370819
 20
401.80764606398566
 10
201.6933761370819
 20
402.2076869520284
 10
201.6933761370819
 20
402.6077278400711
 10
201.6933761370819
 20
403.0077687281138
 10
201.6933761370819
 20
403.4078096161565
 10
201.6933761370819
 20
403.8078505041992
 10
201.6933761370819
 20
404.2078913922419
 10
201.6933761370819
 20
404.6079322802846
 10
201.6933761370819
 20
405.00797316832734
 10
201.6933761370819
 20
405.40801405637
 10
201.6933761370819
 20
405.80805494441273
 10
201.6933761370819
 20
406.20809583245546
 10
201.6933761370819
 20
406.6081367204981
 10
201.6933761370819
 20
407.00817760854085
 10
201.6933761370819
 20
407.4082184965836
 10
201.6933761370819
 20
407.80825938462624
 10
201.6933761370819
 20
408.2083002726689
 10
201.6933761370819
 20
408.60834116071163
 10
201.6933761370819
 20
409.00838204875436
 10
201.6933761370819
 20
409.408422936797
 10
201.6933761370819
 20
409.80846382483975
 10
201.6933761370819
 20
410.2085047128825
 10
201.6933761370819
 20
410.60854560092514
 10
201.6933761370819
 20
411.00858648896786
 10
201.6933761370819
 20
411.4086273770106
 10
201.6933761370819
 20
411.80866826505326
 10
201.6933761370819
 20
412.208709153096
 10
201.6933761370819
 20
412.6087500411387
 10
201.6933761370819
 20
413.0087909291814
 10
201.6933761370819
 20
413.4088318172241
 10
201.6933761370819
 20
413.8088727052668
 10
201.6933761370819
 20
414.2089135933095
 10
201.6933761370819
 20
414.60895448135216
 10
201.6933761370819
 20
415.00899536939494
 10
201.6933761370819
 20
415.4090362574376
 10
201.6933761370819
 20
415.8090771454803
 10
201.6933761370819
 20
416.20911803352305
 10
201.6933761370819
 20
416.6091589215657
 10
201.6933761370819
 20
417.0091998096084
 10
201.6933761370819
 20
417.40924069765117
 10
201.6933761370819
 20
417.80928158569384
 10
201.6933761370819
 20
418.20932247373656
 10
201.6933761370819
 20
418.6093633617793
 10
201.6933761370819
 20
419.00940424982196
 10
201.6933761370819
 20
419.4094451378647
 10
201.6933761370819
 20
419.8094860259074
 10
201.6933761370819
 20
420.20952691395007
 10
201.6933761370819
 20
420.6095678019928
 10
201.6933761370819
 20
421.00960869003546
 10
201.6933761370819
 20
421.4096495780782
 10
201.6933761370819
 20
421.80969046612086
 10
201.6933761370819
 20
422.2097313541636
 10
201.6933761370819
 20
422.6097722422063
 10
201.6933761370819
 20
423.009813130249
 10
201.6933761370819
 20
423.4098540182917
 10
201.6933761370819
 20
423.8098949063344
 10
201.6933761370819
 20
424.2099357943771
 10
201.6933761370819
 20
424.6099766824198
 10
201.6933761370819
 20
425.01001757046254
 10
201.6933761370819
 20
425.4100584585052
 10
201.6933761370819
 20
425.81009934654793
 10
201.6933761370819
 20
426.21014023459065
 10
201.6933761370819
 20
426.6101811226333
 10
201.6933761370819
 20
427.01022201067605
 10
201.6933761370819
 20
427.41026289871877
 10
201.6933761370819
 20
427.81030378676144
 10
201.6933761370819
 20
428.2103446748041
 10
201.6933761370819
 20
428.6103855628469
 10
201.6933761370819
 20
429.01042645088955
 10
201.6933761370819
 20
429.4104673389322
 10
201.6933761370819
 20
429.810508226975
 10
201.6933761370819
 20
430.21054911501767
 10
201.6933761370819
 20
430.61059000306034
 10
201.6933761370819
 20
431.0106308911031
 10
201.6933761370819
 20
431.4106717791458
 10
201.6933761370819
 20
431.81071266718845
 10
201.6933761370819
 20
432.21075355523124
 10
201.6933761370819
 20
432.6107944432739
 10
201.6933761370819
 20
433.01083533131657
 10
201.6933761370819
 20
433.41087621935935
 10
201.6933761370819
 20
433.810917107402
 10
201.6933761370819
 20
434.2109579954447
 10
201.6933761370819
 20
434.6109988834874
 10
201.6933761370819
 20
435.01103977153014
 10
201.6933761370819
 20
435.4110806595728
 10
201.6933761370819
 20
435.8111215476155
 10
201.6933761370819
 20
436.21116243565825
 10
201.6933761370819
 20
436.6112033237009
 10
201.6933761370819
 20
437.01124421174364
 10
201.6933761370819
 20
437.41128509978637
 10
201.6933761370819
 20
437.81132598782904
 10
201.6933761370819
 20
438.21136687587176
 10
201.6933761370819
 20
438.6114077639145
 10
201.6933761370819
 20
439.01144865195715
 10
201.6933761370819
 20
439.4114895399999
 10
201.6933761370819
 20
439.8115304280426
 10
201.9049474531672
 20
440.0
 10
202.30498834120988
 20
440.0
 10
202.70502922925257
 20
440.0
 10
203.1050701172953
 20
440.0
 10
203.505111005338
 20
440.0
 10
203.90515189338072
 20
440.0
 10
204.30519278142341
 20
440.0
 10
204.7052336694661
 20
440.0
 10
205.1052745575088
 20
440.0
 10
205.50531544555153
 20
440.0
 10
205.90535633359423
 20
440.0
 10
206.30539722163695
 20
440.0
 10
206.70543810967965
 20
440.0
 10
207.10547899772234
 20
440.0
 10
207.50551988576507
 20
440.0
 10
207.90556077380776
 20
440.0
 10
208.30560166185046
 20
440.0
 10
208.70564254989316
 20
440.0
 10
209.10568343793585
 20
440.0
 10
209.50572432597855
 20
440.0
 10
209.90576521402127
 20
440.0
 10
210.30580610206397
 20
440.0
 10
210.70584699010666
 20
440.0
 10
211.1058878781494
 20
440.0
 10
211.50592876619208
 20
440.0
 10
211.90596965423478
 20
440.0
 10
212.3060105422775
 20
440.0
 10
212.7060514303202
 20
440.0
 10
213.1060923183629
 20
440.0
 10
213.50613320640562
 20
440.0
 10
213.90617409444832
 20
440.0
 10
214.30621498249104
 20
440.0
 10
214.70625587053374
 20
440.0
 10
215.10629675857643
 20
440.0
 10
215.5063376466191
 20
440.0
 10
215.90637853466183
 20
440.0
 10
216.30641942270455
 20
440.0
 10
216.70646031074722
 20
440.0
 10
217.10650119878994
 20
440.0
 10
217.50654208683267
 20
440.0
 10
217.90658297487533
 20
440.0
 97
0
 75
1
 76
1
 52
0.0
 41
0.3
 77
0
 78
2
 53
45.0
 43
0.0
 44
0.0
 45
-0.6735192091
 46
0.6735192091
 79
0
 53
135.0
 43
0.0
 44
0.0
 45
-0.6735192091
 46
-0.6735192091
 79
0
 98
0
  0
LWPOLYLINE
  5
AD
330
17
100
AcDbEntity
  8
20_ВИДИМЫЕ
100
AcDbPolyline
 90
649
 70
1
 10
218.3066238629181
 20
440.0
 10
218.3066238629181
 20
439.5999591119573
 10
218.3066238629181
 20
439.19991822391455
 10
218.3066238629181
 20
438.7998773358719
 10
218.3066238629181
 20
438.3998364478292
 10
218.3066238629181
 20
437.9997955597865
 10
218.3066238629181
 20
437.59975467174377
 10
218.3066238629181
 20
437.1997137837011
 10
218.3066238629181
 20
436.7996728956584
 10
218.3066238629181
 20
436.39963200761565
 10
218.3066238629181
 20
435.999591119573
 10
218.3066238629181
 20
435.59955023153026
 10
218.3066238629181
 20
435.19950934348753
 10
218.3066238629181
 20
434.79946845544487
 10
218.3066238629181
 20
434.39942756740214
 10
218.3066238629181
 20
433.9993866793594
 10
218.3066238629181
 20
433.59934579131675
 10
218.3066238629181
 20
433.199304903274
 10
218.3066238629181
 20
432.7992640152313
 10
218.3066238629181
 20
432.39922312718863
 10
218.3066238629181
 20
431.9991822391459
 10
218.3066238629181
 20
431.5991413511032
 10
218.3066238629181
 20
431.1991004630605
 10
218.3066238629181
 20
430.7990595750178
 10
218.3066238629181
 20
430.39901868697507
 10
218.3066238629181
 20
429.9989777989324
 10
218.3066238629181
 20
429.5989369108897
 10
218.3066238629181
 20
429.19889602284695
 10
218.3066238629181
 20
428.7988551348043
 10
218.3066238629181
 20
428.3988142467616
 10
218.3066238629181
 20
427.9987733587189
 10
218.3066238629181
 20
427.59873247067617
 10
218.3066238629181
 20
427.19869158263344
 10
218.3066238629181
 20
426.7986506945908
 10
218.3066238629181
 20
426.39860980654805
 10
218.3066238629181
 20
425.9985689185054
 10
218.3066238629181
 20
425.59852803046266
 10
218.3066238629181
 20
425.19848714241994
 10
218.3066238629181
 20
424.79844625437727
 10
218.3066238629181
 20
424.39840536633454
 10
218.3066238629181
 20
423.9983644782918
 10
218.3066238629181
 20
423.59832359024915
 10
218.3066238629181
 20
423.1982827022064
 10
218.3066238629181
 20
422.7982418141637
 10
218.3066238629181
 20
422.39820092612104
 10
218.3066238629181
 20
421.9981600380783
 10
218.3066238629181
 20
421.5981191500356
 10
218.3066238629181
 20
421.1980782619929
 10
218.3066238629181
 20
420.7980373739502
 10
218.3066238629181
 20
420.39799648590747
 10
218.3066238629181
 20
419.9979555978648
 10
218.3066238629181
 20
419.5979147098221
 10
218.3066238629181
 20
419.19787382177935
 10
218.3066238629181
 20
418.7978329337367
 10
218.3066238629181
 20
418.39779204569396
 10
218.3066238629181
 20
417.99775115765124
 10
218.3066238629181
 20
417.59771026960857
 10
218.3066238629181
 20
417.19766938156585
 10
218.3066238629181
 20
416.7976284935232
 10
218.3066238629181
 20
416.39758760548045
 10
218.3066238629181
 20
415.9975467174378
 10
218.3066238629181
 20
415.59750582939506
 10
218.3066238629181
 20
415.19746494135234
 10
218.3066238629181
 20
414.7974240533096
 10
218.3066238629181
 20
414.39738316526694
 10
218.3066238629181
 20
413.9973422772242
 10
218.3066238629181
 20
413.59730138918155
 10
218.3066238629181
 20
413.1972605011388
 10
218.3066238629181
 20
412.7972196130961
 10
218.3066238629181
 20
412.39717872505344
 10
218.3066238629181
 20
411.9971378370107
 10
218.3066238629181
 20
411.597096948968
 10
218.3066238629181
 20
411.1970560609253
 10
218.3066238629181
 20
410.7970151728826
 10
218.3066238629181
 20
410.39697428483987
 10
218.3066238629181
 20
409.9969333967972
 10
218.3066238629181
 20
409.5968925087545
 10
218.3066238629181
 20
409.19685162071175
 10
218.3066238629181
 20
408.7968107326691
 10
218.3066238629181
 20
408.39676984462636
 10
218.3066238629181
 20
407.99672895658364
 10
218.3066238629181
 20
407.59668806854097
 10
218.3066238629181
 20
407.19664718049825
 10
218.3066238629181
 20
406.7966062924555
 10
218.3066238629181
 20
406.39656540441285
 10
218.3066238629181
 20
405.99652451637013
 10
218.3066238629181
 20
405.59648362832746
 10
218.3066238629181
 20
405.19644274028474
 10
218.3066238629181
 20
404.79640185224207
 10
218.3066238629181
 20
404.39636096419935
 10
218.3066238629181
 20
403.9963200761566
 10
218.3066238629181
 20
403.59627918811395
 10
218.3066238629181
 20
403.19623830007123
 10
218.3066238629181
 20
402.7961974120285
 10
218.3066238629181
 20
402.3961565239858
 10
218.3066238629181
 20
401.9961156359431
 10
218.3066238629181
 20
401.5960747479004
 10
218.3066238629181
 20
401.1960338598577
 10
218.3066238629181
 20
400.795992971815
 10
218.3066238629181
 20
400.3959520837723
 10
218.3066238629181
 20
399.9959111957296
 10
218.3066238629181
 20
399.5958703076869
 10
218.3066238629181
 20
399.19582941964416
 10
218.3066238629181
 20
398.7957885316015
 10
218.3066238629181
 20
398.39574764355876
 10
218.3066238629181
 20
397.99570675551604
 10
218.3066238629181
 20
397.5956658674734
 10
218.3066238629181
 20
397.19562497943065
 10
218.3066238629181
 20
396.7955840913879
 10
218.3066238629181
 20
396.39554320334526
 10
218.3066238629181
 20
395.99550231530253
 10
218.3066238629181
 20
395.5954614272598
 10
218.3066238629181
 20
395.19542053921714
 10
218.3066238629181
 20
394.7953796511744
 10
218.3066238629181
 20
394.3953387631317
 10
218.3066238629181
 20
393.995297875089
 10
218.3066238629181
 20
393.5952569870463
 10
218.3066238629181
 20
393.19521609900363
 10
218.3066238629181
 20
392.7951752109609
 10
218.3066238629181
 20
392.39513432291824
 10
218.3066238629181
 20
391.9950934348755
 10
218.3066238629181
 20
391.5950525468328
 10
218.3066238629181
 20
391.1950116587901
 10
218.3066238629181
 20
390.7949707707474
 10
218.3066238629181
 20
390.3949298827047
 10
218.3066238629181
 20
389.994888994662
 10
218.3066238629181
 20
389.5948481066193
 10
218.3066238629181
 20
389.19480721857656
 10
218.3066238629181
 20
388.7947663305339
 10
218.3066238629181
 20
388.39472544249116
 10
218.3066238629181
 20
387.99468455444844
 10
218.3066238629181
 20
387.5946436664058
 10
218.3066238629181
 20
387.19460277836305
 10
218.3066238629181
 20
386.7945618903203
 10
218.3066238629181
 20
386.39452100227766
 10
218.3066238629181
 20
385.99448011423493
 10
218.3066238629181
 20
385.5944392261922
 10
218.3066238629181
 20
385.19439833814954
 10
218.3066238629181
 20
384.7943574501068
 10
218.3066238629181
 20
384.39431656206415
 10
218.3066238629181
 20
383.9942756740214
 10
218.3066238629181
 20
383.5942347859787
 10
218.3066238629181
 20
383.194193897936
 10
218.3066238629181
 20
382.7941530098933
 10
218.3066238629181
 20
382.3941121218506
 10
218.3066238629181
 20
381.9940712338079
 10
218.3066238629181
 20
381.5940303457652
 10
218.3066238629181
 20
381.19398945772247
 10
218.3066238629181
 20
380.7939485696798
 10
218.3066238629181
 20
380.3939076816371
 10
218.3066238629181
 20
379.9938667935944
 10
218.3066238629181
 20
379.5938259055517
 10
218.3066238629181
 20
379.19378501750896
 10
218.3066238629181
 20
378.7937441294663
 10
218.3066238629181
 20
378.39370324142357
 10
218.3066238629181
 20
377.99366235338084
 10
218.3066238629181
 20
377.5936214653382
 10
218.3066238629181
 20
377.19358057729545
 10
218.3066238629181
 20
376.7935396892527
 10
218.3066238629181
 20
376.39349880121006
 10
218.3066238629181
 20
375.99345791316733
 10
218.3066238629181
 20
375.59341702512467
 10
218.3066238629181
 20
375.19337613708194
 10
218.3066238629181
 20
374.7933352490392
 10
218.3066238629181
 20
374.3932943609965
 10
218.3066238629181
 20
373.9932534729538
 10
218.3066238629181
 20
373.5932125849111
 10
218.3066238629181
 20
373.19317169686843
 10
218.3066238629181
 20
372.7931308088257
 10
218.3066238629181
 20
372.393089920783
 10
218.3066238629181
 20
371.99304903274026
 10
218.3066238629181
 20
371.5930081446976
 10
218.3066238629181
 20
371.19296725665487
 10
218.3066238629181
 20
370.7929263686122
 10
218.3066238629181
 20
370.3928854805695
 10
218.3066238629181
 20
369.99284459252675
 10
218.3066238629181
 20
369.5928037044841
 10
218.3066238629181
 20
369.19276281644136
 10
218.3066238629181
 20
368.7927219283987
 10
218.3066238629181
 20
368.39268104035597
 10
218.3066238629181
 20
367.99264015231324
 10
218.3066238629181
 20
367.5925992642706
 10
218.3066238629181
 20
367.19255837622785
 10
218.3066238629181
 20
366.7925174881851
 10
218.3066238629181
 20
366.39247660014246
 10
218.3066238629181
 20
365.99243571209973
 10
218.3066238629181
 20
365.592394824057
 10
218.3066238629181
 20
365.19235393601434
 10
218.3066238629181
 20
364.7923130479716
 10
218.3066238629181
 20
364.3922721599289
 10
218.3066238629181
 20
363.9922312718862
 10
218.3066238629181
 20
363.5921903838435
 10
218.3066238629181
 20
363.19214949580083
 10
218.3066238629181
 20
362.7921086077581
 10
218.3066238629181
 20
362.3920677197154
 10
218.3066238629181
 20
361.99202683167266
 10
218.3066238629181
 20
361.59198594363
 10
218.3066238629181
 20
361.19194505558727
 10
218.3066238629181
 20
360.79190416754454
 10
218.3066238629181
 20
360.3918632795019
 10
218.3066238629181
 20
359.99182239145915
 10
218.3066238629181
 20
359.5917815034165
 10
218.3066238629181
 20
359.19174061537376
 10
218.3066238629181
 20
358.79169972733104
 10
218.3066238629181
 20
358.39165883928837
 10
218.3066238629181
 20
357.99161795124564
 10
218.3066238629181
 20
357.5915770632029
 10
218.3066238629181
 20
357.19153617516025
 10
218.3066238629181
 20
356.7914952871175
 10
218.3066238629181
 20
356.39145439907486
 10
218.3066238629181
 20
355.99141351103214
 10
218.3066238629181
 20
355.5913726229894
 10
218.3066238629181
 20
355.19133173494674
 10
218.3066238629181
 20
354.791290846904
 10
218.3066238629181
 20
354.3912499588613
 10
218.3066238629181
 20
353.9912090708186
 10
218.3066238629181
 20
353.5911681827759
 10
218.3066238629181
 20
353.1911272947332
 10
218.3066238629181
 20
352.7910864066905
 10
218.3066238629181
 20
352.3910455186478
 10
218.3066238629181
 20
351.99100463060506
 10
218.3066238629181
 20
351.5909637425624
 10
218.3066238629181
 20
351.19092285451967
 10
218.3066238629181
 20
350.79088196647695
 10
218.3066238629181
 20
350.3908410784343
 10
218.3066238629181
 20
349.99080019039155
 10
218.3066238629181
 20
349.59075930234883
 10
218.3066238629181
 20
349.19071841430616
 10
218.3066238629181
 20
348.79067752626344
 10
218.3066238629181
 20
348.3906366382207
 10
218.3066238629181
 20
347.99059575017804
 10
218.3066238629181
 20
347.5905548621354
 10
218.3066238629181
 20
347.19051397409265
 10
218.3066238629181
 20
346.79047308604993
 10
218.3066238629181
 20
346.39043219800726
 10
218.3066238629181
 20
345.99039130996454
 10
218.3066238629181
 20
345.5903504219218
 10
218.3066238629181
 20
345.19030953387914
 10
218.3066238629181
 20
344.7902686458364
 10
218.3066238629181
 20
344.3902277577937
 10
218.3066238629181
 20
343.990186869751
 10
218.3066238629181
 20
343.5901459817083
 10
218.3066238629181
 20
343.1901050936656
 10
218.3066238629181
 20
342.7900642056229
 10
218.3066238629181
 20
342.3900233175802
 10
218.3066238629181
 20
341.98998242953746
 10
218.3066238629181
 20
341.5899415414948
 10
218.3066238629181
 20
341.18990065345207
 10
218.3066238629181
 20
340.78985976540935
 10
218.3066238629181
 20
340.3898188773667
 10
218.3066238629181
 20
339.98977798932395
 10
218.3066238629181
 20
339.58973710128123
 10
218.3066238629181
 20
339.18969621323856
 10
218.3066238629181
 20
338.78965532519584
 10
218.3066238629181
 20
338.3896144371531
 10
218.3066238629181
 20
337.98957354911045
 10
218.3066238629181
 20
337.5895326610677
 10
218.3066238629181
 20
337.18949177302505
 10
218.3066238629181
 20
336.78945088498233
 10
218.3066238629181
 20
336.3894099969396
 10
218.3066238629181
 20
335.98936910889694
 10
218.3066238629181
 20
335.5893282208542
 10
218.3066238629181
 20
335.1892873328115
 10
218.3066238629181
 20
334.7892464447688
 10
218.3066238629181
 20
334.3892055567261
 10
218.3066238629181
 20
333.98916466868343
 10
218.3066238629181
 20
333.5891237806407
 10
218.3066238629181
 20
333.189082892598
 10
218.3066238629181
 20
332.7890420045553
 10
218.3066238629181
 20
332.3890011165126
 10
218.3066238629181
 20
331.98896022846986
 10
218.3066238629181
 20
331.5889193404272
 10
218.3066238629181
 20
331.1888784523845
 10
218.3066238629181
 20
330.78883756434175
 10
218.3066238629181
 20
330.3887966762991
 10
218.3066238629181
 20
329.98875578825636
 10
218.3066238629181
 20
329.58871490021363
 10
218.3066238629181
 20
329.18867401217096
 10
218.3066238629181
 20
328.78863312412824
 10
218.3066238629181
 20
328.3885922360855
 10
218.3066238629181
 20
327.98855134804285
 10
218.3066238629181
 20
327.5885104600001
 10
218.3066238629181
 20
327.1884695719574
 10
218.09505254683282
 20
327.0
 10
217.6950116587901
 20
327.0
 10
217.2949707707474
 20
327.0
 10
216.8949298827047
 20
327.0
 10
216.49488899466198
 20
327.0
 10
216.09484810661928
 20
327.0
 10
215.69480721857659
 20
327.0
 10
215.2947663305339
 20
327.0
 10
214.89472544249116
 20
327.0
 10
214.49468455444847
 20
327.0
 10
214.09464366640577
 20
327.0
 10
213.69460277836305
 20
327.0
 10
213.29456189032035
 20
327.0
 10
212.89452100227766
 20
327.0
 10
212.49448011423496
 20
327.0
 10
212.09443922619224
 20
327.0
 10
211.69439833814954
 20
327.0
 10
211.29435745010684
 20
327.0
 10
210.89431656206412
 20
327.0
 10
210.49427567402142
 20
327.0
 10
210.09423478597873
 20
327.0
 10
209.69419389793603
 20
327.0
 10
209.2941530098933
 20
327.0
 10
208.8941121218506
 20
327.0
 10
208.49407123380792
 20
327.0
 10
208.0940303457652
 20
327.0
 10
207.6939894577225
 20
327.0
 10
207.2939485696798
 20
327.0
 10
206.89390768163707
 20
327.0
 10
206.49386679359438
 20
327.0
 10
206.09382590555168
 20
327.0
 10
205.693785017509
 20
327.0
 10
205.29374412946626
 20
327.0
 10
204.89370324142357
 20
327.0
 10
204.49366235338087
 20
327.0
 10
204.09362146533815
 20
327.0
 10
203.69358057729545
 20
327.0
 10
203.29353968925275
 20
327.0
 10
202.89349880121006
 20
327.0
 10
202.49345791316736
 20
327.0
 10
202.09341702512464
 20
327.0
 10
201.6933761370819
 20
327.0
 10
201.6933761370819
 20
327.40004088804267
 10
201.6933761370819
 20
327.80008177608545
 10
201.6933761370819
 20
328.2001226641281
 10
201.6933761370819
 20
328.6001635521708
 10
201.6933761370819
 20
329.00020444021357
 10
201.6933761370819
 20
329.40024532825623
 10
201.6933761370819
 20
329.8002862162989
 10
201.6933761370819
 20
330.2003271043417
 10
201.6933761370819
 20
330.60036799238435
 10
201.6933761370819
 20
331.000408880427
 10
201.6933761370819
 20
331.40044976846974
 10
201.6933761370819
 20
331.80049065651247
 10
201.6933761370819
 20
332.20053154455513
 10
201.6933761370819
 20
332.60057243259786
 10
201.6933761370819
 20
333.0006133206406
 10
201.6933761370819
 20
333.40065420868325
 10
201.6933761370819
 20
333.800695096726
 10
201.6933761370819
 20
334.2007359847687
 10
201.6933761370819
 20
334.60077687281137
 10
201.6933761370819
 20
335.0008177608541
 10
201.6933761370819
 20
335.4008586488968
 10
201.6933761370819
 20
335.8008995369395
 10
201.6933761370819
 20
336.2009404249822
 10
201.6933761370819
 20
336.60098131302493
 10
201.6933761370819
 20
337.0010222010676
 10
201.6933761370819
 20
337.40106308911027
 10
201.6933761370819
 20
337.801103977153
 10
201.6933761370819
 20
338.2011448651957
 10
201.6933761370819
 20
338.6011857532384
 10
201.6933761370819
 20
339.0012266412811
 10
201.6933761370819
 20
339.40126752932383
 10
201.6933761370819
 20
339.8013084173665
 10
201.6933761370819
 20
340.2013493054093
 10
201.6933761370819
 20
340.60139019345195
 10
201.6933761370819
 20
341.0014310814946
 10
201.6933761370819
 20
341.4014719695374
 10
201.6933761370819
 20
341.80151285758006
 10
201.6933761370819
 20
342.20155374562273
 10
201.6933761370819
 20
342.6015946336655
 10
201.6933761370819
 20
343.0016355217082
 10
201.6933761370819
 20
343.40167640975085
 10
201.6933761370819
 20
343.8017172977936
 10
201.6933761370819
 20
344.2017581858363
 10
201.6933761370819
 20
344.60179907387896
 10
201.6933761370819
 20
345.0018399619217
 10
201.6933761370819
 20
345.4018808499644
 10
201.6933761370819
 20
345.8019217380071
 10
201.6933761370819
 20
346.2019626260498
 10
201.6933761370819
 20
346.60200351409253
 10
201.6933761370819
 20
347.0020444021352
 10
201.6933761370819
 20
347.4020852901779
 10
201.6933761370819
 20
347.80212617822065
 10
201.6933761370819
 20
348.2021670662633
 10
201.6933761370819
 20
348.60220795430604
 10
201.6933761370819
 20
349.00224884234876
 10
201.6933761370819
 20
349.40228973039143
 10
201.6933761370819
 20
349.8023306184341
 10
201.6933761370819
 20
350.2023715064768
 10
201.6933761370819
 20
350.60241239451955
 10
201.6933761370819
 20
351.0024532825622
 10
201.6933761370819
 20
351.40249417060494
 10
201.6933761370819
 20
351.80253505864766
 10
201.6933761370819
 20
352.20257594669033
 10
201.6933761370819
 20
352.60261683473306
 10
201.6933761370819
 20
353.0026577227758
 10
201.6933761370819
 20
353.40269861081845
 10
201.6933761370819
 20
353.8027394988612
 10
201.6933761370819
 20
354.2027803869039
 10
201.6933761370819
 20
354.60282127494656
 10
201.6933761370819
 20
355.0028621629893
 10
201.6933761370819
 20
355.402903051032
 10
201.6933761370819
 20
355.8029439390747
 10
201.6933761370819
 20
356.20298482711735
 10
201.6933761370819
 20
356.60302571516013
 10
201.6933761370819
 20
357.0030666032028
 10
201.6933761370819
 20
357.4031074912455
 10
201.6933761370819
 20
357.80314837928825
 10
201.6933761370819
 20
358.2031892673309
 10
201.6933761370819
 20
358.60323015537364
 10
201.6933761370819
 20
359.00327104341636
 10
201.6933761370819
 20
359.40331193145903
 10
201.6933761370819
 20
359.80335281950175
 10
201.6933761370819
 20
360.2033937075445
 10
201.6933761370819
 20
360.60343459558715
 10
201.6933761370819
 20
361.00347548362987
 10
201.6933761370819
 20
361.4035163716726
 10
201.6933761370819
 20
361.80355725971526
 10
201.6933761370819
 20
362.203598147758
 10
201.6933761370819
 20
362.6036390358007
 10
201.6933761370819
 20
363.0036799238434
 10
201.6933761370819
 20
363.40372081188605
 10
201.6933761370819
 20
363.80376169992877
 10
201.6933761370819
 20
364.2038025879715
 10
201.6933761370819
 20
364.60384347601416
 10
201.6933761370819
 20
365.0038843640569
 10
201.6933761370819
 20
365.4039252520996
 10
201.6933761370819
 20
365.8039661401423
 10
201.6933761370819
 20
366.204007028185
 10
201.6933761370819
 20
366.6040479162277
 10
201.6933761370819
 20
367.0040888042704
 10
201.6933761370819
 20
367.4041296923131
 10
201.6933761370819
 20
367.80417058035584
 10
201.6933761370819
 20
368.2042114683985
 10
201.6933761370819
 20
368.60425235644124
 10
201.6933761370819
 20
369.00429324448396
 10
201.6933761370819
 20
369.4043341325266
 10
201.6933761370819
 20
369.8043750205693
 10
201.6933761370819
 20
370.2044159086121
 10
201.6933761370819
 20
370.60445679665474
 10
201.6933761370819
 20
371.0044976846974
 10
201.6933761370819
 20
371.4045385727402
 10
201.6933761370819
 20
371.80457946078286
 10
201.6933761370819
 20
372.20462034882553
 10
201.6933761370819
 20
372.6046612368683
 10
201.6933761370819
 20
373.004702124911
 10
201.6933761370819
 20
373.40474301295365
 10
201.6933761370819
 20
373.8047839009964
 10
201.6933761370819
 20
374.2048247890391
 10
201.6933761370819
 20
374.6048656770818
 10
201.6933761370819
 20
375.00490656512454
 10
201.6933761370819
 20
375.4049474531672
 10
201.6933761370819
 20
375.8049883412099
 10
201.6933761370819
 20
376.2050292292526
 10
201.6933761370819
 20
376.6050701172953
 10
201.6933761370819
 20
377.005111005338
 10
201.6933761370819
 20
377.4051518933807
 10
201.6933761370819
 20
377.80519278142344
 10
201.6933761370819
 20
378.2052336694661
 10
201.6933761370819
 20
378.60527455750884
 10
201.6933761370819
 20
379.00531544555156
 10
201.6933761370819
 20
379.4053563335942
 10
201.6933761370819
 20
379.80539722163695
 10
201.6933761370819
 20
380.2054381096797
 10
201.6933761370819
 20
380.60547899772234
 10
201.6933761370819
 20
381.00551988576507
 10
201.6933761370819
 20
381.4055607738078
 10
201.6933761370819
 20
381.80560166185046
 10
201.6933761370819
 20
382.2056425498931
 10
201.6933761370819
 20
382.60568343793585
 10
201.6933761370819
 20
383.0057243259786
 10
201.6933761370819
 20
383.40576521402124
 10
201.6933761370819
 20
383.805806102064
 10
201.6933761370819
 20
384.2058469901067
 10
201.6933761370819
 20
384.6058878781494
 10
201.6933761370819
 20
385.00592876619214
 10
201.6933761370819
 20
385.4059696542348
 10
201.6933761370819
 20
385.8060105422775
 10
201.6933761370819
 20
386.20605143032026
 10
201.6933761370819
 20
386.6060923183629
 10
201.6933761370819
 20
387.0061332064056
 10
201.6933761370819
 20
387.4061740944483
 10
201.6933761370819
 20
387.80621498249104
 10
201.6933761370819
 20
388.20625587053377
 10
201.6933761370819
 20
388.60629675857643
 10
201.6933761370819
 20
389.00633764661916
 10
201.6933761370819
 20
389.4063785346618
 10
201.6933761370819
 20
389.80641942270455
 10
201.6933761370819
 20
390.2064603107473
 10
201.6933761370819
 20
390.60650119878994
 10
201.6933761370819
 20
391.00654208683267
 10
201.6933761370819
 20
391.4065829748754
 10
201.6933761370819
 20
391.80662386291806
 10
201.6933761370819
 20
392.2066647509608
 10
201.6933761370819
 20
392.6067056390035
 10
201.6933761370819
 20
393.0067465270462
 10
201.6933761370819
 20
393.4067874150889
 10
201.6933761370819
 20
393.8068283031316
 10
201.6933761370819
 20
394.2068691911743
 10
201.6933761370819
 20
394.606910079217
 10
201.6933761370819
 20
395.00695096725974
 10
201.6933761370819
 20
395.4069918553024
 10
201.6933761370819
 20
395.8070327433451
 10
201.6933761370819
 20
396.2070736313878
 10
201.6933761370819
 20
396.6071145194305
 10
201.6933761370819
 20
397.0071554074732
 10
201.6933761370819
 20
397.4071962955159
 10
201.6933761370819
 20
397.80723718355864
 10
201.6933761370819
 20
398.2072780716013
 10
201.6933761370819
 20
398.60731895964403
 10
201.6933761370819
 20
399.00735984768676
 10
201.6933761370819
 20
399.4074007357294
 10
201.6933761370819
 20
399.80744162377215
 10
201.6933761370819
 20
400.2074825118149
 10
201.6933761370819
 20
400.60752339985754
 10
201.6933761370819
 20
401.0075642879003
 10
201.6933761370819
 20
401.407605175943
 10
201.6933761370819
 20
401.80764606398566
 10
201.6933761370819
 20
402.2076869520284
 10
201.6933761370819
 20
402.6077278400711
 10
201.6933761370819
 20
403.0077687281138
 10
201.6933761370819
 20
403.4078096161565
 10
201.6933761370819
 20
403.8078505041992
 10
201.6933761370819
 20
404.2078913922419
 10
201.6933761370819
 20
404.6079322802846
 10
201.6933761370819
 20
405.00797316832734
 10
201.6933761370819
 20
405.40801405637
 10
201.6933761370819
 20
405.80805494441273
 10
201.6933761370819
 20
406.20809583245546
 10
201.6933761370819
 20
406.6081367204981
 10
201.6933761370819
 20
407.00817760854085
 10
201.6933761370819
 20
407.4082184965836
 10
201.6933761370819
 20
407.80825938462624
 10
201.6933761370819
 20
408.2083002726689
 10
201.6933761370819
 20
408.60834116071163
 10
201.6933761370819
 20
409.00838204875436
 10
201.6933761370819
 20
409.408422936797
 10
201.6933761370819
 20
409.80846382483975
 10
201.6933761370819
 20
410.2085047128825
 10
201.6933761370819
 20
410.60854560092514
 10
201.6933761370819
 20
411.00858648896786
 10
201.6933761370819
 20
411.4086273770106
 10
201.6933761370819
 20
411.80866826505326
 10
201.6933761370819
 20
412.208709153096
 10
201.6933761370819
 20
412.6087500411387
 10
201.6933761370819
 20
413.0087909291814
 10
201.6933761370819
 20
413.4088318172241
 10
201.6933761370819
 20
413.8088727052668
 10
201.6933761370819
 20
414.2089135933095
 10
201.6933761370819
 20
414.60895448135216
 10
201.6933761370819
 20
415.00899536939494
 10
201.6933761370819
 20
415.4090362574376
 10
201.6933761370819
 20
415.8090771454803
 10
201.6933761370819
 20
416.20911803352305
 10
201.6933761370819
 20
416.6091589215657
 10
201.6933761370819
 20
417.0091998096084
 10
201.6933761370819
 20
417.40924069765117
 10
201.6933761370819
 20
417.80928158569384
 10
201.6933761370819
 20
418.20932247373656
 10
201.6933761370819
 20
418.6093633617793
 10
201.6933761370819
 20
419.00940424982196
 10
201.6933761370819
 20
419.4094451378647
 10
201.6933761370819
 20
419.8094860259074
 10
201.6933761370819
 20
420.20952691395007
 10
201.6933761370819
 20
420.6095678019928
 10
201.6933761370819
 20
421.00960869003546
 10
201.6933761370819
 20
421.4096495780782
 10
201.6933761370819
 20
421.80969046612086
 10
201.6933761370819
 20
422.2097313541636
 10
201.6933761370819
 20
422.6097722422063
 10
201.6933761370819
 20
423.009813130249
 10
201.6933761370819
 20
423.4098540182917
 10
201.6933761370819
 20
423.8098949063344
 10
201.6933761370819
 20
424.2099357943771
 10
201.6933761370819
 20
424.6099766824198
 10
201.6933761370819
 20
425.01001757046254
 10
201.6933761370819
 20
425.4100584585052
 10
201.6933761370819
 20
425.81009934654793
 10
201.6933761370819
 20
426.21014023459065
 10
201.6933761370819
 20
426.6101811226333
 10
201.6933761370819
 20
427.01022201067605
 10
201.6933761370819
 20
427.41026289871877
 10
201.6933761370819
 20
427.81030378676144
 10
201.6933761370819
 20
428.2103446748041
 10
201.6933761370819
 20
428.6103855628469
 10
201.6933761370819
 20
429.01042645088955
 10
201.6933761370819
 20
429.4104673389322
 10
201.6933761370819
 20
429.810508226975
 10
201.6933761370819
 20
430.21054911501767
 10
201.6933761370819
 20
430.61059000306034
 10
201.6933761370819
 20
431.0106308911031
 10
201.6933761370819
 20
431.4106717791458
 10
201.6933761370819
 20
431.81071266718845
 10
201.6933761370819
 20
432.21075355523124
 10
201.6933761370819
 20
432.6107944432739
 10
201.6933761370819
 20
433.01083533131657
 10
201.6933761370819
 20
433.41087621935935
 10
201.6933761370819
 20
433.810917107402
 10
201.6933761370819
 20
434.2109579954447
 10
201.6933761370819
 20
434.6109988834874
 10
201.6933761370819
 20
435.01103977153014
 10
201.6933761370819
 20
435.4110806595728
 10
201.6933761370819
 20
435.8111215476155
 10
201.6933761370819
 20
436.21116243565825
 10
201.6933761370819
 20
436.6112033237009
 10
201.6933761370819
 20
437.01124421174364
 10
201.6933761370819
 20
437.41128509978637
 10
201.6933761370819
 20
437.81132598782904
 10
201.6933761370819
 20
438.21136687587176
 10
201.6933761370819
 20
438.6114077639145
 10
201.6933761370819
 20
439.01144865195715
 10
201.6933761370819
 20
439.4114895399999
 10
201.6933761370819
 20
439.8115304280426
 10
201.9049474531672
 20
440.0
 10
202.30498834120988
 20
440.0
 10
202.70502922925257
 20
440.0
 10
203.1050701172953
 20
440.0
 10
203.505111005338
 20
440.0
 10
203.90515189338072
 20
440.0
 10
204.30519278142341
 20
440.0
 10
204.7052336694661
 20
440.0
 10
205.1052745575088
 20
440.0
 10
205.50531544555153
 20
440.0
 10
205.90535633359423
 20
440.0
 10
206.30539722163695
 20
440.0
 10
206.70543810967965
 20
440.0
 10
207.10547899772234
 20
440.0
 10
207.50551988576507
 20
440.0
 10
207.90556077380776
 20
440.0
 10
208.30560166185046
 20
440.0
 10
208.70564254989316
 20
440.0
 10
209.10568343793585
 20
440.0
 10
209.50572432597855
 20
440.0
 10
209.90576521402127
 20
440.0
 10
210.30580610206397
 20
440.0
 10
210.70584699010666
 20
440.0
 10
211.1058878781494
 20
440.0
 10
211.50592876619208
 20
440.0
 10
211.90596965423478
 20
440.0
 10
212.3060105422775
 20
440.0
 10
212.7060514303202
 20
440.0
 10
213.1060923183629
 20
440.0
 10
213.50613320640562
 20
440.0
 10
213.90617409444832
 20
440.0
 10
214.30621498249104
 20
440.0
 10
214.70625587053374
 20
440.0
 10
215.10629675857643
 20
440.0
 10
215.5063376466191
 20
440.0
 10
215.90637853466183
 20
440.0
 10
216.30641942270455
 20
440.0
 10
216.70646031074722
 20
440.0
 10
217.10650119878994
 20
440.0
 10
217.50654208683267
 20
440.0
 10
217.90658297487533
 20
440.0
 10
218.3066238629181
 20
440.0
  0
LWPOLYLINE
  5
AE
330
17
100
AcDbEntity
  8
22_ТОНКИЕ
100
AcDbPolyline
 90
4
 70
1
 10
60.0
 20
264.0
 10
360.0
 20
264.0
 10
360.0
 20
504.0
 10
60.0
 20
504.0
  0
LWPOLYLINE
  5
AF
330
17
100
AcDbEntity
  8
22_ТОНКИЕ
100
AcDbPolyline
 90
6
 70
0
 10
60.0
 20
260.0
 10
60.0
 20
381.0
 10
57.5
 20
383.0
 10
62.5
 20
385.0
 10
60.0
 20
387.0
 10
60.0
 20
508.0
  0
LWPOLYLINE
  5
B0
330
17
100
AcDbEntity
  8
22_ТОНКИЕ
100
AcDbPolyline
 90
6
 70
0
 10
360.0
 20
260.0
 10
360.0
 20
381.0
 10
357.5
 20
383.0
 10
362.5
 20
385.0
 10
360.0
 20
387.0
 10
360.0
 20
508.0
  0
LINE
  5
B1
330
17
100
AcDbEntity
  8
26_РАЗЪЁМ
100
AcDbLine
 10
40.0
 20
344.0
 30
0.0
 11
385.0
 21
344.0
 31
0.0
  0
LINE
  5
B2
330
17
100
AcDbEntity
  8
20_ВИДИМЫЕ
100
AcDbLine
 10
385.0
 20
344.0
 30
0.0
 11
385.0
 21
358.0
 31
0.0
  0
LINE
  5
B3
330
17
100
AcDbEntity
  8
20_ВИДИМЫЕ
100
AcDbLine
 10
385.0
 20
344.0
 30
0.0
 11
385.0
 21
330.0
 31
0.0
  0
TEXT
  5
B4
330
17
100
AcDbEntity
  8
08_ТЕКСТ
100
AcDbText
 10
390.0
 20
353.0
 30
0.0
 40
3.5
  1
В
  7
ГОСТ
 72
1
 11
390.0
 21
353.0
 31
0.0
100
AcDbText
 73
2
  0
TEXT
  5
B5
330
17
100
AcDbEntity
  8
08_ТЕКСТ
100
AcDbText
 10
390.0
 20
335.0
 30
0.0
 40
3.5
  1
Н
  7
ГОСТ
 72
1
 11
390.0
 21
335.0
 31
0.0
100
AcDbText
 73
2
  0
TEXT
  5
B6
330
17
100
AcDbEntity
  8
08_ТЕКСТ
100
AcDbText
 10
373.0
 20
348.0
 30
0.0
 40
3.5
  1
МФ
  7
ГОСТ
 72
1
 11
373.0
 21
348.0
 31
0.0
100
AcDbText
 73
2
  0
TEXT
  5
B7
330
17
100
AcDbEntity
  8
08_ТЕКСТ
100
AcDbText
 10
210.0
 20
518.0
 30
0.0
 40
5.0
  1
А-А
  7
ГОСТ
 72
1
 11
210.0
 21
518.0
 31
0.0
100
AcDbText
 73
1
  0
TEXT
  5
B8
330
17
100
AcDbEntity
  8
08_ТЕКСТ
100
AcDbText
 10
210.0
 20
404.0
 30
0.0
 40
3.5
  1
Ст. 1
  7
ГОСТ
 72
1
 11
210.0
 21
404.0
 31
0.0
100
AcDbText
 73
2
  0
DIMENSION
  5
B9
330
17
100
AcDbEntity
  8
09_РАЗМЕРЫ
100
AcDbDimension
280
0
  2
*D1
  3
ГОСТ
 10
320.0
 20
390.0
 30
0.0
 11
317.25
 21
420.0
 31
0.0
 70
32
 71
5
  1
60
100
AcDbAlignedDimension
 13
281.78
 23
390.0
 33
0.0
 14
281.78
 24
450.0
 34
0.0
 50
90.0
100
AcDbRotatedDimension
1001
ACAD
1000
DSTYLE
1002
{
1070
340
1005
99
1002
}
  0
DIMENSION
  5
C8
330
17
100
AcDbEntity
  8
09_РАЗМЕРЫ
100
AcDbDimension
280
0
  2
*D2
  3
ГОСТ
 10
244.78
 20
464.0
 30
0.0
 11
263.28
 21
466.75
 31
0.0
 70
32
 71
5
  1
37
100
AcDbAlignedDimension
 13
244.78
 23
450.0
 33
0.0
 14
281.78
 24
450.0
 34
0.0
 50
0.0
100
AcDbRotatedDimension
1001
ACAD
1000
DSTYLE
1002
{
1070
340
1005
99
1002
}
  0
DIMENSION
  5
D7
330
17
100
AcDbEntity
  8
09_РАЗМЕРЫ
100
AcDbDimension
280
0
  2
*D3
  3
ГОСТ
 10
45.0
 20
264.0
 30
0.0
 11
42.25
 21
304.0
 31
0.0
 70
32
 71
5
  1
80
100
AcDbAlignedDimension
 13
60.0
 23
264.0
 33
0.0
 14
60.0
 24
344.0
 34
0.0
 50
90.0
100
AcDbRotatedDimension
1001
ACAD
1000
DSTYLE
1002
{
1070
340
1005
99
1002
}
  0
DIMENSION
  5
E6
330
17
100
AcDbEntity
  8
09_РАЗМЕРЫ
100
AcDbDimension
280
0
  2
*D4
  3
ГОСТ
 10
45.0
 20
344.0
 30
0.0
 11
42.25
 21
424.0
 31
0.0
 70
32
 71
5
  1
160
100
AcDbAlignedDimension
 13
60.0
 23
344.0
 33
0.0
 14
60.0
 24
504.0
 34
0.0
 50
90.0
100
AcDbRotatedDimension
1001
ACAD
1000
DSTYLE
1002
{
1070
340
1005
99
1002
}
  0
LINE
  5
F5
330
17
100
AcDbEntity
  8
09_РАЗМЕРЫ
100
AcDbLine
 10
263.28
 20
438.0
 30
0.0
 11
270.0
 21
490.0
 31
0.0
  0
TEXT
  5
F6
330
17
100
AcDbEntity
  8
08_ТЕКСТ
100
AcDbText
 10
271.0
 20
491.0
 30
0.0
 40
3.0
  1
прибыль открытая
  7
ГОСТ
 11
271.0
 21
491.0
 31
0.0
100
AcDbText
 73
1
  0
LINE
  5
F7
330
17
100
AcDbEntity
  8
09_РАЗМЕРЫ
100
AcDbLine
 10
270.0
 20
490.0
 30
0.0
 11
307.4
 21
490.0
 31
0.0
  0
LINE
  5
F8
330
17
100
AcDbEntity
  8
09_РАЗМЕРЫ
100
AcDbLine
 10
170.0
 20
346.0
 30
0.0
 11
100.0
 21
295.0
 31
0.0
  0
TEXT
  5
F9
330
17
100
AcDbEntity
  8
08_ТЕКСТ
100
AcDbText
 10
99.0
 20
296.0
 30
0.0
 40
3.0
  1
припуск 1
  7
ГОСТ
 72
2
 11
99.0
 21
296.0
 31
0.0
100
AcDbText
 73
1
  0
LINE
  5
FA
330
17
100
AcDbEntity
  8
09_РАЗМЕРЫ
100
AcDbLine
 10
100.0
 20
295.0
 30
0.0
 11
80.30000000000001
 21
295.0
 31
0.0
  0
HATCH
  5
FB
330
17
100
AcDbEntity
  8
23_ШТРИХОВКА
 62
7
100
AcDbHatch
 10
0.0
 20
0.0
 30
0.0
210
0.0
220
0.0
230
1.0
  2
ANSI31
 70
0
 71
0
 91
1
 92
3
 72
0
 73
1
 93
295
 10
545.8
 20
359.0
 10
546.2
 20
359.0
 10
546.6
 20
359.0
 10
547.0
 20
359.0
 10
547.4
 20
359.0
 10
547.8
 20
359.0
 10
548.2
 20
359.0
 10
548.6
 20
359.0
 10
549.0
 20
359.0
 10
549.4
 20
359.0
 10
549.8
 20
359.0
 10
550.2
 20
359.0
 10
550.6
 20
359.0
 10
551.0
 20
359.0
 10
551.4
 20
359.0
 10
551.8
 20
359.0
 10
552.2
 20
359.0
 10
552.6
 20
359.0
 10
553.0
 20
359.0
 10
553.4
 20
359.0
 10
553.8
 20
359.0
 10
554.2
 20
359.0
 10
554.6
 20
359.0
 10
555.0
 20
359.0
 10
555.4
 20
359.0
 10
555.8
 20
359.0
 10
556.2
 20
359.0
 10
556.6
 20
359.0
 10
557.0
 20
359.0
 10
557.4
 20
359.0
 10
557.8
 20
359.0
 10
558.2
 20
359.0
 10
558.6
 20
359.0
 10
559.0
 20
359.0
 10
559.4
 20
359.0
 10
559.8
 20
359.0
 10
560.2
 20
359.0
 10
560.6
 20
359.0
 10
561.0
 20
359.0
 10
561.4
 20
359.0
 10
561.8
 20
359.0
 10
562.2
 20
359.0
 10
562.6
 20
359.0
 10
563.0
 20
359.0
 10
563.4
 20
359.0
 10
563.8
 20
359.0
 10
564.2
 20
359.0
 10
564.6
 20
359.0
 10
565.0
 20
359.0
 10
565.4
 20
359.0
 10
565.8
 20
359.0
 10
566.2
 20
359.0
 10
566.6
 20
359.0
 10
567.0
 20
359.0
 10
567.4
 20
359.0
 10
567.8
 20
359.0
 10
568.2
 20
359.0
 10
568.6
 20
359.0
 10
569.0
 20
359.0
 10
569.4
 20
359.0
 10
569.8
 20
359.0
 10
570.2
 20
359.0
 10
570.6
 20
359.0
 10
571.0
 20
359.0
 10
571.4
 20
359.0
 10
571.8
 20
359.0
 10
572.2
 20
359.0
 10
572.6
 20
359.0
 10
573.0
 20
359.0
 10
573.4
 20
359.0
 10
573.8
 20
359.0
 10
574.2
 20
359.0
 10
574.6
 20
359.0
 10
575.0
 20
359.0
 10
575.4
 20
359.0
 10
575.8
 20
359.0
 10
576.2
 20
359.0
 10
576.6
 20
359.0
 10
577.0
 20
359.0
 10
577.4
 20
359.0
 10
577.8
 20
359.0
 10
578.2
 20
359.0
 10
578.6
 20
359.0
 10
579.0
 20
359.0
 10
579.4
 20
359.0
 10
579.8
 20
359.0
 10
580.2
 20
359.0
 10
580.6
 20
359.0
 10
581.0
 20
359.0
 10
581.4
 20
359.0
 10
581.8
 20
359.0
 10
582.2
 20
359.0
 10
582.6
 20
359.0
 10
583.0
 20
359.0
 10
583.4
 20
359.0
 10
583.8
 20
359.0
 10
584.2
 20
359.0
 10
584.6
 20
359.0
 10
585.0
 20
359.0
 10
585.4
 20
359.0
 10
585.8
 20
359.0
 10
586.2
 20
359.0
 10
586.6
 20
359.0
 10
587.0
 20
359.0
 10
587.4
 20
359.0
 10
587.8
 20
359.0
 10
588.2
 20
359.0
 10
588.6
 20
359.0
 10
589.0
 20
359.0
 10
589.4
 20
359.0
 10
589.8
 20
359.0
 10
590.2
 20
359.0
 10
590.6
 20
359.0
 10
591.0
 20
359.0
 10
591.4
 20
359.0
 10
591.8
 20
359.0
 10
592.0
 20
358.8
 10
592.0
 20
358.4
 10
592.0
 20
358.0
 10
592.0
 20
357.6
 10
592.0
 20
357.20000000000005
 10
592.0
 20
356.8
 10
592.0
 20
356.4
 10
592.0
 20
356.0
 10
592.0
 20
355.6
 10
592.0
 20
355.20000000000005
 10
592.0
 20
354.8
 10
592.0
 20
354.4
 10
592.0
 20
354.0
 10
592.0
 20
353.6
 10
592.0
 20
353.20000000000005
 10
592.0
 20
352.8
 10
592.0
 20
352.4
 10
592.0
 20
352.0
 10
592.0
 20
351.6
 10
592.0
 20
351.20000000000005
 10
592.0
 20
350.8
 10
592.0
 20
350.4
 10
592.0
 20
350.0
 10
592.0
 20
349.6
 10
592.0
 20
349.2
 10
592.0
 20
348.8
 10
592.0
 20
348.4
 10
592.0
 20
348.0
 10
592.0
 20
347.6
 10
592.0
 20
347.2
 10
591.8
 20
347.0
 10
591.4
 20
347.0
 10
591.0
 20
347.0
 10
590.6
 20
347.0
 10
590.2
 20
347.0
 10
589.8
 20
347.0
 10
589.4
 20
347.0
 10
589.0
 20
347.0
 10
588.6
 20
347.0
 10
588.2
 20
347.0
 10
587.8
 20
347.0
 10
587.4
 20
347.0
 10
587.0
 20
347.0
 10
586.6
 20
347.0
 10
586.2
 20
347.0
 10
585.8000000000001
 20
347.0
 10
585.4
 20
347.0
 10
585.0
 20
347.0
 10
584.6
 20
347.0
 10
584.2
 20
347.0
 10
583.8
 20
347.0
 10
583.4
 20
347.0
 10
583.0
 20
347.0
 10
582.6
 20
347.0
 10
582.2
 20
347.0
 10
581.8
 20
347.0
 10
581.4
 20
347.0
 10
581.0
 20
347.0
 10
580.6
 20
347.0
 10
580.2
 20
347.0
 10
579.8
 20
347.0
 10
579.4
 20
347.0
 10
579.0
 20
347.0
 10
578.6
 20
347.0
 10
578.2
 20
347.0
 10
577.8
 20
347.0
 10
577.4
 20
347.0
 10
577.0
 20
347.0
 10
576.6
 20
347.0
 10
576.2
 20
347.0
 10
575.8000000000001
 20
347.0
 10
575.4
 20
347.0
 10
575.0
 20
347.0
 10
574.6
 20
347.0
 10
574.2
 20
347.0
 10
573.8
 20
347.0
 10
573.4
 20
347.0
 10
573.0
 20
347.0
 10
572.6
 20
347.0
 10
572.2
 20
347.0
 10
571.8
 20
347.0
 10
571.4
 20
347.0
 10
571.0
 20
347.0
 10
570.6
 20
347.0
 10
570.2
 20
347.0
 10
569.8
 20
347.0
 10
569.4
 20
347.0
 10
569.0
 20
347.0
 10
568.6
 20
347.0
 10
568.2
 20
347.0
 10
567.8
 20
347.0
 10
567.4
 20
347.0
 10
567.0
 20
347.0
 10
566.6
 20
347.0
 10
566.2
 20
347.0
 10
565.8
 20
347.0
 10
565.4
 20
347.0
 10
565.0
 20
347.0
 10
564.6
 20
347.0
 10
564.2
 20
347.0
 10
563.8
 20
347.0
 10
563.4
 20
347.0
 10
563.0
 20
347.0
 10
562.6
 20
347.0
 10
562.2
 20
347.0
 10
561.8000000000001
 20
347.0
 10
561.4
 20
347.0
 10
561.0
 20
347.0
 10
560.6
 20
347.0
 10
560.2
 20
347.0
 10
559.8
 20
347.0
 10
559.4
 20
347.0
 10
559.0
 20
347.0
 10
558.6
 20
347.0
 10
558.2
 20
347.0
 10
557.8
 20
347.0
 10
557.4
 20
347.0
 10
557.0
 20
347.0
 10
556.6
 20
347.0
 10
556.2
 20
347.0
 10
555.8
 20
347.0
 10
555.4
 20
347.0
 10
555.0
 20
347.0
 10
554.6
 20
347.0
 10
554.2
 20
347.0
 10
553.8
 20
347.0
 10
553.4
 20
347.0
 10
553.0
 20
347.0
 10
552.6
 20
347.0
 10
552.2
 20
347.0
 10
551.8000000000001
 20
347.0
 10
551.4
 20
347.0
 10
551.0
 20
347.0
 10
550.6
 20
347.0
 10
550.2
 20
347.0
 10
549.8
 20
347.0
 10
549.4
 20
347.0
 10
549.0
 20
347.0
 10
548.6
 20
347.0
 10
548.2
 20
347.0
 10
547.8
 20
347.0
 10
547.4
 20
347.0
 10
547.0
 20
347.0
 10
546.6
 20
347.0
 10
546.2
 20
347.0
 10
545.8
 20
347.0
 10
545.4
 20
347.0
 10
545.0
 20
347.0
 10
545.0
 20
347.4
 10
545.0
 20
347.8
 10
545.0
 20
348.2
 10
545.0
 20
348.6
 10
545.0
 20
349.0
 10
545.0
 20
349.4
 10
545.0
 20
349.8
 10
545.0
 20
350.2
 10
545.0
 20
350.6
 10
545.0
 20
351.0
 10
545.0
 20
351.4
 10
545.0
 20
351.8
 10
545.0
 20
352.2
 10
545.0
 20
352.6
 10
545.0
 20
353.0
 10
545.0
 20
353.4
 10
545.0
 20
353.8
 10
545.0
 20
354.2
 10
545.0
 20
354.6
 10
545.0
 20
355.0
 10
545.0
 20
355.4
 10
545.0
 20
355.8
 10
545.0
 20
356.2
 10
545.0
 20
356.6
 10
545.0
 20
357.0
 10
545.0
 20
357.4
 10
545.0
 20
357.8
 10
545.0
 20
358.2
 10
545.0
 20
358.6
 10
545.0
 20
359.0
 10
545.4
 20
359.0
 97
0
 75
1
 76
1
 52
0.0
 41
0.5
 77
0
 78
1
 53
45.0
 43
0.0
 44
0.0
 45
-1.1225320152
 46
1.1225320152
 79
0
 98
0
  0
LWPOLYLINE
  5
FC
330
17
100
AcDbEntity
  8
20_ВИДИМЫЕ
100
AcDbPolyline
 90
296
 70
1
 10
545.8
 20
359.0
 10
546.2
 20
359.0
 10
546.6
 20
359.0
 10
547.0
 20
359.0
 10
547.4
 20
359.0
 10
547.8
 20
359.0
 10
548.2
 20
359.0
 10
548.6
 20
359.0
 10
549.0
 20
359.0
 10
549.4
 20
359.0
 10
549.8
 20
359.0
 10
550.2
 20
359.0
 10
550.6
 20
359.0
 10
551.0
 20
359.0
 10
551.4
 20
359.0
 10
551.8
 20
359.0
 10
552.2
 20
359.0
 10
552.6
 20
359.0
 10
553.0
 20
359.0
 10
553.4
 20
359.0
 10
553.8
 20
359.0
 10
554.2
 20
359.0
 10
554.6
 20
359.0
 10
555.0
 20
359.0
 10
555.4
 20
359.0
 10
555.8
 20
359.0
 10
556.2
 20
359.0
 10
556.6
 20
359.0
 10
557.0
 20
359.0
 10
557.4
 20
359.0
 10
557.8
 20
359.0
 10
558.2
 20
359.0
 10
558.6
 20
359.0
 10
559.0
 20
359.0
 10
559.4
 20
359.0
 10
559.8
 20
359.0
 10
560.2
 20
359.0
 10
560.6
 20
359.0
 10
561.0
 20
359.0
 10
561.4
 20
359.0
 10
561.8
 20
359.0
 10
562.2
 20
359.0
 10
562.6
 20
359.0
 10
563.0
 20
359.0
 10
563.4
 20
359.0
 10
563.8
 20
359.0
 10
564.2
 20
359.0
 10
564.6
 20
359.0
 10
565.0
 20
359.0
 10
565.4
 20
359.0
 10
565.8
 20
359.0
 10
566.2
 20
359.0
 10
566.6
 20
359.0
 10
567.0
 20
359.0
 10
567.4
 20
359.0
 10
567.8
 20
359.0
 10
568.2
 20
359.0
 10
568.6
 20
359.0
 10
569.0
 20
359.0
 10
569.4
 20
359.0
 10
569.8
 20
359.0
 10
570.2
 20
359.0
 10
570.6
 20
359.0
 10
571.0
 20
359.0
 10
571.4
 20
359.0
 10
571.8
 20
359.0
 10
572.2
 20
359.0
 10
572.6
 20
359.0
 10
573.0
 20
359.0
 10
573.4
 20
359.0
 10
573.8
 20
359.0
 10
574.2
 20
359.0
 10
574.6
 20
359.0
 10
575.0
 20
359.0
 10
575.4
 20
359.0
 10
575.8
 20
359.0
 10
576.2
 20
359.0
 10
576.6
 20
359.0
 10
577.0
 20
359.0
 10
577.4
 20
359.0
 10
577.8
 20
359.0
 10
578.2
 20
359.0
 10
578.6
 20
359.0
 10
579.0
 20
359.0
 10
579.4
 20
359.0
 10
579.8
 20
359.0
 10
580.2
 20
359.0
 10
580.6
 20
359.0
 10
581.0
 20
359.0
 10
581.4
 20
359.0
 10
581.8
 20
359.0
 10
582.2
 20
359.0
 10
582.6
 20
359.0
 10
583.0
 20
359.0
 10
583.4
 20
359.0
 10
583.8
 20
359.0
 10
584.2
 20
359.0
 10
584.6
 20
359.0
 10
585.0
 20
359.0
 10
585.4
 20
359.0
 10
585.8
 20
359.0
 10
586.2
 20
359.0
 10
586.6
 20
359.0
 10
587.0
 20
359.0
 10
587.4
 20
359.0
 10
587.8
 20
359.0
 10
588.2
 20
359.0
 10
588.6
 20
359.0
 10
589.0
 20
359.0
 10
589.4
 20
359.0
 10
589.8
 20
359.0
 10
590.2
 20
359.0
 10
590.6
 20
359.0
 10
591.0
 20
359.0
 10
591.4
 20
359.0
 10
591.8
 20
359.0
 10
592.0
 20
358.8
 10
592.0
 20
358.4
 10
592.0
 20
358.0
 10
592.0
 20
357.6
 10
592.0
 20
357.20000000000005
 10
592.0
 20
356.8
 10
592.0
 20
356.4
 10
592.0
 20
356.0
 10
592.0
 20
355.6
 10
592.0
 20
355.20000000000005
 10
592.0
 20
354.8
 10
592.0
 20
354.4
 10
592.0
 20
354.0
 10
592.0
 20
353.6
 10
592.0
 20
353.20000000000005
 10
592.0
 20
352.8
 10
592.0
 20
352.4
 10
592.0
 20
352.0
 10
592.0
 20
351.6
 10
592.0
 20
351.20000000000005
 10
592.0
 20
350.8
 10
592.0
 20
350.4
 10
592.0
 20
350.0
 10
592.0
 20
349.6
 10
592.0
 20
349.2
 10
592.0
 20
348.8
 10
592.0
 20
348.4
 10
592.0
 20
348.0
 10
592.0
 20
347.6
 10
592.0
 20
347.2
 10
591.8
 20
347.0
 10
591.4
 20
347.0
 10
591.0
 20
347.0
 10
590.6
 20
347.0
 10
590.2
 20
347.0
 10
589.8
 20
347.0
 10
589.4
 20
347.0
 10
589.0
 20
347.0
 10
588.6
 20
347.0
 10
588.2
 20
347.0
 10
587.8
 20
347.0
 10
587.4
 20
347.0
 10
587.0
 20
347.0
 10
586.6
 20
347.0
 10
586.2
 20
347.0
 10
585.8000000000001
 20
347.0
 10
585.4
 20
347.0
 10
585.0
 20
347.0
 10
584.6
 20
347.0
 10
584.2
 20
347.0
 10
583.8
 20
347.0
 10
583.4
 20
347.0
 10
583.0
 20
347.0
 10
582.6
 20
347.0
 10
582.2
 20
347.0
 10
581.8
 20
347.0
 10
581.4
 20
347.0
 10
581.0
 20
347.0
 10
580.6
 20
347.0
 10
580.2
 20
347.0
 10
579.8
 20
347.0
 10
579.4
 20
347.0
 10
579.0
 20
347.0
 10
578.6
 20
347.0
 10
578.2
 20
347.0
 10
577.8
 20
347.0
 10
577.4
 20
347.0
 10
577.0
 20
347.0
 10
576.6
 20
347.0
 10
576.2
 20
347.0
 10
575.8000000000001
 20
347.0
 10
575.4
 20
347.0
 10
575.0
 20
347.0
 10
574.6
 20
347.0
 10
574.2
 20
347.0
 10
573.8
 20
347.0
 10
573.4
 20
347.0
 10
573.0
 20
347.0
 10
572.6
 20
347.0
 10
572.2
 20
347.0
 10
571.8
 20
347.0
 10
571.4
 20
347.0
 10
571.0
 20
347.0
 10
570.6
 20
347.0
 10
570.2
 20
347.0
 10
569.8
 20
347.0
 10
569.4
 20
347.0
 10
569.0
 20
347.0
 10
568.6
 20
347.0
 10
568.2
 20
347.0
 10
567.8
 20
347.0
 10
567.4
 20
347.0
 10
567.0
 20
347.0
 10
566.6
 20
347.0
 10
566.2
 20
347.0
 10
565.8
 20
347.0
 10
565.4
 20
347.0
 10
565.0
 20
347.0
 10
564.6
 20
347.0
 10
564.2
 20
347.0
 10
563.8
 20
347.0
 10
563.4
 20
347.0
 10
563.0
 20
347.0
 10
562.6
 20
347.0
 10
562.2
 20
347.0
 10
561.8000000000001
 20
347.0
 10
561.4
 20
347.0
 10
561.0
 20
347.0
 10
560.6
 20
347.0
 10
560.2
 20
347.0
 10
559.8
 20
347.0
 10
559.4
 20
347.0
 10
559.0
 20
347.0
 10
558.6
 20
347.0
 10
558.2
 20
347.0
 10
557.8
 20
347.0
 10
557.4
 20
347.0
 10
557.0
 20
347.0
 10
556.6
 20
347.0
 10
556.2
 20
347.0
 10
555.8
 20
347.0
 10
555.4
 20
347.0
 10
555.0
 20
347.0
 10
554.6
 20
347.0
 10
554.2
 20
347.0
 10
553.8
 20
347.0
 10
553.4
 20
347.0
 10
553.0
 20
347.0
 10
552.6
 20
347.0
 10
552.2
 20
347.0
 10
551.8000000000001
 20
347.0
 10
551.4
 20
347.0
 10
551.0
 20
347.0
 10
550.6
 20
347.0
 10
550.2
 20
347.0
 10
549.8
 20
347.0
 10
549.4
 20
347.0
 10
549.0
 20
347.0
 10
548.6
 20
347.0
 10
548.2
 20
347.0
 10
547.8
 20
347.0
 10
547.4
 20
347.0
 10
547.0
 20
347.0
 10
546.6
 20
347.0
 10
546.2
 20
347.0
 10
545.8
 20
347.0
 10
545.4
 20
347.0
 10
545.0
 20
347.0
 10
545.0
 20
347.4
 10
545.0
 20
347.8
 10
545.0
 20
348.2
 10
545.0
 20
348.6
 10
545.0
 20
349.0
 10
545.0
 20
349.4
 10
545.0
 20
349.8
 10
545.0
 20
350.2
 10
545.0
 20
350.6
 10
545.0
 20
351.0
 10
545.0
 20
351.4
 10
545.0
 20
351.8
 10
545.0
 20
352.2
 10
545.0
 20
352.6
 10
545.0
 20
353.0
 10
545.0
 20
353.4
 10
545.0
 20
353.8
 10
545.0
 20
354.2
 10
545.0
 20
354.6
 10
545.0
 20
355.0
 10
545.0
 20
355.4
 10
545.0
 20
355.8
 10
545.0
 20
356.2
 10
545.0
 20
356.6
 10
545.0
 20
357.0
 10
545.0
 20
357.4
 10
545.0
 20
357.8
 10
545.0
 20
358.2
 10
545.0
 20
358.6
 10
545.0
 20
359.0
 10
545.4
 20
359.0
 10
545.8
 20
359.0
  0
HATCH
  5
FD
330
17
100
AcDbEntity
  8
23_ШТРИХОВКА
 62
7
100
AcDbHatch
 10
0.0
 20
0.0
 30
0.0
210
0.0
220
0.0
230
1.0
  2
ANSI31
 70
0
 71
0
 91
1
 92
3
 72
0
 73
1
 93
621
 10
514.1987167571559
 20
347.0
 10
513.7980751357339
 20
347.0
 10
513.3974335143118
 20
347.0
 10
512.9967918928899
 20
347.0
 10
512.5961502714678
 20
347.0
 10
512.1955086500458
 20
347.0
 10
511.79486702862374
 20
347.0
 10
511.3942254072017
 20
347.0
 10
510.99358378577966
 20
347.0
 10
510.5929421643576
 20
347.0
 10
510.19230054293564
 20
347.0
 10
509.79165892151354
 20
347.0
 10
509.39101730009156
 20
347.0
 10
508.9903756786695
 20
347.0
 10
508.5897340572475
 20
347.0
 10
508.18909243582544
 20
347.0
 10
507.7884508144034
 20
347.0
 10
507.38780919298136
 20
347.0
 10
506.9871675715593
 20
347.0
 10
506.58652595013734
 20
347.0
 10
506.18588432871525
 20
347.0
 10
505.78524270729326
 20
347.0
 10
505.3846010858712
 20
347.0
 10
504.9839594644492
 20
347.0
 10
504.58331784302715
 20
347.0
 10
504.1826762216051
 20
347.0
 10
503.7820346001831
 20
347.0
 10
503.381392978761
 20
347.0
 10
502.98075135733905
 20
347.0
 10
502.580109735917
 20
347.0
 10
502.17946811449497
 20
347.0
 10
501.7788264930729
 20
347.0
 10
501.3781848716509
 20
347.0
 10
500.97754325022885
 20
347.0
 10
500.5769016288068
 20
347.0
 10
500.1762600073848
 20
347.0
 10
499.77561838596273
 20
347.0
 10
499.37497676454075
 20
347.0
 10
498.9743351431187
 20
347.0
 10
498.57369352169667
 20
347.0
 10
498.17305190027463
 20
347.0
 10
497.7724102788526
 20
347.0
 10
497.3717686574306
 20
347.0
 10
496.9711270360085
 20
347.0
 10
496.5704854145865
 20
347.0
 10
496.1698437931645
 20
347.0
 10
495.76920217174245
 20
347.0
 10
495.3685605503204
 20
347.0
 10
494.96791892889837
 20
347.0
 10
494.56727730747633
 20
347.0
 10
494.1666356860543
 20
347.0
 10
493.7659940646323
 20
347.0
 10
493.3653524432102
 20
347.0
 10
492.96471082178823
 20
347.0
 10
492.5640692003662
 20
347.0
 10
492.16342757894415
 20
347.0
 10
491.7627859575221
 20
347.0
 10
491.3621443361001
 20
347.0
 10
490.9615027146781
 20
347.0
 10
490.560861093256
 20
347.0
 10
490.160219471834
 20
347.0
 10
489.759577850412
 20
347.0
 10
489.35893622898993
 20
347.0
 10
488.9582946075679
 20
347.0
 10
488.55765298614585
 20
347.0
 10
488.1570113647238
 20
347.0
 10
487.7563697433018
 20
347.0
 10
487.3557281218798
 20
347.0
 10
486.9550865004577
 20
347.0
 10
486.5544448790357
 20
347.0
 10
486.1538032576137
 20
347.0
 10
485.75316163619163
 20
347.0
 10
485.3525200147696
 20
347.0
 10
484.95187839334756
 20
347.0
 10
484.5512367719255
 20
347.0
 10
484.1505951505035
 20
347.0
 10
483.7499535290815
 20
347.0
 10
483.3493119076594
 20
347.0
 10
482.9486702862374
 20
347.0
 10
482.5480286648154
 20
347.0
 10
482.14738704339334
 20
347.0
 10
481.7467454219713
 20
347.0
 10
481.34610380054926
 20
347.0
 10
480.9454621791273
 20
347.0
 10
480.5448205577052
 20
347.0
 10
480.1441789362832
 20
347.0
 10
479.74353731486116
 20
347.0
 10
479.3428956934391
 20
347.0
 10
478.9422540720171
 20
347.0
 10
478.54161245059504
 20
347.0
 10
478.140970829173
 20
347.0
 10
477.74032920775096
 20
347.0
 10
477.339687586329
 20
347.0
 10
476.9390459649069
 20
347.0
 10
476.5384043434849
 20
347.0
 10
476.13776272206286
 20
347.0
 10
475.7371211006408
 20
347.0
 10
475.3364794792188
 20
347.0
 10
474.93583785779674
 20
347.0
 10
474.53519623637476
 20
347.0
 10
474.13455461495266
 20
347.0
 10
473.7339129935307
 20
347.0
 10
473.33327137210864
 20
347.0
 10
472.9326297506866
 20
347.0
 10
472.53198812926456
 20
347.0
 10
472.1313465078425
 20
347.0
 10
471.7307048864205
 20
347.0
 10
471.33006326499844
 20
347.0
 10
470.92942164357646
 20
347.0
 10
470.5287800221544
 20
347.0
 10
470.1281384007324
 20
347.0
 10
469.72749677931034
 20
347.0
 10
469.3268551578883
 20
347.0
 10
468.92621353646626
 20
347.0
 10
468.5255719150442
 20
347.0
 10
468.1249302936222
 20
347.0
 10
467.72428867220015
 20
347.0
 10
467.32364705077816
 20
347.0
 10
466.9230054293561
 20
347.0
 10
466.5223638079341
 20
347.0
 10
466.12172218651205
 20
347.0
 10
465.72108056509
 20
347.0
 10
465.32043894366797
 20
347.0
 10
464.9197973222459
 20
347.0
 10
464.51915570082394
 20
347.0
 10
464.11851407940185
 20
347.0
 10
463.71787245797987
 20
347.0
 10
463.3172308365578
 20
347.0
 10
462.9165892151358
 20
347.0
 10
462.51594759371375
 20
347.0
 10
462.1153059722917
 20
347.0
 10
462.0
 20
347.28533564913033
 10
462.0
 20
347.68597727055237
 10
462.0
 20
348.0866188919744
 10
462.0
 20
348.48726051339645
 10
462.0
 20
348.88790213481843
 10
462.0
 20
349.2885437562405
 10
462.0
 20
349.6891853776625
 10
462.0
 20
350.08982699908455
 10
462.0
 20
350.4904686205066
 10
462.0
 20
350.89111024192863
 10
462.0
 20
351.29175186335067
 10
462.0
 20
351.69239348477265
 10
462.0
 20
352.09303510619475
 10
462.0
 20
352.49367672761673
 10
462.0
 20
352.89431834903877
 10
462.0
 20
353.2949599704608
 10
462.0
 20
353.69560159188285
 10
462.0
 20
354.0962432133049
 10
462.0
 20
354.4968848347269
 10
462.0
 20
354.89752645614897
 10
462.0
 20
355.298168077571
 10
462.0
 20
355.698809698993
 10
462.0
 20
356.099451320415
 10
462.0
 20
356.50009294183707
 10
462.0
 20
356.9007345632591
 10
462.0
 20
357.30137618468115
 10
462.0
 20
357.7020178061032
 10
462.0
 20
358.10265942752517
 10
462.0
 20
358.50330104894726
 10
462.0
 20
358.90394267036925
 10
462.0
 20
359.3045842917913
 10
462.0
 20
359.7052259132133
 10
462.0
 20
360.10586753463537
 10
462.0
 20
360.5065091560574
 10
462.0
 20
360.90715077747944
 10
462.0
 20
361.3077923989015
 10
462.0
 20
361.70843402032347
 10
462.0
 20
362.10907564174556
 10
462.0
 20
362.50971726316754
 10
462.0
 20
362.9103588845896
 10
462.0
 20
363.3110005060116
 10
462.0
 20
363.71164212743366
 10
462.0
 20
364.1122837488557
 10
462.0
 20
364.51292537027774
 10
462.0
 20
364.9135669916998
 10
462.0
 20
365.31420861312176
 10
462.0
 20
365.7148502345438
 10
462.0
 20
366.11549185596584
 10
462.0
 20
366.5161334773879
 10
462.0
 20
366.9167750988099
 10
462.0
 20
367.31741672023196
 10
462.0
 20
367.718058341654
 10
462.0
 20
368.118699963076
 10
462.0
 20
368.5193415844981
 10
462.0
 20
368.91998320592006
 10
462.0
 20
369.3206248273421
 10
462.0
 20
369.72126644876414
 10
462.0
 20
370.1219080701862
 10
462.0
 20
370.5225496916082
 10
462.0
 20
370.92319131303026
 10
462.0
 20
371.3238329344523
 10
462.0
 20
371.7244745558743
 10
462.0
 20
372.1251161772964
 10
462.0
 20
372.52575779871836
 10
462.0
 20
372.9263994201404
 10
462.0
 20
373.32704104156244
 10
462.0
 20
373.7276826629845
 10
462.0
 20
374.1283242844065
 10
462.0
 20
374.52896590582856
 10
462.0
 20
374.9296075272506
 10
462.0
 20
375.3302491486726
 10
462.0
 20
375.7308907700946
 10
462.0
 20
376.13153239151666
 10
462.0
 20
376.5321740129387
 10
462.0
 20
376.93281563436074
 10
462.0
 20
377.3334572557828
 10
462.0
 20
377.7340988772048
 10
462.0
 20
378.1347404986268
 10
462.0
 20
378.5353821200489
 10
462.0
 20
378.9360237414709
 10
462.0
 20
379.3366653628929
 10
462.0
 20
379.73730698431496
 10
462.0
 20
380.137948605737
 10
462.0
 20
380.53859022715903
 10
462.0
 20
380.9392318485811
 10
462.0
 20
381.3398734700031
 10
462.0
 20
381.7405150914251
 10
462.0
 20
382.1411567128472
 10
462.0
 20
382.5417983342692
 10
462.0
 20
382.9424399556912
 10
462.0
 20
383.34308157711325
 10
462.0
 20
383.7437231985353
 10
462.0
 20
384.14436481995733
 10
462.0
 20
384.5450064413793
 10
462.0
 20
384.9456480628014
 10
462.0
 20
385.3462896842234
 10
462.0
 20
385.74693130564543
 10
462.0
 20
386.1475729270675
 10
462.0
 20
386.5482145484895
 10
462.0
 20
386.94885616991155
 10
462.0
 20
387.3494977913336
 10
462.0
 20
387.75013941275563
 10
462.0
 20
388.1507810341776
 10
462.0
 20
388.5514226555997
 10
462.0
 20
388.9520642770217
 10
462.0
 20
389.35270589844373
 10
462.0
 20
389.75334751986577
 10
462.1539891412878
 20
390.0
 10
462.55463076270985
 20
390.0
 10
462.9552723841319
 20
390.0
 10
463.3559140055539
 20
390.0
 10
463.7565556269759
 20
390.0
 10
464.15719724839795
 20
390.0
 10
464.55783886982
 20
390.0
 10
464.958480491242
 20
390.0
 10
465.35912211266407
 20
390.0
 10
465.7597637340861
 20
390.0
 10
466.16040535550815
 20
390.0
 10
466.56104697693013
 20
390.0
 10
466.9616885983522
 20
390.0
 10
467.3623302197742
 20
390.0
 10
467.76297184119625
 20
390.0
 10
468.1156921889108
 20
390.1156921889108
 10
468.3989885962439
 20
390.3989885962439
 10
468.682285003577
 20
390.682285003577
 10
468.9655814109101
 20
390.9655814109101
 10
469.24887781824316
 20
391.24887781824316
 10
469.5321742255763
 20
391.5321742255763
 10
469.81547063290935
 20
391.81547063290935
 10
470.0987670402425
 20
392.0987670402425
 10
470.38206344757555
 20
392.38206344757555
 10
470.6653598549086
 20
392.6653598549087
 10
470.94865626224174
 20
392.94865626224174
 10
471.2319526695748
 20
393.23195266957487
 10
471.51524907690793
 20
393.51524907690793
 10
471.798545484241
 20
393.798545484241
 10
472.0
 20
394.11574191303436
 10
472.0
 20
394.5163835344564
 10
472.0
 20
394.91702515587843
 10
472.3176667773005
 20
395.0
 10
472.7183083987225
 20
395.0
 10
473.11895002014455
 20
395.0
 10
473.5195916415666
 20
395.0
 10
473.9202332629886
 20
395.0
 10
474.3208748844106
 20
395.0
 10
474.72151650583265
 20
395.0
 10
475.1221581272547
 20
395.0
 10
475.52279974867673
 20
395.0
 10
475.9234413700988
 20
395.0
 10
476.3240829915208
 20
395.0
 10
476.72472461294285
 20
395.0
 10
477.12536623436483
 20
395.0
 10
477.5260078557869
 20
395.0
 10
477.9266494772089
 20
395.0
 10
478.32729109863095
 20
395.0
 10
478.727932720053
 20
395.0
 10
479.12857434147503
 20
395.0
 10
479.52921596289707
 20
395.0
 10
479.9298575843191
 20
395.0
 10
480.33049920574115
 20
395.0
 10
480.73114082716313
 20
395.0
 10
481.13178244858517
 20
395.0
 10
481.5324240700072
 20
395.0
 10
481.93306569142925
 20
395.0
 10
482.3337073128513
 20
395.0
 10
482.7343489342733
 20
395.0
 10
483.13499055569537
 20
395.0
 10
483.53563217711735
 20
395.0
 10
483.9362737985394
 20
395.0
 10
484.33691541996143
 20
395.0
 10
484.73755704138347
 20
395.0
 10
485.1381986628055
 20
395.0
 10
485.53884028422755
 20
395.0
 10
485.9394819056496
 20
395.0
 10
486.34012352707157
 20
395.0
 10
486.74076514849367
 20
395.0
 10
487.14140676991565
 20
395.0
 10
487.5420483913377
 20
395.0
 10
487.9426900127597
 20
395.0
 10
488.34333163418177
 20
395.0
 10
488.7439732556038
 20
395.0
 10
489.14461487702584
 20
395.0
 10
489.5452564984479
 20
395.0
 10
489.9458981198699
 20
395.0
 10
490.34653974129196
 20
395.0
 10
490.74718136271395
 20
395.0
 10
491.147822984136
 20
395.0
 10
491.5475336019398
 20
395.01981302057203
 10
491.9359430023301
 20
395.1152897214777
 10
492.29758698852595
 20
395.2861443087025
 10
492.61800182061467
 20
395.52554355286367
 10
492.884372694611
 20
395.8239128210764
 10
493.0860462630548
 20
396.1693190088011
 10
493.2149567094177
 20
396.54794779738677
 10
493.2659483357222
 20
396.94465614967373
 10
493.26671421780827
 20
397.3452907055362
 10
493.26671421780827
 20
397.74593232695827
 10
493.26671421780827
 20
398.14657394838025
 10
493.26671421780827
 20
398.5472155698023
 10
493.26671421780827
 20
398.94785719122433
 10
493.26671421780827
 20
399.34849881264637
 10
493.26671421780827
 20
399.7491404340684
 10
493.26671421780827
 20
400.1497820554904
 10
493.26671421780827
 20
400.55042367691243
 10
493.26671421780827
 20
400.95106529833447
 10
493.26671421780827
 20
401.3517069197565
 10
493.26671421780827
 20
401.75234854117855
 10
493.26671421780827
 20
402.1529901626006
 10
493.26671421780827
 20
402.5536317840226
 10
493.26671421780827
 20
402.9542734054446
 10
493.26671421780827
 20
403.3549150268667
 10
493.26671421780827
 20
403.7555566482887
 10
493.26671421780827
 20
404.1561982697108
 10
493.26671421780827
 20
404.55683989113277
 10
493.26671421780827
 20
404.9574815125548
 10
493.26671421780827
 20
405.35812313397685
 10
493.26671421780827
 20
405.7587647553989
 10
493.26671421780827
 20
406.1594063768209
 10
493.26671421780827
 20
406.5600479982429
 10
493.26671421780827
 20
406.960689619665
 10
493.26671421780827
 20
407.361331241087
 10
493.26671421780827
 20
407.761972862509
 10
493.26671421780827
 20
408.16261448393107
 10
493.26671421780827
 20
408.5632561053531
 10
493.26671421780827
 20
408.96389772677514
 10
493.26671421780827
 20
409.3645393481971
 10
493.26671421780827
 20
409.7651809696192
 10
493.26671421780827
 20
410.1658225910412
 10
493.26671421780827
 20
410.5664642124633
 10
493.26671421780827
 20
410.9671058338853
 10
493.26671421780827
 20
411.3677474553074
 10
493.26671421780827
 20
411.76838907672936
 10
493.26671421780827
 20
412.16903069815135
 10
493.26671421780827
 20
412.56967231957344
 10
493.26671421780827
 20
412.9703139409954
 10
493.26671421780827
 20
413.3709555624175
 10
493.26671421780827
 20
413.7715971838395
 10
493.26671421780827
 20
414.17223880526154
 10
493.26671421780827
 20
414.5728804266836
 10
493.26671421780827
 20
414.9735220481056
 10
493.26671421780827
 20
415.37416366952766
 10
493.26671421780827
 20
415.7748052909497
 10
493.26671421780827
 20
416.17544691237174
 10
493.26671421780827
 20
416.5760885337937
 10
493.26671421780827
 20
416.9767301552158
 10
493.26671421780827
 20
417.3773717766378
 10
493.26671421780827
 20
417.7780133980599
 10
493.26671421780827
 20
418.1786550194819
 10
493.26671421780827
 20
418.57929664090386
 10
493.26671421780827
 20
418.97993826232596
 10
493.26671421780827
 20
419.38057988374794
 10
493.26671421780827
 20
419.78122150517004
 10
493.44857734440035
 20
420.0
 10
493.8492189658224
 20
420.0
 10
494.24986058724437
 20
420.0
 10
494.65050220866647
 20
420.0
 10
495.05114383008845
 20
420.0
 10
495.45178545151055
 20
420.0
 10
495.8524270729325
 20
420.0
 10
496.25306869435457
 20
420.0
 10
496.6537103157766
 20
420.0
 10
497.05435193719865
 20
420.0
 10
497.4549935586207
 20
420.0
 10
497.85563518004267
 20
420.0
 10
498.2562768014647
 20
420.0
 10
498.65691842288675
 20
420.0
 10
499.0575600443088
 20
420.0
 10
499.4582016657308
 20
420.0
 10
499.85884328715287
 20
420.0
 10
500.2594849085749
 20
420.0
 10
500.6601265299969
 20
420.0
 10
501.060768151419
 20
420.0
 10
501.46140977284097
 20
420.0
 10
501.86205139426306
 20
420.0
 10
502.26269301568504
 20
420.0
 10
502.6633346371071
 20
420.0
 10
503.0639762585291
 20
420.0
 10
503.46461787995116
 20
420.0
 10
503.8652595013732
 20
420.0
 10
504.2659011227952
 20
420.0
 10
504.6665427442173
 20
420.0
 10
505.06718436563926
 20
420.0
 10
505.4678259870613
 20
420.0
 10
505.86846760848334
 20
420.0
 10
506.2691092299054
 20
420.0
 10
506.6697508513274
 20
420.0
 10
507.0703924727494
 20
420.0
 10
507.4710340941715
 20
420.0
 10
507.8716757155935
 20
420.0
 10
508.2723173370156
 20
420.0
 10
508.67295895843756
 20
420.0
 10
509.07360057985966
 20
420.0
 10
509.47424220128164
 20
420.0
 10
509.8748838227037
 20
420.0
 10
510.2755254441257
 20
420.0
 10
510.6761670655477
 20
420.0
 10
511.0768086869698
 20
420.0
 10
511.4774503083918
 20
420.0
 10
511.8780919298138
 20
420.0
 10
512.2787335512359
 20
420.0
 10
512.679375172658
 20
420.0
 10
513.0800167940799
 20
420.0
 10
513.4806584155019
 20
420.0
 10
513.881300036924
 20
420.0
 10
514.281941658346
 20
420.0
 10
514.6825832797681
 20
420.0
 10
515.0
 20
419.9167750988099
 10
515.0
 20
419.5161334773878
 10
515.0
 20
419.11549185596584
 10
515.0
 20
418.7148502345438
 10
515.0
 20
418.31420861312176
 10
515.0
 20
417.9135669916998
 10
515.0
 20
417.5129253702777
 10
515.0
 20
417.1122837488557
 10
515.0
 20
416.71164212743366
 10
515.0
 20
416.3110005060116
 10
515.0
 20
415.9103588845896
 10
515.0
 20
415.50971726316754
 10
515.0
 20
415.1090756417455
 10
515.0
 20
414.70843402032347
 10
515.0
 20
414.3077923989015
 10
515.0
 20
413.9071507774794
 10
515.0
 20
413.5065091560574
 10
515.0
 20
413.1058675346353
 10
515.0
 20
412.7052259132133
 10
515.0
 20
412.30458429179134
 10
515.0
 20
411.90394267036925
 10
515.0
 20
411.50330104894726
 10
515.0
 20
411.10265942752517
 10
515.0
 20
410.7020178061032
 10
515.0
 20
410.3013761846811
 10
515.0
 20
409.9007345632591
 10
515.0
 20
409.50009294183707
 10
515.0
 20
409.099451320415
 10
515.0
 20
408.698809698993
 10
515.0
 20
408.29816807757095
 10
515.0
 20
407.89752645614897
 10
515.0
 20
407.49688483472687
 10
515.0
 20
407.0962432133049
 10
515.0
 20
406.6956015918828
 10
515.0
 20
406.2949599704608
 10
515.0
 20
405.89431834903877
 10
515.0
 20
405.49367672761673
 10
515.0
 20
405.09303510619475
 10
515.0
 20
404.69239348477265
 10
515.0
 20
404.29175186335067
 10
515.0
 20
403.8911102419286
 10
515.0
 20
403.4904686205066
 10
515.0
 20
403.08982699908455
 10
515.0
 20
402.6891853776625
 10
515.0
 20
402.2885437562405
 10
515.0
 20
401.88790213481843
 10
515.0
 20
401.4872605133964
 10
515.0
 20
401.08661889197435
 10
515.0
 20
400.68597727055237
 10
515.0
 20
400.2853356491303
 10
515.0
 20
399.8846940277083
 10
515.0
 20
399.48405240628625
 10
515.0
 20
399.0834107848642
 10
515.0
 20
398.68276916344223
 10
515.0
 20
398.28212754202013
 10
515.0
 20
397.88148592059815
 10
515.0
 20
397.48084429917606
 10
515.0
 20
397.0802026777541
 10
515.0
 20
396.67956105633203
 10
515.0
 20
396.27891943491
 10
515.0
 20
395.87827781348795
 10
515.0
 20
395.4776361920659
 10
515.0
 20
395.0769945706439
 10
515.0
 20
394.67635294922184
 10
515.0
 20
394.27571132779985
 10
515.0
 20
393.87506970637776
 10
515.0
 20
393.4744280849558
 10
515.0
 20
393.07378646353374
 10
515.0
 20
392.6731448421117
 10
515.0
 20
392.2725032206897
 10
515.0
 20
391.8718615992676
 10
515.0
 20
391.47121997784564
 10
515.0
 20
391.07057835642354
 10
515.0
 20
390.66993673500156
 10
515.0
 20
390.2692951135795
 10
515.0
 20
389.8686534921575
 10
515.0
 20
389.46801187073544
 10
515.0
 20
389.0673702493134
 10
515.0
 20
388.66672862789136
 10
515.0
 20
388.2660870064693
 10
515.0
 20
387.86544538504734
 10
515.0
 20
387.46480376362524
 10
515.0
 20
387.06416214220326
 10
515.0
 20
386.6635205207812
 10
515.0
 20
386.2628788993592
 10
515.0
 20
385.86223727793714
 10
515.0
 20
385.4615956565151
 10
515.0
 20
385.0609540350931
 10
515.0
 20
384.660312413671
 10
515.0
 20
384.25967079224904
 10
515.0
 20
383.85902917082694
 10
515.0
 20
383.45838754940496
 10
515.0
 20
383.0577459279829
 10
515.0
 20
382.6571043065609
 10
515.0
 20
382.25646268513884
 10
515.0
 20
381.8558210637168
 10
515.0
 20
381.4551794422948
 10
515.0
 20
381.0545378208728
 10
515.0
 20
380.65389619945074
 10
515.0
 20
380.2532545780287
 10
515.0
 20
379.85261295660666
 10
515.0
 20
379.4519713351846
 10
515.0
 20
379.0513297137626
 10
515.0
 20
378.6506880923406
 10
515.0
 20
378.2500464709185
 10
515.0
 20
377.8494048494965
 10
515.0
 20
377.4487632280744
 10
515.0
 20
377.04812160665244
 10
515.0
 20
376.6474799852304
 10
515.0
 20
376.24683836380837
 10
515.0
 20
375.8461967423863
 10
515.0
 20
375.4455551209643
 10
515.0
 20
375.04491349954225
 10
515.0
 20
374.64427187812026
 10
515.0
 20
374.2436302566982
 10
515.0
 20
373.8429886352762
 10
515.0
 20
373.44234701385415
 10
515.0
 20
373.0417053924321
 10
515.0
 20
372.64106377101007
 10
515.0
 20
372.2404221495881
 10
515.0
 20
371.839780528166
 10
515.0
 20
371.439138906744
 10
515.0
 20
371.0384972853219
 10
515.0
 20
370.6378556638999
 10
515.0
 20
370.2372140424779
 10
515.0
 20
369.83657242105585
 10
515.0
 20
369.4359307996338
 10
515.0
 20
369.03528917821177
 10
515.0
 20
368.6346475567898
 10
515.0
 20
368.2340059353677
 10
515.0
 20
367.8333643139457
 10
515.0
 20
367.43272269252367
 10
515.0
 20
367.03208107110163
 10
515.0
 20
366.6314394496796
 10
515.0
 20
366.23079782825755
 10
515.0
 20
365.83015620683557
 10
515.0
 20
365.4295145854135
 10
515.0
 20
365.0288729639915
 10
515.0
 20
364.6282313425694
 10
515.0
 20
364.2275897211474
 10
515.0
 20
363.8269480997253
 10
515.0
 20
363.42630647830333
 10
515.0
 20
363.0256648568813
 10
515.0
 20
362.62502323545925
 10
515.0
 20
362.22438161403727
 10
515.0
 20
361.8237399926152
 10
515.0
 20
361.4230983711932
 10
515.0
 20
361.02245674977115
 10
515.0
 20
360.6218151283491
 10
515.0
 20
360.2211735069271
 10
515.0
 20
359.82053188550503
 10
515.0
 20
359.419890264083
 10
515.0
 20
359.01924864266095
 10
515.0
 20
358.618607021239
 10
515.0
 20
358.2179653998169
 10
515.0
 20
357.8173237783949
 10
515.0
 20
357.4166821569728
 10
515.0
 20
357.0160405355508
 10
515.0
 20
356.6153989141288
 10
515.0
 20
356.21475729270674
 10
515.0
 20
355.81411567128475
 10
515.0
 20
355.41347404986266
 10
515.0
 20
355.0128324284407
 10
515.0
 20
354.61219080701864
 10
515.0
 20
354.2115491855966
 10
515.0
 20
353.81090756417456
 10
515.0
 20
353.4102659427525
 10
515.0
 20
353.0096243213305
 10
515.0
 20
352.60898269990844
 10
515.0
 20
352.20834107848646
 10
515.0
 20
351.80769945706436
 10
515.0
 20
351.4070578356424
 10
515.0
 20
351.0064162142203
 10
515.0
 20
350.6057745927983
 10
515.0
 20
350.20513297137626
 10
515.0
 20
349.8044913499542
 10
515.0
 20
349.40384972853224
 10
515.0
 20
349.00320810711014
 10
515.0
 20
348.60256648568816
 10
515.0
 20
348.20192486426606
 10
515.0
 20
347.8012832428441
 10
515.0
 20
347.40064162142204
 10
515.0
 20
347.0
 10
514.599358378578
 20
347.0
 97
0
 75
1
 76
1
 52
0.0
 41
0.5
 77
0
 78
1
 53
45.0
 43
0.0
 44
0.0
 45
-1.1225320152
 46
1.1225320152
 79
0
 98
0
  0
LWPOLYLINE
  5
FE
330
17
100
AcDbEntity
  8
20_ВИДИМЫЕ
100
AcDbPolyline
 90
622
 70
1
 10
514.1987167571559
 20
347.0
 10
513.7980751357339
 20
347.0
 10
513.3974335143118
 20
347.0
 10
512.9967918928899
 20
347.0
 10
512.5961502714678
 20
347.0
 10
512.1955086500458
 20
347.0
 10
511.79486702862374
 20
347.0
 10
511.3942254072017
 20
347.0
 10
510.99358378577966
 20
347.0
 10
510.5929421643576
 20
347.0
 10
510.19230054293564
 20
347.0
 10
509.79165892151354
 20
347.0
 10
509.39101730009156
 20
347.0
 10
508.9903756786695
 20
347.0
 10
508.5897340572475
 20
347.0
 10
508.18909243582544
 20
347.0
 10
507.7884508144034
 20
347.0
 10
507.38780919298136
 20
347.0
 10
506.9871675715593
 20
347.0
 10
506.58652595013734
 20
347.0
 10
506.18588432871525
 20
347.0
 10
505.78524270729326
 20
347.0
 10
505.3846010858712
 20
347.0
 10
504.9839594644492
 20
347.0
 10
504.58331784302715
 20
347.0
 10
504.1826762216051
 20
347.0
 10
503.7820346001831
 20
347.0
 10
503.381392978761
 20
347.0
 10
502.98075135733905
 20
347.0
 10
502.580109735917
 20
347.0
 10
502.17946811449497
 20
347.0
 10
501.7788264930729
 20
347.0
 10
501.3781848716509
 20
347.0
 10
500.97754325022885
 20
347.0
 10
500.5769016288068
 20
347.0
 10
500.1762600073848
 20
347.0
 10
499.77561838596273
 20
347.0
 10
499.37497676454075
 20
347.0
 10
498.9743351431187
 20
347.0
 10
498.57369352169667
 20
347.0
 10
498.17305190027463
 20
347.0
 10
497.7724102788526
 20
347.0
 10
497.3717686574306
 20
347.0
 10
496.9711270360085
 20
347.0
 10
496.5704854145865
 20
347.0
 10
496.1698437931645
 20
347.0
 10
495.76920217174245
 20
347.0
 10
495.3685605503204
 20
347.0
 10
494.96791892889837
 20
347.0
 10
494.56727730747633
 20
347.0
 10
494.1666356860543
 20
347.0
 10
493.7659940646323
 20
347.0
 10
493.3653524432102
 20
347.0
 10
492.96471082178823
 20
347.0
 10
492.5640692003662
 20
347.0
 10
492.16342757894415
 20
347.0
 10
491.7627859575221
 20
347.0
 10
491.3621443361001
 20
347.0
 10
490.9615027146781
 20
347.0
 10
490.560861093256
 20
347.0
 10
490.160219471834
 20
347.0
 10
489.759577850412
 20
347.0
 10
489.35893622898993
 20
347.0
 10
488.9582946075679
 20
347.0
 10
488.55765298614585
 20
347.0
 10
488.1570113647238
 20
347.0
 10
487.7563697433018
 20
347.0
 10
487.3557281218798
 20
347.0
 10
486.9550865004577
 20
347.0
 10
486.5544448790357
 20
347.0
 10
486.1538032576137
 20
347.0
 10
485.75316163619163
 20
347.0
 10
485.3525200147696
 20
347.0
 10
484.95187839334756
 20
347.0
 10
484.5512367719255
 20
347.0
 10
484.1505951505035
 20
347.0
 10
483.7499535290815
 20
347.0
 10
483.3493119076594
 20
347.0
 10
482.9486702862374
 20
347.0
 10
482.5480286648154
 20
347.0
 10
482.14738704339334
 20
347.0
 10
481.7467454219713
 20
347.0
 10
481.34610380054926
 20
347.0
 10
480.9454621791273
 20
347.0
 10
480.5448205577052
 20
347.0
 10
480.1441789362832
 20
347.0
 10
479.74353731486116
 20
347.0
 10
479.3428956934391
 20
347.0
 10
478.9422540720171
 20
347.0
 10
478.54161245059504
 20
347.0
 10
478.140970829173
 20
347.0
 10
477.74032920775096
 20
347.0
 10
477.339687586329
 20
347.0
 10
476.9390459649069
 20
347.0
 10
476.5384043434849
 20
347.0
 10
476.13776272206286
 20
347.0
 10
475.7371211006408
 20
347.0
 10
475.3364794792188
 20
347.0
 10
474.93583785779674
 20
347.0
 10
474.53519623637476
 20
347.0
 10
474.13455461495266
 20
347.0
 10
473.7339129935307
 20
347.0
 10
473.33327137210864
 20
347.0
 10
472.9326297506866
 20
347.0
 10
472.53198812926456
 20
347.0
 10
472.1313465078425
 20
347.0
 10
471.7307048864205
 20
347.0
 10
471.33006326499844
 20
347.0
 10
470.92942164357646
 20
347.0
 10
470.5287800221544
 20
347.0
 10
470.1281384007324
 20
347.0
 10
469.72749677931034
 20
347.0
 10
469.3268551578883
 20
347.0
 10
468.92621353646626
 20
347.0
 10
468.5255719150442
 20
347.0
 10
468.1249302936222
 20
347.0
 10
467.72428867220015
 20
347.0
 10
467.32364705077816
 20
347.0
 10
466.9230054293561
 20
347.0
 10
466.5223638079341
 20
347.0
 10
466.12172218651205
 20
347.0
 10
465.72108056509
 20
347.0
 10
465.32043894366797
 20
347.0
 10
464.9197973222459
 20
347.0
 10
464.51915570082394
 20
347.0
 10
464.11851407940185
 20
347.0
 10
463.71787245797987
 20
347.0
 10
463.3172308365578
 20
347.0
 10
462.9165892151358
 20
347.0
 10
462.51594759371375
 20
347.0
 10
462.1153059722917
 20
347.0
 10
462.0
 20
347.28533564913033
 10
462.0
 20
347.68597727055237
 10
462.0
 20
348.0866188919744
 10
462.0
 20
348.48726051339645
 10
462.0
 20
348.88790213481843
 10
462.0
 20
349.2885437562405
 10
462.0
 20
349.6891853776625
 10
462.0
 20
350.08982699908455
 10
462.0
 20
350.4904686205066
 10
462.0
 20
350.89111024192863
 10
462.0
 20
351.29175186335067
 10
462.0
 20
351.69239348477265
 10
462.0
 20
352.09303510619475
 10
462.0
 20
352.49367672761673
 10
462.0
 20
352.89431834903877
 10
462.0
 20
353.2949599704608
 10
462.0
 20
353.69560159188285
 10
462.0
 20
354.0962432133049
 10
462.0
 20
354.4968848347269
 10
462.0
 20
354.89752645614897
 10
462.0
 20
355.298168077571
 10
462.0
 20
355.698809698993
 10
462.0
 20
356.099451320415
 10
462.0
 20
356.50009294183707
 10
462.0
 20
356.9007345632591
 10
462.0
 20
357.30137618468115
 10
462.0
 20
357.7020178061032
 10
462.0
 20
358.10265942752517
 10
462.0
 20
358.50330104894726
 10
462.0
 20
358.90394267036925
 10
462.0
 20
359.3045842917913
 10
462.0
 20
359.7052259132133
 10
462.0
 20
360.10586753463537
 10
462.0
 20
360.5065091560574
 10
462.0
 20
360.90715077747944
 10
462.0
 20
361.3077923989015
 10
462.0
 20
361.70843402032347
 10
462.0
 20
362.10907564174556
 10
462.0
 20
362.50971726316754
 10
462.0
 20
362.9103588845896
 10
462.0
 20
363.3110005060116
 10
462.0
 20
363.71164212743366
 10
462.0
 20
364.1122837488557
 10
462.0
 20
364.51292537027774
 10
462.0
 20
364.9135669916998
 10
462.0
 20
365.31420861312176
 10
462.0
 20
365.7148502345438
 10
462.0
 20
366.11549185596584
 10
462.0
 20
366.5161334773879
 10
462.0
 20
366.9167750988099
 10
462.0
 20
367.31741672023196
 10
462.0
 20
367.718058341654
 10
462.0
 20
368.118699963076
 10
462.0
 20
368.5193415844981
 10
462.0
 20
368.91998320592006
 10
462.0
 20
369.3206248273421
 10
462.0
 20
369.72126644876414
 10
462.0
 20
370.1219080701862
 10
462.0
 20
370.5225496916082
 10
462.0
 20
370.92319131303026
 10
462.0
 20
371.3238329344523
 10
462.0
 20
371.7244745558743
 10
462.0
 20
372.1251161772964
 10
462.0
 20
372.52575779871836
 10
462.0
 20
372.9263994201404
 10
462.0
 20
373.32704104156244
 10
462.0
 20
373.7276826629845
 10
462.0
 20
374.1283242844065
 10
462.0
 20
374.52896590582856
 10
462.0
 20
374.9296075272506
 10
462.0
 20
375.3302491486726
 10
462.0
 20
375.7308907700946
 10
462.0
 20
376.13153239151666
 10
462.0
 20
376.5321740129387
 10
462.0
 20
376.93281563436074
 10
462.0
 20
377.3334572557828
 10
462.0
 20
377.7340988772048
 10
462.0
 20
378.1347404986268
 10
462.0
 20
378.5353821200489
 10
462.0
 20
378.9360237414709
 10
462.0
 20
379.3366653628929
 10
462.0
 20
379.73730698431496
 10
462.0
 20
380.137948605737
 10
462.0
 20
380.53859022715903
 10
462.0
 20
380.9392318485811
 10
462.0
 20
381.3398734700031
 10
462.0
 20
381.7405150914251
 10
462.0
 20
382.1411567128472
 10
462.0
 20
382.5417983342692
 10
462.0
 20
382.9424399556912
 10
462.0
 20
383.34308157711325
 10
462.0
 20
383.7437231985353
 10
462.0
 20
384.14436481995733
 10
462.0
 20
384.5450064413793
 10
462.0
 20
384.9456480628014
 10
462.0
 20
385.3462896842234
 10
462.0
 20
385.74693130564543
 10
462.0
 20
386.1475729270675
 10
462.0
 20
386.5482145484895
 10
462.0
 20
386.94885616991155
 10
462.0
 20
387.3494977913336
 10
462.0
 20
387.75013941275563
 10
462.0
 20
388.1507810341776
 10
462.0
 20
388.5514226555997
 10
462.0
 20
388.9520642770217
 10
462.0
 20
389.35270589844373
 10
462.0
 20
389.75334751986577
 10
462.1539891412878
 20
390.0
 10
462.55463076270985
 20
390.0
 10
462.9552723841319
 20
390.0
 10
463.3559140055539
 20
390.0
 10
463.7565556269759
 20
390.0
 10
464.15719724839795
 20
390.0
 10
464.55783886982
 20
390.0
 10
464.958480491242
 20
390.0
 10
465.35912211266407
 20
390.0
 10
465.7597637340861
 20
390.0
 10
466.16040535550815
 20
390.0
 10
466.56104697693013
 20
390.0
 10
466.9616885983522
 20
390.0
 10
467.3623302197742
 20
390.0
 10
467.76297184119625
 20
390.0
 10
468.1156921889108
 20
390.1156921889108
 10
468.3989885962439
 20
390.3989885962439
 10
468.682285003577
 20
390.682285003577
 10
468.9655814109101
 20
390.9655814109101
 10
469.24887781824316
 20
391.24887781824316
 10
469.5321742255763
 20
391.5321742255763
 10
469.81547063290935
 20
391.81547063290935
 10
470.0987670402425
 20
392.0987670402425
 10
470.38206344757555
 20
392.38206344757555
 10
470.6653598549086
 20
392.6653598549087
 10
470.94865626224174
 20
392.94865626224174
 10
471.2319526695748
 20
393.23195266957487
 10
471.51524907690793
 20
393.51524907690793
 10
471.798545484241
 20
393.798545484241
 10
472.0
 20
394.11574191303436
 10
472.0
 20
394.5163835344564
 10
472.0
 20
394.91702515587843
 10
472.3176667773005
 20
395.0
 10
472.7183083987225
 20
395.0
 10
473.11895002014455
 20
395.0
 10
473.5195916415666
 20
395.0
 10
473.9202332629886
 20
395.0
 10
474.3208748844106
 20
395.0
 10
474.72151650583265
 20
395.0
 10
475.1221581272547
 20
395.0
 10
475.52279974867673
 20
395.0
 10
475.9234413700988
 20
395.0
 10
476.3240829915208
 20
395.0
 10
476.72472461294285
 20
395.0
 10
477.12536623436483
 20
395.0
 10
477.5260078557869
 20
395.0
 10
477.9266494772089
 20
395.0
 10
478.32729109863095
 20
395.0
 10
478.727932720053
 20
395.0
 10
479.12857434147503
 20
395.0
 10
479.52921596289707
 20
395.0
 10
479.9298575843191
 20
395.0
 10
480.33049920574115
 20
395.0
 10
480.73114082716313
 20
395.0
 10
481.13178244858517
 20
395.0
 10
481.5324240700072
 20
395.0
 10
481.93306569142925
 20
395.0
 10
482.3337073128513
 20
395.0
 10
482.7343489342733
 20
395.0
 10
483.13499055569537
 20
395.0
 10
483.53563217711735
 20
395.0
 10
483.9362737985394
 20
395.0
 10
484.33691541996143
 20
395.0
 10
484.73755704138347
 20
395.0
 10
485.1381986628055
 20
395.0
 10
485.53884028422755
 20
395.0
 10
485.9394819056496
 20
395.0
 10
486.34012352707157
 20
395.0
 10
486.74076514849367
 20
395.0
 10
487.14140676991565
 20
395.0
 10
487.5420483913377
 20
395.0
 10
487.9426900127597
 20
395.0
 10
488.34333163418177
 20
395.0
 10
488.7439732556038
 20
395.0
 10
489.14461487702584
 20
395.0
 10
489.5452564984479
 20
395.0
 10
489.9458981198699
 20
395.0
 10
490.34653974129196
 20
395.0
 10
490.74718136271395
 20
395.0
 10
491.147822984136
 20
395.0
 10
491.5475336019398
 20
395.01981302057203
 10
491.9359430023301
 20
395.1152897214777
 10
492.29758698852595
 20
395.2861443087025
 10
492.61800182061467
 20
395.52554355286367
 10
492.884372694611
 20
395.8239128210764
 10
493.0860462630548
 20
396.1693190088011
 10
493.2149567094177
 20
396.54794779738677
 10
493.2659483357222
 20
396.94465614967373
 10
493.26671421780827
 20
397.3452907055362
 10
493.26671421780827
 20
397.74593232695827
 10
493.26671421780827
 20
398.14657394838025
 10
493.26671421780827
 20
398.5472155698023
 10
493.26671421780827
 20
398.94785719122433
 10
493.26671421780827
 20
399.34849881264637
 10
493.26671421780827
 20
399.7491404340684
 10
493.26671421780827
 20
400.1497820554904
 10
493.26671421780827
 20
400.55042367691243
 10
493.26671421780827
 20
400.95106529833447
 10
493.26671421780827
 20
401.3517069197565
 10
493.26671421780827
 20
401.75234854117855
 10
493.26671421780827
 20
402.1529901626006
 10
493.26671421780827
 20
402.5536317840226
 10
493.26671421780827
 20
402.9542734054446
 10
493.26671421780827
 20
403.3549150268667
 10
493.26671421780827
 20
403.7555566482887
 10
493.26671421780827
 20
404.1561982697108
 10
493.26671421780827
 20
404.55683989113277
 10
493.26671421780827
 20
404.9574815125548
 10
493.26671421780827
 20
405.35812313397685
 10
493.26671421780827
 20
405.7587647553989
 10
493.26671421780827
 20
406.1594063768209
 10
493.26671421780827
 20
406.5600479982429
 10
493.26671421780827
 20
406.960689619665
 10
493.26671421780827
 20
407.361331241087
 10
493.26671421780827
 20
407.761972862509
 10
493.26671421780827
 20
408.16261448393107
 10
493.26671421780827
 20
408.5632561053531
 10
493.26671421780827
 20
408.96389772677514
 10
493.26671421780827
 20
409.3645393481971
 10
493.26671421780827
 20
409.7651809696192
 10
493.26671421780827
 20
410.1658225910412
 10
493.26671421780827
 20
410.5664642124633
 10
493.26671421780827
 20
410.9671058338853
 10
493.26671421780827
 20
411.3677474553074
 10
493.26671421780827
 20
411.76838907672936
 10
493.26671421780827
 20
412.16903069815135
 10
493.26671421780827
 20
412.56967231957344
 10
493.26671421780827
 20
412.9703139409954
 10
493.26671421780827
 20
413.3709555624175
 10
493.26671421780827
 20
413.7715971838395
 10
493.26671421780827
 20
414.17223880526154
 10
493.26671421780827
 20
414.5728804266836
 10
493.26671421780827
 20
414.9735220481056
 10
493.26671421780827
 20
415.37416366952766
 10
493.26671421780827
 20
415.7748052909497
 10
493.26671421780827
 20
416.17544691237174
 10
493.26671421780827
 20
416.5760885337937
 10
493.26671421780827
 20
416.9767301552158
 10
493.26671421780827
 20
417.3773717766378
 10
493.26671421780827
 20
417.7780133980599
 10
493.26671421780827
 20
418.1786550194819
 10
493.26671421780827
 20
418.57929664090386
 10
493.26671421780827
 20
418.97993826232596
 10
493.26671421780827
 20
419.38057988374794
 10
493.26671421780827
 20
419.78122150517004
 10
493.44857734440035
 20
420.0
 10
493.8492189658224
 20
420.0
 10
494.24986058724437
 20
420.0
 10
494.65050220866647
 20
420.0
 10
495.05114383008845
 20
420.0
 10
495.45178545151055
 20
420.0
 10
495.8524270729325
 20
420.0
 10
496.25306869435457
 20
420.0
 10
496.6537103157766
 20
420.0
 10
497.05435193719865
 20
420.0
 10
497.4549935586207
 20
420.0
 10
497.85563518004267
 20
420.0
 10
498.2562768014647
 20
420.0
 10
498.65691842288675
 20
420.0
 10
499.0575600443088
 20
420.0
 10
499.4582016657308
 20
420.0
 10
499.85884328715287
 20
420.0
 10
500.2594849085749
 20
420.0
 10
500.6601265299969
 20
420.0
 10
501.060768151419
 20
420.0
 10
501.46140977284097
 20
420.0
 10
501.86205139426306
 20
420.0
 10
502.26269301568504
 20
420.0
 10
502.6633346371071
 20
420.0
 10
503.0639762585291
 20
420.0
 10
503.46461787995116
 20
420.0
 10
503.8652595013732
 20
420.0
 10
504.2659011227952
 20
420.0
 10
504.6665427442173
 20
420.0
 10
505.06718436563926
 20
420.0
 10
505.4678259870613
 20
420.0
 10
505.86846760848334
 20
420.0
 10
506.2691092299054
 20
420.0
 10
506.6697508513274
 20
420.0
 10
507.0703924727494
 20
420.0
 10
507.4710340941715
 20
420.0
 10
507.8716757155935
 20
420.0
 10
508.2723173370156
 20
420.0
 10
508.67295895843756
 20
420.0
 10
509.07360057985966
 20
420.0
 10
509.47424220128164
 20
420.0
 10
509.8748838227037
 20
420.0
 10
510.2755254441257
 20
420.0
 10
510.6761670655477
 20
420.0
 10
511.0768086869698
 20
420.0
 10
511.4774503083918
 20
420.0
 10
511.8780919298138
 20
420.0
 10
512.2787335512359
 20
420.0
 10
512.679375172658
 20
420.0
 10
513.0800167940799
 20
420.0
 10
513.4806584155019
 20
420.0
 10
513.881300036924
 20
420.0
 10
514.281941658346
 20
420.0
 10
514.6825832797681
 20
420.0
 10
515.0
 20
419.9167750988099
 10
515.0
 20
419.5161334773878
 10
515.0
 20
419.11549185596584
 10
515.0
 20
418.7148502345438
 10
515.0
 20
418.31420861312176
 10
515.0
 20
417.9135669916998
 10
515.0
 20
417.5129253702777
 10
515.0
 20
417.1122837488557
 10
515.0
 20
416.71164212743366
 10
515.0
 20
416.3110005060116
 10
515.0
 20
415.9103588845896
 10
515.0
 20
415.50971726316754
 10
515.0
 20
415.1090756417455
 10
515.0
 20
414.70843402032347
 10
515.0
 20
414.3077923989015
 10
515.0
 20
413.9071507774794
 10
515.0
 20
413.5065091560574
 10
515.0
 20
413.1058675346353
 10
515.0
 20
412.7052259132133
 10
515.0
 20
412.30458429179134
 10
515.0
 20
411.90394267036925
 10
515.0
 20
411.50330104894726
 10
515.0
 20
411.10265942752517
 10
515.0
 20
410.7020178061032
 10
515.0
 20
410.3013761846811
 10
515.0
 20
409.9007345632591
 10
515.0
 20
409.50009294183707
 10
515.0
 20
409.099451320415
 10
515.0
 20
408.698809698993
 10
515.0
 20
408.29816807757095
 10
515.0
 20
407.89752645614897
 10
515.0
 20
407.49688483472687
 10
515.0
 20
407.0962432133049
 10
515.0
 20
406.6956015918828
 10
515.0
 20
406.2949599704608
 10
515.0
 20
405.89431834903877
 10
515.0
 20
405.49367672761673
 10
515.0
 20
405.09303510619475
 10
515.0
 20
404.69239348477265
 10
515.0
 20
404.29175186335067
 10
515.0
 20
403.8911102419286
 10
515.0
 20
403.4904686205066
 10
515.0
 20
403.08982699908455
 10
515.0
 20
402.6891853776625
 10
515.0
 20
402.2885437562405
 10
515.0
 20
401.88790213481843
 10
515.0
 20
401.4872605133964
 10
515.0
 20
401.08661889197435
 10
515.0
 20
400.68597727055237
 10
515.0
 20
400.2853356491303
 10
515.0
 20
399.8846940277083
 10
515.0
 20
399.48405240628625
 10
515.0
 20
399.0834107848642
 10
515.0
 20
398.68276916344223
 10
515.0
 20
398.28212754202013
 10
515.0
 20
397.88148592059815
 10
515.0
 20
397.48084429917606
 10
515.0
 20
397.0802026777541
 10
515.0
 20
396.67956105633203
 10
515.0
 20
396.27891943491
 10
515.0
 20
395.87827781348795
 10
515.0
 20
395.4776361920659
 10
515.0
 20
395.0769945706439
 10
515.0
 20
394.67635294922184
 10
515.0
 20
394.27571132779985
 10
515.0
 20
393.87506970637776
 10
515.0
 20
393.4744280849558
 10
515.0
 20
393.07378646353374
 10
515.0
 20
392.6731448421117
 10
515.0
 20
392.2725032206897
 10
515.0
 20
391.8718615992676
 10
515.0
 20
391.47121997784564
 10
515.0
 20
391.07057835642354
 10
515.0
 20
390.66993673500156
 10
515.0
 20
390.2692951135795
 10
515.0
 20
389.8686534921575
 10
515.0
 20
389.46801187073544
 10
515.0
 20
389.0673702493134
 10
515.0
 20
388.66672862789136
 10
515.0
 20
388.2660870064693
 10
515.0
 20
387.86544538504734
 10
515.0
 20
387.46480376362524
 10
515.0
 20
387.06416214220326
 10
515.0
 20
386.6635205207812
 10
515.0
 20
386.2628788993592
 10
515.0
 20
385.86223727793714
 10
515.0
 20
385.4615956565151
 10
515.0
 20
385.0609540350931
 10
515.0
 20
384.660312413671
 10
515.0
 20
384.25967079224904
 10
515.0
 20
383.85902917082694
 10
515.0
 20
383.45838754940496
 10
515.0
 20
383.0577459279829
 10
515.0
 20
382.6571043065609
 10
515.0
 20
382.25646268513884
 10
515.0
 20
381.8558210637168
 10
515.0
 20
381.4551794422948
 10
515.0
 20
381.0545378208728
 10
515.0
 20
380.65389619945074
 10
515.0
 20
380.2532545780287
 10
515.0
 20
379.85261295660666
 10
515.0
 20
379.4519713351846
 10
515.0
 20
379.0513297137626
 10
515.0
 20
378.6506880923406
 10
515.0
 20
378.2500464709185
 10
515.0
 20
377.8494048494965
 10
515.0
 20
377.4487632280744
 10
515.0
 20
377.04812160665244
 10
515.0
 20
376.6474799852304
 10
515.0
 20
376.24683836380837
 10
515.0
 20
375.8461967423863
 10
515.0
 20
375.4455551209643
 10
515.0
 20
375.04491349954225
 10
515.0
 20
374.64427187812026
 10
515.0
 20
374.2436302566982
 10
515.0
 20
373.8429886352762
 10
515.0
 20
373.44234701385415
 10
515.0
 20
373.0417053924321
 10
515.0
 20
372.64106377101007
 10
515.0
 20
372.2404221495881
 10
515.0
 20
371.839780528166
 10
515.0
 20
371.439138906744
 10
515.0
 20
371.0384972853219
 10
515.0
 20
370.6378556638999
 10
515.0
 20
370.2372140424779
 10
515.0
 20
369.83657242105585
 10
515.0
 20
369.4359307996338
 10
515.0
 20
369.03528917821177
 10
515.0
 20
368.6346475567898
 10
515.0
 20
368.2340059353677
 10
515.0
 20
367.8333643139457
 10
515.0
 20
367.43272269252367
 10
515.0
 20
367.03208107110163
 10
515.0
 20
366.6314394496796
 10
515.0
 20
366.23079782825755
 10
515.0
 20
365.83015620683557
 10
515.0
 20
365.4295145854135
 10
515.0
 20
365.0288729639915
 10
515.0
 20
364.6282313425694
 10
515.0
 20
364.2275897211474
 10
515.0
 20
363.8269480997253
 10
515.0
 20
363.42630647830333
 10
515.0
 20
363.0256648568813
 10
515.0
 20
362.62502323545925
 10
515.0
 20
362.22438161403727
 10
515.0
 20
361.8237399926152
 10
515.0
 20
361.4230983711932
 10
515.0
 20
361.02245674977115
 10
515.0
 20
360.6218151283491
 10
515.0
 20
360.2211735069271
 10
515.0
 20
359.82053188550503
 10
515.0
 20
359.419890264083
 10
515.0
 20
359.01924864266095
 10
515.0
 20
358.618607021239
 10
515.0
 20
358.2179653998169
 10
515.0
 20
357.8173237783949
 10
515.0
 20
357.4166821569728
 10
515.0
 20
357.0160405355508
 10
515.0
 20
356.6153989141288
 10
515.0
 20
356.21475729270674
 10
515.0
 20
355.81411567128475
 10
515.0
 20
355.41347404986266
 10
515.0
 20
355.0128324284407
 10
515.0
 20
354.61219080701864
 10
515.0
 20
354.2115491855966
 10
515.0
 20
353.81090756417456
 10
515.0
 20
353.4102659427525
 10
515.0
 20
353.0096243213305
 10
515.0
 20
352.60898269990844
 10
515.0
 20
352.20834107848646
 10
515.0
 20
351.80769945706436
 10
515.0
 20
351.4070578356424
 10
515.0
 20
351.0064162142203
 10
515.0
 20
350.6057745927983
 10
515.0
 20
350.20513297137626
 10
515.0
 20
349.8044913499542
 10
515.0
 20
349.40384972853224
 10
515.0
 20
349.00320810711014
 10
515.0
 20
348.60256648568816
 10
515.0
 20
348.20192486426606
 10
515.0
 20
347.8012832428441
 10
515.0
 20
347.40064162142204
 10
515.0
 20
347.0
 10
514.599358378578
 20
347.0
 10
514.1987167571559
 20
347.0
  0
HATCH
  5
FF
330
17
100
AcDbEntity
  8
23_ШТРИХОВКА
 62
7
100
AcDbHatch
 10
0.0
 20
0.0
 30
0.0
210
0.0
220
0.0
230
1.0
  2
ANSI31
 70
0
 71
0
 91
1
 92
3
 72
0
 73
1
 93
374
 10
516.1979679144385
 20
347.0
 10
515.7969518716577
 20
347.0
 10
515.395935828877
 20
347.0
 10
515.01
 20
347.01508021390373
 10
515.01
 20
347.4160962566845
 10
515.01
 20
347.81711229946524
 10
515.01
 20
348.218128342246
 10
515.01
 20
348.61914438502674
 10
515.01
 20
349.02016042780747
 10
515.01
 20
349.42117647058825
 10
515.01
 20
349.822192513369
 10
515.01
 20
350.22320855614976
 10
515.01
 20
350.6242245989305
 10
515.01
 20
351.0252406417112
 10
515.01
 20
351.426256684492
 10
515.01
 20
351.8272727272727
 10
515.01
 20
352.2282887700535
 10
515.01
 20
352.6293048128342
 10
515.01
 20
353.03032085561495
 10
515.01
 20
353.4313368983957
 10
515.01
 20
353.83235294117645
 10
515.01
 20
354.23336898395723
 10
515.01
 20
354.63438502673796
 10
515.01
 20
355.0354010695187
 10
515.01
 20
355.43641711229947
 10
515.01
 20
355.8374331550802
 10
515.01
 20
356.238449197861
 10
515.01
 20
356.6394652406417
 10
515.01
 20
357.0404812834225
 10
515.01
 20
357.4414973262032
 10
515.01
 20
357.842513368984
 10
515.01
 20
358.2435294117647
 10
515.01
 20
358.64454545454544
 10
515.01
 20
359.0455614973262
 10
515.01
 20
359.44657754010694
 10
515.01
 20
359.8475935828877
 10
515.01
 20
360.24860962566845
 10
515.01
 20
360.6496256684492
 10
515.01
 20
361.05064171122996
 10
515.01
 20
361.4516577540107
 10
515.01
 20
361.85267379679146
 10
515.01
 20
362.2536898395722
 10
515.01
 20
362.6547058823529
 10
515.01
 20
363.0557219251337
 10
515.01
 20
363.4567379679144
 10
515.01
 20
363.8577540106952
 10
515.01
 20
364.2587700534759
 10
515.01
 20
364.65978609625665
 10
515.01
 20
365.06080213903743
 10
515.01
 20
365.46181818181816
 10
515.01
 20
365.86283422459894
 10
515.01
 20
366.26385026737967
 10
515.01
 20
366.66486631016045
 10
515.01
 20
367.0658823529412
 10
515.01
 20
367.4668983957219
 10
515.01
 20
367.8679144385027
 10
515.01
 20
368.2689304812834
 10
515.01
 20
368.6699465240642
 10
515.01
 20
369.0709625668449
 10
515.01
 20
369.4719786096257
 10
515.01
 20
369.8729946524064
 10
515.01
 20
370.27401069518714
 10
515.01
 20
370.6750267379679
 10
515.01
 20
371.07604278074865
 10
515.01
 20
371.47705882352943
 10
515.01
 20
371.87807486631016
 10
515.01
 20
372.2790909090909
 10
515.01
 20
372.68010695187166
 10
515.01
 20
373.0811229946524
 10
515.01
 20
373.48213903743317
 10
515.01
 20
373.8831550802139
 10
515.01
 20
374.2841711229946
 10
515.01
 20
374.6851871657754
 10
515.01
 20
375.0862032085561
 10
515.01
 20
375.4872192513369
 10
515.01
 20
375.88823529411764
 10
515.01
 20
376.2892513368984
 10
515.01
 20
376.69026737967914
 10
515.01
 20
377.09128342245987
 10
515.01
 20
377.49229946524065
 10
515.01
 20
377.8933155080214
 10
515.01
 20
378.29433155080216
 10
515.01
 20
378.6953475935829
 10
515.01
 20
379.09636363636366
 10
515.01
 20
379.4973796791444
 10
515.01
 20
379.8983957219251
 10
515.01
 20
380.2994117647059
 10
515.01
 20
380.7004278074866
 10
515.01
 20
381.1014438502674
 10
515.01
 20
381.5024598930481
 10
515.01
 20
381.90347593582885
 10
515.01
 20
382.30449197860963
 10
515.01
 20
382.70550802139036
 10
515.01
 20
383.10652406417114
 10
515.01
 20
383.50754010695186
 10
515.01
 20
383.9085561497326
 10
515.01
 20
384.3095721925134
 10
515.01
 20
384.7105882352941
 10
515.01
 20
385.1116042780749
 10
515.01
 20
385.5126203208556
 10
515.01
 20
385.91363636363633
 10
515.01
 20
386.3146524064171
 10
515.01
 20
386.71566844919784
 10
515.01
 20
387.1166844919786
 10
515.01
 20
387.51770053475934
 10
515.01
 20
387.91871657754007
 10
515.01
 20
388.31973262032085
 10
515.01
 20
388.72074866310163
 10
515.01
 20
389.12176470588236
 10
515.01
 20
389.5227807486631
 10
515.01
 20
389.92379679144386
 10
515.01
 20
390.3248128342246
 10
515.01
 20
390.72582887700537
 10
515.01
 20
391.1268449197861
 10
515.01
 20
391.5278609625668
 10
515.01
 20
391.9288770053476
 10
515.01
 20
392.3298930481283
 10
515.01
 20
392.7309090909091
 10
515.01
 20
393.13192513368983
 10
515.01
 20
393.53294117647056
 10
515.01
 20
393.93395721925134
 10
515.01
 20
394.33497326203207
 10
515.01
 20
394.73598930481285
 10
515.01
 20
395.1370053475936
 10
515.01
 20
395.5380213903743
 10
515.01
 20
395.9390374331551
 10
515.01
 20
396.3400534759358
 10
515.01
 20
396.7410695187166
 10
515.01
 20
397.1420855614973
 10
515.01
 20
397.5431016042781
 10
515.01
 20
397.9441176470588
 10
515.01
 20
398.34513368983954
 10
515.01
 20
398.7461497326203
 10
515.01
 20
399.14716577540105
 10
515.01
 20
399.54818181818183
 10
515.01
 20
399.94919786096256
 10
515.01
 20
400.35021390374334
 10
515.01
 20
400.75122994652406
 10
515.01
 20
401.1522459893048
 10
515.01
 20
401.55326203208557
 10
515.01
 20
401.9542780748663
 10
515.01
 20
402.3552941176471
 10
515.01
 20
402.7563101604278
 10
515.01
 20
403.1573262032085
 10
515.01
 20
403.5583422459893
 10
515.01
 20
403.95935828877003
 10
515.01
 20
404.3603743315508
 10
515.01
 20
404.76139037433154
 10
515.01
 20
405.16240641711227
 10
515.01
 20
405.56342245989305
 10
515.01
 20
405.9644385026738
 10
515.01
 20
406.36545454545455
 10
515.01
 20
406.7664705882353
 10
515.01
 20
407.167486631016
 10
515.01
 20
407.5685026737968
 10
515.01
 20
407.9695187165775
 10
515.01
 20
408.3705347593583
 10
515.01
 20
408.771550802139
 10
515.01
 20
409.1725668449198
 10
515.01
 20
409.5735828877005
 10
515.01
 20
409.9745989304813
 10
515.01
 20
410.37561497326203
 10
515.01
 20
410.77663101604276
 10
515.01
 20
411.17764705882354
 10
515.01
 20
411.57866310160426
 10
515.01
 20
411.97967914438505
 10
515.01
 20
412.38069518716577
 10
515.01
 20
412.7817112299465
 10
515.01
 20
413.1827272727273
 10
515.01
 20
413.583743315508
 10
515.01
 20
413.9847593582888
 10
515.01
 20
414.3857754010695
 10
515.01
 20
414.7867914438503
 10
515.01
 20
415.187807486631
 10
515.01
 20
415.5888235294118
 10
515.01
 20
415.9898395721925
 10
515.01
 20
416.39085561497325
 10
515.01
 20
416.79187165775403
 10
515.01
 20
417.19288770053475
 10
515.01
 20
417.59390374331554
 10
515.01
 20
417.99491978609626
 10
515.01
 20
418.395935828877
 10
515.01
 20
418.79695187165777
 10
515.01
 20
419.1979679144385
 10
515.01
 20
419.5989839572193
 10
515.01
 20
420.0
 10
515.4110160427807
 20
420.0
 10
515.8120320855616
 20
420.0
 10
516.2130481283423
 20
420.0
 10
516.614064171123
 20
420.0
 10
517.0
 20
419.98491978609627
 10
517.0
 20
419.58390374331555
 10
517.0
 20
419.18288770053476
 10
517.0
 20
418.781871657754
 10
517.0
 20
418.38085561497326
 10
517.0
 20
417.97983957219253
 10
517.0
 20
417.57882352941175
 10
517.0
 20
417.177807486631
 10
517.0
 20
416.77679144385024
 10
517.0
 20
416.3757754010695
 10
517.0
 20
415.9747593582888
 10
517.0
 20
415.573743315508
 10
517.0
 20
415.1727272727273
 10
517.0
 20
414.7717112299465
 10
517.0
 20
414.3706951871658
 10
517.0
 20
413.96967914438505
 10
517.0
 20
413.5686631016043
 10
517.0
 20
413.1676470588235
 10
517.0
 20
412.76663101604277
 10
517.0
 20
412.36561497326204
 10
517.0
 20
411.96459893048126
 10
517.0
 20
411.56358288770053
 10
517.0
 20
411.1625668449198
 10
517.0
 20
410.761550802139
 10
517.0
 20
410.3605347593583
 10
517.0
 20
409.9595187165775
 10
517.0
 20
409.5585026737968
 10
517.0
 20
409.157486631016
 10
517.0
 20
408.7564705882353
 10
517.0
 20
408.35545454545456
 10
517.0
 20
407.9544385026738
 10
517.0
 20
407.55342245989306
 10
517.0
 20
407.1524064171123
 10
517.0
 20
406.75139037433155
 10
517.0
 20
406.35037433155077
 10
517.0
 20
405.94935828877004
 10
517.0
 20
405.5483422459893
 10
517.0
 20
405.14732620320854
 10
517.0
 20
404.7463101604278
 10
517.0
 20
404.3452941176471
 10
517.0
 20
403.9442780748663
 10
517.0
 20
403.5432620320855
 10
517.0
 20
403.1422459893048
 10
517.0
 20
402.7412299465241
 10
517.0
 20
402.3402139037433
 10
517.0
 20
401.93919786096257
 10
517.0
 20
401.5381818181818
 10
517.0
 20
401.13716577540106
 10
517.0
 20
400.73614973262033
 10
517.0
 20
400.33513368983955
 10
517.0
 20
399.9341176470588
 10
517.0
 20
399.53310160427804
 10
517.0
 20
399.1320855614973
 10
517.0
 20
398.7310695187166
 10
517.0
 20
398.3300534759358
 10
517.0
 20
397.9290374331551
 10
517.0
 20
397.5280213903743
 10
517.0
 20
397.1270053475936
 10
517.0
 20
396.72598930481286
 10
517.0
 20
396.3249732620321
 10
517.0
 20
395.92395721925135
 10
517.0
 20
395.52294117647057
 10
517.0
 20
395.12192513368984
 10
517.0
 20
394.7209090909091
 10
517.0
 20
394.31989304812834
 10
517.0
 20
393.9188770053476
 10
517.0
 20
393.51786096256683
 10
517.0
 20
393.1168449197861
 10
517.0
 20
392.7158288770054
 10
517.0
 20
392.3148128342246
 10
517.0
 20
391.9137967914438
 10
517.0
 20
391.5127807486631
 10
517.0
 20
391.11176470588236
 10
517.0
 20
390.71074866310164
 10
517.0
 20
390.30973262032086
 10
517.0
 20
389.9087165775401
 10
517.0
 20
389.50770053475935
 10
517.0
 20
389.1066844919786
 10
517.0
 20
388.70566844919784
 10
517.0
 20
388.3046524064171
 10
517.0
 20
387.90363636363634
 10
517.0
 20
387.5026203208556
 10
517.0
 20
387.1016042780749
 10
517.0
 20
386.7005882352941
 10
517.0
 20
386.2995721925134
 10
517.0
 20
385.8985561497326
 10
517.0
 20
385.4975401069519
 10
517.0
 20
385.09652406417115
 10
517.0
 20
384.69550802139037
 10
517.0
 20
384.29449197860964
 10
517.0
 20
383.89347593582886
 10
517.0
 20
383.49245989304814
 10
517.0
 20
383.09144385026735
 10
517.0
 20
382.6904278074866
 10
517.0
 20
382.2894117647059
 10
517.0
 20
381.8883957219251
 10
517.0
 20
381.4873796791444
 10
517.0
 20
381.08636363636367
 10
517.0
 20
380.6853475935829
 10
517.0
 20
380.2843315508021
 10
517.0
 20
379.8833155080214
 10
517.0
 20
379.48229946524066
 10
517.0
 20
379.0812834224599
 10
517.0
 20
378.68026737967915
 10
517.0
 20
378.27925133689837
 10
517.0
 20
377.87823529411764
 10
517.0
 20
377.4772192513369
 10
517.0
 20
377.07620320855614
 10
517.0
 20
376.6751871657754
 10
517.0
 20
376.27417112299463
 10
517.0
 20
375.8731550802139
 10
517.0
 20
375.4721390374332
 10
517.0
 20
375.0711229946524
 10
517.0
 20
374.6701069518716
 10
517.0
 20
374.2690909090909
 10
517.0
 20
373.86807486631017
 10
517.0
 20
373.46705882352944
 10
517.0
 20
373.06604278074866
 10
517.0
 20
372.66502673796793
 10
517.0
 20
372.26401069518715
 10
517.0
 20
371.8629946524064
 10
517.0
 20
371.46197860962565
 10
517.0
 20
371.0609625668449
 10
517.0
 20
370.65994652406414
 10
517.0
 20
370.2589304812834
 10
517.0
 20
369.8579144385027
 10
517.0
 20
369.45689839572196
 10
517.0
 20
369.0558823529412
 10
517.0
 20
368.6548663101604
 10
517.0
 20
368.2538502673797
 10
517.0
 20
367.85283422459895
 10
517.0
 20
367.45181818181817
 10
517.0
 20
367.0508021390374
 10
517.0
 20
366.64978609625666
 10
517.0
 20
366.24877005347594
 10
517.0
 20
365.8477540106952
 10
517.0
 20
365.44673796791443
 10
517.0
 20
365.0457219251337
 10
517.0
 20
364.6447058823529
 10
517.0
 20
364.2436898395722
 10
517.0
 20
363.8426737967915
 10
517.0
 20
363.4416577540107
 10
517.0
 20
363.0406417112299
 10
517.0
 20
362.6396256684492
 10
517.0
 20
362.23860962566846
 10
517.0
 20
361.83759358288773
 10
517.0
 20
361.43657754010695
 10
517.0
 20
361.03556149732617
 10
517.0
 20
360.63454545454545
 10
517.0
 20
360.2335294117647
 10
517.0
 20
359.832513368984
 10
517.0
 20
359.4314973262032
 10
517.0
 20
359.03048128342243
 10
517.0
 20
358.6294652406417
 10
517.0
 20
358.228449197861
 10
517.0
 20
357.8274331550802
 10
517.0
 20
357.4264171122994
 10
517.0
 20
357.0254010695187
 10
517.0
 20
356.62438502673797
 10
517.0
 20
356.22336898395724
 10
517.0
 20
355.82235294117646
 10
517.0
 20
355.4213368983957
 10
517.0
 20
355.02032085561495
 10
517.0
 20
354.61930481283423
 10
517.0
 20
354.2182887700535
 10
517.0
 20
353.8172727272727
 10
517.0
 20
353.41625668449194
 10
517.0
 20
353.0152406417112
 10
517.0
 20
352.6142245989305
 10
517.0
 20
352.21320855614977
 10
517.0
 20
351.812192513369
 10
517.0
 20
351.4111764705882
 10
517.0
 20
351.0101604278075
 10
517.0
 20
350.60914438502675
 10
517.0
 20
350.208128342246
 10
517.0
 20
349.80711229946525
 10
517.0
 20
349.40609625668446
 10
517.0
 20
349.00508021390374
 10
517.0
 20
348.604064171123
 10
517.0
 20
348.2030481283423
 10
517.0
 20
347.8020320855615
 10
517.0
 20
347.4010160427807
 10
517.0
 20
347.0
 10
516.5989839572193
 20
347.0
 97
0
 75
1
 76
1
 52
0.0
 41
0.5
 77
0
 78
1
 53
45.0
 43
0.0
 44
0.0
 45
-1.1225320152
 46
1.1225320152
 79
0
 98
0
  0
LWPOLYLINE
  5
100
330
17
100
AcDbEntity
  8
20_ВИДИМЫЕ
100
AcDbPolyline
 90
375
 70
1
 10
516.1979679144385
 20
347.0
 10
515.7969518716577
 20
347.0
 10
515.395935828877
 20
347.0
 10
515.01
 20
347.01508021390373
 10
515.01
 20
347.4160962566845
 10
515.01
 20
347.81711229946524
 10
515.01
 20
348.218128342246
 10
515.01
 20
348.61914438502674
 10
515.01
 20
349.02016042780747
 10
515.01
 20
349.42117647058825
 10
515.01
 20
349.822192513369
 10
515.01
 20
350.22320855614976
 10
515.01
 20
350.6242245989305
 10
515.01
 20
351.0252406417112
 10
515.01
 20
351.426256684492
 10
515.01
 20
351.8272727272727
 10
515.01
 20
352.2282887700535
 10
515.01
 20
352.6293048128342
 10
515.01
 20
353.03032085561495
 10
515.01
 20
353.4313368983957
 10
515.01
 20
353.83235294117645
 10
515.01
 20
354.23336898395723
 10
515.01
 20
354.63438502673796
 10
515.01
 20
355.0354010695187
 10
515.01
 20
355.43641711229947
 10
515.01
 20
355.8374331550802
 10
515.01
 20
356.238449197861
 10
515.01
 20
356.6394652406417
 10
515.01
 20
357.0404812834225
 10
515.01
 20
357.4414973262032
 10
515.01
 20
357.842513368984
 10
515.01
 20
358.2435294117647
 10
515.01
 20
358.64454545454544
 10
515.01
 20
359.0455614973262
 10
515.01
 20
359.44657754010694
 10
515.01
 20
359.8475935828877
 10
515.01
 20
360.24860962566845
 10
515.01
 20
360.6496256684492
 10
515.01
 20
361.05064171122996
 10
515.01
 20
361.4516577540107
 10
515.01
 20
361.85267379679146
 10
515.01
 20
362.2536898395722
 10
515.01
 20
362.6547058823529
 10
515.01
 20
363.0557219251337
 10
515.01
 20
363.4567379679144
 10
515.01
 20
363.8577540106952
 10
515.01
 20
364.2587700534759
 10
515.01
 20
364.65978609625665
 10
515.01
 20
365.06080213903743
 10
515.01
 20
365.46181818181816
 10
515.01
 20
365.86283422459894
 10
515.01
 20
366.26385026737967
 10
515.01
 20
366.66486631016045
 10
515.01
 20
367.0658823529412
 10
515.01
 20
367.4668983957219
 10
515.01
 20
367.8679144385027
 10
515.01
 20
368.2689304812834
 10
515.01
 20
368.6699465240642
 10
515.01
 20
369.0709625668449
 10
515.01
 20
369.4719786096257
 10
515.01
 20
369.8729946524064
 10
515.01
 20
370.27401069518714
 10
515.01
 20
370.6750267379679
 10
515.01
 20
371.07604278074865
 10
515.01
 20
371.47705882352943
 10
515.01
 20
371.87807486631016
 10
515.01
 20
372.2790909090909
 10
515.01
 20
372.68010695187166
 10
515.01
 20
373.0811229946524
 10
515.01
 20
373.48213903743317
 10
515.01
 20
373.8831550802139
 10
515.01
 20
374.2841711229946
 10
515.01
 20
374.6851871657754
 10
515.01
 20
375.0862032085561
 10
515.01
 20
375.4872192513369
 10
515.01
 20
375.88823529411764
 10
515.01
 20
376.2892513368984
 10
515.01
 20
376.69026737967914
 10
515.01
 20
377.09128342245987
 10
515.01
 20
377.49229946524065
 10
515.01
 20
377.8933155080214
 10
515.01
 20
378.29433155080216
 10
515.01
 20
378.6953475935829
 10
515.01
 20
379.09636363636366
 10
515.01
 20
379.4973796791444
 10
515.01
 20
379.8983957219251
 10
515.01
 20
380.2994117647059
 10
515.01
 20
380.7004278074866
 10
515.01
 20
381.1014438502674
 10
515.01
 20
381.5024598930481
 10
515.01
 20
381.90347593582885
 10
515.01
 20
382.30449197860963
 10
515.01
 20
382.70550802139036
 10
515.01
 20
383.10652406417114
 10
515.01
 20
383.50754010695186
 10
515.01
 20
383.9085561497326
 10
515.01
 20
384.3095721925134
 10
515.01
 20
384.7105882352941
 10
515.01
 20
385.1116042780749
 10
515.01
 20
385.5126203208556
 10
515.01
 20
385.91363636363633
 10
515.01
 20
386.3146524064171
 10
515.01
 20
386.71566844919784
 10
515.01
 20
387.1166844919786
 10
515.01
 20
387.51770053475934
 10
515.01
 20
387.91871657754007
 10
515.01
 20
388.31973262032085
 10
515.01
 20
388.72074866310163
 10
515.01
 20
389.12176470588236
 10
515.01
 20
389.5227807486631
 10
515.01
 20
389.92379679144386
 10
515.01
 20
390.3248128342246
 10
515.01
 20
390.72582887700537
 10
515.01
 20
391.1268449197861
 10
515.01
 20
391.5278609625668
 10
515.01
 20
391.9288770053476
 10
515.01
 20
392.3298930481283
 10
515.01
 20
392.7309090909091
 10
515.01
 20
393.13192513368983
 10
515.01
 20
393.53294117647056
 10
515.01
 20
393.93395721925134
 10
515.01
 20
394.33497326203207
 10
515.01
 20
394.73598930481285
 10
515.01
 20
395.1370053475936
 10
515.01
 20
395.5380213903743
 10
515.01
 20
395.9390374331551
 10
515.01
 20
396.3400534759358
 10
515.01
 20
396.7410695187166
 10
515.01
 20
397.1420855614973
 10
515.01
 20
397.5431016042781
 10
515.01
 20
397.9441176470588
 10
515.01
 20
398.34513368983954
 10
515.01
 20
398.7461497326203
 10
515.01
 20
399.14716577540105
 10
515.01
 20
399.54818181818183
 10
515.01
 20
399.94919786096256
 10
515.01
 20
400.35021390374334
 10
515.01
 20
400.75122994652406
 10
515.01
 20
401.1522459893048
 10
515.01
 20
401.55326203208557
 10
515.01
 20
401.9542780748663
 10
515.01
 20
402.3552941176471
 10
515.01
 20
402.7563101604278
 10
515.01
 20
403.1573262032085
 10
515.01
 20
403.5583422459893
 10
515.01
 20
403.95935828877003
 10
515.01
 20
404.3603743315508
 10
515.01
 20
404.76139037433154
 10
515.01
 20
405.16240641711227
 10
515.01
 20
405.56342245989305
 10
515.01
 20
405.9644385026738
 10
515.01
 20
406.36545454545455
 10
515.01
 20
406.7664705882353
 10
515.01
 20
407.167486631016
 10
515.01
 20
407.5685026737968
 10
515.01
 20
407.9695187165775
 10
515.01
 20
408.3705347593583
 10
515.01
 20
408.771550802139
 10
515.01
 20
409.1725668449198
 10
515.01
 20
409.5735828877005
 10
515.01
 20
409.9745989304813
 10
515.01
 20
410.37561497326203
 10
515.01
 20
410.77663101604276
 10
515.01
 20
411.17764705882354
 10
515.01
 20
411.57866310160426
 10
515.01
 20
411.97967914438505
 10
515.01
 20
412.38069518716577
 10
515.01
 20
412.7817112299465
 10
515.01
 20
413.1827272727273
 10
515.01
 20
413.583743315508
 10
515.01
 20
413.9847593582888
 10
515.01
 20
414.3857754010695
 10
515.01
 20
414.7867914438503
 10
515.01
 20
415.187807486631
 10
515.01
 20
415.5888235294118
 10
515.01
 20
415.9898395721925
 10
515.01
 20
416.39085561497325
 10
515.01
 20
416.79187165775403
 10
515.01
 20
417.19288770053475
 10
515.01
 20
417.59390374331554
 10
515.01
 20
417.99491978609626
 10
515.01
 20
418.395935828877
 10
515.01
 20
418.79695187165777
 10
515.01
 20
419.1979679144385
 10
515.01
 20
419.5989839572193
 10
515.01
 20
420.0
 10
515.4110160427807
 20
420.0
 10
515.8120320855616
 20
420.0
 10
516.2130481283423
 20
420.0
 10
516.614064171123
 20
420.0
 10
517.0
 20
419.98491978609627
 10
517.0
 20
419.58390374331555
 10
517.0
 20
419.18288770053476
 10
517.0
 20
418.781871657754
 10
517.0
 20
418.38085561497326
 10
517.0
 20
417.97983957219253
 10
517.0
 20
417.57882352941175
 10
517.0
 20
417.177807486631
 10
517.0
 20
416.77679144385024
 10
517.0
 20
416.3757754010695
 10
517.0
 20
415.9747593582888
 10
517.0
 20
415.573743315508
 10
517.0
 20
415.1727272727273
 10
517.0
 20
414.7717112299465
 10
517.0
 20
414.3706951871658
 10
517.0
 20
413.96967914438505
 10
517.0
 20
413.5686631016043
 10
517.0
 20
413.1676470588235
 10
517.0
 20
412.76663101604277
 10
517.0
 20
412.36561497326204
 10
517.0
 20
411.96459893048126
 10
517.0
 20
411.56358288770053
 10
517.0
 20
411.1625668449198
 10
517.0
 20
410.761550802139
 10
517.0
 20
410.3605347593583
 10
517.0
 20
409.9595187165775
 10
517.0
 20
409.5585026737968
 10
517.0
 20
409.157486631016
 10
517.0
 20
408.7564705882353
 10
517.0
 20
408.35545454545456
 10
517.0
 20
407.9544385026738
 10
517.0
 20
407.55342245989306
 10
517.0
 20
407.1524064171123
 10
517.0
 20
406.75139037433155
 10
517.0
 20
406.35037433155077
 10
517.0
 20
405.94935828877004
 10
517.0
 20
405.5483422459893
 10
517.0
 20
405.14732620320854
 10
517.0
 20
404.7463101604278
 10
517.0
 20
404.3452941176471
 10
517.0
 20
403.9442780748663
 10
517.0
 20
403.5432620320855
 10
517.0
 20
403.1422459893048
 10
517.0
 20
402.7412299465241
 10
517.0
 20
402.3402139037433
 10
517.0
 20
401.93919786096257
 10
517.0
 20
401.5381818181818
 10
517.0
 20
401.13716577540106
 10
517.0
 20
400.73614973262033
 10
517.0
 20
400.33513368983955
 10
517.0
 20
399.9341176470588
 10
517.0
 20
399.53310160427804
 10
517.0
 20
399.1320855614973
 10
517.0
 20
398.7310695187166
 10
517.0
 20
398.3300534759358
 10
517.0
 20
397.9290374331551
 10
517.0
 20
397.5280213903743
 10
517.0
 20
397.1270053475936
 10
517.0
 20
396.72598930481286
 10
517.0
 20
396.3249732620321
 10
517.0
 20
395.92395721925135
 10
517.0
 20
395.52294117647057
 10
517.0
 20
395.12192513368984
 10
517.0
 20
394.7209090909091
 10
517.0
 20
394.31989304812834
 10
517.0
 20
393.9188770053476
 10
517.0
 20
393.51786096256683
 10
517.0
 20
393.1168449197861
 10
517.0
 20
392.7158288770054
 10
517.0
 20
392.3148128342246
 10
517.0
 20
391.9137967914438
 10
517.0
 20
391.5127807486631
 10
517.0
 20
391.11176470588236
 10
517.0
 20
390.71074866310164
 10
517.0
 20
390.30973262032086
 10
517.0
 20
389.9087165775401
 10
517.0
 20
389.50770053475935
 10
517.0
 20
389.1066844919786
 10
517.0
 20
388.70566844919784
 10
517.0
 20
388.3046524064171
 10
517.0
 20
387.90363636363634
 10
517.0
 20
387.5026203208556
 10
517.0
 20
387.1016042780749
 10
517.0
 20
386.7005882352941
 10
517.0
 20
386.2995721925134
 10
517.0
 20
385.8985561497326
 10
517.0
 20
385.4975401069519
 10
517.0
 20
385.09652406417115
 10
517.0
 20
384.69550802139037
 10
517.0
 20
384.29449197860964
 10
517.0
 20
383.89347593582886
 10
517.0
 20
383.49245989304814
 10
517.0
 20
383.09144385026735
 10
517.0
 20
382.6904278074866
 10
517.0
 20
382.2894117647059
 10
517.0
 20
381.8883957219251
 10
517.0
 20
381.4873796791444
 10
517.0
 20
381.08636363636367
 10
517.0
 20
380.6853475935829
 10
517.0
 20
380.2843315508021
 10
517.0
 20
379.8833155080214
 10
517.0
 20
379.48229946524066
 10
517.0
 20
379.0812834224599
 10
517.0
 20
378.68026737967915
 10
517.0
 20
378.27925133689837
 10
517.0
 20
377.87823529411764
 10
517.0
 20
377.4772192513369
 10
517.0
 20
377.07620320855614
 10
517.0
 20
376.6751871657754
 10
517.0
 20
376.27417112299463
 10
517.0
 20
375.8731550802139
 10
517.0
 20
375.4721390374332
 10
517.0
 20
375.0711229946524
 10
517.0
 20
374.6701069518716
 10
517.0
 20
374.2690909090909
 10
517.0
 20
373.86807486631017
 10
517.0
 20
373.46705882352944
 10
517.0
 20
373.06604278074866
 10
517.0
 20
372.66502673796793
 10
517.0
 20
372.26401069518715
 10
517.0
 20
371.8629946524064
 10
517.0
 20
371.46197860962565
 10
517.0
 20
371.0609625668449
 10
517.0
 20
370.65994652406414
 10
517.0
 20
370.2589304812834
 10
517.0
 20
369.8579144385027
 10
517.0
 20
369.45689839572196
 10
517.0
 20
369.0558823529412
 10
517.0
 20
368.6548663101604
 10
517.0
 20
368.2538502673797
 10
517.0
 20
367.85283422459895
 10
517.0
 20
367.45181818181817
 10
517.0
 20
367.0508021390374
 10
517.0
 20
366.64978609625666
 10
517.0
 20
366.24877005347594
 10
517.0
 20
365.8477540106952
 10
517.0
 20
365.44673796791443
 10
517.0
 20
365.0457219251337
 10
517.0
 20
364.6447058823529
 10
517.0
 20
364.2436898395722
 10
517.0
 20
363.8426737967915
 10
517.0
 20
363.4416577540107
 10
517.0
 20
363.0406417112299
 10
517.0
 20
362.6396256684492
 10
517.0
 20
362.23860962566846
 10
517.0
 20
361.83759358288773
 10
517.0
 20
361.43657754010695
 10
517.0
 20
361.03556149732617
 10
517.0
 20
360.63454545454545
 10
517.0
 20
360.2335294117647
 10
517.0
 20
359.832513368984
 10
517.0
 20
359.4314973262032
 10
517.0
 20
359.03048128342243
 10
517.0
 20
358.6294652406417
 10
517.0
 20
358.228449197861
 10
517.0
 20
357.8274331550802
 10
517.0
 20
357.4264171122994
 10
517.0
 20
357.0254010695187
 10
517.0
 20
356.62438502673797
 10
517.0
 20
356.22336898395724
 10
517.0
 20
355.82235294117646
 10
517.0
 20
355.4213368983957
 10
517.0
 20
355.02032085561495
 10
517.0
 20
354.61930481283423
 10
517.0
 20
354.2182887700535
 10
517.0
 20
353.8172727272727
 10
517.0
 20
353.41625668449194
 10
517.0
 20
353.0152406417112
 10
517.0
 20
352.6142245989305
 10
517.0
 20
352.21320855614977
 10
517.0
 20
351.812192513369
 10
517.0
 20
351.4111764705882
 10
517.0
 20
351.0101604278075
 10
517.0
 20
350.60914438502675
 10
517.0
 20
350.208128342246
 10
517.0
 20
349.80711229946525
 10
517.0
 20
349.40609625668446
 10
517.0
 20
349.00508021390374
 10
517.0
 20
348.604064171123
 10
517.0
 20
348.2030481283423
 10
517.0
 20
347.8020320855615
 10
517.0
 20
347.4010160427807
 10
517.0
 20
347.0
 10
516.5989839572193
 20
347.0
 10
516.1979679144385
 20
347.0
  0
HATCH
  5
101
330
17
100
AcDbEntity
  8
23_ШТРИХОВКА
 62
7
100
AcDbHatch
 10
0.0
 20
0.0
 30
0.0
210
0.0
220
0.0
230
1.0
  2
ANSI31
 70
0
 71
0
 91
1
 92
3
 72
0
 73
1
 93
374
 10
544.99
 20
418.79695187165777
 10
544.99
 20
418.395935828877
 10
544.99
 20
417.99491978609626
 10
544.99
 20
417.59390374331554
 10
544.99
 20
417.19288770053475
 10
544.99
 20
416.79187165775403
 10
544.99
 20
416.39085561497325
 10
544.99
 20
415.9898395721925
 10
544.99
 20
415.5888235294118
 10
544.99
 20
415.187807486631
 10
544.99
 20
414.78679144385023
 10
544.99
 20
414.3857754010695
 10
544.99
 20
413.9847593582888
 10
544.99
 20
413.58374331550806
 10
544.99
 20
413.1827272727273
 10
544.99
 20
412.7817112299465
 10
544.99
 20
412.38069518716577
 10
544.99
 20
411.97967914438505
 10
544.99
 20
411.57866310160426
 10
544.99
 20
411.17764705882354
 10
544.99
 20
410.77663101604276
 10
544.99
 20
410.37561497326203
 10
544.99
 20
409.9745989304813
 10
544.99
 20
409.5735828877005
 10
544.99
 20
409.1725668449198
 10
544.99
 20
408.771550802139
 10
544.99
 20
408.3705347593583
 10
544.99
 20
407.96951871657757
 10
544.99
 20
407.5685026737968
 10
544.99
 20
407.16748663101606
 10
544.99
 20
406.7664705882353
 10
544.99
 20
406.36545454545455
 10
544.99
 20
405.9644385026738
 10
544.99
 20
405.56342245989305
 10
544.99
 20
405.1624064171123
 10
544.99
 20
404.76139037433154
 10
544.99
 20
404.3603743315508
 10
544.99
 20
403.95935828877003
 10
544.99
 20
403.5583422459893
 10
544.99
 20
403.1573262032085
 10
544.99
 20
402.7563101604278
 10
544.99
 20
402.3552941176471
 10
544.99
 20
401.9542780748663
 10
544.99
 20
401.55326203208557
 10
544.99
 20
401.1522459893048
 10
544.99
 20
400.75122994652406
 10
544.99
 20
400.35021390374334
 10
544.99
 20
399.94919786096256
 10
544.99
 20
399.54818181818183
 10
544.99
 20
399.14716577540105
 10
544.99
 20
398.7461497326203
 10
544.99
 20
398.3451336898396
 10
544.99
 20
397.9441176470588
 10
544.99
 20
397.5431016042781
 10
544.99
 20
397.1420855614973
 10
544.99
 20
396.7410695187166
 10
544.99
 20
396.3400534759358
 10
544.99
 20
395.9390374331551
 10
544.99
 20
395.5380213903743
 10
544.99
 20
395.1370053475936
 10
544.99
 20
394.73598930481285
 10
544.99
 20
394.33497326203207
 10
544.99
 20
393.93395721925134
 10
544.99
 20
393.53294117647056
 10
544.99
 20
393.13192513368983
 10
544.99
 20
392.7309090909091
 10
544.99
 20
392.3298930481283
 10
544.99
 20
391.9288770053476
 10
544.99
 20
391.5278609625668
 10
544.99
 20
391.1268449197861
 10
544.99
 20
390.72582887700537
 10
544.99
 20
390.3248128342246
 10
544.99
 20
389.92379679144386
 10
544.99
 20
389.5227807486631
 10
544.99
 20
389.12176470588236
 10
544.99
 20
388.7207486631016
 10
544.99
 20
388.31973262032085
 10
544.99
 20
387.9187165775401
 10
544.99
 20
387.51770053475934
 10
544.99
 20
387.1166844919786
 10
544.99
 20
386.71566844919784
 10
544.99
 20
386.3146524064171
 10
544.99
 20
385.91363636363633
 10
544.99
 20
385.5126203208556
 10
544.99
 20
385.1116042780749
 10
544.99
 20
384.7105882352941
 10
544.99
 20
384.3095721925134
 10
544.99
 20
383.9085561497326
 10
544.99
 20
383.50754010695186
 10
544.99
 20
383.10652406417114
 10
544.99
 20
382.70550802139036
 10
544.99
 20
382.30449197860963
 10
544.99
 20
381.90347593582885
 10
544.99
 20
381.5024598930481
 10
544.99
 20
381.1014438502674
 10
544.99
 20
380.7004278074866
 10
544.99
 20
380.2994117647059
 10
544.99
 20
379.8983957219251
 10
544.99
 20
379.4973796791444
 10
544.99
 20
379.09636363636366
 10
544.99
 20
378.6953475935829
 10
544.99
 20
378.29433155080216
 10
544.99
 20
377.8933155080214
 10
544.99
 20
377.49229946524065
 10
544.99
 20
377.09128342245987
 10
544.99
 20
376.69026737967914
 10
544.99
 20
376.28925133689836
 10
544.99
 20
375.88823529411764
 10
544.99
 20
375.4872192513369
 10
544.99
 20
375.0862032085561
 10
544.99
 20
374.6851871657754
 10
544.99
 20
374.2841711229946
 10
544.99
 20
373.8831550802139
 10
544.99
 20
373.48213903743317
 10
544.99
 20
373.0811229946524
 10
544.99
 20
372.68010695187166
 10
544.99
 20
372.2790909090909
 10
544.99
 20
371.87807486631016
 10
544.99
 20
371.47705882352943
 10
544.99
 20
371.07604278074865
 10
544.99
 20
370.6750267379679
 10
544.99
 20
370.27401069518714
 10
544.99
 20
369.8729946524064
 10
544.99
 20
369.47197860962564
 10
544.99
 20
369.0709625668449
 10
544.99
 20
368.6699465240642
 10
544.99
 20
368.2689304812834
 10
544.99
 20
367.8679144385027
 10
544.99
 20
367.4668983957219
 10
544.99
 20
367.0658823529412
 10
544.99
 20
366.66486631016045
 10
544.99
 20
366.26385026737967
 10
544.99
 20
365.86283422459894
 10
544.99
 20
365.46181818181816
 10
544.99
 20
365.06080213903743
 10
544.99
 20
364.6597860962567
 10
544.99
 20
364.2587700534759
 10
544.99
 20
363.8577540106952
 10
544.99
 20
363.4567379679144
 10
544.99
 20
363.0557219251337
 10
544.99
 20
362.6547058823529
 10
544.99
 20
362.2536898395722
 10
544.99
 20
361.85267379679146
 10
544.99
 20
361.4516577540107
 10
544.99
 20
361.05064171122996
 10
544.99
 20
360.6496256684492
 10
544.99
 20
360.24860962566845
 10
544.99
 20
359.8475935828877
 10
544.99
 20
359.44657754010694
 10
544.99
 20
359.04556149732616
 10
544.99
 20
358.64454545454544
 10
544.99
 20
358.2435294117647
 10
544.99
 20
357.84251336898393
 10
544.99
 20
357.4414973262032
 10
544.99
 20
357.0404812834224
 10
544.99
 20
356.6394652406417
 10
544.99
 20
356.238449197861
 10
544.99
 20
355.8374331550802
 10
544.99
 20
355.43641711229947
 10
544.99
 20
355.0354010695187
 10
544.99
 20
354.63438502673796
 10
544.99
 20
354.23336898395723
 10
544.99
 20
353.83235294117645
 10
544.99
 20
353.4313368983957
 10
544.99
 20
353.03032085561495
 10
544.99
 20
352.6293048128342
 10
544.99
 20
352.2282887700535
 10
544.99
 20
351.8272727272727
 10
544.99
 20
351.426256684492
 10
544.99
 20
351.0252406417112
 10
544.99
 20
350.6242245989305
 10
544.99
 20
350.2232085561497
 10
544.99
 20
349.822192513369
 10
544.99
 20
349.4211764705882
 10
544.99
 20
349.02016042780747
 10
544.99
 20
348.61914438502674
 10
544.99
 20
348.21812834224596
 10
544.99
 20
347.81711229946524
 10
544.99
 20
347.41609625668445
 10
544.99
 20
347.01508021390373
 10
544.604064171123
 20
347.0
 10
544.2030481283423
 20
347.0
 10
543.8020320855615
 20
347.0
 10
543.4010160427807
 20
347.0
 10
543.0
 20
347.0
 10
543.0
 20
347.4010160427808
 10
543.0
 20
347.8020320855615
 10
543.0
 20
348.2030481283423
 10
543.0
 20
348.604064171123
 10
543.0
 20
349.00508021390374
 10
543.0
 20
349.4060962566845
 10
543.0
 20
349.80711229946525
 10
543.0
 20
350.208128342246
 10
543.0
 20
350.60914438502675
 10
543.0
 20
351.0101604278075
 10
543.0
 20
351.41117647058826
 10
543.0
 20
351.812192513369
 10
543.0
 20
352.21320855614977
 10
543.0
 20
352.6142245989305
 10
543.0
 20
353.0152406417113
 10
543.0
 20
353.416256684492
 10
543.0
 20
353.8172727272727
 10
543.0
 20
354.2182887700535
 10
543.0
 20
354.61930481283423
 10
543.0
 20
355.02032085561495
 10
543.0
 20
355.42133689839574
 10
543.0
 20
355.8223529411765
 10
543.0
 20
356.22336898395724
 10
543.0
 20
356.62438502673797
 10
543.0
 20
357.02540106951875
 10
543.0
 20
357.4264171122995
 10
543.0
 20
357.82743315508026
 10
543.0
 20
358.228449197861
 10
543.0
 20
358.6294652406417
 10
543.0
 20
359.0304812834225
 10
543.0
 20
359.4314973262032
 10
543.0
 20
359.832513368984
 10
543.0
 20
360.2335294117647
 10
543.0
 20
360.63454545454545
 10
543.0
 20
361.0355614973262
 10
543.0
 20
361.436577540107
 10
543.0
 20
361.83759358288773
 10
543.0
 20
362.23860962566846
 10
543.0
 20
362.6396256684492
 10
543.0
 20
363.04064171122997
 10
543.0
 20
363.4416577540107
 10
543.0
 20
363.8426737967915
 10
543.0
 20
364.2436898395722
 10
543.0
 20
364.644705882353
 10
543.0
 20
365.0457219251337
 10
543.0
 20
365.4467379679145
 10
543.0
 20
365.8477540106952
 10
543.0
 20
366.24877005347594
 10
543.0
 20
366.64978609625666
 10
543.0
 20
367.05080213903744
 10
543.0
 20
367.4518181818182
 10
543.0
 20
367.85283422459895
 10
543.0
 20
368.25385026737973
 10
543.0
 20
368.65486631016046
 10
543.0
 20
369.0558823529412
 10
543.0
 20
369.45689839572196
 10
543.0
 20
369.8579144385027
 10
543.0
 20
370.2589304812834
 10
543.0
 20
370.6599465240642
 10
543.0
 20
371.0609625668449
 10
543.0
 20
371.4619786096257
 10
543.0
 20
371.8629946524064
 10
543.0
 20
372.26401069518715
 10
543.0
 20
372.66502673796793
 10
543.0
 20
373.0660427807487
 10
543.0
 20
373.46705882352944
 10
543.0
 20
373.86807486631017
 10
543.0
 20
374.2690909090909
 10
543.0
 20
374.6701069518717
 10
543.0
 20
375.0711229946524
 10
543.0
 20
375.4721390374332
 10
543.0
 20
375.8731550802139
 10
543.0
 20
376.2741711229947
 10
543.0
 20
376.6751871657754
 10
543.0
 20
377.0762032085562
 10
543.0
 20
377.4772192513369
 10
543.0
 20
377.87823529411764
 10
543.0
 20
378.2792513368984
 10
543.0
 20
378.68026737967915
 10
543.0
 20
379.08128342245993
 10
543.0
 20
379.48229946524066
 10
543.0
 20
379.8833155080214
 10
543.0
 20
380.28433155080216
 10
543.0
 20
380.6853475935829
 10
543.0
 20
381.08636363636367
 10
543.0
 20
381.4873796791444
 10
543.0
 20
381.8883957219252
 10
543.0
 20
382.2894117647059
 10
543.0
 20
382.6904278074866
 10
543.0
 20
383.0914438502674
 10
543.0
 20
383.49245989304814
 10
543.0
 20
383.89347593582886
 10
543.0
 20
384.29449197860964
 10
543.0
 20
384.6955080213904
 10
543.0
 20
385.09652406417115
 10
543.0
 20
385.4975401069519
 10
543.0
 20
385.89855614973266
 10
543.0
 20
386.2995721925134
 10
543.0
 20
386.70058823529416
 10
543.0
 20
387.1016042780749
 10
543.0
 20
387.5026203208556
 10
543.0
 20
387.9036363636364
 10
543.0
 20
388.3046524064171
 10
543.0
 20
388.7056684491979
 10
543.0
 20
389.1066844919786
 10
543.0
 20
389.50770053475935
 10
543.0
 20
389.90871657754013
 10
543.0
 20
390.3097326203209
 10
543.0
 20
390.71074866310164
 10
543.0
 20
391.11176470588236
 10
543.0
 20
391.5127807486631
 10
543.0
 20
391.9137967914439
 10
543.0
 20
392.3148128342246
 10
543.0
 20
392.7158288770054
 10
543.0
 20
393.1168449197861
 10
543.0
 20
393.5178609625669
 10
543.0
 20
393.9188770053476
 10
543.0
 20
394.3198930481284
 10
543.0
 20
394.7209090909091
 10
543.0
 20
395.12192513368984
 10
543.0
 20
395.52294117647057
 10
543.0
 20
395.92395721925135
 10
543.0
 20
396.32497326203213
 10
543.0
 20
396.72598930481286
 10
543.0
 20
397.1270053475936
 10
543.0
 20
397.52802139037436
 10
543.0
 20
397.9290374331551
 10
543.0
 20
398.33005347593587
 10
543.0
 20
398.7310695187166
 10
543.0
 20
399.1320855614973
 10
543.0
 20
399.5331016042781
 10
543.0
 20
399.9341176470588
 10
543.0
 20
400.3351336898396
 10
543.0
 20
400.73614973262033
 10
543.0
 20
401.1371657754011
 10
543.0
 20
401.53818181818184
 10
543.0
 20
401.93919786096257
 10
543.0
 20
402.34021390374335
 10
543.0
 20
402.7412299465241
 10
543.0
 20
403.14224598930485
 10
543.0
 20
403.5432620320856
 10
543.0
 20
403.9442780748663
 10
543.0
 20
404.3452941176471
 10
543.0
 20
404.7463101604278
 10
543.0
 20
405.1473262032086
 10
543.0
 20
405.5483422459893
 10
543.0
 20
405.9493582887701
 10
543.0
 20
406.3503743315508
 10
543.0
 20
406.75139037433155
 10
543.0
 20
407.15240641711233
 10
543.0
 20
407.55342245989306
 10
543.0
 20
407.95443850267384
 10
543.0
 20
408.35545454545456
 10
543.0
 20
408.7564705882353
 10
543.0
 20
409.15748663101607
 10
543.0
 20
409.5585026737968
 10
543.0
 20
409.9595187165776
 10
543.0
 20
410.3605347593583
 10
543.0
 20
410.7615508021391
 10
543.0
 20
411.1625668449198
 10
543.0
 20
411.5635828877006
 10
543.0
 20
411.9645989304813
 10
543.0
 20
412.36561497326204
 10
543.0
 20
412.7666310160428
 10
543.0
 20
413.16764705882355
 10
543.0
 20
413.5686631016043
 10
543.0
 20
413.96967914438505
 10
543.0
 20
414.3706951871658
 10
543.0
 20
414.77171122994656
 10
543.0
 20
415.1727272727273
 10
543.0
 20
415.57374331550807
 10
543.0
 20
415.9747593582888
 10
543.0
 20
416.3757754010695
 10
543.0
 20
416.7767914438503
 10
543.0
 20
417.177807486631
 10
543.0
 20
417.5788235294118
 10
543.0
 20
417.97983957219253
 10
543.0
 20
418.3808556149733
 10
543.0
 20
418.78187165775404
 10
543.0
 20
419.18288770053476
 10
543.0
 20
419.58390374331555
 10
543.0
 20
419.98491978609627
 10
543.385935828877
 20
420.0
 10
543.7869518716577
 20
420.0
 10
544.1879679144386
 20
420.0
 10
544.5889839572193
 20
420.0
 10
544.99
 20
420.0
 10
544.99
 20
419.5989839572193
 10
544.99
 20
419.1979679144385
 97
0
 75
1
 76
1
 52
0.0
 41
0.5
 77
0
 78
1
 53
45.0
 43
0.0
 44
0.0
 45
-1.1225320152
 46
1.1225320152
 79
0
 98
0
  0
LWPOLYLINE
  5
102
330
17
100
AcDbEntity
  8
20_ВИДИМЫЕ
100
AcDbPolyline
 90
375
 70
1
 10
544.99
 20
418.79695187165777
 10
544.99
 20
418.395935828877
 10
544.99
 20
417.99491978609626
 10
544.99
 20
417.59390374331554
 10
544.99
 20
417.19288770053475
 10
544.99
 20
416.79187165775403
 10
544.99
 20
416.39085561497325
 10
544.99
 20
415.9898395721925
 10
544.99
 20
415.5888235294118
 10
544.99
 20
415.187807486631
 10
544.99
 20
414.78679144385023
 10
544.99
 20
414.3857754010695
 10
544.99
 20
413.9847593582888
 10
544.99
 20
413.58374331550806
 10
544.99
 20
413.1827272727273
 10
544.99
 20
412.7817112299465
 10
544.99
 20
412.38069518716577
 10
544.99
 20
411.97967914438505
 10
544.99
 20
411.57866310160426
 10
544.99
 20
411.17764705882354
 10
544.99
 20
410.77663101604276
 10
544.99
 20
410.37561497326203
 10
544.99
 20
409.9745989304813
 10
544.99
 20
409.5735828877005
 10
544.99
 20
409.1725668449198
 10
544.99
 20
408.771550802139
 10
544.99
 20
408.3705347593583
 10
544.99
 20
407.96951871657757
 10
544.99
 20
407.5685026737968
 10
544.99
 20
407.16748663101606
 10
544.99
 20
406.7664705882353
 10
544.99
 20
406.36545454545455
 10
544.99
 20
405.9644385026738
 10
544.99
 20
405.56342245989305
 10
544.99
 20
405.1624064171123
 10
544.99
 20
404.76139037433154
 10
544.99
 20
404.3603743315508
 10
544.99
 20
403.95935828877003
 10
544.99
 20
403.5583422459893
 10
544.99
 20
403.1573262032085
 10
544.99
 20
402.7563101604278
 10
544.99
 20
402.3552941176471
 10
544.99
 20
401.9542780748663
 10
544.99
 20
401.55326203208557
 10
544.99
 20
401.1522459893048
 10
544.99
 20
400.75122994652406
 10
544.99
 20
400.35021390374334
 10
544.99
 20
399.94919786096256
 10
544.99
 20
399.54818181818183
 10
544.99
 20
399.14716577540105
 10
544.99
 20
398.7461497326203
 10
544.99
 20
398.3451336898396
 10
544.99
 20
397.9441176470588
 10
544.99
 20
397.5431016042781
 10
544.99
 20
397.1420855614973
 10
544.99
 20
396.7410695187166
 10
544.99
 20
396.3400534759358
 10
544.99
 20
395.9390374331551
 10
544.99
 20
395.5380213903743
 10
544.99
 20
395.1370053475936
 10
544.99
 20
394.73598930481285
 10
544.99
 20
394.33497326203207
 10
544.99
 20
393.93395721925134
 10
544.99
 20
393.53294117647056
 10
544.99
 20
393.13192513368983
 10
544.99
 20
392.7309090909091
 10
544.99
 20
392.3298930481283
 10
544.99
 20
391.9288770053476
 10
544.99
 20
391.5278609625668
 10
544.99
 20
391.1268449197861
 10
544.99
 20
390.72582887700537
 10
544.99
 20
390.3248128342246
 10
544.99
 20
389.92379679144386
 10
544.99
 20
389.5227807486631
 10
544.99
 20
389.12176470588236
 10
544.99
 20
388.7207486631016
 10
544.99
 20
388.31973262032085
 10
544.99
 20
387.9187165775401
 10
544.99
 20
387.51770053475934
 10
544.99
 20
387.1166844919786
 10
544.99
 20
386.71566844919784
 10
544.99
 20
386.3146524064171
 10
544.99
 20
385.91363636363633
 10
544.99
 20
385.5126203208556
 10
544.99
 20
385.1116042780749
 10
544.99
 20
384.7105882352941
 10
544.99
 20
384.3095721925134
 10
544.99
 20
383.9085561497326
 10
544.99
 20
383.50754010695186
 10
544.99
 20
383.10652406417114
 10
544.99
 20
382.70550802139036
 10
544.99
 20
382.30449197860963
 10
544.99
 20
381.90347593582885
 10
544.99
 20
381.5024598930481
 10
544.99
 20
381.1014438502674
 10
544.99
 20
380.7004278074866
 10
544.99
 20
380.2994117647059
 10
544.99
 20
379.8983957219251
 10
544.99
 20
379.4973796791444
 10
544.99
 20
379.09636363636366
 10
544.99
 20
378.6953475935829
 10
544.99
 20
378.29433155080216
 10
544.99
 20
377.8933155080214
 10
544.99
 20
377.49229946524065
 10
544.99
 20
377.09128342245987
 10
544.99
 20
376.69026737967914
 10
544.99
 20
376.28925133689836
 10
544.99
 20
375.88823529411764
 10
544.99
 20
375.4872192513369
 10
544.99
 20
375.0862032085561
 10
544.99
 20
374.6851871657754
 10
544.99
 20
374.2841711229946
 10
544.99
 20
373.8831550802139
 10
544.99
 20
373.48213903743317
 10
544.99
 20
373.0811229946524
 10
544.99
 20
372.68010695187166
 10
544.99
 20
372.2790909090909
 10
544.99
 20
371.87807486631016
 10
544.99
 20
371.47705882352943
 10
544.99
 20
371.07604278074865
 10
544.99
 20
370.6750267379679
 10
544.99
 20
370.27401069518714
 10
544.99
 20
369.8729946524064
 10
544.99
 20
369.47197860962564
 10
544.99
 20
369.0709625668449
 10
544.99
 20
368.6699465240642
 10
544.99
 20
368.2689304812834
 10
544.99
 20
367.8679144385027
 10
544.99
 20
367.4668983957219
 10
544.99
 20
367.0658823529412
 10
544.99
 20
366.66486631016045
 10
544.99
 20
366.26385026737967
 10
544.99
 20
365.86283422459894
 10
544.99
 20
365.46181818181816
 10
544.99
 20
365.06080213903743
 10
544.99
 20
364.6597860962567
 10
544.99
 20
364.2587700534759
 10
544.99
 20
363.8577540106952
 10
544.99
 20
363.4567379679144
 10
544.99
 20
363.0557219251337
 10
544.99
 20
362.6547058823529
 10
544.99
 20
362.2536898395722
 10
544.99
 20
361.85267379679146
 10
544.99
 20
361.4516577540107
 10
544.99
 20
361.05064171122996
 10
544.99
 20
360.6496256684492
 10
544.99
 20
360.24860962566845
 10
544.99
 20
359.8475935828877
 10
544.99
 20
359.44657754010694
 10
544.99
 20
359.04556149732616
 10
544.99
 20
358.64454545454544
 10
544.99
 20
358.2435294117647
 10
544.99
 20
357.84251336898393
 10
544.99
 20
357.4414973262032
 10
544.99
 20
357.0404812834224
 10
544.99
 20
356.6394652406417
 10
544.99
 20
356.238449197861
 10
544.99
 20
355.8374331550802
 10
544.99
 20
355.43641711229947
 10
544.99
 20
355.0354010695187
 10
544.99
 20
354.63438502673796
 10
544.99
 20
354.23336898395723
 10
544.99
 20
353.83235294117645
 10
544.99
 20
353.4313368983957
 10
544.99
 20
353.03032085561495
 10
544.99
 20
352.6293048128342
 10
544.99
 20
352.2282887700535
 10
544.99
 20
351.8272727272727
 10
544.99
 20
351.426256684492
 10
544.99
 20
351.0252406417112
 10
544.99
 20
350.6242245989305
 10
544.99
 20
350.2232085561497
 10
544.99
 20
349.822192513369
 10
544.99
 20
349.4211764705882
 10
544.99
 20
349.02016042780747
 10
544.99
 20
348.61914438502674
 10
544.99
 20
348.21812834224596
 10
544.99
 20
347.81711229946524
 10
544.99
 20
347.41609625668445
 10
544.99
 20
347.01508021390373
 10
544.604064171123
 20
347.0
 10
544.2030481283423
 20
347.0
 10
543.8020320855615
 20
347.0
 10
543.4010160427807
 20
347.0
 10
543.0
 20
347.0
 10
543.0
 20
347.4010160427808
 10
543.0
 20
347.8020320855615
 10
543.0
 20
348.2030481283423
 10
543.0
 20
348.604064171123
 10
543.0
 20
349.00508021390374
 10
543.0
 20
349.4060962566845
 10
543.0
 20
349.80711229946525
 10
543.0
 20
350.208128342246
 10
543.0
 20
350.60914438502675
 10
543.0
 20
351.0101604278075
 10
543.0
 20
351.41117647058826
 10
543.0
 20
351.812192513369
 10
543.0
 20
352.21320855614977
 10
543.0
 20
352.6142245989305
 10
543.0
 20
353.0152406417113
 10
543.0
 20
353.416256684492
 10
543.0
 20
353.8172727272727
 10
543.0
 20
354.2182887700535
 10
543.0
 20
354.61930481283423
 10
543.0
 20
355.02032085561495
 10
543.0
 20
355.42133689839574
 10
543.0
 20
355.8223529411765
 10
543.0
 20
356.22336898395724
 10
543.0
 20
356.62438502673797
 10
543.0
 20
357.02540106951875
 10
543.0
 20
357.4264171122995
 10
543.0
 20
357.82743315508026
 10
543.0
 20
358.228449197861
 10
543.0
 20
358.6294652406417
 10
543.0
 20
359.0304812834225
 10
543.0
 20
359.4314973262032
 10
543.0
 20
359.832513368984
 10
543.0
 20
360.2335294117647
 10
543.0
 20
360.63454545454545
 10
543.0
 20
361.0355614973262
 10
543.0
 20
361.436577540107
 10
543.0
 20
361.83759358288773
 10
543.0
 20
362.23860962566846
 10
543.0
 20
362.6396256684492
 10
543.0
 20
363.04064171122997
 10
543.0
 20
363.4416577540107
 10
543.0
 20
363.8426737967915
 10
543.0
 20
364.2436898395722
 10
543.0
 20
364.644705882353
 10
543.0
 20
365.0457219251337
 10
543.0
 20
365.4467379679145
 10
543.0
 20
365.8477540106952
 10
543.0
 20
366.24877005347594
 10
543.0
 20
366.64978609625666
 10
543.0
 20
367.05080213903744
 10
543.0
 20
367.4518181818182
 10
543.0
 20
367.85283422459895
 10
543.0
 20
368.25385026737973
 10
543.0
 20
368.65486631016046
 10
543.0
 20
369.0558823529412
 10
543.0
 20
369.45689839572196
 10
543.0
 20
369.8579144385027
 10
543.0
 20
370.2589304812834
 10
543.0
 20
370.6599465240642
 10
543.0
 20
371.0609625668449
 10
543.0
 20
371.4619786096257
 10
543.0
 20
371.8629946524064
 10
543.0
 20
372.26401069518715
 10
543.0
 20
372.66502673796793
 10
543.0
 20
373.0660427807487
 10
543.0
 20
373.46705882352944
 10
543.0
 20
373.86807486631017
 10
543.0
 20
374.2690909090909
 10
543.0
 20
374.6701069518717
 10
543.0
 20
375.0711229946524
 10
543.0
 20
375.4721390374332
 10
543.0
 20
375.8731550802139
 10
543.0
 20
376.2741711229947
 10
543.0
 20
376.6751871657754
 10
543.0
 20
377.0762032085562
 10
543.0
 20
377.4772192513369
 10
543.0
 20
377.87823529411764
 10
543.0
 20
378.2792513368984
 10
543.0
 20
378.68026737967915
 10
543.0
 20
379.08128342245993
 10
543.0
 20
379.48229946524066
 10
543.0
 20
379.8833155080214
 10
543.0
 20
380.28433155080216
 10
543.0
 20
380.6853475935829
 10
543.0
 20
381.08636363636367
 10
543.0
 20
381.4873796791444
 10
543.0
 20
381.8883957219252
 10
543.0
 20
382.2894117647059
 10
543.0
 20
382.6904278074866
 10
543.0
 20
383.0914438502674
 10
543.0
 20
383.49245989304814
 10
543.0
 20
383.89347593582886
 10
543.0
 20
384.29449197860964
 10
543.0
 20
384.6955080213904
 10
543.0
 20
385.09652406417115
 10
543.0
 20
385.4975401069519
 10
543.0
 20
385.89855614973266
 10
543.0
 20
386.2995721925134
 10
543.0
 20
386.70058823529416
 10
543.0
 20
387.1016042780749
 10
543.0
 20
387.5026203208556
 10
543.0
 20
387.9036363636364
 10
543.0
 20
388.3046524064171
 10
543.0
 20
388.7056684491979
 10
543.0
 20
389.1066844919786
 10
543.0
 20
389.50770053475935
 10
543.0
 20
389.90871657754013
 10
543.0
 20
390.3097326203209
 10
543.0
 20
390.71074866310164
 10
543.0
 20
391.11176470588236
 10
543.0
 20
391.5127807486631
 10
543.0
 20
391.9137967914439
 10
543.0
 20
392.3148128342246
 10
543.0
 20
392.7158288770054
 10
543.0
 20
393.1168449197861
 10
543.0
 20
393.5178609625669
 10
543.0
 20
393.9188770053476
 10
543.0
 20
394.3198930481284
 10
543.0
 20
394.7209090909091
 10
543.0
 20
395.12192513368984
 10
543.0
 20
395.52294117647057
 10
543.0
 20
395.92395721925135
 10
543.0
 20
396.32497326203213
 10
543.0
 20
396.72598930481286
 10
543.0
 20
397.1270053475936
 10
543.0
 20
397.52802139037436
 10
543.0
 20
397.9290374331551
 10
543.0
 20
398.33005347593587
 10
543.0
 20
398.7310695187166
 10
543.0
 20
399.1320855614973
 10
543.0
 20
399.5331016042781
 10
543.0
 20
399.9341176470588
 10
543.0
 20
400.3351336898396
 10
543.0
 20
400.73614973262033
 10
543.0
 20
401.1371657754011
 10
543.0
 20
401.53818181818184
 10
543.0
 20
401.93919786096257
 10
543.0
 20
402.34021390374335
 10
543.0
 20
402.7412299465241
 10
543.0
 20
403.14224598930485
 10
543.0
 20
403.5432620320856
 10
543.0
 20
403.9442780748663
 10
543.0
 20
404.3452941176471
 10
543.0
 20
404.7463101604278
 10
543.0
 20
405.1473262032086
 10
543.0
 20
405.5483422459893
 10
543.0
 20
405.9493582887701
 10
543.0
 20
406.3503743315508
 10
543.0
 20
406.75139037433155
 10
543.0
 20
407.15240641711233
 10
543.0
 20
407.55342245989306
 10
543.0
 20
407.95443850267384
 10
543.0
 20
408.35545454545456
 10
543.0
 20
408.7564705882353
 10
543.0
 20
409.15748663101607
 10
543.0
 20
409.5585026737968
 10
543.0
 20
409.9595187165776
 10
543.0
 20
410.3605347593583
 10
543.0
 20
410.7615508021391
 10
543.0
 20
411.1625668449198
 10
543.0
 20
411.5635828877006
 10
543.0
 20
411.9645989304813
 10
543.0
 20
412.36561497326204
 10
543.0
 20
412.7666310160428
 10
543.0
 20
413.16764705882355
 10
543.0
 20
413.5686631016043
 10
543.0
 20
413.96967914438505
 10
543.0
 20
414.3706951871658
 10
543.0
 20
414.77171122994656
 10
543.0
 20
415.1727272727273
 10
543.0
 20
415.57374331550807
 10
543.0
 20
415.9747593582888
 10
543.0
 20
416.3757754010695
 10
543.0
 20
416.7767914438503
 10
543.0
 20
417.177807486631
 10
543.0
 20
417.5788235294118
 10
543.0
 20
417.97983957219253
 10
543.0
 20
418.3808556149733
 10
543.0
 20
418.78187165775404
 10
543.0
 20
419.18288770053476
 10
543.0
 20
419.58390374331555
 10
543.0
 20
419.98491978609627
 10
543.385935828877
 20
420.0
 10
543.7869518716577
 20
420.0
 10
544.1879679144386
 20
420.0
 10
544.5889839572193
 20
420.0
 10
544.99
 20
420.0
 10
544.99
 20
419.5989839572193
 10
544.99
 20
419.1979679144385
 10
544.99
 20
418.79695187165777
  0
HATCH
  5
103
330
17
100
AcDbEntity
  8
23_ШТРИХОВКА
 62
7
100
AcDbHatch
 10
0.0
 20
0.0
 30
0.0
210
0.0
220
0.0
230
1.0
  2
ANSI31
 70
0
 71
0
 91
1
 92
3
 72
0
 73
1
 93
456
 10
545.0
 20
375.2026213612045
 10
545.0
 20
375.60349514827266
 10
545.0
 20
376.00436893534084
 10
545.0
 20
376.40524272240896
 10
545.0
 20
376.80611650947714
 10
545.0
 20
377.2069902965453
 10
545.0
 20
377.60786408361344
 10
545.0
 20
378.0087378706816
 10
545.0
 20
378.4096116577498
 10
545.0
 20
378.81048544481797
 10
545.0
 20
379.21135923188615
 10
545.0
 20
379.61223301895427
 10
545.0
 20
380.01310680602245
 10
545.0
 20
380.4139805930906
 10
545.0
 20
380.81485438015875
 10
545.0
 20
381.2157281672269
 10
545.0
 20
381.6166019542951
 10
545.0
 20
382.0174757413632
 10
545.0
 20
382.4183495284314
 10
545.0
 20
382.8192233154996
 10
545.0
 20
383.2200971025677
 10
545.0
 20
383.62097088963594
 10
545.0
 20
384.02184467670406
 10
545.0
 20
384.42271846377224
 10
545.0
 20
384.8235922508404
 10
545.0
 20
385.22446603790854
 10
545.0
 20
385.6253398249767
 10
545.0
 20
386.0262136120449
 10
545.0
 20
386.427087399113
 10
545.0
 20
386.8279611861812
 10
545.0
 20
387.2288349732494
 10
545.0
 20
387.6297087603175
 10
545.0
 20
388.0305825473857
 10
545.0
 20
388.43145633445386
 10
545.0
 20
388.83233012152203
 10
545.0
 20
389.2332039085902
 10
545.0
 20
389.63407769565833
 10
545.0
 20
390.0349514827265
 10
545.0
 20
390.4358252697947
 10
545.0
 20
390.8366990568628
 10
545.0
 20
391.237572843931
 10
545.0
 20
391.63844663099917
 10
545.0
 20
392.0393204180673
 10
545.0
 20
392.44019420513547
 10
545.0
 20
392.84106799220365
 10
545.0
 20
393.2419417792718
 10
545.0
 20
393.64281556634
 10
545.0
 20
394.0436893534081
 10
545.0
 20
394.4445631404763
 10
545.0
 20
394.8454369275445
 10
545.0
 20
395.2463107146126
 10
545.0
 20
395.6471845016808
 10
545.0
 20
396.04805828874896
 10
545.0
 20
396.4489320758171
 10
545.0
 20
396.84980586288526
 10
545.0
 20
397.25067964995344
 10
545.0
 20
397.6515534370216
 10
545.0
 20
398.0524272240898
 10
545.0
 20
398.4533010111579
 10
545.0
 20
398.8541747982261
 10
545.0
 20
399.2550485852943
 10
545.0
 20
399.6559223723624
 10
545.0
 20
400.0567961594306
 10
545.0
 20
400.45766994649875
 10
545.0
 20
400.8585437335669
 10
545.0
 20
401.25941752063505
 10
545.0
 20
401.66029130770323
 10
545.0
 20
402.0611650947714
 10
545.0
 20
402.46203888183953
 10
545.0
 20
402.8629126689077
 10
545.0
 20
403.2637864559759
 10
545.0
 20
403.66466024304407
 10
545.0
 20
404.0655340301122
 10
545.0
 20
404.46640781718037
 10
545.0
 20
404.86728160424855
 10
545.0
 20
405.26815539131667
 10
545.0
 20
405.66902917838485
 10
545.0
 20
406.069902965453
 10
545.0
 20
406.47077675252115
 10
545.0
 20
406.8716505395893
 10
545.0
 20
407.2725243266575
 10
545.0
 20
407.6733981137257
 10
545.0
 20
408.0742719007938
 10
545.0
 20
408.475145687862
 10
545.0
 20
408.87601947493016
 10
545.0
 20
409.27689326199834
 10
545.0
 20
409.67776704906646
 10
545.0
 20
410.07864083613464
 10
545.0
 20
410.4795146232028
 10
545.0
 20
410.88038841027094
 10
545.0
 20
411.2812621973391
 10
545.0
 20
411.6821359844073
 10
545.0
 20
412.0830097714755
 10
545.0
 20
412.4838835585436
 10
545.0
 20
412.8847573456118
 10
545.0
 20
413.28563113267995
 10
545.0
 20
413.68650491974813
 10
545.0
 20
414.08737870681625
 10
545.0
 20
414.48825249388443
 10
545.0
 20
414.8891262809526
 10
545.0
 20
415.29000006802073
 10
545.0
 20
415.6908738550889
 10
545.0
 20
416.0917476421571
 10
545.0
 20
416.49262142922527
 10
545.0
 20
416.8934952162934
 10
545.0
 20
417.29436900336157
 10
545.0
 20
417.69524279042975
 10
545.0
 20
418.0961165774979
 10
545.0
 20
418.49699036456605
 10
545.0
 20
418.8978641516342
 10
545.0
 20
419.2987379387024
 10
545.0
 20
419.6996117257705
 10
545.1004855128388
 20
420.0
 10
545.5013592999069
 20
420.0
 10
545.902233086975
 20
420.0
 10
546.3031068740432
 20
420.0
 10
546.7039806611114
 20
420.0
 10
547.1048544481795
 20
420.0
 10
547.5057282352477
 20
420.0
 10
547.9066020223158
 20
420.0
 10
548.307475809384
 20
420.0
 10
548.7083495964522
 20
420.0
 10
549.1092233835203
 20
420.0
 10
549.5100971705886
 20
420.0
 10
549.9109709576567
 20
420.0
 10
550.3118447447248
 20
420.0
 10
550.712718531793
 20
420.0
 10
551.1135923188612
 20
420.0
 10
551.5144661059293
 20
420.0
 10
551.9153398929975
 20
420.0
 10
552.3162136800656
 20
420.0
 10
552.7170874671338
 20
420.0
 10
553.117961254202
 20
420.0
 10
553.5188350412701
 20
420.0
 10
553.9197088283383
 20
420.0
 10
554.3205826154065
 20
420.0
 10
554.7214564024746
 20
420.0
 10
555.1223301895428
 20
420.0
 10
555.523203976611
 20
420.0
 10
555.9240777636791
 20
420.0
 10
556.3249515507473
 20
420.0
 10
556.7258253378154
 20
420.0
 10
557.1266991248835
 20
420.0
 10
557.5275729119518
 20
420.0
 10
557.9284466990199
 20
420.0
 10
558.3293204860881
 20
420.0
 10
558.7301942731563
 20
420.0
 10
559.1310680602244
 20
420.0
 10
559.5319418472925
 20
420.0
 10
559.9328156343607
 20
420.0
 10
560.3336894214289
 20
420.0
 10
560.7345632084971
 20
420.0
 10
561.1354369955652
 20
420.0
 10
561.5363107826333
 20
420.0
 10
561.9371845697016
 20
420.0
 10
562.3380583567697
 20
420.0
 10
562.7389321438378
 20
420.0
 10
563.139805930906
 20
420.0
 10
563.5406797179742
 20
420.0
 10
563.9415535050423
 20
420.0
 10
564.3424272921105
 20
420.0
 10
564.7433010791787
 20
420.0
 10
565.1441748662469
 20
420.0
 10
565.545048653315
 20
420.0
 10
565.9459224403831
 20
420.0
 10
566.3467962274514
 20
420.0
 10
566.7332857821917
 20
419.98561576767224
 10
566.7332857821917
 20
419.58474198060406
 10
566.7332857821917
 20
419.1838681935359
 10
566.7332857821917
 20
418.7829944064677
 10
566.7332857821917
 20
418.38212061939953
 10
566.7332857821917
 20
417.9812468323314
 10
566.7332857821917
 20
417.58037304526323
 10
566.7332857821917
 20
417.17949925819505
 10
566.7332857821917
 20
416.77862547112693
 10
566.7332857821917
 20
416.37775168405875
 10
566.7332857821917
 20
415.9768778969906
 10
566.7332857821917
 20
415.57600410992245
 10
566.7332857821917
 20
415.1751303228543
 10
566.7332857821917
 20
414.7742565357861
 10
566.7332857821917
 20
414.3733827487179
 10
566.7332857821917
 20
413.97250896164974
 10
566.7332857821917
 20
413.5716351745816
 10
566.7332857821917
 20
413.17076138751344
 10
566.7332857821917
 20
412.76988760044526
 10
566.7332857821917
 20
412.36901381337714
 10
566.7332857821917
 20
411.96814002630896
 10
566.7332857821917
 20
411.5672662392408
 10
566.7332857821917
 20
411.16639245217266
 10
566.7332857821917
 20
410.7655186651045
 10
566.7332857821917
 20
410.3646448780363
 10
566.7332857821917
 20
409.9637710909681
 10
566.7332857821917
 20
409.56289730389994
 10
566.7332857821917
 20
409.1620235168318
 10
566.7332857821917
 20
408.76114972976364
 10
566.7332857821917
 20
408.36027594269547
 10
566.7332857821917
 20
407.95940215562734
 10
566.7332857821917
 20
407.55852836855917
 10
566.7332857821917
 20
407.157654581491
 10
566.7332857821917
 20
406.75678079442287
 10
566.7332857821917
 20
406.3559070073547
 10
566.7332857821917
 20
405.9550332202865
 10
566.7332857821917
 20
405.55415943321833
 10
566.7332857821917
 20
405.15328564615015
 10
566.7332857821917
 20
404.75241185908203
 10
566.7332857821917
 20
404.35153807201385
 10
566.7332857821917
 20
403.9506642849457
 10
566.7332857821917
 20
403.54979049787755
 10
566.7332857821917
 20
403.1489167108094
 10
566.7332857821917
 20
402.7480429237412
 10
566.7332857821917
 20
402.3471691366731
 10
566.7332857821917
 20
401.9462953496049
 10
566.7332857821917
 20
401.5454215625367
 10
566.7332857821917
 20
401.1445477754686
 10
566.7332857821917
 20
400.7436739884004
 10
566.7332857821917
 20
400.34280020133224
 10
566.7332857821917
 20
399.94192641426406
 10
566.7332857821917
 20
399.5410526271959
 10
566.7332857821917
 20
399.14017884012776
 10
566.7332857821917
 20
398.7393050530596
 10
566.7332857821917
 20
398.3384312659914
 10
566.7332857821917
 20
397.9375574789233
 10
566.7332857821917
 20
397.5366836918551
 10
566.7332857821917
 20
397.1358099047869
 10
566.7508248027267
 20
396.7357113984697
 10
566.8431334910576
 20
396.3462995209421
 10
567.011125060503
 20
395.98306221986167
 10
567.248073023447
 20
395.6605437441775
 10
567.544489835106
 20
395.3916579355769
 10
567.8885067807621
 20
395.1871711501789
 10
568.2663492065305
 20
395.055271166895
 10
568.662888065126
 20
395.0012393436352
 10
569.0637473074285
 20
395.0
 10
569.4646210944966
 20
395.0
 10
569.8654948815647
 20
395.0
 10
570.2663686686329
 20
395.0
 10
570.6672424557011
 20
395.0
 10
571.0681162427693
 20
395.0
 10
571.4689900298374
 20
395.0
 10
571.8698638169055
 20
395.0
 10
572.2707376039738
 20
395.0
 10
572.6716113910419
 20
395.0
 10
573.07248517811
 20
395.0
 10
573.4733589651782
 20
395.0
 10
573.8742327522464
 20
395.0
 10
574.2751065393145
 20
395.0
 10
574.6759803263827
 20
395.0
 10
575.0768541134508
 20
395.0
 10
575.4777279005191
 20
395.0
 10
575.8786016875872
 20
395.0
 10
576.2794754746553
 20
395.0
 10
576.6803492617236
 20
395.0
 10
577.0812230487917
 20
395.0
 10
577.4820968358598
 20
395.0
 10
577.882970622928
 20
395.0
 10
578.2838444099962
 20
395.0
 10
578.6847181970643
 20
395.0
 10
579.0855919841325
 20
395.0
 10
579.4864657712006
 20
395.0
 10
579.8873395582689
 20
395.0
 10
580.288213345337
 20
395.0
 10
580.6890871324051
 20
395.0
 10
581.0899609194734
 20
395.0
 10
581.4908347065415
 20
395.0
 10
581.8917084936096
 20
395.0
 10
582.2925822806778
 20
395.0
 10
582.693456067746
 20
395.0
 10
583.0943298548141
 20
395.0
 10
583.4952036418823
 20
395.0
 10
583.8960774289504
 20
395.0
 10
584.2969512160187
 20
395.0
 10
584.6978250030868
 20
395.0
 10
585.0986987901549
 20
395.0
 10
585.4995725772231
 20
395.0
 10
585.9004463642913
 20
395.0
 10
586.3013201513594
 20
395.0
 10
586.7021939384276
 20
395.0
 10
587.1030677254957
 20
395.0
 10
587.5039415125639
 20
395.0
 10
587.9048152996321
 20
395.0
 10
588.0
 20
394.6943109132998
 10
588.0
 20
394.2934371262316
 10
588.0759691914255
 20
393.9240308085744
 10
588.3594297646614
 20
393.6405702353386
 10
588.6428903378973
 20
393.35710966210274
 10
588.9263509111331
 20
393.07364908886694
 10
589.2098114843689
 20
392.7901885156311
 10
589.4932720576047
 20
392.5067279423953
 10
589.7767326308406
 20
392.22326736915943
 10
590.0601932040764
 20
391.93980679592363
 10
590.3436537773123
 20
391.6563462226878
 10
590.627114350548
 20
391.372885649452
 10
590.9105749237839
 20
391.0894250762161
 10
591.1940354970197
 20
390.80596450298026
 10
591.4774960702555
 20
390.52250392974446
 10
591.7609566434913
 20
390.23904335650866
 10
592.0
 20
389.93718456970157
 10
592.0
 20
389.5363107826334
 10
592.0
 20
389.1354369955652
 10
592.0
 20
388.7345632084971
 10
592.0
 20
388.3336894214289
 10
592.0
 20
387.93281563436074
 10
592.0
 20
387.53194184729256
 10
592.0
 20
387.13106806022444
 10
592.0
 20
386.73019427315626
 10
592.0
 20
386.3293204860881
 10
592.0
 20
385.9284466990199
 10
592.0
 20
385.5275729119518
 10
592.0
 20
385.1266991248836
 10
592.0
 20
384.7258253378154
 10
592.0
 20
384.3249515507473
 10
592.0
 20
383.9240777636791
 10
592.0
 20
383.52320397661094
 10
592.0
 20
383.12233018954277
 10
592.0
 20
382.72145640247464
 10
592.0
 20
382.32058261540647
 10
592.0
 20
381.9197088283383
 10
592.0
 20
381.51883504127017
 10
592.0
 20
381.117961254202
 10
592.0
 20
380.7170874671338
 10
592.0
 20
380.31621368006563
 10
592.0
 20
379.9153398929975
 10
592.0
 20
379.51446610592933
 10
592.0
 20
379.11359231886115
 10
592.0
 20
378.71271853179303
 10
592.0
 20
378.31184474472485
 10
592.0
 20
377.9109709576567
 10
592.0
 20
377.5100971705885
 10
592.0
 20
377.1092233835204
 10
592.0
 20
376.7083495964522
 10
592.0
 20
376.307475809384
 10
592.0
 20
375.9066020223159
 10
592.0
 20
375.5057282352477
 10
592.0
 20
375.10485444817954
 10
592.0
 20
374.70398066111136
 10
592.0
 20
374.30310687404324
 10
591.902233086975
 20
374.0
 10
591.5013592999069
 20
374.0
 10
591.1004855128388
 20
374.0
 10
590.6996117257706
 20
374.0
 10
590.2987379387024
 20
374.0
 10
589.8978641516343
 20
374.0
 10
589.496990364566
 20
374.0
 10
589.0961165774979
 20
374.0
 10
588.6952427904298
 20
374.0
 10
588.2943690033616
 20
374.0
 10
587.8934952162934
 20
374.0
 10
587.4926214292252
 20
374.0
 10
587.0917476421571
 20
374.0
 10
586.690873855089
 20
374.0
 10
586.2900000680208
 20
374.0
 10
585.8891262809526
 20
374.0
 10
585.4882524938845
 20
374.0
 10
585.0873787068163
 20
374.0
 10
584.6865049197481
 20
374.0
 10
584.28563113268
 20
374.0
 10
583.8847573456119
 20
374.0
 10
583.4838835585437
 20
374.0
 10
583.0830097714755
 20
374.0
 10
582.6821359844073
 20
374.0
 10
582.2812621973392
 20
374.0
 10
581.880388410271
 20
374.0
 10
581.4795146232028
 20
374.0
 10
581.0786408361347
 20
374.0
 10
580.6777670490665
 20
374.0
 10
580.2768932619983
 20
374.0
 10
579.8760194749302
 20
374.0
 10
579.475145687862
 20
374.0
 10
579.0742719007939
 20
374.0
 10
578.6733981137257
 20
374.0
 10
578.2725243266575
 20
374.0
 10
577.8716505395894
 20
374.0
 10
577.4707767525213
 20
374.0
 10
577.069902965453
 20
374.0
 10
576.6690291783849
 20
374.0
 10
576.2681553913167
 20
374.0
 10
575.8672816042485
 20
374.0
 10
575.4664078171804
 20
374.0
 10
575.0655340301122
 20
374.0
 10
574.6646602430441
 20
374.0
 10
574.2637864559758
 20
374.0
 10
573.8629126689077
 20
374.0
 10
573.4620388818396
 20
374.0
 10
573.0611650947715
 20
374.0
 10
572.6602913077032
 20
374.0
 10
572.2594175206351
 20
374.0
 10
571.8585437335669
 20
374.0
 10
571.4576699464988
 20
374.0
 10
571.0567961594306
 20
374.0
 10
570.6559223723624
 20
374.0
 10
570.2550485852943
 20
374.0
 10
569.854174798226
 20
374.0
 10
569.4533010111579
 20
374.0
 10
569.0524272240898
 20
374.0
 10
568.6515534370217
 20
374.0
 10
568.2506796499534
 20
374.0
 10
567.8498058628853
 20
374.0
 10
567.4489320758171
 20
374.0
 10
567.048058288749
 20
374.0
 10
566.6471845016808
 20
374.0
 10
566.2463107146126
 20
374.0
 10
565.8454369275445
 20
374.0
 10
565.4445631404762
 20
374.0
 10
565.0436893534081
 20
374.0
 10
564.64281556634
 20
374.0
 10
564.2419417792719
 20
374.0
 10
563.8410679922036
 20
374.0
 10
563.4401942051355
 20
374.0
 10
563.0393204180673
 20
374.0
 10
562.6384466309992
 20
374.0
 10
562.237572843931
 20
374.0
 10
561.8366990568628
 20
374.0
 10
561.4358252697947
 20
374.0
 10
561.0349514827266
 20
374.0
 10
560.6340776956583
 20
374.0
 10
560.2332039085902
 20
374.0
 10
559.8323301215221
 20
374.0
 10
559.4314563344539
 20
374.0
 10
559.0305825473857
 20
374.0
 10
558.6297087603175
 20
374.0
 10
558.2288349732494
 20
374.0
 10
557.8279611861813
 20
374.0
 10
557.4270873991131
 20
374.0
 10
557.0262136120449
 20
374.0
 10
556.6253398249768
 20
374.0
 10
556.2244660379085
 20
374.0
 10
555.8235922508404
 20
374.0
 10
555.4227184637723
 20
374.0
 10
555.0218446767041
 20
374.0
 10
554.6209708896359
 20
374.0
 10
554.2200971025677
 20
374.0
 10
553.8192233154996
 20
374.0
 10
553.4183495284315
 20
374.0
 10
553.0174757413633
 20
374.0
 10
552.6166019542951
 20
374.0
 10
552.215728167227
 20
374.0
 10
551.8148543801587
 20
374.0
 10
551.4139805930906
 20
374.0
 10
551.0131068060225
 20
374.0
 10
550.6122330189543
 20
374.0
 10
550.2113592318861
 20
374.0
 10
549.8104854448179
 20
374.0
 10
549.4096116577498
 20
374.0
 10
549.0087378706817
 20
374.0
 10
548.6078640836135
 20
374.0
 10
548.2069902965453
 20
374.0
 10
547.8061165094772
 20
374.0
 10
547.405242722409
 20
374.0
 10
547.0043689353408
 20
374.0
 10
546.6034951482727
 20
374.0
 10
546.2026213612045
 20
374.0
 10
545.8017475741364
 20
374.0
 10
545.4008737870681
 20
374.0
 10
545.0
 20
374.0
 10
545.0
 20
374.4008737870682
 10
545.0
 20
374.80174757413636
 97
0
 75
1
 76
1
 52
0.0
 41
0.5
 77
0
 78
1
 53
45.0
 43
0.0
 44
0.0
 45
-1.1225320152
 46
1.1225320152
 79
0
 98
0
  0
LWPOLYLINE
  5
104
330
17
100
AcDbEntity
  8
20_ВИДИМЫЕ
100
AcDbPolyline
 90
457
 70
1
 10
545.0
 20
375.2026213612045
 10
545.0
 20
375.60349514827266
 10
545.0
 20
376.00436893534084
 10
545.0
 20
376.40524272240896
 10
545.0
 20
376.80611650947714
 10
545.0
 20
377.2069902965453
 10
545.0
 20
377.60786408361344
 10
545.0
 20
378.0087378706816
 10
545.0
 20
378.4096116577498
 10
545.0
 20
378.81048544481797
 10
545.0
 20
379.21135923188615
 10
545.0
 20
379.61223301895427
 10
545.0
 20
380.01310680602245
 10
545.0
 20
380.4139805930906
 10
545.0
 20
380.81485438015875
 10
545.0
 20
381.2157281672269
 10
545.0
 20
381.6166019542951
 10
545.0
 20
382.0174757413632
 10
545.0
 20
382.4183495284314
 10
545.0
 20
382.8192233154996
 10
545.0
 20
383.2200971025677
 10
545.0
 20
383.62097088963594
 10
545.0
 20
384.02184467670406
 10
545.0
 20
384.42271846377224
 10
545.0
 20
384.8235922508404
 10
545.0
 20
385.22446603790854
 10
545.0
 20
385.6253398249767
 10
545.0
 20
386.0262136120449
 10
545.0
 20
386.427087399113
 10
545.0
 20
386.8279611861812
 10
545.0
 20
387.2288349732494
 10
545.0
 20
387.6297087603175
 10
545.0
 20
388.0305825473857
 10
545.0
 20
388.43145633445386
 10
545.0
 20
388.83233012152203
 10
545.0
 20
389.2332039085902
 10
545.0
 20
389.63407769565833
 10
545.0
 20
390.0349514827265
 10
545.0
 20
390.4358252697947
 10
545.0
 20
390.8366990568628
 10
545.0
 20
391.237572843931
 10
545.0
 20
391.63844663099917
 10
545.0
 20
392.0393204180673
 10
545.0
 20
392.44019420513547
 10
545.0
 20
392.84106799220365
 10
545.0
 20
393.2419417792718
 10
545.0
 20
393.64281556634
 10
545.0
 20
394.0436893534081
 10
545.0
 20
394.4445631404763
 10
545.0
 20
394.8454369275445
 10
545.0
 20
395.2463107146126
 10
545.0
 20
395.6471845016808
 10
545.0
 20
396.04805828874896
 10
545.0
 20
396.4489320758171
 10
545.0
 20
396.84980586288526
 10
545.0
 20
397.25067964995344
 10
545.0
 20
397.6515534370216
 10
545.0
 20
398.0524272240898
 10
545.0
 20
398.4533010111579
 10
545.0
 20
398.8541747982261
 10
545.0
 20
399.2550485852943
 10
545.0
 20
399.6559223723624
 10
545.0
 20
400.0567961594306
 10
545.0
 20
400.45766994649875
 10
545.0
 20
400.8585437335669
 10
545.0
 20
401.25941752063505
 10
545.0
 20
401.66029130770323
 10
545.0
 20
402.0611650947714
 10
545.0
 20
402.46203888183953
 10
545.0
 20
402.8629126689077
 10
545.0
 20
403.2637864559759
 10
545.0
 20
403.66466024304407
 10
545.0
 20
404.0655340301122
 10
545.0
 20
404.46640781718037
 10
545.0
 20
404.86728160424855
 10
545.0
 20
405.26815539131667
 10
545.0
 20
405.66902917838485
 10
545.0
 20
406.069902965453
 10
545.0
 20
406.47077675252115
 10
545.0
 20
406.8716505395893
 10
545.0
 20
407.2725243266575
 10
545.0
 20
407.6733981137257
 10
545.0
 20
408.0742719007938
 10
545.0
 20
408.475145687862
 10
545.0
 20
408.87601947493016
 10
545.0
 20
409.27689326199834
 10
545.0
 20
409.67776704906646
 10
545.0
 20
410.07864083613464
 10
545.0
 20
410.4795146232028
 10
545.0
 20
410.88038841027094
 10
545.0
 20
411.2812621973391
 10
545.0
 20
411.6821359844073
 10
545.0
 20
412.0830097714755
 10
545.0
 20
412.4838835585436
 10
545.0
 20
412.8847573456118
 10
545.0
 20
413.28563113267995
 10
545.0
 20
413.68650491974813
 10
545.0
 20
414.08737870681625
 10
545.0
 20
414.48825249388443
 10
545.0
 20
414.8891262809526
 10
545.0
 20
415.29000006802073
 10
545.0
 20
415.6908738550889
 10
545.0
 20
416.0917476421571
 10
545.0
 20
416.49262142922527
 10
545.0
 20
416.8934952162934
 10
545.0
 20
417.29436900336157
 10
545.0
 20
417.69524279042975
 10
545.0
 20
418.0961165774979
 10
545.0
 20
418.49699036456605
 10
545.0
 20
418.8978641516342
 10
545.0
 20
419.2987379387024
 10
545.0
 20
419.6996117257705
 10
545.1004855128388
 20
420.0
 10
545.5013592999069
 20
420.0
 10
545.902233086975
 20
420.0
 10
546.3031068740432
 20
420.0
 10
546.7039806611114
 20
420.0
 10
547.1048544481795
 20
420.0
 10
547.5057282352477
 20
420.0
 10
547.9066020223158
 20
420.0
 10
548.307475809384
 20
420.0
 10
548.7083495964522
 20
420.0
 10
549.1092233835203
 20
420.0
 10
549.5100971705886
 20
420.0
 10
549.9109709576567
 20
420.0
 10
550.3118447447248
 20
420.0
 10
550.712718531793
 20
420.0
 10
551.1135923188612
 20
420.0
 10
551.5144661059293
 20
420.0
 10
551.9153398929975
 20
420.0
 10
552.3162136800656
 20
420.0
 10
552.7170874671338
 20
420.0
 10
553.117961254202
 20
420.0
 10
553.5188350412701
 20
420.0
 10
553.9197088283383
 20
420.0
 10
554.3205826154065
 20
420.0
 10
554.7214564024746
 20
420.0
 10
555.1223301895428
 20
420.0
 10
555.523203976611
 20
420.0
 10
555.9240777636791
 20
420.0
 10
556.3249515507473
 20
420.0
 10
556.7258253378154
 20
420.0
 10
557.1266991248835
 20
420.0
 10
557.5275729119518
 20
420.0
 10
557.9284466990199
 20
420.0
 10
558.3293204860881
 20
420.0
 10
558.7301942731563
 20
420.0
 10
559.1310680602244
 20
420.0
 10
559.5319418472925
 20
420.0
 10
559.9328156343607
 20
420.0
 10
560.3336894214289
 20
420.0
 10
560.7345632084971
 20
420.0
 10
561.1354369955652
 20
420.0
 10
561.5363107826333
 20
420.0
 10
561.9371845697016
 20
420.0
 10
562.3380583567697
 20
420.0
 10
562.7389321438378
 20
420.0
 10
563.139805930906
 20
420.0
 10
563.5406797179742
 20
420.0
 10
563.9415535050423
 20
420.0
 10
564.3424272921105
 20
420.0
 10
564.7433010791787
 20
420.0
 10
565.1441748662469
 20
420.0
 10
565.545048653315
 20
420.0
 10
565.9459224403831
 20
420.0
 10
566.3467962274514
 20
420.0
 10
566.7332857821917
 20
419.98561576767224
 10
566.7332857821917
 20
419.58474198060406
 10
566.7332857821917
 20
419.1838681935359
 10
566.7332857821917
 20
418.7829944064677
 10
566.7332857821917
 20
418.38212061939953
 10
566.7332857821917
 20
417.9812468323314
 10
566.7332857821917
 20
417.58037304526323
 10
566.7332857821917
 20
417.17949925819505
 10
566.7332857821917
 20
416.77862547112693
 10
566.7332857821917
 20
416.37775168405875
 10
566.7332857821917
 20
415.9768778969906
 10
566.7332857821917
 20
415.57600410992245
 10
566.7332857821917
 20
415.1751303228543
 10
566.7332857821917
 20
414.7742565357861
 10
566.7332857821917
 20
414.3733827487179
 10
566.7332857821917
 20
413.97250896164974
 10
566.7332857821917
 20
413.5716351745816
 10
566.7332857821917
 20
413.17076138751344
 10
566.7332857821917
 20
412.76988760044526
 10
566.7332857821917
 20
412.36901381337714
 10
566.7332857821917
 20
411.96814002630896
 10
566.7332857821917
 20
411.5672662392408
 10
566.7332857821917
 20
411.16639245217266
 10
566.7332857821917
 20
410.7655186651045
 10
566.7332857821917
 20
410.3646448780363
 10
566.7332857821917
 20
409.9637710909681
 10
566.7332857821917
 20
409.56289730389994
 10
566.7332857821917
 20
409.1620235168318
 10
566.7332857821917
 20
408.76114972976364
 10
566.7332857821917
 20
408.36027594269547
 10
566.7332857821917
 20
407.95940215562734
 10
566.7332857821917
 20
407.55852836855917
 10
566.7332857821917
 20
407.157654581491
 10
566.7332857821917
 20
406.75678079442287
 10
566.7332857821917
 20
406.3559070073547
 10
566.7332857821917
 20
405.9550332202865
 10
566.7332857821917
 20
405.55415943321833
 10
566.7332857821917
 20
405.15328564615015
 10
566.7332857821917
 20
404.75241185908203
 10
566.7332857821917
 20
404.35153807201385
 10
566.7332857821917
 20
403.9506642849457
 10
566.7332857821917
 20
403.54979049787755
 10
566.7332857821917
 20
403.1489167108094
 10
566.7332857821917
 20
402.7480429237412
 10
566.7332857821917
 20
402.3471691366731
 10
566.7332857821917
 20
401.9462953496049
 10
566.7332857821917
 20
401.5454215625367
 10
566.7332857821917
 20
401.1445477754686
 10
566.7332857821917
 20
400.7436739884004
 10
566.7332857821917
 20
400.34280020133224
 10
566.7332857821917
 20
399.94192641426406
 10
566.7332857821917
 20
399.5410526271959
 10
566.7332857821917
 20
399.14017884012776
 10
566.7332857821917
 20
398.7393050530596
 10
566.7332857821917
 20
398.3384312659914
 10
566.7332857821917
 20
397.9375574789233
 10
566.7332857821917
 20
397.5366836918551
 10
566.7332857821917
 20
397.1358099047869
 10
566.7508248027267
 20
396.7357113984697
 10
566.8431334910576
 20
396.3462995209421
 10
567.011125060503
 20
395.98306221986167
 10
567.248073023447
 20
395.6605437441775
 10
567.544489835106
 20
395.3916579355769
 10
567.8885067807621
 20
395.1871711501789
 10
568.2663492065305
 20
395.055271166895
 10
568.662888065126
 20
395.0012393436352
 10
569.0637473074285
 20
395.0
 10
569.4646210944966
 20
395.0
 10
569.8654948815647
 20
395.0
 10
570.2663686686329
 20
395.0
 10
570.6672424557011
 20
395.0
 10
571.0681162427693
 20
395.0
 10
571.4689900298374
 20
395.0
 10
571.8698638169055
 20
395.0
 10
572.2707376039738
 20
395.0
 10
572.6716113910419
 20
395.0
 10
573.07248517811
 20
395.0
 10
573.4733589651782
 20
395.0
 10
573.8742327522464
 20
395.0
 10
574.2751065393145
 20
395.0
 10
574.6759803263827
 20
395.0
 10
575.0768541134508
 20
395.0
 10
575.4777279005191
 20
395.0
 10
575.8786016875872
 20
395.0
 10
576.2794754746553
 20
395.0
 10
576.6803492617236
 20
395.0
 10
577.0812230487917
 20
395.0
 10
577.4820968358598
 20
395.0
 10
577.882970622928
 20
395.0
 10
578.2838444099962
 20
395.0
 10
578.6847181970643
 20
395.0
 10
579.0855919841325
 20
395.0
 10
579.4864657712006
 20
395.0
 10
579.8873395582689
 20
395.0
 10
580.288213345337
 20
395.0
 10
580.6890871324051
 20
395.0
 10
581.0899609194734
 20
395.0
 10
581.4908347065415
 20
395.0
 10
581.8917084936096
 20
395.0
 10
582.2925822806778
 20
395.0
 10
582.693456067746
 20
395.0
 10
583.0943298548141
 20
395.0
 10
583.4952036418823
 20
395.0
 10
583.8960774289504
 20
395.0
 10
584.2969512160187
 20
395.0
 10
584.6978250030868
 20
395.0
 10
585.0986987901549
 20
395.0
 10
585.4995725772231
 20
395.0
 10
585.9004463642913
 20
395.0
 10
586.3013201513594
 20
395.0
 10
586.7021939384276
 20
395.0
 10
587.1030677254957
 20
395.0
 10
587.5039415125639
 20
395.0
 10
587.9048152996321
 20
395.0
 10
588.0
 20
394.6943109132998
 10
588.0
 20
394.2934371262316
 10
588.0759691914255
 20
393.9240308085744
 10
588.3594297646614
 20
393.6405702353386
 10
588.6428903378973
 20
393.35710966210274
 10
588.9263509111331
 20
393.07364908886694
 10
589.2098114843689
 20
392.7901885156311
 10
589.4932720576047
 20
392.5067279423953
 10
589.7767326308406
 20
392.22326736915943
 10
590.0601932040764
 20
391.93980679592363
 10
590.3436537773123
 20
391.6563462226878
 10
590.627114350548
 20
391.372885649452
 10
590.9105749237839
 20
391.0894250762161
 10
591.1940354970197
 20
390.80596450298026
 10
591.4774960702555
 20
390.52250392974446
 10
591.7609566434913
 20
390.23904335650866
 10
592.0
 20
389.93718456970157
 10
592.0
 20
389.5363107826334
 10
592.0
 20
389.1354369955652
 10
592.0
 20
388.7345632084971
 10
592.0
 20
388.3336894214289
 10
592.0
 20
387.93281563436074
 10
592.0
 20
387.53194184729256
 10
592.0
 20
387.13106806022444
 10
592.0
 20
386.73019427315626
 10
592.0
 20
386.3293204860881
 10
592.0
 20
385.9284466990199
 10
592.0
 20
385.5275729119518
 10
592.0
 20
385.1266991248836
 10
592.0
 20
384.7258253378154
 10
592.0
 20
384.3249515507473
 10
592.0
 20
383.9240777636791
 10
592.0
 20
383.52320397661094
 10
592.0
 20
383.12233018954277
 10
592.0
 20
382.72145640247464
 10
592.0
 20
382.32058261540647
 10
592.0
 20
381.9197088283383
 10
592.0
 20
381.51883504127017
 10
592.0
 20
381.117961254202
 10
592.0
 20
380.7170874671338
 10
592.0
 20
380.31621368006563
 10
592.0
 20
379.9153398929975
 10
592.0
 20
379.51446610592933
 10
592.0
 20
379.11359231886115
 10
592.0
 20
378.71271853179303
 10
592.0
 20
378.31184474472485
 10
592.0
 20
377.9109709576567
 10
592.0
 20
377.5100971705885
 10
592.0
 20
377.1092233835204
 10
592.0
 20
376.7083495964522
 10
592.0
 20
376.307475809384
 10
592.0
 20
375.9066020223159
 10
592.0
 20
375.5057282352477
 10
592.0
 20
375.10485444817954
 10
592.0
 20
374.70398066111136
 10
592.0
 20
374.30310687404324
 10
591.902233086975
 20
374.0
 10
591.5013592999069
 20
374.0
 10
591.1004855128388
 20
374.0
 10
590.6996117257706
 20
374.0
 10
590.2987379387024
 20
374.0
 10
589.8978641516343
 20
374.0
 10
589.496990364566
 20
374.0
 10
589.0961165774979
 20
374.0
 10
588.6952427904298
 20
374.0
 10
588.2943690033616
 20
374.0
 10
587.8934952162934
 20
374.0
 10
587.4926214292252
 20
374.0
 10
587.0917476421571
 20
374.0
 10
586.690873855089
 20
374.0
 10
586.2900000680208
 20
374.0
 10
585.8891262809526
 20
374.0
 10
585.4882524938845
 20
374.0
 10
585.0873787068163
 20
374.0
 10
584.6865049197481
 20
374.0
 10
584.28563113268
 20
374.0
 10
583.8847573456119
 20
374.0
 10
583.4838835585437
 20
374.0
 10
583.0830097714755
 20
374.0
 10
582.6821359844073
 20
374.0
 10
582.2812621973392
 20
374.0
 10
581.880388410271
 20
374.0
 10
581.4795146232028
 20
374.0
 10
581.0786408361347
 20
374.0
 10
580.6777670490665
 20
374.0
 10
580.2768932619983
 20
374.0
 10
579.8760194749302
 20
374.0
 10
579.475145687862
 20
374.0
 10
579.0742719007939
 20
374.0
 10
578.6733981137257
 20
374.0
 10
578.2725243266575
 20
374.0
 10
577.8716505395894
 20
374.0
 10
577.4707767525213
 20
374.0
 10
577.069902965453
 20
374.0
 10
576.6690291783849
 20
374.0
 10
576.2681553913167
 20
374.0
 10
575.8672816042485
 20
374.0
 10
575.4664078171804
 20
374.0
 10
575.0655340301122
 20
374.0
 10
574.6646602430441
 20
374.0
 10
574.2637864559758
 20
374.0
 10
573.8629126689077
 20
374.0
 10
573.4620388818396
 20
374.0
 10
573.0611650947715
 20
374.0
 10
572.6602913077032
 20
374.0
 10
572.2594175206351
 20
374.0
 10
571.8585437335669
 20
374.0
 10
571.4576699464988
 20
374.0
 10
571.0567961594306
 20
374.0
 10
570.6559223723624
 20
374.0
 10
570.2550485852943
 20
374.0
 10
569.854174798226
 20
374.0
 10
569.4533010111579
 20
374.0
 10
569.0524272240898
 20
374.0
 10
568.6515534370217
 20
374.0
 10
568.2506796499534
 20
374.0
 10
567.8498058628853
 20
374.0
 10
567.4489320758171
 20
374.0
 10
567.048058288749
 20
374.0
 10
566.6471845016808
 20
374.0
 10
566.2463107146126
 20
374.0
 10
565.8454369275445
 20
374.0
 10
565.4445631404762
 20
374.0
 10
565.0436893534081
 20
374.0
 10
564.64281556634
 20
374.0
 10
564.2419417792719
 20
374.0
 10
563.8410679922036
 20
374.0
 10
563.4401942051355
 20
374.0
 10
563.0393204180673
 20
374.0
 10
562.6384466309992
 20
374.0
 10
562.237572843931
 20
374.0
 10
561.8366990568628
 20
374.0
 10
561.4358252697947
 20
374.0
 10
561.0349514827266
 20
374.0
 10
560.6340776956583
 20
374.0
 10
560.2332039085902
 20
374.0
 10
559.8323301215221
 20
374.0
 10
559.4314563344539
 20
374.0
 10
559.0305825473857
 20
374.0
 10
558.6297087603175
 20
374.0
 10
558.2288349732494
 20
374.0
 10
557.8279611861813
 20
374.0
 10
557.4270873991131
 20
374.0
 10
557.0262136120449
 20
374.0
 10
556.6253398249768
 20
374.0
 10
556.2244660379085
 20
374.0
 10
555.8235922508404
 20
374.0
 10
555.4227184637723
 20
374.0
 10
555.0218446767041
 20
374.0
 10
554.6209708896359
 20
374.0
 10
554.2200971025677
 20
374.0
 10
553.8192233154996
 20
374.0
 10
553.4183495284315
 20
374.0
 10
553.0174757413633
 20
374.0
 10
552.6166019542951
 20
374.0
 10
552.215728167227
 20
374.0
 10
551.8148543801587
 20
374.0
 10
551.4139805930906
 20
374.0
 10
551.0131068060225
 20
374.0
 10
550.6122330189543
 20
374.0
 10
550.2113592318861
 20
374.0
 10
549.8104854448179
 20
374.0
 10
549.4096116577498
 20
374.0
 10
549.0087378706817
 20
374.0
 10
548.6078640836135
 20
374.0
 10
548.2069902965453
 20
374.0
 10
547.8061165094772
 20
374.0
 10
547.405242722409
 20
374.0
 10
547.0043689353408
 20
374.0
 10
546.6034951482727
 20
374.0
 10
546.2026213612045
 20
374.0
 10
545.8017475741364
 20
374.0
 10
545.4008737870681
 20
374.0
 10
545.0
 20
374.0
 10
545.0
 20
374.4008737870682
 10
545.0
 20
374.80174757413636
 10
545.0
 20
375.2026213612045
  0
LWPOLYLINE
  5
105
330
17
100
AcDbEntity
  8
22_ТОНКИЕ
100
AcDbPolyline
 90
296
 70
1
 10
545.4
 20
359.0
 10
545.8
 20
359.0
 10
546.2
 20
359.0
 10
546.6
 20
359.0
 10
547.0
 20
359.0
 10
547.4
 20
359.0
 10
547.8
 20
359.0
 10
548.2
 20
359.0
 10
548.6
 20
359.0
 10
549.0
 20
359.0
 10
549.4
 20
359.0
 10
549.8
 20
359.0
 10
550.2
 20
359.0
 10
550.6
 20
359.0
 10
551.0
 20
359.0
 10
551.4
 20
359.0
 10
551.8
 20
359.0
 10
552.2
 20
359.0
 10
552.6
 20
359.0
 10
553.0
 20
359.0
 10
553.4
 20
359.0
 10
553.8
 20
359.0
 10
554.2
 20
359.0
 10
554.6
 20
359.0
 10
555.0
 20
359.0
 10
555.4
 20
359.0
 10
555.8
 20
359.0
 10
556.2
 20
359.0
 10
556.6
 20
359.0
 10
557.0
 20
359.0
 10
557.4
 20
359.0
 10
557.8
 20
359.0
 10
558.2
 20
359.0
 10
558.6
 20
359.0
 10
559.0
 20
359.0
 10
559.4
 20
359.0
 10
559.8
 20
359.0
 10
560.2
 20
359.0
 10
560.6
 20
359.0
 10
561.0
 20
359.0
 10
561.4
 20
359.0
 10
561.8
 20
359.0
 10
562.2
 20
359.0
 10
562.6
 20
359.0
 10
563.0
 20
359.0
 10
563.4
 20
359.0
 10
563.8
 20
359.0
 10
564.2
 20
359.0
 10
564.6
 20
359.0
 10
565.0
 20
359.0
 10
565.4
 20
359.0
 10
565.8
 20
359.0
 10
566.2
 20
359.0
 10
566.6
 20
359.0
 10
567.0
 20
359.0
 10
567.4
 20
359.0
 10
567.8
 20
359.0
 10
568.2
 20
359.0
 10
568.6
 20
359.0
 10
569.0
 20
359.0
 10
569.4
 20
359.0
 10
569.8
 20
359.0
 10
570.2
 20
359.0
 10
570.6
 20
359.0
 10
571.0
 20
359.0
 10
571.4
 20
359.0
 10
571.8
 20
359.0
 10
572.2
 20
359.0
 10
572.6
 20
359.0
 10
573.0
 20
359.0
 10
573.4
 20
359.0
 10
573.8
 20
359.0
 10
574.2
 20
359.0
 10
574.6
 20
359.0
 10
575.0
 20
359.0
 10
575.4
 20
359.0
 10
575.8
 20
359.0
 10
576.2
 20
359.0
 10
576.6
 20
359.0
 10
577.0
 20
359.0
 10
577.4
 20
359.0
 10
577.8
 20
359.0
 10
578.2
 20
359.0
 10
578.6
 20
359.0
 10
579.0
 20
359.0
 10
579.4
 20
359.0
 10
579.8
 20
359.0
 10
580.2
 20
359.0
 10
580.6
 20
359.0
 10
581.0
 20
359.0
 10
581.4
 20
359.0
 10
581.8
 20
359.0
 10
582.2
 20
359.0
 10
582.6
 20
359.0
 10
583.0
 20
359.0
 10
583.4
 20
359.0
 10
583.8
 20
359.0
 10
584.2
 20
359.0
 10
584.6
 20
359.0
 10
585.0
 20
359.0
 10
585.4
 20
359.0
 10
585.8
 20
359.0
 10
586.2
 20
359.0
 10
586.6
 20
359.0
 10
587.0
 20
359.0
 10
587.4
 20
359.0
 10
587.8
 20
359.0
 10
588.2
 20
359.0
 10
588.6
 20
359.0
 10
589.0
 20
359.0
 10
589.4
 20
359.0
 10
589.8
 20
359.0
 10
590.2
 20
359.0
 10
590.6
 20
359.0
 10
591.0
 20
359.0
 10
591.4
 20
359.0
 10
591.8
 20
359.0
 10
592.0
 20
358.8
 10
592.0
 20
358.4
 10
592.0
 20
358.0
 10
592.0
 20
357.6
 10
592.0
 20
357.20000000000005
 10
592.0
 20
356.8
 10
592.0
 20
356.4
 10
592.0
 20
356.0
 10
592.0
 20
355.6
 10
592.0
 20
355.20000000000005
 10
592.0
 20
354.8
 10
592.0
 20
354.4
 10
592.0
 20
354.0
 10
592.0
 20
353.6
 10
592.0
 20
353.20000000000005
 10
592.0
 20
352.8
 10
592.0
 20
352.4
 10
592.0
 20
352.0
 10
592.0
 20
351.6
 10
592.0
 20
351.20000000000005
 10
592.0
 20
350.8
 10
592.0
 20
350.4
 10
592.0
 20
350.0
 10
592.0
 20
349.6
 10
592.0
 20
349.2
 10
592.0
 20
348.8
 10
592.0
 20
348.4
 10
592.0
 20
348.0
 10
592.0
 20
347.6
 10
592.0
 20
347.2
 10
591.8
 20
347.0
 10
591.4
 20
347.0
 10
591.0
 20
347.0
 10
590.6
 20
347.0
 10
590.2
 20
347.0
 10
589.8
 20
347.0
 10
589.4
 20
347.0
 10
589.0
 20
347.0
 10
588.6
 20
347.0
 10
588.2
 20
347.0
 10
587.8
 20
347.0
 10
587.4
 20
347.0
 10
587.0
 20
347.0
 10
586.6
 20
347.0
 10
586.2
 20
347.0
 10
585.8000000000001
 20
347.0
 10
585.4
 20
347.0
 10
585.0
 20
347.0
 10
584.6
 20
347.0
 10
584.2
 20
347.0
 10
583.8
 20
347.0
 10
583.4
 20
347.0
 10
583.0
 20
347.0
 10
582.6
 20
347.0
 10
582.2
 20
347.0
 10
581.8
 20
347.0
 10
581.4
 20
347.0
 10
581.0
 20
347.0
 10
580.6
 20
347.0
 10
580.2
 20
347.0
 10
579.8
 20
347.0
 10
579.4
 20
347.0
 10
579.0
 20
347.0
 10
578.6
 20
347.0
 10
578.2
 20
347.0
 10
577.8
 20
347.0
 10
577.4
 20
347.0
 10
577.0
 20
347.0
 10
576.6
 20
347.0
 10
576.2
 20
347.0
 10
575.8000000000001
 20
347.0
 10
575.4
 20
347.0
 10
575.0
 20
347.0
 10
574.6
 20
347.0
 10
574.2
 20
347.0
 10
573.8
 20
347.0
 10
573.4
 20
347.0
 10
573.0
 20
347.0
 10
572.6
 20
347.0
 10
572.2
 20
347.0
 10
571.8
 20
347.0
 10
571.4
 20
347.0
 10
571.0
 20
347.0
 10
570.6
 20
347.0
 10
570.2
 20
347.0
 10
569.8
 20
347.0
 10
569.4
 20
347.0
 10
569.0
 20
347.0
 10
568.6
 20
347.0
 10
568.2
 20
347.0
 10
567.8
 20
347.0
 10
567.4
 20
347.0
 10
567.0
 20
347.0
 10
566.6
 20
347.0
 10
566.2
 20
347.0
 10
565.8
 20
347.0
 10
565.4
 20
347.0
 10
565.0
 20
347.0
 10
564.6
 20
347.0
 10
564.2
 20
347.0
 10
563.8
 20
347.0
 10
563.4
 20
347.0
 10
563.0
 20
347.0
 10
562.6
 20
347.0
 10
562.2
 20
347.0
 10
561.8000000000001
 20
347.0
 10
561.4
 20
347.0
 10
561.0
 20
347.0
 10
560.6
 20
347.0
 10
560.2
 20
347.0
 10
559.8
 20
347.0
 10
559.4
 20
347.0
 10
559.0
 20
347.0
 10
558.6
 20
347.0
 10
558.2
 20
347.0
 10
557.8
 20
347.0
 10
557.4
 20
347.0
 10
557.0
 20
347.0
 10
556.6
 20
347.0
 10
556.2
 20
347.0
 10
555.8
 20
347.0
 10
555.4
 20
347.0
 10
555.0
 20
347.0
 10
554.6
 20
347.0
 10
554.2
 20
347.0
 10
553.8
 20
347.0
 10
553.4
 20
347.0
 10
553.0
 20
347.0
 10
552.6
 20
347.0
 10
552.2
 20
347.0
 10
551.8000000000001
 20
347.0
 10
551.4
 20
347.0
 10
551.0
 20
347.0
 10
550.6
 20
347.0
 10
550.2
 20
347.0
 10
549.8
 20
347.0
 10
549.4
 20
347.0
 10
549.0
 20
347.0
 10
548.6
 20
347.0
 10
548.2
 20
347.0
 10
547.8
 20
347.0
 10
547.4
 20
347.0
 10
547.0
 20
347.0
 10
546.6
 20
347.0
 10
546.2
 20
347.0
 10
545.8
 20
347.0
 10
545.4
 20
347.0
 10
545.0
 20
347.0
 10
545.0
 20
347.4
 10
545.0
 20
347.8
 10
545.0
 20
348.2
 10
545.0
 20
348.6
 10
545.0
 20
349.0
 10
545.0
 20
349.4
 10
545.0
 20
349.8
 10
545.0
 20
350.2
 10
545.0
 20
350.6
 10
545.0
 20
351.0
 10
545.0
 20
351.4
 10
545.0
 20
351.8
 10
545.0
 20
352.2
 10
545.0
 20
352.6
 10
545.0
 20
353.0
 10
545.0
 20
353.4
 10
545.0
 20
353.8
 10
545.0
 20
354.2
 10
545.0
 20
354.6
 10
545.0
 20
355.0
 10
545.0
 20
355.4
 10
545.0
 20
355.8
 10
545.0
 20
356.2
 10
545.0
 20
356.6
 10
545.0
 20
357.0
 10
545.0
 20
357.4
 10
545.0
 20
357.8
 10
545.0
 20
358.2
 10
545.0
 20
358.6
 10
545.0
 20
359.0
 10
545.4
 20
359.0
  0
LWPOLYLINE
  5
106
330
17
100
AcDbEntity
  8
22_ТОНКИЕ
100
AcDbPolyline
 90
622
 70
1
 10
494.06799746065235
 20
420.0
 10
494.4686390820744
 20
420.0
 10
494.86928070349643
 20
420.0
 10
495.26992232491847
 20
420.0
 10
495.6705639463405
 20
420.0
 10
496.07120556776255
 20
420.0
 10
496.4718471891846
 20
420.0
 10
496.87248881060657
 20
420.0
 10
497.2731304320286
 20
420.0
 10
497.67377205345065
 20
420.0
 10
498.0744136748727
 20
420.0
 10
498.4750552962947
 20
420.0
 10
498.87569691771677
 20
420.0
 10
499.2763385391388
 20
420.0
 10
499.67698016056084
 20
420.0
 10
500.0776217819828
 20
420.0
 10
500.47826340340487
 20
420.0
 10
500.8789050248269
 20
420.0
 10
501.27954664624895
 20
420.0
 10
501.680188267671
 20
420.0
 10
502.080829889093
 20
420.0
 10
502.48147151051506
 20
420.0
 10
502.8821131319371
 20
420.0
 10
503.2827547533591
 20
420.0
 10
503.6833963747811
 20
420.0
 10
504.08403799620316
 20
420.0
 10
504.4846796176252
 20
420.0
 10
504.88532123904724
 20
420.0
 10
505.2859628604693
 20
420.0
 10
505.6866044818913
 20
420.0
 10
506.08724610331336
 20
420.0
 10
506.4878877247354
 20
420.0
 10
506.8885293461574
 20
420.0
 10
507.2891709675794
 20
420.0
 10
507.68981258900146
 20
420.0
 10
508.0904542104235
 20
420.0
 10
508.49109583184554
 20
420.0
 10
508.8917374532676
 20
420.0
 10
509.2923790746896
 20
420.0
 10
509.6930206961116
 20
420.0
 10
510.09366231753364
 20
420.0
 10
510.4943039389557
 20
420.0
 10
510.8949455603777
 20
420.0
 10
511.29558718179976
 20
420.0
 10
511.6962288032218
 20
420.0
 10
512.0968704246438
 20
420.0
 10
512.4975120460658
 20
420.0
 10
512.8981536674879
 20
420.0
 10
513.2987952889099
 20
420.0
 10
513.699436910332
 20
420.0
 10
514.100078531754
 20
420.0
 10
514.5007201531761
 20
420.0
 10
514.9013617745981
 20
420.0
 10
515.0
 20
419.6979966039799
 10
515.0
 20
419.29735498255786
 10
515.0
 20
418.8967133611359
 10
515.0
 20
418.49607173971384
 10
515.0
 20
418.0954301182918
 10
515.0
 20
417.69478849686976
 10
515.0
 20
417.2941468754477
 10
515.0
 20
416.8935052540257
 10
515.0
 20
416.49286363260364
 10
515.0
 20
416.0922220111816
 10
515.0
 20
415.69158038975957
 10
515.0
 20
415.2909387683376
 10
515.0
 20
414.89029714691554
 10
515.0
 20
414.4896555254935
 10
515.0
 20
414.08901390407146
 10
515.0
 20
413.6883722826494
 10
515.0
 20
413.2877306612274
 10
515.0
 20
412.88708903980535
 10
515.0
 20
412.48644741838336
 10
515.0
 20
412.08580579696127
 10
515.0
 20
411.6851641755393
 10
515.0
 20
411.28452255411725
 10
515.0
 20
410.8838809326952
 10
515.0
 20
410.48323931127317
 10
515.0
 20
410.0825976898511
 10
515.0
 20
409.6819560684291
 10
515.0
 20
409.28131444700705
 10
515.0
 20
408.88067282558507
 10
515.0
 20
408.480031204163
 10
515.0
 20
408.079389582741
 10
515.0
 20
407.67874796131895
 10
515.0
 20
407.2781063398969
 10
515.0
 20
406.87746471847487
 10
515.0
 20
406.47682309705283
 10
515.0
 20
406.0761814756308
 10
515.0
 20
405.67553985420875
 10
515.0
 20
405.27489823278677
 10
515.0
 20
404.87425661136473
 10
515.0
 20
404.4736149899427
 10
515.0
 20
404.07297336852065
 10
515.0
 20
403.6723317470986
 10
515.0
 20
403.27169012567657
 10
515.0
 20
402.87104850425453
 10
515.0
 20
402.47040688283255
 10
515.0
 20
402.0697652614105
 10
515.0
 20
401.66912363998847
 10
515.0
 20
401.26848201856643
 10
515.0
 20
400.8678403971444
 10
515.0
 20
400.46719877572235
 10
515.0
 20
400.0665571543003
 10
515.0
 20
399.66591553287833
 10
515.0
 20
399.26527391145623
 10
515.0
 20
398.86463229003425
 10
515.0
 20
398.4639906686122
 10
515.0
 20
398.0633490471902
 10
515.0
 20
397.66270742576813
 10
515.0
 20
397.2620658043461
 10
515.0
 20
396.86142418292405
 10
515.0
 20
396.460782561502
 10
515.0
 20
396.06014094008003
 10
515.0
 20
395.65949931865794
 10
515.0
 20
395.25885769723595
 10
515.0
 20
394.8582160758139
 10
515.0
 20
394.4575744543919
 10
515.0
 20
394.05693283296984
 10
515.0
 20
393.6562912115478
 10
515.0
 20
393.25564959012576
 10
515.0
 20
392.8550079687037
 10
515.0
 20
392.45436634728173
 10
515.0
 20
392.05372472585964
 10
515.0
 20
391.65308310443766
 10
515.0
 20
391.2524414830156
 10
515.0
 20
390.8517998615936
 10
515.0
 20
390.45115824017154
 10
515.0
 20
390.0505166187495
 10
515.0
 20
389.6498749973275
 10
515.0
 20
389.2492333759054
 10
515.0
 20
388.84859175448344
 10
515.0
 20
388.4479501330614
 10
515.0
 20
388.04730851163936
 10
515.0
 20
387.6466668902173
 10
515.0
 20
387.2460252687953
 10
515.0
 20
386.84538364737324
 10
515.0
 20
386.4447420259512
 10
515.0
 20
386.0441004045292
 10
515.0
 20
385.6434587831071
 10
515.0
 20
385.24281716168514
 10
515.0
 20
384.8421755402631
 10
515.0
 20
384.44153391884106
 10
515.0
 20
384.040892297419
 10
515.0
 20
383.640250675997
 10
515.0
 20
383.239609054575
 10
515.0
 20
382.8389674331529
 10
515.0
 20
382.4383258117309
 10
515.0
 20
382.0376841903089
 10
515.0
 20
381.63704256888684
 10
515.0
 20
381.2364009474648
 10
515.0
 20
380.83575932604276
 10
515.0
 20
380.4351177046207
 10
515.0
 20
380.0344760831987
 10
515.0
 20
379.6338344617767
 10
515.0
 20
379.2331928403546
 10
515.0
 20
378.8325512189326
 10
515.0
 20
378.4319095975106
 10
515.0
 20
378.03126797608854
 10
515.0
 20
377.6306263546665
 10
515.0
 20
377.22998473324446
 10
515.0
 20
376.8293431118225
 10
515.0
 20
376.4287014904004
 10
515.0
 20
376.0280598689784
 10
515.0
 20
375.62741824755636
 10
515.0
 20
375.2267766261343
 10
515.0
 20
374.8261350047123
 10
515.0
 20
374.42549338329025
 10
515.0
 20
374.0248517618682
 10
515.0
 20
373.62421014044617
 10
515.0
 20
373.2235685190242
 10
515.0
 20
372.8229268976021
 10
515.0
 20
372.4222852761801
 10
515.0
 20
372.02164365475807
 10
515.0
 20
371.621002033336
 10
515.0
 20
371.220360411914
 10
515.0
 20
370.81971879049195
 10
515.0
 20
370.4190771690699
 10
515.0
 20
370.01843554764787
 10
515.0
 20
369.6177939262259
 10
515.0
 20
369.2171523048038
 10
515.0
 20
368.8165106833818
 10
515.0
 20
368.41586906195977
 10
515.0
 20
368.0152274405377
 10
515.0
 20
367.6145858191157
 10
515.0
 20
367.21394419769365
 10
515.0
 20
366.8133025762716
 10
515.0
 20
366.41266095484957
 10
515.0
 20
366.0120193334276
 10
515.0
 20
365.6113777120055
 10
515.0
 20
365.2107360905835
 10
515.0
 20
364.81009446916147
 10
515.0
 20
364.40945284773943
 10
515.0
 20
364.0088112263174
 10
515.0
 20
363.60816960489535
 10
515.0
 20
363.20752798347337
 10
515.0
 20
362.8068863620513
 10
515.0
 20
362.4062447406293
 10
515.0
 20
362.00560311920725
 10
515.0
 20
361.6049614977852
 10
515.0
 20
361.2043198763632
 10
515.0
 20
360.80367825494113
 10
515.0
 20
360.4030366335191
 10
515.0
 20
360.00239501209705
 10
515.0
 20
359.60175339067507
 10
515.0
 20
359.20111176925303
 10
515.0
 20
358.800470147831
 10
515.0
 20
358.39982852640895
 10
515.0
 20
357.9991869049869
 10
515.0
 20
357.5985452835649
 10
515.0
 20
357.19790366214283
 10
515.0
 20
356.7972620407208
 10
515.0
 20
356.39662041929876
 10
515.0
 20
355.9959787978768
 10
515.0
 20
355.59533717645473
 10
515.0
 20
355.1946955550327
 10
515.0
 20
354.79405393361066
 10
515.0
 20
354.3934123121886
 10
515.0
 20
353.9927706907666
 10
515.0
 20
353.59212906934454
 10
515.0
 20
353.19148744792255
 10
515.0
 20
352.7908458265005
 10
515.0
 20
352.3902042050785
 10
515.0
 20
351.98956258365644
 10
515.0
 20
351.5889209622344
 10
515.0
 20
351.18827934081236
 10
515.0
 20
350.7876377193903
 10
515.0
 20
350.3869960979683
 10
515.0
 20
349.9863544765463
 10
515.0
 20
349.58571285512426
 10
515.0
 20
349.1850712337022
 10
515.0
 20
348.7844296122802
 10
515.0
 20
348.38378799085814
 10
515.0
 20
347.9831463694361
 10
515.0
 20
347.58250474801406
 10
515.0
 20
347.181863126592
 10
514.78122150517
 20
347.0
 10
514.3805798837479
 20
347.0
 10
513.979938262326
 20
347.0
 10
513.579296640904
 20
347.0
 10
513.1786550194819
 20
347.0
 10
512.7780133980598
 20
347.0
 10
512.3773717766378
 20
347.0
 10
511.97673015521576
 20
347.0
 10
511.5760885337937
 20
347.0
 10
511.17544691237174
 20
347.0
 10
510.7748052909497
 20
347.0
 10
510.37416366952766
 20
347.0
 10
509.9735220481056
 20
347.0
 10
509.5728804266836
 20
347.0
 10
509.17223880526154
 20
347.0
 10
508.7715971838395
 20
347.0
 10
508.3709555624175
 20
347.0
 10
507.9703139409955
 20
347.0
 10
507.56967231957344
 20
347.0
 10
507.1690306981514
 20
347.0
 10
506.76838907672936
 20
347.0
 10
506.3677474553073
 20
347.0
 10
505.9671058338853
 20
347.0
 10
505.56646421246325
 20
347.0
 10
505.1658225910412
 20
347.0
 10
504.7651809696192
 20
347.0
 10
504.3645393481972
 20
347.0
 10
503.96389772677514
 20
347.0
 10
503.5632561053531
 20
347.0
 10
503.16261448393107
 20
347.0
 10
502.761972862509
 20
347.0
 10
502.361331241087
 20
347.0
 10
501.960689619665
 20
347.0
 10
501.5600479982429
 20
347.0
 10
501.1594063768209
 20
347.0
 10
500.7587647553989
 20
347.0
 10
500.35812313397685
 20
347.0
 10
499.9574815125548
 20
347.0
 10
499.55683989113277
 20
347.0
 10
499.1561982697108
 20
347.0
 10
498.7555566482887
 20
347.0
 10
498.3549150268667
 20
347.0
 10
497.95427340544467
 20
347.0
 10
497.5536317840226
 20
347.0
 10
497.1529901626006
 20
347.0
 10
496.75234854117855
 20
347.0
 10
496.3517069197565
 20
347.0
 10
495.95106529833447
 20
347.0
 10
495.5504236769125
 20
347.0
 10
495.1497820554904
 20
347.0
 10
494.7491404340684
 20
347.0
 10
494.34849881264637
 20
347.0
 10
493.94785719122433
 20
347.0
 10
493.5472155698023
 20
347.0
 10
493.14657394838025
 20
347.0
 10
492.7459323269582
 20
347.0
 10
492.3452907055362
 20
347.0
 10
491.9446490841142
 20
347.0
 10
491.5440074626921
 20
347.0
 10
491.1433658412701
 20
347.0
 10
490.74272421984807
 20
347.0
 10
490.34208259842603
 20
347.0
 10
489.941440977004
 20
347.0
 10
489.54079935558195
 20
347.0
 10
489.14015773415997
 20
347.0
 10
488.7395161127379
 20
347.0
 10
488.3388744913159
 20
347.0
 10
487.93823286989385
 20
347.0
 10
487.5375912484718
 20
347.0
 10
487.1369496270498
 20
347.0
 10
486.73630800562773
 20
347.0
 10
486.3356663842057
 20
347.0
 10
485.93502476278366
 20
347.0
 10
485.5343831413617
 20
347.0
 10
485.1337415199396
 20
347.0
 10
484.7330998985176
 20
347.0
 10
484.33245827709555
 20
347.0
 10
483.9318166556735
 20
347.0
 10
483.5311750342515
 20
347.0
 10
483.13053341282944
 20
347.0
 10
482.7298917914074
 20
347.0
 10
482.32925016998536
 20
347.0
 10
481.9286085485634
 20
347.0
 10
481.52796692714134
 20
347.0
 10
481.1273253057193
 20
347.0
 10
480.72668368429726
 20
347.0
 10
480.3260420628752
 20
347.0
 10
479.9254004414532
 20
347.0
 10
479.52475882003114
 20
347.0
 10
479.12411719860916
 20
347.0
 10
478.72347557718706
 20
347.0
 10
478.3228339557651
 20
347.0
 10
477.922192334343
 20
347.0
 10
477.521550712921
 20
347.0
 10
477.12090909149896
 20
347.0
 10
476.7202674700769
 20
347.0
 10
476.3196258486549
 20
347.0
 10
475.91898422723284
 20
347.0
 10
475.51834260581086
 20
347.0
 10
475.1177009843888
 20
347.0
 10
474.7170593629668
 20
347.0
 10
474.31641774154474
 20
347.0
 10
473.9157761201227
 20
347.0
 10
473.51513449870066
 20
347.0
 10
473.1144928772786
 20
347.0
 10
472.71385125585664
 20
347.0
 10
472.31320963443454
 20
347.0
 10
471.91256801301256
 20
347.0
 10
471.51192639159046
 20
347.0
 10
471.1112847701685
 20
347.0
 10
470.71064314874644
 20
347.0
 10
470.3100015273244
 20
347.0
 10
469.90935990590236
 20
347.0
 10
469.5087182844803
 20
347.0
 10
469.10807666305834
 20
347.0
 10
468.70743504163624
 20
347.0
 10
468.30679342021426
 20
347.0
 10
467.9061517987922
 20
347.0
 10
467.5055101773702
 20
347.0
 10
467.10486855594814
 20
347.0
 10
466.7042269345261
 20
347.0
 10
466.3035853131041
 20
347.0
 10
465.902943691682
 20
347.0
 10
465.50230207026004
 20
347.0
 10
465.10166044883795
 20
347.0
 10
464.70101882741596
 20
347.0
 10
464.30037720599387
 20
347.0
 10
463.8997355845719
 20
347.0
 10
463.4990939631499
 20
347.0
 10
463.0984523417278
 20
347.0
 10
462.6978107203058
 20
347.0
 10
462.2971690988837
 20
347.0
 10
462.0
 20
347.10347252253825
 10
462.0
 20
347.50411414396035
 10
462.0
 20
347.90475576538233
 10
462.0
 20
348.30539738680443
 10
462.0
 20
348.7060390082264
 10
462.0
 20
349.1066806296485
 10
462.0
 20
349.5073222510705
 10
462.0
 20
349.90796387249253
 10
462.0
 20
350.30860549391457
 10
462.0
 20
350.7092471153366
 10
462.0
 20
351.10988873675865
 10
462.0
 20
351.51053035818063
 10
462.0
 20
351.91117197960267
 10
462.0
 20
352.3118136010247
 10
462.0
 20
352.71245522244675
 10
462.0
 20
353.1130968438688
 10
462.0
 20
353.5137384652908
 10
462.0
 20
353.91438008671287
 10
462.0
 20
354.31502170813485
 10
462.0
 20
354.71566332955695
 10
462.0
 20
355.11630495097893
 10
462.0
 20
355.516946572401
 10
462.0
 20
355.917588193823
 10
462.0
 20
356.31822981524505
 10
462.0
 20
356.7188714366671
 10
462.0
 20
357.1195130580891
 10
462.0
 20
357.52015467951117
 10
462.0
 20
357.92079630093315
 10
462.0
 20
358.3214379223552
 10
462.0
 20
358.7220795437772
 10
462.0
 20
359.12272116519927
 10
462.0
 20
359.5233627866213
 10
462.0
 20
359.92400440804334
 10
462.0
 20
360.3246460294654
 10
462.0
 20
360.72528765088737
 10
462.0
 20
361.12592927230946
 10
462.0
 20
361.52657089373145
 10
462.0
 20
361.92721251515354
 10
462.0
 20
362.3278541365755
 10
462.0
 20
362.72849575799756
 10
462.0
 20
363.1291373794196
 10
462.0
 20
363.52977900084164
 10
462.0
 20
363.9304206222637
 10
462.0
 20
364.33106224368566
 10
462.0
 20
364.73170386510776
 10
462.0
 20
365.13234548652974
 10
462.0
 20
365.5329871079518
 10
462.0
 20
365.9336287293738
 10
462.0
 20
366.33427035079586
 10
462.0
 20
366.7349119722179
 10
462.0
 20
367.1355535936399
 10
462.0
 20
367.536195215062
 10
462.0
 20
367.93683683648396
 10
462.0
 20
368.33747845790606
 10
462.0
 20
368.73812007932804
 10
462.0
 20
369.13876170075014
 10
462.0
 20
369.5394033221721
 10
462.0
 20
369.94004494359416
 10
462.0
 20
370.3406865650162
 10
462.0
 20
370.7413281864382
 10
462.0
 20
371.1419698078603
 10
462.0
 20
371.54261142928226
 10
462.0
 20
371.9432530507043
 10
462.0
 20
372.34389467212634
 10
462.0
 20
372.7445362935484
 10
462.0
 20
373.1451779149704
 10
462.0
 20
373.54581953639246
 10
462.0
 20
373.9464611578145
 10
462.0
 20
374.3471027792365
 10
462.0
 20
374.7477444006586
 10
462.0
 20
375.14838602208056
 10
462.0
 20
375.54902764350265
 10
462.0
 20
375.94966926492464
 10
462.0
 20
376.3503108863467
 10
462.0
 20
376.7509525077687
 10
462.0
 20
377.1515941291907
 10
462.0
 20
377.5522357506128
 10
462.0
 20
377.9528773720348
 10
462.0
 20
378.3535189934568
 10
462.0
 20
378.75416061487886
 10
462.0
 20
379.1548022363009
 10
462.0
 20
379.55544385772293
 10
462.0
 20
379.956085479145
 10
462.0
 20
380.356727100567
 10
462.0
 20
380.757368721989
 10
462.0
 20
381.1580103434111
 10
462.0
 20
381.5586519648331
 10
462.0
 20
381.95929358625517
 10
462.0
 20
382.35993520767715
 10
462.0
 20
382.76057682909914
 10
462.0
 20
383.16121845052123
 10
462.0
 20
383.5618600719432
 10
462.0
 20
383.9625016933653
 10
462.0
 20
384.3631433147873
 10
462.0
 20
384.7637849362094
 10
462.0
 20
385.1644265576314
 10
462.0
 20
385.5650681790534
 10
462.0
 20
385.96570980047545
 10
462.0
 20
386.3663514218975
 10
462.0
 20
386.76699304331953
 10
462.0
 20
387.1676346647415
 10
462.0
 20
387.5682762861636
 10
462.0
 20
387.9689179075856
 10
462.0
 20
388.3695595290077
 10
462.0
 20
388.77020115042967
 10
462.0
 20
389.1708427718517
 10
462.0
 20
389.57148439327375
 10
462.0
 20
389.97212601469573
 10
462.3727676361178
 20
390.0
 10
462.7734092575398
 20
390.0
 10
463.1740508789619
 20
390.0
 10
463.5746925003839
 20
390.0
 10
463.97533412180593
 20
390.0
 10
464.37597574322797
 20
390.0
 10
464.77661736465
 20
390.0
 10
465.17725898607205
 20
390.0
 10
465.5779006074941
 20
390.0
 10
465.9785422289161
 20
390.0
 10
466.3791838503381
 20
390.0
 10
466.7798254717602
 20
390.0
 10
467.1804670931822
 20
390.0
 10
467.5811087146042
 20
390.0
 10
467.98175033602627
 20
390.0
 10
468.2703919461829
 20
390.2703919461829
 10
468.55368835351595
 20
390.55368835351595
 10
468.8369847608491
 20
390.8369847608491
 10
469.12028116818215
 20
391.12028116818215
 10
469.40357757551527
 20
391.40357757551527
 10
469.68687398284834
 20
391.68687398284834
 10
469.97017039018147
 20
391.97017039018147
 10
470.25346679751453
 20
392.25346679751453
 10
470.5367632048476
 20
392.5367632048476
 10
470.8200596121807
 20
392.8200596121807
 10
471.1033560195138
 20
393.1033560195138
 10
471.3866524268469
 20
393.3866524268469
 10
471.66994883418
 20
393.66994883418
 10
471.95324524151306
 20
393.95324524151306
 10
472.0
 20
394.3345204078644
 10
472.0
 20
394.7351620292864
 10
472.13580365070845
 20
395.0
 10
472.53644527213044
 20
395.0
 10
472.93708689355253
 20
395.0
 10
473.3377285149745
 20
395.0
 10
473.7383701363966
 20
395.0
 10
474.1390117578186
 20
395.0
 10
474.53965337924063
 20
395.0
 10
474.9402950006627
 20
395.0
 10
475.3409366220847
 20
395.0
 10
475.74157824350675
 20
395.0
 10
476.1422198649288
 20
395.0
 10
476.54286148635083
 20
395.0
 10
476.9435031077728
 20
395.0
 10
477.34414472919485
 20
395.0
 10
477.7447863506169
 20
395.0
 10
478.14542797203893
 20
395.0
 10
478.54606959346097
 20
395.0
 10
478.94671121488295
 20
395.0
 10
479.34735283630505
 20
395.0
 10
479.74799445772703
 20
395.0
 10
480.1486360791491
 20
395.0
 10
480.5492777005711
 20
395.0
 10
480.94991932199315
 20
395.0
 10
481.3505609434152
 20
395.0
 10
481.75120256483723
 20
395.0
 10
482.15184418625927
 20
395.0
 10
482.5524858076813
 20
395.0
 10
482.95312742910335
 20
395.0
 10
483.35376905052533
 20
395.0
 10
483.75441067194737
 20
395.0
 10
484.1550522933694
 20
395.0
 10
484.55569391479145
 20
395.0
 10
484.9563355362135
 20
395.0
 10
485.35697715763547
 20
395.0
 10
485.75761877905757
 20
395.0
 10
486.15826040047955
 20
395.0
 10
486.55890202190164
 20
395.0
 10
486.9595436433236
 20
395.0
 10
487.3601852647457
 20
395.0
 10
487.7608268861677
 20
395.0
 10
488.16146850758975
 20
395.0
 10
488.5621101290118
 20
395.0
 10
488.9627517504338
 20
395.0
 10
489.36339337185586
 20
395.0
 10
489.76403499327785
 20
395.0
 10
490.1646766146999
 20
395.0
 10
490.5653182361219
 20
395.0
 10
490.96595985754396
 20
395.0
 10
491.3665599582428
 20
395.00249384778994
 10
491.76203455991174
 20
395.06230607197665
 10
492.1376991139229
 20
395.1996152325849
 10
492.4785291359463
 20
395.40892972996846
 10
492.7708933284042
 20
395.6818781531107
 10
493.003098756253
 20
396.0075440893167
 10
493.1658584990877
 20
396.3729027197605
 10
493.25266307609706
 20
396.76334173950306
 10
493.26671421780827
 20
397.16342757894415
 10
493.26671421780827
 20
397.56406920036625
 10
493.26671421780827
 20
397.96471082178823
 10
493.26671421780827
 20
398.36535244321027
 10
493.26671421780827
 20
398.7659940646323
 10
493.26671421780827
 20
399.1666356860543
 10
493.26671421780827
 20
399.5672773074764
 10
493.26671421780827
 20
399.96791892889837
 10
493.26671421780827
 20
400.36856055032047
 10
493.26671421780827
 20
400.76920217174245
 10
493.26671421780827
 20
401.1698437931645
 10
493.26671421780827
 20
401.5704854145865
 10
493.26671421780827
 20
401.97112703600857
 10
493.26671421780827
 20
402.3717686574306
 10
493.26671421780827
 20
402.77241027885265
 10
493.26671421780827
 20
403.1730519002747
 10
493.26671421780827
 20
403.57369352169667
 10
493.26671421780827
 20
403.97433514311876
 10
493.26671421780827
 20
404.37497676454075
 10
493.26671421780827
 20
404.7756183859628
 10
493.26671421780827
 20
405.1762600073848
 10
493.26671421780827
 20
405.57690162880687
 10
493.26671421780827
 20
405.9775432502289
 10
493.26671421780827
 20
406.3781848716509
 10
493.26671421780827
 20
406.778826493073
 10
493.26671421780827
 20
407.17946811449497
 10
493.26671421780827
 20
407.58010973591706
 10
493.26671421780827
 20
407.98075135733905
 10
493.26671421780827
 20
408.3813929787611
 10
493.26671421780827
 20
408.7820346001831
 10
493.26671421780827
 20
409.18267622160516
 10
493.26671421780827
 20
409.5833178430272
 10
493.26671421780827
 20
409.9839594644492
 10
493.26671421780827
 20
410.3846010858713
 10
493.26671421780827
 20
410.78524270729326
 10
493.26671421780827
 20
411.1858843287153
 10
493.26671421780827
 20
411.58652595013734
 10
493.26671421780827
 20
411.9871675715594
 10
493.26671421780827
 20
412.3878091929814
 10
493.26671421780827
 20
412.7884508144034
 10
493.26671421780827
 20
413.1890924358255
 10
493.26671421780827
 20
413.5897340572475
 10
493.26671421780827
 20
413.9903756786696
 10
493.26671421780827
 20
414.39101730009156
 10
493.26671421780827
 20
414.7916589215136
 10
493.26671421780827
 20
415.19230054293564
 10
493.26671421780827
 20
415.5929421643577
 10
493.26671421780827
 20
415.9935837857797
 10
493.26671421780827
 20
416.39422540720176
 10
493.26671421780827
 20
416.7948670286238
 10
493.26671421780827
 20
417.1955086500458
 10
493.26671421780827
 20
417.5961502714678
 10
493.26671421780827
 20
417.99679189288986
 10
493.26671421780827
 20
418.3974335143119
 10
493.26671421780827
 20
418.79807513573394
 10
493.26671421780827
 20
419.1987167571559
 10
493.26671421780827
 20
419.599358378578
 10
493.26671421780827
 20
420.0
 10
493.6673558392303
 20
420.0
 10
494.06799746065235
 20
420.0
  0
LWPOLYLINE
  5
107
330
17
100
AcDbEntity
  8
22_ТОНКИЕ
100
AcDbPolyline
 90
457
 70
1
 10
545.0
 20
374.80174757413636
 10
545.0
 20
375.2026213612045
 10
545.0
 20
375.60349514827266
 10
545.0
 20
376.00436893534084
 10
545.0
 20
376.40524272240896
 10
545.0
 20
376.80611650947714
 10
545.0
 20
377.2069902965453
 10
545.0
 20
377.60786408361344
 10
545.0
 20
378.0087378706816
 10
545.0
 20
378.4096116577498
 10
545.0
 20
378.81048544481797
 10
545.0
 20
379.21135923188615
 10
545.0
 20
379.61223301895427
 10
545.0
 20
380.01310680602245
 10
545.0
 20
380.4139805930906
 10
545.0
 20
380.81485438015875
 10
545.0
 20
381.2157281672269
 10
545.0
 20
381.6166019542951
 10
545.0
 20
382.0174757413632
 10
545.0
 20
382.4183495284314
 10
545.0
 20
382.8192233154996
 10
545.0
 20
383.2200971025677
 10
545.0
 20
383.62097088963594
 10
545.0
 20
384.02184467670406
 10
545.0
 20
384.42271846377224
 10
545.0
 20
384.8235922508404
 10
545.0
 20
385.22446603790854
 10
545.0
 20
385.6253398249767
 10
545.0
 20
386.0262136120449
 10
545.0
 20
386.427087399113
 10
545.0
 20
386.8279611861812
 10
545.0
 20
387.2288349732494
 10
545.0
 20
387.6297087603175
 10
545.0
 20
388.0305825473857
 10
545.0
 20
388.43145633445386
 10
545.0
 20
388.83233012152203
 10
545.0
 20
389.2332039085902
 10
545.0
 20
389.63407769565833
 10
545.0
 20
390.0349514827265
 10
545.0
 20
390.4358252697947
 10
545.0
 20
390.8366990568628
 10
545.0
 20
391.237572843931
 10
545.0
 20
391.63844663099917
 10
545.0
 20
392.0393204180673
 10
545.0
 20
392.44019420513547
 10
545.0
 20
392.84106799220365
 10
545.0
 20
393.2419417792718
 10
545.0
 20
393.64281556634
 10
545.0
 20
394.0436893534081
 10
545.0
 20
394.4445631404763
 10
545.0
 20
394.8454369275445
 10
545.0
 20
395.2463107146126
 10
545.0
 20
395.6471845016808
 10
545.0
 20
396.04805828874896
 10
545.0
 20
396.4489320758171
 10
545.0
 20
396.84980586288526
 10
545.0
 20
397.25067964995344
 10
545.0
 20
397.6515534370216
 10
545.0
 20
398.0524272240898
 10
545.0
 20
398.4533010111579
 10
545.0
 20
398.8541747982261
 10
545.0
 20
399.2550485852943
 10
545.0
 20
399.6559223723624
 10
545.0
 20
400.0567961594306
 10
545.0
 20
400.45766994649875
 10
545.0
 20
400.8585437335669
 10
545.0
 20
401.25941752063505
 10
545.0
 20
401.66029130770323
 10
545.0
 20
402.0611650947714
 10
545.0
 20
402.46203888183953
 10
545.0
 20
402.8629126689077
 10
545.0
 20
403.2637864559759
 10
545.0
 20
403.66466024304407
 10
545.0
 20
404.0655340301122
 10
545.0
 20
404.46640781718037
 10
545.0
 20
404.86728160424855
 10
545.0
 20
405.26815539131667
 10
545.0
 20
405.66902917838485
 10
545.0
 20
406.069902965453
 10
545.0
 20
406.47077675252115
 10
545.0
 20
406.8716505395893
 10
545.0
 20
407.2725243266575
 10
545.0
 20
407.6733981137257
 10
545.0
 20
408.0742719007938
 10
545.0
 20
408.475145687862
 10
545.0
 20
408.87601947493016
 10
545.0
 20
409.27689326199834
 10
545.0
 20
409.67776704906646
 10
545.0
 20
410.07864083613464
 10
545.0
 20
410.4795146232028
 10
545.0
 20
410.88038841027094
 10
545.0
 20
411.2812621973391
 10
545.0
 20
411.6821359844073
 10
545.0
 20
412.0830097714755
 10
545.0
 20
412.4838835585436
 10
545.0
 20
412.8847573456118
 10
545.0
 20
413.28563113267995
 10
545.0
 20
413.68650491974813
 10
545.0
 20
414.08737870681625
 10
545.0
 20
414.48825249388443
 10
545.0
 20
414.8891262809526
 10
545.0
 20
415.29000006802073
 10
545.0
 20
415.6908738550889
 10
545.0
 20
416.0917476421571
 10
545.0
 20
416.49262142922527
 10
545.0
 20
416.8934952162934
 10
545.0
 20
417.29436900336157
 10
545.0
 20
417.69524279042975
 10
545.0
 20
418.0961165774979
 10
545.0
 20
418.49699036456605
 10
545.0
 20
418.8978641516342
 10
545.0
 20
419.2987379387024
 10
545.0
 20
419.6996117257705
 10
545.1004855128388
 20
420.0
 10
545.5013592999069
 20
420.0
 10
545.902233086975
 20
420.0
 10
546.3031068740432
 20
420.0
 10
546.7039806611114
 20
420.0
 10
547.1048544481795
 20
420.0
 10
547.5057282352477
 20
420.0
 10
547.9066020223158
 20
420.0
 10
548.307475809384
 20
420.0
 10
548.7083495964522
 20
420.0
 10
549.1092233835203
 20
420.0
 10
549.5100971705886
 20
420.0
 10
549.9109709576567
 20
420.0
 10
550.3118447447248
 20
420.0
 10
550.712718531793
 20
420.0
 10
551.1135923188612
 20
420.0
 10
551.5144661059293
 20
420.0
 10
551.9153398929975
 20
420.0
 10
552.3162136800656
 20
420.0
 10
552.7170874671338
 20
420.0
 10
553.117961254202
 20
420.0
 10
553.5188350412701
 20
420.0
 10
553.9197088283383
 20
420.0
 10
554.3205826154065
 20
420.0
 10
554.7214564024746
 20
420.0
 10
555.1223301895428
 20
420.0
 10
555.523203976611
 20
420.0
 10
555.9240777636791
 20
420.0
 10
556.3249515507473
 20
420.0
 10
556.7258253378154
 20
420.0
 10
557.1266991248835
 20
420.0
 10
557.5275729119518
 20
420.0
 10
557.9284466990199
 20
420.0
 10
558.3293204860881
 20
420.0
 10
558.7301942731563
 20
420.0
 10
559.1310680602244
 20
420.0
 10
559.5319418472925
 20
420.0
 10
559.9328156343607
 20
420.0
 10
560.3336894214289
 20
420.0
 10
560.7345632084971
 20
420.0
 10
561.1354369955652
 20
420.0
 10
561.5363107826333
 20
420.0
 10
561.9371845697016
 20
420.0
 10
562.3380583567697
 20
420.0
 10
562.7389321438378
 20
420.0
 10
563.139805930906
 20
420.0
 10
563.5406797179742
 20
420.0
 10
563.9415535050423
 20
420.0
 10
564.3424272921105
 20
420.0
 10
564.7433010791787
 20
420.0
 10
565.1441748662469
 20
420.0
 10
565.545048653315
 20
420.0
 10
565.9459224403831
 20
420.0
 10
566.3467962274514
 20
420.0
 10
566.7332857821917
 20
419.98561576767224
 10
566.7332857821917
 20
419.58474198060406
 10
566.7332857821917
 20
419.1838681935359
 10
566.7332857821917
 20
418.7829944064677
 10
566.7332857821917
 20
418.38212061939953
 10
566.7332857821917
 20
417.9812468323314
 10
566.7332857821917
 20
417.58037304526323
 10
566.7332857821917
 20
417.17949925819505
 10
566.7332857821917
 20
416.77862547112693
 10
566.7332857821917
 20
416.37775168405875
 10
566.7332857821917
 20
415.9768778969906
 10
566.7332857821917
 20
415.57600410992245
 10
566.7332857821917
 20
415.1751303228543
 10
566.7332857821917
 20
414.7742565357861
 10
566.7332857821917
 20
414.3733827487179
 10
566.7332857821917
 20
413.97250896164974
 10
566.7332857821917
 20
413.5716351745816
 10
566.7332857821917
 20
413.17076138751344
 10
566.7332857821917
 20
412.76988760044526
 10
566.7332857821917
 20
412.36901381337714
 10
566.7332857821917
 20
411.96814002630896
 10
566.7332857821917
 20
411.5672662392408
 10
566.7332857821917
 20
411.16639245217266
 10
566.7332857821917
 20
410.7655186651045
 10
566.7332857821917
 20
410.3646448780363
 10
566.7332857821917
 20
409.9637710909681
 10
566.7332857821917
 20
409.56289730389994
 10
566.7332857821917
 20
409.1620235168318
 10
566.7332857821917
 20
408.76114972976364
 10
566.7332857821917
 20
408.36027594269547
 10
566.7332857821917
 20
407.95940215562734
 10
566.7332857821917
 20
407.55852836855917
 10
566.7332857821917
 20
407.157654581491
 10
566.7332857821917
 20
406.75678079442287
 10
566.7332857821917
 20
406.3559070073547
 10
566.7332857821917
 20
405.9550332202865
 10
566.7332857821917
 20
405.55415943321833
 10
566.7332857821917
 20
405.15328564615015
 10
566.7332857821917
 20
404.75241185908203
 10
566.7332857821917
 20
404.35153807201385
 10
566.7332857821917
 20
403.9506642849457
 10
566.7332857821917
 20
403.54979049787755
 10
566.7332857821917
 20
403.1489167108094
 10
566.7332857821917
 20
402.7480429237412
 10
566.7332857821917
 20
402.3471691366731
 10
566.7332857821917
 20
401.9462953496049
 10
566.7332857821917
 20
401.5454215625367
 10
566.7332857821917
 20
401.1445477754686
 10
566.7332857821917
 20
400.7436739884004
 10
566.7332857821917
 20
400.34280020133224
 10
566.7332857821917
 20
399.94192641426406
 10
566.7332857821917
 20
399.5410526271959
 10
566.7332857821917
 20
399.14017884012776
 10
566.7332857821917
 20
398.7393050530596
 10
566.7332857821917
 20
398.3384312659914
 10
566.7332857821917
 20
397.9375574789233
 10
566.7332857821917
 20
397.5366836918551
 10
566.7332857821917
 20
397.1358099047869
 10
566.7508248027267
 20
396.7357113984697
 10
566.8431334910576
 20
396.3462995209421
 10
567.011125060503
 20
395.98306221986167
 10
567.248073023447
 20
395.6605437441775
 10
567.544489835106
 20
395.3916579355769
 10
567.8885067807621
 20
395.1871711501789
 10
568.2663492065305
 20
395.055271166895
 10
568.662888065126
 20
395.0012393436352
 10
569.0637473074285
 20
395.0
 10
569.4646210944966
 20
395.0
 10
569.8654948815647
 20
395.0
 10
570.2663686686329
 20
395.0
 10
570.6672424557011
 20
395.0
 10
571.0681162427693
 20
395.0
 10
571.4689900298374
 20
395.0
 10
571.8698638169055
 20
395.0
 10
572.2707376039738
 20
395.0
 10
572.6716113910419
 20
395.0
 10
573.07248517811
 20
395.0
 10
573.4733589651782
 20
395.0
 10
573.8742327522464
 20
395.0
 10
574.2751065393145
 20
395.0
 10
574.6759803263827
 20
395.0
 10
575.0768541134508
 20
395.0
 10
575.4777279005191
 20
395.0
 10
575.8786016875872
 20
395.0
 10
576.2794754746553
 20
395.0
 10
576.6803492617236
 20
395.0
 10
577.0812230487917
 20
395.0
 10
577.4820968358598
 20
395.0
 10
577.882970622928
 20
395.0
 10
578.2838444099962
 20
395.0
 10
578.6847181970643
 20
395.0
 10
579.0855919841325
 20
395.0
 10
579.4864657712006
 20
395.0
 10
579.8873395582689
 20
395.0
 10
580.288213345337
 20
395.0
 10
580.6890871324051
 20
395.0
 10
581.0899609194734
 20
395.0
 10
581.4908347065415
 20
395.0
 10
581.8917084936096
 20
395.0
 10
582.2925822806778
 20
395.0
 10
582.693456067746
 20
395.0
 10
583.0943298548141
 20
395.0
 10
583.4952036418823
 20
395.0
 10
583.8960774289504
 20
395.0
 10
584.2969512160187
 20
395.0
 10
584.6978250030868
 20
395.0
 10
585.0986987901549
 20
395.0
 10
585.4995725772231
 20
395.0
 10
585.9004463642913
 20
395.0
 10
586.3013201513594
 20
395.0
 10
586.7021939384276
 20
395.0
 10
587.1030677254957
 20
395.0
 10
587.5039415125639
 20
395.0
 10
587.9048152996321
 20
395.0
 10
588.0
 20
394.6943109132998
 10
588.0
 20
394.2934371262316
 10
588.0759691914255
 20
393.9240308085744
 10
588.3594297646614
 20
393.6405702353386
 10
588.6428903378973
 20
393.35710966210274
 10
588.9263509111331
 20
393.07364908886694
 10
589.2098114843689
 20
392.7901885156311
 10
589.4932720576047
 20
392.5067279423953
 10
589.7767326308406
 20
392.22326736915943
 10
590.0601932040764
 20
391.93980679592363
 10
590.3436537773123
 20
391.6563462226878
 10
590.627114350548
 20
391.372885649452
 10
590.9105749237839
 20
391.0894250762161
 10
591.1940354970197
 20
390.80596450298026
 10
591.4774960702555
 20
390.52250392974446
 10
591.7609566434913
 20
390.23904335650866
 10
592.0
 20
389.93718456970157
 10
592.0
 20
389.5363107826334
 10
592.0
 20
389.1354369955652
 10
592.0
 20
388.7345632084971
 10
592.0
 20
388.3336894214289
 10
592.0
 20
387.93281563436074
 10
592.0
 20
387.53194184729256
 10
592.0
 20
387.13106806022444
 10
592.0
 20
386.73019427315626
 10
592.0
 20
386.3293204860881
 10
592.0
 20
385.9284466990199
 10
592.0
 20
385.5275729119518
 10
592.0
 20
385.1266991248836
 10
592.0
 20
384.7258253378154
 10
592.0
 20
384.3249515507473
 10
592.0
 20
383.9240777636791
 10
592.0
 20
383.52320397661094
 10
592.0
 20
383.12233018954277
 10
592.0
 20
382.72145640247464
 10
592.0
 20
382.32058261540647
 10
592.0
 20
381.9197088283383
 10
592.0
 20
381.51883504127017
 10
592.0
 20
381.117961254202
 10
592.0
 20
380.7170874671338
 10
592.0
 20
380.31621368006563
 10
592.0
 20
379.9153398929975
 10
592.0
 20
379.51446610592933
 10
592.0
 20
379.11359231886115
 10
592.0
 20
378.71271853179303
 10
592.0
 20
378.31184474472485
 10
592.0
 20
377.9109709576567
 10
592.0
 20
377.5100971705885
 10
592.0
 20
377.1092233835204
 10
592.0
 20
376.7083495964522
 10
592.0
 20
376.307475809384
 10
592.0
 20
375.9066020223159
 10
592.0
 20
375.5057282352477
 10
592.0
 20
375.10485444817954
 10
592.0
 20
374.70398066111136
 10
592.0
 20
374.30310687404324
 10
591.902233086975
 20
374.0
 10
591.5013592999069
 20
374.0
 10
591.1004855128388
 20
374.0
 10
590.6996117257706
 20
374.0
 10
590.2987379387024
 20
374.0
 10
589.8978641516343
 20
374.0
 10
589.496990364566
 20
374.0
 10
589.0961165774979
 20
374.0
 10
588.6952427904298
 20
374.0
 10
588.2943690033616
 20
374.0
 10
587.8934952162934
 20
374.0
 10
587.4926214292252
 20
374.0
 10
587.0917476421571
 20
374.0
 10
586.690873855089
 20
374.0
 10
586.2900000680208
 20
374.0
 10
585.8891262809526
 20
374.0
 10
585.4882524938845
 20
374.0
 10
585.0873787068163
 20
374.0
 10
584.6865049197481
 20
374.0
 10
584.28563113268
 20
374.0
 10
583.8847573456119
 20
374.0
 10
583.4838835585437
 20
374.0
 10
583.0830097714755
 20
374.0
 10
582.6821359844073
 20
374.0
 10
582.2812621973392
 20
374.0
 10
581.880388410271
 20
374.0
 10
581.4795146232028
 20
374.0
 10
581.0786408361347
 20
374.0
 10
580.6777670490665
 20
374.0
 10
580.2768932619983
 20
374.0
 10
579.8760194749302
 20
374.0
 10
579.475145687862
 20
374.0
 10
579.0742719007939
 20
374.0
 10
578.6733981137257
 20
374.0
 10
578.2725243266575
 20
374.0
 10
577.8716505395894
 20
374.0
 10
577.4707767525213
 20
374.0
 10
577.069902965453
 20
374.0
 10
576.6690291783849
 20
374.0
 10
576.2681553913167
 20
374.0
 10
575.8672816042485
 20
374.0
 10
575.4664078171804
 20
374.0
 10
575.0655340301122
 20
374.0
 10
574.6646602430441
 20
374.0
 10
574.2637864559758
 20
374.0
 10
573.8629126689077
 20
374.0
 10
573.4620388818396
 20
374.0
 10
573.0611650947715
 20
374.0
 10
572.6602913077032
 20
374.0
 10
572.2594175206351
 20
374.0
 10
571.8585437335669
 20
374.0
 10
571.4576699464988
 20
374.0
 10
571.0567961594306
 20
374.0
 10
570.6559223723624
 20
374.0
 10
570.2550485852943
 20
374.0
 10
569.854174798226
 20
374.0
 10
569.4533010111579
 20
374.0
 10
569.0524272240898
 20
374.0
 10
568.6515534370217
 20
374.0
 10
568.2506796499534
 20
374.0
 10
567.8498058628853
 20
374.0
 10
567.4489320758171
 20
374.0
 10
567.048058288749
 20
374.0
 10
566.6471845016808
 20
374.0
 10
566.2463107146126
 20
374.0
 10
565.8454369275445
 20
374.0
 10
565.4445631404762
 20
374.0
 10
565.0436893534081
 20
374.0
 10
564.64281556634
 20
374.0
 10
564.2419417792719
 20
374.0
 10
563.8410679922036
 20
374.0
 10
563.4401942051355
 20
374.0
 10
563.0393204180673
 20
374.0
 10
562.6384466309992
 20
374.0
 10
562.237572843931
 20
374.0
 10
561.8366990568628
 20
374.0
 10
561.4358252697947
 20
374.0
 10
561.0349514827266
 20
374.0
 10
560.6340776956583
 20
374.0
 10
560.2332039085902
 20
374.0
 10
559.8323301215221
 20
374.0
 10
559.4314563344539
 20
374.0
 10
559.0305825473857
 20
374.0
 10
558.6297087603175
 20
374.0
 10
558.2288349732494
 20
374.0
 10
557.8279611861813
 20
374.0
 10
557.4270873991131
 20
374.0
 10
557.0262136120449
 20
374.0
 10
556.6253398249768
 20
374.0
 10
556.2244660379085
 20
374.0
 10
555.8235922508404
 20
374.0
 10
555.4227184637723
 20
374.0
 10
555.0218446767041
 20
374.0
 10
554.6209708896359
 20
374.0
 10
554.2200971025677
 20
374.0
 10
553.8192233154996
 20
374.0
 10
553.4183495284315
 20
374.0
 10
553.0174757413633
 20
374.0
 10
552.6166019542951
 20
374.0
 10
552.215728167227
 20
374.0
 10
551.8148543801587
 20
374.0
 10
551.4139805930906
 20
374.0
 10
551.0131068060225
 20
374.0
 10
550.6122330189543
 20
374.0
 10
550.2113592318861
 20
374.0
 10
549.8104854448179
 20
374.0
 10
549.4096116577498
 20
374.0
 10
549.0087378706817
 20
374.0
 10
548.6078640836135
 20
374.0
 10
548.2069902965453
 20
374.0
 10
547.8061165094772
 20
374.0
 10
547.405242722409
 20
374.0
 10
547.0043689353408
 20
374.0
 10
546.6034951482727
 20
374.0
 10
546.2026213612045
 20
374.0
 10
545.8017475741364
 20
374.0
 10
545.4008737870681
 20
374.0
 10
545.0
 20
374.0
 10
545.0
 20
374.4008737870682
 10
545.0
 20
374.80174757413636
  0
HATCH
  5
108
330
17
100
AcDbEntity
  8
23_ШТРИХОВКА
 62
7
100
AcDbHatch
 10
0.0
 20
0.0
 30
0.0
210
0.0
220
0.0
230
1.0
  2
ANSI37
 70
0
 71
0
 91
1
 92
3
 72
0
 73
1
 93
695
 10
543.0
 20
440.0
 10
543.0
 20
439.6
 10
543.0
 20
439.2
 10
543.0
 20
438.8
 10
543.0
 20
438.4
 10
543.0
 20
438.0
 10
543.0
 20
437.6
 10
543.0
 20
437.2
 10
543.0
 20
436.8
 10
543.0
 20
436.4
 10
543.0
 20
436.0
 10
543.0
 20
435.6
 10
543.0
 20
435.2
 10
543.0
 20
434.8
 10
543.0
 20
434.4
 10
543.0
 20
434.0
 10
543.0
 20
433.6
 10
543.0
 20
433.2
 10
543.0
 20
432.8
 10
543.0
 20
432.4
 10
543.0
 20
432.0
 10
543.0
 20
431.6
 10
543.0
 20
431.2
 10
543.0
 20
430.8
 10
543.0
 20
430.4
 10
543.0
 20
430.0
 10
543.0
 20
429.6
 10
543.0
 20
429.2
 10
543.0
 20
428.8
 10
543.0
 20
428.4
 10
543.0
 20
428.0
 10
543.0
 20
427.6
 10
543.0
 20
427.2
 10
543.0
 20
426.8
 10
543.0
 20
426.4
 10
543.0
 20
426.0
 10
543.0
 20
425.6
 10
543.0
 20
425.2
 10
543.0
 20
424.8
 10
543.0
 20
424.4
 10
543.0
 20
424.0
 10
543.0
 20
423.6
 10
543.0
 20
423.2
 10
543.0
 20
422.8
 10
543.0
 20
422.4
 10
543.0
 20
422.0
 10
543.0
 20
421.6
 10
543.0
 20
421.2
 10
543.0
 20
420.8
 10
543.0
 20
420.4
 10
543.0
 20
420.0
 10
543.0
 20
419.6
 10
543.0
 20
419.2
 10
543.0
 20
418.8
 10
543.0
 20
418.4
 10
543.0
 20
418.0
 10
543.0
 20
417.6
 10
543.0
 20
417.2
 10
543.0
 20
416.8
 10
543.0
 20
416.4
 10
543.0
 20
416.0
 10
543.0
 20
415.6
 10
543.0
 20
415.2
 10
543.0
 20
414.8
 10
543.0
 20
414.4
 10
543.0
 20
414.0
 10
543.0
 20
413.6
 10
543.0
 20
413.2
 10
543.0
 20
412.8
 10
543.0
 20
412.4
 10
543.0
 20
412.0
 10
543.0
 20
411.6
 10
543.0
 20
411.2
 10
543.0
 20
410.8
 10
543.0
 20
410.4
 10
543.0
 20
410.0
 10
543.0
 20
409.6
 10
543.0
 20
409.2
 10
543.0
 20
408.8
 10
543.0
 20
408.4
 10
543.0
 20
408.0
 10
543.0
 20
407.6
 10
543.0
 20
407.2
 10
543.0
 20
406.8
 10
543.0
 20
406.4
 10
543.0
 20
406.0
 10
543.0
 20
405.6
 10
543.0
 20
405.2
 10
543.0
 20
404.8
 10
543.0
 20
404.4
 10
543.0
 20
404.0
 10
543.0
 20
403.6
 10
543.0
 20
403.2
 10
543.0
 20
402.8
 10
543.0
 20
402.4
 10
543.0
 20
402.0
 10
543.0
 20
401.6
 10
543.0
 20
401.2
 10
543.0
 20
400.8
 10
543.0
 20
400.4
 10
543.0
 20
400.0
 10
543.0
 20
399.6
 10
543.0
 20
399.2
 10
543.0
 20
398.8
 10
543.0
 20
398.4
 10
543.0
 20
398.0
 10
543.0
 20
397.6
 10
543.0
 20
397.2
 10
543.0
 20
396.8
 10
543.0
 20
396.4
 10
543.0
 20
396.0
 10
543.0
 20
395.6
 10
543.0
 20
395.2
 10
543.0
 20
394.8
 10
543.0
 20
394.4
 10
543.0
 20
394.0
 10
543.0
 20
393.6
 10
543.0
 20
393.2
 10
543.0
 20
392.8
 10
543.0
 20
392.4
 10
543.0
 20
392.0
 10
543.0
 20
391.6
 10
543.0
 20
391.2
 10
543.0
 20
390.8
 10
543.0
 20
390.4
 10
543.0
 20
390.0
 10
543.0
 20
389.6
 10
543.0
 20
389.2
 10
543.0
 20
388.8
 10
543.0
 20
388.40000000000003
 10
543.0
 20
388.0
 10
543.0
 20
387.6
 10
543.0
 20
387.2
 10
543.0
 20
386.8
 10
543.0
 20
386.4
 10
543.0
 20
386.0
 10
543.0
 20
385.6
 10
543.0
 20
385.2
 10
543.0
 20
384.8
 10
543.0
 20
384.4
 10
543.0
 20
384.0
 10
543.0
 20
383.6
 10
543.0
 20
383.2
 10
543.0
 20
382.8
 10
543.0
 20
382.4
 10
543.0
 20
382.0
 10
543.0
 20
381.6
 10
543.0
 20
381.2
 10
543.0
 20
380.8
 10
543.0
 20
380.4
 10
543.0
 20
380.0
 10
543.0
 20
379.6
 10
543.0
 20
379.2
 10
543.0
 20
378.8
 10
543.0
 20
378.4
 10
543.0
 20
378.0
 10
543.0
 20
377.6
 10
543.0
 20
377.2
 10
543.0
 20
376.8
 10
543.0
 20
376.4
 10
543.0
 20
376.0
 10
543.0
 20
375.6
 10
543.0
 20
375.2
 10
543.0
 20
374.8
 10
543.0
 20
374.4
 10
543.0
 20
374.0
 10
543.0
 20
373.6
 10
543.0
 20
373.2
 10
543.0
 20
372.8
 10
543.0
 20
372.40000000000003
 10
543.0
 20
372.0
 10
543.0
 20
371.6
 10
543.0
 20
371.2
 10
543.0
 20
370.8
 10
543.0
 20
370.4
 10
543.0
 20
370.0
 10
543.0
 20
369.59999999999997
 10
543.0
 20
369.2
 10
543.0
 20
368.8
 10
543.0
 20
368.4
 10
543.0
 20
368.0
 10
543.0
 20
367.6
 10
543.0
 20
367.2
 10
543.0
 20
366.8
 10
543.0
 20
366.4
 10
543.0
 20
366.0
 10
543.0
 20
365.6
 10
543.0
 20
365.2
 10
543.0
 20
364.8
 10
543.0
 20
364.4
 10
543.0
 20
364.0
 10
543.0
 20
363.6
 10
543.0
 20
363.2
 10
543.0
 20
362.8
 10
543.0
 20
362.4
 10
543.0
 20
362.0
 10
543.0
 20
361.6
 10
543.0
 20
361.2
 10
543.0
 20
360.8
 10
543.0
 20
360.4
 10
543.0
 20
360.0
 10
543.0
 20
359.6
 10
543.0
 20
359.2
 10
543.0
 20
358.8
 10
543.0
 20
358.4
 10
543.0
 20
358.0
 10
543.0
 20
357.6
 10
543.0
 20
357.2
 10
543.0
 20
356.8
 10
543.0
 20
356.4
 10
543.0
 20
356.0
 10
543.0
 20
355.6
 10
543.0
 20
355.2
 10
543.0
 20
354.8
 10
543.0
 20
354.4
 10
543.0
 20
354.0
 10
543.0
 20
353.6
 10
543.0
 20
353.2
 10
543.0
 20
352.8
 10
543.0
 20
352.4
 10
543.0
 20
352.0
 10
543.0
 20
351.6
 10
543.0
 20
351.2
 10
543.0
 20
350.8
 10
543.0
 20
350.4
 10
543.0
 20
350.0
 10
543.0
 20
349.6
 10
543.0
 20
349.2
 10
543.0
 20
348.8
 10
543.0
 20
348.4
 10
543.0
 20
348.0
 10
543.0
 20
347.6
 10
543.0
 20
347.2
 10
543.0
 20
346.8
 10
543.0
 20
346.4
 10
543.0
 20
346.0
 10
543.0
 20
345.59999999999997
 10
543.0
 20
345.2
 10
543.0
 20
344.8
 10
543.0
 20
344.4
 10
543.0
 20
344.0
 10
543.0
 20
343.6
 10
543.0
 20
343.2
 10
543.0
 20
342.8
 10
543.0
 20
342.4
 10
543.0
 20
342.0
 10
543.0
 20
341.6
 10
543.0
 20
341.2
 10
543.0
 20
340.8
 10
543.0
 20
340.4
 10
543.0
 20
340.0
 10
543.0
 20
339.6
 10
543.0
 20
339.2
 10
543.0
 20
338.8
 10
543.0
 20
338.4
 10
543.0
 20
338.0
 10
543.0
 20
337.59999999999997
 10
543.0
 20
337.2
 10
543.0
 20
336.8
 10
543.0
 20
336.4
 10
543.0
 20
336.0
 10
543.0
 20
335.6
 10
543.0
 20
335.2
 10
543.0
 20
334.8
 10
543.0
 20
334.4
 10
543.0
 20
334.0
 10
543.0
 20
333.6
 10
543.0
 20
333.2
 10
543.0
 20
332.8
 10
543.0
 20
332.4
 10
543.0
 20
332.0
 10
543.0
 20
331.6
 10
543.0
 20
331.2
 10
543.0
 20
330.8
 10
543.0
 20
330.4
 10
543.0
 20
330.0
 10
543.0
 20
329.59999999999997
 10
543.0
 20
329.2
 10
543.0
 20
328.8
 10
543.0
 20
328.4
 10
543.0
 20
328.0
 10
543.0
 20
327.6
 10
543.0
 20
327.2
 10
542.8
 20
327.0
 10
542.4
 20
327.0
 10
542.0
 20
327.0
 10
541.6
 20
327.0
 10
541.2
 20
327.0
 10
540.8
 20
327.0
 10
540.4
 20
327.0
 10
540.0
 20
327.0
 10
539.6
 20
327.0
 10
539.2
 20
327.0
 10
538.8
 20
327.0
 10
538.4
 20
327.0
 10
538.0
 20
327.0
 10
537.6
 20
327.0
 10
537.2
 20
327.0
 10
536.8
 20
327.0
 10
536.4
 20
327.0
 10
536.0
 20
327.0
 10
535.6
 20
327.0
 10
535.2
 20
327.0
 10
534.8
 20
327.0
 10
534.4
 20
327.0
 10
534.0
 20
327.0
 10
533.6
 20
327.0
 10
533.2
 20
327.0
 10
532.8
 20
327.0
 10
532.4
 20
327.0
 10
532.0
 20
327.0
 10
531.6
 20
327.0
 10
531.2
 20
327.0
 10
530.8
 20
327.0
 10
530.4
 20
327.0
 10
530.0
 20
327.0
 10
529.6
 20
327.0
 10
529.2
 20
327.0
 10
528.8
 20
327.0
 10
528.4
 20
327.0
 10
528.0
 20
327.0
 10
527.6
 20
327.0
 10
527.2
 20
327.0
 10
526.8
 20
327.0
 10
526.4
 20
327.0
 10
526.0
 20
327.0
 10
525.6
 20
327.0
 10
525.2
 20
327.0
 10
524.8
 20
327.0
 10
524.4
 20
327.0
 10
524.0
 20
327.0
 10
523.6
 20
327.0
 10
523.2
 20
327.0
 10
522.8
 20
327.0
 10
522.4
 20
327.0
 10
522.0
 20
327.0
 10
521.6
 20
327.0
 10
521.2
 20
327.0
 10
520.8
 20
327.0
 10
520.4
 20
327.0
 10
520.0
 20
327.0
 10
519.6
 20
327.0
 10
519.2
 20
327.0
 10
518.8
 20
327.0
 10
518.4
 20
327.0
 10
518.0
 20
327.0
 10
517.6
 20
327.0
 10
517.2
 20
327.0
 10
517.0
 20
327.2
 10
517.0
 20
327.6
 10
517.0
 20
328.0
 10
517.0
 20
328.4
 10
517.0
 20
328.8
 10
517.0
 20
329.20000000000005
 10
517.0
 20
329.6
 10
517.0
 20
330.0
 10
517.0
 20
330.4
 10
517.0
 20
330.79999999999995
 10
517.0
 20
331.2
 10
517.0
 20
331.6
 10
517.0
 20
332.0
 10
517.0
 20
332.4
 10
517.0
 20
332.8
 10
517.0
 20
333.20000000000005
 10
517.0
 20
333.6
 10
517.0
 20
334.0
 10
517.0
 20
334.4
 10
517.0
 20
334.79999999999995
 10
517.0
 20
335.2
 10
517.0
 20
335.6
 10
517.0
 20
336.0
 10
517.0
 20
336.4
 10
517.0
 20
336.8
 10
517.0
 20
337.2
 10
517.0
 20
337.6
 10
517.0
 20
338.0
 10
517.0
 20
338.4
 10
517.0
 20
338.8
 10
517.0
 20
339.20000000000005
 10
517.0
 20
339.6
 10
517.0
 20
340.0
 10
517.0
 20
340.4
 10
517.0
 20
340.79999999999995
 10
517.0
 20
341.2
 10
517.0
 20
341.6
 10
517.0
 20
342.0
 10
517.0
 20
342.4
 10
517.0
 20
342.8
 10
517.0
 20
343.20000000000005
 10
517.0
 20
343.6
 10
517.0
 20
344.0
 10
517.0
 20
344.4
 10
517.0
 20
344.79999999999995
 10
517.0
 20
345.2
 10
517.0
 20
345.6
 10
517.0
 20
346.0
 10
517.0
 20
346.4
 10
517.0
 20
346.8
 10
517.0
 20
347.2
 10
517.0
 20
347.6
 10
517.0
 20
348.0
 10
517.0
 20
348.4
 10
517.0
 20
348.8
 10
517.0
 20
349.20000000000005
 10
517.0
 20
349.6
 10
517.0
 20
350.0
 10
517.0
 20
350.4
 10
517.0
 20
350.79999999999995
 10
517.0
 20
351.2
 10
517.0
 20
351.6
 10
517.0
 20
352.0
 10
517.0
 20
352.4
 10
517.0
 20
352.8
 10
517.0
 20
353.20000000000005
 10
517.0
 20
353.6
 10
517.0
 20
354.0
 10
517.0
 20
354.4
 10
517.0
 20
354.79999999999995
 10
517.0
 20
355.2
 10
517.0
 20
355.6
 10
517.0
 20
356.0
 10
517.0
 20
356.4
 10
517.0
 20
356.8
 10
517.0
 20
357.2
 10
517.0
 20
357.6
 10
517.0
 20
358.0
 10
517.0
 20
358.4
 10
517.0
 20
358.8
 10
517.0
 20
359.20000000000005
 10
517.0
 20
359.6
 10
517.0
 20
360.0
 10
517.0
 20
360.4
 10
517.0
 20
360.79999999999995
 10
517.0
 20
361.2
 10
517.0
 20
361.6
 10
517.0
 20
362.0
 10
517.0
 20
362.4
 10
517.0
 20
362.8
 10
517.0
 20
363.20000000000005
 10
517.0
 20
363.6
 10
517.0
 20
364.0
 10
517.0
 20
364.4
 10
517.0
 20
364.79999999999995
 10
517.0
 20
365.2
 10
517.0
 20
365.6
 10
517.0
 20
366.0
 10
517.0
 20
366.4
 10
517.0
 20
366.8
 10
517.0
 20
367.2
 10
517.0
 20
367.6
 10
517.0
 20
368.0
 10
517.0
 20
368.4
 10
517.0
 20
368.8
 10
517.0
 20
369.20000000000005
 10
517.0
 20
369.6
 10
517.0
 20
370.0
 10
517.0
 20
370.4
 10
517.0
 20
370.79999999999995
 10
517.0
 20
371.2
 10
517.0
 20
371.6
 10
517.0
 20
372.0
 10
517.0
 20
372.4
 10
517.0
 20
372.8
 10
517.0
 20
373.20000000000005
 10
517.0
 20
373.6
 10
517.0
 20
374.0
 10
517.0
 20
374.4
 10
517.0
 20
374.79999999999995
 10
517.0
 20
375.2
 10
517.0
 20
375.6
 10
517.0
 20
376.0
 10
517.0
 20
376.4
 10
517.0
 20
376.8
 10
517.0
 20
377.20000000000005
 10
517.0
 20
377.6
 10
517.0
 20
378.0
 10
517.0
 20
378.4
 10
517.0
 20
378.8
 10
517.0
 20
379.2
 10
517.0
 20
379.6
 10
517.0
 20
380.0
 10
517.0
 20
380.4
 10
517.0
 20
380.79999999999995
 10
517.0
 20
381.2
 10
517.0
 20
381.6
 10
517.0
 20
382.0
 10
517.0
 20
382.4
 10
517.0
 20
382.8
 10
517.0
 20
383.20000000000005
 10
517.0
 20
383.6
 10
517.0
 20
384.0
 10
517.0
 20
384.4
 10
517.0
 20
384.79999999999995
 10
517.0
 20
385.2
 10
517.0
 20
385.59999999999997
 10
517.0
 20
386.0
 10
517.0
 20
386.4
 10
517.0
 20
386.8
 10
517.0
 20
387.2
 10
517.0
 20
387.6
 10
517.0
 20
388.0
 10
517.0
 20
388.40000000000003
 10
517.0
 20
388.8
 10
517.0
 20
389.2
 10
517.0
 20
389.6
 10
517.0
 20
390.0
 10
517.0
 20
390.4
 10
517.0
 20
390.79999999999995
 10
517.0
 20
391.2
 10
517.0
 20
391.6
 10
517.0
 20
392.0
 10
517.0
 20
392.4
 10
517.0
 20
392.8
 10
517.0
 20
393.20000000000005
 10
517.0
 20
393.6
 10
517.0
 20
394.0
 10
517.0
 20
394.4
 10
517.0
 20
394.79999999999995
 10
517.0
 20
395.2
 10
517.0
 20
395.6
 10
517.0
 20
396.0
 10
517.0
 20
396.4
 10
517.0
 20
396.8
 10
517.0
 20
397.20000000000005
 10
517.0
 20
397.6
 10
517.0
 20
398.0
 10
517.0
 20
398.4
 10
517.0
 20
398.8
 10
517.0
 20
399.2
 10
517.0
 20
399.6
 10
517.0
 20
400.0
 10
517.0
 20
400.4
 10
517.0
 20
400.79999999999995
 10
517.0
 20
401.2
 10
517.0
 20
401.6
 10
517.0
 20
402.0
 10
517.0
 20
402.4
 10
517.0
 20
402.8
 10
517.0
 20
403.20000000000005
 10
517.0
 20
403.6
 10
517.0
 20
404.0
 10
517.0
 20
404.4
 10
517.0
 20
404.79999999999995
 10
517.0
 20
405.2
 10
517.0
 20
405.6
 10
517.0
 20
406.0
 10
517.0
 20
406.4
 10
517.0
 20
406.8
 10
517.0
 20
407.20000000000005
 10
517.0
 20
407.6
 10
517.0
 20
408.0
 10
517.0
 20
408.4
 10
517.0
 20
408.8
 10
517.0
 20
409.2
 10
517.0
 20
409.6
 10
517.0
 20
410.0
 10
517.0
 20
410.4
 10
517.0
 20
410.79999999999995
 10
517.0
 20
411.2
 10
517.0
 20
411.6
 10
517.0
 20
412.0
 10
517.0
 20
412.4
 10
517.0
 20
412.8
 10
517.0
 20
413.20000000000005
 10
517.0
 20
413.6
 10
517.0
 20
414.0
 10
517.0
 20
414.4
 10
517.0
 20
414.79999999999995
 10
517.0
 20
415.2
 10
517.0
 20
415.6
 10
517.0
 20
416.0
 10
517.0
 20
416.4
 10
517.0
 20
416.8
 10
517.0
 20
417.20000000000005
 10
517.0
 20
417.6
 10
517.0
 20
418.0
 10
517.0
 20
418.4
 10
517.0
 20
418.8
 10
517.0
 20
419.2
 10
517.0
 20
419.6
 10
517.0
 20
420.0
 10
517.0
 20
420.4
 10
517.0
 20
420.79999999999995
 10
517.0
 20
421.2
 10
517.0
 20
421.6
 10
517.0
 20
422.0
 10
517.0
 20
422.4
 10
517.0
 20
422.8
 10
517.0
 20
423.20000000000005
 10
517.0
 20
423.6
 10
517.0
 20
424.0
 10
517.0
 20
424.4
 10
517.0
 20
424.79999999999995
 10
517.0
 20
425.2
 10
517.0
 20
425.6
 10
517.0
 20
426.0
 10
517.0
 20
426.4
 10
517.0
 20
426.8
 10
517.0
 20
427.20000000000005
 10
517.0
 20
427.6
 10
517.0
 20
428.0
 10
517.0
 20
428.4
 10
517.0
 20
428.79999999999995
 10
517.0
 20
429.2
 10
517.0
 20
429.6
 10
517.0
 20
430.0
 10
517.0
 20
430.4
 10
517.0
 20
430.8
 10
517.0
 20
431.2
 10
517.0
 20
431.6
 10
517.0
 20
432.0
 10
517.0
 20
432.4
 10
517.0
 20
432.8
 10
517.0
 20
433.20000000000005
 10
517.0
 20
433.6
 10
517.0
 20
434.0
 10
517.0
 20
434.4
 10
517.0
 20
434.79999999999995
 10
517.0
 20
435.2
 10
517.0
 20
435.6
 10
517.0
 20
436.0
 10
517.0
 20
436.4
 10
517.0
 20
436.8
 10
517.0
 20
437.20000000000005
 10
517.0
 20
437.6
 10
517.0
 20
438.0
 10
517.0
 20
438.4
 10
517.0
 20
438.79999999999995
 10
517.0
 20
439.2
 10
517.0
 20
439.6
 10
517.0
 20
440.0
 10
517.4
 20
440.0
 10
517.8
 20
440.0
 10
518.2
 20
440.0
 10
518.6
 20
440.0
 10
519.0
 20
440.0
 10
519.4
 20
440.0
 10
519.8
 20
440.0
 10
520.2
 20
440.0
 10
520.6
 20
440.0
 10
521.0
 20
440.0
 10
521.4
 20
440.0
 10
521.8
 20
440.0
 10
522.2
 20
440.0
 10
522.6
 20
440.0
 10
523.0
 20
440.0
 10
523.4
 20
440.0
 10
523.8
 20
440.0
 10
524.2
 20
440.0
 10
524.5999999999999
 20
440.0
 10
525.0
 20
440.0
 10
525.4
 20
440.0
 10
525.8
 20
440.0
 10
526.2
 20
440.0
 10
526.6
 20
440.0
 10
527.0
 20
440.0
 10
527.4
 20
440.0
 10
527.8
 20
440.0
 10
528.2
 20
440.0
 10
528.5999999999999
 20
440.0
 10
529.0
 20
440.0
 10
529.4
 20
440.0
 10
529.8
 20
440.0
 10
530.2
 20
440.0
 10
530.6
 20
440.0
 10
531.0
 20
440.0
 10
531.4
 20
440.0
 10
531.8
 20
440.0
 10
532.2
 20
440.0
 10
532.6
 20
440.0
 10
533.0
 20
440.0
 10
533.4
 20
440.0
 10
533.8000000000001
 20
440.0
 10
534.2
 20
440.0
 10
534.6
 20
440.0
 10
535.0
 20
440.0
 10
535.4
 20
440.0
 10
535.8
 20
440.0
 10
536.2
 20
440.0
 10
536.6
 20
440.0
 10
537.0
 20
440.0
 10
537.4000000000001
 20
440.0
 10
537.8000000000001
 20
440.0
 10
538.2
 20
440.0
 10
538.5999999999999
 20
440.0
 10
539.0
 20
440.0
 10
539.4
 20
440.0
 10
539.8
 20
440.0
 10
540.2
 20
440.0
 10
540.6
 20
440.0
 10
541.0
 20
440.0
 10
541.4
 20
440.0
 10
541.8
 20
440.0
 10
542.2
 20
440.0
 10
542.6
 20
440.0
 97
0
 75
1
 76
1
 52
0.0
 41
0.3
 77
0
 78
2
 53
45.0
 43
0.0
 44
0.0
 45
-0.6735192091
 46
0.6735192091
 79
0
 53
135.0
 43
0.0
 44
0.0
 45
-0.6735192091
 46
-0.6735192091
 79
0
 98
0
  0
LWPOLYLINE
  5
109
330
17
100
AcDbEntity
  8
20_ВИДИМЫЕ
100
AcDbPolyline
 90
696
 70
1
 10
543.0
 20
440.0
 10
543.0
 20
439.6
 10
543.0
 20
439.2
 10
543.0
 20
438.8
 10
543.0
 20
438.4
 10
543.0
 20
438.0
 10
543.0
 20
437.6
 10
543.0
 20
437.2
 10
543.0
 20
436.8
 10
543.0
 20
436.4
 10
543.0
 20
436.0
 10
543.0
 20
435.6
 10
543.0
 20
435.2
 10
543.0
 20
434.8
 10
543.0
 20
434.4
 10
543.0
 20
434.0
 10
543.0
 20
433.6
 10
543.0
 20
433.2
 10
543.0
 20
432.8
 10
543.0
 20
432.4
 10
543.0
 20
432.0
 10
543.0
 20
431.6
 10
543.0
 20
431.2
 10
543.0
 20
430.8
 10
543.0
 20
430.4
 10
543.0
 20
430.0
 10
543.0
 20
429.6
 10
543.0
 20
429.2
 10
543.0
 20
428.8
 10
543.0
 20
428.4
 10
543.0
 20
428.0
 10
543.0
 20
427.6
 10
543.0
 20
427.2
 10
543.0
 20
426.8
 10
543.0
 20
426.4
 10
543.0
 20
426.0
 10
543.0
 20
425.6
 10
543.0
 20
425.2
 10
543.0
 20
424.8
 10
543.0
 20
424.4
 10
543.0
 20
424.0
 10
543.0
 20
423.6
 10
543.0
 20
423.2
 10
543.0
 20
422.8
 10
543.0
 20
422.4
 10
543.0
 20
422.0
 10
543.0
 20
421.6
 10
543.0
 20
421.2
 10
543.0
 20
420.8
 10
543.0
 20
420.4
 10
543.0
 20
420.0
 10
543.0
 20
419.6
 10
543.0
 20
419.2
 10
543.0
 20
418.8
 10
543.0
 20
418.4
 10
543.0
 20
418.0
 10
543.0
 20
417.6
 10
543.0
 20
417.2
 10
543.0
 20
416.8
 10
543.0
 20
416.4
 10
543.0
 20
416.0
 10
543.0
 20
415.6
 10
543.0
 20
415.2
 10
543.0
 20
414.8
 10
543.0
 20
414.4
 10
543.0
 20
414.0
 10
543.0
 20
413.6
 10
543.0
 20
413.2
 10
543.0
 20
412.8
 10
543.0
 20
412.4
 10
543.0
 20
412.0
 10
543.0
 20
411.6
 10
543.0
 20
411.2
 10
543.0
 20
410.8
 10
543.0
 20
410.4
 10
543.0
 20
410.0
 10
543.0
 20
409.6
 10
543.0
 20
409.2
 10
543.0
 20
408.8
 10
543.0
 20
408.4
 10
543.0
 20
408.0
 10
543.0
 20
407.6
 10
543.0
 20
407.2
 10
543.0
 20
406.8
 10
543.0
 20
406.4
 10
543.0
 20
406.0
 10
543.0
 20
405.6
 10
543.0
 20
405.2
 10
543.0
 20
404.8
 10
543.0
 20
404.4
 10
543.0
 20
404.0
 10
543.0
 20
403.6
 10
543.0
 20
403.2
 10
543.0
 20
402.8
 10
543.0
 20
402.4
 10
543.0
 20
402.0
 10
543.0
 20
401.6
 10
543.0
 20
401.2
 10
543.0
 20
400.8
 10
543.0
 20
400.4
 10
543.0
 20
400.0
 10
543.0
 20
399.6
 10
543.0
 20
399.2
 10
543.0
 20
398.8
 10
543.0
 20
398.4
 10
543.0
 20
398.0
 10
543.0
 20
397.6
 10
543.0
 20
397.2
 10
543.0
 20
396.8
 10
543.0
 20
396.4
 10
543.0
 20
396.0
 10
543.0
 20
395.6
 10
543.0
 20
395.2
 10
543.0
 20
394.8
 10
543.0
 20
394.4
 10
543.0
 20
394.0
 10
543.0
 20
393.6
 10
543.0
 20
393.2
 10
543.0
 20
392.8
 10
543.0
 20
392.4
 10
543.0
 20
392.0
 10
543.0
 20
391.6
 10
543.0
 20
391.2
 10
543.0
 20
390.8
 10
543.0
 20
390.4
 10
543.0
 20
390.0
 10
543.0
 20
389.6
 10
543.0
 20
389.2
 10
543.0
 20
388.8
 10
543.0
 20
388.40000000000003
 10
543.0
 20
388.0
 10
543.0
 20
387.6
 10
543.0
 20
387.2
 10
543.0
 20
386.8
 10
543.0
 20
386.4
 10
543.0
 20
386.0
 10
543.0
 20
385.6
 10
543.0
 20
385.2
 10
543.0
 20
384.8
 10
543.0
 20
384.4
 10
543.0
 20
384.0
 10
543.0
 20
383.6
 10
543.0
 20
383.2
 10
543.0
 20
382.8
 10
543.0
 20
382.4
 10
543.0
 20
382.0
 10
543.0
 20
381.6
 10
543.0
 20
381.2
 10
543.0
 20
380.8
 10
543.0
 20
380.4
 10
543.0
 20
380.0
 10
543.0
 20
379.6
 10
543.0
 20
379.2
 10
543.0
 20
378.8
 10
543.0
 20
378.4
 10
543.0
 20
378.0
 10
543.0
 20
377.6
 10
543.0
 20
377.2
 10
543.0
 20
376.8
 10
543.0
 20
376.4
 10
543.0
 20
376.0
 10
543.0
 20
375.6
 10
543.0
 20
375.2
 10
543.0
 20
374.8
 10
543.0
 20
374.4
 10
543.0
 20
374.0
 10
543.0
 20
373.6
 10
543.0
 20
373.2
 10
543.0
 20
372.8
 10
543.0
 20
372.40000000000003
 10
543.0
 20
372.0
 10
543.0
 20
371.6
 10
543.0
 20
371.2
 10
543.0
 20
370.8
 10
543.0
 20
370.4
 10
543.0
 20
370.0
 10
543.0
 20
369.59999999999997
 10
543.0
 20
369.2
 10
543.0
 20
368.8
 10
543.0
 20
368.4
 10
543.0
 20
368.0
 10
543.0
 20
367.6
 10
543.0
 20
367.2
 10
543.0
 20
366.8
 10
543.0
 20
366.4
 10
543.0
 20
366.0
 10
543.0
 20
365.6
 10
543.0
 20
365.2
 10
543.0
 20
364.8
 10
543.0
 20
364.4
 10
543.0
 20
364.0
 10
543.0
 20
363.6
 10
543.0
 20
363.2
 10
543.0
 20
362.8
 10
543.0
 20
362.4
 10
543.0
 20
362.0
 10
543.0
 20
361.6
 10
543.0
 20
361.2
 10
543.0
 20
360.8
 10
543.0
 20
360.4
 10
543.0
 20
360.0
 10
543.0
 20
359.6
 10
543.0
 20
359.2
 10
543.0
 20
358.8
 10
543.0
 20
358.4
 10
543.0
 20
358.0
 10
543.0
 20
357.6
 10
543.0
 20
357.2
 10
543.0
 20
356.8
 10
543.0
 20
356.4
 10
543.0
 20
356.0
 10
543.0
 20
355.6
 10
543.0
 20
355.2
 10
543.0
 20
354.8
 10
543.0
 20
354.4
 10
543.0
 20
354.0
 10
543.0
 20
353.6
 10
543.0
 20
353.2
 10
543.0
 20
352.8
 10
543.0
 20
352.4
 10
543.0
 20
352.0
 10
543.0
 20
351.6
 10
543.0
 20
351.2
 10
543.0
 20
350.8
 10
543.0
 20
350.4
 10
543.0
 20
350.0
 10
543.0
 20
349.6
 10
543.0
 20
349.2
 10
543.0
 20
348.8
 10
543.0
 20
348.4
 10
543.0
 20
348.0
 10
543.0
 20
347.6
 10
543.0
 20
347.2
 10
543.0
 20
346.8
 10
543.0
 20
346.4
 10
543.0
 20
346.0
 10
543.0
 20
345.59999999999997
 10
543.0
 20
345.2
 10
543.0
 20
344.8
 10
543.0
 20
344.4
 10
543.0
 20
344.0
 10
543.0
 20
343.6
 10
543.0
 20
343.2
 10
543.0
 20
342.8
 10
543.0
 20
342.4
 10
543.0
 20
342.0
 10
543.0
 20
341.6
 10
543.0
 20
341.2
 10
543.0
 20
340.8
 10
543.0
 20
340.4
 10
543.0
 20
340.0
 10
543.0
 20
339.6
 10
543.0
 20
339.2
 10
543.0
 20
338.8
 10
543.0
 20
338.4
 10
543.0
 20
338.0
 10
543.0
 20
337.59999999999997
 10
543.0
 20
337.2
 10
543.0
 20
336.8
 10
543.0
 20
336.4
 10
543.0
 20
336.0
 10
543.0
 20
335.6
 10
543.0
 20
335.2
 10
543.0
 20
334.8
 10
543.0
 20
334.4
 10
543.0
 20
334.0
 10
543.0
 20
333.6
 10
543.0
 20
333.2
 10
543.0
 20
332.8
 10
543.0
 20
332.4
 10
543.0
 20
332.0
 10
543.0
 20
331.6
 10
543.0
 20
331.2
 10
543.0
 20
330.8
 10
543.0
 20
330.4
 10
543.0
 20
330.0
 10
543.0
 20
329.59999999999997
 10
543.0
 20
329.2
 10
543.0
 20
328.8
 10
543.0
 20
328.4
 10
543.0
 20
328.0
 10
543.0
 20
327.6
 10
543.0
 20
327.2
 10
542.8
 20
327.0
 10
542.4
 20
327.0
 10
542.0
 20
327.0
 10
541.6
 20
327.0
 10
541.2
 20
327.0
 10
540.8
 20
327.0
 10
540.4
 20
327.0
 10
540.0
 20
327.0
 10
539.6
 20
327.0
 10
539.2
 20
327.0
 10
538.8
 20
327.0
 10
538.4
 20
327.0
 10
538.0
 20
327.0
 10
537.6
 20
327.0
 10
537.2
 20
327.0
 10
536.8
 20
327.0
 10
536.4
 20
327.0
 10
536.0
 20
327.0
 10
535.6
 20
327.0
 10
535.2
 20
327.0
 10
534.8
 20
327.0
 10
534.4
 20
327.0
 10
534.0
 20
327.0
 10
533.6
 20
327.0
 10
533.2
 20
327.0
 10
532.8
 20
327.0
 10
532.4
 20
327.0
 10
532.0
 20
327.0
 10
531.6
 20
327.0
 10
531.2
 20
327.0
 10
530.8
 20
327.0
 10
530.4
 20
327.0
 10
530.0
 20
327.0
 10
529.6
 20
327.0
 10
529.2
 20
327.0
 10
528.8
 20
327.0
 10
528.4
 20
327.0
 10
528.0
 20
327.0
 10
527.6
 20
327.0
 10
527.2
 20
327.0
 10
526.8
 20
327.0
 10
526.4
 20
327.0
 10
526.0
 20
327.0
 10
525.6
 20
327.0
 10
525.2
 20
327.0
 10
524.8
 20
327.0
 10
524.4
 20
327.0
 10
524.0
 20
327.0
 10
523.6
 20
327.0
 10
523.2
 20
327.0
 10
522.8
 20
327.0
 10
522.4
 20
327.0
 10
522.0
 20
327.0
 10
521.6
 20
327.0
 10
521.2
 20
327.0
 10
520.8
 20
327.0
 10
520.4
 20
327.0
 10
520.0
 20
327.0
 10
519.6
 20
327.0
 10
519.2
 20
327.0
 10
518.8
 20
327.0
 10
518.4
 20
327.0
 10
518.0
 20
327.0
 10
517.6
 20
327.0
 10
517.2
 20
327.0
 10
517.0
 20
327.2
 10
517.0
 20
327.6
 10
517.0
 20
328.0
 10
517.0
 20
328.4
 10
517.0
 20
328.8
 10
517.0
 20
329.20000000000005
 10
517.0
 20
329.6
 10
517.0
 20
330.0
 10
517.0
 20
330.4
 10
517.0
 20
330.79999999999995
 10
517.0
 20
331.2
 10
517.0
 20
331.6
 10
517.0
 20
332.0
 10
517.0
 20
332.4
 10
517.0
 20
332.8
 10
517.0
 20
333.20000000000005
 10
517.0
 20
333.6
 10
517.0
 20
334.0
 10
517.0
 20
334.4
 10
517.0
 20
334.79999999999995
 10
517.0
 20
335.2
 10
517.0
 20
335.6
 10
517.0
 20
336.0
 10
517.0
 20
336.4
 10
517.0
 20
336.8
 10
517.0
 20
337.2
 10
517.0
 20
337.6
 10
517.0
 20
338.0
 10
517.0
 20
338.4
 10
517.0
 20
338.8
 10
517.0
 20
339.20000000000005
 10
517.0
 20
339.6
 10
517.0
 20
340.0
 10
517.0
 20
340.4
 10
517.0
 20
340.79999999999995
 10
517.0
 20
341.2
 10
517.0
 20
341.6
 10
517.0
 20
342.0
 10
517.0
 20
342.4
 10
517.0
 20
342.8
 10
517.0
 20
343.20000000000005
 10
517.0
 20
343.6
 10
517.0
 20
344.0
 10
517.0
 20
344.4
 10
517.0
 20
344.79999999999995
 10
517.0
 20
345.2
 10
517.0
 20
345.6
 10
517.0
 20
346.0
 10
517.0
 20
346.4
 10
517.0
 20
346.8
 10
517.0
 20
347.2
 10
517.0
 20
347.6
 10
517.0
 20
348.0
 10
517.0
 20
348.4
 10
517.0
 20
348.8
 10
517.0
 20
349.20000000000005
 10
517.0
 20
349.6
 10
517.0
 20
350.0
 10
517.0
 20
350.4
 10
517.0
 20
350.79999999999995
 10
517.0
 20
351.2
 10
517.0
 20
351.6
 10
517.0
 20
352.0
 10
517.0
 20
352.4
 10
517.0
 20
352.8
 10
517.0
 20
353.20000000000005
 10
517.0
 20
353.6
 10
517.0
 20
354.0
 10
517.0
 20
354.4
 10
517.0
 20
354.79999999999995
 10
517.0
 20
355.2
 10
517.0
 20
355.6
 10
517.0
 20
356.0
 10
517.0
 20
356.4
 10
517.0
 20
356.8
 10
517.0
 20
357.2
 10
517.0
 20
357.6
 10
517.0
 20
358.0
 10
517.0
 20
358.4
 10
517.0
 20
358.8
 10
517.0
 20
359.20000000000005
 10
517.0
 20
359.6
 10
517.0
 20
360.0
 10
517.0
 20
360.4
 10
517.0
 20
360.79999999999995
 10
517.0
 20
361.2
 10
517.0
 20
361.6
 10
517.0
 20
362.0
 10
517.0
 20
362.4
 10
517.0
 20
362.8
 10
517.0
 20
363.20000000000005
 10
517.0
 20
363.6
 10
517.0
 20
364.0
 10
517.0
 20
364.4
 10
517.0
 20
364.79999999999995
 10
517.0
 20
365.2
 10
517.0
 20
365.6
 10
517.0
 20
366.0
 10
517.0
 20
366.4
 10
517.0
 20
366.8
 10
517.0
 20
367.2
 10
517.0
 20
367.6
 10
517.0
 20
368.0
 10
517.0
 20
368.4
 10
517.0
 20
368.8
 10
517.0
 20
369.20000000000005
 10
517.0
 20
369.6
 10
517.0
 20
370.0
 10
517.0
 20
370.4
 10
517.0
 20
370.79999999999995
 10
517.0
 20
371.2
 10
517.0
 20
371.6
 10
517.0
 20
372.0
 10
517.0
 20
372.4
 10
517.0
 20
372.8
 10
517.0
 20
373.20000000000005
 10
517.0
 20
373.6
 10
517.0
 20
374.0
 10
517.0
 20
374.4
 10
517.0
 20
374.79999999999995
 10
517.0
 20
375.2
 10
517.0
 20
375.6
 10
517.0
 20
376.0
 10
517.0
 20
376.4
 10
517.0
 20
376.8
 10
517.0
 20
377.20000000000005
 10
517.0
 20
377.6
 10
517.0
 20
378.0
 10
517.0
 20
378.4
 10
517.0
 20
378.8
 10
517.0
 20
379.2
 10
517.0
 20
379.6
 10
517.0
 20
380.0
 10
517.0
 20
380.4
 10
517.0
 20
380.79999999999995
 10
517.0
 20
381.2
 10
517.0
 20
381.6
 10
517.0
 20
382.0
 10
517.0
 20
382.4
 10
517.0
 20
382.8
 10
517.0
 20
383.20000000000005
 10
517.0
 20
383.6
 10
517.0
 20
384.0
 10
517.0
 20
384.4
 10
517.0
 20
384.79999999999995
 10
517.0
 20
385.2
 10
517.0
 20
385.59999999999997
 10
517.0
 20
386.0
 10
517.0
 20
386.4
 10
517.0
 20
386.8
 10
517.0
 20
387.2
 10
517.0
 20
387.6
 10
517.0
 20
388.0
 10
517.0
 20
388.40000000000003
 10
517.0
 20
388.8
 10
517.0
 20
389.2
 10
517.0
 20
389.6
 10
517.0
 20
390.0
 10
517.0
 20
390.4
 10
517.0
 20
390.79999999999995
 10
517.0
 20
391.2
 10
517.0
 20
391.6
 10
517.0
 20
392.0
 10
517.0
 20
392.4
 10
517.0
 20
392.8
 10
517.0
 20
393.20000000000005
 10
517.0
 20
393.6
 10
517.0
 20
394.0
 10
517.0
 20
394.4
 10
517.0
 20
394.79999999999995
 10
517.0
 20
395.2
 10
517.0
 20
395.6
 10
517.0
 20
396.0
 10
517.0
 20
396.4
 10
517.0
 20
396.8
 10
517.0
 20
397.20000000000005
 10
517.0
 20
397.6
 10
517.0
 20
398.0
 10
517.0
 20
398.4
 10
517.0
 20
398.8
 10
517.0
 20
399.2
 10
517.0
 20
399.6
 10
517.0
 20
400.0
 10
517.0
 20
400.4
 10
517.0
 20
400.79999999999995
 10
517.0
 20
401.2
 10
517.0
 20
401.6
 10
517.0
 20
402.0
 10
517.0
 20
402.4
 10
517.0
 20
402.8
 10
517.0
 20
403.20000000000005
 10
517.0
 20
403.6
 10
517.0
 20
404.0
 10
517.0
 20
404.4
 10
517.0
 20
404.79999999999995
 10
517.0
 20
405.2
 10
517.0
 20
405.6
 10
517.0
 20
406.0
 10
517.0
 20
406.4
 10
517.0
 20
406.8
 10
517.0
 20
407.20000000000005
 10
517.0
 20
407.6
 10
517.0
 20
408.0
 10
517.0
 20
408.4
 10
517.0
 20
408.8
 10
517.0
 20
409.2
 10
517.0
 20
409.6
 10
517.0
 20
410.0
 10
517.0
 20
410.4
 10
517.0
 20
410.79999999999995
 10
517.0
 20
411.2
 10
517.0
 20
411.6
 10
517.0
 20
412.0
 10
517.0
 20
412.4
 10
517.0
 20
412.8
 10
517.0
 20
413.20000000000005
 10
517.0
 20
413.6
 10
517.0
 20
414.0
 10
517.0
 20
414.4
 10
517.0
 20
414.79999999999995
 10
517.0
 20
415.2
 10
517.0
 20
415.6
 10
517.0
 20
416.0
 10
517.0
 20
416.4
 10
517.0
 20
416.8
 10
517.0
 20
417.20000000000005
 10
517.0
 20
417.6
 10
517.0
 20
418.0
 10
517.0
 20
418.4
 10
517.0
 20
418.8
 10
517.0
 20
419.2
 10
517.0
 20
419.6
 10
517.0
 20
420.0
 10
517.0
 20
420.4
 10
517.0
 20
420.79999999999995
 10
517.0
 20
421.2
 10
517.0
 20
421.6
 10
517.0
 20
422.0
 10
517.0
 20
422.4
 10
517.0
 20
422.8
 10
517.0
 20
423.20000000000005
 10
517.0
 20
423.6
 10
517.0
 20
424.0
 10
517.0
 20
424.4
 10
517.0
 20
424.79999999999995
 10
517.0
 20
425.2
 10
517.0
 20
425.6
 10
517.0
 20
426.0
 10
517.0
 20
426.4
 10
517.0
 20
426.8
 10
517.0
 20
427.20000000000005
 10
517.0
 20
427.6
 10
517.0
 20
428.0
 10
517.0
 20
428.4
 10
517.0
 20
428.79999999999995
 10
517.0
 20
429.2
 10
517.0
 20
429.6
 10
517.0
 20
430.0
 10
517.0
 20
430.4
 10
517.0
 20
430.8
 10
517.0
 20
431.2
 10
517.0
 20
431.6
 10
517.0
 20
432.0
 10
517.0
 20
432.4
 10
517.0
 20
432.8
 10
517.0
 20
433.20000000000005
 10
517.0
 20
433.6
 10
517.0
 20
434.0
 10
517.0
 20
434.4
 10
517.0
 20
434.79999999999995
 10
517.0
 20
435.2
 10
517.0
 20
435.6
 10
517.0
 20
436.0
 10
517.0
 20
436.4
 10
517.0
 20
436.8
 10
517.0
 20
437.20000000000005
 10
517.0
 20
437.6
 10
517.0
 20
438.0
 10
517.0
 20
438.4
 10
517.0
 20
438.79999999999995
 10
517.0
 20
439.2
 10
517.0
 20
439.6
 10
517.0
 20
440.0
 10
517.4
 20
440.0
 10
517.8
 20
440.0
 10
518.2
 20
440.0
 10
518.6
 20
440.0
 10
519.0
 20
440.0
 10
519.4
 20
440.0
 10
519.8
 20
440.0
 10
520.2
 20
440.0
 10
520.6
 20
440.0
 10
521.0
 20
440.0
 10
521.4
 20
440.0
 10
521.8
 20
440.0
 10
522.2
 20
440.0
 10
522.6
 20
440.0
 10
523.0
 20
440.0
 10
523.4
 20
440.0
 10
523.8
 20
440.0
 10
524.2
 20
440.0
 10
524.5999999999999
 20
440.0
 10
525.0
 20
440.0
 10
525.4
 20
440.0
 10
525.8
 20
440.0
 10
526.2
 20
440.0
 10
526.6
 20
440.0
 10
527.0
 20
440.0
 10
527.4
 20
440.0
 10
527.8
 20
440.0
 10
528.2
 20
440.0
 10
528.5999999999999
 20
440.0
 10
529.0
 20
440.0
 10
529.4
 20
440.0
 10
529.8
 20
440.0
 10
530.2
 20
440.0
 10
530.6
 20
440.0
 10
531.0
 20
440.0
 10
531.4
 20
440.0
 10
531.8
 20
440.0
 10
532.2
 20
440.0
 10
532.6
 20
440.0
 10
533.0
 20
440.0
 10
533.4
 20
440.0
 10
533.8000000000001
 20
440.0
 10
534.2
 20
440.0
 10
534.6
 20
440.0
 10
535.0
 20
440.0
 10
535.4
 20
440.0
 10
535.8
 20
440.0
 10
536.2
 20
440.0
 10
536.6
 20
440.0
 10
537.0
 20
440.0
 10
537.4000000000001
 20
440.0
 10
537.8000000000001
 20
440.0
 10
538.2
 20
440.0
 10
538.5999999999999
 20
440.0
 10
539.0
 20
440.0
 10
539.4
 20
440.0
 10
539.8
 20
440.0
 10
540.2
 20
440.0
 10
540.6
 20
440.0
 10
541.0
 20
440.0
 10
541.4
 20
440.0
 10
541.8
 20
440.0
 10
542.2
 20
440.0
 10
542.6
 20
440.0
 10
543.0
 20
440.0
  0
HATCH
  5
10A
330
17
100
AcDbEntity
  8
23_ШТРИХОВКА
 62
7
100
AcDbHatch
 10
0.0
 20
0.0
 30
0.0
210
0.0
220
0.0
230
1.0
  2
ANSI37
 70
0
 71
0
 91
1
 92
3
 72
0
 73
1
 93
520
 10
588.0
 20
344.0
 10
588.0
 20
344.4
 10
588.0
 20
344.8
 10
588.0
 20
345.2
 10
588.0
 20
345.6
 10
588.0
 20
346.0
 10
588.0
 20
346.4
 10
588.0
 20
346.8
 10
588.2
 20
347.0
 10
588.6
 20
347.0
 10
589.0
 20
347.0
 10
589.4
 20
347.0
 10
589.8
 20
347.0
 10
590.2
 20
347.0
 10
590.6
 20
347.0
 10
591.0
 20
347.0
 10
591.4
 20
347.0
 10
591.8
 20
347.0
 10
592.0
 20
347.2
 10
592.0
 20
347.6
 10
592.0
 20
348.0
 10
592.0
 20
348.4
 10
592.0
 20
348.8
 10
592.0
 20
349.2
 10
592.0
 20
349.6
 10
592.0
 20
350.0
 10
592.0
 20
350.4
 10
592.0
 20
350.8
 10
592.0
 20
351.2
 10
592.0
 20
351.6
 10
592.0
 20
352.0
 10
592.0
 20
352.4
 10
592.0
 20
352.8
 10
592.0
 20
353.2
 10
592.0
 20
353.6
 10
592.0
 20
354.0
 10
592.0
 20
354.4
 10
592.0
 20
354.8
 10
592.0
 20
355.2
 10
592.0
 20
355.6
 10
592.0
 20
356.0
 10
592.0
 20
356.4
 10
592.0
 20
356.8
 10
592.0
 20
357.2
 10
592.0
 20
357.6
 10
592.0
 20
358.0
 10
592.0
 20
358.4
 10
592.0
 20
358.8
 10
591.8000000000001
 20
359.0
 10
591.4
 20
359.0
 10
591.0
 20
359.0
 10
590.6
 20
359.0
 10
590.2
 20
359.0
 10
589.8000000000001
 20
359.0
 10
589.4
 20
359.0
 10
589.0
 20
359.0
 10
588.6
 20
359.0
 10
588.2
 20
359.0
 10
587.8000000000001
 20
359.0
 10
587.4
 20
359.0
 10
587.0
 20
359.0
 10
586.6
 20
359.0
 10
586.2
 20
359.0
 10
585.8000000000001
 20
359.0
 10
585.4
 20
359.0
 10
585.0
 20
359.0
 10
584.6
 20
359.0
 10
584.2
 20
359.0
 10
583.8000000000001
 20
359.0
 10
583.4
 20
359.0
 10
583.0
 20
359.0
 10
582.6
 20
359.0
 10
582.2
 20
359.0
 10
581.8000000000001
 20
359.0
 10
581.4
 20
359.0
 10
581.0
 20
359.0
 10
580.6
 20
359.0
 10
580.2
 20
359.0
 10
579.8000000000001
 20
359.0
 10
579.4
 20
359.0
 10
579.0
 20
359.0
 10
578.6
 20
359.0
 10
578.2
 20
359.0
 10
577.8000000000001
 20
359.0
 10
577.4
 20
359.0
 10
577.0
 20
359.0
 10
576.6
 20
359.0
 10
576.2
 20
359.0
 10
575.8000000000001
 20
359.0
 10
575.4
 20
359.0
 10
575.0
 20
359.0
 10
574.6
 20
359.0
 10
574.2
 20
359.0
 10
573.8000000000001
 20
359.0
 10
573.4
 20
359.0
 10
573.0
 20
359.0
 10
572.6
 20
359.0
 10
572.2
 20
359.0
 10
571.8000000000001
 20
359.0
 10
571.4
 20
359.0
 10
571.0
 20
359.0
 10
570.6
 20
359.0
 10
570.2
 20
359.0
 10
569.8000000000001
 20
359.0
 10
569.4
 20
359.0
 10
569.0
 20
359.0
 10
568.6
 20
359.0
 10
568.2
 20
359.0
 10
567.8000000000001
 20
359.0
 10
567.4
 20
359.0
 10
567.0
 20
359.0
 10
566.6
 20
359.0
 10
566.2
 20
359.0
 10
565.8000000000001
 20
359.0
 10
565.4
 20
359.0
 10
565.0
 20
359.0
 10
564.6
 20
359.0
 10
564.2
 20
359.0
 10
563.8000000000001
 20
359.0
 10
563.4
 20
359.0
 10
563.0
 20
359.0
 10
562.6
 20
359.0
 10
562.2
 20
359.0
 10
561.8000000000001
 20
359.0
 10
561.4
 20
359.0
 10
561.0
 20
359.0
 10
560.6
 20
359.0
 10
560.2
 20
359.0
 10
559.8000000000001
 20
359.0
 10
559.4
 20
359.0
 10
559.0
 20
359.0
 10
558.6
 20
359.0
 10
558.2
 20
359.0
 10
557.8000000000001
 20
359.0
 10
557.4
 20
359.0
 10
557.0
 20
359.0
 10
556.6
 20
359.0
 10
556.2
 20
359.0
 10
555.8000000000001
 20
359.0
 10
555.4
 20
359.0
 10
555.0
 20
359.0
 10
554.6
 20
359.0
 10
554.2
 20
359.0
 10
553.8000000000001
 20
359.0
 10
553.4
 20
359.0
 10
553.0
 20
359.0
 10
552.6
 20
359.0
 10
552.2
 20
359.0
 10
551.8000000000001
 20
359.0
 10
551.4
 20
359.0
 10
551.0
 20
359.0
 10
550.6
 20
359.0
 10
550.2
 20
359.0
 10
549.8000000000001
 20
359.0
 10
549.4
 20
359.0
 10
549.0
 20
359.0
 10
548.6
 20
359.0
 10
548.2
 20
359.0
 10
547.8000000000001
 20
359.0
 10
547.4
 20
359.0
 10
547.0
 20
359.0
 10
546.6
 20
359.0
 10
546.2
 20
359.0
 10
545.8000000000001
 20
359.0
 10
545.4
 20
359.0
 10
545.0
 20
359.0
 10
545.0
 20
359.4
 10
545.0
 20
359.79999999999995
 10
545.0
 20
360.2
 10
545.0
 20
360.59999999999997
 10
545.0
 20
361.0
 10
545.0
 20
361.4
 10
545.0
 20
361.79999999999995
 10
545.0
 20
362.2
 10
545.0
 20
362.59999999999997
 10
545.0
 20
363.0
 10
545.0
 20
363.4
 10
545.0
 20
363.79999999999995
 10
545.0
 20
364.2
 10
545.0
 20
364.59999999999997
 10
545.0
 20
365.0
 10
545.0
 20
365.4
 10
545.0
 20
365.79999999999995
 10
545.0
 20
366.2
 10
545.0
 20
366.59999999999997
 10
545.0
 20
367.0
 10
545.0
 20
367.4
 10
545.0
 20
367.79999999999995
 10
545.0
 20
368.2
 10
545.0
 20
368.59999999999997
 10
545.0
 20
369.0
 10
545.0
 20
369.4
 10
545.0
 20
369.79999999999995
 10
545.0
 20
370.2
 10
545.0
 20
370.59999999999997
 10
545.0
 20
371.0
 10
545.0
 20
371.4
 10
545.0
 20
371.79999999999995
 10
545.0
 20
372.19999999999993
 10
545.0
 20
372.59999999999997
 10
545.0
 20
373.0
 10
545.0
 20
373.4
 10
545.0
 20
373.79999999999995
 10
545.1999999999999
 20
374.0
 10
545.5999999999999
 20
374.0
 10
546.0
 20
374.0
 10
546.4
 20
374.0
 10
546.8
 20
374.0
 10
547.1999999999999
 20
374.0
 10
547.6
 20
374.0
 10
548.0
 20
374.0
 10
548.4
 20
374.0
 10
548.8
 20
374.0
 10
549.1999999999999
 20
374.0
 10
549.5999999999999
 20
374.0
 10
550.0
 20
374.0
 10
550.4
 20
374.0
 10
550.8
 20
374.0
 10
551.1999999999999
 20
374.0
 10
551.5999999999999
 20
374.0
 10
552.0
 20
374.0
 10
552.4
 20
374.0
 10
552.8
 20
374.0
 10
553.1999999999999
 20
374.0
 10
553.6
 20
374.0
 10
554.0
 20
374.0
 10
554.4
 20
374.0
 10
554.8
 20
374.0
 10
555.1999999999999
 20
374.0
 10
555.5999999999999
 20
374.0
 10
556.0
 20
374.0
 10
556.4
 20
374.0
 10
556.8
 20
374.0
 10
557.1999999999999
 20
374.0
 10
557.6
 20
374.0
 10
558.0
 20
374.0
 10
558.4
 20
374.0
 10
558.8
 20
374.0
 10
559.1999999999999
 20
374.0
 10
559.5999999999999
 20
374.0
 10
560.0
 20
374.0
 10
560.4
 20
374.0
 10
560.8
 20
374.0
 10
561.1999999999999
 20
374.0
 10
561.5999999999999
 20
374.0
 10
562.0
 20
374.0
 10
562.4
 20
374.0
 10
562.8
 20
374.0
 10
563.1999999999999
 20
374.0
 10
563.6
 20
374.0
 10
564.0
 20
374.0
 10
564.4
 20
374.0
 10
564.8
 20
374.0
 10
565.1999999999999
 20
374.0
 10
565.5999999999999
 20
374.0
 10
566.0
 20
374.0
 10
566.4
 20
374.0
 10
566.8
 20
374.0
 10
567.1999999999999
 20
374.0
 10
567.5999999999999
 20
374.0
 10
568.0
 20
374.0
 10
568.4
 20
374.0
 10
568.8
 20
374.0
 10
569.1999999999999
 20
374.0
 10
569.5999999999999
 20
374.0
 10
570.0
 20
374.0
 10
570.4
 20
374.0
 10
570.8
 20
374.0
 10
571.1999999999999
 20
374.0
 10
571.6
 20
374.0
 10
572.0
 20
374.0
 10
572.4
 20
374.0
 10
572.8
 20
374.0
 10
573.1999999999999
 20
374.0
 10
573.6
 20
374.0
 10
574.0
 20
374.0
 10
574.4
 20
374.0
 10
574.8
 20
374.0
 10
575.1999999999999
 20
374.0
 10
575.5999999999999
 20
374.0
 10
576.0
 20
374.0
 10
576.4
 20
374.0
 10
576.8
 20
374.0
 10
577.1999999999999
 20
374.0
 10
577.6
 20
374.0
 10
578.0
 20
374.0
 10
578.4
 20
374.0
 10
578.8
 20
374.0
 10
579.1999999999999
 20
374.0
 10
579.6
 20
374.0
 10
580.0
 20
374.0
 10
580.4
 20
374.0
 10
580.8
 20
374.0
 10
581.1999999999999
 20
374.0
 10
581.5999999999999
 20
374.0
 10
582.0
 20
374.0
 10
582.4
 20
374.0
 10
582.8
 20
374.0
 10
583.1999999999999
 20
374.0
 10
583.5999999999999
 20
374.0
 10
584.0
 20
374.0
 10
584.4
 20
374.0
 10
584.8
 20
374.0
 10
585.1999999999999
 20
374.0
 10
585.6
 20
374.0
 10
586.0
 20
374.0
 10
586.4
 20
374.0
 10
586.8
 20
374.0
 10
587.1999999999999
 20
374.0
 10
587.5999999999999
 20
374.0
 10
588.0
 20
374.0
 10
588.4
 20
374.0
 10
588.8
 20
374.0
 10
589.1999999999999
 20
374.0
 10
589.5999999999999
 20
374.0
 10
590.0
 20
374.0
 10
590.4
 20
374.0
 10
590.8
 20
374.0
 10
591.2
 20
374.0
 10
591.6
 20
374.0
 10
592.0
 20
374.0
 10
592.4
 20
374.0
 10
592.8
 20
374.0
 10
593.1999999999999
 20
374.0
 10
593.5999999999999
 20
374.0
 10
594.0
 20
374.0
 10
594.4
 20
374.0
 10
594.8
 20
374.0
 10
595.1999999999999
 20
374.0
 10
595.5999999999999
 20
374.0
 10
596.0
 20
374.0
 10
596.4
 20
374.0
 10
596.8
 20
374.0
 10
597.1999999999999
 20
374.0
 10
597.6
 20
374.0
 10
598.0
 20
374.0
 10
598.4
 20
374.0
 10
598.8
 20
374.0
 10
599.2
 20
374.0
 10
599.5999999999999
 20
374.0
 10
600.0
 20
374.0
 10
600.4
 20
374.0
 10
600.8
 20
374.0
 10
601.1999999999999
 20
374.0
 10
601.5999999999999
 20
374.0
 10
602.0
 20
374.0
 10
602.4
 20
374.0
 10
602.8
 20
374.0
 10
603.1999999999999
 20
374.0
 10
603.5999999999999
 20
374.0
 10
604.0
 20
374.0
 10
604.4
 20
374.0
 10
604.8
 20
374.0
 10
605.2
 20
374.0
 10
605.5999999999999
 20
374.0
 10
606.0
 20
374.0
 10
606.4
 20
374.0
 10
606.8
 20
374.0
 10
607.1999999999999
 20
374.0
 10
607.5999999999999
 20
374.0
 10
608.0
 20
374.0
 10
608.4
 20
374.0
 10
608.8
 20
374.0
 10
609.1999999999999
 20
374.0
 10
609.5999999999999
 20
374.0
 10
610.0
 20
374.0
 10
610.4
 20
374.0
 10
610.8
 20
374.0
 10
611.2
 20
374.0
 10
611.5999999999999
 20
374.0
 10
612.0
 20
374.0
 10
612.4
 20
374.0
 10
612.8
 20
374.0
 10
613.1999999999999
 20
374.0
 10
613.5999999999999
 20
374.0
 10
614.0
 20
374.0
 10
614.4
 20
374.0
 10
614.8
 20
374.0
 10
615.0
 20
373.80000000000007
 10
615.0
 20
373.40000000000003
 10
615.0
 20
373.0
 10
615.0
 20
372.6
 10
615.0
 20
372.20000000000005
 10
615.0
 20
371.8
 10
615.0
 20
371.4
 10
615.0
 20
371.0
 10
615.0
 20
370.6
 10
615.0
 20
370.20000000000005
 10
615.0
 20
369.80000000000007
 10
615.0
 20
369.40000000000003
 10
615.0
 20
369.0
 10
615.0
 20
368.6
 10
615.0
 20
368.20000000000005
 10
615.0
 20
367.80000000000007
 10
615.0
 20
367.40000000000003
 10
615.0
 20
367.0
 10
615.0
 20
366.6
 10
615.0
 20
366.20000000000005
 10
615.0
 20
365.80000000000007
 10
615.0
 20
365.4
 10
615.0
 20
365.0
 10
615.0
 20
364.6
 10
615.0
 20
364.20000000000005
 10
615.0
 20
363.8
 10
615.0
 20
363.40000000000003
 10
615.0
 20
363.0
 10
615.0
 20
362.6
 10
615.0
 20
362.20000000000005
 10
615.0
 20
361.80000000000007
 10
615.0
 20
361.40000000000003
 10
615.0
 20
361.0
 10
615.0
 20
360.6
 10
615.0
 20
360.20000000000005
 10
615.0
 20
359.80000000000007
 10
615.0
 20
359.40000000000003
 10
615.0
 20
359.0
 10
615.0
 20
358.6
 10
615.0
 20
358.20000000000005
 10
615.0
 20
357.8
 10
615.0
 20
357.40000000000003
 10
615.0
 20
357.0
 10
615.0
 20
356.6
 10
615.0
 20
356.20000000000005
 10
615.0
 20
355.80000000000007
 10
615.0
 20
355.40000000000003
 10
615.0
 20
355.0
 10
615.0
 20
354.6
 10
615.0
 20
354.20000000000005
 10
615.0
 20
353.80000000000007
 10
615.0
 20
353.40000000000003
 10
615.0
 20
353.0
 10
615.0
 20
352.6
 10
615.0
 20
352.20000000000005
 10
615.0
 20
351.8
 10
615.0
 20
351.40000000000003
 10
615.0
 20
351.0
 10
615.0
 20
350.6
 10
615.0
 20
350.20000000000005
 10
615.0
 20
349.80000000000007
 10
615.0
 20
349.40000000000003
 10
615.0
 20
349.0
 10
615.0
 20
348.6
 10
615.0
 20
348.20000000000005
 10
615.0
 20
347.80000000000007
 10
615.0
 20
347.40000000000003
 10
615.0
 20
347.0
 10
615.0
 20
346.6
 10
615.0
 20
346.20000000000005
 10
615.0
 20
345.8
 10
615.0
 20
345.4
 10
615.0
 20
345.0
 10
615.0
 20
344.6
 10
615.0
 20
344.20000000000005
 10
614.8000000000001
 20
344.0
 10
614.4000000000001
 20
344.0
 10
614.0
 20
344.0
 10
613.6
 20
344.0
 10
613.2
 20
344.0
 10
612.8000000000001
 20
344.0
 10
612.4000000000001
 20
344.0
 10
612.0
 20
344.0
 10
611.6
 20
344.0
 10
611.2
 20
344.0
 10
610.8000000000001
 20
344.0
 10
610.4
 20
344.0
 10
610.0
 20
344.0
 10
609.6
 20
344.0
 10
609.2
 20
344.0
 10
608.8
 20
344.0
 10
608.4000000000001
 20
344.0
 10
608.0
 20
344.0
 10
607.6
 20
344.0
 10
607.2
 20
344.0
 10
606.8000000000001
 20
344.0
 10
606.4000000000001
 20
344.0
 10
606.0
 20
344.0
 10
605.6
 20
344.0
 10
605.2
 20
344.0
 10
604.8000000000001
 20
344.0
 10
604.4000000000001
 20
344.0
 10
604.0
 20
344.0
 10
603.6
 20
344.0
 10
603.2
 20
344.0
 10
602.8
 20
344.0
 10
602.4000000000001
 20
344.0
 10
602.0
 20
344.0
 10
601.6
 20
344.0
 10
601.2
 20
344.0
 10
600.8000000000001
 20
344.0
 10
600.4000000000001
 20
344.0
 10
600.0
 20
344.0
 10
599.6
 20
344.0
 10
599.2
 20
344.0
 10
598.8000000000001
 20
344.0
 10
598.4000000000001
 20
344.0
 10
598.0
 20
344.0
 10
597.6
 20
344.0
 10
597.2
 20
344.0
 10
596.8
 20
344.0
 10
596.4000000000001
 20
344.0
 10
596.0
 20
344.0
 10
595.6
 20
344.0
 10
595.2
 20
344.0
 10
594.8000000000001
 20
344.0
 10
594.4000000000001
 20
344.0
 10
594.0
 20
344.0
 10
593.6
 20
344.0
 10
593.2
 20
344.0
 10
592.8000000000001
 20
344.0
 10
592.4000000000001
 20
344.0
 10
592.0
 20
344.0
 10
591.6
 20
344.0
 10
591.2
 20
344.0
 10
590.8
 20
344.0
 10
590.4
 20
344.0
 10
590.0
 20
344.0
 10
589.6
 20
344.0
 10
589.2
 20
344.0
 10
588.8000000000001
 20
344.0
 10
588.4000000000001
 20
344.0
 97
0
 75
1
 76
1
 52
0.0
 41
0.3
 77
0
 78
2
 53
45.0
 43
0.0
 44
0.0
 45
-0.6735192091
 46
0.6735192091
 79
0
 53
135.0
 43
0.0
 44
0.0
 45
-0.6735192091
 46
-0.6735192091
 79
0
 98
0
  0
LWPOLYLINE
  5
10B
330
17
100
AcDbEntity
  8
20_ВИДИМЫЕ
100
AcDbPolyline
 90
521
 70
1
 10
588.0
 20
344.0
 10
588.0
 20
344.4
 10
588.0
 20
344.8
 10
588.0
 20
345.2
 10
588.0
 20
345.6
 10
588.0
 20
346.0
 10
588.0
 20
346.4
 10
588.0
 20
346.8
 10
588.2
 20
347.0
 10
588.6
 20
347.0
 10
589.0
 20
347.0
 10
589.4
 20
347.0
 10
589.8
 20
347.0
 10
590.2
 20
347.0
 10
590.6
 20
347.0
 10
591.0
 20
347.0
 10
591.4
 20
347.0
 10
591.8
 20
347.0
 10
592.0
 20
347.2
 10
592.0
 20
347.6
 10
592.0
 20
348.0
 10
592.0
 20
348.4
 10
592.0
 20
348.8
 10
592.0
 20
349.2
 10
592.0
 20
349.6
 10
592.0
 20
350.0
 10
592.0
 20
350.4
 10
592.0
 20
350.8
 10
592.0
 20
351.2
 10
592.0
 20
351.6
 10
592.0
 20
352.0
 10
592.0
 20
352.4
 10
592.0
 20
352.8
 10
592.0
 20
353.2
 10
592.0
 20
353.6
 10
592.0
 20
354.0
 10
592.0
 20
354.4
 10
592.0
 20
354.8
 10
592.0
 20
355.2
 10
592.0
 20
355.6
 10
592.0
 20
356.0
 10
592.0
 20
356.4
 10
592.0
 20
356.8
 10
592.0
 20
357.2
 10
592.0
 20
357.6
 10
592.0
 20
358.0
 10
592.0
 20
358.4
 10
592.0
 20
358.8
 10
591.8000000000001
 20
359.0
 10
591.4
 20
359.0
 10
591.0
 20
359.0
 10
590.6
 20
359.0
 10
590.2
 20
359.0
 10
589.8000000000001
 20
359.0
 10
589.4
 20
359.0
 10
589.0
 20
359.0
 10
588.6
 20
359.0
 10
588.2
 20
359.0
 10
587.8000000000001
 20
359.0
 10
587.4
 20
359.0
 10
587.0
 20
359.0
 10
586.6
 20
359.0
 10
586.2
 20
359.0
 10
585.8000000000001
 20
359.0
 10
585.4
 20
359.0
 10
585.0
 20
359.0
 10
584.6
 20
359.0
 10
584.2
 20
359.0
 10
583.8000000000001
 20
359.0
 10
583.4
 20
359.0
 10
583.0
 20
359.0
 10
582.6
 20
359.0
 10
582.2
 20
359.0
 10
581.8000000000001
 20
359.0
 10
581.4
 20
359.0
 10
581.0
 20
359.0
 10
580.6
 20
359.0
 10
580.2
 20
359.0
 10
579.8000000000001
 20
359.0
 10
579.4
 20
359.0
 10
579.0
 20
359.0
 10
578.6
 20
359.0
 10
578.2
 20
359.0
 10
577.8000000000001
 20
359.0
 10
577.4
 20
359.0
 10
577.0
 20
359.0
 10
576.6
 20
359.0
 10
576.2
 20
359.0
 10
575.8000000000001
 20
359.0
 10
575.4
 20
359.0
 10
575.0
 20
359.0
 10
574.6
 20
359.0
 10
574.2
 20
359.0
 10
573.8000000000001
 20
359.0
 10
573.4
 20
359.0
 10
573.0
 20
359.0
 10
572.6
 20
359.0
 10
572.2
 20
359.0
 10
571.8000000000001
 20
359.0
 10
571.4
 20
359.0
 10
571.0
 20
359.0
 10
570.6
 20
359.0
 10
570.2
 20
359.0
 10
569.8000000000001
 20
359.0
 10
569.4
 20
359.0
 10
569.0
 20
359.0
 10
568.6
 20
359.0
 10
568.2
 20
359.0
 10
567.8000000000001
 20
359.0
 10
567.4
 20
359.0
 10
567.0
 20
359.0
 10
566.6
 20
359.0
 10
566.2
 20
359.0
 10
565.8000000000001
 20
359.0
 10
565.4
 20
359.0
 10
565.0
 20
359.0
 10
564.6
 20
359.0
 10
564.2
 20
359.0
 10
563.8000000000001
 20
359.0
 10
563.4
 20
359.0
 10
563.0
 20
359.0
 10
562.6
 20
359.0
 10
562.2
 20
359.0
 10
561.8000000000001
 20
359.0
 10
561.4
 20
359.0
 10
561.0
 20
359.0
 10
560.6
 20
359.0
 10
560.2
 20
359.0
 10
559.8000000000001
 20
359.0
 10
559.4
 20
359.0
 10
559.0
 20
359.0
 10
558.6
 20
359.0
 10
558.2
 20
359.0
 10
557.8000000000001
 20
359.0
 10
557.4
 20
359.0
 10
557.0
 20
359.0
 10
556.6
 20
359.0
 10
556.2
 20
359.0
 10
555.8000000000001
 20
359.0
 10
555.4
 20
359.0
 10
555.0
 20
359.0
 10
554.6
 20
359.0
 10
554.2
 20
359.0
 10
553.8000000000001
 20
359.0
 10
553.4
 20
359.0
 10
553.0
 20
359.0
 10
552.6
 20
359.0
 10
552.2
 20
359.0
 10
551.8000000000001
 20
359.0
 10
551.4
 20
359.0
 10
551.0
 20
359.0
 10
550.6
 20
359.0
 10
550.2
 20
359.0
 10
549.8000000000001
 20
359.0
 10
549.4
 20
359.0
 10
549.0
 20
359.0
 10
548.6
 20
359.0
 10
548.2
 20
359.0
 10
547.8000000000001
 20
359.0
 10
547.4
 20
359.0
 10
547.0
 20
359.0
 10
546.6
 20
359.0
 10
546.2
 20
359.0
 10
545.8000000000001
 20
359.0
 10
545.4
 20
359.0
 10
545.0
 20
359.0
 10
545.0
 20
359.4
 10
545.0
 20
359.79999999999995
 10
545.0
 20
360.2
 10
545.0
 20
360.59999999999997
 10
545.0
 20
361.0
 10
545.0
 20
361.4
 10
545.0
 20
361.79999999999995
 10
545.0
 20
362.2
 10
545.0
 20
362.59999999999997
 10
545.0
 20
363.0
 10
545.0
 20
363.4
 10
545.0
 20
363.79999999999995
 10
545.0
 20
364.2
 10
545.0
 20
364.59999999999997
 10
545.0
 20
365.0
 10
545.0
 20
365.4
 10
545.0
 20
365.79999999999995
 10
545.0
 20
366.2
 10
545.0
 20
366.59999999999997
 10
545.0
 20
367.0
 10
545.0
 20
367.4
 10
545.0
 20
367.79999999999995
 10
545.0
 20
368.2
 10
545.0
 20
368.59999999999997
 10
545.0
 20
369.0
 10
545.0
 20
369.4
 10
545.0
 20
369.79999999999995
 10
545.0
 20
370.2
 10
545.0
 20
370.59999999999997
 10
545.0
 20
371.0
 10
545.0
 20
371.4
 10
545.0
 20
371.79999999999995
 10
545.0
 20
372.19999999999993
 10
545.0
 20
372.59999999999997
 10
545.0
 20
373.0
 10
545.0
 20
373.4
 10
545.0
 20
373.79999999999995
 10
545.1999999999999
 20
374.0
 10
545.5999999999999
 20
374.0
 10
546.0
 20
374.0
 10
546.4
 20
374.0
 10
546.8
 20
374.0
 10
547.1999999999999
 20
374.0
 10
547.6
 20
374.0
 10
548.0
 20
374.0
 10
548.4
 20
374.0
 10
548.8
 20
374.0
 10
549.1999999999999
 20
374.0
 10
549.5999999999999
 20
374.0
 10
550.0
 20
374.0
 10
550.4
 20
374.0
 10
550.8
 20
374.0
 10
551.1999999999999
 20
374.0
 10
551.5999999999999
 20
374.0
 10
552.0
 20
374.0
 10
552.4
 20
374.0
 10
552.8
 20
374.0
 10
553.1999999999999
 20
374.0
 10
553.6
 20
374.0
 10
554.0
 20
374.0
 10
554.4
 20
374.0
 10
554.8
 20
374.0
 10
555.1999999999999
 20
374.0
 10
555.5999999999999
 20
374.0
 10
556.0
 20
374.0
 10
556.4
 20
374.0
 10
556.8
 20
374.0
 10
557.1999999999999
 20
374.0
 10
557.6
 20
374.0
 10
558.0
 20
374.0
 10
558.4
 20
374.0
 10
558.8
 20
374.0
 10
559.1999999999999
 20
374.0
 10
559.5999999999999
 20
374.0
 10
560.0
 20
374.0
 10
560.4
 20
374.0
 10
560.8
 20
374.0
 10
561.1999999999999
 20
374.0
 10
561.5999999999999
 20
374.0
 10
562.0
 20
374.0
 10
562.4
 20
374.0
 10
562.8
 20
374.0
 10
563.1999999999999
 20
374.0
 10
563.6
 20
374.0
 10
564.0
 20
374.0
 10
564.4
 20
374.0
 10
564.8
 20
374.0
 10
565.1999999999999
 20
374.0
 10
565.5999999999999
 20
374.0
 10
566.0
 20
374.0
 10
566.4
 20
374.0
 10
566.8
 20
374.0
 10
567.1999999999999
 20
374.0
 10
567.5999999999999
 20
374.0
 10
568.0
 20
374.0
 10
568.4
 20
374.0
 10
568.8
 20
374.0
 10
569.1999999999999
 20
374.0
 10
569.5999999999999
 20
374.0
 10
570.0
 20
374.0
 10
570.4
 20
374.0
 10
570.8
 20
374.0
 10
571.1999999999999
 20
374.0
 10
571.6
 20
374.0
 10
572.0
 20
374.0
 10
572.4
 20
374.0
 10
572.8
 20
374.0
 10
573.1999999999999
 20
374.0
 10
573.6
 20
374.0
 10
574.0
 20
374.0
 10
574.4
 20
374.0
 10
574.8
 20
374.0
 10
575.1999999999999
 20
374.0
 10
575.5999999999999
 20
374.0
 10
576.0
 20
374.0
 10
576.4
 20
374.0
 10
576.8
 20
374.0
 10
577.1999999999999
 20
374.0
 10
577.6
 20
374.0
 10
578.0
 20
374.0
 10
578.4
 20
374.0
 10
578.8
 20
374.0
 10
579.1999999999999
 20
374.0
 10
579.6
 20
374.0
 10
580.0
 20
374.0
 10
580.4
 20
374.0
 10
580.8
 20
374.0
 10
581.1999999999999
 20
374.0
 10
581.5999999999999
 20
374.0
 10
582.0
 20
374.0
 10
582.4
 20
374.0
 10
582.8
 20
374.0
 10
583.1999999999999
 20
374.0
 10
583.5999999999999
 20
374.0
 10
584.0
 20
374.0
 10
584.4
 20
374.0
 10
584.8
 20
374.0
 10
585.1999999999999
 20
374.0
 10
585.6
 20
374.0
 10
586.0
 20
374.0
 10
586.4
 20
374.0
 10
586.8
 20
374.0
 10
587.1999999999999
 20
374.0
 10
587.5999999999999
 20
374.0
 10
588.0
 20
374.0
 10
588.4
 20
374.0
 10
588.8
 20
374.0
 10
589.1999999999999
 20
374.0
 10
589.5999999999999
 20
374.0
 10
590.0
 20
374.0
 10
590.4
 20
374.0
 10
590.8
 20
374.0
 10
591.2
 20
374.0
 10
591.6
 20
374.0
 10
592.0
 20
374.0
 10
592.4
 20
374.0
 10
592.8
 20
374.0
 10
593.1999999999999
 20
374.0
 10
593.5999999999999
 20
374.0
 10
594.0
 20
374.0
 10
594.4
 20
374.0
 10
594.8
 20
374.0
 10
595.1999999999999
 20
374.0
 10
595.5999999999999
 20
374.0
 10
596.0
 20
374.0
 10
596.4
 20
374.0
 10
596.8
 20
374.0
 10
597.1999999999999
 20
374.0
 10
597.6
 20
374.0
 10
598.0
 20
374.0
 10
598.4
 20
374.0
 10
598.8
 20
374.0
 10
599.2
 20
374.0
 10
599.5999999999999
 20
374.0
 10
600.0
 20
374.0
 10
600.4
 20
374.0
 10
600.8
 20
374.0
 10
601.1999999999999
 20
374.0
 10
601.5999999999999
 20
374.0
 10
602.0
 20
374.0
 10
602.4
 20
374.0
 10
602.8
 20
374.0
 10
603.1999999999999
 20
374.0
 10
603.5999999999999
 20
374.0
 10
604.0
 20
374.0
 10
604.4
 20
374.0
 10
604.8
 20
374.0
 10
605.2
 20
374.0
 10
605.5999999999999
 20
374.0
 10
606.0
 20
374.0
 10
606.4
 20
374.0
 10
606.8
 20
374.0
 10
607.1999999999999
 20
374.0
 10
607.5999999999999
 20
374.0
 10
608.0
 20
374.0
 10
608.4
 20
374.0
 10
608.8
 20
374.0
 10
609.1999999999999
 20
374.0
 10
609.5999999999999
 20
374.0
 10
610.0
 20
374.0
 10
610.4
 20
374.0
 10
610.8
 20
374.0
 10
611.2
 20
374.0
 10
611.5999999999999
 20
374.0
 10
612.0
 20
374.0
 10
612.4
 20
374.0
 10
612.8
 20
374.0
 10
613.1999999999999
 20
374.0
 10
613.5999999999999
 20
374.0
 10
614.0
 20
374.0
 10
614.4
 20
374.0
 10
614.8
 20
374.0
 10
615.0
 20
373.80000000000007
 10
615.0
 20
373.40000000000003
 10
615.0
 20
373.0
 10
615.0
 20
372.6
 10
615.0
 20
372.20000000000005
 10
615.0
 20
371.8
 10
615.0
 20
371.4
 10
615.0
 20
371.0
 10
615.0
 20
370.6
 10
615.0
 20
370.20000000000005
 10
615.0
 20
369.80000000000007
 10
615.0
 20
369.40000000000003
 10
615.0
 20
369.0
 10
615.0
 20
368.6
 10
615.0
 20
368.20000000000005
 10
615.0
 20
367.80000000000007
 10
615.0
 20
367.40000000000003
 10
615.0
 20
367.0
 10
615.0
 20
366.6
 10
615.0
 20
366.20000000000005
 10
615.0
 20
365.80000000000007
 10
615.0
 20
365.4
 10
615.0
 20
365.0
 10
615.0
 20
364.6
 10
615.0
 20
364.20000000000005
 10
615.0
 20
363.8
 10
615.0
 20
363.40000000000003
 10
615.0
 20
363.0
 10
615.0
 20
362.6
 10
615.0
 20
362.20000000000005
 10
615.0
 20
361.80000000000007
 10
615.0
 20
361.40000000000003
 10
615.0
 20
361.0
 10
615.0
 20
360.6
 10
615.0
 20
360.20000000000005
 10
615.0
 20
359.80000000000007
 10
615.0
 20
359.40000000000003
 10
615.0
 20
359.0
 10
615.0
 20
358.6
 10
615.0
 20
358.20000000000005
 10
615.0
 20
357.8
 10
615.0
 20
357.40000000000003
 10
615.0
 20
357.0
 10
615.0
 20
356.6
 10
615.0
 20
356.20000000000005
 10
615.0
 20
355.80000000000007
 10
615.0
 20
355.40000000000003
 10
615.0
 20
355.0
 10
615.0
 20
354.6
 10
615.0
 20
354.20000000000005
 10
615.0
 20
353.80000000000007
 10
615.0
 20
353.40000000000003
 10
615.0
 20
353.0
 10
615.0
 20
352.6
 10
615.0
 20
352.20000000000005
 10
615.0
 20
351.8
 10
615.0
 20
351.40000000000003
 10
615.0
 20
351.0
 10
615.0
 20
350.6
 10
615.0
 20
350.20000000000005
 10
615.0
 20
349.80000000000007
 10
615.0
 20
349.40000000000003
 10
615.0
 20
349.0
 10
615.0
 20
348.6
 10
615.0
 20
348.20000000000005
 10
615.0
 20
347.80000000000007
 10
615.0
 20
347.40000000000003
 10
615.0
 20
347.0
 10
615.0
 20
346.6
 10
615.0
 20
346.20000000000005
 10
615.0
 20
345.8
 10
615.0
 20
345.4
 10
615.0
 20
345.0
 10
615.0
 20
344.6
 10
615.0
 20
344.20000000000005
 10
614.8000000000001
 20
344.0
 10
614.4000000000001
 20
344.0
 10
614.0
 20
344.0
 10
613.6
 20
344.0
 10
613.2
 20
344.0
 10
612.8000000000001
 20
344.0
 10
612.4000000000001
 20
344.0
 10
612.0
 20
344.0
 10
611.6
 20
344.0
 10
611.2
 20
344.0
 10
610.8000000000001
 20
344.0
 10
610.4
 20
344.0
 10
610.0
 20
344.0
 10
609.6
 20
344.0
 10
609.2
 20
344.0
 10
608.8
 20
344.0
 10
608.4000000000001
 20
344.0
 10
608.0
 20
344.0
 10
607.6
 20
344.0
 10
607.2
 20
344.0
 10
606.8000000000001
 20
344.0
 10
606.4000000000001
 20
344.0
 10
606.0
 20
344.0
 10
605.6
 20
344.0
 10
605.2
 20
344.0
 10
604.8000000000001
 20
344.0
 10
604.4000000000001
 20
344.0
 10
604.0
 20
344.0
 10
603.6
 20
344.0
 10
603.2
 20
344.0
 10
602.8
 20
344.0
 10
602.4000000000001
 20
344.0
 10
602.0
 20
344.0
 10
601.6
 20
344.0
 10
601.2
 20
344.0
 10
600.8000000000001
 20
344.0
 10
600.4000000000001
 20
344.0
 10
600.0
 20
344.0
 10
599.6
 20
344.0
 10
599.2
 20
344.0
 10
598.8000000000001
 20
344.0
 10
598.4000000000001
 20
344.0
 10
598.0
 20
344.0
 10
597.6
 20
344.0
 10
597.2
 20
344.0
 10
596.8
 20
344.0
 10
596.4000000000001
 20
344.0
 10
596.0
 20
344.0
 10
595.6
 20
344.0
 10
595.2
 20
344.0
 10
594.8000000000001
 20
344.0
 10
594.4000000000001
 20
344.0
 10
594.0
 20
344.0
 10
593.6
 20
344.0
 10
593.2
 20
344.0
 10
592.8000000000001
 20
344.0
 10
592.4000000000001
 20
344.0
 10
592.0
 20
344.0
 10
591.6
 20
344.0
 10
591.2
 20
344.0
 10
590.8
 20
344.0
 10
590.4
 20
344.0
 10
590.0
 20
344.0
 10
589.6
 20
344.0
 10
589.2
 20
344.0
 10
588.8000000000001
 20
344.0
 10
588.4000000000001
 20
344.0
 10
588.0
 20
344.0
  0
LWPOLYLINE
  5
10C
330
17
100
AcDbEntity
  8
22_ТОНКИЕ
100
AcDbPolyline
 90
4
 70
1
 10
420.0
 20
264.0
 10
640.0
 20
264.0
 10
640.0
 20
504.0
 10
420.0
 20
504.0
  0
LWPOLYLINE
  5
10D
330
17
100
AcDbEntity
  8
22_ТОНКИЕ
100
AcDbPolyline
 90
6
 70
0
 10
420.0
 20
260.0
 10
420.0
 20
381.0
 10
417.5
 20
383.0
 10
422.5
 20
385.0
 10
420.0
 20
387.0
 10
420.0
 20
508.0
  0
LWPOLYLINE
  5
10E
330
17
100
AcDbEntity
  8
22_ТОНКИЕ
100
AcDbPolyline
 90
6
 70
0
 10
640.0
 20
260.0
 10
640.0
 20
381.0
 10
637.5
 20
383.0
 10
642.5
 20
385.0
 10
640.0
 20
387.0
 10
640.0
 20
508.0
  0
LINE
  5
10F
330
17
100
AcDbEntity
  8
26_РАЗЪЁМ
100
AcDbLine
 10
405.0
 20
344.0
 30
0.0
 11
650.0
 21
344.0
 31
0.0
  0
LINE
  5
110
330
17
100
AcDbEntity
  8
20_ВИДИМЫЕ
100
AcDbLine
 10
650.0
 20
344.0
 30
0.0
 11
650.0
 21
358.0
 31
0.0
  0
LINE
  5
111
330
17
100
AcDbEntity
  8
20_ВИДИМЫЕ
100
AcDbLine
 10
650.0
 20
344.0
 30
0.0
 11
650.0
 21
330.0
 31
0.0
  0
TEXT
  5
112
330
17
100
AcDbEntity
  8
08_ТЕКСТ
100
AcDbText
 10
655.0
 20
353.0
 30
0.0
 40
3.5
  1
В
  7
ГОСТ
 72
1
 11
655.0
 21
353.0
 31
0.0
100
AcDbText
 73
2
  0
TEXT
  5
113
330
17
100
AcDbEntity
  8
08_ТЕКСТ
100
AcDbText
 10
655.0
 20
335.0
 30
0.0
 40
3.5
  1
Н
  7
ГОСТ
 72
1
 11
655.0
 21
335.0
 31
0.0
100
AcDbText
 73
2
  0
TEXT
  5
114
330
17
100
AcDbEntity
  8
08_ТЕКСТ
100
AcDbText
 10
638.0
 20
348.0
 30
0.0
 40
3.5
  1
МФ
  7
ГОСТ
 72
1
 11
638.0
 21
348.0
 31
0.0
100
AcDbText
 73
2
  0
TEXT
  5
115
330
17
100
AcDbEntity
  8
08_ТЕКСТ
100
AcDbText
 10
530.0
 20
518.0
 30
0.0
 40
5.0
  1
Б-Б
  7
ГОСТ
 72
1
 11
530.0
 21
518.0
 31
0.0
100
AcDbText
 73
1
  0
LINE
  5
116
330
17
100
AcDbEntity
  8
09_РАЗМЕРЫ
100
AcDbLine
 10
530.0
 20
430.0
 30
0.0
 11
460.0
 21
470.0
 31
0.0
  0
TEXT
  5
117
330
17
100
AcDbEntity
  8
08_ТЕКСТ
100
AcDbText
 10
459.0
 20
471.0
 30
0.0
 40
3.0
  1
Ст. 1
  7
ГОСТ
 72
2
 11
459.0
 21
471.0
 31
0.0
100
AcDbText
 73
1
  0
LINE
  5
118
330
17
100
AcDbEntity
  8
09_РАЗМЕРЫ
100
AcDbLine
 10
460.0
 20
470.0
 30
0.0
 11
449.0
 21
470.0
 31
0.0
  0
LINE
  5
119
330
17
100
AcDbEntity
  8
09_РАЗМЕРЫ
100
AcDbLine
 10
600.0
 20
360.0
 30
0.0
 11
570.0
 21
280.0
 31
0.0
  0
TEXT
  5
11A
330
17
100
AcDbEntity
  8
08_ТЕКСТ
100
AcDbText
 10
569.0
 20
281.0
 30
0.0
 40
3.0
  1
Ст. 2, знак до разъёма
  7
ГОСТ
 72
2
 11
569.0
 21
281.0
 31
0.0
100
AcDbText
 73
1
  0
LINE
  5
11B
330
17
100
AcDbEntity
  8
09_РАЗМЕРЫ
100
AcDbLine
 10
570.0
 20
280.0
 30
0.0
 11
523.3
 21
280.0
 31
0.0
  0
DIMENSION
  5
11C
330
17
100
AcDbEntity
  8
09_РАЗМЕРЫ
100
AcDbDimension
280
0
  2
*D5
  3
ГОСТ
 10
517.0
 20
452.0
 30
0.0
 11
530.0
 21
454.75
 31
0.0
 70
32
 71
5
  1
⌀26
100
AcDbAlignedDimension
 13
517.0
 23
440.0
 33
0.0
 14
543.0
 24
440.0
 34
0.0
 50
0.0
100
AcDbRotatedDimension
1001
ACAD
1000
DSTYLE
1002
{
1070
340
1005
99
1002
}
  0
DIMENSION
  5
12B
330
17
100
AcDbEntity
  8
09_РАЗМЕРЫ
100
AcDbDimension
280
0
  2
*D6
  3
ГОСТ
 10
570.0
 20
420.0
 30
0.0
 11
567.25
 21
430.0
 31
0.0
 70
32
 71
5
  1
20
100
AcDbAlignedDimension
 13
543.0
 23
420.0
 33
0.0
 14
543.0
 24
440.0
 34
0.0
 50
90.0
100
AcDbRotatedDimension
1001
ACAD
1000
DSTYLE
1002
{
1070
340
1005
99
1002
}
  0
LWPOLYLINE
  5
13A
330
17
100
AcDbEntity
  8
20_ВИДИМЫЕ
100
AcDbPolyline
 90
4
 70
1
 10
255.0
 20
75.0
 10
405.0
 20
75.0
 10
405.0
 20
175.0
 10
255.0
 20
175.0
  0
LWPOLYLINE
  5
13B
330
17
100
AcDbEntity
  8
20_ВИДИМЫЕ
100
AcDbPolyline
 90
7
 70
0
 10
283.15479738469855
 20
112.6340310497332
 10
283.01541386221646
 20
112.7303696623381
 10
282.868376196221
 20
112.81456478925622
 10
282.71473970892663
 20
112.88601214323103
 10
282.5556070837642
 20
112.94419893062351
 10
282.3921204511752
 20
112.98870753184683
 10
282.2254531912862
 20
113.01921849871543
  0
LWPOLYLINE
  5
13C
330
17
100
AcDbEntity
  8
20_ВИДИМЫЕ
100
AcDbPolyline
 90
7
 70
0
 10
280.1877560534601
 20
111.98612663705389
 10
280.17878159973685
 20
111.96925590598033
 10
280.16996874709315
 20
111.9523001985381
 10
280.1613183000596
 20
111.93526106262381
 10
280.15283104834054
 20
111.91814005375035
 10
280.14450776674244
 20
111.90093873490486
 10
280.1363492151025
 20
111.88365867640597
  0
LWPOLYLINE
  5
13D
330
17
100
AcDbEntity
  8
20_ВИДИМЫЕ
100
AcDbPolyline
 90
7
 70
0
 10
304.8636507848975
 20
111.88365867640599
 10
304.85549223325756
 20
111.90093873490486
 10
304.84716895165946
 20
111.91814005375036
 10
304.8386816999404
 20
111.93526106262381
 10
304.83003125290685
 20
111.9523001985381
 10
304.82121840026315
 20
111.96925590598033
 10
304.8122439465399
 20
111.98612663705389
  0
LWPOLYLINE
  5
13E
330
17
100
AcDbEntity
  8
20_ВИДИМЫЕ
100
AcDbPolyline
 90
7
 70
0
 10
302.7745468087138
 20
113.01921849871543
 10
302.6078795488248
 20
112.98870753184683
 10
302.4443929162358
 20
112.94419893062351
 10
302.28526029107337
 20
112.88601214323103
 10
302.131623803779
 20
112.81456478925622
 10
301.98458613778354
 20
112.73036966233812
 10
301.84520261530145
 20
112.63403104973321
  0
LWPOLYLINE
  5
13F
330
17
100
AcDbEntity
  8
20_ВИДИМЫЕ
100
AcDbPolyline
 90
2
 70
0
 10
304.8636507848975
 20
111.88365867640597
 10
307.8716253971589
 20
105.43303630369448
  0
LWPOLYLINE
  5
140
330
17
100
AcDbEntity
  8
20_ВИДИМЫЕ
100
AcDbPolyline
 90
7
 70
0
 10
307.8716253971589
 20
105.43303630369448
 10
307.94331371205874
 20
105.31092792467254
 10
308.0366750090348
 20
105.20446976882022
 10
308.14838153117626
 20
105.11745641564033
 10
308.2744516269519
 20
105.05298935682988
 10
308.4103916716363
 20
105.01336644714704
 10
308.5513562374364
 20
105.0
  0
LWPOLYLINE
  5
141
330
17
100
AcDbEntity
  8
20_ВИДИМЫЕ
100
AcDbPolyline
 90
2
 70
0
 10
313.14963680813304
 20
105.0
 10
308.5513562374364
 20
105.0
  0
LWPOLYLINE
  5
142
330
17
100
AcDbEntity
  8
20_ВИДИМЫЕ
100
AcDbPolyline
 90
2
 70
0
 10
313.14963680813304
 20
109.75
 10
313.14963680813304
 20
105.0
  0
LWPOLYLINE
  5
143
330
17
100
AcDbEntity
  8
20_ВИДИМЫЕ
100
AcDbPolyline
 90
2
 70
0
 10
271.85036319186696
 20
109.75
 10
271.85036319186696
 20
105.0
  0
LWPOLYLINE
  5
144
330
17
100
AcDbEntity
  8
20_ВИДИМЫЕ
100
AcDbPolyline
 90
2
 70
0
 10
276.4486437625636
 20
105.0
 10
271.85036319186696
 20
105.0
  0
LWPOLYLINE
  5
145
330
17
100
AcDbEntity
  8
20_ВИДИМЫЕ
100
AcDbPolyline
 90
7
 70
0
 10
276.4486437625636
 20
105.0
 10
276.5896083283637
 20
105.01336644714704
 10
276.7255483730481
 20
105.05298935682988
 10
276.85161846882374
 20
105.11745641564033
 10
276.96332499096513
 20
105.20446976882022
 10
277.05668628794126
 20
105.31092792467254
 10
277.12837460284106
 20
105.43303630369448
  0
LWPOLYLINE
  5
146
330
17
100
AcDbEntity
  8
20_ВИДИМЫЕ
100
AcDbPolyline
 90
2
 70
0
 10
277.1283746028411
 20
105.43303630369448
 10
280.1363492151025
 20
111.88365867640599
  0
LWPOLYLINE
  5
147
330
17
100
AcDbEntity
  8
20_ВИДИМЫЕ
100
AcDbPolyline
 90
7
 70
0
 10
274.3607294853178
 20
145.0
 10
274.3695845557618
 20
145.0
 10
274.3945280464545
 20
145.0
 10
274.4339527900212
 20
145.0
 10
274.48590049430544
 20
145.0
 10
274.5461194078288
 20
145.0
 10
274.6107294853178
 20
145.0
  0
LWPOLYLINE
  5
148
330
17
100
AcDbEntity
  8
20_ВИДИМЫЕ
100
AcDbPolyline
 90
2
 70
0
 10
274.6107294853178
 20
145.0
 10
280.3538394953365
 20
145.0
  0
LWPOLYLINE
  5
149
330
17
100
AcDbEntity
  8
20_ВИДИМЫЕ
100
AcDbPolyline
 90
7
 70
0
 10
270.625
 20
145.0
 10
270.63308287122135
 20
145.0
 10
270.656300116374
 20
145.0
 10
270.69442457387765
 20
145.0
 10
270.7479665739704
 20
145.0
 10
270.81546917962646
 20
145.0
 10
270.8962719335665
 20
145.0
  0
LWPOLYLINE
  5
14A
330
17
100
AcDbEntity
  8
20_ВИДИМЫЕ
100
AcDbPolyline
 90
2
 70
0
 10
274.3607294853178
 20
145.0
 10
270.8962719335665
 20
145.0
  0
LWPOLYLINE
  5
14B
330
17
100
AcDbEntity
  8
20_ВИДИМЫЕ
100
AcDbPolyline
 90
7
 70
0
 10
281.1232199660562
 20
144.54174775497316
 10
281.03669279789074
 20
144.67211641100485
 10
280.92832954208995
 20
144.78498953490285
 10
280.80159540785945
 20
144.8767577021892
 10
280.6605430631019
 20
144.9444863766531
 10
280.50968303936156
 20
144.98600975011072
 10
280.3538394953365
 20
145.0
  0
LWPOLYLINE
  5
14C
330
17
100
AcDbEntity
  8
20_ВИДИМЫЕ
100
AcDbPolyline
 90
2
 70
0
 10
282.2517800339438
 20
142.45825224502684
 10
281.12321996605624
 20
144.54174775497316
  0
LWPOLYLINE
  5
14D
330
17
100
AcDbEntity
  8
20_ВИДИМЫЕ
100
AcDbPolyline
 90
7
 70
0
 10
283.0211605046635
 20
142.0
 10
282.86531696063844
 20
142.01399024988928
 10
282.7144569368981
 20
142.0555136233469
 10
282.57340459214055
 20
142.1232422978108
 10
282.44667045791005
 20
142.21501046509715
 10
282.33830720210926
 20
142.32788358899518
 10
282.2517800339438
 20
142.45825224502684
  0
LWPOLYLINE
  5
14E
330
17
100
AcDbEntity
  8
20_ВИДИМЫЕ
100
AcDbPolyline
 90
2
 70
0
 10
283.0211605046635
 20
142.0
 10
302.5
 20
142.0
  0
LWPOLYLINE
  5
14F
330
17
100
AcDbEntity
  8
20_ВИДИМЫЕ
100
AcDbPolyline
 90
2
 70
0
 10
302.5
 20
142.0
 10
302.5
 20
143.17499999999998
  0
LWPOLYLINE
  5
150
330
17
100
AcDbEntity
  8
20_ВИДИМЫЕ
100
AcDbPolyline
 90
2
 70
0
 10
303.25094127149003
 20
144.54546782046933
 10
302.5
 20
143.17499999999998
  0
LWPOLYLINE
  5
151
330
17
100
AcDbEntity
  8
20_ВИДИМЫЕ
100
AcDbPolyline
 90
7
 70
0
 10
304.01829504384654
 20
145.0
 10
303.8631463152454
 20
144.9861352228387
 10
303.71291439247034
 20
144.94498027888787
 10
303.57236026325114
 20
144.87783940615202
 10
303.4459382171438
 20
144.78684036060577
 10
303.3376546849999
 20
144.67486698565116
 10
303.25094127149003
 20
144.54546782046933
  0
LWPOLYLINE
  5
152
330
17
100
AcDbEntity
  8
20_ВИДИМЫЕ
100
AcDbPolyline
 90
2
 70
0
 10
304.01829504384654
 20
145.0
 10
310.3892705146822
 20
145.0
  0
LWPOLYLINE
  5
153
330
17
100
AcDbEntity
  8
20_ВИДИМЫЕ
100
AcDbPolyline
 90
7
 70
0
 10
310.3892705146822
 20
145.0
 10
310.4538805921712
 20
145.0
 10
310.51409950569456
 20
145.0
 10
310.5660472099788
 20
145.0
 10
310.6054719535455
 20
145.0
 10
310.6304154442382
 20
145.0
 10
310.6392705146822
 20
145.0
  0
LWPOLYLINE
  5
154
330
17
100
AcDbEntity
  8
20_ВИДИМЫЕ
100
AcDbPolyline
 90
2
 70
0
 10
310.6392705146822
 20
145.0
 10
314.1037280664335
 20
145.0
  0
LWPOLYLINE
  5
155
330
17
100
AcDbEntity
  8
20_ВИДИМЫЕ
100
AcDbPolyline
 90
7
 70
0
 10
314.1037280664335
 20
145.0
 10
314.18453082037354
 20
145.0
 10
314.2520334260296
 20
145.0
 10
314.30557542612235
 20
145.0
 10
314.343699883626
 20
145.0
 10
314.36691712877865
 20
145.0
 10
314.375
 20
145.0
  0
LWPOLYLINE
  5
156
330
17
100
AcDbEntity
  8
20_ВИДИМЫЕ
100
AcDbPolyline
 90
115
 70
0
 10
288.75
 20
125.0
 10
288.75569431337505
 20
124.7934208986655
 10
288.77275996005767
 20
124.5874691712722
 10
288.8011451122398
 20
124.38277028644725
 10
288.8407635651471
 20
124.17994590797609
 10
288.8914949988403
 20
123.97961200683
 10
288.95318534362264
 20
123.78237699048243
 10
289.0256472479445
 20
123.58883985519562
 10
289.1086606473841
 20
123.39958836688848
 10
289.20197343297565
 20
123.21519727611097
 10
289.30530221685626
 20
123.03622657254546
 10
289.4183331929053
 20
122.86321978433651
 10
289.5407230897635
 20
122.69670232741375
 10
289.67210021333665
 20
122.53717990982099
 10
289.8120655756183
 20
122.38513699589751
 10
289.9601941064035
 20
122.24103533497576
 10
290.1160359442126
 20
122.10531255906379
 10
290.27911780250633
 20
121.97838085377133
 10
290.4489444070409
 20
121.86062570651552
 10
290.625
 20
121.75240473580835
 10
290.8067499063342
 20
121.65404660518102
 10
290.99364215755134
 20
121.56585002504353
 10
291.18510916802717
 20
121.48808284551104
 10
291.38056945874365
 20
121.42098124295185
 10
291.579429423222
 20
121.3647490027275
 10
291.781085130286
 20
121.31955690030344
 10
291.984924158181
 20
121.28554218260936
 10
292.19032745447873
 20
121.26280815122499
 10
292.3966712161194
 20
121.25142384865643
 10
292.6033287838806
 20
121.25142384865643
 10
292.80967254552127
 20
121.26280815122499
 10
293.01507584181905
 20
121.28554218260936
 10
293.218914869714
 20
121.31955690030344
 10
293.420570576778
 20
121.3647490027275
 10
293.61943054125635
 20
121.42098124295185
 10
293.81489083197283
 20
121.48808284551104
 10
294.00635784244866
 20
121.56585002504353
 10
294.1932500936658
 20
121.65404660518102
 10
294.375
 20
121.75240473580835
 10
294.5510555929591
 20
121.86062570651552
 10
294.72088219749367
 20
121.97838085377133
 10
294.8839640557874
 20
122.10531255906379
 10
295.0398058935965
 20
122.24103533497576
 10
295.1879344243817
 20
122.38513699589751
 10
295.32789978666335
 20
122.53717990982099
 10
295.4592769102365
 20
122.69670232741375
 10
295.5816668070947
 20
122.86321978433651
 10
295.69469778314374
 20
123.03622657254546
 10
295.79802656702435
 20
123.21519727611097
 10
295.8913393526159
 20
123.39958836688848
 10
295.9743527520555
 20
123.58883985519562
 10
296.04681465637736
 20
123.78237699048243
 10
296.1085050011597
 20
123.97961200683
 10
296.1592364348529
 20
124.17994590797609
 10
296.1988548877602
 20
124.38277028644725
 10
296.22724003994233
 20
124.5874691712722
 10
296.24430568662495
 20
124.7934208986655
 10
296.25
 20
125.0
 10
296.24430568662495
 20
125.2065791013345
 10
296.22724003994233
 20
125.4125308287278
 10
296.1988548877602
 20
125.61722971355275
 10
296.1592364348529
 20
125.82005409202391
 10
296.1085050011597
 20
126.02038799317
 10
296.04681465637736
 20
126.21762300951757
 10
295.9743527520555
 20
126.41116014480438
 10
295.8913393526159
 20
126.60041163311152
 10
295.79802656702435
 20
126.78480272388903
 10
295.69469778314374
 20
126.96377342745454
 10
295.5816668070947
 20
127.13678021566349
 10
295.4592769102365
 20
127.30329767258625
 10
295.32789978666335
 20
127.46282009017901
 10
295.1879344243817
 20
127.61486300410249
 10
295.0398058935965
 20
127.75896466502425
 10
294.8839640557874
 20
127.89468744093621
 10
294.72088219749367
 20
128.02161914622866
 10
294.5510555929591
 20
128.13937429348448
 10
294.375
 20
128.24759526419166
 10
294.1932500936658
 20
128.345953394819
 10
294.00635784244866
 20
128.43414997495645
 10
293.81489083197283
 20
128.51191715448897
 10
293.61943054125635
 20
128.57901875704815
 10
293.420570576778
 20
128.6352509972725
 10
293.218914869714
 20
128.68044309969656
 10
293.015075841819
 20
128.71445781739064
 10
292.80967254552127
 20
128.737191848775
 10
292.6033287838806
 20
128.74857615134357
 10
292.3966712161194
 20
128.74857615134357
 10
292.19032745447873
 20
128.737191848775
 10
291.984924158181
 20
128.71445781739064
 10
291.781085130286
 20
128.68044309969656
 10
291.579429423222
 20
128.6352509972725
 10
291.38056945874365
 20
128.57901875704815
 10
291.18510916802717
 20
128.51191715448897
 10
290.99364215755134
 20
128.43414997495645
 10
290.8067499063342
 20
128.34595339481896
 10
290.625
 20
128.24759526419163
 10
290.4489444070409
 20
128.13937429348448
 10
290.27911780250633
 20
128.02161914622866
 10
290.1160359442126
 20
127.89468744093621
 10
289.9601941064035
 20
127.75896466502424
 10
289.8120655756183
 20
127.61486300410249
 10
289.67210021333665
 20
127.46282009017901
 10
289.5407230897635
 20
127.30329767258625
 10
289.4183331929053
 20
127.1367802156635
 10
289.30530221685626
 20
126.96377342745454
 10
289.20197343297565
 20
126.78480272388903
 10
289.1086606473841
 20
126.60041163311152
 10
289.0256472479445
 20
126.41116014480438
 10
288.95318534362264
 20
126.21762300951757
 10
288.8914949988403
 20
126.02038799317
 10
288.8407635651471
 20
125.82005409202391
 10
288.8011451122398
 20
125.61722971355275
 10
288.77275996005767
 20
125.4125308287278
 10
288.75569431337505
 20
125.2065791013345
 10
288.75
 20
125.0
  0
LWPOLYLINE
  5
157
330
17
100
AcDbEntity
  8
20_ВИДИМЫЕ
100
AcDbPolyline
 90
7
 70
0
 10
289.03823300909625
 20
123.55824090060463
 10
289.0419940224231
 20
123.5492434184046
 10
289.0529795692429
 20
123.52333140151019
 10
289.0703701553666
 20
123.48337904266921
 10
289.09309540144267
 20
123.43299615261817
 10
289.1198734345107
 20
123.37604051762138
 10
289.1494363895987
 20
123.31589089051378
  0
LWPOLYLINE
  5
158
330
17
100
AcDbEntity
  8
20_ВИДИМЫЕ
100
AcDbPolyline
 90
7
 70
0
 10
295.9617669909037
 20
123.55824090060466
 10
295.9580059775769
 20
123.54924341840459
 10
295.9470204307571
 20
123.52333140151019
 10
295.9296298446334
 20
123.48337904266921
 10
295.90690459855733
 20
123.43299615261817
 10
295.88012656548926
 20
123.37604051762138
 10
295.8505636104013
 20
123.31589089051378
  0
LWPOLYLINE
  5
159
330
17
100
AcDbEntity
  8
20_ВИДИМЫЕ
100
AcDbPolyline
 90
7
 70
0
 10
314.10372806643346
 20
105.0
 10
314.18453082037354
 20
105.0
 10
314.2520334260296
 20
105.0
 10
314.30557542612235
 20
105.0
 10
314.343699883626
 20
105.0
 10
314.36691712877865
 20
105.0
 10
314.375
 20
105.0
  0
LWPOLYLINE
  5
15A
330
17
100
AcDbEntity
  8
20_ВИДИМЫЕ
100
AcDbPolyline
 90
2
 70
0
 10
314.10372806643346
 20
105.0
 10
313.14963680813304
 20
105.0
  0
LWPOLYLINE
  5
15B
330
17
100
AcDbEntity
  8
20_ВИДИМЫЕ
100
AcDbPolyline
 90
2
 70
0
 10
312.9745849235806
 20
110.0
 10
310.6392705146822
 20
110.0
  0
LWPOLYLINE
  5
15C
330
17
100
AcDbEntity
  8
20_ВИДИМЫЕ
100
AcDbPolyline
 90
7
 70
0
 10
312.9745849235806
 20
110.0
 10
313.0173067261802
 20
109.99244052228909
 10
313.060192590661
 20
109.96806510477568
 10
313.0983652982071
 20
109.92677669529664
 10
313.127275753765
 20
109.87226041910272
 10
313.1443436048549
 20
109.81101305722709
 10
313.14963680813304
 20
109.75
  0
LWPOLYLINE
  5
15D
330
17
100
AcDbEntity
  8
20_ВИДИМЫЕ
100
AcDbPolyline
 90
7
 70
0
 10
309.41645450091517
 20
109.75
 10
309.44172693670043
 20
109.81101305722709
 10
309.4670964246489
 20
109.87226041910272
 10
309.4896778056185
 20
109.92677669529664
 10
309.50678002479356
 20
109.96806510477568
 10
309.5168766533161
 20
109.99244052228909
 10
309.52000789150844
 20
110.0
  0
LWPOLYLINE
  5
15E
330
17
100
AcDbEntity
  8
20_ВИДИМЫЕ
100
AcDbPolyline
 90
7
 70
0
 10
275.47999210849156
 20
110.0
 10
275.4831233466839
 20
109.99244052228909
 10
275.49321997520644
 20
109.96806510477568
 10
275.5103221943815
 20
109.92677669529664
 10
275.5329035753511
 20
109.87226041910272
 10
275.55827306329957
 20
109.81101305722709
 10
275.58354549908483
 20
109.75
  0
LWPOLYLINE
  5
15F
330
17
100
AcDbEntity
  8
20_ВИДИМЫЕ
100
AcDbPolyline
 90
7
 70
0
 10
271.85036319186696
 20
109.75
 10
271.8556563951451
 20
109.81101305722709
 10
271.87272424623495
 20
109.87226041910272
 10
271.9016347017929
 20
109.92677669529664
 10
271.939807409339
 20
109.96806510477568
 10
271.9826932738198
 20
109.99244052228909
 10
272.0254150764194
 20
110.0
  0
LWPOLYLINE
  5
160
330
17
100
AcDbEntity
  8
20_ВИДИМЫЕ
100
AcDbPolyline
 90
2
 70
0
 10
272.0254150764194
 20
110.0
 10
274.3607294853178
 20
110.0
  0
LWPOLYLINE
  5
161
330
17
100
AcDbEntity
  8
20_ВИДИМЫЕ
100
AcDbPolyline
 90
2
 70
0
 10
270.8962719335665
 20
105.0
 10
271.85036319186696
 20
105.0
  0
LWPOLYLINE
  5
162
330
17
100
AcDbEntity
  8
20_ВИДИМЫЕ
100
AcDbPolyline
 90
7
 70
0
 10
270.8962719335665
 20
105.0
 10
270.81546917962646
 20
105.0
 10
270.7479665739704
 20
105.0
 10
270.69442457387765
 20
105.0
 10
270.656300116374
 20
105.0
 10
270.63308287122135
 20
105.0
 10
270.625
 20
105.0
  0
LWPOLYLINE
  5
163
330
17
100
AcDbEntity
  8
20_ВИДИМЫЕ
100
AcDbPolyline
 90
2
 70
0
 10
274.3607294853178
 20
110.0
 10
274.3607294853178
 20
145.0
  0
LWPOLYLINE
  5
164
330
17
100
AcDbEntity
  8
20_ВИДИМЫЕ
100
AcDbPolyline
 90
7
 70
0
 10
274.6107294853178
 20
110.0
 10
274.5461194078288
 20
110.0
 10
274.48590049430544
 20
110.0
 10
274.4339527900212
 20
110.0
 10
274.3945280464545
 20
110.0
 10
274.3695845557618
 20
110.0
 10
274.3607294853178
 20
110.0
  0
LWPOLYLINE
  5
165
330
17
100
AcDbEntity
  8
20_ВИДИМЫЕ
100
AcDbPolyline
 90
7
 70
0
 10
274.555
 20
138.5
 10
274.5565517934641
 20
138.61979850330474
 10
274.5612053738672
 20
138.73950198721
 10
274.56895840606995
 20
138.8590548962665
 10
274.5798023570065
 20
138.9783373752684
 10
274.5937277678465
 20
139.0972704691503
 10
274.6107294853178
 20
139.21581559333106
  0
LWPOLYLINE
  5
166
330
17
100
AcDbEntity
  8
20_ВИДИМЫЕ
100
AcDbPolyline
 90
7
 70
0
 10
274.6107294853178
 20
115.78418440666896
 10
274.59372777129676
 20
115.90272950435813
 10
274.5798023603722
 20
116.02166259234097
 10
274.56895839663025
 20
116.14094522496563
 10
274.5612053688608
 20
116.26049810933466
 10
274.5565517938305
 20
116.38020148251118
 10
274.555
 20
116.5
  0
LWPOLYLINE
  5
167
330
17
100
AcDbEntity
  8
20_ВИДИМЫЕ
100
AcDbPolyline
 90
17
 70
0
 10
285.188679245283
 20
111.33271830898167
 10
285.0051770962298
 20
111.43247886896353
 10
284.8230358762436
 20
111.534703054052
 10
284.6422886589919
 20
111.6393723021187
 10
284.4629682650157
 20
111.7464676070545
 10
284.28510725576973
 20
111.85596952222063
 10
284.1087379277098
 20
111.96785816397995
 10
283.93389230642856
 20
112.0821132153074
 10
283.76060214084004
 20
112.19871392947918
 10
283.5888988974147
 20
112.31763913384012
 10
283.4188137544657
 20
112.43886723364814
 10
283.25037759648717
 20
112.56237621599556
 10
283.0836210085465
 20
112.68814365380618
 10
282.91857427073046
 20
112.81614670990777
 10
282.7552673526468
 20
112.94636214117874
 10
282.5937299079825
 20
113.07876630276886
 10
282.43399126911885
 20
113.21333515239259
  0
LWPOLYLINE
  5
168
330
17
100
AcDbEntity
  8
20_ВИДИМЫЕ
100
AcDbPolyline
 90
13
 70
0
 10
285.188679245283
 20
111.33271830898167
 10
285.014724932622
 20
111.43609473342354
 10
284.8507618389901
 20
111.55468179827639
 10
284.69811613960485
 20
111.68752034118823
 10
284.55802247171965
 20
111.83353593022663
 10
284.43161394856367
 20
111.9915475541575
 10
284.31991299443354
 20
112.16027717476447
 10
284.22382307506575
 20
112.33836006394714
 10
284.14412139017577
 20
112.52435584198915
 10
284.081452587269
 20
112.71676012771582
 10
284.0363235475679
 20
112.91401670631186
 10
284.0090992862275
 20
113.11453011638265
 10
284.0
 20
113.31667855445207
  0
LWPOLYLINE
  5
169
330
17
100
AcDbEntity
  8
20_ВИДИМЫЕ
100
AcDbPolyline
 90
2
 70
0
 10
284.0
 20
113.31667855445207
 10
284.0
 20
136.68332144554793
  0
LWPOLYLINE
  5
16A
330
17
100
AcDbEntity
  8
20_ВИДИМЫЕ
100
AcDbPolyline
 90
13
 70
0
 10
284.0
 20
136.68332144554793
 10
284.0090992862275
 20
136.88546988361733
 10
284.0363235475679
 20
137.08598329368814
 10
284.081452587269
 20
137.28323987228418
 10
284.14412139017577
 20
137.47564415801085
 10
284.22382307506575
 20
137.66163993605286
 10
284.31991299443354
 20
137.83972282523553
 10
284.43161394856367
 20
138.0084524458425
 10
284.55802247171965
 20
138.16646406977338
 10
284.69811613960485
 20
138.31247965881175
 10
284.8507618389901
 20
138.4453182017236
 10
285.014724932622
 20
138.56390526657646
 10
285.188679245283
 20
138.66728169101833
  0
LWPOLYLINE
  5
16B
330
17
100
AcDbEntity
  8
20_ВИДИМЫЕ
100
AcDbPolyline
 90
77
 70
0
 10
285.188679245283
 20
138.66728169101833
 10
285.3659583919134
 20
138.76064861603876
 10
285.54442962215387
 20
138.85171616511218
 10
285.72406311383065
 20
138.94046912103929
 10
285.9048288505585
 20
139.02689265338458
 10
286.0866966267563
 20
139.11097232095437
 10
286.2696360526945
 20
139.19269407421
 10
286.4536165595731
 20
139.27204425761536
 10
286.6386074046297
 20
139.3490096119188
 10
286.8245776762762
 20
139.42357727636863
 10
287.01149629926465
 20
139.49573479086223
 10
287.1993320398793
 20
139.56547009802807
 10
287.38805351115616
 20
139.63277154524042
 10
287.5776291781274
 20
139.6976278865665
 10
287.76802736309077
 20
139.76002828464573
 10
287.959216250903
 20
139.81996231250054
 10
288.1511638942961
 20
139.87741995527875
 10
288.34383821921546
 20
139.93239161192693
 10
288.5372070301796
 20
139.9848680967949
 10
288.73123801565976
 20
140.0348406411705
 10
288.9258987534793
 20
140.08230089474478
 10
289.1211567162312
 20
140.1272409270075
 10
289.3169792767133
 20
140.1696532285721
 10
289.5133337133805
 20
140.20953071243065
 10
289.7101872158122
 20
140.24686671513797
 10
289.9075068901949
 20
140.28165499792524
 10
290.1052597648188
 20
140.31388974774222
 10
290.30341279558723
 20
140.3435655782289
 10
290.5019328715382
 20
140.37067753061524
 10
290.70078682037735
 20
140.3952210745501
 10
290.89994141402065
 20
140.41719210885802
 10
291.09936337414706
 20
140.4365869622245
 10
291.29901937775924
 20
140.45340239380965
 10
291.49887606275155
 20
140.46763559378965
 10
291.69890003348496
 20
140.47928418382614
 10
291.89905786636723
 20
140.4883462174638
 10
292.09931611543817
 20
140.49482018045555
 10
292.2996413179582
 20
140.49870499101556
 10
292.5
 20
140.5
 10
292.7003586820418
 20
140.49870499101556
 10
292.9006838845618
 20
140.49482018045555
 10
293.10094213363277
 20
140.4883462174638
 10
293.30109996651504
 20
140.47928418382614
 10
293.5011239372484
 20
140.46763559378965
 10
293.7009806222407
 20
140.45340239380965
 10
293.90063662585294
 20
140.4365869622245
 10
294.10005858597935
 20
140.41719210885802
 10
294.29921317962265
 20
140.39522107455014
 10
294.49806712846174
 20
140.37067753061527
 10
294.6965872044127
 20
140.3435655782289
 10
294.8947402351812
 20
140.31388974774222
 10
295.09249310980505
 20
140.28165499792524
 10
295.2898127841878
 20
140.246866715138
 10
295.4866662866195
 20
140.20953071243065
 10
295.6830207232867
 20
140.1696532285721
 10
295.8788432837688
 20
140.1272409270075
 10
296.0741012465207
 20
140.0823008947448
 10
296.2687619843402
 20
140.0348406411705
 10
296.4627929698204
 20
139.9848680967949
 10
296.65616178078454
 20
139.93239161192693
 10
296.8488361057039
 20
139.87741995527875
 10
297.040783749097
 20
139.81996231250056
 10
297.23197263690923
 20
139.76002828464573
 10
297.4223708218726
 20
139.69762788656652
 10
297.6119464888438
 20
139.63277154524042
 10
297.8006679601207
 20
139.56547009802807
 10
297.98850370073535
 20
139.49573479086226
 10
298.1754223237238
 20
139.42357727636863
 10
298.3613925953703
 20
139.3490096119188
 10
298.54638344042684
 20
139.2720442576154
 10
298.7303639473055
 20
139.19269407421
 10
298.9133033732437
 20
139.11097232095437
 10
299.0951711494415
 20
139.02689265338458
 10
299.27593688616935
 20
138.94046912103929
 10
299.4555703778461
 20
138.85171616511218
 10
299.63404160808653
 20
138.76064861603876
 10
299.811320754717
 20
138.66728169101833
  0
LWPOLYLINE
  5
16C
330
17
100
AcDbEntity
  8
20_ВИДИМЫЕ
100
AcDbPolyline
 90
13
 70
0
 10
299.811320754717
 20
138.66728169101833
 10
299.985275067378
 20
138.56390526657646
 10
300.1492381610099
 20
138.4453182017236
 10
300.30188386039515
 20
138.31247965881175
 10
300.44197752828035
 20
138.16646406977338
 10
300.56838605143633
 20
138.0084524458425
 10
300.68008700556646
 20
137.83972282523553
 10
300.7761769249343
 20
137.66163993605286
 10
300.8558786098243
 20
137.47564415801085
 10
300.918547412731
 20
137.28323987228418
 10
300.9636764524321
 20
137.08598329368814
 10
300.9909007137725
 20
136.88546988361733
 10
301.0
 20
136.68332144554793
  0
LWPOLYLINE
  5
16D
330
17
100
AcDbEntity
  8
20_ВИДИМЫЕ
100
AcDbPolyline
 90
2
 70
0
 10
301.0
 20
136.68332144554793
 10
301.0
 20
113.31667855445207
  0
LWPOLYLINE
  5
16E
330
17
100
AcDbEntity
  8
20_ВИДИМЫЕ
100
AcDbPolyline
 90
13
 70
0
 10
301.0
 20
113.31667855445208
 10
300.9909007137725
 20
113.11453011638267
 10
300.9636764524321
 20
112.91401670631186
 10
300.918547412731
 20
112.71676012771583
 10
300.8558786098243
 20
112.52435584198915
 10
300.77617692493425
 20
112.33836006394715
 10
300.68008700556646
 20
112.16027717476449
 10
300.56838605143633
 20
111.9915475541575
 10
300.44197752828035
 20
111.83353593022665
 10
300.30188386039515
 20
111.68752034118825
 10
300.1492381610099
 20
111.5546817982764
 10
299.985275067378
 20
111.43609473342356
 10
299.811320754717
 20
111.33271830898168
  0
LWPOLYLINE
  5
16F
330
17
100
AcDbEntity
  8
20_ВИДИМЫЕ
100
AcDbPolyline
 90
17
 70
0
 10
302.56600873088115
 20
113.21333515239257
 10
302.4062700920175
 20
113.07876630276886
 10
302.2447326473532
 20
112.94636214117875
 10
302.08142572926954
 20
112.81614670990777
 10
301.9163789914535
 20
112.68814365380618
 10
301.74962240351283
 20
112.56237621599556
 10
301.58118624553435
 20
112.43886723364815
 10
301.4111011025853
 20
112.31763913384013
 10
301.23939785915996
 20
112.1987139294792
 10
301.0661076935715
 20
112.0821132153074
 10
300.8912620722902
 20
111.96785816397997
 10
300.71489274423027
 20
111.85596952222065
 10
300.5370317349843
 20
111.7464676070545
 10
300.3577113410081
 20
111.63937230211872
 10
300.1769641237565
 20
111.53470305405202
 10
299.9948229037703
 20
111.43247886896354
 10
299.811320754717
 20
111.33271830898168
  0
LWPOLYLINE
  5
170
330
17
100
AcDbEntity
  8
20_ВИДИМЫЕ
100
AcDbPolyline
 90
2
 70
0
 10
270.625
 20
105.0
 10
270.625
 20
145.0
  0
LWPOLYLINE
  5
171
330
17
100
AcDbEntity
  8
20_ВИДИМЫЕ
100
AcDbPolyline
 90
7
 70
0
 10
310.6392705146822
 20
110.0
 10
310.6304154442382
 20
110.0
 10
310.6054719535455
 20
110.0
 10
310.5660472099788
 20
110.0
 10
310.51409950569456
 20
110.0
 10
310.4538805921712
 20
110.0
 10
310.3892705146822
 20
110.0
  0
LWPOLYLINE
  5
172
330
17
100
AcDbEntity
  8
20_ВИДИМЫЕ
100
AcDbPolyline
 90
7
 70
0
 10
310.445
 20
116.5
 10
310.4434482065359
 20
116.38020149669552
 10
310.4387946261328
 20
116.2604980127906
 10
310.4310415939301
 20
116.14094510373448
 10
310.4201976429936
 20
116.0216626247327
 10
310.4062722321536
 20
115.90272953085021
 10
310.3892705146822
 20
115.78418440666896
  0
LWPOLYLINE
  5
173
330
17
100
AcDbEntity
  8
20_ВИДИМЫЕ
100
AcDbPolyline
 90
7
 70
0
 10
310.3892705146822
 20
139.21581559333106
 10
310.40627222870336
 20
139.0972704956409
 10
310.42019763962804
 20
138.97833740765685
 10
310.43104160336986
 20
138.85905477503235
 10
310.4387946311393
 20
138.73950189066414
 10
310.4434482061695
 20
138.61979851748822
 10
310.445
 20
138.5
  0
LWPOLYLINE
  5
174
330
17
100
AcDbEntity
  8
20_ВИДИМЫЕ
100
AcDbPolyline
 90
2
 70
0
 10
310.6392705146822
 20
145.0
 10
310.6392705146822
 20
110.0
  0
LWPOLYLINE
  5
175
330
17
100
AcDbEntity
  8
20_ВИДИМЫЕ
100
AcDbPolyline
 90
2
 70
0
 10
314.375
 20
145.0
 10
314.375
 20
105.0
  0
LWPOLYLINE
  5
176
330
17
100
AcDbEntity
  8
20_ВИДИМЫЕ
100
AcDbPolyline
 90
2
 70
0
 10
286.02089481714785
 20
112.58947237102555
 10
288.97491778375104
 20
116.32469502411223
  0
LWPOLYLINE
  5
177
330
17
100
AcDbEntity
  8
20_ВИДИМЫЕ
100
AcDbPolyline
 90
10
 70
0
 10
286.02089481714785
 20
112.58947237102556
 10
286.2032630525902
 20
112.49595650139028
 10
286.3869806977525
 20
112.40512028599125
 10
286.5720083813893
 20
112.31698319130338
 10
286.75830645150984
 20
112.23156410537194
 10
286.94583498387584
 20
112.14888133376466
 10
287.1345537905572
 20
112.0689525956489
 10
287.3244224285444
 20
111.99179501999429
 10
287.51540020841566
 20
111.91742514190204
 10
287.7074462030567
 20
111.84585889906133
  0
LWPOLYLINE
  5
178
330
17
100
AcDbEntity
  8
20_ВИДИМЫЕ
100
AcDbPolyline
 90
2
 70
0
 10
287.7074462030567
 20
111.84585889906133
 10
289.78349364905387
 20
115.44167855445208
  0
LWPOLYLINE
  5
179
330
17
100
AcDbEntity
  8
20_ВИДИМЫЕ
100
AcDbPolyline
 90
7
 70
0
 10
289.78349364905387
 20
115.44167855445207
 10
289.858479369553
 20
115.54876926171698
 10
289.9509219946273
 20
115.64121188679131
 10
290.0580127018922
 20
115.71619760729041
 10
290.176497594398
 20
115.7714480200415
 10
290.302776568642
 20
115.80528436921124
 10
290.4330127018922
 20
115.81667855445207
  0
LWPOLYLINE
  5
17A
330
17
100
AcDbEntity
  8
20_ВИДИМЫЕ
100
AcDbPolyline
 90
2
 70
0
 10
290.4330127018922
 20
115.81667855445207
 10
294.5669872981078
 20
115.81667855445207
  0
LWPOLYLINE
  5
17B
330
17
100
AcDbEntity
  8
20_ВИДИМЫЕ
100
AcDbPolyline
 90
7
 70
0
 10
294.5669872981078
 20
115.81667855445207
 10
294.697223431358
 20
115.80528436921124
 10
294.823502405602
 20
115.7714480200415
 10
294.9419872981078
 20
115.71619760729041
 10
295.0490780053727
 20
115.64121188679131
 10
295.141520630447
 20
115.54876926171698
 10
295.21650635094613
 20
115.44167855445208
  0
LWPOLYLINE
  5
17C
330
17
100
AcDbEntity
  8
20_ВИДИМЫЕ
100
AcDbPolyline
 90
2
 70
0
 10
295.2165063509461
 20
115.44167855445207
 10
297.2925537969433
 20
111.84585889906133
  0
LWPOLYLINE
  5
17D
330
17
100
AcDbEntity
  8
20_ВИДИМЫЕ
100
AcDbPolyline
 90
10
 70
0
 10
297.2925537969433
 20
111.84585889906131
 10
297.4992375591591
 20
111.92301166831241
 10
297.7046799105163
 20
112.00341171579754
 10
297.90882983556247
 20
112.08703907657389
 10
298.1116366397806
 20
112.17387298429209
 10
298.3130499621774
 20
112.26389187635291
 10
298.5130197877891
 20
112.35707339926168
 10
298.71149646010116
 20
112.45339441417914
 10
298.90843069337876
 20
112.55283100266726
 10
299.1037735849057
 20
112.65535847262862
  0
LWPOLYLINE
  5
17E
330
17
100
AcDbEntity
  8
20_ВИДИМЫЕ
100
AcDbPolyline
 90
7
 70
0
 10
299.10377358490564
 20
112.6553584726286
 10
299.2164127203366
 20
112.72934630239351
 10
299.3139925094268
 20
112.82229767971026
 10
299.39336233518884
 20
112.93121142788954
 10
299.4519595366081
 20
113.0525709836311
 10
299.4878921508107
 20
113.18245793840534
 10
299.5
 20
113.31667855445207
  0
LWPOLYLINE
  5
17F
330
17
100
AcDbEntity
  8
20_ВИДИМЫЕ
100
AcDbPolyline
 90
2
 70
0
 10
299.5
 20
113.31667855445207
 10
299.5
 20
136.68332144554793
  0
LWPOLYLINE
  5
180
330
17
100
AcDbEntity
  8
20_ВИДИМЫЕ
100
AcDbPolyline
 90
7
 70
0
 10
299.5
 20
136.68332144554793
 10
299.4878921508107
 20
136.81754206159468
 10
299.4519595366081
 20
136.94742901636891
 10
299.39336233518884
 20
137.06878857211046
 10
299.3139925094268
 20
137.17770232028974
 10
299.2164127203366
 20
137.2706536976065
 10
299.10377358490564
 20
137.3446415273714
  0
LWPOLYLINE
  5
181
330
17
100
AcDbEntity
  8
20_ВИДИМЫЕ
100
AcDbPolyline
 90
10
 70
0
 10
299.10377358490564
 20
137.3446415273714
 10
298.9084306933787
 20
137.44716899733277
 10
298.71149646010116
 20
137.54660558582086
 10
298.5130197877891
 20
137.64292660073832
 10
298.3130499621774
 20
137.7361081236471
 10
298.1116366397806
 20
137.82612701570793
 10
297.90882983556247
 20
137.9129609234261
 10
297.7046799105163
 20
137.99658828420246
 10
297.4992375591591
 20
138.0769883316876
 10
297.2925537969433
 20
138.1541411009387
  0
LWPOLYLINE
  5
182
330
17
100
AcDbEntity
  8
20_ВИДИМЫЕ
100
AcDbPolyline
 90
2
 70
0
 10
295.2165063509461
 20
134.55832144554793
 10
297.2925537969433
 20
138.1541411009387
  0
LWPOLYLINE
  5
183
330
17
100
AcDbEntity
  8
20_ВИДИМЫЕ
100
AcDbPolyline
 90
7
 70
0
 10
295.21650635094613
 20
134.55832144554793
 10
295.141520630447
 20
134.45123073828302
 10
295.0490780053727
 20
134.3587881132087
 10
294.9419872981078
 20
134.2838023927096
 10
294.823502405602
 20
134.2285519799585
 10
294.697223431358
 20
134.19471563078878
 10
294.5669872981078
 20
134.18332144554793
  0
LWPOLYLINE
  5
184
330
17
100
AcDbEntity
  8
20_ВИДИМЫЕ
100
AcDbPolyline
 90
2
 70
0
 10
290.4330127018922
 20
134.18332144554793
 10
294.5669872981078
 20
134.18332144554793
  0
LWPOLYLINE
  5
185
330
17
100
AcDbEntity
  8
20_ВИДИМЫЕ
100
AcDbPolyline
 90
7
 70
0
 10
290.4330127018922
 20
134.18332144554793
 10
290.302776568642
 20
134.19471563078878
 10
290.176497594398
 20
134.2285519799585
 10
290.0580127018922
 20
134.2838023927096
 10
289.9509219946273
 20
134.35878811320867
 10
289.858479369553
 20
134.45123073828302
 10
289.78349364905387
 20
134.55832144554793
  0
LWPOLYLINE
  5
186
330
17
100
AcDbEntity
  8
20_ВИДИМЫЕ
100
AcDbPolyline
 90
2
 70
0
 10
287.7074462030567
 20
138.1541411009387
 10
289.78349364905387
 20
134.55832144554793
  0
LWPOLYLINE
  5
187
330
17
100
AcDbEntity
  8
20_ВИДИМЫЕ
100
AcDbPolyline
 90
10
 70
0
 10
287.7074462030567
 20
138.1541411009387
 10
287.5007624408409
 20
138.07698833168757
 10
287.2953200894837
 20
137.99658828420246
 10
287.09117016443753
 20
137.9129609234261
 10
286.8883633602194
 20
137.8261270157079
 10
286.6869500378226
 20
137.73610812364709
 10
286.4869802122109
 20
137.64292660073832
 10
286.28850353989884
 20
137.54660558582086
 10
286.0915693066213
 20
137.44716899733274
 10
285.89622641509436
 20
137.34464152737138
  0
LWPOLYLINE
  5
188
330
17
100
AcDbEntity
  8
20_ВИДИМЫЕ
100
AcDbPolyline
 90
7
 70
0
 10
285.89622641509436
 20
137.3446415273714
 10
285.7835872796634
 20
137.2706536976065
 10
285.6860074905732
 20
137.17770232028974
 10
285.60663766481116
 20
137.06878857211046
 10
285.5480404633919
 20
136.94742901636891
 10
285.5121078491893
 20
136.81754206159468
 10
285.5
 20
136.68332144554793
  0
LWPOLYLINE
  5
189
330
17
100
AcDbEntity
  8
20_ВИДИМЫЕ
100
AcDbPolyline
 90
2
 70
0
 10
285.5
 20
136.68332144554793
 10
285.5
 20
119.07285434248003
  0
LWPOLYLINE
  5
18A
330
17
100
AcDbEntity
  8
20_ВИДИМЫЕ
100
AcDbPolyline
 90
2
 70
0
 10
288.97491778375104
 20
116.32469502411223
 10
285.5
 20
119.07285434248001
  0
LWPOLYLINE
  5
18B
330
17
100
AcDbEntity
  8
20_ВИДИМЫЕ
100
AcDbPolyline
 90
2
 70
0
 10
309.52000789150844
 20
110.0
 10
307.37556202302085
 20
112.14444586848754
  0
LWPOLYLINE
  5
18C
330
17
100
AcDbEntity
  8
20_ВИДИМЫЕ
100
AcDbPolyline
 90
2
 70
0
 10
277.62443797697915
 20
112.14444586848755
 10
275.47999210849156
 20
110.0
  0
LWPOLYLINE
  5
18D
330
17
100
AcDbEntity
  8
20_ВИДИМЫЕ
100
AcDbPolyline
 90
2
 70
0
 10
310.3892705146822
 20
110.0
 10
309.52000789150844
 20
110.0
  0
LWPOLYLINE
  5
18E
330
17
100
AcDbEntity
  8
20_ВИДИМЫЕ
100
AcDbPolyline
 90
2
 70
0
 10
275.47999210849156
 20
110.0
 10
274.6107294853178
 20
110.0
  0
LWPOLYLINE
  5
18F
330
17
100
AcDbEntity
  8
20_ВИДИМЫЕ
100
AcDbPolyline
 90
73
 70
0
 10
274.555
 20
138.5
 10
274.5594019751839
 20
138.7017396665647
 10
274.5725995213257
 20
138.90309531020793
 10
274.5945675161461
 20
139.10368363901773
 10
274.62526414231854
 20
139.30312282170956
 10
274.6646309670703
 20
139.50103321446372
 10
274.71259305341306
 20
139.69703808359915
 10
274.76905910278947
 20
139.89076432270727
 10
274.83392162886514
 20
140.08184316288123
 10
274.9070571621353
 20
140.26991087468855
 10
274.9883264849555
 20
140.45460946055073
 10
275.07757489655074
 20
140.63558733621204
 10
275.174632507497
 20
140.8125
 10
275.2793145631154
 20
140.98501068860406
 10
275.3914217951634
 20
141.1527910181236
 10
275.510740801153
 20
141.31552160916533
 10
275.6370444505747
 20
141.47289269480024
 10
275.77009231725316
 20
141.62460471022243
 10
275.9096311370122
 20
141.77036886298777
 10
276.05539528977755
 20
141.90990768274682
 10
276.20710730519977
 20
142.04295554942527
 10
276.3644783908347
 20
142.16925919884696
 10
276.5272089818764
 20
142.2885782048366
 10
276.69498931139594
 20
142.4006854368846
 10
276.8675
 20
142.505367492503
 10
277.04441266378797
 20
142.60242510344926
 10
277.2253905394493
 20
142.6916735150445
 10
277.41008912531146
 20
142.7729428378647
 10
277.5981568371188
 20
142.84607837113484
 10
277.7892356772927
 20
142.91094089721054
 10
277.9829619164008
 20
142.96740694658695
 10
278.17896678553626
 20
143.0153690329297
 10
278.37687717829044
 20
143.05473585768146
 10
278.5763163609823
 20
143.08543248385388
 10
278.7769046897921
 20
143.10740047867432
 10
278.97826033343534
 20
143.1205980248161
 10
279.18
 20
143.125
 10
279.38173966656467
 20
143.1205980248161
 10
279.5830953102079
 20
143.10740047867432
 10
279.78368363901774
 20
143.08543248385388
 10
279.98312282170957
 20
143.05473585768146
 10
280.1810332144637
 20
143.0153690329297
 10
280.37703808359913
 20
142.96740694658695
 10
280.57076432270725
 20
142.91094089721054
 10
280.76184316288123
 20
142.84607837113484
 10
280.94991087468856
 20
142.7729428378647
 10
281.13460946055073
 20
142.6916735150445
 10
281.31558733621205
 20
142.60242510344926
 10
281.4925
 20
142.50536749250304
 10
281.66501068860407
 20
142.4006854368846
 10
281.8327910181236
 20
142.2885782048366
 10
281.99552160916534
 20
142.16925919884696
 10
282.15289269480024
 20
142.04295554942527
 10
282.3046047102224
 20
141.90990768274682
 10
282.4503688629878
 20
141.7703688629878
 10
282.5899076827468
 20
141.62460471022243
 10
282.72295554942525
 20
141.47289269480024
 10
282.849259198847
 20
141.31552160916533
 10
282.9685782048366
 20
141.1527910181236
 10
283.0806854368846
 20
140.98501068860406
 10
283.185367492503
 20
140.8125
 10
283.28242510344927
 20
140.63558733621204
 10
283.3716735150445
 20
140.45460946055073
 10
283.4529428378647
 20
140.26991087468855
 10
283.5260783711348
 20
140.08184316288123
 10
283.59094089721054
 20
139.89076432270727
 10
283.64740694658695
 20
139.69703808359915
 10
283.6953690329297
 20
139.50103321446372
 10
283.73473585768147
 20
139.30312282170956
 10
283.7654324838539
 20
139.10368363901773
 10
283.78740047867433
 20
138.90309531020793
 10
283.8005980248161
 20
138.7017396665647
 10
283.805
 20
138.5
  0
LWPOLYLINE
  5
190
330
17
100
AcDbEntity
  8
20_ВИДИМЫЕ
100
AcDbPolyline
 90
2
 70
0
 10
274.555
 20
116.5
 10
274.555
 20
138.5
  0
LWPOLYLINE
  5
191
330
17
100
AcDbEntity
  8
20_ВИДИМЫЕ
100
AcDbPolyline
 90
73
 70
0
 10
283.805
 20
116.5
 10
283.8005980248161
 20
116.29826033343532
 10
283.78740047867433
 20
116.09690468979208
 10
283.7654324838539
 20
115.89631636098227
 10
283.73473585768147
 20
115.69687717829045
 10
283.6953690329297
 20
115.49896678553628
 10
283.64740694658695
 20
115.30296191640085
 10
283.59094089721054
 20
115.10923567729273
 10
283.5260783711348
 20
114.91815683711879
 10
283.4529428378647
 20
114.73008912531147
 10
283.3716735150445
 20
114.54539053944927
 10
283.28242510344927
 20
114.36441266378797
 10
283.185367492503
 20
114.1875
 10
283.0806854368846
 20
114.01498931139594
 10
282.9685782048366
 20
113.8472089818764
 10
282.849259198847
 20
113.68447839083467
 10
282.72295554942525
 20
113.52710730519976
 10
282.5899076827468
 20
113.37539528977757
 10
282.4503688629878
 20
113.22963113701222
 10
282.3046047102224
 20
113.09009231725318
 10
282.15289269480024
 20
112.95704445057473
 10
281.99552160916534
 20
112.83074080115304
 10
281.8327910181236
 20
112.71142179516342
 10
281.66501068860407
 20
112.5993145631154
 10
281.4925
 20
112.49463250749697
 10
281.31558733621205
 20
112.39757489655072
 10
281.13460946055073
 20
112.3083264849555
 10
280.94991087468856
 20
112.2270571621353
 10
280.76184316288123
 20
112.15392162886518
 10
280.57076432270725
 20
112.08905910278945
 10
280.37703808359913
 20
112.03259305341305
 10
280.1810332144637
 20
111.9846309670703
 10
279.98312282170957
 20
111.94526414231854
 10
279.78368363901774
 20
111.91456751614612
 10
279.5830953102079
 20
111.89259952132568
 10
279.38173966656467
 20
111.87940197518391
 10
279.18
 20
111.875
 10
278.97826033343534
 20
111.87940197518391
 10
278.7769046897921
 20
111.89259952132568
 10
278.5763163609823
 20
111.91456751614612
 10
278.37687717829044
 20
111.94526414231854
 10
278.17896678553626
 20
111.9846309670703
 10
277.9829619164008
 20
112.03259305341305
 10
277.7892356772927
 20
112.08905910278945
 10
277.5981568371188
 20
112.15392162886518
 10
277.41008912531146
 20
112.2270571621353
 10
277.2253905394493
 20
112.3083264849555
 10
277.04441266378797
 20
112.39757489655072
 10
276.8675
 20
112.49463250749697
 10
276.69498931139594
 20
112.5993145631154
 10
276.5272089818764
 20
112.71142179516342
 10
276.3644783908347
 20
112.83074080115304
 10
276.20710730519977
 20
112.95704445057473
 10
276.05539528977755
 20
113.09009231725318
 10
275.90963113701224
 20
113.22963113701222
 10
275.77009231725316
 20
113.37539528977757
 10
275.6370444505747
 20
113.52710730519975
 10
275.510740801153
 20
113.68447839083467
 10
275.3914217951634
 20
113.8472089818764
 10
275.2793145631154
 20
114.01498931139594
 10
275.174632507497
 20
114.1875
 10
275.07757489655074
 20
114.36441266378796
 10
274.9883264849555
 20
114.54539053944927
 10
274.9070571621353
 20
114.73008912531145
 10
274.83392162886514
 20
114.91815683711879
 10
274.76905910278947
 20
115.10923567729273
 10
274.71259305341306
 20
115.30296191640085
 10
274.6646309670703
 20
115.49896678553627
 10
274.62526414231854
 20
115.69687717829045
 10
274.5945675161461
 20
115.89631636098227
 10
274.5725995213257
 20
116.09690468979208
 10
274.5594019751839
 20
116.29826033343532
 10
274.555
 20
116.5
  0
LWPOLYLINE
  5
192
330
17
100
AcDbEntity
  8
20_ВИДИМЫЕ
100
AcDbPolyline
 90
2
 70
0
 10
283.805
 20
138.5
 10
283.805
 20
116.5
  0
LWPOLYLINE
  5
193
330
17
100
AcDbEntity
  8
20_ВИДИМЫЕ
100
AcDbPolyline
 90
77
 70
0
 10
299.811320754717
 20
111.33271830898168
 10
299.6340416080866
 20
111.23935138396124
 10
299.45557037784613
 20
111.14828383488783
 10
299.27593688616935
 20
111.05953087896071
 10
299.0951711494415
 20
110.97310734661544
 10
298.9133033732437
 20
110.88902767904563
 10
298.7303639473055
 20
110.80730592578999
 10
298.5463834404269
 20
110.72795574238464
 10
298.3613925953703
 20
110.65099038808121
 10
298.1754223237238
 20
110.57642272363137
 10
297.98850370073535
 20
110.50426520913776
 10
297.8006679601207
 20
110.43452990197193
 10
297.61194648884384
 20
110.36722845475958
 10
297.4223708218726
 20
110.3023721134335
 10
297.23197263690923
 20
110.23997171535427
 10
297.04078374909705
 20
110.18003768749945
 10
296.8488361057039
 20
110.12258004472126
 10
296.65616178078454
 20
110.06760838807307
 10
296.46279296982044
 20
110.01513190320509
 10
296.26876198434024
 20
109.96515935882951
 10
296.0741012465207
 20
109.91769910525522
 10
295.8788432837688
 20
109.87275907299251
 10
295.6830207232867
 20
109.83034677142791
 10
295.4866662866195
 20
109.79046928756937
 10
295.2898127841878
 20
109.75313328486202
 10
295.0924931098051
 20
109.71834500207477
 10
294.8947402351812
 20
109.68611025225778
 10
294.69658720441277
 20
109.65643442177112
 10
294.4980671284618
 20
109.62932246938475
 10
294.29921317962265
 20
109.60477892544988
 10
294.10005858597935
 20
109.582807891142
 10
293.90063662585294
 20
109.5634130377755
 10
293.70098062224076
 20
109.54659760619033
 10
293.50112393724845
 20
109.53236440621036
 10
293.30109996651504
 20
109.52071581617388
 10
293.10094213363277
 20
109.51165378253621
 10
292.90068388456183
 20
109.50517981954445
 10
292.7003586820418
 20
109.50129500898444
 10
292.5
 20
109.5
 10
292.2996413179582
 20
109.50129500898444
 10
292.0993161154382
 20
109.50517981954445
 10
291.89905786636723
 20
109.5116537825362
 10
291.69890003348496
 20
109.52071581617388
 10
291.4988760627516
 20
109.53236440621036
 10
291.2990193777593
 20
109.54659760619033
 10
291.09936337414706
 20
109.5634130377755
 10
290.89994141402065
 20
109.58280789114198
 10
290.70078682037735
 20
109.60477892544988
 10
290.50193287153826
 20
109.62932246938475
 10
290.3034127955873
 20
109.65643442177111
 10
290.10525976481887
 20
109.68611025225778
 10
289.90750689019495
 20
109.71834500207477
 10
289.7101872158122
 20
109.75313328486202
 10
289.5133337133805
 20
109.79046928756937
 10
289.31697927671337
 20
109.83034677142791
 10
289.1211567162312
 20
109.87275907299251
 10
288.9258987534793
 20
109.91769910525521
 10
288.7312380156598
 20
109.96515935882951
 10
288.5372070301796
 20
110.01513190320509
 10
288.34383821921546
 20
110.06760838807307
 10
288.1511638942961
 20
110.12258004472126
 10
287.959216250903
 20
110.18003768749945
 10
287.76802736309077
 20
110.23997171535426
 10
287.57762917812744
 20
110.30237211343349
 10
287.3880535111562
 20
110.36722845475958
 10
287.1993320398793
 20
110.43452990197191
 10
287.01149629926465
 20
110.50426520913774
 10
286.8245776762762
 20
110.57642272363137
 10
286.6386074046297
 20
110.6509903880812
 10
286.45361655957316
 20
110.72795574238462
 10
286.2696360526945
 20
110.80730592578999
 10
286.0866966267563
 20
110.88902767904561
 10
285.9048288505585
 20
110.97310734661542
 10
285.72406311383065
 20
111.05953087896071
 10
285.5444296221539
 20
111.14828383488782
 10
285.36595839191347
 20
111.23935138396122
 10
285.188679245283
 20
111.33271830898167
  0
LWPOLYLINE
  5
194
330
17
100
AcDbEntity
  8
20_ВИДИМЫЕ
100
AcDbPolyline
 90
73
 70
0
 10
310.445
 20
116.5
 10
310.4405980248161
 20
116.29826033343532
 10
310.4274004786743
 20
116.09690468979208
 10
310.4054324838539
 20
115.89631636098227
 10
310.37473585768146
 20
115.69687717829045
 10
310.3353690329297
 20
115.49896678553628
 10
310.28740694658694
 20
115.30296191640085
 10
310.23094089721053
 20
115.10923567729273
 10
310.1660783711348
 20
114.91815683711879
 10
310.0929428378647
 20
114.73008912531147
 10
310.0116735150445
 20
114.54539053944927
 10
309.92242510344926
 20
114.36441266378797
 10
309.825367492503
 20
114.1875
 10
309.7206854368846
 20
114.01498931139594
 10
309.6085782048366
 20
113.8472089818764
 10
309.489259198847
 20
113.68447839083467
 10
309.3629555494253
 20
113.52710730519976
 10
309.22990768274684
 20
113.37539528977757
 10
309.09036886298776
 20
113.22963113701222
 10
308.94460471022245
 20
113.09009231725318
 10
308.79289269480023
 20
112.95704445057473
 10
308.6355216091653
 20
112.83074080115304
 10
308.4727910181236
 20
112.71142179516342
 10
308.30501068860406
 20
112.5993145631154
 10
308.1325
 20
112.49463250749697
 10
307.95558733621203
 20
112.39757489655072
 10
307.7746094605507
 20
112.3083264849555
 10
307.58991087468854
 20
112.2270571621353
 10
307.4018431628812
 20
112.15392162886518
 10
307.2107643227073
 20
112.08905910278945
 10
307.0170380835992
 20
112.03259305341305
 10
306.82103321446374
 20
111.9846309670703
 10
306.62312282170956
 20
111.94526414231854
 10
306.4236836390177
 20
111.91456751614612
 10
306.2230953102079
 20
111.89259952132568
 10
306.02173966656466
 20
111.87940197518391
 10
305.82
 20
111.875
 10
305.61826033343533
 20
111.87940197518391
 10
305.4169046897921
 20
111.89259952132568
 10
305.21631636098226
 20
111.91456751614612
 10
305.01687717829043
 20
111.94526414231854
 10
304.8189667855363
 20
111.9846309670703
 10
304.62296191640087
 20
112.03259305341305
 10
304.42923567729275
 20
112.08905910278945
 10
304.23815683711877
 20
112.15392162886518
 10
304.05008912531144
 20
112.2270571621353
 10
303.86539053944927
 20
112.3083264849555
 10
303.68441266378795
 20
112.39757489655072
 10
303.5075
 20
112.49463250749697
 10
303.33498931139593
 20
112.5993145631154
 10
303.1672089818764
 20
112.71142179516342
 10
303.00447839083466
 20
112.83074080115304
 10
302.84710730519976
 20
112.95704445057473
 10
302.6953952897776
 20
113.09009231725318
 10
302.5496311370122
 20
113.22963113701222
 10
302.4100923172532
 20
113.37539528977757
 10
302.27704445057475
 20
113.52710730519975
 10
302.15074080115306
 20
113.68447839083467
 10
302.0314217951634
 20
113.8472089818764
 10
301.9193145631154
 20
114.01498931139594
 10
301.814632507497
 20
114.1875
 10
301.71757489655073
 20
114.36441266378796
 10
301.6283264849555
 20
114.54539053944927
 10
301.5470571621353
 20
114.73008912531145
 10
301.4739216288652
 20
114.91815683711879
 10
301.40905910278946
 20
115.10923567729273
 10
301.35259305341305
 20
115.30296191640085
 10
301.3046309670703
 20
115.49896678553627
 10
301.26526414231853
 20
115.69687717829045
 10
301.2345675161461
 20
115.89631636098227
 10
301.21259952132567
 20
116.09690468979208
 10
301.1994019751839
 20
116.29826033343532
 10
301.195
 20
116.5
  0
LWPOLYLINE
  5
195
330
17
100
AcDbEntity
  8
20_ВИДИМЫЕ
100
AcDbPolyline
 90
2
 70
0
 10
301.195
 20
116.5
 10
301.195
 20
138.5
  0
LWPOLYLINE
  5
196
330
17
100
AcDbEntity
  8
20_ВИДИМЫЕ
100
AcDbPolyline
 90
73
 70
0
 10
301.195
 20
138.5
 10
301.1994019751839
 20
138.7017396665647
 10
301.21259952132567
 20
138.90309531020793
 10
301.2345675161461
 20
139.10368363901773
 10
301.26526414231853
 20
139.30312282170956
 10
301.3046309670703
 20
139.50103321446372
 10
301.35259305341305
 20
139.69703808359915
 10
301.40905910278946
 20
139.89076432270727
 10
301.4739216288652
 20
140.08184316288123
 10
301.5470571621353
 20
140.26991087468855
 10
301.6283264849555
 20
140.45460946055073
 10
301.71757489655073
 20
140.63558733621204
 10
301.814632507497
 20
140.8125
 10
301.9193145631154
 20
140.98501068860406
 10
302.0314217951634
 20
141.1527910181236
 10
302.15074080115306
 20
141.31552160916533
 10
302.27704445057475
 20
141.47289269480024
 10
302.4100923172532
 20
141.62460471022243
 10
302.5496311370122
 20
141.77036886298777
 10
302.6953952897776
 20
141.90990768274682
 10
302.84710730519976
 20
142.04295554942527
 10
303.00447839083466
 20
142.16925919884696
 10
303.1672089818764
 20
142.2885782048366
 10
303.33498931139593
 20
142.4006854368846
 10
303.5075
 20
142.505367492503
 10
303.68441266378795
 20
142.60242510344926
 10
303.86539053944927
 20
142.6916735150445
 10
304.05008912531144
 20
142.7729428378647
 10
304.23815683711877
 20
142.84607837113484
 10
304.42923567729275
 20
142.91094089721054
 10
304.62296191640087
 20
142.96740694658695
 10
304.8189667855363
 20
143.0153690329297
 10
305.01687717829043
 20
143.05473585768146
 10
305.21631636098226
 20
143.08543248385388
 10
305.4169046897921
 20
143.10740047867432
 10
305.61826033343533
 20
143.1205980248161
 10
305.82
 20
143.125
 10
306.02173966656466
 20
143.1205980248161
 10
306.2230953102079
 20
143.10740047867432
 10
306.4236836390177
 20
143.08543248385388
 10
306.62312282170956
 20
143.05473585768146
 10
306.82103321446374
 20
143.0153690329297
 10
307.0170380835992
 20
142.96740694658695
 10
307.2107643227073
 20
142.91094089721054
 10
307.4018431628812
 20
142.84607837113484
 10
307.58991087468854
 20
142.7729428378647
 10
307.7746094605507
 20
142.6916735150445
 10
307.95558733621203
 20
142.60242510344926
 10
308.1325
 20
142.50536749250304
 10
308.30501068860406
 20
142.4006854368846
 10
308.4727910181236
 20
142.2885782048366
 10
308.6355216091653
 20
142.16925919884696
 10
308.79289269480023
 20
142.04295554942527
 10
308.94460471022245
 20
141.90990768274682
 10
309.09036886298776
 20
141.7703688629878
 10
309.22990768274684
 20
141.62460471022243
 10
309.3629555494253
 20
141.47289269480024
 10
309.489259198847
 20
141.31552160916533
 10
309.6085782048366
 20
141.1527910181236
 10
309.7206854368846
 20
140.98501068860406
 10
309.825367492503
 20
140.8125
 10
309.92242510344926
 20
140.63558733621204
 10
310.0116735150445
 20
140.45460946055073
 10
310.0929428378647
 20
140.26991087468855
 10
310.1660783711348
 20
140.08184316288123
 10
310.23094089721053
 20
139.89076432270727
 10
310.28740694658694
 20
139.69703808359915
 10
310.3353690329297
 20
139.50103321446372
 10
310.37473585768146
 20
139.30312282170956
 10
310.4054324838539
 20
139.10368363901773
 10
310.4274004786743
 20
138.90309531020793
 10
310.4405980248161
 20
138.7017396665647
 10
310.445
 20
138.5
  0
LWPOLYLINE
  5
197
330
17
100
AcDbEntity
  8
20_ВИДИМЫЕ
100
AcDbPolyline
 90
2
 70
0
 10
310.445
 20
138.5
 10
310.445
 20
116.5
  0
LWPOLYLINE
  5
198
330
17
100
AcDbEntity
  8
20_ВИДИМЫЕ
100
AcDbPolyline
 90
7
 70
0
 10
285.7053728291209
 20
112.19050970534926
 10
285.75794664088585
 20
112.25698680958428
 10
285.8105257271466
 20
112.32347058317035
 10
285.8631100879032
 20
112.38996102610749
 10
285.9156997231555
 20
112.45645813839566
 10
285.9682946329036
 20
112.5229619200349
 10
286.02089481714756
 20
112.5894723710252
  0
LWPOLYLINE
  5
199
330
17
100
AcDbEntity
  8
20_ВИДИМЫЕ
100
AcDbPolyline
 90
10
 70
0
 10
287.4537394851447
 20
111.40642597341625
 10
287.25455109579366
 20
111.48203914070763
 10
287.0564952086039
 20
111.56057086085693
 10
286.8596145842095
 20
111.64200417871986
 10
286.6639517295028
 20
111.72632151269185
 10
286.46954888845767
 20
111.81350465850392
 10
286.27644803300853
 20
111.9035347931529
 10
286.0846908539887
 20
111.99639247896553
 10
285.8943187521294
 20
112.09205766779498
 10
285.7053728291209
 20
112.19050970534924
  0
LWPOLYLINE
  5
19A
330
17
100
AcDbEntity
  8
20_ВИДИМЫЕ
100
AcDbPolyline
 90
7
 70
0
 10
287.7074462030567
 20
111.84585889906133
 10
287.665152652135
 20
111.7726043200325
 10
287.6228627403879
 20
111.69935604423887
 10
287.5805764678153
 20
111.62611407168045
 10
287.53829383441723
 20
111.55287840235722
 10
287.49601484019377
 20
111.4796490362692
 10
287.45373948514475
 20
111.40642597341635
  0
LWPOLYLINE
  5
19B
330
17
100
AcDbEntity
  8
20_ВИДИМЫЕ
100
AcDbPolyline
 90
7
 70
0
 10
297.54626051485525
 20
111.40642597341625
 10
297.50398515980623
 20
111.47964903626921
 10
297.46170616558265
 20
111.55287840235736
 10
297.4194235321845
 20
111.62611407168072
 10
297.37713725961186
 20
111.69935604423927
 10
297.33484734786464
 20
111.77260432003303
 10
297.2925537969429
 20
111.84585889906198
  0
LWPOLYLINE
  5
19C
330
17
100
AcDbEntity
  8
20_ВИДИМЫЕ
100
AcDbPolyline
 90
10
 70
0
 10
299.33962264150944
 20
112.21447841807964
 10
299.1459900004924
 20
112.11276535041924
 10
298.9508451668575
 20
112.01398457442656
 10
298.75423254280463
 20
111.91815856614505
 10
298.55619686450683
 20
111.82530912930639
 10
298.35678319193124
 20
111.73545739036918
 10
298.1560368985863
 20
111.64862379371213
 10
297.9540036611979
 20
111.56482809698215
 10
297.75072944931594
 20
111.48408936659885
 10
297.54626051485525
 20
111.40642597341625
  0
LWPOLYLINE
  5
19D
330
17
100
AcDbEntity
  8
20_ВИДИМЫЕ
100
AcDbPolyline
 90
7
 70
0
 10
300.0
 20
113.31667855445207
 10
299.97982025135116
 20
113.0929775277075
 10
299.91993256101347
 20
112.87649926975045
 10
299.82227055864803
 20
112.67423334351452
 10
299.6899875157113
 20
112.4927104298824
 10
299.52735453389437
 20
112.33779146768781
 10
299.33962264150944
 20
112.21447841807964
  0
LWPOLYLINE
  5
19E
330
17
100
AcDbEntity
  8
20_ВИДИМЫЕ
100
AcDbPolyline
 90
2
 70
0
 10
300.0
 20
136.68332144554793
 10
300.0
 20
113.31667855445207
  0
LWPOLYLINE
  5
19F
330
17
100
AcDbEntity
  8
20_ВИДИМЫЕ
100
AcDbPolyline
 90
7
 70
0
 10
299.33962264150944
 20
137.78552158192036
 10
299.52735453389437
 20
137.6622085323122
 10
299.6899875157113
 20
137.50728957011762
 10
299.82227055864803
 20
137.32576665648548
 10
299.91993256101347
 20
137.12350073024956
 10
299.97982025135116
 20
136.90702247229248
 10
300.0
 20
136.68332144554793
  0
LWPOLYLINE
  5
1A0
330
17
100
AcDbEntity
  8
20_ВИДИМЫЕ
100
AcDbPolyline
 90
10
 70
0
 10
297.5462605148553
 20
138.59357402658375
 10
297.75072944931594
 20
138.51591063340115
 10
297.9540036611979
 20
138.43517190301785
 10
298.1560368985863
 20
138.35137620628788
 10
298.35678319193124
 20
138.26454260963084
 10
298.55619686450683
 20
138.1746908706936
 10
298.7542325428046
 20
138.08184143385495
 10
298.95084516685745
 20
137.98601542557344
 10
299.14599000049236
 20
137.88723464958076
 10
299.33962264150944
 20
137.78552158192036
  0
LWPOLYLINE
  5
1A1
330
17
100
AcDbEntity
  8
20_ВИДИМЫЕ
100
AcDbPolyline
 90
7
 70
0
 10
297.2925537969433
 20
138.1541411009387
 10
297.33484734786504
 20
138.2273956799676
 10
297.37713725961225
 20
138.30064395576133
 10
297.4194235321849
 20
138.37388592831988
 10
297.461706165583
 20
138.44712159764322
 10
297.5039851598066
 20
138.52035096373137
 10
297.5462605148556
 20
138.59357402658432
  0
LWPOLYLINE
  5
1A2
330
17
100
AcDbEntity
  8
20_ВИДИМЫЕ
100
AcDbPolyline
 90
7
 70
0
 10
287.45373948514475
 20
138.59357402658375
 10
287.4960148401938
 20
138.52035096373072
 10
287.5382938344174
 20
138.4471215976425
 10
287.5805764678156
 20
138.37388592831908
 10
287.62286274038826
 20
138.30064395576048
 10
287.66515265213553
 20
138.22739567996666
 10
287.70744620305726
 20
138.15414110093764
  0
LWPOLYLINE
  5
1A3
330
17
100
AcDbEntity
  8
20_ВИДИМЫЕ
100
AcDbPolyline
 90
10
 70
0
 10
285.66037735849056
 20
137.78552158192036
 10
285.8540099995076
 20
137.88723464958076
 10
286.04915483314255
 20
137.98601542557344
 10
286.24576745719537
 20
138.08184143385495
 10
286.44380313549317
 20
138.1746908706936
 10
286.64321680806876
 20
138.26454260963084
 10
286.8439631014137
 20
138.35137620628788
 10
287.0459963388021
 20
138.43517190301785
 10
287.24927055068406
 20
138.51591063340115
 10
287.45373948514475
 20
138.59357402658375
  0
LWPOLYLINE
  5
1A4
330
17
100
AcDbEntity
  8
20_ВИДИМЫЕ
100
AcDbPolyline
 90
7
 70
0
 10
285.0
 20
136.68332144554793
 10
285.02017974864884
 20
136.9070224722925
 10
285.08006743898653
 20
137.12350073024956
 10
285.17772944135197
 20
137.32576665648548
 10
285.3100124842887
 20
137.50728957011762
 10
285.47264546610563
 20
137.6622085323122
 10
285.66037735849056
 20
137.78552158192036
  0
LWPOLYLINE
  5
1A5
330
17
100
AcDbEntity
  8
20_ВИДИМЫЕ
100
AcDbPolyline
 90
2
 70
0
 10
285.5
 20
119.07285434248003
 10
285.0
 20
119.46828230500886
  0
LWPOLYLINE
  5
1A6
330
17
100
AcDbEntity
  8
20_ВИДИМЫЕ
100
AcDbPolyline
 90
2
 70
0
 10
285.0
 20
119.46828230500886
 10
285.0
 20
136.68332144554793
  0
LWPOLYLINE
  5
1A7
330
17
100
AcDbEntity
  8
20_ВИДИМЫЕ
100
AcDbPolyline
 90
7
 70
0
 10
285.0
 20
113.31667855445207
 10
285.02017974864884
 20
113.0929775277075
 10
285.08006743898653
 20
112.87649926975045
 10
285.17772944135197
 20
112.67423334351452
 10
285.3100124842887
 20
112.4927104298824
 10
285.47264546610563
 20
112.33779146768781
 10
285.66037735849056
 20
112.21447841807964
  0
LWPOLYLINE
  5
1A8
330
17
100
AcDbEntity
  8
20_ВИДИМЫЕ
100
AcDbPolyline
 90
2
 70
0
 10
285.0
 20
113.31667855445207
 10
285.0
 20
119.46828230500886
  0
LWPOLYLINE
  5
1A9
330
17
100
AcDbEntity
  8
20_ВИДИМЫЕ
100
AcDbPolyline
 90
7
 70
0
 10
287.45373948514475
 20
138.59357402658375
 10
287.47016892412245
 20
138.59966173653407
 10
287.5183679483661
 20
138.61739116359064
 10
287.5949119964324
 20
138.6451497491793
 10
287.6942133896678
 20
138.6804391397331
 10
287.80942134188007
 20
138.72036704506422
 10
287.9337148179258
 20
138.7622323638271
  0
LWPOLYLINE
  5
1AA
330
17
100
AcDbEntity
  8
20_ВИДИМЫЕ
100
AcDbPolyline
 90
47
 70
0
 10
297.0662851820742
 20
138.76223236382708
 10
296.8741534546597
 20
138.82449932384853
 10
296.6811730733404
 20
138.88408411566184
 10
296.48738147931624
 20
138.94097517888923
 10
296.292816271175
 20
138.99516147577833
 10
296.0975151975979
 20
139.04663249334345
 10
295.90151615003515
 20
139.09537824540547
 10
295.70485715535517
 20
139.1413892745292
 10
295.50757636846606
 20
139.1846566538582
 10
295.3097120649136
 20
139.22517198884705
 10
295.1113026334546
 20
139.2629274188896
 10
294.91238656860935
 20
139.29791561884434
 10
294.713002463193
 20
139.33012980045547
 10
294.51318900082754
 20
139.35956371366996
 10
294.31298494843725
 20
139.3862116478502
 10
294.1124291487267
 20
139.4100684328818
 10
293.91156051264505
 20
139.43112944017693
 10
293.7104180118366
 20
139.4493905835721
 10
293.5090406710796
 20
139.464848320121
 10
293.30746756071494
 20
139.477499650782
 10
293.10573778906587
 20
139.4873421209999
 10
292.9038904948504
 20
139.4943738211821
 10
292.7019648395876
 20
139.49859338706932
 10
292.5
 20
139.5
 10
292.2980351604124
 20
139.49859338706932
 10
292.0961095051496
 20
139.4943738211821
 10
291.89426221093413
 20
139.4873421209999
 10
291.69253243928506
 20
139.477499650782
 10
291.4909593289204
 20
139.464848320121
 10
291.2895819881634
 20
139.44939058357207
 10
291.08843948735495
 20
139.43112944017693
 10
290.8875708512733
 20
139.41006843288181
 10
290.68701505156275
 20
139.3862116478502
 10
290.48681099917246
 20
139.35956371366996
 10
290.286997536807
 20
139.33012980045547
 10
290.08761343139065
 20
139.29791561884434
 10
289.8886973665454
 20
139.2629274188896
 10
289.6902879350864
 20
139.22517198884705
 10
289.49242363153394
 20
139.1846566538582
 10
289.29514284464483
 20
139.14138927452916
 10
289.0984838499648
 20
139.09537824540547
 10
288.9024848024021
 20
139.04663249334345
 10
288.70718372882493
 20
138.99516147577833
 10
288.51261852068376
 20
138.94097517888923
 10
288.3188269266596
 20
138.88408411566184
 10
288.12584654534027
 20
138.82449932384853
 10
287.9337148179258
 20
138.76223236382708
  0
LWPOLYLINE
  5
1AB
330
17
100
AcDbEntity
  8
20_ВИДИМЫЕ
100
AcDbPolyline
 90
7
 70
0
 10
297.0662851820742
 20
138.7622323638271
 10
297.1900403743346
 20
138.7205510562251
 10
297.3053735902583
 20
138.68058422213971
 10
297.40484738126736
 20
138.64523624445428
 10
297.4813021868176
 20
138.61751183306342
 10
297.5296066696458
 20
138.59974473101227
 10
297.54626051485525
 20
138.59357402658375
  0
LWPOLYLINE
  5
1AC
330
17
100
AcDbEntity
  8
20_ВИДИМЫЕ
100
AcDbPolyline
 90
7
 70
0
 10
285.70537282912096
 20
112.19050970534924
 10
285.69786773602516
 20
112.1944935022705
 10
285.6903649786913
 20
112.1984816964328
 10
285.6828645596958
 20
112.2024742864666
 10
285.67536648161416
 20
112.20647127100094
 10
285.6678707470211
 20
112.21047264866328
 10
285.66037735849056
 20
112.21447841807964
  0
LWPOLYLINE
  5
1AD
330
17
100
AcDbEntity
  8
20_ВИДИМЫЕ
100
AcDbPolyline
 90
7
 70
0
 10
297.54626051485525
 20
111.40642597341625
 10
297.52983107587755
 20
111.4003382634659
 10
297.4816320516339
 20
111.38260883640935
 10
297.4050880035676
 20
111.35485025082072
 10
297.3057866103322
 20
111.31956086026692
 10
297.19057865811993
 20
111.27963295493576
 10
297.0662851820742
 20
111.2377676361729
  0
LWPOLYLINE
  5
1AE
330
17
100
AcDbEntity
  8
20_ВИДИМЫЕ
100
AcDbPolyline
 90
47
 70
0
 10
297.0662851820742
 20
111.2377676361729
 10
296.8741534546597
 20
111.17550067615147
 10
296.6811730733404
 20
111.11591588433816
 10
296.48738147931624
 20
111.05902482111075
 10
296.292816271175
 20
111.00483852422167
 10
296.0975151975979
 20
110.95336750665655
 10
295.90151615003515
 20
110.90462175459453
 10
295.70485715535517
 20
110.85861072547083
 10
295.50757636846606
 20
110.81534334614177
 10
295.3097120649136
 20
110.77482801115293
 10
295.1113026334546
 20
110.73707258111038
 10
294.91238656860935
 20
110.70208438115566
 10
294.713002463193
 20
110.66987019954453
 10
294.51318900082754
 20
110.64043628633004
 10
294.31298494843725
 20
110.61378835214983
 10
294.1124291487267
 20
110.5899315671182
 10
293.91156051264505
 20
110.56887055982307
 10
293.7104180118366
 20
110.55060941642792
 10
293.5090406710796
 20
110.53515167987901
 10
293.30746756071494
 20
110.52250034921799
 10
293.10573778906587
 20
110.51265787900012
 10
292.9038904948504
 20
110.50562617881788
 10
292.7019648395876
 20
110.50140661293068
 10
292.5
 20
110.5
 10
292.2980351604124
 20
110.50140661293068
 10
292.0961095051496
 20
110.50562617881788
 10
291.89426221093413
 20
110.51265787900012
 10
291.69253243928506
 20
110.52250034921799
 10
291.4909593289204
 20
110.53515167987901
 10
291.2895819881634
 20
110.55060941642792
 10
291.08843948735495
 20
110.56887055982307
 10
290.8875708512733
 20
110.5899315671182
 10
290.68701505156275
 20
110.61378835214983
 10
290.48681099917246
 20
110.64043628633004
 10
290.286997536807
 20
110.66987019954453
 10
290.08761343139065
 20
110.70208438115566
 10
289.8886973665454
 20
110.73707258111038
 10
289.6902879350864
 20
110.77482801115293
 10
289.49242363153394
 20
110.81534334614179
 10
289.29514284464483
 20
110.85861072547083
 10
289.0984838499648
 20
110.90462175459453
 10
288.9024848024021
 20
110.95336750665655
 10
288.70718372882493
 20
111.00483852422167
 10
288.51261852068376
 20
111.05902482111075
 10
288.3188269266596
 20
111.11591588433816
 10
288.12584654534027
 20
111.17550067615147
 10
287.9337148179258
 20
111.2377676361729
  0
LWPOLYLINE
  5
1AF
330
17
100
AcDbEntity
  8
20_ВИДИМЫЕ
100
AcDbPolyline
 90
7
 70
0
 10
287.9337148179258
 20
111.2377676361729
 10
287.8099596256654
 20
111.2794489437749
 10
287.6946264097417
 20
111.31941577786027
 10
287.59515261873264
 20
111.35476375554572
 10
287.51869781318237
 20
111.38248816693658
 10
287.4703933303542
 20
111.40025526898772
 10
287.45373948514475
 20
111.40642597341625
  0
LWPOLYLINE
  5
1B0
330
17
100
AcDbEntity
  8
20_ВИДИМЫЕ
100
AcDbPolyline
 90
115
 70
0
 10
296.2475
 20
125.0
 10
296.24180948283384
 20
125.2064413819336
 10
296.224755213249
 20
125.41225580817532
 10
296.1963889845017
 20
125.61681822707705
 10
296.1567969438963
 20
125.8195073892959
 10
296.10609933115893
 20
126.01970773450789
 10
296.0444501132731
 20
126.21681126084455
 10
295.97203651688744
 20
126.41021937137451
 10
295.88907845971414
 20
126.59934469202277
 10
295.79582788264634
 20
126.78361285540643
 10
295.69256798462163
 20
126.96246424516957
 10
295.5796123625566
 20
127.13535569551972
 10
295.45730405896296
 20
127.30176214080453
 10
295.3260145201389
 20
127.46117821011889
 10
295.18614246809875
 20
127.61311976209974
 10
295.03811268966746
 20
127.75712535524757
 10
294.8823747464169
 20
127.89275764930892
 10
294.719401609362
 20
128.01960473346452
 10
294.5496882225638
 20
128.13728137728882
 10
294.37375
 20
128.2454302006822
 10
294.19212126027
 20
128.34372275922243
 10
294.005353603887
 20
128.43186054163982
 10
293.81401423808484
 20
128.50957587638595
 10
293.61868425422887
 20
128.57663274454345
 10
293.4199568630601
 20
128.63282749660763
 10
293.2184355931342
 20
128.67798947096344
 10
293.0147324579245
 20
128.71198151217905
 10
292.80946609715755
 20
128.7347003875425
 10
292.6032598980247
 20
128.746077100576
 10
292.3967401019753
 20
128.746077100576
 10
292.19053390284245
 20
128.7347003875425
 10
291.9852675420755
 20
128.71198151217905
 10
291.7815644068658
 20
128.67798947096344
 10
291.5800431369399
 20
128.63282749660763
 10
291.38131574577113
 20
128.57663274454345
 10
291.18598576191516
 20
128.50957587638595
 10
290.994646396113
 20
128.43186054163982
 10
290.80787873973
 20
128.34372275922243
 10
290.62625
 20
128.2454302006822
 10
290.4503117774362
 20
128.13728137728882
 10
290.280598390638
 20
128.01960473346452
 10
290.1176252535831
 20
127.89275764930892
 10
289.96188731033254
 20
127.75712535524757
 10
289.81385753190125
 20
127.61311976209974
 10
289.6739854798611
 20
127.46117821011889
 10
289.54269594103704
 20
127.30176214080453
 10
289.4203876374434
 20
127.13535569551972
 10
289.30743201537837
 20
126.96246424516957
 10
289.20417211735366
 20
126.78361285540643
 10
289.11092154028586
 20
126.59934469202277
 10
289.02796348311256
 20
126.41021937137451
 10
288.9555498867269
 20
126.21681126084455
 10
288.89390066884107
 20
126.01970773450789
 10
288.8432030561037
 20
125.8195073892959
 10
288.8036110154983
 20
125.61681822707705
 10
288.775244786751
 20
125.41225580817532
 10
288.75819051716616
 20
125.2064413819336
 10
288.7525
 20
125.0
 10
288.75819051716616
 20
124.7935586180664
 10
288.775244786751
 20
124.58774419182468
 10
288.8036110154983
 20
124.38318177292295
 10
288.8432030561037
 20
124.1804926107041
 10
288.89390066884107
 20
123.98029226549211
 10
288.9555498867269
 20
123.78318873915545
 10
289.02796348311256
 20
123.58978062862549
 10
289.11092154028586
 20
123.40065530797723
 10
289.20417211735366
 20
123.21638714459357
 10
289.30743201537837
 20
123.03753575483043
 10
289.4203876374434
 20
122.86464430448028
 10
289.54269594103704
 20
122.69823785919547
 10
289.6739854798611
 20
122.53882178988111
 10
289.81385753190125
 20
122.38688023790026
 10
289.96188731033254
 20
122.24287464475243
 10
290.1176252535831
 20
122.10724235069108
 10
290.280598390638
 20
121.98039526653548
 10
290.4503117774362
 20
121.86271862271117
 10
290.62625
 20
121.75456979931782
 10
290.80787873973
 20
121.65627724077757
 10
290.994646396113
 20
121.56813945836018
 10
291.18598576191516
 20
121.49042412361403
 10
291.38131574577113
 20
121.42336725545654
 10
291.5800431369399
 20
121.36717250339235
 10
291.7815644068658
 20
121.32201052903656
 10
291.9852675420755
 20
121.28801848782096
 10
292.19053390284245
 20
121.26529961245751
 10
292.3967401019753
 20
121.253922899424
 10
292.6032598980247
 20
121.253922899424
 10
292.80946609715755
 20
121.26529961245751
 10
293.0147324579245
 20
121.28801848782095
 10
293.2184355931342
 20
121.32201052903656
 10
293.4199568630601
 20
121.36717250339235
 10
293.61868425422887
 20
121.42336725545654
 10
293.81401423808484
 20
121.49042412361403
 10
294.005353603887
 20
121.56813945836016
 10
294.19212126027
 20
121.65627724077757
 10
294.37375
 20
121.75456979931782
 10
294.5496882225638
 20
121.86271862271117
 10
294.719401609362
 20
121.98039526653548
 10
294.8823747464169
 20
122.10724235069108
 10
295.03811268966746
 20
122.24287464475243
 10
295.18614246809875
 20
122.38688023790026
 10
295.3260145201389
 20
122.53882178988111
 10
295.45730405896296
 20
122.69823785919547
 10
295.5796123625566
 20
122.86464430448028
 10
295.69256798462163
 20
123.03753575483043
 10
295.79582788264634
 20
123.21638714459357
 10
295.88907845971414
 20
123.40065530797723
 10
295.97203651688744
 20
123.58978062862549
 10
296.0444501132731
 20
123.78318873915545
 10
296.10609933115893
 20
123.98029226549211
 10
296.1567969438963
 20
124.1804926107041
 10
296.1963889845017
 20
124.38318177292295
 10
296.224755213249
 20
124.58774419182468
 10
296.24180948283384
 20
124.79355861806638
 10
296.2475
 20
125.0
  0
LWPOLYLINE
  5
1B1
330
17
100
AcDbEntity
  8
20_ВИДИМЫЕ
100
AcDbPolyline
 90
100
 70
0
 10
295.75
 20
125.0
 10
295.74345669853363
 20
125.20612773888384
 10
295.7238531417001
 20
125.41142547411468
 10
295.6912682661038
 20
125.61506654417133
 10
295.6458332795382
 20
125.81623095833851
 10
295.58773113265806
 20
126.01410869852009
 10
295.5171957823022
 20
126.20790298089607
 10
295.4345112494315
 20
126.39683346428981
 10
295.3400104754768
 20
126.58013939232653
 10
295.23407398170133
 20
126.75708265673069
 10
295.11712833697595
 20
126.92695076942758
 10
294.98964444013666
 20
127.08905973148126
 10
294.8521356238415
 20
127.24275678731686
 10
294.7051555875607
 20
127.38742305313698
 10
294.5492961680247
 20
127.5224760089482
 10
294.3851849561064
 20
127.64737184416359
 10
294.2134827697341
 20
127.76160764733592
 10
294.0348809930112
 20
127.86472343120464
 10
293.8500987922561
 20
127.95630398490218
 10
293.6598802201736
 20
128.0359805458616
 10
293.4649912198169
 20
128.10343228469324
 10
293.26621654040565
 20
128.1583875970515
 10
293.0643565774175
 20
128.20062519728967
 10
292.8602241496783
 20
128.22997500949907
 10
292.65464122642715
 20
128.24631885234479
 10
292.44843561753686
 20
128.2495909149401
 10
292.2424376402154
 20
128.23977802184382
 10
292.0374767756118
 20
128.21691968611304
 10
291.83437832878815
 20
128.18110795019803
 10
291.6339601055074
 20
128.1324870153198
 10
291.4370291192184
 20
128.07125266082267
 10
291.24437834149734
 20
127.99765145583989
 10
291.0567835090312
 20
127.91197976644685
 10
290.875
 20
127.81458256229942
 10
290.69975979243515
 20
127.70585202756301
 10
290.5317685168026
 20
127.5862259817252
 10
290.3717026146778
 20
127.45618611665134
 10
290.22020661495446
 20
127.3162560569813
 10
290.0778905385538
 20
127.16699925167795
 10
289.94532744208595
 20
127.00901670521696
 10
289.82305111035305
 20
126.842944557554
 10
289.7115539069863
 20
126.66945152261357
 10
289.6112847918715
 20
126.48923619561408
 10
289.52264751334576
 20
126.3030242400715
 10
289.4459989824458
 20
126.11156546580843
 10
289.3816478357529
 20
125.91563080973465
 10
289.3298531926224
 20
125.71600923155626
 10
289.2908236118017
 20
125.51350453691339
 10
289.2647162516375
 20
125.30893214073859
 10
289.2516362372547
 20
125.10311578386872
 10
289.2516362372547
 20
124.89688421613128
 10
289.2647162516375
 20
124.69106785926141
 10
289.2908236118017
 20
124.48649546308661
 10
289.3298531926224
 20
124.28399076844374
 10
289.3816478357529
 20
124.08436919026535
 10
289.4459989824458
 20
123.88843453419157
 10
289.52264751334576
 20
123.6969757599285
 10
289.6112847918715
 20
123.51076380438592
 10
289.7115539069863
 20
123.33054847738643
 10
289.82305111035305
 20
123.157055442446
 10
289.94532744208595
 20
122.99098329478304
 10
290.0778905385538
 20
122.83300074832205
 10
290.22020661495446
 20
122.6837439430187
 10
290.3717026146778
 20
122.54381388334866
 10
290.5317685168026
 20
122.4137740182748
 10
290.69975979243515
 20
122.29414797243699
 10
290.875
 20
122.18541743770058
 10
291.0567835090312
 20
122.08802023355315
 10
291.24437834149734
 20
122.00234854416011
 10
291.4370291192184
 20
121.92874733917733
 10
291.6339601055074
 20
121.86751298468019
 10
291.83437832878815
 20
121.81889204980197
 10
292.0374767756118
 20
121.78308031388697
 10
292.2424376402154
 20
121.76022197815618
 10
292.44843561753686
 20
121.7504090850599
 10
292.65464122642715
 20
121.75368114765523
 10
292.8602241496783
 20
121.77002499050093
 10
293.0643565774175
 20
121.79937480271032
 10
293.26621654040565
 20
121.84161240294848
 10
293.4649912198169
 20
121.89656771530676
 10
293.6598802201736
 20
121.96401945413841
 10
293.8500987922561
 20
122.04369601509781
 10
294.0348809930112
 20
122.13527656879536
 10
294.2134827697341
 20
122.23839235266408
 10
294.3851849561064
 20
122.35262815583641
 10
294.5492961680247
 20
122.47752399105178
 10
294.7051555875607
 20
122.61257694686302
 10
294.8521356238415
 20
122.75724321268314
 10
294.98964444013666
 20
122.91094026851874
 10
295.11712833697595
 20
123.07304923057242
 10
295.23407398170133
 20
123.24291734326931
 10
295.3400104754768
 20
123.41986060767347
 10
295.4345112494315
 20
123.60316653571019
 10
295.5171957823022
 20
123.79209701910393
 10
295.58773113265806
 20
123.98589130147991
 10
295.6458332795382
 20
124.18376904166149
 10
295.6912682661038
 20
124.38493345582866
 10
295.7238531417001
 20
124.5885745258853
 10
295.74345669853363
 20
124.79387226111616
 10
295.75
 20
125.0
  0
LWPOLYLINE
  5
1B2
330
17
100
AcDbEntity
  8
20_ВИДИМЫЕ
100
AcDbPolyline
 90
7
 70
0
 10
358.15479738469855
 20
112.6340310497332
 10
358.01541386221646
 20
112.7303696623381
 10
357.868376196221
 20
112.81456478925622
 10
357.71473970892663
 20
112.88601214323103
 10
357.5556070837642
 20
112.94419893062351
 10
357.3921204511752
 20
112.98870753184683
 10
357.2254531912862
 20
113.01921849871543
  0
LWPOLYLINE
  5
1B3
330
17
100
AcDbEntity
  8
20_ВИДИМЫЕ
100
AcDbPolyline
 90
7
 70
0
 10
355.1877560534601
 20
111.98612663705389
 10
355.17878159973685
 20
111.96925590598033
 10
355.16996874709315
 20
111.9523001985381
 10
355.1613183000596
 20
111.93526106262381
 10
355.15283104834054
 20
111.91814005375035
 10
355.14450776674244
 20
111.90093873490486
 10
355.1363492151025
 20
111.88365867640597
  0
LWPOLYLINE
  5
1B4
330
17
100
AcDbEntity
  8
20_ВИДИМЫЕ
100
AcDbPolyline
 90
7
 70
0
 10
379.8636507848975
 20
111.88365867640599
 10
379.85549223325756
 20
111.90093873490486
 10
379.84716895165946
 20
111.91814005375036
 10
379.8386816999404
 20
111.93526106262381
 10
379.83003125290685
 20
111.9523001985381
 10
379.82121840026315
 20
111.96925590598033
 10
379.8122439465399
 20
111.98612663705389
  0
LWPOLYLINE
  5
1B5
330
17
100
AcDbEntity
  8
20_ВИДИМЫЕ
100
AcDbPolyline
 90
7
 70
0
 10
377.7745468087138
 20
113.01921849871543
 10
377.6078795488248
 20
112.98870753184683
 10
377.44439291623587
 20
112.94419893062351
 10
377.28526029107337
 20
112.88601214323103
 10
377.131623803779
 20
112.81456478925622
 10
376.98458613778354
 20
112.73036966233812
 10
376.84520261530145
 20
112.63403104973321
  0
LWPOLYLINE
  5
1B6
330
17
100
AcDbEntity
  8
20_ВИДИМЫЕ
100
AcDbPolyline
 90
2
 70
0
 10
379.8636507848975
 20
111.88365867640597
 10
382.8716253971589
 20
105.43303630369448
  0
LWPOLYLINE
  5
1B7
330
17
100
AcDbEntity
  8
20_ВИДИМЫЕ
100
AcDbPolyline
 90
7
 70
0
 10
382.8716253971589
 20
105.43303630369448
 10
382.94331371205874
 20
105.31092792467254
 10
383.0366750090348
 20
105.20446976882022
 10
383.14838153117626
 20
105.11745641564033
 10
383.2744516269519
 20
105.05298935682988
 10
383.41039167163626
 20
105.01336644714704
 10
383.5513562374364
 20
105.0
  0
LWPOLYLINE
  5
1B8
330
17
100
AcDbEntity
  8
20_ВИДИМЫЕ
100
AcDbPolyline
 90
2
 70
0
 10
388.14963680813304
 20
105.0
 10
383.5513562374364
 20
105.0
  0
LWPOLYLINE
  5
1B9
330
17
100
AcDbEntity
  8
20_ВИДИМЫЕ
100
AcDbPolyline
 90
2
 70
0
 10
388.14963680813304
 20
109.75
 10
388.14963680813304
 20
105.0
  0
LWPOLYLINE
  5
1BA
330
17
100
AcDbEntity
  8
20_ВИДИМЫЕ
100
AcDbPolyline
 90
2
 70
0
 10
346.85036319186696
 20
109.75
 10
346.85036319186696
 20
105.0
  0
LWPOLYLINE
  5
1BB
330
17
100
AcDbEntity
  8
20_ВИДИМЫЕ
100
AcDbPolyline
 90
2
 70
0
 10
351.4486437625636
 20
105.0
 10
346.85036319186696
 20
105.0
  0
LWPOLYLINE
  5
1BC
330
17
100
AcDbEntity
  8
20_ВИДИМЫЕ
100
AcDbPolyline
 90
7
 70
0
 10
351.4486437625636
 20
105.0
 10
351.5896083283637
 20
105.01336644714704
 10
351.7255483730481
 20
105.05298935682988
 10
351.85161846882374
 20
105.11745641564033
 10
351.96332499096513
 20
105.20446976882022
 10
352.05668628794126
 20
105.31092792467254
 10
352.12837460284106
 20
105.43303630369448
  0
LWPOLYLINE
  5
1BD
330
17
100
AcDbEntity
  8
20_ВИДИМЫЕ
100
AcDbPolyline
 90
2
 70
0
 10
352.1283746028411
 20
105.43303630369448
 10
355.1363492151025
 20
111.88365867640599
  0
LWPOLYLINE
  5
1BE
330
17
100
AcDbEntity
  8
20_ВИДИМЫЕ
100
AcDbPolyline
 90
7
 70
0
 10
349.3607294853178
 20
145.0
 10
349.3695845557618
 20
145.0
 10
349.3945280464545
 20
145.0
 10
349.4339527900212
 20
145.0
 10
349.48590049430544
 20
145.0
 10
349.5461194078288
 20
145.0
 10
349.6107294853178
 20
145.0
  0
LWPOLYLINE
  5
1BF
330
17
100
AcDbEntity
  8
20_ВИДИМЫЕ
100
AcDbPolyline
 90
2
 70
0
 10
349.6107294853178
 20
145.0
 10
355.3538394953365
 20
145.0
  0
LWPOLYLINE
  5
1C0
330
17
100
AcDbEntity
  8
20_ВИДИМЫЕ
100
AcDbPolyline
 90
7
 70
0
 10
345.625
 20
145.0
 10
345.63308287122135
 20
145.0
 10
345.656300116374
 20
145.0
 10
345.69442457387765
 20
145.0
 10
345.74796657397036
 20
145.0
 10
345.81546917962646
 20
145.0
 10
345.8962719335665
 20
145.0
  0
LWPOLYLINE
  5
1C1
330
17
100
AcDbEntity
  8
20_ВИДИМЫЕ
100
AcDbPolyline
 90
2
 70
0
 10
349.3607294853178
 20
145.0
 10
345.89627193356654
 20
145.0
  0
LWPOLYLINE
  5
1C2
330
17
100
AcDbEntity
  8
20_ВИДИМЫЕ
100
AcDbPolyline
 90
7
 70
0
 10
356.1232199660562
 20
144.54174775497316
 10
356.03669279789074
 20
144.67211641100485
 10
355.92832954208995
 20
144.78498953490285
 10
355.80159540785945
 20
144.8767577021892
 10
355.6605430631019
 20
144.9444863766531
 10
355.50968303936156
 20
144.98600975011072
 10
355.3538394953365
 20
145.0
  0
LWPOLYLINE
  5
1C3
330
17
100
AcDbEntity
  8
20_ВИДИМЫЕ
100
AcDbPolyline
 90
2
 70
0
 10
357.2517800339438
 20
142.45825224502684
 10
356.12321996605624
 20
144.54174775497316
  0
LWPOLYLINE
  5
1C4
330
17
100
AcDbEntity
  8
20_ВИДИМЫЕ
100
AcDbPolyline
 90
7
 70
0
 10
358.0211605046635
 20
142.0
 10
357.86531696063844
 20
142.01399024988928
 10
357.7144569368981
 20
142.0555136233469
 10
357.57340459214055
 20
142.1232422978108
 10
357.44667045791005
 20
142.21501046509715
 10
357.33830720210926
 20
142.32788358899518
 10
357.2517800339438
 20
142.45825224502684
  0
LWPOLYLINE
  5
1C5
330
17
100
AcDbEntity
  8
20_ВИДИМЫЕ
100
AcDbPolyline
 90
2
 70
0
 10
358.0211605046635
 20
142.0
 10
377.5
 20
142.0
  0
LWPOLYLINE
  5
1C6
330
17
100
AcDbEntity
  8
20_ВИДИМЫЕ
100
AcDbPolyline
 90
2
 70
0
 10
377.5
 20
142.0
 10
377.5
 20
143.17499999999998
  0
LWPOLYLINE
  5
1C7
330
17
100
AcDbEntity
  8
20_ВИДИМЫЕ
100
AcDbPolyline
 90
2
 70
0
 10
378.25094127149003
 20
144.54546782046933
 10
377.5
 20
143.17499999999998
  0
LWPOLYLINE
  5
1C8
330
17
100
AcDbEntity
  8
20_ВИДИМЫЕ
100
AcDbPolyline
 90
7
 70
0
 10
379.01829504384654
 20
145.0
 10
378.8631463152454
 20
144.9861352228387
 10
378.71291439247034
 20
144.94498027888787
 10
378.57236026325114
 20
144.87783940615202
 10
378.4459382171438
 20
144.78684036060577
 10
378.3376546849999
 20
144.67486698565116
 10
378.25094127149003
 20
144.54546782046933
  0
LWPOLYLINE
  5
1C9
330
17
100
AcDbEntity
  8
20_ВИДИМЫЕ
100
AcDbPolyline
 90
2
 70
0
 10
379.01829504384654
 20
145.0
 10
385.3892705146822
 20
145.0
  0
LWPOLYLINE
  5
1CA
330
17
100
AcDbEntity
  8
20_ВИДИМЫЕ
100
AcDbPolyline
 90
7
 70
0
 10
385.3892705146822
 20
145.0
 10
385.4538805921712
 20
145.0
 10
385.51409950569456
 20
145.0
 10
385.5660472099788
 20
145.0
 10
385.6054719535455
 20
145.0
 10
385.6304154442382
 20
145.0
 10
385.6392705146822
 20
145.0
  0
LWPOLYLINE
  5
1CB
330
17
100
AcDbEntity
  8
20_ВИДИМЫЕ
100
AcDbPolyline
 90
2
 70
0
 10
385.6392705146822
 20
145.0
 10
389.1037280664335
 20
145.0
  0
LWPOLYLINE
  5
1CC
330
17
100
AcDbEntity
  8
20_ВИДИМЫЕ
100
AcDbPolyline
 90
7
 70
0
 10
389.1037280664335
 20
145.0
 10
389.18453082037354
 20
145.0
 10
389.2520334260296
 20
145.0
 10
389.30557542612235
 20
145.0
 10
389.343699883626
 20
145.0
 10
389.36691712877865
 20
145.0
 10
389.375
 20
145.0
  0
LWPOLYLINE
  5
1CD
330
17
100
AcDbEntity
  8
20_ВИДИМЫЕ
100
AcDbPolyline
 90
115
 70
0
 10
363.75
 20
125.0
 10
363.75569431337505
 20
124.7934208986655
 10
363.77275996005767
 20
124.5874691712722
 10
363.8011451122398
 20
124.38277028644725
 10
363.8407635651471
 20
124.17994590797609
 10
363.8914949988403
 20
123.97961200683
 10
363.95318534362264
 20
123.78237699048243
 10
364.0256472479445
 20
123.58883985519562
 10
364.1086606473841
 20
123.39958836688848
 10
364.20197343297565
 20
123.21519727611097
 10
364.30530221685626
 20
123.03622657254546
 10
364.4183331929053
 20
122.86321978433651
 10
364.5407230897635
 20
122.69670232741375
 10
364.67210021333665
 20
122.53717990982099
 10
364.8120655756183
 20
122.38513699589751
 10
364.9601941064035
 20
122.24103533497576
 10
365.1160359442126
 20
122.10531255906379
 10
365.27911780250633
 20
121.97838085377133
 10
365.4489444070409
 20
121.86062570651552
 10
365.625
 20
121.75240473580835
 10
365.8067499063342
 20
121.65404660518102
 10
365.99364215755134
 20
121.56585002504353
 10
366.18510916802717
 20
121.48808284551104
 10
366.38056945874365
 20
121.42098124295185
 10
366.579429423222
 20
121.3647490027275
 10
366.781085130286
 20
121.31955690030344
 10
366.984924158181
 20
121.28554218260936
 10
367.19032745447873
 20
121.26280815122499
 10
367.3966712161194
 20
121.25142384865643
 10
367.6033287838806
 20
121.25142384865643
 10
367.80967254552127
 20
121.26280815122499
 10
368.01507584181905
 20
121.28554218260936
 10
368.218914869714
 20
121.31955690030344
 10
368.420570576778
 20
121.3647490027275
 10
368.61943054125635
 20
121.42098124295185
 10
368.81489083197283
 20
121.48808284551104
 10
369.00635784244866
 20
121.56585002504353
 10
369.1932500936658
 20
121.65404660518102
 10
369.375
 20
121.75240473580835
 10
369.5510555929591
 20
121.86062570651552
 10
369.72088219749367
 20
121.97838085377133
 10
369.8839640557874
 20
122.10531255906379
 10
370.0398058935965
 20
122.24103533497576
 10
370.1879344243817
 20
122.38513699589751
 10
370.32789978666335
 20
122.53717990982099
 10
370.4592769102365
 20
122.69670232741375
 10
370.5816668070947
 20
122.86321978433651
 10
370.69469778314374
 20
123.03622657254546
 10
370.79802656702435
 20
123.21519727611097
 10
370.8913393526159
 20
123.39958836688848
 10
370.9743527520555
 20
123.58883985519562
 10
371.04681465637736
 20
123.78237699048243
 10
371.1085050011597
 20
123.97961200683
 10
371.1592364348529
 20
124.17994590797609
 10
371.1988548877602
 20
124.38277028644725
 10
371.22724003994233
 20
124.5874691712722
 10
371.24430568662495
 20
124.7934208986655
 10
371.25
 20
125.0
 10
371.24430568662495
 20
125.2065791013345
 10
371.22724003994233
 20
125.4125308287278
 10
371.1988548877602
 20
125.61722971355275
 10
371.1592364348529
 20
125.82005409202391
 10
371.1085050011597
 20
126.02038799317
 10
371.04681465637736
 20
126.21762300951757
 10
370.9743527520555
 20
126.41116014480438
 10
370.8913393526159
 20
126.60041163311152
 10
370.79802656702435
 20
126.78480272388903
 10
370.69469778314374
 20
126.96377342745454
 10
370.5816668070947
 20
127.13678021566349
 10
370.4592769102365
 20
127.30329767258625
 10
370.32789978666335
 20
127.46282009017901
 10
370.1879344243817
 20
127.61486300410249
 10
370.0398058935965
 20
127.75896466502425
 10
369.8839640557874
 20
127.89468744093621
 10
369.72088219749367
 20
128.02161914622866
 10
369.5510555929591
 20
128.13937429348448
 10
369.375
 20
128.24759526419166
 10
369.1932500936658
 20
128.345953394819
 10
369.00635784244866
 20
128.43414997495645
 10
368.81489083197283
 20
128.51191715448897
 10
368.61943054125635
 20
128.57901875704815
 10
368.420570576778
 20
128.6352509972725
 10
368.218914869714
 20
128.68044309969656
 10
368.015075841819
 20
128.71445781739064
 10
367.80967254552127
 20
128.737191848775
 10
367.6033287838806
 20
128.74857615134357
 10
367.3966712161194
 20
128.74857615134357
 10
367.19032745447873
 20
128.737191848775
 10
366.984924158181
 20
128.71445781739064
 10
366.781085130286
 20
128.68044309969656
 10
366.579429423222
 20
128.6352509972725
 10
366.38056945874365
 20
128.57901875704815
 10
366.18510916802717
 20
128.51191715448897
 10
365.99364215755134
 20
128.43414997495645
 10
365.8067499063342
 20
128.34595339481896
 10
365.625
 20
128.24759526419163
 10
365.4489444070409
 20
128.13937429348448
 10
365.27911780250633
 20
128.02161914622866
 10
365.1160359442126
 20
127.89468744093621
 10
364.9601941064035
 20
127.75896466502424
 10
364.8120655756183
 20
127.61486300410249
 10
364.67210021333665
 20
127.46282009017901
 10
364.5407230897635
 20
127.30329767258625
 10
364.4183331929053
 20
127.1367802156635
 10
364.30530221685626
 20
126.96377342745454
 10
364.20197343297565
 20
126.78480272388903
 10
364.1086606473841
 20
126.60041163311152
 10
364.0256472479445
 20
126.41116014480438
 10
363.95318534362264
 20
126.21762300951757
 10
363.8914949988403
 20
126.02038799317
 10
363.8407635651471
 20
125.82005409202391
 10
363.8011451122398
 20
125.61722971355275
 10
363.77275996005767
 20
125.4125308287278
 10
363.75569431337505
 20
125.2065791013345
 10
363.75
 20
125.0
  0
LWPOLYLINE
  5
1CE
330
17
100
AcDbEntity
  8
20_ВИДИМЫЕ
100
AcDbPolyline
 90
7
 70
0
 10
364.03823300909625
 20
123.55824090060463
 10
364.0419940224231
 20
123.5492434184046
 10
364.0529795692429
 20
123.52333140151019
 10
364.0703701553666
 20
123.48337904266921
 10
364.09309540144267
 20
123.43299615261817
 10
364.1198734345107
 20
123.37604051762138
 10
364.1494363895987
 20
123.31589089051378
  0
LWPOLYLINE
  5
1CF
330
17
100
AcDbEntity
  8
20_ВИДИМЫЕ
100
AcDbPolyline
 90
7
 70
0
 10
370.9617669909037
 20
123.55824090060466
 10
370.9580059775769
 20
123.54924341840459
 10
370.9470204307571
 20
123.52333140151019
 10
370.9296298446334
 20
123.48337904266921
 10
370.90690459855733
 20
123.43299615261817
 10
370.88012656548926
 20
123.37604051762138
 10
370.8505636104013
 20
123.31589089051378
  0
LWPOLYLINE
  5
1D0
330
17
100
AcDbEntity
  8
20_ВИДИМЫЕ
100
AcDbPolyline
 90
7
 70
0
 10
389.10372806643346
 20
105.0
 10
389.18453082037354
 20
105.0
 10
389.2520334260296
 20
105.0
 10
389.30557542612235
 20
105.0
 10
389.343699883626
 20
105.0
 10
389.3669171287786
 20
105.0
 10
389.375
 20
105.0
  0
LWPOLYLINE
  5
1D1
330
17
100
AcDbEntity
  8
20_ВИДИМЫЕ
100
AcDbPolyline
 90
2
 70
0
 10
389.10372806643346
 20
105.0
 10
388.14963680813304
 20
105.0
  0
LWPOLYLINE
  5
1D2
330
17
100
AcDbEntity
  8
20_ВИДИМЫЕ
100
AcDbPolyline
 90
2
 70
0
 10
387.9745849235806
 20
110.0
 10
385.6392705146822
 20
110.0
  0
LWPOLYLINE
  5
1D3
330
17
100
AcDbEntity
  8
20_ВИДИМЫЕ
100
AcDbPolyline
 90
7
 70
0
 10
387.9745849235806
 20
110.0
 10
388.0173067261802
 20
109.99244052228909
 10
388.060192590661
 20
109.96806510477568
 10
388.0983652982071
 20
109.92677669529664
 10
388.127275753765
 20
109.87226041910272
 10
388.1443436048549
 20
109.81101305722709
 10
388.14963680813304
 20
109.75
  0
LWPOLYLINE
  5
1D4
330
17
100
AcDbEntity
  8
20_ВИДИМЫЕ
100
AcDbPolyline
 90
7
 70
0
 10
384.41645450091517
 20
109.75
 10
384.44172693670043
 20
109.81101305722709
 10
384.4670964246489
 20
109.87226041910272
 10
384.4896778056185
 20
109.92677669529664
 10
384.50678002479356
 20
109.96806510477568
 10
384.5168766533161
 20
109.99244052228909
 10
384.52000789150844
 20
110.0
  0
LWPOLYLINE
  5
1D5
330
17
100
AcDbEntity
  8
20_ВИДИМЫЕ
100
AcDbPolyline
 90
7
 70
0
 10
350.47999210849156
 20
110.0
 10
350.4831233466839
 20
109.99244052228909
 10
350.49321997520644
 20
109.96806510477568
 10
350.5103221943815
 20
109.92677669529664
 10
350.5329035753511
 20
109.87226041910272
 10
350.55827306329957
 20
109.81101305722709
 10
350.58354549908483
 20
109.75
  0
LWPOLYLINE
  5
1D6
330
17
100
AcDbEntity
  8
20_ВИДИМЫЕ
100
AcDbPolyline
 90
7
 70
0
 10
346.85036319186696
 20
109.75
 10
346.8556563951451
 20
109.81101305722709
 10
346.872724246235
 20
109.87226041910272
 10
346.9016347017929
 20
109.92677669529664
 10
346.939807409339
 20
109.96806510477568
 10
346.9826932738198
 20
109.99244052228909
 10
347.0254150764194
 20
110.0
  0
LWPOLYLINE
  5
1D7
330
17
100
AcDbEntity
  8
20_ВИДИМЫЕ
100
AcDbPolyline
 90
2
 70
0
 10
347.0254150764194
 20
110.0
 10
349.3607294853178
 20
110.0
  0
LWPOLYLINE
  5
1D8
330
17
100
AcDbEntity
  8
20_ВИДИМЫЕ
100
AcDbPolyline
 90
2
 70
0
 10
345.8962719335665
 20
105.0
 10
346.85036319186696
 20
105.0
  0
LWPOLYLINE
  5
1D9
330
17
100
AcDbEntity
  8
20_ВИДИМЫЕ
100
AcDbPolyline
 90
7
 70
0
 10
345.8962719335665
 20
105.0
 10
345.81546917962646
 20
105.0
 10
345.7479665739704
 20
105.0
 10
345.69442457387765
 20
105.0
 10
345.656300116374
 20
105.0
 10
345.63308287122135
 20
105.0
 10
345.625
 20
105.0
  0
LWPOLYLINE
  5
1DA
330
17
100
AcDbEntity
  8
20_ВИДИМЫЕ
100
AcDbPolyline
 90
2
 70
0
 10
349.3607294853178
 20
110.0
 10
349.3607294853178
 20
145.0
  0
LWPOLYLINE
  5
1DB
330
17
100
AcDbEntity
  8
20_ВИДИМЫЕ
100
AcDbPolyline
 90
7
 70
0
 10
349.6107294853178
 20
110.0
 10
349.5461194078288
 20
110.0
 10
349.48590049430544
 20
110.0
 10
349.4339527900212
 20
110.0
 10
349.3945280464545
 20
110.0
 10
349.3695845557618
 20
110.0
 10
349.3607294853178
 20
110.0
  0
LWPOLYLINE
  5
1DC
330
17
100
AcDbEntity
  8
20_ВИДИМЫЕ
100
AcDbPolyline
 90
7
 70
0
 10
349.555
 20
138.5
 10
349.5565517934641
 20
138.61979850330474
 10
349.5612053738672
 20
138.73950198721
 10
349.56895840606995
 20
138.8590548962665
 10
349.5798023570065
 20
138.9783373752684
 10
349.5937277678465
 20
139.0972704691503
 10
349.6107294853178
 20
139.21581559333106
  0
LWPOLYLINE
  5
1DD
330
17
100
AcDbEntity
  8
20_ВИДИМЫЕ
100
AcDbPolyline
 90
7
 70
0
 10
349.6107294853178
 20
115.78418440666896
 10
349.59372777129676
 20
115.90272950435813
 10
349.5798023603722
 20
116.02166259234097
 10
349.56895839663025
 20
116.14094522496563
 10
349.5612053688608
 20
116.26049810933466
 10
349.5565517938305
 20
116.38020148251118
 10
349.555
 20
116.5
  0
LWPOLYLINE
  5
1DE
330
17
100
AcDbEntity
  8
20_ВИДИМЫЕ
100
AcDbPolyline
 90
17
 70
0
 10
360.188679245283
 20
111.33271830898167
 10
360.0051770962298
 20
111.43247886896353
 10
359.8230358762436
 20
111.534703054052
 10
359.6422886589919
 20
111.6393723021187
 10
359.4629682650157
 20
111.7464676070545
 10
359.28510725576973
 20
111.85596952222063
 10
359.1087379277098
 20
111.96785816397995
 10
358.93389230642856
 20
112.0821132153074
 10
358.76060214084004
 20
112.19871392947918
 10
358.5888988974147
 20
112.31763913384012
 10
358.4188137544657
 20
112.43886723364814
 10
358.25037759648717
 20
112.56237621599556
 10
358.0836210085465
 20
112.68814365380618
 10
357.91857427073046
 20
112.81614670990777
 10
357.7552673526468
 20
112.94636214117874
 10
357.5937299079825
 20
113.07876630276886
 10
357.43399126911885
 20
113.21333515239259
  0
LWPOLYLINE
  5
1DF
330
17
100
AcDbEntity
  8
20_ВИДИМЫЕ
100
AcDbPolyline
 90
13
 70
0
 10
360.188679245283
 20
111.33271830898167
 10
360.014724932622
 20
111.43609473342354
 10
359.8507618389901
 20
111.55468179827639
 10
359.69811613960485
 20
111.68752034118823
 10
359.55802247171965
 20
111.83353593022663
 10
359.43161394856367
 20
111.9915475541575
 10
359.31991299443354
 20
112.16027717476447
 10
359.22382307506575
 20
112.33836006394714
 10
359.1441213901757
 20
112.52435584198915
 10
359.081452587269
 20
112.71676012771582
 10
359.0363235475679
 20
112.91401670631186
 10
359.0090992862275
 20
113.11453011638265
 10
359.0
 20
113.31667855445207
  0
LWPOLYLINE
  5
1E0
330
17
100
AcDbEntity
  8
20_ВИДИМЫЕ
100
AcDbPolyline
 90
2
 70
0
 10
359.0
 20
113.31667855445207
 10
359.0
 20
136.68332144554793
  0
LWPOLYLINE
  5
1E1
330
17
100
AcDbEntity
  8
20_ВИДИМЫЕ
100
AcDbPolyline
 90
13
 70
0
 10
359.0
 20
136.68332144554793
 10
359.0090992862275
 20
136.88546988361733
 10
359.0363235475679
 20
137.08598329368814
 10
359.081452587269
 20
137.28323987228418
 10
359.1441213901757
 20
137.47564415801085
 10
359.22382307506575
 20
137.66163993605286
 10
359.31991299443354
 20
137.83972282523553
 10
359.43161394856367
 20
138.0084524458425
 10
359.55802247171965
 20
138.16646406977338
 10
359.69811613960485
 20
138.31247965881175
 10
359.8507618389901
 20
138.4453182017236
 10
360.014724932622
 20
138.56390526657646
 10
360.188679245283
 20
138.66728169101833
  0
LWPOLYLINE
  5
1E2
330
17
100
AcDbEntity
  8
20_ВИДИМЫЕ
100
AcDbPolyline
 90
77
 70
0
 10
360.188679245283
 20
138.66728169101833
 10
360.3659583919134
 20
138.76064861603876
 10
360.54442962215387
 20
138.85171616511218
 10
360.72406311383065
 20
138.94046912103929
 10
360.9048288505585
 20
139.02689265338458
 10
361.0866966267563
 20
139.11097232095437
 10
361.2696360526945
 20
139.19269407421
 10
361.4536165595731
 20
139.27204425761536
 10
361.6386074046297
 20
139.3490096119188
 10
361.8245776762762
 20
139.42357727636863
 10
362.01149629926465
 20
139.49573479086223
 10
362.1993320398793
 20
139.56547009802807
 10
362.38805351115616
 20
139.63277154524042
 10
362.5776291781274
 20
139.6976278865665
 10
362.76802736309077
 20
139.76002828464573
 10
362.959216250903
 20
139.81996231250054
 10
363.1511638942961
 20
139.87741995527875
 10
363.34383821921546
 20
139.93239161192693
 10
363.5372070301796
 20
139.9848680967949
 10
363.73123801565976
 20
140.0348406411705
 10
363.9258987534793
 20
140.08230089474478
 10
364.1211567162312
 20
140.1272409270075
 10
364.3169792767133
 20
140.1696532285721
 10
364.5133337133805
 20
140.20953071243065
 10
364.7101872158122
 20
140.24686671513797
 10
364.9075068901949
 20
140.28165499792524
 10
365.1052597648188
 20
140.31388974774222
 10
365.30341279558723
 20
140.3435655782289
 10
365.5019328715382
 20
140.37067753061524
 10
365.70078682037735
 20
140.3952210745501
 10
365.89994141402065
 20
140.41719210885802
 10
366.09936337414706
 20
140.4365869622245
 10
366.29901937775924
 20
140.45340239380965
 10
366.49887606275155
 20
140.46763559378965
 10
366.69890003348496
 20
140.47928418382614
 10
366.89905786636723
 20
140.4883462174638
 10
367.09931611543817
 20
140.49482018045555
 10
367.2996413179582
 20
140.49870499101556
 10
367.5
 20
140.5
 10
367.7003586820418
 20
140.49870499101556
 10
367.9006838845618
 20
140.49482018045555
 10
368.10094213363277
 20
140.4883462174638
 10
368.30109996651504
 20
140.47928418382614
 10
368.5011239372484
 20
140.46763559378965
 10
368.7009806222407
 20
140.45340239380965
 10
368.90063662585294
 20
140.4365869622245
 10
369.10005858597935
 20
140.41719210885802
 10
369.29921317962265
 20
140.39522107455014
 10
369.49806712846174
 20
140.37067753061527
 10
369.6965872044127
 20
140.3435655782289
 10
369.8947402351812
 20
140.31388974774222
 10
370.09249310980505
 20
140.28165499792524
 10
370.2898127841878
 20
140.246866715138
 10
370.4866662866195
 20
140.20953071243065
 10
370.6830207232867
 20
140.1696532285721
 10
370.8788432837688
 20
140.1272409270075
 10
371.0741012465207
 20
140.0823008947448
 10
371.2687619843402
 20
140.0348406411705
 10
371.4627929698204
 20
139.9848680967949
 10
371.65616178078454
 20
139.93239161192693
 10
371.8488361057039
 20
139.87741995527875
 10
372.040783749097
 20
139.81996231250056
 10
372.23197263690923
 20
139.76002828464573
 10
372.4223708218726
 20
139.69762788656652
 10
372.6119464888438
 20
139.63277154524042
 10
372.8006679601207
 20
139.56547009802807
 10
372.98850370073535
 20
139.49573479086226
 10
373.1754223237238
 20
139.42357727636863
 10
373.3613925953703
 20
139.3490096119188
 10
373.54638344042684
 20
139.2720442576154
 10
373.7303639473055
 20
139.19269407421
 10
373.9133033732437
 20
139.11097232095437
 10
374.0951711494415
 20
139.02689265338458
 10
374.27593688616935
 20
138.94046912103929
 10
374.4555703778461
 20
138.85171616511218
 10
374.63404160808653
 20
138.76064861603876
 10
374.811320754717
 20
138.66728169101833
  0
LWPOLYLINE
  5
1E3
330
17
100
AcDbEntity
  8
20_ВИДИМЫЕ
100
AcDbPolyline
 90
13
 70
0
 10
374.811320754717
 20
138.66728169101833
 10
374.985275067378
 20
138.56390526657646
 10
375.1492381610099
 20
138.4453182017236
 10
375.30188386039515
 20
138.31247965881175
 10
375.44197752828035
 20
138.16646406977338
 10
375.56838605143633
 20
138.0084524458425
 10
375.68008700556646
 20
137.83972282523553
 10
375.77617692493425
 20
137.66163993605286
 10
375.8558786098243
 20
137.47564415801085
 10
375.918547412731
 20
137.28323987228418
 10
375.9636764524321
 20
137.08598329368814
 10
375.9909007137725
 20
136.88546988361733
 10
376.0
 20
136.68332144554793
  0
LWPOLYLINE
  5
1E4
330
17
100
AcDbEntity
  8
20_ВИДИМЫЕ
100
AcDbPolyline
 90
2
 70
0
 10
376.0
 20
136.68332144554793
 10
376.0
 20
113.31667855445207
  0
LWPOLYLINE
  5
1E5
330
17
100
AcDbEntity
  8
20_ВИДИМЫЕ
100
AcDbPolyline
 90
13
 70
0
 10
376.0
 20
113.31667855445208
 10
375.9909007137725
 20
113.11453011638267
 10
375.9636764524321
 20
112.91401670631186
 10
375.91854741273096
 20
112.71676012771583
 10
375.85587860982423
 20
112.52435584198915
 10
375.77617692493425
 20
112.33836006394715
 10
375.68008700556646
 20
112.16027717476449
 10
375.56838605143633
 20
111.9915475541575
 10
375.44197752828035
 20
111.83353593022665
 10
375.30188386039515
 20
111.68752034118825
 10
375.1492381610099
 20
111.5546817982764
 10
374.985275067378
 20
111.43609473342356
 10
374.811320754717
 20
111.33271830898168
  0
LWPOLYLINE
  5
1E6
330
17
100
AcDbEntity
  8
20_ВИДИМЫЕ
100
AcDbPolyline
 90
17
 70
0
 10
377.56600873088115
 20
113.21333515239257
 10
377.4062700920175
 20
113.07876630276886
 10
377.2447326473532
 20
112.94636214117875
 10
377.08142572926954
 20
112.81614670990777
 10
376.9163789914535
 20
112.68814365380618
 10
376.74962240351283
 20
112.56237621599556
 10
376.58118624553435
 20
112.43886723364815
 10
376.4111011025853
 20
112.31763913384013
 10
376.23939785915996
 20
112.1987139294792
 10
376.06610769357144
 20
112.0821132153074
 10
375.8912620722902
 20
111.96785816397997
 10
375.71489274423027
 20
111.85596952222065
 10
375.5370317349843
 20
111.7464676070545
 10
375.3577113410081
 20
111.63937230211872
 10
375.1769641237565
 20
111.53470305405202
 10
374.9948229037702
 20
111.43247886896354
 10
374.811320754717
 20
111.33271830898168
  0
LWPOLYLINE
  5
1E7
330
17
100
AcDbEntity
  8
20_ВИДИМЫЕ
100
AcDbPolyline
 90
2
 70
0
 10
345.625
 20
105.0
 10
345.625
 20
145.0
  0
LWPOLYLINE
  5
1E8
330
17
100
AcDbEntity
  8
20_ВИДИМЫЕ
100
AcDbPolyline
 90
7
 70
0
 10
385.6392705146822
 20
110.0
 10
385.6304154442382
 20
110.0
 10
385.6054719535455
 20
110.0
 10
385.5660472099788
 20
110.0
 10
385.51409950569456
 20
110.0
 10
385.4538805921712
 20
110.0
 10
385.3892705146822
 20
110.0
  0
LWPOLYLINE
  5
1E9
330
17
100
AcDbEntity
  8
20_ВИДИМЫЕ
100
AcDbPolyline
 90
7
 70
0
 10
385.445
 20
116.5
 10
385.4434482065359
 20
116.38020149669552
 10
385.4387946261328
 20
116.2604980127906
 10
385.4310415939301
 20
116.14094510373448
 10
385.4201976429936
 20
116.0216626247327
 10
385.4062722321536
 20
115.90272953085021
 10
385.3892705146822
 20
115.78418440666896
  0
LWPOLYLINE
  5
1EA
330
17
100
AcDbEntity
  8
20_ВИДИМЫЕ
100
AcDbPolyline
 90
7
 70
0
 10
385.3892705146822
 20
139.21581559333106
 10
385.40627222870336
 20
139.0972704956409
 10
385.42019763962804
 20
138.97833740765685
 10
385.43104160336986
 20
138.85905477503235
 10
385.4387946311393
 20
138.73950189066414
 10
385.4434482061695
 20
138.61979851748822
 10
385.445
 20
138.5
  0
LWPOLYLINE
  5
1EB
330
17
100
AcDbEntity
  8
20_ВИДИМЫЕ
100
AcDbPolyline
 90
2
 70
0
 10
385.6392705146822
 20
145.0
 10
385.6392705146822
 20
110.0
  0
LWPOLYLINE
  5
1EC
330
17
100
AcDbEntity
  8
20_ВИДИМЫЕ
100
AcDbPolyline
 90
2
 70
0
 10
389.375
 20
145.0
 10
389.375
 20
105.0
  0
LWPOLYLINE
  5
1ED
330
17
100
AcDbEntity
  8
20_ВИДИМЫЕ
100
AcDbPolyline
 90
2
 70
0
 10
361.02089481714785
 20
112.58947237102555
 10
363.97491778375104
 20
116.32469502411223
  0
LWPOLYLINE
  5
1EE
330
17
100
AcDbEntity
  8
20_ВИДИМЫЕ
100
AcDbPolyline
 90
10
 70
0
 10
361.02089481714785
 20
112.58947237102556
 10
361.2032630525902
 20
112.49595650139028
 10
361.3869806977525
 20
112.40512028599125
 10
361.5720083813893
 20
112.31698319130338
 10
361.75830645150984
 20
112.23156410537194
 10
361.94583498387584
 20
112.14888133376466
 10
362.1345537905572
 20
112.0689525956489
 10
362.3244224285444
 20
111.99179501999429
 10
362.51540020841566
 20
111.91742514190204
 10
362.7074462030567
 20
111.84585889906133
  0
LWPOLYLINE
  5
1EF
330
17
100
AcDbEntity
  8
20_ВИДИМЫЕ
100
AcDbPolyline
 90
2
 70
0
 10
362.7074462030567
 20
111.84585889906133
 10
364.78349364905387
 20
115.44167855445208
  0
LWPOLYLINE
  5
1F0
330
17
100
AcDbEntity
  8
20_ВИДИМЫЕ
100
AcDbPolyline
 90
7
 70
0
 10
364.78349364905387
 20
115.44167855445207
 10
364.858479369553
 20
115.54876926171698
 10
364.9509219946273
 20
115.64121188679131
 10
365.0580127018922
 20
115.71619760729041
 10
365.176497594398
 20
115.7714480200415
 10
365.302776568642
 20
115.80528436921124
 10
365.4330127018922
 20
115.81667855445207
  0
LWPOLYLINE
  5
1F1
330
17
100
AcDbEntity
  8
20_ВИДИМЫЕ
100
AcDbPolyline
 90
2
 70
0
 10
365.4330127018922
 20
115.81667855445207
 10
369.5669872981078
 20
115.81667855445207
  0
LWPOLYLINE
  5
1F2
330
17
100
AcDbEntity
  8
20_ВИДИМЫЕ
100
AcDbPolyline
 90
7
 70
0
 10
369.5669872981078
 20
115.81667855445207
 10
369.697223431358
 20
115.80528436921124
 10
369.823502405602
 20
115.7714480200415
 10
369.9419872981078
 20
115.71619760729041
 10
370.0490780053727
 20
115.64121188679131
 10
370.141520630447
 20
115.54876926171698
 10
370.21650635094613
 20
115.44167855445208
  0
LWPOLYLINE
  5
1F3
330
17
100
AcDbEntity
  8
20_ВИДИМЫЕ
100
AcDbPolyline
 90
2
 70
0
 10
370.2165063509461
 20
115.44167855445207
 10
372.2925537969433
 20
111.84585889906133
  0
LWPOLYLINE
  5
1F4
330
17
100
AcDbEntity
  8
20_ВИДИМЫЕ
100
AcDbPolyline
 90
10
 70
0
 10
372.2925537969433
 20
111.84585889906131
 10
372.4992375591591
 20
111.92301166831241
 10
372.7046799105163
 20
112.00341171579754
 10
372.90882983556247
 20
112.08703907657389
 10
373.1116366397806
 20
112.17387298429209
 10
373.3130499621774
 20
112.26389187635291
 10
373.5130197877891
 20
112.35707339926168
 10
373.71149646010116
 20
112.45339441417914
 10
373.90843069337876
 20
112.55283100266726
 10
374.1037735849057
 20
112.65535847262862
  0
LWPOLYLINE
  5
1F5
330
17
100
AcDbEntity
  8
20_ВИДИМЫЕ
100
AcDbPolyline
 90
7
 70
0
 10
374.10377358490564
 20
112.6553584726286
 10
374.2164127203366
 20
112.72934630239351
 10
374.3139925094268
 20
112.82229767971026
 10
374.39336233518884
 20
112.93121142788954
 10
374.4519595366081
 20
113.0525709836311
 10
374.4878921508107
 20
113.18245793840534
 10
374.5
 20
113.31667855445207
  0
LWPOLYLINE
  5
1F6
330
17
100
AcDbEntity
  8
20_ВИДИМЫЕ
100
AcDbPolyline
 90
2
 70
0
 10
374.5
 20
113.31667855445207
 10
374.5
 20
136.68332144554793
  0
LWPOLYLINE
  5
1F7
330
17
100
AcDbEntity
  8
20_ВИДИМЫЕ
100
AcDbPolyline
 90
7
 70
0
 10
374.5
 20
136.68332144554793
 10
374.4878921508107
 20
136.81754206159468
 10
374.4519595366081
 20
136.94742901636891
 10
374.39336233518884
 20
137.06878857211046
 10
374.3139925094268
 20
137.17770232028974
 10
374.2164127203366
 20
137.2706536976065
 10
374.10377358490564
 20
137.3446415273714
  0
LWPOLYLINE
  5
1F8
330
17
100
AcDbEntity
  8
20_ВИДИМЫЕ
100
AcDbPolyline
 90
10
 70
0
 10
374.10377358490564
 20
137.3446415273714
 10
373.9084306933787
 20
137.44716899733277
 10
373.71149646010116
 20
137.54660558582086
 10
373.5130197877891
 20
137.64292660073832
 10
373.3130499621774
 20
137.7361081236471
 10
373.1116366397806
 20
137.82612701570793
 10
372.90882983556247
 20
137.9129609234261
 10
372.7046799105163
 20
137.99658828420246
 10
372.4992375591591
 20
138.0769883316876
 10
372.2925537969433
 20
138.1541411009387
  0
LWPOLYLINE
  5
1F9
330
17
100
AcDbEntity
  8
20_ВИДИМЫЕ
100
AcDbPolyline
 90
2
 70
0
 10
370.2165063509461
 20
134.55832144554793
 10
372.2925537969433
 20
138.1541411009387
  0
LWPOLYLINE
  5
1FA
330
17
100
AcDbEntity
  8
20_ВИДИМЫЕ
100
AcDbPolyline
 90
7
 70
0
 10
370.21650635094613
 20
134.55832144554793
 10
370.141520630447
 20
134.45123073828302
 10
370.0490780053727
 20
134.3587881132087
 10
369.9419872981078
 20
134.2838023927096
 10
369.823502405602
 20
134.2285519799585
 10
369.697223431358
 20
134.19471563078878
 10
369.5669872981078
 20
134.18332144554793
  0
LWPOLYLINE
  5
1FB
330
17
100
AcDbEntity
  8
20_ВИДИМЫЕ
100
AcDbPolyline
 90
2
 70
0
 10
365.4330127018922
 20
134.18332144554793
 10
369.5669872981078
 20
134.18332144554793
  0
LWPOLYLINE
  5
1FC
330
17
100
AcDbEntity
  8
20_ВИДИМЫЕ
100
AcDbPolyline
 90
7
 70
0
 10
365.4330127018922
 20
134.18332144554793
 10
365.302776568642
 20
134.19471563078878
 10
365.176497594398
 20
134.2285519799585
 10
365.0580127018922
 20
134.2838023927096
 10
364.9509219946273
 20
134.35878811320867
 10
364.858479369553
 20
134.45123073828302
 10
364.78349364905387
 20
134.55832144554793
  0
LWPOLYLINE
  5
1FD
330
17
100
AcDbEntity
  8
20_ВИДИМЫЕ
100
AcDbPolyline
 90
2
 70
0
 10
362.7074462030567
 20
138.1541411009387
 10
364.78349364905387
 20
134.55832144554793
  0
LWPOLYLINE
  5
1FE
330
17
100
AcDbEntity
  8
20_ВИДИМЫЕ
100
AcDbPolyline
 90
10
 70
0
 10
362.7074462030567
 20
138.1541411009387
 10
362.5007624408409
 20
138.07698833168757
 10
362.2953200894837
 20
137.99658828420246
 10
362.09117016443753
 20
137.9129609234261
 10
361.8883633602194
 20
137.8261270157079
 10
361.6869500378226
 20
137.73610812364709
 10
361.4869802122109
 20
137.64292660073832
 10
361.28850353989884
 20
137.54660558582086
 10
361.0915693066213
 20
137.44716899733274
 10
360.89622641509436
 20
137.34464152737138
  0
LWPOLYLINE
  5
1FF
330
17
100
AcDbEntity
  8
20_ВИДИМЫЕ
100
AcDbPolyline
 90
7
 70
0
 10
360.89622641509436
 20
137.3446415273714
 10
360.7835872796634
 20
137.2706536976065
 10
360.6860074905732
 20
137.17770232028974
 10
360.60663766481116
 20
137.06878857211046
 10
360.5480404633919
 20
136.94742901636891
 10
360.5121078491893
 20
136.81754206159468
 10
360.5
 20
136.68332144554793
  0
LWPOLYLINE
  5
200
330
17
100
AcDbEntity
  8
20_ВИДИМЫЕ
100
AcDbPolyline
 90
2
 70
0
 10
360.5
 20
136.68332144554793
 10
360.5
 20
119.07285434248003
  0
LWPOLYLINE
  5
201
330
17
100
AcDbEntity
  8
20_ВИДИМЫЕ
100
AcDbPolyline
 90
2
 70
0
 10
363.97491778375104
 20
116.32469502411223
 10
360.5
 20
119.07285434248001
  0
LWPOLYLINE
  5
202
330
17
100
AcDbEntity
  8
20_ВИДИМЫЕ
100
AcDbPolyline
 90
2
 70
0
 10
384.52000789150844
 20
110.0
 10
382.37556202302085
 20
112.14444586848754
  0
LWPOLYLINE
  5
203
330
17
100
AcDbEntity
  8
20_ВИДИМЫЕ
100
AcDbPolyline
 90
2
 70
0
 10
352.62443797697915
 20
112.14444586848755
 10
350.47999210849156
 20
110.0
  0
LWPOLYLINE
  5
204
330
17
100
AcDbEntity
  8
20_ВИДИМЫЕ
100
AcDbPolyline
 90
2
 70
0
 10
385.3892705146822
 20
110.0
 10
384.52000789150844
 20
110.0
  0
LWPOLYLINE
  5
205
330
17
100
AcDbEntity
  8
20_ВИДИМЫЕ
100
AcDbPolyline
 90
2
 70
0
 10
350.47999210849156
 20
110.0
 10
349.6107294853178
 20
110.0
  0
LWPOLYLINE
  5
206
330
17
100
AcDbEntity
  8
20_ВИДИМЫЕ
100
AcDbPolyline
 90
73
 70
0
 10
349.555
 20
138.5
 10
349.5594019751839
 20
138.7017396665647
 10
349.5725995213257
 20
138.90309531020793
 10
349.5945675161461
 20
139.10368363901773
 10
349.62526414231854
 20
139.30312282170956
 10
349.6646309670703
 20
139.50103321446372
 10
349.71259305341306
 20
139.69703808359915
 10
349.76905910278947
 20
139.89076432270727
 10
349.8339216288652
 20
140.08184316288123
 10
349.9070571621353
 20
140.26991087468855
 10
349.9883264849555
 20
140.45460946055073
 10
350.07757489655074
 20
140.63558733621204
 10
350.174632507497
 20
140.8125
 10
350.2793145631154
 20
140.98501068860406
 10
350.3914217951634
 20
141.1527910181236
 10
350.510740801153
 20
141.31552160916533
 10
350.6370444505747
 20
141.47289269480024
 10
350.77009231725316
 20
141.62460471022243
 10
350.90963113701224
 20
141.77036886298777
 10
351.05539528977755
 20
141.90990768274682
 10
351.20710730519977
 20
142.04295554942527
 10
351.3644783908347
 20
142.16925919884696
 10
351.5272089818764
 20
142.2885782048366
 10
351.69498931139594
 20
142.4006854368846
 10
351.8675
 20
142.505367492503
 10
352.04441266378797
 20
142.60242510344926
 10
352.2253905394493
 20
142.6916735150445
 10
352.41008912531146
 20
142.7729428378647
 10
352.5981568371188
 20
142.84607837113484
 10
352.7892356772927
 20
142.91094089721054
 10
352.9829619164008
 20
142.96740694658695
 10
353.17896678553626
 20
143.0153690329297
 10
353.37687717829044
 20
143.05473585768146
 10
353.5763163609823
 20
143.08543248385388
 10
353.7769046897921
 20
143.10740047867432
 10
353.97826033343534
 20
143.1205980248161
 10
354.18
 20
143.125
 10
354.38173966656467
 20
143.1205980248161
 10
354.5830953102079
 20
143.10740047867432
 10
354.78368363901774
 20
143.08543248385388
 10
354.98312282170957
 20
143.05473585768146
 10
355.1810332144637
 20
143.0153690329297
 10
355.37703808359913
 20
142.96740694658695
 10
355.57076432270725
 20
142.91094089721054
 10
355.76184316288123
 20
142.84607837113484
 10
355.94991087468856
 20
142.7729428378647
 10
356.13460946055073
 20
142.6916735150445
 10
356.31558733621205
 20
142.60242510344926
 10
356.4925
 20
142.50536749250304
 10
356.66501068860407
 20
142.4006854368846
 10
356.8327910181236
 20
142.2885782048366
 10
356.99552160916534
 20
142.16925919884696
 10
357.15289269480024
 20
142.04295554942527
 10
357.3046047102224
 20
141.90990768274682
 10
357.4503688629878
 20
141.7703688629878
 10
357.5899076827468
 20
141.62460471022243
 10
357.72295554942525
 20
141.47289269480024
 10
357.84925919884694
 20
141.31552160916533
 10
357.9685782048366
 20
141.1527910181236
 10
358.0806854368846
 20
140.98501068860406
 10
358.185367492503
 20
140.8125
 10
358.28242510344927
 20
140.63558733621204
 10
358.3716735150445
 20
140.45460946055073
 10
358.4529428378647
 20
140.26991087468855
 10
358.5260783711348
 20
140.08184316288123
 10
358.59094089721054
 20
139.89076432270727
 10
358.64740694658695
 20
139.69703808359915
 10
358.6953690329297
 20
139.50103321446372
 10
358.73473585768147
 20
139.30312282170956
 10
358.7654324838539
 20
139.10368363901773
 10
358.78740047867433
 20
138.90309531020793
 10
358.8005980248161
 20
138.7017396665647
 10
358.805
 20
138.5
  0
LWPOLYLINE
  5
207
330
17
100
AcDbEntity
  8
20_ВИДИМЫЕ
100
AcDbPolyline
 90
2
 70
0
 10
349.555
 20
116.5
 10
349.555
 20
138.5
  0
LWPOLYLINE
  5
208
330
17
100
AcDbEntity
  8
20_ВИДИМЫЕ
100
AcDbPolyline
 90
73
 70
0
 10
358.805
 20
116.5
 10
358.8005980248161
 20
116.29826033343532
 10
358.78740047867433
 20
116.09690468979208
 10
358.7654324838539
 20
115.89631636098227
 10
358.73473585768147
 20
115.69687717829045
 10
358.6953690329297
 20
115.49896678553628
 10
358.64740694658695
 20
115.30296191640085
 10
358.59094089721054
 20
115.10923567729273
 10
358.5260783711348
 20
114.91815683711879
 10
358.4529428378647
 20
114.73008912531147
 10
358.3716735150445
 20
114.54539053944927
 10
358.28242510344927
 20
114.36441266378797
 10
358.185367492503
 20
114.1875
 10
358.0806854368846
 20
114.01498931139594
 10
357.9685782048366
 20
113.8472089818764
 10
357.84925919884694
 20
113.68447839083467
 10
357.72295554942525
 20
113.52710730519976
 10
357.5899076827468
 20
113.37539528977757
 10
357.4503688629878
 20
113.22963113701222
 10
357.3046047102224
 20
113.09009231725318
 10
357.15289269480024
 20
112.95704445057473
 10
356.99552160916534
 20
112.83074080115304
 10
356.8327910181236
 20
112.71142179516342
 10
356.66501068860407
 20
112.5993145631154
 10
356.4925
 20
112.49463250749697
 10
356.31558733621205
 20
112.39757489655072
 10
356.13460946055073
 20
112.3083264849555
 10
355.94991087468856
 20
112.2270571621353
 10
355.76184316288123
 20
112.15392162886518
 10
355.57076432270725
 20
112.08905910278945
 10
355.37703808359913
 20
112.03259305341305
 10
355.1810332144637
 20
111.9846309670703
 10
354.98312282170957
 20
111.94526414231854
 10
354.78368363901774
 20
111.91456751614612
 10
354.5830953102079
 20
111.89259952132568
 10
354.38173966656467
 20
111.87940197518391
 10
354.18
 20
111.875
 10
353.97826033343534
 20
111.87940197518391
 10
353.7769046897921
 20
111.89259952132568
 10
353.5763163609823
 20
111.91456751614612
 10
353.37687717829044
 20
111.94526414231854
 10
353.17896678553626
 20
111.9846309670703
 10
352.9829619164008
 20
112.03259305341305
 10
352.7892356772927
 20
112.08905910278945
 10
352.5981568371188
 20
112.15392162886518
 10
352.41008912531146
 20
112.2270571621353
 10
352.2253905394493
 20
112.3083264849555
 10
352.04441266378797
 20
112.39757489655072
 10
351.8675
 20
112.49463250749697
 10
351.69498931139594
 20
112.5993145631154
 10
351.5272089818764
 20
112.71142179516342
 10
351.3644783908347
 20
112.83074080115304
 10
351.20710730519977
 20
112.95704445057473
 10
351.05539528977755
 20
113.09009231725318
 10
350.90963113701224
 20
113.22963113701222
 10
350.77009231725316
 20
113.37539528977757
 10
350.6370444505747
 20
113.52710730519975
 10
350.510740801153
 20
113.68447839083467
 10
350.3914217951634
 20
113.8472089818764
 10
350.2793145631154
 20
114.01498931139594
 10
350.174632507497
 20
114.1875
 10
350.07757489655074
 20
114.36441266378796
 10
349.9883264849555
 20
114.54539053944927
 10
349.9070571621353
 20
114.73008912531145
 10
349.8339216288652
 20
114.91815683711879
 10
349.76905910278947
 20
115.10923567729273
 10
349.71259305341306
 20
115.30296191640085
 10
349.6646309670703
 20
115.49896678553627
 10
349.62526414231854
 20
115.69687717829045
 10
349.5945675161461
 20
115.89631636098227
 10
349.5725995213257
 20
116.09690468979208
 10
349.5594019751839
 20
116.29826033343532
 10
349.555
 20
116.5
  0
LWPOLYLINE
  5
209
330
17
100
AcDbEntity
  8
20_ВИДИМЫЕ
100
AcDbPolyline
 90
2
 70
0
 10
358.805
 20
138.5
 10
358.805
 20
116.5
  0
LWPOLYLINE
  5
20A
330
17
100
AcDbEntity
  8
20_ВИДИМЫЕ
100
AcDbPolyline
 90
77
 70
0
 10
374.811320754717
 20
111.33271830898168
 10
374.6340416080866
 20
111.23935138396124
 10
374.45557037784613
 20
111.14828383488783
 10
374.27593688616935
 20
111.05953087896071
 10
374.0951711494415
 20
110.97310734661544
 10
373.9133033732437
 20
110.88902767904563
 10
373.7303639473055
 20
110.80730592578999
 10
373.5463834404269
 20
110.72795574238464
 10
373.3613925953703
 20
110.65099038808121
 10
373.1754223237238
 20
110.57642272363137
 10
372.98850370073535
 20
110.50426520913776
 10
372.8006679601207
 20
110.43452990197193
 10
372.61194648884384
 20
110.36722845475958
 10
372.4223708218726
 20
110.3023721134335
 10
372.23197263690923
 20
110.23997171535427
 10
372.04078374909705
 20
110.18003768749945
 10
371.8488361057039
 20
110.12258004472126
 10
371.65616178078454
 20
110.06760838807307
 10
371.46279296982044
 20
110.01513190320509
 10
371.26876198434024
 20
109.96515935882951
 10
371.0741012465207
 20
109.91769910525522
 10
370.8788432837688
 20
109.87275907299251
 10
370.6830207232867
 20
109.83034677142791
 10
370.4866662866195
 20
109.79046928756937
 10
370.2898127841878
 20
109.75313328486202
 10
370.0924931098051
 20
109.71834500207477
 10
369.8947402351812
 20
109.68611025225778
 10
369.69658720441277
 20
109.65643442177112
 10
369.4980671284618
 20
109.62932246938475
 10
369.29921317962265
 20
109.60477892544988
 10
369.10005858597935
 20
109.582807891142
 10
368.90063662585294
 20
109.5634130377755
 10
368.70098062224076
 20
109.54659760619033
 10
368.50112393724845
 20
109.53236440621036
 10
368.30109996651504
 20
109.52071581617388
 10
368.10094213363277
 20
109.51165378253621
 10
367.90068388456183
 20
109.50517981954445
 10
367.7003586820418
 20
109.50129500898444
 10
367.5
 20
109.5
 10
367.2996413179582
 20
109.50129500898444
 10
367.0993161154382
 20
109.50517981954445
 10
366.89905786636723
 20
109.5116537825362
 10
366.69890003348496
 20
109.52071581617388
 10
366.4988760627516
 20
109.53236440621036
 10
366.2990193777593
 20
109.54659760619033
 10
366.09936337414706
 20
109.5634130377755
 10
365.89994141402065
 20
109.58280789114198
 10
365.70078682037735
 20
109.60477892544988
 10
365.50193287153826
 20
109.62932246938475
 10
365.3034127955873
 20
109.65643442177111
 10
365.10525976481887
 20
109.68611025225778
 10
364.90750689019495
 20
109.71834500207477
 10
364.7101872158122
 20
109.75313328486202
 10
364.5133337133805
 20
109.79046928756937
 10
364.31697927671337
 20
109.83034677142791
 10
364.1211567162312
 20
109.87275907299251
 10
363.9258987534793
 20
109.91769910525521
 10
363.7312380156598
 20
109.96515935882951
 10
363.5372070301796
 20
110.01513190320509
 10
363.34383821921546
 20
110.06760838807307
 10
363.1511638942961
 20
110.12258004472126
 10
362.959216250903
 20
110.18003768749945
 10
362.76802736309077
 20
110.23997171535426
 10
362.57762917812744
 20
110.30237211343349
 10
362.3880535111562
 20
110.36722845475958
 10
362.1993320398793
 20
110.43452990197191
 10
362.01149629926465
 20
110.50426520913774
 10
361.8245776762762
 20
110.57642272363137
 10
361.6386074046297
 20
110.6509903880812
 10
361.45361655957316
 20
110.72795574238462
 10
361.2696360526945
 20
110.80730592578999
 10
361.0866966267563
 20
110.88902767904561
 10
360.9048288505585
 20
110.97310734661542
 10
360.72406311383065
 20
111.05953087896071
 10
360.5444296221539
 20
111.14828383488782
 10
360.36595839191347
 20
111.23935138396122
 10
360.188679245283
 20
111.33271830898167
  0
LWPOLYLINE
  5
20B
330
17
100
AcDbEntity
  8
20_ВИДИМЫЕ
100
AcDbPolyline
 90
73
 70
0
 10
385.445
 20
116.5
 10
385.4405980248161
 20
116.29826033343532
 10
385.4274004786743
 20
116.09690468979208
 10
385.4054324838539
 20
115.89631636098227
 10
385.37473585768146
 20
115.69687717829045
 10
385.3353690329297
 20
115.49896678553628
 10
385.28740694658694
 20
115.30296191640085
 10
385.23094089721053
 20
115.10923567729273
 10
385.16607837113486
 20
114.91815683711879
 10
385.0929428378647
 20
114.73008912531147
 10
385.0116735150445
 20
114.54539053944927
 10
384.92242510344926
 20
114.36441266378797
 10
384.825367492503
 20
114.1875
 10
384.7206854368846
 20
114.01498931139594
 10
384.6085782048366
 20
113.8472089818764
 10
384.489259198847
 20
113.68447839083467
 10
384.3629555494253
 20
113.52710730519976
 10
384.22990768274684
 20
113.37539528977757
 10
384.0903688629878
 20
113.22963113701222
 10
383.94460471022245
 20
113.09009231725318
 10
383.79289269480023
 20
112.95704445057473
 10
383.6355216091653
 20
112.83074080115304
 10
383.4727910181236
 20
112.71142179516342
 10
383.30501068860406
 20
112.5993145631154
 10
383.1325
 20
112.49463250749697
 10
382.95558733621203
 20
112.39757489655072
 10
382.7746094605507
 20
112.3083264849555
 10
382.58991087468854
 20
112.2270571621353
 10
382.4018431628812
 20
112.15392162886518
 10
382.2107643227073
 20
112.08905910278945
 10
382.0170380835992
 20
112.03259305341305
 10
381.82103321446374
 20
111.9846309670703
 10
381.62312282170956
 20
111.94526414231854
 10
381.4236836390177
 20
111.91456751614612
 10
381.2230953102079
 20
111.89259952132568
 10
381.02173966656466
 20
111.87940197518391
 10
380.82
 20
111.875
 10
380.61826033343533
 20
111.87940197518391
 10
380.4169046897921
 20
111.89259952132568
 10
380.21631636098226
 20
111.91456751614612
 10
380.01687717829043
 20
111.94526414231854
 10
379.8189667855363
 20
111.9846309670703
 10
379.62296191640087
 20
112.03259305341305
 10
379.42923567729275
 20
112.08905910278945
 10
379.23815683711877
 20
112.15392162886518
 10
379.05008912531144
 20
112.2270571621353
 10
378.86539053944927
 20
112.3083264849555
 10
378.68441266378795
 20
112.39757489655072
 10
378.5075
 20
112.49463250749697
 10
378.33498931139593
 20
112.5993145631154
 10
378.1672089818764
 20
112.71142179516342
 10
378.00447839083466
 20
112.83074080115304
 10
377.84710730519976
 20
112.95704445057473
 10
377.6953952897776
 20
113.09009231725318
 10
377.5496311370122
 20
113.22963113701222
 10
377.4100923172532
 20
113.37539528977757
 10
377.27704445057475
 20
113.52710730519975
 10
377.150740801153
 20
113.68447839083467
 10
377.0314217951634
 20
113.8472089818764
 10
376.9193145631154
 20
114.01498931139594
 10
376.814632507497
 20
114.1875
 10
376.71757489655073
 20
114.36441266378796
 10
376.6283264849555
 20
114.54539053944927
 10
376.5470571621353
 20
114.73008912531145
 10
376.4739216288652
 20
114.91815683711879
 10
376.40905910278946
 20
115.10923567729273
 10
376.35259305341305
 20
115.30296191640085
 10
376.3046309670703
 20
115.49896678553627
 10
376.26526414231853
 20
115.69687717829045
 10
376.2345675161461
 20
115.89631636098227
 10
376.21259952132567
 20
116.09690468979208
 10
376.1994019751839
 20
116.29826033343532
 10
376.195
 20
116.5
  0
LWPOLYLINE
  5
20C
330
17
100
AcDbEntity
  8
20_ВИДИМЫЕ
100
AcDbPolyline
 90
2
 70
0
 10
376.195
 20
116.5
 10
376.195
 20
138.5
  0
LWPOLYLINE
  5
20D
330
17
100
AcDbEntity
  8
20_ВИДИМЫЕ
100
AcDbPolyline
 90
73
 70
0
 10
376.195
 20
138.5
 10
376.1994019751839
 20
138.7017396665647
 10
376.21259952132567
 20
138.90309531020793
 10
376.2345675161461
 20
139.10368363901773
 10
376.26526414231853
 20
139.30312282170956
 10
376.3046309670703
 20
139.50103321446372
 10
376.35259305341305
 20
139.69703808359915
 10
376.40905910278946
 20
139.89076432270727
 10
376.4739216288652
 20
140.08184316288123
 10
376.5470571621353
 20
140.26991087468855
 10
376.6283264849555
 20
140.45460946055073
 10
376.71757489655073
 20
140.63558733621204
 10
376.814632507497
 20
140.8125
 10
376.9193145631154
 20
140.98501068860406
 10
377.0314217951634
 20
141.1527910181236
 10
377.150740801153
 20
141.31552160916533
 10
377.27704445057475
 20
141.47289269480024
 10
377.4100923172532
 20
141.62460471022243
 10
377.5496311370122
 20
141.77036886298777
 10
377.6953952897776
 20
141.90990768274682
 10
377.84710730519976
 20
142.04295554942527
 10
378.00447839083466
 20
142.16925919884696
 10
378.1672089818764
 20
142.2885782048366
 10
378.33498931139593
 20
142.4006854368846
 10
378.5075
 20
142.505367492503
 10
378.68441266378795
 20
142.60242510344926
 10
378.86539053944927
 20
142.6916735150445
 10
379.05008912531144
 20
142.7729428378647
 10
379.23815683711877
 20
142.84607837113484
 10
379.42923567729275
 20
142.91094089721054
 10
379.62296191640087
 20
142.96740694658695
 10
379.8189667855363
 20
143.0153690329297
 10
380.01687717829043
 20
143.05473585768146
 10
380.21631636098226
 20
143.08543248385388
 10
380.4169046897921
 20
143.10740047867432
 10
380.61826033343533
 20
143.1205980248161
 10
380.82
 20
143.125
 10
381.02173966656466
 20
143.1205980248161
 10
381.2230953102079
 20
143.10740047867432
 10
381.4236836390177
 20
143.08543248385388
 10
381.62312282170956
 20
143.05473585768146
 10
381.82103321446374
 20
143.0153690329297
 10
382.0170380835992
 20
142.96740694658695
 10
382.2107643227073
 20
142.91094089721054
 10
382.4018431628812
 20
142.84607837113484
 10
382.58991087468854
 20
142.7729428378647
 10
382.7746094605507
 20
142.6916735150445
 10
382.95558733621203
 20
142.60242510344926
 10
383.1325
 20
142.50536749250304
 10
383.30501068860406
 20
142.4006854368846
 10
383.4727910181236
 20
142.2885782048366
 10
383.6355216091653
 20
142.16925919884696
 10
383.79289269480023
 20
142.04295554942527
 10
383.94460471022245
 20
141.90990768274682
 10
384.09036886298776
 20
141.7703688629878
 10
384.22990768274684
 20
141.62460471022243
 10
384.3629555494253
 20
141.47289269480024
 10
384.489259198847
 20
141.31552160916533
 10
384.6085782048366
 20
141.1527910181236
 10
384.7206854368846
 20
140.98501068860406
 10
384.825367492503
 20
140.8125
 10
384.92242510344926
 20
140.63558733621204
 10
385.0116735150445
 20
140.45460946055073
 10
385.0929428378647
 20
140.26991087468855
 10
385.16607837113486
 20
140.08184316288123
 10
385.23094089721053
 20
139.89076432270727
 10
385.28740694658694
 20
139.69703808359915
 10
385.3353690329297
 20
139.50103321446372
 10
385.37473585768146
 20
139.30312282170956
 10
385.4054324838539
 20
139.10368363901773
 10
385.4274004786743
 20
138.90309531020793
 10
385.4405980248161
 20
138.7017396665647
 10
385.445
 20
138.5
  0
LWPOLYLINE
  5
20E
330
17
100
AcDbEntity
  8
20_ВИДИМЫЕ
100
AcDbPolyline
 90
2
 70
0
 10
385.445
 20
138.5
 10
385.445
 20
116.5
  0
LWPOLYLINE
  5
20F
330
17
100
AcDbEntity
  8
20_ВИДИМЫЕ
100
AcDbPolyline
 90
7
 70
0
 10
360.7053728291209
 20
112.19050970534926
 10
360.75794664088585
 20
112.25698680958428
 10
360.8105257271466
 20
112.32347058317035
 10
360.8631100879032
 20
112.38996102610749
 10
360.9156997231555
 20
112.45645813839566
 10
360.9682946329036
 20
112.5229619200349
 10
361.02089481714756
 20
112.5894723710252
  0
LWPOLYLINE
  5
210
330
17
100
AcDbEntity
  8
20_ВИДИМЫЕ
100
AcDbPolyline
 90
10
 70
0
 10
362.4537394851447
 20
111.40642597341625
 10
362.25455109579366
 20
111.48203914070763
 10
362.0564952086039
 20
111.56057086085693
 10
361.8596145842095
 20
111.64200417871986
 10
361.6639517295028
 20
111.72632151269185
 10
361.46954888845767
 20
111.81350465850392
 10
361.27644803300853
 20
111.9035347931529
 10
361.0846908539887
 20
111.99639247896553
 10
360.8943187521294
 20
112.09205766779498
 10
360.7053728291209
 20
112.19050970534924
  0
LWPOLYLINE
  5
211
330
17
100
AcDbEntity
  8
20_ВИДИМЫЕ
100
AcDbPolyline
 90
7
 70
0
 10
362.7074462030567
 20
111.84585889906133
 10
362.665152652135
 20
111.7726043200325
 10
362.6228627403879
 20
111.69935604423887
 10
362.5805764678153
 20
111.62611407168045
 10
362.53829383441723
 20
111.55287840235722
 10
362.49601484019377
 20
111.4796490362692
 10
362.45373948514475
 20
111.40642597341635
  0
LWPOLYLINE
  5
212
330
17
100
AcDbEntity
  8
20_ВИДИМЫЕ
100
AcDbPolyline
 90
7
 70
0
 10
372.54626051485525
 20
111.40642597341625
 10
372.50398515980623
 20
111.47964903626921
 10
372.46170616558265
 20
111.55287840235736
 10
372.4194235321845
 20
111.62611407168072
 10
372.37713725961186
 20
111.69935604423927
 10
372.33484734786464
 20
111.77260432003303
 10
372.2925537969429
 20
111.84585889906198
  0
LWPOLYLINE
  5
213
330
17
100
AcDbEntity
  8
20_ВИДИМЫЕ
100
AcDbPolyline
 90
10
 70
0
 10
374.33962264150944
 20
112.21447841807964
 10
374.1459900004924
 20
112.11276535041924
 10
373.95084516685745
 20
112.01398457442656
 10
373.75423254280463
 20
111.91815856614505
 10
373.55619686450683
 20
111.82530912930639
 10
373.35678319193124
 20
111.73545739036918
 10
373.1560368985863
 20
111.64862379371213
 10
372.9540036611979
 20
111.56482809698215
 10
372.75072944931594
 20
111.48408936659885
 10
372.54626051485525
 20
111.40642597341625
  0
LWPOLYLINE
  5
214
330
17
100
AcDbEntity
  8
20_ВИДИМЫЕ
100
AcDbPolyline
 90
7
 70
0
 10
375.0
 20
113.31667855445207
 10
374.97982025135116
 20
113.0929775277075
 10
374.91993256101347
 20
112.87649926975045
 10
374.82227055864803
 20
112.67423334351452
 10
374.6899875157113
 20
112.4927104298824
 10
374.52735453389437
 20
112.33779146768781
 10
374.33962264150944
 20
112.21447841807964
  0
LWPOLYLINE
  5
215
330
17
100
AcDbEntity
  8
20_ВИДИМЫЕ
100
AcDbPolyline
 90
2
 70
0
 10
375.0
 20
136.68332144554793
 10
375.0
 20
113.31667855445207
  0
LWPOLYLINE
  5
216
330
17
100
AcDbEntity
  8
20_ВИДИМЫЕ
100
AcDbPolyline
 90
7
 70
0
 10
374.33962264150944
 20
137.78552158192036
 10
374.52735453389437
 20
137.6622085323122
 10
374.6899875157113
 20
137.50728957011762
 10
374.82227055864803
 20
137.32576665648548
 10
374.91993256101347
 20
137.12350073024956
 10
374.97982025135116
 20
136.90702247229248
 10
375.0
 20
136.68332144554793
  0
LWPOLYLINE
  5
217
330
17
100
AcDbEntity
  8
20_ВИДИМЫЕ
100
AcDbPolyline
 90
10
 70
0
 10
372.5462605148553
 20
138.59357402658375
 10
372.75072944931594
 20
138.51591063340115
 10
372.9540036611979
 20
138.43517190301785
 10
373.1560368985863
 20
138.35137620628788
 10
373.35678319193124
 20
138.26454260963084
 10
373.55619686450683
 20
138.1746908706936
 10
373.7542325428046
 20
138.08184143385495
 10
373.95084516685745
 20
137.98601542557344
 10
374.14599000049236
 20
137.88723464958076
 10
374.33962264150944
 20
137.78552158192036
  0
LWPOLYLINE
  5
218
330
17
100
AcDbEntity
  8
20_ВИДИМЫЕ
100
AcDbPolyline
 90
7
 70
0
 10
372.2925537969433
 20
138.1541411009387
 10
372.33484734786504
 20
138.2273956799676
 10
372.37713725961225
 20
138.30064395576133
 10
372.4194235321849
 20
138.37388592831988
 10
372.461706165583
 20
138.44712159764322
 10
372.5039851598066
 20
138.52035096373137
 10
372.5462605148556
 20
138.59357402658432
  0
LWPOLYLINE
  5
219
330
17
100
AcDbEntity
  8
20_ВИДИМЫЕ
100
AcDbPolyline
 90
7
 70
0
 10
362.45373948514475
 20
138.59357402658375
 10
362.4960148401938
 20
138.52035096373072
 10
362.5382938344174
 20
138.4471215976425
 10
362.5805764678156
 20
138.37388592831908
 10
362.62286274038826
 20
138.30064395576048
 10
362.66515265213553
 20
138.22739567996666
 10
362.70744620305726
 20
138.15414110093764
  0
LWPOLYLINE
  5
21A
330
17
100
AcDbEntity
  8
20_ВИДИМЫЕ
100
AcDbPolyline
 90
10
 70
0
 10
360.66037735849056
 20
137.78552158192036
 10
360.8540099995076
 20
137.88723464958076
 10
361.04915483314255
 20
137.98601542557344
 10
361.2457674571954
 20
138.08184143385495
 10
361.44380313549317
 20
138.1746908706936
 10
361.64321680806876
 20
138.26454260963084
 10
361.8439631014137
 20
138.35137620628788
 10
362.0459963388021
 20
138.43517190301785
 10
362.24927055068406
 20
138.51591063340115
 10
362.45373948514475
 20
138.59357402658375
  0
LWPOLYLINE
  5
21B
330
17
100
AcDbEntity
  8
20_ВИДИМЫЕ
100
AcDbPolyline
 90
7
 70
0
 10
360.0
 20
136.68332144554793
 10
360.02017974864884
 20
136.9070224722925
 10
360.08006743898653
 20
137.12350073024956
 10
360.17772944135197
 20
137.32576665648548
 10
360.3100124842887
 20
137.50728957011762
 10
360.47264546610563
 20
137.6622085323122
 10
360.66037735849056
 20
137.78552158192036
  0
LWPOLYLINE
  5
21C
330
17
100
AcDbEntity
  8
20_ВИДИМЫЕ
100
AcDbPolyline
 90
2
 70
0
 10
360.5
 20
119.07285434248003
 10
360.0
 20
119.46828230500886
  0
LWPOLYLINE
  5
21D
330
17
100
AcDbEntity
  8
20_ВИДИМЫЕ
100
AcDbPolyline
 90
2
 70
0
 10
360.0
 20
119.46828230500886
 10
360.0
 20
136.68332144554793
  0
LWPOLYLINE
  5
21E
330
17
100
AcDbEntity
  8
20_ВИДИМЫЕ
100
AcDbPolyline
 90
7
 70
0
 10
360.0
 20
113.31667855445207
 10
360.02017974864884
 20
113.0929775277075
 10
360.08006743898653
 20
112.87649926975045
 10
360.17772944135197
 20
112.67423334351452
 10
360.3100124842887
 20
112.4927104298824
 10
360.47264546610563
 20
112.33779146768781
 10
360.66037735849056
 20
112.21447841807964
  0
LWPOLYLINE
  5
21F
330
17
100
AcDbEntity
  8
20_ВИДИМЫЕ
100
AcDbPolyline
 90
2
 70
0
 10
360.0
 20
113.31667855445207
 10
360.0
 20
119.46828230500886
  0
LWPOLYLINE
  5
220
330
17
100
AcDbEntity
  8
20_ВИДИМЫЕ
100
AcDbPolyline
 90
7
 70
0
 10
362.45373948514475
 20
138.59357402658375
 10
362.47016892412245
 20
138.59966173653407
 10
362.5183679483661
 20
138.61739116359064
 10
362.5949119964324
 20
138.6451497491793
 10
362.6942133896678
 20
138.6804391397331
 10
362.80942134188007
 20
138.72036704506422
 10
362.9337148179258
 20
138.7622323638271
  0
LWPOLYLINE
  5
221
330
17
100
AcDbEntity
  8
20_ВИДИМЫЕ
100
AcDbPolyline
 90
47
 70
0
 10
372.0662851820742
 20
138.76223236382708
 10
371.8741534546597
 20
138.82449932384853
 10
371.6811730733404
 20
138.88408411566184
 10
371.48738147931624
 20
138.94097517888923
 10
371.292816271175
 20
138.99516147577833
 10
371.0975151975979
 20
139.04663249334345
 10
370.90151615003515
 20
139.09537824540547
 10
370.70485715535517
 20
139.1413892745292
 10
370.50757636846606
 20
139.1846566538582
 10
370.3097120649136
 20
139.22517198884705
 10
370.1113026334546
 20
139.2629274188896
 10
369.91238656860935
 20
139.29791561884434
 10
369.713002463193
 20
139.33012980045547
 10
369.51318900082754
 20
139.35956371366996
 10
369.31298494843725
 20
139.3862116478502
 10
369.1124291487267
 20
139.4100684328818
 10
368.91156051264505
 20
139.43112944017693
 10
368.7104180118366
 20
139.4493905835721
 10
368.5090406710796
 20
139.464848320121
 10
368.30746756071494
 20
139.477499650782
 10
368.10573778906587
 20
139.4873421209999
 10
367.9038904948504
 20
139.4943738211821
 10
367.7019648395876
 20
139.49859338706932
 10
367.5
 20
139.5
 10
367.2980351604124
 20
139.49859338706932
 10
367.0961095051496
 20
139.4943738211821
 10
366.89426221093413
 20
139.4873421209999
 10
366.69253243928506
 20
139.477499650782
 10
366.4909593289204
 20
139.464848320121
 10
366.2895819881634
 20
139.44939058357207
 10
366.08843948735495
 20
139.43112944017693
 10
365.8875708512733
 20
139.41006843288181
 10
365.68701505156275
 20
139.3862116478502
 10
365.48681099917246
 20
139.35956371366996
 10
365.286997536807
 20
139.33012980045547
 10
365.08761343139065
 20
139.29791561884434
 10
364.8886973665454
 20
139.2629274188896
 10
364.6902879350864
 20
139.22517198884705
 10
364.49242363153394
 20
139.1846566538582
 10
364.29514284464483
 20
139.14138927452916
 10
364.0984838499648
 20
139.09537824540547
 10
363.9024848024021
 20
139.04663249334345
 10
363.70718372882493
 20
138.99516147577833
 10
363.51261852068376
 20
138.94097517888923
 10
363.3188269266596
 20
138.88408411566184
 10
363.12584654534027
 20
138.82449932384853
 10
362.9337148179258
 20
138.76223236382708
  0
LWPOLYLINE
  5
222
330
17
100
AcDbEntity
  8
20_ВИДИМЫЕ
100
AcDbPolyline
 90
7
 70
0
 10
372.0662851820742
 20
138.7622323638271
 10
372.1900403743346
 20
138.7205510562251
 10
372.3053735902583
 20
138.68058422213971
 10
372.40484738126736
 20
138.64523624445428
 10
372.4813021868176
 20
138.61751183306342
 10
372.5296066696458
 20
138.59974473101227
 10
372.54626051485525
 20
138.59357402658375
  0
LWPOLYLINE
  5
223
330
17
100
AcDbEntity
  8
20_ВИДИМЫЕ
100
AcDbPolyline
 90
7
 70
0
 10
360.70537282912096
 20
112.19050970534924
 10
360.69786773602516
 20
112.1944935022705
 10
360.6903649786913
 20
112.1984816964328
 10
360.6828645596958
 20
112.2024742864666
 10
360.67536648161416
 20
112.20647127100094
 10
360.6678707470211
 20
112.21047264866328
 10
360.66037735849056
 20
112.21447841807964
  0
LWPOLYLINE
  5
224
330
17
100
AcDbEntity
  8
20_ВИДИМЫЕ
100
AcDbPolyline
 90
7
 70
0
 10
372.54626051485525
 20
111.40642597341625
 10
372.52983107587755
 20
111.4003382634659
 10
372.4816320516339
 20
111.38260883640935
 10
372.4050880035676
 20
111.35485025082072
 10
372.3057866103322
 20
111.31956086026692
 10
372.19057865811993
 20
111.27963295493576
 10
372.0662851820742
 20
111.2377676361729
  0
LWPOLYLINE
  5
225
330
17
100
AcDbEntity
  8
20_ВИДИМЫЕ
100
AcDbPolyline
 90
47
 70
0
 10
372.0662851820742
 20
111.2377676361729
 10
371.8741534546597
 20
111.17550067615147
 10
371.6811730733404
 20
111.11591588433816
 10
371.48738147931624
 20
111.05902482111075
 10
371.292816271175
 20
111.00483852422167
 10
371.0975151975979
 20
110.95336750665655
 10
370.90151615003515
 20
110.90462175459453
 10
370.70485715535517
 20
110.85861072547083
 10
370.50757636846606
 20
110.81534334614177
 10
370.3097120649136
 20
110.77482801115293
 10
370.1113026334546
 20
110.73707258111038
 10
369.91238656860935
 20
110.70208438115566
 10
369.713002463193
 20
110.66987019954453
 10
369.51318900082754
 20
110.64043628633004
 10
369.31298494843725
 20
110.61378835214983
 10
369.1124291487267
 20
110.5899315671182
 10
368.91156051264505
 20
110.56887055982307
 10
368.7104180118366
 20
110.55060941642792
 10
368.5090406710796
 20
110.53515167987901
 10
368.30746756071494
 20
110.52250034921799
 10
368.10573778906587
 20
110.51265787900012
 10
367.9038904948504
 20
110.50562617881788
 10
367.7019648395876
 20
110.50140661293068
 10
367.5
 20
110.5
 10
367.2980351604124
 20
110.50140661293068
 10
367.0961095051496
 20
110.50562617881788
 10
366.89426221093413
 20
110.51265787900012
 10
366.69253243928506
 20
110.52250034921799
 10
366.4909593289204
 20
110.53515167987901
 10
366.2895819881634
 20
110.55060941642792
 10
366.08843948735495
 20
110.56887055982307
 10
365.8875708512733
 20
110.5899315671182
 10
365.68701505156275
 20
110.61378835214983
 10
365.48681099917246
 20
110.64043628633004
 10
365.286997536807
 20
110.66987019954453
 10
365.08761343139065
 20
110.70208438115566
 10
364.8886973665454
 20
110.73707258111038
 10
364.6902879350864
 20
110.77482801115293
 10
364.49242363153394
 20
110.81534334614179
 10
364.29514284464483
 20
110.85861072547083
 10
364.0984838499648
 20
110.90462175459453
 10
363.9024848024021
 20
110.95336750665655
 10
363.70718372882493
 20
111.00483852422167
 10
363.51261852068376
 20
111.05902482111075
 10
363.3188269266596
 20
111.11591588433816
 10
363.12584654534027
 20
111.17550067615147
 10
362.9337148179258
 20
111.2377676361729
  0
LWPOLYLINE
  5
226
330
17
100
AcDbEntity
  8
20_ВИДИМЫЕ
100
AcDbPolyline
 90
7
 70
0
 10
362.9337148179258
 20
111.2377676361729
 10
362.8099596256654
 20
111.2794489437749
 10
362.6946264097417
 20
111.31941577786027
 10
362.59515261873264
 20
111.35476375554572
 10
362.51869781318237
 20
111.38248816693658
 10
362.4703933303542
 20
111.40025526898772
 10
362.45373948514475
 20
111.40642597341625
  0
LWPOLYLINE
  5
227
330
17
100
AcDbEntity
  8
20_ВИДИМЫЕ
100
AcDbPolyline
 90
115
 70
0
 10
371.2475
 20
125.0
 10
371.24180948283384
 20
125.2064413819336
 10
371.224755213249
 20
125.41225580817532
 10
371.1963889845017
 20
125.61681822707705
 10
371.1567969438963
 20
125.8195073892959
 10
371.10609933115893
 20
126.01970773450789
 10
371.0444501132731
 20
126.21681126084455
 10
370.97203651688744
 20
126.41021937137451
 10
370.88907845971414
 20
126.59934469202277
 10
370.79582788264634
 20
126.78361285540643
 10
370.69256798462163
 20
126.96246424516957
 10
370.5796123625566
 20
127.13535569551972
 10
370.45730405896296
 20
127.30176214080453
 10
370.3260145201389
 20
127.46117821011889
 10
370.18614246809875
 20
127.61311976209974
 10
370.03811268966746
 20
127.75712535524757
 10
369.8823747464169
 20
127.89275764930892
 10
369.719401609362
 20
128.01960473346452
 10
369.5496882225638
 20
128.13728137728882
 10
369.37375
 20
128.2454302006822
 10
369.19212126027
 20
128.34372275922243
 10
369.005353603887
 20
128.43186054163982
 10
368.81401423808484
 20
128.50957587638595
 10
368.61868425422887
 20
128.57663274454345
 10
368.4199568630601
 20
128.63282749660763
 10
368.2184355931342
 20
128.67798947096344
 10
368.0147324579245
 20
128.71198151217905
 10
367.80946609715755
 20
128.7347003875425
 10
367.6032598980247
 20
128.746077100576
 10
367.3967401019753
 20
128.746077100576
 10
367.19053390284245
 20
128.7347003875425
 10
366.9852675420755
 20
128.71198151217905
 10
366.7815644068658
 20
128.67798947096344
 10
366.5800431369399
 20
128.63282749660763
 10
366.38131574577113
 20
128.57663274454345
 10
366.18598576191516
 20
128.50957587638595
 10
365.994646396113
 20
128.43186054163982
 10
365.80787873973
 20
128.34372275922243
 10
365.62625
 20
128.2454302006822
 10
365.4503117774362
 20
128.13728137728882
 10
365.280598390638
 20
128.01960473346452
 10
365.1176252535831
 20
127.89275764930892
 10
364.96188731033254
 20
127.75712535524757
 10
364.81385753190125
 20
127.61311976209974
 10
364.6739854798611
 20
127.46117821011889
 10
364.54269594103704
 20
127.30176214080453
 10
364.4203876374434
 20
127.13535569551972
 10
364.30743201537837
 20
126.96246424516957
 10
364.20417211735366
 20
126.78361285540643
 10
364.11092154028586
 20
126.59934469202277
 10
364.02796348311256
 20
126.41021937137451
 10
363.9555498867269
 20
126.21681126084455
 10
363.89390066884107
 20
126.01970773450789
 10
363.8432030561037
 20
125.8195073892959
 10
363.8036110154983
 20
125.61681822707705
 10
363.775244786751
 20
125.41225580817532
 10
363.75819051716616
 20
125.2064413819336
 10
363.7525
 20
125.0
 10
363.75819051716616
 20
124.7935586180664
 10
363.775244786751
 20
124.58774419182468
 10
363.8036110154983
 20
124.38318177292295
 10
363.8432030561037
 20
124.1804926107041
 10
363.89390066884107
 20
123.98029226549211
 10
363.9555498867269
 20
123.78318873915545
 10
364.02796348311256
 20
123.58978062862549
 10
364.11092154028586
 20
123.40065530797723
 10
364.20417211735366
 20
123.21638714459357
 10
364.30743201537837
 20
123.03753575483043
 10
364.4203876374434
 20
122.86464430448028
 10
364.54269594103704
 20
122.69823785919547
 10
364.6739854798611
 20
122.53882178988111
 10
364.81385753190125
 20
122.38688023790026
 10
364.96188731033254
 20
122.24287464475243
 10
365.1176252535831
 20
122.10724235069108
 10
365.280598390638
 20
121.98039526653548
 10
365.4503117774362
 20
121.86271862271117
 10
365.62625
 20
121.75456979931782
 10
365.80787873973
 20
121.65627724077757
 10
365.994646396113
 20
121.56813945836018
 10
366.18598576191516
 20
121.49042412361403
 10
366.38131574577113
 20
121.42336725545654
 10
366.5800431369399
 20
121.36717250339235
 10
366.7815644068658
 20
121.32201052903656
 10
366.9852675420755
 20
121.28801848782096
 10
367.19053390284245
 20
121.26529961245751
 10
367.3967401019753
 20
121.253922899424
 10
367.6032598980247
 20
121.253922899424
 10
367.80946609715755
 20
121.26529961245751
 10
368.0147324579245
 20
121.28801848782095
 10
368.2184355931342
 20
121.32201052903656
 10
368.4199568630601
 20
121.36717250339235
 10
368.61868425422887
 20
121.42336725545654
 10
368.81401423808484
 20
121.49042412361403
 10
369.005353603887
 20
121.56813945836016
 10
369.19212126027
 20
121.65627724077757
 10
369.37375
 20
121.75456979931782
 10
369.5496882225638
 20
121.86271862271117
 10
369.719401609362
 20
121.98039526653548
 10
369.8823747464169
 20
122.10724235069108
 10
370.03811268966746
 20
122.24287464475243
 10
370.18614246809875
 20
122.38688023790026
 10
370.3260145201389
 20
122.53882178988111
 10
370.45730405896296
 20
122.69823785919547
 10
370.5796123625566
 20
122.86464430448028
 10
370.69256798462163
 20
123.03753575483043
 10
370.79582788264634
 20
123.21638714459357
 10
370.88907845971414
 20
123.40065530797723
 10
370.97203651688744
 20
123.58978062862549
 10
371.0444501132731
 20
123.78318873915545
 10
371.10609933115893
 20
123.98029226549211
 10
371.1567969438963
 20
124.1804926107041
 10
371.1963889845017
 20
124.38318177292295
 10
371.224755213249
 20
124.58774419182468
 10
371.24180948283384
 20
124.79355861806638
 10
371.2475
 20
125.0
  0
LWPOLYLINE
  5
228
330
17
100
AcDbEntity
  8
20_ВИДИМЫЕ
100
AcDbPolyline
 90
100
 70
0
 10
370.75
 20
125.0
 10
370.74345669853363
 20
125.20612773888384
 10
370.7238531417001
 20
125.41142547411468
 10
370.6912682661038
 20
125.61506654417133
 10
370.6458332795382
 20
125.81623095833851
 10
370.58773113265806
 20
126.01410869852009
 10
370.5171957823022
 20
126.20790298089607
 10
370.4345112494315
 20
126.39683346428981
 10
370.3400104754768
 20
126.58013939232653
 10
370.23407398170133
 20
126.75708265673069
 10
370.11712833697595
 20
126.92695076942758
 10
369.98964444013666
 20
127.08905973148126
 10
369.8521356238415
 20
127.24275678731686
 10
369.7051555875607
 20
127.38742305313698
 10
369.5492961680247
 20
127.5224760089482
 10
369.3851849561064
 20
127.64737184416359
 10
369.2134827697341
 20
127.76160764733592
 10
369.0348809930112
 20
127.86472343120464
 10
368.8500987922561
 20
127.95630398490218
 10
368.6598802201736
 20
128.0359805458616
 10
368.4649912198169
 20
128.10343228469324
 10
368.26621654040565
 20
128.1583875970515
 10
368.0643565774175
 20
128.20062519728967
 10
367.8602241496783
 20
128.22997500949907
 10
367.65464122642715
 20
128.24631885234479
 10
367.44843561753686
 20
128.2495909149401
 10
367.2424376402154
 20
128.23977802184382
 10
367.0374767756118
 20
128.21691968611304
 10
366.83437832878815
 20
128.18110795019803
 10
366.6339601055074
 20
128.1324870153198
 10
366.4370291192184
 20
128.07125266082267
 10
366.24437834149734
 20
127.99765145583989
 10
366.0567835090312
 20
127.91197976644685
 10
365.875
 20
127.81458256229942
 10
365.69975979243515
 20
127.70585202756301
 10
365.5317685168026
 20
127.5862259817252
 10
365.3717026146778
 20
127.45618611665134
 10
365.22020661495446
 20
127.3162560569813
 10
365.0778905385538
 20
127.16699925167795
 10
364.94532744208595
 20
127.00901670521696
 10
364.82305111035305
 20
126.842944557554
 10
364.7115539069863
 20
126.66945152261357
 10
364.6112847918715
 20
126.48923619561408
 10
364.52264751334576
 20
126.3030242400715
 10
364.4459989824458
 20
126.11156546580843
 10
364.3816478357529
 20
125.91563080973465
 10
364.3298531926224
 20
125.71600923155626
 10
364.2908236118017
 20
125.51350453691339
 10
364.2647162516375
 20
125.30893214073859
 10
364.2516362372547
 20
125.10311578386872
 10
364.2516362372547
 20
124.89688421613128
 10
364.2647162516375
 20
124.69106785926141
 10
364.2908236118017
 20
124.48649546308661
 10
364.3298531926224
 20
124.28399076844374
 10
364.3816478357529
 20
124.08436919026535
 10
364.4459989824458
 20
123.88843453419157
 10
364.52264751334576
 20
123.6969757599285
 10
364.6112847918715
 20
123.51076380438592
 10
364.7115539069863
 20
123.33054847738643
 10
364.82305111035305
 20
123.157055442446
 10
364.94532744208595
 20
122.99098329478304
 10
365.0778905385538
 20
122.83300074832205
 10
365.22020661495446
 20
122.6837439430187
 10
365.3717026146778
 20
122.54381388334866
 10
365.5317685168026
 20
122.4137740182748
 10
365.69975979243515
 20
122.29414797243699
 10
365.875
 20
122.18541743770058
 10
366.0567835090312
 20
122.08802023355315
 10
366.24437834149734
 20
122.00234854416011
 10
366.4370291192184
 20
121.92874733917733
 10
366.6339601055074
 20
121.86751298468019
 10
366.83437832878815
 20
121.81889204980197
 10
367.0374767756118
 20
121.78308031388697
 10
367.2424376402154
 20
121.76022197815618
 10
367.44843561753686
 20
121.7504090850599
 10
367.65464122642715
 20
121.75368114765523
 10
367.8602241496783
 20
121.77002499050093
 10
368.0643565774175
 20
121.79937480271032
 10
368.26621654040565
 20
121.84161240294848
 10
368.4649912198169
 20
121.89656771530676
 10
368.6598802201736
 20
121.96401945413841
 10
368.8500987922561
 20
122.04369601509781
 10
369.0348809930112
 20
122.13527656879536
 10
369.2134827697341
 20
122.23839235266408
 10
369.3851849561064
 20
122.35262815583641
 10
369.5492961680247
 20
122.47752399105178
 10
369.7051555875607
 20
122.61257694686302
 10
369.8521356238415
 20
122.75724321268314
 10
369.98964444013666
 20
122.91094026851874
 10
370.11712833697595
 20
123.07304923057242
 10
370.23407398170133
 20
123.24291734326931
 10
370.3400104754768
 20
123.41986060767347
 10
370.4345112494315
 20
123.60316653571019
 10
370.5171957823022
 20
123.79209701910393
 10
370.58773113265806
 20
123.98589130147991
 10
370.6458332795382
 20
124.18376904166149
 10
370.6912682661038
 20
124.38493345582866
 10
370.7238531417001
 20
124.5885745258853
 10
370.74345669853363
 20
124.79387226111616
 10
370.75
 20
125.0
  0
CIRCLE
  5
229
330
17
100
AcDbEntity
  8
20_ВИДИМЫЕ
100
AcDbCircle
 10
330.0
 20
125.0
 30
0.0
 40
3.625
  0
CIRCLE
  5
22A
330
17
100
AcDbEntity
  8
22_ТОНКИЕ
100
AcDbCircle
 10
330.0
 20
125.0
 30
0.0
 40
5.625
  0
LWPOLYLINE
  5
22B
330
17
100
AcDbEntity
  8
20_ВИДИМЫЕ
100
AcDbPolyline
 90
4
 70
1
 10
320.625
 20
122.5
 10
339.375
 20
122.5
 10
339.375
 20
127.5
 10
320.625
 20
127.5
  0
LWPOLYLINE
  5
22C
330
17
100
AcDbEntity
  8
20_ВИДИМЫЕ
100
AcDbPolyline
 90
4
 70
1
 10
312.875
 20
113.0
 10
320.625
 20
113.0
 10
320.625
 20
117.0
 10
312.875
 20
117.0
  0
LWPOLYLINE
  5
22D
330
17
100
AcDbEntity
  8
20_ВИДИМЫЕ
100
AcDbPolyline
 90
4
 70
1
 10
312.875
 20
133.0
 10
320.625
 20
133.0
 10
320.625
 20
137.0
 10
312.875
 20
137.0
  0
LWPOLYLINE
  5
22E
330
17
100
AcDbEntity
  8
20_ВИДИМЫЕ
100
AcDbPolyline
 90
4
 70
1
 10
319.125
 20
113.0
 10
322.125
 20
113.0
 10
322.125
 20
137.0
 10
319.125
 20
137.0
  0
LWPOLYLINE
  5
22F
330
17
100
AcDbEntity
  8
20_ВИДИМЫЕ
100
AcDbPolyline
 90
4
 70
1
 10
339.375
 20
113.0
 10
347.125
 20
113.0
 10
347.125
 20
117.0
 10
339.375
 20
117.0
  0
LWPOLYLINE
  5
230
330
17
100
AcDbEntity
  8
20_ВИДИМЫЕ
100
AcDbPolyline
 90
4
 70
1
 10
339.375
 20
133.0
 10
347.125
 20
133.0
 10
347.125
 20
137.0
 10
339.375
 20
137.0
  0
LWPOLYLINE
  5
231
330
17
100
AcDbEntity
  8
20_ВИДИМЫЕ
100
AcDbPolyline
 90
4
 70
1
 10
337.875
 20
113.0
 10
340.875
 20
113.0
 10
340.875
 20
137.0
 10
337.875
 20
137.0
  0
TEXT
  5
232
330
17
100
AcDbEntity
  8
08_ТЕКСТ
100
AcDbText
 10
330.0
 20
183.0
 30
0.0
 40
5.0
  1
План формы, М 1 : 4 (верхняя полуформа снята)
  7
ГОСТ
 72
1
 11
330.0
 21
183.0
 31
0.0
100
AcDbText
 73
1
  0
DIMENSION
  5
233
330
17
100
AcDbEntity
  8
09_РАЗМЕРЫ
100
AcDbDimension
280
0
  2
*D7
  3
ГОСТ
 10
255.0
 20
61.0
 30
0.0
 11
330.0
 21
63.75
 31
0.0
 70
32
 71
5
  1
600
100
AcDbAlignedDimension
 13
255.0
 23
75.0
 33
0.0
 14
405.0
 24
75.0
 34
0.0
 50
0.0
100
AcDbRotatedDimension
1001
ACAD
1000
DSTYLE
1002
{
1070
340
1005
99
1002
}
  0
DIMENSION
  5
242
330
17
100
AcDbEntity
  8
09_РАЗМЕРЫ
100
AcDbDimension
280
0
  2
*D8
  3
ГОСТ
 10
419.0
 20
75.0
 30
0.0
 11
416.25
 21
125.0
 31
0.0
 70
32
 71
5
  1
400
100
AcDbAlignedDimension
 13
405.0
 23
75.0
 33
0.0
 14
405.0
 24
175.0
 34
0.0
 50
90.0
100
AcDbRotatedDimension
1001
ACAD
1000
DSTYLE
1002
{
1070
340
1005
99
1002
}
  0
LINE
  5
251
330
17
100
AcDbEntity
  8
09_РАЗМЕРЫ
100
AcDbLine
 10
330.0
 20
125.0
 30
0.0
 11
230.0
 21
180.0
 31
0.0
  0
TEXT
  5
252
330
17
100
AcDbEntity
  8
08_ТЕКСТ
100
AcDbText
 10
229.0
 20
181.0
 30
0.0
 40
3.0
  1
стояк ⌀29
  7
ГОСТ
 72
2
 11
229.0
 21
181.0
 31
0.0
100
AcDbText
 73
1
  0
LINE
  5
253
330
17
100
AcDbEntity
  8
09_РАЗМЕРЫ
100
AcDbLine
 10
230.0
 20
180.0
 30
0.0
 11
208.5
 21
180.0
 31
0.0
  0
LINE
  5
254
330
17
100
AcDbEntity
  8
09_РАЗМЕРЫ
100
AcDbLine
 10
325.625
 20
125.0
 30
0.0
 11
220.0
 21
55.0
 31
0.0
  0
TEXT
  5
255
330
17
100
AcDbEntity
  8
08_ТЕКСТ
100
AcDbText
 10
219.0
 20
56.0
 30
0.0
 40
3.0
  1
коллектор
  7
ГОСТ
 72
2
 11
219.0
 21
56.0
 31
0.0
100
AcDbText
 73
1
  0
LINE
  5
256
330
17
100
AcDbEntity
  8
09_РАЗМЕРЫ
100
AcDbLine
 10
220.0
 20
55.0
 30
0.0
 11
198.5
 21
55.0
 31
0.0
  0
LINE
  5
257
330
17
100
AcDbEntity
  8
09_РАЗМЕРЫ
100
AcDbLine
 10
341.375
 20
135.0
 30
0.0
 11
430.0
 21
187.0
 31
0.0
  0
TEXT
  5
258
330
17
100
AcDbEntity
  8
08_ТЕКСТ
100
AcDbText
 10
431.0
 20
188.0
 30
0.0
 40
3.0
  1
питатели, 4 шт.
  7
ГОСТ
 11
431.0
 21
188.0
 31
0.0
100
AcDbText
 73
1
  0
LINE
  5
259
330
17
100
AcDbEntity
  8
09_РАЗМЕРЫ
100
AcDbLine
 10
430.0
 20
187.0
 30
0.0
 11
463.65
 21
187.0
 31
0.0
  0
LINE
  5
25A
330
17
100
AcDbEntity
  8
00_РАМКА
100
AcDbLine
 10
651.0
 20
560.0
 30
0.0
 11
836.0
 21
560.0
 31
0.0
  0
TEXT
  5
25B
330
17
100
AcDbEntity
  8
08_ТЕКСТ
100
AcDbText
 10
652.5
 20
556.9
 30
0.0
 40
2.8
  1
Литейная технология
  7
ГОСТ
 11
652.5
 21
556.9
 31
0.0
100
AcDbText
 73
2
  0
TEXT
  5
25C
330
17
100
AcDbEntity
  8
08_ТЕКСТ
100
AcDbText
 10
752.5
 20
556.9
 30
0.0
 40
2.8
  1
Значение
  7
ГОСТ
 11
752.5
 21
556.9
 31
0.0
100
AcDbText
 73
2
  0
LINE
  5
25D
330
17
100
AcDbEntity
  8
00_РАМКА
100
AcDbLine
 10
651.0
 20
553.8
 30
0.0
 11
836.0
 21
553.8
 31
0.0
  0
TEXT
  5
25E
330
17
100
AcDbEntity
  8
08_ТЕКСТ
100
AcDbText
 10
652.5
 20
550.6999999999999
 30
0.0
 40
2.5
  1
Форма
  7
ГОСТ
 11
652.5
 21
550.6999999999999
 31
0.0
100
AcDbText
 73
2
  0
TEXT
  5
25F
330
17
100
AcDbEntity
  8
08_ТЕКСТ
100
AcDbText
 10
752.5
 20
550.6999999999999
 30
0.0
 40
2.5
  1
ХТС, опоки 600 × 400 × 160/80
  7
ГОСТ
 11
752.5
 21
550.6999999999999
 31
0.0
100
AcDbText
 73
2
  0
LINE
  5
260
330
17
100
AcDbEntity
  8
00_РАМКА
100
AcDbLine
 10
651.0
 20
547.5999999999999
 30
0.0
 11
836.0
 21
547.5999999999999
 31
0.0
  0
TEXT
  5
261
330
17
100
AcDbEntity
  8
08_ТЕКСТ
100
AcDbText
 10
652.5
 20
544.4999999999999
 30
0.0
 40
2.5
  1
Отливок в форме, металла на форму
  7
ГОСТ
 11
652.5
 21
544.4999999999999
 31
0.0
100
AcDbText
 73
2
  0
TEXT
  5
262
330
17
100
AcDbEntity
  8
08_ТЕКСТ
100
AcDbText
 10
752.5
 20
544.4999999999999
 30
0.0
 40
2.5
  1
2, 26,1 кг
  7
ГОСТ
 11
752.5
 21
544.4999999999999
 31
0.0
100
AcDbText
 73
2
  0
LINE
  5
263
330
17
100
AcDbEntity
  8
00_РАМКА
100
AcDbLine
 10
651.0
 20
541.3999999999999
 30
0.0
 11
836.0
 21
541.3999999999999
 31
0.0
  0
TEXT
  5
264
330
17
100
AcDbEntity
  8
08_ТЕКСТ
100
AcDbText
 10
652.5
 20
538.2999999999998
 30
0.0
 40
2.5
  1
Масса детали, отливки, прибылей на отливку
  7
ГОСТ
 11
652.5
 21
538.2999999999998
 31
0.0
100
AcDbText
 73
2
  0
TEXT
  5
265
330
17
100
AcDbEntity
  8
08_ТЕКСТ
100
AcDbText
 10
752.5
 20
538.2999999999998
 30
0.0
 40
2.5
  1
7,55, 7,78, 4,08 кг
  7
ГОСТ
 11
752.5
 21
538.2999999999998
 31
0.0
100
AcDbText
 73
2
  0
LINE
  5
266
330
17
100
AcDbEntity
  8
00_РАМКА
100
AcDbLine
 10
651.0
 20
535.1999999999998
 30
0.0
 11
836.0
 21
535.1999999999998
 31
0.0
  0
TEXT
  5
267
330
17
100
AcDbEntity
  8
08_ТЕКСТ
100
AcDbText
 10
652.5
 20
532.0999999999998
 30
0.0
 40
2.5
  1
Выход годного
  7
ГОСТ
 11
652.5
 21
532.0999999999998
 31
0.0
100
AcDbText
 73
2
  0
TEXT
  5
268
330
17
100
AcDbEntity
  8
08_ТЕКСТ
100
AcDbText
 10
752.5
 20
532.0999999999998
 30
0.0
 40
2.5
  1
57,9 %
  7
ГОСТ
 11
752.5
 21
532.0999999999998
 31
0.0
100
AcDbText
 73
2
  0
LINE
  5
269
330
17
100
AcDbEntity
  8
00_РАМКА
100
AcDbLine
 10
651.0
 20
528.9999999999998
 30
0.0
 11
836.0
 21
528.9999999999998
 31
0.0
  0
TEXT
  5
26A
330
17
100
AcDbEntity
  8
08_ТЕКСТ
100
AcDbText
 10
652.5
 20
525.8999999999997
 30
0.0
 40
2.5
  1
Модуль отливки, теплового узла, прибыли
  7
ГОСТ
 11
652.5
 21
525.8999999999997
 31
0.0
100
AcDbText
 73
2
  0
TEXT
  5
26B
330
17
100
AcDbEntity
  8
08_ТЕКСТ
100
AcDbText
 10
752.5
 20
525.8999999999997
 30
0.0
 40
2.5
  1
10,1, 12,1, 14,8 мм
  7
ГОСТ
 11
752.5
 21
525.8999999999997
 31
0.0
100
AcDbText
 73
2
  0
LINE
  5
26C
330
17
100
AcDbEntity
  8
00_РАМКА
100
AcDbLine
 10
651.0
 20
522.7999999999997
 30
0.0
 11
836.0
 21
522.7999999999997
 31
0.0
  0
TEXT
  5
26D
330
17
100
AcDbEntity
  8
08_ТЕКСТ
100
AcDbText
 10
652.5
 20
519.6999999999997
 30
0.0
 40
2.5
  1
Питание нужно, даёт прибыль
  7
ГОСТ
 11
652.5
 21
519.6999999999997
 31
0.0
100
AcDbText
 73
2
  0
TEXT
  5
26E
330
17
100
AcDbEntity
  8
08_ТЕКСТ
100
AcDbText
 10
752.5
 20
519.6999999999997
 30
0.0
 40
2.5
  1
0,53, 0,82 кг
  7
ГОСТ
 11
752.5
 21
519.6999999999997
 31
0.0
100
AcDbText
 73
2
  0
LINE
  5
26F
330
17
100
AcDbEntity
  8
00_РАМКА
100
AcDbLine
 10
651.0
 20
516.5999999999997
 30
0.0
 11
836.0
 21
516.5999999999997
 31
0.0
  0
TEXT
  5
270
330
17
100
AcDbEntity
  8
08_ТЕКСТ
100
AcDbText
 10
652.5
 20
513.4999999999997
 30
0.0
 40
2.5
  1
Заливка τ = S√G
  7
ГОСТ
 11
652.5
 21
513.4999999999997
 31
0.0
100
AcDbText
 73
2
  0
TEXT
  5
271
330
17
100
AcDbEntity
  8
08_ТЕКСТ
100
AcDbText
 10
752.5
 20
513.4999999999997
 30
0.0
 40
2.5
  1
7,7 с
  7
ГОСТ
 11
752.5
 21
513.4999999999997
 31
0.0
100
AcDbText
 73
2
  0
LINE
  5
272
330
17
100
AcDbEntity
  8
00_РАМКА
100
AcDbLine
 10
651.0
 20
510.3999999999997
 30
0.0
 11
836.0
 21
510.3999999999997
 31
0.0
  0
TEXT
  5
273
330
17
100
AcDbEntity
  8
08_ТЕКСТ
100
AcDbText
 10
652.5
 20
507.29999999999967
 30
0.0
 40
2.5
  1
Расчётный напор
  7
ГОСТ
 11
652.5
 21
507.29999999999967
 31
0.0
100
AcDbText
 73
2
  0
TEXT
  5
274
330
17
100
AcDbEntity
  8
08_ТЕКСТ
100
AcDbText
 10
752.5
 20
507.29999999999967
 30
0.0
 40
2.5
  1
172 мм
  7
ГОСТ
 11
752.5
 21
507.29999999999967
 31
0.0
100
AcDbText
 73
2
  0
LINE
  5
275
330
17
100
AcDbEntity
  8
00_РАМКА
100
AcDbLine
 10
651.0
 20
504.1999999999997
 30
0.0
 11
836.0
 21
504.1999999999997
 31
0.0
  0
TEXT
  5
276
330
17
100
AcDbEntity
  8
08_ТЕКСТ
100
AcDbText
 10
652.5
 20
501.0999999999997
 30
0.0
 40
2.5
  1
Fст, Fкол, Fпит
  7
ГОСТ
 11
652.5
 21
501.0999999999997
 31
0.0
100
AcDbText
 73
2
  0
TEXT
  5
277
330
17
100
AcDbEntity
  8
08_ТЕКСТ
100
AcDbText
 10
752.5
 20
501.0999999999997
 30
0.0
 40
2.5
  1
6,62, 7,94, 9,27 см²
  7
ГОСТ
 11
752.5
 21
501.0999999999997
 31
0.0
100
AcDbText
 73
2
  0
LINE
  5
278
330
17
100
AcDbEntity
  8
00_РАМКА
100
AcDbLine
 10
651.0
 20
497.9999999999997
 30
0.0
 11
836.0
 21
497.9999999999997
 31
0.0
  0
TEXT
  5
279
330
17
100
AcDbEntity
  8
08_ТЕКСТ
100
AcDbText
 10
652.5
 20
494.8999999999997
 30
0.0
 40
2.5
  1
Температура заливки
  7
ГОСТ
 11
652.5
 21
494.8999999999997
 31
0.0
100
AcDbText
 73
2
  0
TEXT
  5
27A
330
17
100
AcDbEntity
  8
08_ТЕКСТ
100
AcDbText
 10
752.5
 20
494.8999999999997
 30
0.0
 40
2.5
  1
1550…1600 °С
  7
ГОСТ
 11
752.5
 21
494.8999999999997
 31
0.0
100
AcDbText
 73
2
  0
LINE
  5
27B
330
17
100
AcDbEntity
  8
00_РАМКА
100
AcDbLine
 10
651.0
 20
491.7999999999997
 30
0.0
 11
836.0
 21
491.7999999999997
 31
0.0
  0
TEXT
  5
27C
330
17
100
AcDbEntity
  8
08_ТЕКСТ
100
AcDbText
 10
652.5
 20
488.6999999999997
 30
0.0
 40
2.5
  1
Смесь на форму, смола
  7
ГОСТ
 11
652.5
 21
488.6999999999997
 31
0.0
100
AcDbText
 73
2
  0
TEXT
  5
27D
330
17
100
AcDbEntity
  8
08_ТЕКСТ
100
AcDbText
 10
752.5
 20
488.6999999999997
 30
0.0
 40
2.5
  1
0,084 т, 1,26 кг
  7
ГОСТ
 11
752.5
 21
488.6999999999997
 31
0.0
100
AcDbText
 73
2
  0
LINE
  5
27E
330
17
100
AcDbEntity
  8
00_РАМКА
100
AcDbLine
 10
651.0
 20
485.59999999999974
 30
0.0
 11
836.0
 21
485.59999999999974
 31
0.0
  0
TEXT
  5
27F
330
17
100
AcDbEntity
  8
08_ТЕКСТ
100
AcDbText
 10
652.5
 20
482.4999999999997
 30
0.0
 40
2.5
  1
Стержни Ст. 1 и Ст. 2 на отливку
  7
ГОСТ
 11
652.5
 21
482.4999999999997
 31
0.0
100
AcDbText
 73
2
  0
TEXT
  5
280
330
17
100
AcDbEntity
  8
08_ТЕКСТ
100
AcDbText
 10
752.5
 20
482.4999999999997
 30
0.0
 40
2.5
  1
0,30 кг смеси
  7
ГОСТ
 11
752.5
 21
482.4999999999997
 31
0.0
100
AcDbText
 73
2
  0
LINE
  5
281
330
17
100
AcDbEntity
  8
00_РАМКА
100
AcDbLine
 10
651.0
 20
479.39999999999975
 30
0.0
 11
836.0
 21
479.39999999999975
 31
0.0
  0
TEXT
  5
282
330
17
100
AcDbEntity
  8
08_ТЕКСТ
100
AcDbText
 10
652.5
 20
476.2999999999997
 30
0.0
 40
2.5
  1
Груз на форму
  7
ГОСТ
 11
652.5
 21
476.2999999999997
 31
0.0
100
AcDbText
 73
2
  0
TEXT
  5
283
330
17
100
AcDbEntity
  8
08_ТЕКСТ
100
AcDbText
 10
752.5
 20
476.2999999999997
 30
0.0
 40
2.5
  1
20 кг
  7
ГОСТ
 11
752.5
 21
476.2999999999997
 31
0.0
100
AcDbText
 73
2
  0
LINE
  5
284
330
17
100
AcDbEntity
  8
00_РАМКА
100
AcDbLine
 10
651.0
 20
473.19999999999976
 30
0.0
 11
836.0
 21
473.19999999999976
 31
0.0
  0
LINE
  5
285
330
17
100
AcDbEntity
  8
00_РАМКА
100
AcDbLine
 10
651.0
 20
560.0
 30
0.0
 11
651.0
 21
473.19999999999976
 31
0.0
  0
LINE
  5
286
330
17
100
AcDbEntity
  8
00_РАМКА
100
AcDbLine
 10
751.0
 20
560.0
 30
0.0
 11
751.0
 21
473.19999999999976
 31
0.0
  0
LINE
  5
287
330
17
100
AcDbEntity
  8
00_РАМКА
100
AcDbLine
 10
836.0
 20
560.0
 30
0.0
 11
836.0
 21
473.19999999999976
 31
0.0
  0
LWPOLYLINE
  5
288
330
17
100
AcDbEntity
  8
00_РАМКА
100
AcDbPolyline
 90
4
 70
1
 10
0.0
 20
0.0
 10
841.0
 20
0.0
 10
841.0
 20
594.0
 10
0.0
 20
594.0
  0
LWPOLYLINE
  5
289
330
17
100
AcDbEntity
  8
00_РАМКА
100
AcDbPolyline
 90
4
 70
1
 10
20.0
 20
5.0
 10
836.0
 20
5.0
 10
836.0
 20
589.0
 10
20.0
 20
589.0
  0
LWPOLYLINE
  5
28A
330
17
100
AcDbEntity
  8
00_РАМКА
100
AcDbPolyline
 90
4
 70
1
 10
651.0
 20
5.0
 10
836.0
 20
5.0
 10
836.0
 20
60.0
 10
651.0
 20
60.0
  0
LINE
  5
28B
330
17
100
AcDbEntity
  8
00_РАМКА
100
AcDbLine
 10
651.0
 20
17.0
 30
0.0
 11
836.0
 21
17.0
 31
0.0
  0
LINE
  5
28C
330
17
100
AcDbEntity
  8
00_РАМКА
100
AcDbLine
 10
651.0
 20
29.0
 30
0.0
 11
836.0
 21
29.0
 31
0.0
  0
LINE
  5
28D
330
17
100
AcDbEntity
  8
00_РАМКА
100
AcDbLine
 10
651.0
 20
41.0
 30
0.0
 11
836.0
 21
41.0
 31
0.0
  0
LINE
  5
28E
330
17
100
AcDbEntity
  8
00_РАМКА
100
AcDbLine
 10
771.0
 20
5.0
 30
0.0
 11
771.0
 21
41.0
 31
0.0
  0
TEXT
  5
28F
330
17
100
AcDbEntity
  8
08_ТЕКСТ
100
AcDbText
 10
654.0
 20
50.5
 30
0.0
 40
5.0
  1
Корпус. Отливка
  7
ГОСТ
 11
654.0
 21
50.5
 31
0.0
100
AcDbText
 73
2
  0
TEXT
  5
290
330
17
100
AcDbEntity
  8
08_ТЕКСТ
100
AcDbText
 10
654.0
 20
37.8
 30
0.0
 40
2.5
  1
Элементы литейной формы. Разъём, припуски, прибыли, стержни,
  7
ГОСТ
 11
654.0
 21
37.8
 31
0.0
100
AcDbText
 73
2
  0
TEXT
  5
291
330
17
100
AcDbEntity
  8
08_ТЕКСТ
100
AcDbText
 10
654.0
 20
32.2
 30
0.0
 40
2.5
  1
литники
  7
ГОСТ
 11
654.0
 21
32.2
 31
0.0
100
AcDbText
 73
2
  0
TEXT
  5
292
330
17
100
AcDbEntity
  8
08_ТЕКСТ
100
AcDbText
 10
654.0
 20
23.0
 30
0.0
 40
4.5
  1
ВГ-2026.46.01 ЛФ
  7
ГОСТ
 11
654.0
 21
23.0
 31
0.0
100
AcDbText
 73
2
  0
TEXT
  5
293
330
17
100
AcDbEntity
  8
08_ТЕКСТ
100
AcDbText
 10
774.0
 20
23.0
 30
0.0
 40
3.5
  1
Масштаб 1 : 1
  7
ГОСТ
 11
774.0
 21
23.0
 31
0.0
100
AcDbText
 73
2
  0
TEXT
  5
294
330
17
100
AcDbEntity
  8
08_ТЕКСТ
100
AcDbText
 10
654.0
 20
11.0
 30
0.0
 40
2.5
  1
Сталь 20ГСЛ ГОСТ 977-88, отливка 7,78 кг
  7
ГОСТ
 11
654.0
 21
11.0
 31
0.0
100
AcDbText
 73
2
  0
TEXT
  5
295
330
17
100
AcDbEntity
  8
08_ТЕКСТ
100
AcDbText
 10
774.0
 20
11.0
 30
0.0
 40
3.0
  1
Формат A1
  7
ГОСТ
 11
774.0
 21
11.0
 31
0.0
100
AcDbText
 73
2
  0
TEXT
  5
296
330
17
100
AcDbEntity
  8
08_ТЕКСТ
100
AcDbText
 10
654.0
 20
64.0
 30
0.0
 40
3.0
  1
УЖЦ ОСК 2026 · «Волжский Горизонт» · ПБ «Без границ»
  7
ГОСТ
 11
654.0
 21
64.0
 31
0.0
100
AcDbText
 73
2
  0
TEXT
  5
297
330
17
100
AcDbEntity
  8
08_ТЕКСТ
100
AcDbText
 10
654.0
 20
126.0
 30
0.0
 40
2.5
  1
1. Элементы литейной формы - по ГОСТ 3.1125-88. Отливка в верхней полуформе, разъём по
  7
ГОСТ
 11
654.0
 21
126.0
 31
0.0
100
AcDbText
 73
2
  0
TEXT
  5
298
330
17
100
AcDbEntity
  8
08_ТЕКСТ
100
AcDbText
 10
654.0
 20
121.0
 30
0.0
 40
2.5
  1
    опорным полосам.
  7
ГОСТ
 11
654.0
 21
121.0
 31
0.0
100
AcDbText
 73
2
  0
TEXT
  5
299
330
17
100
AcDbEntity
  8
08_ТЕКСТ
100
AcDbText
 10
654.0
 20
116.0
 30
0.0
 40
2.5
  1
2. Форма и стержни - ХТС на щелочной фенольной смоле 1,5 % от песка, отвердитель 22 % от
  7
ГОСТ
 11
654.0
 21
116.0
 31
0.0
100
AcDbText
 73
2
  0
TEXT
  5
29A
330
17
100
AcDbEntity
  8
08_ТЕКСТ
100
AcDbText
 10
654.0
 20
111.0
 30
0.0
 40
2.5
  1
    смолы, песок кварцевый обогащённый 1К ГОСТ 2138-91, зерно 0,2…0,3 мм.
  7
ГОСТ
 11
654.0
 21
111.0
 31
0.0
100
AcDbText
 73
2
  0
TEXT
  5
29B
330
17
100
AcDbEntity
  8
08_ТЕКСТ
100
AcDbText
 10
654.0
 20
106.0
 30
0.0
 40
2.5
  1
3. Форму и стержни окрасить - краска противопригарная цирконовая на спирте, два слоя с
  7
ГОСТ
 11
654.0
 21
106.0
 31
0.0
100
AcDbText
 73
2
  0
TEXT
  5
29C
330
17
100
AcDbEntity
  8
08_ТЕКСТ
100
AcDbText
 10
654.0
 20
101.0
 30
0.0
 40
2.5
  1
    поджигом.
  7
ГОСТ
 11
654.0
 21
101.0
 31
0.0
100
AcDbText
 73
2
  0
TEXT
  5
29D
330
17
100
AcDbEntity
  8
08_ТЕКСТ
100
AcDbText
 10
654.0
 20
96.0
 30
0.0
 40
2.5
  1
4. Знак стержня Ст. 2 выведен через лицевую грань и опущен до разъёма. Ст. 2 ставить на
  7
ГОСТ
 11
654.0
 21
96.0
 31
0.0
100
AcDbText
 73
2
  0
TEXT
  5
29E
330
17
100
AcDbEntity
  8
08_ТЕКСТ
100
AcDbText
 10
654.0
 20
91.0
 30
0.0
 40
2.5
  1
    нижнюю полуформу, Ст. 1 - в знаки обеих полуформ.
  7
ГОСТ
 11
654.0
 21
91.0
 31
0.0
100
AcDbText
 73
2
  0
TEXT
  5
29F
330
17
100
AcDbEntity
  8
08_ТЕКСТ
100
AcDbText
 10
654.0
 20
86.0
 30
0.0
 40
2.5
  1
5. Припуск на литое отверстие 2 мм на сторону, на опорные полосы и плечо 1 мм.
  7
ГОСТ
 11
654.0
 21
86.0
 31
0.0
100
AcDbText
 73
2
  0
TEXT
  5
2A0
330
17
100
AcDbEntity
  8
08_ТЕКСТ
100
AcDbText
 10
654.0
 20
81.0
 30
0.0
 40
2.5
  1
6. Прибыли открытые 125 × 37 × 60, зеркало засыпать утепляющей смесью сразу после
  7
ГОСТ
 11
654.0
 21
81.0
 31
0.0
100
AcDbText
 73
2
  0
TEXT
  5
2A1
330
17
100
AcDbEntity
  8
08_ТЕКСТ
100
AcDbText
 10
654.0
 20
76.0
 30
0.0
 40
2.5
  1
    заливки.
  7
ГОСТ
 11
654.0
 21
76.0
 31
0.0
100
AcDbText
 73
2
  0
TEXT
  5
2A2
330
17
100
AcDbEntity
  8
08_ТЕКСТ
100
AcDbText
 10
654.0
 20
71.0
 30
0.0
 40
2.5
  1
7. Выдержка отливок в форме не менее 6 ч, прибыли отрезать после термообработки.
  7
ГОСТ
 11
654.0
 21
71.0
 31
0.0
100
AcDbText
 73
2
  0
TEXT
  5
2A3
330
17
100
AcDbEntity
  8
08_ТЕКСТ
100
AcDbText
 10
654.0
 20
132.5
 30
0.0
 40
3.5
  1
Технические требования
  7
ГОСТ
 11
654.0
 21
132.5
 31
0.0
100
AcDbText
 73
2
  0
ENDSEC
  0
SECTION
  2
OBJECTS
  0
DICTIONARY
  5
A
330
0
100
AcDbDictionary
281
1
  3
ACAD_COLOR
350
B
  3
ACAD_GROUP
350
C
  3
ACAD_LAYOUT
350
D
  3
ACAD_MATERIAL
350
E
  3
ACAD_MLEADERSTYLE
350
F
  3
ACAD_MLINESTYLE
350
10
  3
ACAD_PLOTSETTINGS
350
11
  3
ACAD_PLOTSTYLENAME
350
12
  3
ACAD_SCALELIST
350
14
  3
ACAD_TABLESTYLE
350
15
  3
ACAD_VISUALSTYLE
350
16
  3
EZDXF_META
350
2D
  0
DICTIONARY
  5
B
330
A
100
AcDbDictionary
281
1
  0
DICTIONARY
  5
C
330
A
100
AcDbDictionary
281
1
  0
DICTIONARY
  5
D
330
A
100
AcDbDictionary
281
1
  3
Model
350
1A
  3
Layout1
350
1E
  0
DICTIONARY
  5
E
330
A
100
AcDbDictionary
281
1
  3
ByBlock
350
1F
  3
ByLayer
350
20
  3
Global
350
21
  0
DICTIONARY
  5
F
330
A
100
AcDbDictionary
281
1
  3
Standard
350
2C
  0
DICTIONARY
  5
10
330
A
100
AcDbDictionary
281
1
  3
Standard
350
22
  0
DICTIONARY
  5
11
330
A
100
AcDbDictionary
281
1
  0
ACDBDICTIONARYWDFLT
  5
12
330
A
100
AcDbDictionary
281
1
  3
Normal
350
13
100
AcDbDictionaryWithDefault
340
13
  0
ACDBPLACEHOLDER
  5
13
330
12
  0
DICTIONARY
  5
14
330
A
100
AcDbDictionary
281
1
  0
DICTIONARY
  5
15
330
A
100
AcDbDictionary
281
1
  0
DICTIONARY
  5
16
330
A
100
AcDbDictionary
281
1
  3
2dWireframe
350
5A
  3
Basic
350
5B
  3
Brighten
350
5C
  3
ColorChange
350
5D
  3
Conceptual
350
5E
  3
Dim
350
5F
  3
EdgeColorOff
350
60
  3
Facepattern
350
61
  3
Flat
350
62
  3
FlatWithEdges
350
63
  3
Gouraud
350
64
  3
GouraudWithEdges
350
65
  3
Hidden
350
66
  3
JitterOff
350
67
  3
Linepattern
350
68
  3
Modeling
350
69
  3
OverhangOff
350
6A
  3
Realistic
350
6B
  3
Shaded
350
6C
  3
Shaded with edges
350
6D
  3
Shades of Gray
350
6E
  3
Sketchy
350
6F
  3
Thicken
350
70
  3
Wireframe
350
71
  3
X-Ray
350
72
  0
LAYOUT
  5
1A
330
D
100
AcDbPlotSettings
  1

  4
A3
  6

 40
7.5
 41
20.0
 42
7.5
 43
20.0
 44
420.0
 45
297.0
 46
0.0
 47
0.0
 48
0.0
 49
0.0
140
0.0
141
0.0
142
1.0
143
1.0
 70
1024
 72
1
 73
0
 74
5
  7

 75
16
 76
0
 77
2
 78
300
147
1.0
148
0.0
149
0.0
100
AcDbLayout
  1
Model
 70
1
 71
0
 10
0.0
 20
0.0
 11
420.0
 21
297.0
 12
0.0
 22
0.0
 32
0.0
 14
1e+20
 24
1e+20
 34
1e+20
 15
-1e+20
 25
-1e+20
 35
-1e+20
146
0.0
 13
0.0
 23
0.0
 33
0.0
 16
1.0
 26
0.0
 36
0.0
 17
0.0
 27
1.0
 37
0.0
 76
1
330
17
  0
LAYOUT
  5
1E
330
D
100
AcDbPlotSettings
  1

  4
A3
  6

 40
7.5
 41
20.0
 42
7.5
 43
20.0
 44
420.0
 45
297.0
 46
0.0
 47
0.0
 48
0.0
 49
0.0
140
0.0
141
0.0
142
1.0
143
1.0
 70
0
 72
1
 73
0
 74
5
  7

 75
16
 76
0
 77
2
 78
300
147
1.0
148
0.0
149
0.0
100
AcDbLayout
  1
Layout1
 70
1
 71
1
 10
0.0
 20
0.0
 11
420.0
 21
297.0
 12
0.0
 22
0.0
 32
0.0
 14
1e+20
 24
1e+20
 34
1e+20
 15
-1e+20
 25
-1e+20
 35
-1e+20
146
0.0
 13
0.0
 23
0.0
 33
0.0
 16
1.0
 26
0.0
 36
0.0
 17
0.0
 27
1.0
 37
0.0
 76
1
330
1B
  0
MATERIAL
  5
1F
102
{ACAD_REACTORS
330
E
102
}
330
E
100
AcDbMaterial
  1
ByBlock
  2

 70
0
 40
1.0
 71
1
 41
1.0
 91
-1023410177
 42
1.0
 72
1
  3

 73
1
 74
1
 75
1
 44
0.5
 73
0
 45
1.0
 46
1.0
 77
1
  4

 78
1
 79
1
170
1
 48
1.0
171
1
  6

172
1
173
1
174
1
140
1.0
141
1.0
175
1
  7

176
1
177
1
178
1
143
1.0
179
1
  8

270
1
271
1
272
1
145
1.0
146
1.0
273
1
  9

274
1
275
1
276
1
 42
1.0
 72
1
  3

 73
1
 74
1
 75
1
 94
63
  0
MATERIAL
  5
20
102
{ACAD_REACTORS
330
E
102
}
330
E
100
AcDbMaterial
  1
ByLayer
  2

 70
0
 40
1.0
 71
1
 41
1.0
 91
-1023410177
 42
1.0
 72
1
  3

 73
1
 74
1
 75
1
 44
0.5
 73
0
 45
1.0
 46
1.0
 77
1
  4

 78
1
 79
1
170
1
 48
1.0
171
1
  6

172
1
173
1
174
1
140
1.0
141
1.0
175
1
  7

176
1
177
1
178
1
143
1.0
179
1
  8

270
1
271
1
272
1
145
1.0
146
1.0
273
1
  9

274
1
275
1
276
1
 42
1.0
 72
1
  3

 73
1
 74
1
 75
1
 94
63
  0
MATERIAL
  5
21
102
{ACAD_REACTORS
330
E
102
}
330
E
100
AcDbMaterial
  1
Global
  2

 70
0
 40
1.0
 71
1
 41
1.0
 91
-1023410177
 42
1.0
 72
1
  3

 73
1
 74
1
 75
1
 44
0.5
 73
0
 45
1.0
 46
1.0
 77
1
  4

 78
1
 79
1
170
1
 48
1.0
171
1
  6

172
1
173
1
174
1
140
1.0
141
1.0
175
1
  7

176
1
177
1
178
1
143
1.0
179
1
  8

270
1
271
1
272
1
145
1.0
146
1.0
273
1
  9

274
1
275
1
276
1
 42
1.0
 72
1
  3

 73
1
 74
1
 75
1
 94
63
  0
MLINESTYLE
  5
22
102
{ACAD_REACTORS
330
10
102
}
330
10
100
AcDbMlineStyle
  2
Standard
 70
0
  3

 62
256
 51
90.0
 52
90.0
 71
2
 49
0.5
 62
256
  6
BYLAYER
 49
-0.5
 62
256
  6
BYLAYER
  0
MLEADERSTYLE
  5
2C
102
{ACAD_REACTORS
330
F
102
}
330
F
100
AcDbMLeaderStyle
179
2
170
2
171
1
172
0
 90
2
 40
0.0
 41
0.0
173
1
 91
-1056964608
 92
-2
290
1
 42
2.0
291
1
 43
8.0
  3
Standard
 44
4.0
300

342
29
174
1
175
1
176
0
178
1
 93
-1056964608
 45
4.0
292
0
297
0
 46
4.0
 94
-1056964608
 47
1.0
 49
1.0
140
1.0
294
1
141
0.0
177
0
142
1.0
295
0
296
0
143
3.75
271
0
272
9
273
9
  0
DICTIONARY
  5
2D
330
A
100
AcDbDictionary
280
1
281
1
  3
CREATED_BY_EZDXF
350
2E
  3
WRITTEN_BY_EZDXF
350
2A6
  0
DICTIONARYVAR
  5
2E
330
2D
100
DictionaryVariables
280
0
  1
1.4.4 @ 2026-09-24T00:11:52.017422+00:00
  0
VISUALSTYLE
  5
5A
102
{ACAD_REACTORS
330
16
102
}
330
16
100
AcDbVisualStyle
  2
2dWireframe
 70
4
177
3
291
0
 70
58
 90
2
176
1
 90
2
176
1
 90
0
176
1
 90
0
176
1
 40
0.6
176
1
 40
30.0
176
1
 62
7
420
16777215
176
1
 90
1
176
1
 90
4
176
1
 62
7
176
1
 62
257
176
1
 90
1
176
1
 90
1
176
1
 40
1.0
176
1
 90
8
176
1
 62
7
176
1
 40
1.0
176
1
 90
1
176
1
 90
6
176
1
 90
2
176
1
 62
7
176
1
 90
5
176
1
 90
0
176
1
 90
0
176
1
290
0
176
1
 90
1
176
1
 40
0.0
176
1
 90
0
176
1
290
1
176
1
290
1
176
1
290
0
176
1
290
0
176
1
290
0
176
1
290
0
176
1
290
0
176
1
290
0
176
1
290
0
176
1
 90
50
176
1
 40
0.0
176
1
 40
1.0
176
1
 90
0
176
1
 62
18
420
0
176
1
 90
50
176
1
 90
3
176
1
 62
5
420
255
176
1
290
0
176
1
 90
50
176
1
 90
50
176
1
 90
50
176
1
290
0
176
1
 90
50
176
1
 62
256
176
0
 40
1.0
176
0
 90
2
176
1
  1
strokes_ogs.tif
176
1
290
0
176
1
 40
1.0
176
1
 40
1.0
176
1
  0
VISUALSTYLE
  5
5B
102
{ACAD_REACTORS
330
16
102
}
330
16
100
AcDbVisualStyle
  2
Basic
 70
7
177
3
291
1
 70
58
 90
2
176
1
 90
2
176
1
 90
0
176
1
 90
1
176
1
 40
0.6
176
1
 40
30.0
176
1
 62
7
420
16777215
176
1
 90
1
176
1
 90
4
176
1
 62
7
176
1
 62
257
176
1
 90
1
176
1
 90
1
176
1
 40
1.0
176
1
 90
8
176
1
 62
7
176
1
 40
1.0
176
1
 90
1
176
1
 90
6
176
1
 90
2
176
1
 62
7
176
1
 90
5
176
1
 90
0
176
1
 90
0
176
1
290
0
176
1
 90
1
176
1
 40
0.0
176
1
 90
0
176
1
290
0
176
1
290
1
176
1
290
1
176
1
290
0
176
1
290
0
176
1
290
0
176
1
290
0
176
1
290
0
176
1
290
0
176
1
 90
50
176
1
 40
0.0
176
1
 40
1.0
176
1
 90
0
176
1
 62
18
420
0
176
1
 90
50
176
1
 90
3
176
1
 62
5
420
255
176
1
290
0
176
1
 90
50
176
1
 90
50
176
1
 90
50
176
1
290
0
176
1
 90
50
176
1
 62
256
176
0
 40
1.0
176
0
 90
2
176
1
  1
strokes_ogs.tif
176
1
290
0
176
1
 40
1.0
176
1
 40
1.0
176
1
  0
VISUALSTYLE
  5
5C
102
{ACAD_REACTORS
330
16
102
}
330
16
100
AcDbVisualStyle
  2
Brighten
 70
12
177
3
291
1
 70
58
 90
2
176
1
 90
2
176
1
 90
0
176
1
 90
2
176
1
 40
0.6
176
1
 40
30.0
176
1
 62
7
420
16777215
176
1
 90
1
176
1
 90
4
176
1
 62
7
176
1
 62
257
176
1
 90
1
176
1
 90
1
176
1
 40
1.0
176
1
 90
8
176
1
 62
7
176
1
 40
1.0
176
1
 90
1
176
1
 90
6
176
1
 90
2
176
1
 62
7
176
1
 90
5
176
1
 90
0
176
1
 90
0
176
1
290
0
176
1
 90
1
176
1
 40
0.0
176
1
 90
0
176
1
290
0
176
1
290
1
176
1
290
1
176
1
290
0
176
1
290
0
176
1
290
0
176
1
290
0
176
1
290
0
176
1
290
0
176
1
 90
50
176
1
 40
0.0
176
1
 40
1.0
176
1
 90
0
176
1
 62
18
420
0
176
1
 90
50
176
1
 90
3
176
1
 62
5
420
255
176
1
290
0
176
1
 90
50
176
1
 90
50
176
1
 90
50
176
1
290
0
176
1
 90
50
176
1
 62
256
176
0
 40
1.0
176
0
 90
2
176
1
  1
strokes_ogs.tif
176
1
290
0
176
1
 40
1.0
176
1
 40
1.0
176
1
  0
VISUALSTYLE
  5
5D
102
{ACAD_REACTORS
330
16
102
}
330
16
100
AcDbVisualStyle
  2
ColorChange
 70
16
177
3
291
1
 70
58
 90
2
176
1
 90
2
176
1
 90
0
176
1
 90
2
176
1
 40
0.6
176
1
 40
30.0
176
1
 62
7
420
16777215
176
1
 90
1
176
1
 90
4
176
1
 62
7
176
1
 62
257
176
1
 90
1
176
1
 90
1
176
1
 40
1.0
176
1
 90
8
176
1
 62
7
176
1
 40
1.0
176
1
 90
1
176
1
 90
6
176
1
 90
2
176
1
 62
7
176
1
 90
5
176
1
 90
0
176
1
 90
0
176
1
290
0
176
1
 90
1
176
1
 40
0.0
176
1
 90
0
176
1
290
0
176
1
290
1
176
1
290
1
176
1
290
0
176
1
290
0
176
1
290
0
176
1
290
0
176
1
290
0
176
1
290
0
176
1
 90
50
176
1
 40
0.0
176
1
 40
1.0
176
1
 90
0
176
1
 62
18
420
0
176
1
 90
50
176
1
 90
3
176
1
 62
5
420
255
176
1
290
0
176
1
 90
50
176
1
 90
50
176
1
 90
50
176
1
290
0
176
1
 90
50
176
1
 62
256
176
0
 40
1.0
176
0
 90
2
176
1
  1
strokes_ogs.tif
176
1
290
0
176
1
 40
1.0
176
1
 40
1.0
176
1
  0
VISUALSTYLE
  5
5E
102
{ACAD_REACTORS
330
16
102
}
330
16
100
AcDbVisualStyle
  2
Conceptual
 70
9
177
3
291
0
 70
58
 90
2
176
1
 90
2
176
1
 90
0
176
1
 90
3
176
1
 40
0.6
176
1
 40
30.0
176
1
 62
7
420
16777215
176
1
 90
1
176
1
 90
4
176
1
 62
7
176
1
 62
257
176
1
 90
1
176
1
 90
1
176
1
 40
1.0
176
1
 90
8
176
1
 62
7
176
1
 40
1.0
176
1
 90
1
176
1
 90
6
176
1
 90
2
176
1
 62
7
176
1
 90
5
176
1
 90
0
176
1
 90
0
176
1
290
0
176
1
 90
1
176
1
 40
0.0
176
1
 90
0
176
1
290
0
176
1
290
1
176
1
290
1
176
1
290
0
176
1
290
0
176
1
290
0
176
1
290
0
176
1
290
0
176
1
290
0
176
1
 90
50
176
1
 40
0.0
176
1
 40
1.0
176
1
 90
0
176
1
 62
18
420
0
176
1
 90
50
176
1
 90
3
176
1
 62
5
420
255
176
1
290
0
176
1
 90
50
176
1
 90
50
176
1
 90
50
176
1
290
0
176
1
 90
50
176
1
 62
256
176
0
 40
1.0
176
0
 90
2
176
1
  1
strokes_ogs.tif
176
1
290
0
176
1
 40
1.0
176
1
 40
1.0
176
1
  0
VISUALSTYLE
  5
5F
102
{ACAD_REACTORS
330
16
102
}
330
16
100
AcDbVisualStyle
  2
Dim
 70
11
177
3
291
1
 70
58
 90
2
176
1
 90
2
176
1
 90
0
176
1
 90
2
176
1
 40
0.6
176
1
 40
30.0
176
1
 62
7
420
16777215
176
1
 90
1
176
1
 90
4
176
1
 62
7
176
1
 62
257
176
1
 90
1
176
1
 90
1
176
1
 40
1.0
176
1
 90
8
176
1
 62
7
176
1
 40
1.0
176
1
 90
1
176
1
 90
6
176
1
 90
2
176
1
 62
7
176
1
 90
5
176
1
 90
0
176
1
 90
0
176
1
290
0
176
1
 90
1
176
1
 40
0.0
176
1
 90
0
176
1
290
0
176
1
290
1
176
1
290
1
176
1
290
0
176
1
290
0
176
1
290
0
176
1
290
0
176
1
290
0
176
1
290
0
176
1
 90
50
176
1
 40
0.0
176
1
 40
1.0
176
1
 90
0
176
1
 62
18
420
0
176
1
 90
50
176
1
 90
3
176
1
 62
5
420
255
176
1
290
0
176
1
 90
50
176
1
 90
50
176
1
 90
50
176
1
290
0
176
1
 90
50
176
1
 62
256
176
0
 40
1.0
176
0
 90
2
176
1
  1
strokes_ogs.tif
176
1
290
0
176
1
 40
1.0
176
1
 40
1.0
176
1
  0
VISUALSTYLE
  5
60
102
{ACAD_REACTORS
330
16
102
}
330
16
100
AcDbVisualStyle
  2
EdgeColorOff
 70
22
177
3
291
1
 70
58
 90
2
176
1
 90
2
176
1
 90
0
176
1
 90
2
176
1
 40
0.6
176
1
 40
30.0
176
1
 62
7
420
16777215
176
1
 90
1
176
1
 90
4
176
1
 62
7
176
1
 62
257
176
1
 90
1
176
1
 90
1
176
1
 40
1.0
176
1
 90
8
176
1
 62
7
176
1
 40
1.0
176
1
 90
1
176
1
 90
6
176
1
 90
2
176
1
 62
7
176
1
 90
5
176
1
 90
0
176
1
 90
0
176
1
290
0
176
1
 90
1
176
1
 40
0.0
176
1
 90
0
176
1
290
0
176
1
290
1
176
1
290
1
176
1
290
0
176
1
290
0
176
1
290
0
176
1
290
0
176
1
290
0
176
1
290
0
176
1
 90
50
176
1
 40
0.0
176
1
 40
1.0
176
1
 90
0
176
1
 62
18
420
0
176
1
 90
50
176
1
 90
3
176
1
 62
5
420
255
176
1
290
0
176
1
 90
50
176
1
 90
50
176
1
 90
50
176
1
290
0
176
1
 90
50
176
1
 62
256
176
0
 40
1.0
176
0
 90
2
176
1
  1
strokes_ogs.tif
176
1
290
0
176
1
 40
1.0
176
1
 40
1.0
176
1
  0
VISUALSTYLE
  5
61
102
{ACAD_REACTORS
330
16
102
}
330
16
100
AcDbVisualStyle
  2
Facepattern
 70
15
177
3
291
1
 70
58
 90
2
176
1
 90
2
176
1
 90
0
176
1
 90
2
176
1
 40
0.6
176
1
 40
30.0
176
1
 62
7
420
16777215
176
1
 90
1
176
1
 90
4
176
1
 62
7
176
1
 62
257
176
1
 90
1
176
1
 90
1
176
1
 40
1.0
176
1
 90
8
176
1
 62
7
176
1
 40
1.0
176
1
 90
1
176
1
 90
6
176
1
 90
2
176
1
 62
7
176
1
 90
5
176
1
 90
0
176
1
 90
0
176
1
290
0
176
1
 90
1
176
1
 40
0.0
176
1
 90
0
176
1
290
0
176
1
290
1
176
1
290
1
176
1
290
0
176
1
290
0
176
1
290
0
176
1
290
0
176
1
290
0
176
1
290
0
176
1
 90
50
176
1
 40
0.0
176
1
 40
1.0
176
1
 90
0
176
1
 62
18
420
0
176
1
 90
50
176
1
 90
3
176
1
 62
5
420
255
176
1
290
0
176
1
 90
50
176
1
 90
50
176
1
 90
50
176
1
290
0
176
1
 90
50
176
1
 62
256
176
0
 40
1.0
176
0
 90
2
176
1
  1
strokes_ogs.tif
176
1
290
0
176
1
 40
1.0
176
1
 40
1.0
176
1
  0
VISUALSTYLE
  5
62
102
{ACAD_REACTORS
330
16
102
}
330
16
100
AcDbVisualStyle
  2
Flat
 70
0
177
3
291
1
 70
58
 90
2
176
1
 90
2
176
1
 90
0
176
1
 90
2
176
1
 40
0.6
176
1
 40
30.0
176
1
 62
7
420
16777215
176
1
 90
1
176
1
 90
4
176
1
 62
7
176
1
 62
257
176
1
 90
1
176
1
 90
1
176
1
 40
1.0
176
1
 90
8
176
1
 62
7
176
1
 40
1.0
176
1
 90
1
176
1
 90
6
176
1
 90
2
176
1
 62
7
176
1
 90
5
176
1
 90
0
176
1
 90
0
176
1
290
0
176
1
 90
1
176
1
 40
0.0
176
1
 90
0
176
1
290
0
176
1
290
1
176
1
290
1
176
1
290
0
176
1
290
0
176
1
290
0
176
1
290
0
176
1
290
0
176
1
290
0
176
1
 90
50
176
1
 40
0.0
176
1
 40
1.0
176
1
 90
0
176
1
 62
18
420
0
176
1
 90
50
176
1
 90
3
176
1
 62
5
420
255
176
1
290
0
176
1
 90
50
176
1
 90
50
176
1
 90
50
176
1
290
0
176
1
 90
50
176
1
 62
256
176
0
 40
1.0
176
0
 90
2
176
1
  1
strokes_ogs.tif
176
1
290
0
176
1
 40
1.0
176
1
 40
1.0
176
1
  0
VISUALSTYLE
  5
63
102
{ACAD_REACTORS
330
16
102
}
330
16
100
AcDbVisualStyle
  2
FlatWithEdges
 70
1
177
3
291
1
 70
58
 90
2
176
1
 90
2
176
1
 90
0
176
1
 90
2
176
1
 40
0.6
176
1
 40
30.0
176
1
 62
7
420
16777215
176
1
 90
1
176
1
 90
4
176
1
 62
7
176
1
 62
257
176
1
 90
1
176
1
 90
1
176
1
 40
1.0
176
1
 90
8
176
1
 62
7
176
1
 40
1.0
176
1
 90
1
176
1
 90
6
176
1
 90
2
176
1
 62
7
176
1
 90
5
176
1
 90
0
176
1
 90
0
176
1
290
0
176
1
 90
1
176
1
 40
0.0
176
1
 90
0
176
1
290
0
176
1
290
1
176
1
290
1
176
1
290
0
176
1
290
0
176
1
290
0
176
1
290
0
176
1
290
0
176
1
290
0
176
1
 90
50
176
1
 40
0.0
176
1
 40
1.0
176
1
 90
0
176
1
 62
18
420
0
176
1
 90
50
176
1
 90
3
176
1
 62
5
420
255
176
1
290
0
176
1
 90
50
176
1
 90
50
176
1
 90
50
176
1
290
0
176
1
 90
50
176
1
 62
256
176
0
 40
1.0
176
0
 90
2
176
1
  1
strokes_ogs.tif
176
1
290
0
176
1
 40
1.0
176
1
 40
1.0
176
1
  0
VISUALSTYLE
  5
64
102
{ACAD_REACTORS
330
16
102
}
330
16
100
AcDbVisualStyle
  2
Gouraud
 70
2
177
3
291
1
 70
58
 90
2
176
1
 90
2
176
1
 90
0
176
1
 90
2
176
1
 40
0.6
176
1
 40
30.0
176
1
 62
7
420
16777215
176
1
 90
1
176
1
 90
4
176
1
 62
7
176
1
 62
257
176
1
 90
1
176
1
 90
1
176
1
 40
1.0
176
1
 90
8
176
1
 62
7
176
1
 40
1.0
176
1
 90
1
176
1
 90
6
176
1
 90
2
176
1
 62
7
176
1
 90
5
176
1
 90
0
176
1
 90
0
176
1
290
0
176
1
 90
1
176
1
 40
0.0
176
1
 90
0
176
1
290
0
176
1
290
1
176
1
290
1
176
1
290
0
176
1
290
0
176
1
290
0
176
1
290
0
176
1
290
0
176
1
290
0
176
1
 90
50
176
1
 40
0.0
176
1
 40
1.0
176
1
 90
0
176
1
 62
18
420
0
176
1
 90
50
176
1
 90
3
176
1
 62
5
420
255
176
1
290
0
176
1
 90
50
176
1
 90
50
176
1
 90
50
176
1
290
0
176
1
 90
50
176
1
 62
256
176
0
 40
1.0
176
0
 90
2
176
1
  1
strokes_ogs.tif
176
1
290
0
176
1
 40
1.0
176
1
 40
1.0
176
1
  0
VISUALSTYLE
  5
65
102
{ACAD_REACTORS
330
16
102
}
330
16
100
AcDbVisualStyle
  2
GouraudWithEdges
 70
3
177
3
291
1
 70
58
 90
2
176
1
 90
2
176
1
 90
0
176
1
 90
2
176
1
 40
0.6
176
1
 40
30.0
176
1
 62
7
420
16777215
176
1
 90
1
176
1
 90
4
176
1
 62
7
176
1
 62
257
176
1
 90
1
176
1
 90
1
176
1
 40
1.0
176
1
 90
8
176
1
 62
7
176
1
 40
1.0
176
1
 90
1
176
1
 90
6
176
1
 90
2
176
1
 62
7
176
1
 90
5
176
1
 90
0
176
1
 90
0
176
1
290
0
176
1
 90
1
176
1
 40
0.0
176
1
 90
0
176
1
290
0
176
1
290
1
176
1
290
1
176
1
290
0
176
1
290
0
176
1
290
0
176
1
290
0
176
1
290
0
176
1
290
0
176
1
 90
50
176
1
 40
0.0
176
1
 40
1.0
176
1
 90
0
176
1
 62
18
420
0
176
1
 90
50
176
1
 90
3
176
1
 62
5
420
255
176
1
290
0
176
1
 90
50
176
1
 90
50
176
1
 90
50
176
1
290
0
176
1
 90
50
176
1
 62
256
176
0
 40
1.0
176
0
 90
2
176
1
  1
strokes_ogs.tif
176
1
290
0
176
1
 40
1.0
176
1
 40
1.0
176
1
  0
VISUALSTYLE
  5
66
102
{ACAD_REACTORS
330
16
102
}
330
16
100
AcDbVisualStyle
  2
Hidden
 70
6
177
3
291
0
 70
58
 90
2
176
1
 90
2
176
1
 90
0
176
1
 90
1
176
1
 40
0.6
176
1
 40
30.0
176
1
 62
7
420
16777215
176
1
 90
1
176
1
 90
4
176
1
 62
7
176
1
 62
257
176
1
 90
1
176
1
 90
1
176
1
 40
1.0
176
1
 90
8
176
1
 62
7
176
1
 40
1.0
176
1
 90
1
176
1
 90
6
176
1
 90
2
176
1
 62
7
176
1
 90
5
176
1
 90
0
176
1
 90
0
176
1
290
0
176
1
 90
1
176
1
 40
0.0
176
1
 90
0
176
1
290
0
176
1
290
1
176
1
290
1
176
1
290
0
176
1
290
0
176
1
290
0
176
1
290
0
176
1
290
0
176
1
290
0
176
1
 90
50
176
1
 40
0.0
176
1
 40
1.0
176
1
 90
0
176
1
 62
18
420
0
176
1
 90
50
176
1
 90
3
176
1
 62
5
420
255
176
1
290
0
176
1
 90
50
176
1
 90
50
176
1
 90
50
176
1
290
0
176
1
 90
50
176
1
 62
256
176
0
 40
1.0
176
0
 90
2
176
1
  1
strokes_ogs.tif
176
1
290
0
176
1
 40
1.0
176
1
 40
1.0
176
1
  0
VISUALSTYLE
  5
67
102
{ACAD_REACTORS
330
16
102
}
330
16
100
AcDbVisualStyle
  2
JitterOff
 70
20
177
3
291
1
 70
58
 90
2
176
1
 90
2
176
1
 90
0
176
1
 90
2
176
1
 40
0.6
176
1
 40
30.0
176
1
 62
7
420
16777215
176
1
 90
1
176
1
 90
4
176
1
 62
7
176
1
 62
257
176
1
 90
1
176
1
 90
1
176
1
 40
1.0
176
1
 90
8
176
1
 62
7
176
1
 40
1.0
176
1
 90
1
176
1
 90
6
176
1
 90
2
176
1
 62
7
176
1
 90
5
176
1
 90
0
176
1
 90
0
176
1
290
0
176
1
 90
1
176
1
 40
0.0
176
1
 90
0
176
1
290
0
176
1
290
1
176
1
290
1
176
1
290
0
176
1
290
0
176
1
290
0
176
1
290
0
176
1
290
0
176
1
290
0
176
1
 90
50
176
1
 40
0.0
176
1
 40
1.0
176
1
 90
0
176
1
 62
18
420
0
176
1
 90
50
176
1
 90
3
176
1
 62
5
420
255
176
1
290
0
176
1
 90
50
176
1
 90
50
176
1
 90
50
176
1
290
0
176
1
 90
50
176
1
 62
256
176
0
 40
1.0
176
0
 90
2
176
1
  1
strokes_ogs.tif
176
1
290
0
176
1
 40
1.0
176
1
 40
1.0
176
1
  0
VISUALSTYLE
  5
68
102
{ACAD_REACTORS
330
16
102
}
330
16
100
AcDbVisualStyle
  2
Linepattern
 70
14
177
3
291
1
 70
58
 90
2
176
1
 90
2
176
1
 90
0
176
1
 90
2
176
1
 40
0.6
176
1
 40
30.0
176
1
 62
7
420
16777215
176
1
 90
1
176
1
 90
4
176
1
 62
7
176
1
 62
257
176
1
 90
1
176
1
 90
1
176
1
 40
1.0
176
1
 90
8
176
1
 62
7
176
1
 40
1.0
176
1
 90
1
176
1
 90
6
176
1
 90
2
176
1
 62
7
176
1
 90
5
176
1
 90
0
176
1
 90
0
176
1
290
0
176
1
 90
1
176
1
 40
0.0
176
1
 90
0
176
1
290
0
176
1
290
1
176
1
290
1
176
1
290
0
176
1
290
0
176
1
290
0
176
1
290
0
176
1
290
0
176
1
290
0
176
1
 90
50
176
1
 40
0.0
176
1
 40
1.0
176
1
 90
0
176
1
 62
18
420
0
176
1
 90
50
176
1
 90
3
176
1
 62
5
420
255
176
1
290
0
176
1
 90
50
176
1
 90
50
176
1
 90
50
176
1
290
0
176
1
 90
50
176
1
 62
256
176
0
 40
1.0
176
0
 90
2
176
1
  1
strokes_ogs.tif
176
1
290
0
176
1
 40
1.0
176
1
 40
1.0
176
1
  0
VISUALSTYLE
  5
69
102
{ACAD_REACTORS
330
16
102
}
330
16
100
AcDbVisualStyle
  2
Modeling
 70
10
177
3
291
0
 70
58
 90
2
176
1
 90
2
176
1
 90
0
176
1
 90
2
176
1
 40
0.6
176
1
 40
30.0
176
1
 62
7
420
16777215
176
1
 90
1
176
1
 90
4
176
1
 62
7
176
1
 62
257
176
1
 90
1
176
1
 90
1
176
1
 40
1.0
176
1
 90
8
176
1
 62
7
176
1
 40
1.0
176
1
 90
1
176
1
 90
6
176
1
 90
2
176
1
 62
7
176
1
 90
5
176
1
 90
0
176
1
 90
0
176
1
290
0
176
1
 90
1
176
1
 40
0.0
176
1
 90
0
176
1
290
0
176
1
290
1
176
1
290
1
176
1
290
0
176
1
290
0
176
1
290
0
176
1
290
0
176
1
290
0
176
1
290
0
176
1
 90
50
176
1
 40
0.0
176
1
 40
1.0
176
1
 90
0
176
1
 62
18
420
0
176
1
 90
50
176
1
 90
3
176
1
 62
5
420
255
176
1
290
0
176
1
 90
50
176
1
 90
50
176
1
 90
50
176
1
290
0
176
1
 90
50
176
1
 62
256
176
0
 40
1.0
176
0
 90
2
176
1
  1
strokes_ogs.tif
176
1
290
0
176
1
 40
1.0
176
1
 40
1.0
176
1
  0
VISUALSTYLE
  5
6A
102
{ACAD_REACTORS
330
16
102
}
330
16
100
AcDbVisualStyle
  2
OverhangOff
 70
21
177
3
291
1
 70
58
 90
2
176
1
 90
2
176
1
 90
0
176
1
 90
2
176
1
 40
0.6
176
1
 40
30.0
176
1
 62
7
420
16777215
176
1
 90
1
176
1
 90
4
176
1
 62
7
176
1
 62
257
176
1
 90
1
176
1
 90
1
176
1
 40
1.0
176
1
 90
8
176
1
 62
7
176
1
 40
1.0
176
1
 90
1
176
1
 90
6
176
1
 90
2
176
1
 62
7
176
1
 90
5
176
1
 90
0
176
1
 90
0
176
1
290
0
176
1
 90
1
176
1
 40
0.0
176
1
 90
0
176
1
290
0
176
1
290
1
176
1
290
1
176
1
290
0
176
1
290
0
176
1
290
0
176
1
290
0
176
1
290
0
176
1
290
0
176
1
 90
50
176
1
 40
0.0
176
1
 40
1.0
176
1
 90
0
176
1
 62
18
420
0
176
1
 90
50
176
1
 90
3
176
1
 62
5
420
255
176
1
290
0
176
1
 90
50
176
1
 90
50
176
1
 90
50
176
1
290
0
176
1
 90
50
176
1
 62
256
176
0
 40
1.0
176
0
 90
2
176
1
  1
strokes_ogs.tif
176
1
290
0
176
1
 40
1.0
176
1
 40
1.0
176
1
  0
VISUALSTYLE
  5
6B
102
{ACAD_REACTORS
330
16
102
}
330
16
100
AcDbVisualStyle
  2
Realistic
 70
8
177
3
291
0
 70
58
 90
2
176
1
 90
2
176
1
 90
0
176
1
 90
2
176
1
 40
0.6
176
1
 40
30.0
176
1
 62
7
420
16777215
176
1
 90
1
176
1
 90
4
176
1
 62
7
176
1
 62
257
176
1
 90
1
176
1
 90
1
176
1
 40
1.0
176
1
 90
8
176
1
 62
7
176
1
 40
1.0
176
1
 90
1
176
1
 90
6
176
1
 90
2
176
1
 62
7
176
1
 90
5
176
1
 90
0
176
1
 90
0
176
1
290
0
176
1
 90
1
176
1
 40
0.0
176
1
 90
0
176
1
290
0
176
1
290
1
176
1
290
1
176
1
290
0
176
1
290
0
176
1
290
0
176
1
290
0
176
1
290
0
176
1
290
0
176
1
 90
50
176
1
 40
0.0
176
1
 40
1.0
176
1
 90
0
176
1
 62
18
420
0
176
1
 90
50
176
1
 90
3
176
1
 62
5
420
255
176
1
290
0
176
1
 90
50
176
1
 90
50
176
1
 90
50
176
1
290
0
176
1
 90
50
176
1
 62
256
176
0
 40
1.0
176
0
 90
2
176
1
  1
strokes_ogs.tif
176
1
290
0
176
1
 40
1.0
176
1
 40
1.0
176
1
  0
VISUALSTYLE
  5
6C
102
{ACAD_REACTORS
330
16
102
}
330
16
100
AcDbVisualStyle
  2
Shaded
 70
27
177
3
291
0
 70
58
 90
2
176
1
 90
2
176
1
 90
0
176
1
 90
2
176
1
 40
0.6
176
1
 40
30.0
176
1
 62
7
420
16777215
176
1
 90
1
176
1
 90
4
176
1
 62
7
176
1
 62
257
176
1
 90
1
176
1
 90
1
176
1
 40
1.0
176
1
 90
8
176
1
 62
7
176
1
 40
1.0
176
1
 90
1
176
1
 90
6
176
1
 90
2
176
1
 62
7
176
1
 90
5
176
1
 90
0
176
1
 90
0
176
1
290
0
176
1
 90
1
176
1
 40
0.0
176
1
 90
0
176
1
290
0
176
1
290
1
176
1
290
1
176
1
290
0
176
1
290
0
176
1
290
0
176
1
290
0
176
1
290
0
176
1
290
0
176
1
 90
50
176
1
 40
0.0
176
1
 40
1.0
176
1
 90
0
176
1
 62
18
420
0
176
1
 90
50
176
1
 90
3
176
1
 62
5
420
255
176
1
290
0
176
1
 90
50
176
1
 90
50
176
1
 90
50
176
1
290
0
176
1
 90
50
176
1
 62
256
176
0
 40
1.0
176
0
 90
2
176
1
  1
strokes_ogs.tif
176
1
290
0
176
1
 40
1.0
176
1
 40
1.0
176
1
  0
VISUALSTYLE
  5
6D
102
{ACAD_REACTORS
330
16
102
}
330
16
100
AcDbVisualStyle
  2
Shaded with edges
 70
26
177
3
291
0
 70
58
 90
2
176
1
 90
2
176
1
 90
0
176
1
 90
2
176
1
 40
0.6
176
1
 40
30.0
176
1
 62
7
420
16777215
176
1
 90
1
176
1
 90
4
176
1
 62
7
176
1
 62
257
176
1
 90
1
176
1
 90
1
176
1
 40
1.0
176
1
 90
8
176
1
 62
7
176
1
 40
1.0
176
1
 90
1
176
1
 90
6
176
1
 90
2
176
1
 62
7
176
1
 90
5
176
1
 90
0
176
1
 90
0
176
1
290
0
176
1
 90
1
176
1
 40
0.0
176
1
 90
0
176
1
290
0
176
1
290
1
176
1
290
1
176
1
290
0
176
1
290
0
176
1
290
0
176
1
290
0
176
1
290
0
176
1
290
0
176
1
 90
50
176
1
 40
0.0
176
1
 40
1.0
176
1
 90
0
176
1
 62
18
420
0
176
1
 90
50
176
1
 90
3
176
1
 62
5
420
255
176
1
290
0
176
1
 90
50
176
1
 90
50
176
1
 90
50
176
1
290
0
176
1
 90
50
176
1
 62
256
176
0
 40
1.0
176
0
 90
2
176
1
  1
strokes_ogs.tif
176
1
290
0
176
1
 40
1.0
176
1
 40
1.0
176
1
  0
VISUALSTYLE
  5
6E
102
{ACAD_REACTORS
330
16
102
}
330
16
100
AcDbVisualStyle
  2
Shades of Gray
 70
23
177
3
291
0
 70
58
 90
2
176
1
 90
2
176
1
 90
0
176
1
 90
2
176
1
 40
0.6
176
1
 40
30.0
176
1
 62
7
420
16777215
176
1
 90
1
176
1
 90
4
176
1
 62
7
176
1
 62
257
176
1
 90
1
176
1
 90
1
176
1
 40
1.0
176
1
 90
8
176
1
 62
7
176
1
 40
1.0
176
1
 90
1
176
1
 90
6
176
1
 90
2
176
1
 62
7
176
1
 90
5
176
1
 90
0
176
1
 90
0
176
1
290
0
176
1
 90
1
176
1
 40
0.0
176
1
 90
0
176
1
290
0
176
1
290
1
176
1
290
1
176
1
290
0
176
1
290
0
176
1
290
0
176
1
290
0
176
1
290
0
176
1
290
0
176
1
 90
50
176
1
 40
0.0
176
1
 40
1.0
176
1
 90
0
176
1
 62
18
420
0
176
1
 90
50
176
1
 90
3
176
1
 62
5
420
255
176
1
290
0
176
1
 90
50
176
1
 90
50
176
1
 90
50
176
1
290
0
176
1
 90
50
176
1
 62
256
176
0
 40
1.0
176
0
 90
2
176
1
  1
strokes_ogs.tif
176
1
290
0
176
1
 40
1.0
176
1
 40
1.0
176
1
  0
VISUALSTYLE
  5
6F
102
{ACAD_REACTORS
330
16
102
}
330
16
100
AcDbVisualStyle
  2
Sketchy
 70
24
177
3
291
0
 70
58
 90
2
176
1
 90
2
176
1
 90
0
176
1
 90
1
176
1
 40
0.6
176
1
 40
30.0
176
1
 62
7
420
16777215
176
1
 90
1
176
1
 90
4
176
1
 62
7
176
1
 62
257
176
1
 90
1
176
1
 90
1
176
1
 40
1.0
176
1
 90
8
176
1
 62
7
176
1
 40
1.0
176
1
 90
1
176
1
 90
6
176
1
 90
2
176
1
 62
7
176
1
 90
5
176
1
 90
0
176
1
 90
0
176
1
290
0
176
1
 90
1
176
1
 40
0.0
176
1
 90
0
176
1
290
0
176
1
290
1
176
1
290
1
176
1
290
0
176
1
290
0
176
1
290
0
176
1
290
0
176
1
290
0
176
1
290
0
176
1
 90
50
176
1
 40
0.0
176
1
 40
1.0
176
1
 90
0
176
1
 62
18
420
0
176
1
 90
50
176
1
 90
3
176
1
 62
5
420
255
176
1
290
0
176
1
 90
50
176
1
 90
50
176
1
 90
50
176
1
290
0
176
1
 90
50
176
1
 62
256
176
0
 40
1.0
176
0
 90
2
176
1
  1
strokes_ogs.tif
176
1
290
0
176
1
 40
1.0
176
1
 40
1.0
176
1
  0
VISUALSTYLE
  5
70
102
{ACAD_REACTORS
330
16
102
}
330
16
100
AcDbVisualStyle
  2
Thicken
 70
13
177
3
291
1
 70
58
 90
2
176
1
 90
2
176
1
 90
0
176
1
 90
2
176
1
 40
0.6
176
1
 40
30.0
176
1
 62
7
420
16777215
176
1
 90
1
176
1
 90
4
176
1
 62
7
176
1
 62
257
176
1
 90
1
176
1
 90
1
176
1
 40
1.0
176
1
 90
8
176
1
 62
7
176
1
 40
1.0
176
1
 90
1
176
1
 90
6
176
1
 90
2
176
1
 62
7
176
1
 90
5
176
1
 90
0
176
1
 90
0
176
1
290
0
176
1
 90
1
176
1
 40
0.0
176
1
 90
0
176
1
290
0
176
1
290
1
176
1
290
1
176
1
290
0
176
1
290
0
176
1
290
0
176
1
290
0
176
1
290
0
176
1
290
0
176
1
 90
50
176
1
 40
0.0
176
1
 40
1.0
176
1
 90
0
176
1
 62
18
420
0
176
1
 90
50
176
1
 90
3
176
1
 62
5
420
255
176
1
290
0
176
1
 90
50
176
1
 90
50
176
1
 90
50
176
1
290
0
176
1
 90
50
176
1
 62
256
176
0
 40
1.0
176
0
 90
2
176
1
  1
strokes_ogs.tif
176
1
290
0
176
1
 40
1.0
176
1
 40
1.0
176
1
  0
VISUALSTYLE
  5
71
102
{ACAD_REACTORS
330
16
102
}
330
16
100
AcDbVisualStyle
  2
Wireframe
 70
5
177
3
291
0
 70
58
 90
2
176
1
 90
2
176
1
 90
0
176
1
 90
0
176
1
 40
0.6
176
1
 40
30.0
176
1
 62
7
420
16777215
176
1
 90
1
176
1
 90
4
176
1
 62
7
176
1
 62
257
176
1
 90
1
176
1
 90
1
176
1
 40
1.0
176
1
 90
8
176
1
 62
7
176
1
 40
1.0
176
1
 90
1
176
1
 90
6
176
1
 90
2
176
1
 62
7
176
1
 90
5
176
1
 90
0
176
1
 90
0
176
1
290
0
176
1
 90
1
176
1
 40
0.0
176
1
 90
0
176
1
290
0
176
1
290
1
176
1
290
1
176
1
290
0
176
1
290
0
176
1
290
0
176
1
290
0
176
1
290
0
176
1
290
0
176
1
 90
50
176
1
 40
0.0
176
1
 40
1.0
176
1
 90
0
176
1
 62
18
420
0
176
1
 90
50
176
1
 90
3
176
1
 62
5
420
255
176
1
290
0
176
1
 90
50
176
1
 90
50
176
1
 90
50
176
1
290
0
176
1
 90
50
176
1
 62
256
176
0
 40
1.0
176
0
 90
2
176
1
  1
strokes_ogs.tif
176
1
290
0
176
1
 40
1.0
176
1
 40
1.0
176
1
  0
VISUALSTYLE
  5
72
102
{ACAD_REACTORS
330
16
102
}
330
16
100
AcDbVisualStyle
  2
X-Ray
 70
25
177
3
291
0
 70
58
 90
2
176
1
 90
2
176
1
 90
0
176
1
 90
2
176
1
 40
0.5
176
1
 40
30.0
176
1
 62
7
420
16777215
176
1
 90
1
176
1
 90
4
176
1
 62
7
176
1
 62
257
176
1
 90
1
176
1
 90
1
176
1
 40
1.0
176
1
 90
8
176
1
 62
7
176
1
 40
1.0
176
1
 90
1
176
1
 90
6
176
1
 90
2
176
1
 62
7
176
1
 90
5
176
1
 90
0
176
1
 90
0
176
1
290
0
176
1
 90
1
176
1
 40
0.0
176
1
 90
0
176
1
290
0
176
1
290
1
176
1
290
1
176
1
290
0
176
1
290
0
176
1
290
0
176
1
290
0
176
1
290
0
176
1
290
0
176
1
 90
50
176
1
 40
0.0
176
1
 40
1.0
176
1
 90
0
176
1
 62
18
420
0
176
1
 90
50
176
1
 90
3
176
1
 62
5
420
255
176
1
290
0
176
1
 90
50
176
1
 90
50
176
1
 90
50
176
1
290
0
176
1
 90
50
176
1
 62
256
176
0
 40
1.0
176
0
 90
2
176
1
  1
strokes_ogs.tif
176
1
290
0
176
1
 40
1.0
176
1
 40
1.0
176
1
  0
DICTIONARYVAR
  5
2A6
330
2D
100
DictionaryVariables
280
0
  1
1.4.4 @ 2026-09-24T00:11:57.046373+00:00
  0
ENDSEC
  0
EOF
