  0
SECTION
  2
HEADER
  9
$ACADVER
  1
AC1027
  9
$ACADMAINTVER
 70
105
  9
$DWGCODEPAGE
  3
ANSI_1252
  9
$LASTSAVEDBY
  1
ezdxf
  9
$REQUIREDVERSIONS
160
0
  9
$INSBASE
 10
0.0
 20
0.0
 30
0.0
  9
$EXTMIN
 10
1e+20
 20
1e+20
 30
1e+20
  9
$EXTMAX
 10
-1e+20
 20
-1e+20
 30
-1e+20
  9
$LIMMIN
 10
0.0
 20
0.0
  9
$LIMMAX
 10
420.0
 20
297.0
  9
$ORTHOMODE
 70
0
  9
$REGENMODE
 70
1
  9
$FILLMODE
 70
1
  9
$QTEXTMODE
 70
0
  9
$MIRRTEXT
 70
1
  9
$LTSCALE
 40
1.0
  9
$ATTMODE
 70
1
  9
$TEXTSIZE
 40
2.5
  9
$TRACEWID
 40
1.0
  9
$TEXTSTYLE
  7
OpenSans
  9
$CLAYER
  8
0
  9
$CELTYPE
  6
ByLayer
  9
$CECOLOR
 62
256
  9
$CELTSCALE
 40
1.0
  9
$DISPSILH
 70
0
  9
$DIMSCALE
 40
1.0
  9
$DIMASZ
 40
0.175
  9
$DIMEXO
 40
0.125
  9
$DIMDLI
 40
3.75
  9
$DIMRND
 40
0.0
  9
$DIMDLE
 40
0.0
  9
$DIMEXE
 40
0.375
  9
$DIMTP
 40
0.0
  9
$DIMTM
 40
0.0
  9
$DIMTXT
 40
0.25
  9
$DIMCEN
 40
2.5
  9
$DIMTSZ
 40
0.0
  9
$DIMTOL
 70
0
  9
$DIMLIM
 70
0
  9
$DIMTIH
 70
0
  9
$DIMTOH
 70
0
  9
$DIMSE1
 70
0
  9
$DIMSE2
 70
0
  9
$DIMTAD
 70
1
  9
$DIMZIN
 70
12
  9
$DIMBLK
  1
ARCHTICK
  9
$DIMASO
 70
1
  9
$DIMSHO
 70
1
  9
$DIMPOST
  1

  9
$DIMAPOST
  1

  9
$DIMALT
 70
0
  9
$DIMALTD
 70
3
  9
$DIMALTF
 40
0.03937007874
  9
$DIMLFAC
 40
100.0
  9
$DIMTOFL
 70
1
  9
$DIMTVP
 40
0.0
  9
$DIMTIX
 70
0
  9
$DIMSOXD
 70
0
  9
$DIMSAH
 70
0
  9
$DIMBLK1
  1

  9
$DIMBLK2
  1

  9
$DIMSTYLE
  2
EZDXF
  9
$DIMCLRD
 70
0
  9
$DIMCLRE
 70
0
  9
$DIMCLRT
 70
0
  9
$DIMTFAC
 40
0.5
  9
$DIMGAP
 40
0.1
  9
$DIMJUST
 70
0
  9
$DIMSD1
 70
0
  9
$DIMSD2
 70
0
  9
$DIMTOLJ
 70
0
  9
$DIMTZIN
 70
8
  9
$DIMALTZ
 70
0
  9
$DIMALTTZ
 70
0
  9
$DIMUPT
 70
1
  9
$DIMDEC
 70
2
  9
$DIMTDEC
 70
2
  9
$DIMALTU
 70
2
  9
$DIMALTTD
 70
3
  9
$DIMTXSTY
  7
OpenSansCondensed-Light
  9
$DIMAUNIT
 70
0
  9
$DIMADEC
 70
2
  9
$DIMALTRND
 40
0.0
  9
$DIMAZIN
 70
3
  9
$DIMDSEP
 70
46
  9
$DIMATFIT
 70
3
  9
$DIMFRAC
 70
0
  9
$DIMLDRBLK
  1

  9
$DIMLUNIT
 70
2
  9
$DIMLWD
 70
-2
  9
$DIMLWE
 70
-2
  9
$DIMTMOVE
 70
2
  9
$DIMFXL
 40
1.0
  9
$DIMFXLON
 70
0
  9
$DIMJOGANG
 40
0.785398163397
  9
$DIMTFILL
 70
0
  9
$DIMTFILLCLR
 70
0
  9
$DIMARCSYM
 70
0
  9
$DIMLTYPE
  6

  9
$DIMLTEX1
  6

  9
$DIMLTEX2
  6

  9
$DIMTXTDIRECTION
 70
0
  9
$LUNITS
 70
2
  9
$LUPREC
 70
4
  9
$SKETCHINC
 40
1.0
  9
$FILLETRAD
 40
10.0
  9
$AUNITS
 70
0
  9
$AUPREC
 70
2
  9
$MENU
  1
.
  9
$ELEVATION
 40
0.0
  9
$PELEVATION
 40
0.0
  9
$THICKNESS
 40
0.0
  9
$LIMCHECK
 70
0
  9
$CHAMFERA
 40
0.0
  9
$CHAMFERB
 40
0.0
  9
$CHAMFERC
 40
0.0
  9
$CHAMFERD
 40
0.0
  9
$SKPOLY
 70
0
  9
$TDCREATE
 40
2461306.617002315
  9
$TDUCREATE
 40
2458532.153996898
  9
$TDUPDATE
 40
2461306.617013889
  9
$TDUUPDATE
 40
2458532.1544311
  9
$TDINDWG
 40
0.0
  9
$TDUSRTIMER
 40
0.0
  9
$USRTIMER
 70
1
  9
$ANGBASE
 50
0.0
  9
$ANGDIR
 70
0
  9
$PDMODE
 70
0
  9
$PDSIZE
 40
0.0
  9
$PLINEWID
 40
0.0
  9
$SPLFRAME
 70
0
  9
$SPLINETYPE
 70
6
  9
$SPLINESEGS
 70
8
  9
$HANDSEED
  5
5F1
  9
$SURFTAB1
 70
6
  9
$SURFTAB2
 70
6
  9
$SURFTYPE
 70
6
  9
$SURFU
 70
6
  9
$SURFV
 70
6
  9
$UCSBASE
  2

  9
$UCSNAME
  2

  9
$UCSORG
 10
0.0
 20
0.0
 30
0.0
  9
$UCSXDIR
 10
1.0
 20
0.0
 30
0.0
  9
$UCSYDIR
 10
0.0
 20
1.0
 30
0.0
  9
$UCSORTHOREF
  2

  9
$UCSORTHOVIEW
 70
0
  9
$UCSORGTOP
 10
0.0
 20
0.0
 30
0.0
  9
$UCSORGBOTTOM
 10
0.0
 20
0.0
 30
0.0
  9
$UCSORGLEFT
 10
0.0
 20
0.0
 30
0.0
  9
$UCSORGRIGHT
 10
0.0
 20
0.0
 30
0.0
  9
$UCSORGFRONT
 10
0.0
 20
0.0
 30
0.0
  9
$UCSORGBACK
 10
0.0
 20
0.0
 30
0.0
  9
$PUCSBASE
  2

  9
$PUCSNAME
  2

  9
$PUCSORG
 10
0.0
 20
0.0
 30
0.0
  9
$PUCSXDIR
 10
1.0
 20
0.0
 30
0.0
  9
$PUCSYDIR
 10
0.0
 20
1.0
 30
0.0
  9
$PUCSORTHOREF
  2

  9
$PUCSORTHOVIEW
 70
0
  9
$PUCSORGTOP
 10
0.0
 20
0.0
 30
0.0
  9
$PUCSORGBOTTOM
 10
0.0
 20
0.0
 30
0.0
  9
$PUCSORGLEFT
 10
0.0
 20
0.0
 30
0.0
  9
$PUCSORGRIGHT
 10
0.0
 20
0.0
 30
0.0
  9
$PUCSORGFRONT
 10
0.0
 20
0.0
 30
0.0
  9
$PUCSORGBACK
 10
0.0
 20
0.0
 30
0.0
  9
$USERI1
 70
0
  9
$USERI2
 70
0
  9
$USERI3
 70
0
  9
$USERI4
 70
0
  9
$USERI5
 70
0
  9
$USERR1
 40
0.0
  9
$USERR2
 40
0.0
  9
$USERR3
 40
0.0
  9
$USERR4
 40
0.0
  9
$USERR5
 40
0.0
  9
$WORLDVIEW
 70
1
  9
$SHADEDGE
 70
3
  9
$SHADEDIF
 70
70
  9
$TILEMODE
 70
1
  9
$MAXACTVP
 70
64
  9
$PINSBASE
 10
0.0
 20
0.0
 30
0.0
  9
$PLIMCHECK
 70
0
  9
$PEXTMIN
 10
1e+20
 20
1e+20
 30
1e+20
  9
$PEXTMAX
 10
-1e+20
 20
-1e+20
 30
-1e+20
  9
$PLIMMIN
 10
0.0
 20
0.0
  9
$PLIMMAX
 10
420.0
 20
297.0
  9
$UNITMODE
 70
0
  9
$VISRETAIN
 70
1
  9
$PLINEGEN
 70
0
  9
$PSLTSCALE
 70
1
  9
$TREEDEPTH
 70
3020
  9
$CMLSTYLE
  2
Standard
  9
$CMLJUST
 70
0
  9
$CMLSCALE
 40
20.0
  9
$PROXYGRAPHICS
 70
1
  9
$MEASUREMENT
 70
1
  9
$CELWEIGHT
370
-1
  9
$ENDCAPS
280
0
  9
$JOINSTYLE
280
0
  9
$LWDISPLAY
290
0
  9
$INSUNITS
 70
4
  9
$HYPERLINKBASE
  1

  9
$STYLESHEET
  1

  9
$XEDIT
290
1
  9
$CEPSNTYPE
380
0
  9
$PSTYLEMODE
290
1
  9
$FINGERPRINTGUID
  2
{9D4A3C4B-E32F-4BDE-9262-0ED6B2F80FC8}
  9
$VERSIONGUID
  2
{A88A7397-0A44-4E84-A818-236E8482BF2B}
  9
$EXTNAMES
290
1
  9
$PSVPSCALE
 40
0.0
  9
$OLESTARTUP
290
0
  9
$SORTENTS
280
127
  9
$INDEXCTL
280
0
  9
$HIDETEXT
280
1
  9
$XCLIPFRAME
280
1
  9
$HALOGAP
280
0
  9
$OBSCOLOR
 70
257
  9
$OBSLTYPE
280
0
  9
$INTERSECTIONDISPLAY
280
0
  9
$INTERSECTIONCOLOR
 70
257
  9
$DIMASSOC
280
2
  9
$PROJECTNAME
  1

  9
$CAMERADISPLAY
290
0
  9
$LENSLENGTH
 40
50.0
  9
$CAMERAHEIGHT
 40
0.0
  9
$STEPSPERSEC
 40
24.0
  9
$STEPSIZE
 40
100.0
  9
$3DDWFPREC
 40
2.0
  9
$PSOLWIDTH
 40
0.005
  9
$PSOLHEIGHT
 40
0.08
  9
$LOFTANG1
 40
1.570796326795
  9
$LOFTANG2
 40
1.570796326795
  9
$LOFTMAG1
 40
0.0
  9
$LOFTMAG2
 40
0.0
  9
$LOFTPARAM
 70
7
  9
$LOFTNORMALS
280
1
  9
$LATITUDE
 40
37.795
  9
$LONGITUDE
 40
-122.394
  9
$NORTHDIRECTION
 40
0.0
  9
$TIMEZONE
 70
-8000
  9
$LIGHTGLYPHDISPLAY
280
1
  9
$TILEMODELIGHTSYNCH
280
1
  9
$CMATERIAL
347
20
  9
$SOLIDHIST
280
0
  9
$SHOWHIST
280
1
  9
$DWFFRAME
280
2
  9
$DGNFRAME
280
2
  9
$REALWORLDSCALE
290
1
  9
$INTERFERECOLOR
 62
256
  9
$CSHADOW
280
0
  9
$SHADOWPLANELOCATION
 40
0.0
  0
ENDSEC
  0
SECTION
  2
CLASSES
  0
CLASS
  1
ACDBDICTIONARYWDFLT
  2
AcDbDictionaryWithDefault
  3
ObjectDBX Classes
 90
0
 91
0
280
0
281
0
  0
CLASS
  1
SUN
  2
AcDbSun
  3
SCENEOE
 90
1153
 91
0
280
0
281
0
  0
CLASS
  1
VISUALSTYLE
  2
AcDbVisualStyle
  3
ObjectDBX Classes
 90
4095
 91
0
280
0
281
0
  0
CLASS
  1
MATERIAL
  2
AcDbMaterial
  3
ObjectDBX Classes
 90
1153
 91
0
280
0
281
0
  0
CLASS
  1
SCALE
  2
AcDbScale
  3
ObjectDBX Classes
 90
1153
 91
0
280
0
281
0
  0
CLASS
  1
TABLESTYLE
  2
AcDbTableStyle
  3
ObjectDBX Classes
 90
4095
 91
0
280
0
281
0
  0
CLASS
  1
MLEADERSTYLE
  2
AcDbMLeaderStyle
  3
ACDB_MLEADERSTYLE_CLASS
 90
4095
 91
0
280
0
281
0
  0
CLASS
  1
DICTIONARYVAR
  2
AcDbDictionaryVar
  3
ObjectDBX Classes
 90
0
 91
0
280
0
281
0
  0
CLASS
  1
CELLSTYLEMAP
  2
AcDbCellStyleMap
  3
ObjectDBX Classes
 90
1152
 91
0
280
0
281
0
  0
CLASS
  1
MENTALRAYRENDERSETTINGS
  2
AcDbMentalRayRenderSettings
  3
SCENEOE
 90
1024
 91
0
280
0
281
0
  0
CLASS
  1
ACDBDETAILVIEWSTYLE
  2
AcDbDetailViewStyle
  3
ObjectDBX Classes
 90
1025
 91
0
280
0
281
0
  0
CLASS
  1
ACDBSECTIONVIEWSTYLE
  2
AcDbSectionViewStyle
  3
ObjectDBX Classes
 90
1025
 91
0
280
0
281
0
  0
CLASS
  1
RASTERVARIABLES
  2
AcDbRasterVariables
  3
ISM
 90
0
 91
0
280
0
281
0
  0
CLASS
  1
LAYOUT
  2
AcDbLayout
  3
ObjectDBX Classes
 90
0
 91
0
280
0
281
0
  0
CLASS
  1
ACDBPLACEHOLDER
  2
AcDbPlaceHolder
  3
ObjectDBX Classes
 90
0
 91
0
280
0
281
0
  0
ENDSEC
  0
SECTION
  2
TABLES
  0
TABLE
  2
VPORT
  5
8
330
0
100
AcDbSymbolTable
 70
1
  0
VPORT
  5
23
330
8
100
AcDbSymbolTableRecord
100
AcDbViewportTableRecord
  2
*Active
 70
0
 10
0.0
 20
0.0
 11
1.0
 21
1.0
 12
0.0
 22
0.0
 13
0.0
 23
0.0
 14
0.5
 24
0.5
 15
0.5
 25
0.5
 16
0.0
 26
0.0
 36
1.0
 17
0.0
 27
0.0
 37
0.0
 40
1000.0
 41
1.34
 42
50.0
 43
0.0
 44
0.0
 50
0.0
 51
0.0
 71
0
 72
1000
 73
1
 74
3
 75
0
 76
0
 77
0
 78
0
281
0
 65
0
146
0.0
  0
ENDTAB
  0
TABLE
  2
LTYPE
  5
2
330
0
100
AcDbSymbolTable
 70
21
  0
LTYPE
  5
24
330
2
100
AcDbSymbolTableRecord
100
AcDbLinetypeTableRecord
  2
ByBlock
 70
0
  3

 72
65
 73
0
 40
0.0
  0
LTYPE
  5
25
330
2
100
AcDbSymbolTableRecord
100
AcDbLinetypeTableRecord
  2
ByLayer
 70
0
  3

 72
65
 73
0
 40
0.0
  0
LTYPE
  5
26
330
2
100
AcDbSymbolTableRecord
100
AcDbLinetypeTableRecord
  2
Continuous
 70
0
  3

 72
65
 73
0
 40
0.0
  0
LTYPE
  5
2F
330
2
100
AcDbSymbolTableRecord
100
AcDbLinetypeTableRecord
  2
CENTER
 70
0
  3
Center ____ _ ____ _ ____ _ ____ _ ____ _ ____
 72
65
 73
4
 40
5.08
 49
3.175
 74
0
 49
-0.635
 74
0
 49
0.635
 74
0
 49
-0.635
 74
0
  0
LTYPE
  5
30
330
2
100
AcDbSymbolTableRecord
100
AcDbLinetypeTableRecord
  2
CENTERX2
 70
0
  3
Center (2x) ________  __  ________  __  ________
 72
65
 73
4
 40
8.89
 49
6.35
 74
0
 49
-0.635
 74
0
 49
1.27
 74
0
 49
-0.635
 74
0
  0
LTYPE
  5
31
330
2
100
AcDbSymbolTableRecord
100
AcDbLinetypeTableRecord
  2
CENTER2
 70
0
  3
Center (.5x) ____ _ ____ _ ____ _ ____ _ ____
 72
65
 73
4
 40
2.54
 49
1.587
 74
0
 49
-0.318
 74
0
 49
0.318
 74
0
 49
-0.318
 74
0
  0
LTYPE
  5
32
330
2
100
AcDbSymbolTableRecord
100
AcDbLinetypeTableRecord
  2
DASHED
 70
0
  3
Dashed __ __ __ __ __ __ __ __ __ __ __ __ __ _
 72
65
 73
2
 40
1.524
 49
1.27
 74
0
 49
-0.254
 74
0
  0
LTYPE
  5
33
330
2
100
AcDbSymbolTableRecord
100
AcDbLinetypeTableRecord
  2
DASHEDX2
 70
0
  3
Dashed (2x) ____  ____  ____  ____  ____  ____
 72
65
 73
2
 40
3.048
 49
2.54
 74
0
 49
-0.508
 74
0
  0
LTYPE
  5
34
330
2
100
AcDbSymbolTableRecord
100
AcDbLinetypeTableRecord
  2
DASHED2
 70
0
  3
Dashed (.5x) _ _ _ _ _ _ _ _ _ _ _ _ _ _
 72
65
 73
2
 40
0.762
 49
0.635
 74
0
 49
-0.127
 74
0
  0
LTYPE
  5
35
330
2
100
AcDbSymbolTableRecord
100
AcDbLinetypeTableRecord
  2
PHANTOM
 70
0
  3
Phantom ______  __  __  ______  __  __  ______
 72
65
 73
6
 40
6.35
 49
3.175
 74
0
 49
-0.635
 74
0
 49
0.635
 74
0
 49
-0.635
 74
0
 49
0.635
 74
0
 49
-0.635
 74
0
  0
LTYPE
  5
36
330
2
100
AcDbSymbolTableRecord
100
AcDbLinetypeTableRecord
  2
PHANTOMX2
 70
0
  3
Phantom (2x)____________    ____    ____    ____________
 72
65
 73
6
 40
10.795
 49
6.35
 74
0
 49
-0.635
 74
0
 49
1.27
 74
0
 49
-0.635
 74
0
 49
1.27
 74
0
 49
-0.635
 74
0
  0
LTYPE
  5
37
330
2
100
AcDbSymbolTableRecord
100
AcDbLinetypeTableRecord
  2
PHANTOM2
 70
0
  3
Phantom (.5x) ___ _ _ ___ _ _ ___ _ _ ___ _ _ ___
 72
65
 73
6
 40
3.175
 49
1.587
 74
0
 49
-0.318
 74
0
 49
0.318
 74
0
 49
-0.318
 74
0
 49
0.318
 74
0
 49
-0.318
 74
0
  0
LTYPE
  5
38
330
2
100
AcDbSymbolTableRecord
100
AcDbLinetypeTableRecord
  2
DASHDOT
 70
0
  3
Dash dot __ . __ . __ . __ . __ . __ . __ . __
 72
65
 73
4
 40
3.556
 49
2.54
 74
0
 49
-0.508
 74
0
 49
0.0
 74
0
 49
-0.508
 74
0
  0
LTYPE
  5
39
330
2
100
AcDbSymbolTableRecord
100
AcDbLinetypeTableRecord
  2
DASHDOTX2
 70
0
  3
Dash dot (2x) ____  .  ____  .  ____  .  ____
 72
65
 73
4
 40
6.096
 49
5.08
 74
0
 49
-0.508
 74
0
 49
0.0
 74
0
 49
-0.508
 74
0
  0
LTYPE
  5
3A
330
2
100
AcDbSymbolTableRecord
100
AcDbLinetypeTableRecord
  2
DASHDOT2
 70
0
  3
Dash dot (.5x) _ . _ . _ . _ . _ . _ . _ . _
 72
65
 73
4
 40
1.778
 49
1.27
 74
0
 49
-0.254
 74
0
 49
0.0
 74
0
 49
-0.254
 74
0
  0
LTYPE
  5
3B
330
2
100
AcDbSymbolTableRecord
100
AcDbLinetypeTableRecord
  2
DOT
 70
0
  3
Dot .  .  .  .  .  .  .  .  .  .  .  .  .  .  .  .
 72
65
 73
2
 40
0.508
 49
0.0
 74
0
 49
-0.508
 74
0
  0
LTYPE
  5
3C
330
2
100
AcDbSymbolTableRecord
100
AcDbLinetypeTableRecord
  2
DOTX2
 70
0
  3
Dot (2x) .    .    .    .    .    .    .    . 
 72
65
 73
2
 40
1.016
 49
0.0
 74
0
 49
-1.016
 74
0
  0
LTYPE
  5
3D
330
2
100
AcDbSymbolTableRecord
100
AcDbLinetypeTableRecord
  2
DOT2
 70
0
  3
Dot (.5) . . . . . . . . . . . . . . . . . . . 
 72
65
 73
2
 40
0.254
 49
0.0
 74
0
 49
-0.254
 74
0
  0
LTYPE
  5
3E
330
2
100
AcDbSymbolTableRecord
100
AcDbLinetypeTableRecord
  2
DIVIDE
 70
0
  3
Divide __ . . __ . . __ . . __ . . __ . . __
 72
65
 73
6
 40
4.064
 49
2.54
 74
0
 49
-0.508
 74
0
 49
0.0
 74
0
 49
-0.508
 74
0
 49
0.0
 74
0
 49
-0.508
 74
0
  0
LTYPE
  5
3F
330
2
100
AcDbSymbolTableRecord
100
AcDbLinetypeTableRecord
  2
DIVIDEX2
 70
0
  3
Divide (2x) ____  . .  ____  . .  ____  . .  ____
 72
65
 73
6
 40
6.604
 49
5.08
 74
0
 49
-0.508
 74
0
 49
0.0
 74
0
 49
-0.508
 74
0
 49
0.0
 74
0
 49
-0.508
 74
0
  0
LTYPE
  5
40
330
2
100
AcDbSymbolTableRecord
100
AcDbLinetypeTableRecord
  2
DIVIDE2
 70
0
  3
Divide(.5x) _ . _ . _ . _ . _ . _ . _ . _
 72
65
 73
6
 40
2.032
 49
1.27
 74
0
 49
-0.254
 74
0
 49
0.0
 74
0
 49
-0.254
 74
0
 49
0.0
 74
0
 49
-0.254
 74
0
  0
ENDTAB
  0
TABLE
  2
LAYER
  5
1
330
0
100
AcDbSymbolTable
 70
10
  0
LAYER
  5
27
330
1
100
AcDbSymbolTableRecord
100
AcDbLayerTableRecord
  2
0
 70
0
 62
7
  6
Continuous
370
-3
390
13
347
21
  0
LAYER
  5
28
330
1
100
AcDbSymbolTableRecord
100
AcDbLayerTableRecord
  2
Defpoints
 70
0
 62
7
  6
Continuous
290
0
370
-3
390
13
347
21
  0
LAYER
  5
8A
330
1
100
AcDbSymbolTableRecord
100
AcDbLayerTableRecord
  2
00_РАМКА
 70
0
 62
7
  6
Continuous
370
-3
390
13
347
21
  0
LAYER
  5
8B
330
1
100
AcDbSymbolTableRecord
100
AcDbLayerTableRecord
  2
01_ЛИНИИ
 70
0
 62
7
  6
Continuous
370
-3
390
13
347
21
  0
LAYER
  5
8C
330
1
100
AcDbSymbolTableRecord
100
AcDbLayerTableRecord
  2
02_ОСИ
 70
0
 62
8
  6
Continuous
370
-3
390
13
347
21
  0
LAYER
  5
8D
330
1
100
AcDbSymbolTableRecord
100
AcDbLayerTableRecord
  2
03_СЕТКА
 70
0
 62
9
  6
Continuous
370
-3
390
13
347
21
  0
LAYER
  5
8E
330
1
100
AcDbSymbolTableRecord
100
AcDbLayerTableRecord
  2
04_ТЕКСТ
 70
0
 62
7
  6
Continuous
370
-3
390
13
347
21
  0
LAYER
  5
8F
330
1
100
AcDbSymbolTableRecord
100
AcDbLayerTableRecord
  2
05_ЗАЛИВКА
 70
0
 62
8
  6
Continuous
370
-3
390
13
347
21
  0
LAYER
  5
90
330
1
100
AcDbSymbolTableRecord
100
AcDbLayerTableRecord
  2
06_ТАБЛИЦА
 70
0
 62
7
  6
Continuous
370
-3
390
13
347
21
  0
LAYER
  5
91
330
1
100
AcDbSymbolTableRecord
100
AcDbLayerTableRecord
  2
07_ЛЕГЕНДА
 70
0
 62
8
  6
Continuous
370
-3
390
13
347
21
  0
ENDTAB
  0
TABLE
  2
STYLE
  5
5
330
0
100
AcDbSymbolTable
 70
27
  0
STYLE
  5
29
330
5
100
AcDbSymbolTableRecord
100
AcDbTextStyleTableRecord
  2
Standard
 70
0
 40
0.0
 41
1.0
 50
0.0
 71
0
 42
2.5
  3
txt
  4

  0
STYLE
  5
41
330
5
100
AcDbSymbolTableRecord
100
AcDbTextStyleTableRecord
  2
OpenSans-Light
 70
0
 40
0.0
 41
1.0
 50
0.0
 71
0
 42
2.5
  3
OpenSans-Light.ttf
  4

  0
STYLE
  5
42
330
5
100
AcDbSymbolTableRecord
100
AcDbTextStyleTableRecord
  2
OpenSans-Light-Italic
 70
0
 40
0.0
 41
1.0
 50
0.0
 71
0
 42
2.5
  3
OpenSans-LightItalic.ttf
  4

  0
STYLE
  5
43
330
5
100
AcDbSymbolTableRecord
100
AcDbTextStyleTableRecord
  2
OpenSans
 70
0
 40
0.0
 41
1.0
 50
0.0
 71
0
 42
2.5
  3
OpenSans-Regular.ttf
  4

  0
STYLE
  5
44
330
5
100
AcDbSymbolTableRecord
100
AcDbTextStyleTableRecord
  2
OpenSans-Italic
 70
0
 40
0.0
 41
1.0
 50
0.0
 71
0
 42
2.5
  3
OpenSans-Italic.ttf
  4

  0
STYLE
  5
45
330
5
100
AcDbSymbolTableRecord
100
AcDbTextStyleTableRecord
  2
OpenSans-SemiBold
 70
0
 40
0.0
 41
1.0
 50
0.0
 71
0
 42
2.5
  3
OpenSans-SemiBold.ttf
  4

  0
STYLE
  5
46
330
5
100
AcDbSymbolTableRecord
100
AcDbTextStyleTableRecord
  2
OpenSans-SemiBoldItalic
 70
0
 40
0.0
 41
1.0
 50
0.0
 71
0
 42
2.5
  3
OpenSans-SemiBoldItalic.ttf
  4

  0
STYLE
  5
47
330
5
100
AcDbSymbolTableRecord
100
AcDbTextStyleTableRecord
  2
OpenSans-Bold
 70
0
 40
0.0
 41
1.0
 50
0.0
 71
0
 42
2.5
  3
OpenSans-Bold.ttf
  4

  0
STYLE
  5
48
330
5
100
AcDbSymbolTableRecord
100
AcDbTextStyleTableRecord
  2
OpenSans-BoldItalic
 70
0
 40
0.0
 41
1.0
 50
0.0
 71
0
 42
2.5
  3
OpenSans-BoldItalic.ttf
  4

  0
STYLE
  5
49
330
5
100
AcDbSymbolTableRecord
100
AcDbTextStyleTableRecord
  2
OpenSans-ExtraBold
 70
0
 40
0.0
 41
1.0
 50
0.0
 71
0
 42
2.5
  3
OpenSans-ExtraBold.ttf
  4

  0
STYLE
  5
4A
330
5
100
AcDbSymbolTableRecord
100
AcDbTextStyleTableRecord
  2
OpenSans-ExtraBoldItalic
 70
0
 40
0.0
 41
1.0
 50
0.0
 71
0
 42
2.5
  3
OpenSans-ExtraBoldItalic.ttf
  4

  0
STYLE
  5
4B
330
5
100
AcDbSymbolTableRecord
100
AcDbTextStyleTableRecord
  2
OpenSansCondensed-Bold
 70
0
 40
0.0
 41
1.0
 50
0.0
 71
0
 42
2.5
  3
OpenSansCondensed-Bold.ttf
  4

  0
STYLE
  5
4C
330
5
100
AcDbSymbolTableRecord
100
AcDbTextStyleTableRecord
  2
OpenSansCondensed-Light
 70
0
 40
0.0
 41
1.0
 50
0.0
 71
0
 42
2.5
  3
OpenSansCondensed-Light.ttf
  4

  0
STYLE
  5
4D
330
5
100
AcDbSymbolTableRecord
100
AcDbTextStyleTableRecord
  2
OpenSansCondensed-Italic
 70
0
 40
0.0
 41
1.0
 50
0.0
 71
0
 42
2.5
  3
OpenSansCondensed-LightItalic.ttf
  4

  0
STYLE
  5
4E
330
5
100
AcDbSymbolTableRecord
100
AcDbTextStyleTableRecord
  2
LiberationSans
 70
0
 40
0.0
 41
1.0
 50
0.0
 71
0
 42
2.5
  3
LiberationSans-Regular.ttf
  4

  0
STYLE
  5
4F
330
5
100
AcDbSymbolTableRecord
100
AcDbTextStyleTableRecord
  2
LiberationSans-Bold
 70
0
 40
0.0
 41
1.0
 50
0.0
 71
0
 42
2.5
  3
LiberationSans-Bold.ttf
  4

  0
STYLE
  5
50
330
5
100
AcDbSymbolTableRecord
100
AcDbTextStyleTableRecord
  2
LiberationSans-BoldItalic
 70
0
 40
0.0
 41
1.0
 50
0.0
 71
0
 42
2.5
  3
LiberationSans-BoldItalic.ttf
  4

  0
STYLE
  5
51
330
5
100
AcDbSymbolTableRecord
100
AcDbTextStyleTableRecord
  2
LiberationSans-Italic
 70
0
 40
0.0
 41
1.0
 50
0.0
 71
0
 42
2.5
  3
LiberationSans-Italic.ttf
  4

  0
STYLE
  5
52
330
5
100
AcDbSymbolTableRecord
100
AcDbTextStyleTableRecord
  2
LiberationSerif
 70
0
 40
0.0
 41
1.0
 50
0.0
 71
0
 42
2.5
  3
LiberationSerif-Regular.ttf
  4

  0
STYLE
  5
53
330
5
100
AcDbSymbolTableRecord
100
AcDbTextStyleTableRecord
  2
LiberationSerif-Bold
 70
0
 40
0.0
 41
1.0
 50
0.0
 71
0
 42
2.5
  3
LiberationSerif-Bold.ttf
  4

  0
STYLE
  5
54
330
5
100
AcDbSymbolTableRecord
100
AcDbTextStyleTableRecord
  2
LiberationSerif-BoldItalic
 70
0
 40
0.0
 41
1.0
 50
0.0
 71
0
 42
2.5
  3
LiberationSerif-BoldItalic.ttf
  4

  0
STYLE
  5
55
330
5
100
AcDbSymbolTableRecord
100
AcDbTextStyleTableRecord
  2
LiberationSerif-Italic
 70
0
 40
0.0
 41
1.0
 50
0.0
 71
0
 42
2.5
  3
LiberationSerif-Italic.ttf
  4

  0
STYLE
  5
56
330
5
100
AcDbSymbolTableRecord
100
AcDbTextStyleTableRecord
  2
LiberationMono
 70
0
 40
0.0
 41
1.0
 50
0.0
 71
0
 42
2.5
  3
LiberationMono-Regular.ttf
  4

  0
STYLE
  5
57
330
5
100
AcDbSymbolTableRecord
100
AcDbTextStyleTableRecord
  2
LiberationMono-Bold
 70
0
 40
0.0
 41
1.0
 50
0.0
 71
0
 42
2.5
  3
LiberationMono-Bold.ttf
  4

  0
STYLE
  5
58
330
5
100
AcDbSymbolTableRecord
100
AcDbTextStyleTableRecord
  2
LiberationMono-BoldItalic
 70
0
 40
0.0
 41
1.0
 50
0.0
 71
0
 42
2.5
  3
LiberationMono-BoldItalic.ttf
  4

  0
STYLE
  5
59
330
5
100
AcDbSymbolTableRecord
100
AcDbTextStyleTableRecord
  2
LiberationMono-Italic
 70
0
 40
0.0
 41
1.0
 50
0.0
 71
0
 42
2.5
  3
LiberationMono-Italic.ttf
  4

  0
STYLE
  5
92
330
5
100
AcDbSymbolTableRecord
100
AcDbTextStyleTableRecord
  2
ГОСТ
 70
0
 40
0.0
 41
1.0
 50
0.0
 71
0
 42
2.5
  3
ISOCPEUR.TTF
  4

  0
ENDTAB
  0
TABLE
  2
VIEW
  5
7
330
0
100
AcDbSymbolTable
 70
0
  0
ENDTAB
  0
TABLE
  2
UCS
  5
6
330
0
100
AcDbSymbolTable
 70
0
  0
ENDTAB
  0
TABLE
  2
APPID
  5
3
330
0
100
AcDbSymbolTable
 70
3
  0
APPID
  5
2A
330
3
100
AcDbSymbolTableRecord
100
AcDbRegAppTableRecord
  2
ACAD
 70
0
  0
APPID
  5
5EE
330
3
100
AcDbSymbolTableRecord
100
AcDbRegAppTableRecord
  2
HATCHBACKGROUNDCOLOR
 70
0
  0
APPID
  5
5EF
330
3
100
AcDbSymbolTableRecord
100
AcDbRegAppTableRecord
  2
EZDXF
 70
0
  0
ENDTAB
  0
TABLE
  2
DIMSTYLE
  5
4
330
0
100
AcDbSymbolTable
 70
12
100
AcDbDimStyleTable
  0
DIMSTYLE
105
2B
330
4
100
AcDbSymbolTableRecord
100
AcDbDimStyleTableRecord
  2
Standard
 70
0
 40
1.0
 41
2.5
 42
0.625
 43
3.75
 44
1.25
 45
0.0
 46
0.0
 47
0.0
 48
0.0
 49
2.5
140
2.5
141
2.5
142
0.0
143
0.03937007874
144
1.0
145
0.0
146
1.0
147
0.625
148
0.0
 69
0
 70
0
 71
0
 72
0
 73
0
 74
0
 75
0
 76
0
 77
1
 78
8
 79
3
170
0
171
3
172
1
173
0
174
0
175
0
176
0
177
0
178
0
179
2
271
2
272
2
273
2
274
3
275
0
276
0
277
2
278
44
279
0
280
0
281
0
282
0
283
0
284
8
285
0
286
0
288
0
289
3
290
0
371
-2
372
-2
  0
DIMSTYLE
105
73
330
4
100
AcDbSymbolTableRecord
100
AcDbDimStyleTableRecord
  2
EZDXF
 70
0
 40
1.0
 41
0.175
 42
0.125
 43
3.75
 44
0.375
 45
0.0
 46
0.0
 47
0.0
 48
0.0
 49
2.5
140
0.25
141
2.5
142
0.0
143
0.03937007874
144
100.0
145
0.0
146
0.5
147
0.1
148
0.0
 69
0
 70
0
 71
0
 72
0
 73
0
 74
0
 75
0
 76
0
 77
1
 78
12
 79
3
170
0
171
3
172
1
173
0
174
0
175
0
176
0
177
0
178
0
179
2
271
2
272
2
273
2
274
3
275
0
276
0
277
2
278
46
279
2
280
0
281
0
282
0
283
0
284
8
285
0
286
0
288
1
289
3
290
0
340
4C
342
74
371
-2
372
-2
  0
DIMSTYLE
105
7C
330
4
100
AcDbSymbolTableRecord
100
AcDbDimStyleTableRecord
  2
EZ_M_100_H25_CM
 70
0
 40
1.0
 41
0.25
 42
0.125
 43
3.75
 44
0.375
 45
0.0
 46
0.0
 47
0.0
 48
0.0
 49
2.5
140
0.25
141
2.5
142
0.125
143
0.03937007874
144
100.0
145
0.0
146
0.5
147
0.1
148
0.0
 69
0
 70
0
 71
0
 72
0
 73
0
 74
0
 75
0
 76
0
 77
1
 78
12
 79
3
170
0
171
3
172
1
173
0
174
0
175
0
176
0
177
0
178
0
179
2
271
2
272
2
273
2
274
3
275
0
276
0
277
2
278
46
279
2
280
0
281
0
282
0
283
0
284
8
285
0
286
0
288
1
289
3
290
0
340
4C
371
-2
372
-2
  0
DIMSTYLE
105
7D
330
4
100
AcDbSymbolTableRecord
100
AcDbDimStyleTableRecord
  2
EZ_M_50_H25_CM
 70
0
 40
1.0
 41
0.125
 42
0.0625
 43
3.75
 44
0.1875
 45
0.0
 46
0.0
 47
0.0
 48
0.0
 49
2.5
140
0.125
141
2.5
142
0.0625
143
0.03937007874
144
100.0
145
0.0
146
0.5
147
0.05
148
0.0
 69
0
 70
0
 71
0
 72
0
 73
0
 74
0
 75
0
 76
0
 77
1
 78
12
 79
3
170
0
171
3
172
1
173
0
174
0
175
0
176
0
177
0
178
0
179
2
271
2
272
2
273
2
274
3
275
0
276
0
277
2
278
46
279
2
280
0
281
0
282
0
283
0
284
8
285
0
286
0
288
1
289
3
290
0
340
4C
371
-2
372
-2
  0
DIMSTYLE
105
7E
330
4
100
AcDbSymbolTableRecord
100
AcDbDimStyleTableRecord
  2
EZ_M_25_H25_CM
 70
0
 40
1.0
 41
0.0625
 42
0.03125
 43
3.75
 44
0.09375
 45
0.0
 46
0.0
 47
0.0
 48
0.0
 49
2.5
140
0.0625
141
2.5
142
0.03125
143
0.03937007874
144
100.0
145
0.0
146
0.5
147
0.025
148
0.0
 69
0
 70
0
 71
0
 72
0
 73
0
 74
0
 75
0
 76
0
 77
1
 78
12
 79
3
170
0
171
3
172
1
173
0
174
0
175
0
176
0
177
0
178
0
179
2
271
2
272
2
273
2
274
3
275
0
276
0
277
2
278
46
279
2
280
0
281
0
282
0
283
0
284
8
285
0
286
0
288
1
289
3
290
0
340
4C
371
-2
372
-2
  0
DIMSTYLE
105
7F
330
4
100
AcDbSymbolTableRecord
100
AcDbDimStyleTableRecord
  2
EZ_M_20_H25_CM
 70
0
 40
1.0
 41
0.05
 42
0.025
 43
3.75
 44
0.07500000000000001
 45
0.0
 46
0.0
 47
0.0
 48
0.0
 49
2.5
140
0.05
141
2.5
142
0.025
143
0.03937007874
144
100.0
145
0.0
146
0.5
147
0.020000000000000004
148
0.0
 69
0
 70
0
 71
0
 72
0
 73
0
 74
0
 75
0
 76
0
 77
1
 78
12
 79
3
170
0
171
3
172
1
173
0
174
0
175
0
176
0
177
0
178
0
179
2
271
2
272
2
273
2
274
3
275
0
276
0
277
2
278
46
279
2
280
0
281
0
282
0
283
0
284
8
285
0
286
0
288
1
289
3
290
0
340
4C
371
-2
372
-2
  0
DIMSTYLE
105
80
330
4
100
AcDbSymbolTableRecord
100
AcDbDimStyleTableRecord
  2
EZ_M_10_H25_CM
 70
0
 40
1.0
 41
0.025
 42
0.0125
 43
3.75
 44
0.037500000000000006
 45
0.0
 46
0.0
 47
0.0
 48
0.0
 49
2.5
140
0.025
141
2.5
142
0.0125
143
0.03937007874
144
100.0
145
0.0
146
0.5
147
0.010000000000000002
148
0.0
 69
0
 70
0
 71
0
 72
0
 73
0
 74
0
 75
0
 76
0
 77
1
 78
12
 79
3
170
0
171
3
172
1
173
0
174
0
175
0
176
0
177
0
178
0
179
2
271
2
272
2
273
2
274
3
275
0
276
0
277
2
278
46
279
2
280
0
281
0
282
0
283
0
284
8
285
0
286
0
288
1
289
3
290
0
340
4C
371
-2
372
-2
  0
DIMSTYLE
105
81
330
4
100
AcDbSymbolTableRecord
100
AcDbDimStyleTableRecord
  2
EZ_M_5_H25_CM
 70
0
 40
1.0
 41
0.0125
 42
0.00625
 43
3.75
 44
0.018750000000000003
 45
0.0
 46
0.0
 47
0.0
 48
0.0
 49
2.5
140
0.0125
141
2.5
142
0.00625
143
0.03937007874
144
100.0
145
0.0
146
0.5
147
0.005000000000000001
148
0.0
 69
0
 70
0
 71
0
 72
0
 73
0
 74
0
 75
0
 76
0
 77
1
 78
12
 79
3
170
0
171
3
172
1
173
0
174
0
175
0
176
0
177
0
178
0
179
2
271
2
272
2
273
2
274
3
275
0
276
0
277
2
278
46
279
2
280
0
281
0
282
0
283
0
284
8
285
0
286
0
288
1
289
3
290
0
340
4C
371
-2
372
-2
  0
DIMSTYLE
105
82
330
4
100
AcDbSymbolTableRecord
100
AcDbDimStyleTableRecord
  2
EZ_M_1_H25_CM
 70
0
 40
1.0
 41
0.0025
 42
0.00125
 43
3.75
 44
0.00375
 45
0.0
 46
0.0
 47
0.0
 48
0.0
 49
2.5
140
0.0025
141
2.5
142
0.00125
143
0.03937007874
144
100.0
145
0.0
146
0.5
147
0.001
148
0.0
 69
0
 70
0
 71
0
 72
0
 73
0
 74
0
 75
0
 76
0
 77
1
 78
12
 79
3
170
0
171
3
172
1
173
0
174
0
175
0
176
0
177
0
178
0
179
2
271
2
272
2
273
2
274
3
275
0
276
0
277
2
278
46
279
2
280
0
281
0
282
0
283
0
284
8
285
0
286
0
288
1
289
3
290
0
340
4C
371
-2
372
-2
  0
DIMSTYLE
105
83
330
4
100
AcDbSymbolTableRecord
100
AcDbDimStyleTableRecord
  2
EZ_RADIUS
 70
0
 40
1.0
 41
0.25
 42
0.125
 43
3.75
 44
0.375
 45
0.0
 46
0.0
 47
0.0
 48
0.0
 49
2.5
140
0.25
141
0.0
142
0.0
143
0.03937007874
144
100.0
145
0.0
146
0.5
147
0.1
148
0.0
 69
0
 70
0
 71
0
 72
0
 73
0
 74
0
 75
0
 76
0
 77
1
 78
12
 79
3
170
0
171
3
172
0
173
0
174
0
175
0
176
0
177
0
178
0
179
2
271
2
272
2
273
2
274
3
275
0
276
0
277
2
278
46
279
1
280
0
281
0
282
0
283
0
284
8
285
0
286
0
288
1
289
3
290
0
340
4C
342
84
371
-2
372
-2
  0
DIMSTYLE
105
88
330
4
100
AcDbSymbolTableRecord
100
AcDbDimStyleTableRecord
  2
EZ_RADIUS_INSIDE
 70
0
 40
1.0
 41
0.25
 42
0.125
 43
3.75
 44
0.375
 45
0.0
 46
0.0
 47
0.0
 48
0.0
 49
2.5
140
0.25
141
0.0
142
0.0
143
0.03937007874
144
100.0
145
0.0
146
0.5
147
0.1
148
0.0
 69
0
 70
0
 71
0
 72
0
 73
0
 74
0
 75
0
 76
0
 77
0
 78
12
 79
3
170
0
171
3
172
0
173
0
174
1
175
0
176
0
177
0
178
0
179
2
271
2
272
2
273
2
274
3
275
0
276
0
277
2
278
46
279
0
280
0
281
0
282
0
283
0
284
8
285
0
286
0
288
1
289
0
290
0
340
4C
342
84
371
-2
372
-2
  0
DIMSTYLE
105
89
330
4
100
AcDbSymbolTableRecord
100
AcDbDimStyleTableRecord
  2
EZ_CURVED
 70
0
 40
1.0
 41
0.25
 42
0.125
 43
3.75
 44
0.375
 45
0.0
 46
0.0
 47
0.0
 48
0.0
 49
2.5
140
0.25
141
2.5
142
0.0
143
0.03937007874
144
100.0
145
0.0
146
0.5
147
0.1
148
0.0
 69
0
 70
0
 71
0
 72
0
 73
0
 74
0
 75
0
 76
0
 77
1
 78
12
 79
2
 90
2
170
0
171
3
172
1
173
0
174
0
175
0
176
0
177
0
178
0
179
2
271
2
272
2
273
2
274
3
275
0
276
0
277
2
278
46
279
2
280
0
281
0
282
0
283
0
284
8
285
0
286
0
288
1
289
3
290
0
340
4C
371
-2
372
-2
  0
ENDTAB
  0
TABLE
  2
BLOCK_RECORD
  5
9
330
0
100
AcDbSymbolTable
 70
5
  0
BLOCK_RECORD
  5
17
330
9
100
AcDbSymbolTableRecord
100
AcDbBlockTableRecord
  2
*Model_Space
340
1A
 70
0
280
1
281
0
  0
BLOCK_RECORD
  5
1B
330
9
100
AcDbSymbolTableRecord
100
AcDbBlockTableRecord
  2
*Paper_Space
340
1E
 70
0
280
1
281
0
  0
BLOCK_RECORD
  5
74
330
9
100
AcDbSymbolTableRecord
100
AcDbBlockTableRecord
  2
_ARCHTICK
340
0
 70
0
280
1
281
0
  0
BLOCK_RECORD
  5
78
330
9
100
AcDbSymbolTableRecord
100
AcDbBlockTableRecord
  2
_CLOSEDFILLED
340
0
 70
0
280
1
281
0
  0
BLOCK_RECORD
  5
84
330
9
100
AcDbSymbolTableRecord
100
AcDbBlockTableRecord
  2
_CLOSEDBLANK
340
0
 70
0
280
1
281
0
  0
ENDTAB
  0
ENDSEC
  0
SECTION
  2
BLOCKS
  0
BLOCK
  5
18
330
17
100
AcDbEntity
  8
0
100
AcDbBlockBegin
  2
*Model_Space
 70
0
 10
0.0
 20
0.0
 30
0.0
  3
*Model_Space
  1

  0
ENDBLK
  5
19
330
17
100
AcDbEntity
  8
0
100
AcDbBlockEnd
  0
BLOCK
  5
1C
330
1B
100
AcDbEntity
  8
0
100
AcDbBlockBegin
  2
*Paper_Space
 70
0
 10
0.0
 20
0.0
 30
0.0
  3
*Paper_Space
  1

  0
ENDBLK
  5
1D
330
1B
100
AcDbEntity
  8
0
100
AcDbBlockEnd
  0
BLOCK
  5
75
330
74
100
AcDbEntity
  8
0
100
AcDbBlockBegin
  2
_ARCHTICK
 70
0
 10
0.0
 20
0.0
 30
0.0
  3
_ARCHTICK
  1

  0
LWPOLYLINE
  5
77
330
74
100
AcDbEntity
  8
0
  6
BYBLOCK
 62
0
100
AcDbPolyline
 90
2
 70
0
 43
0.15
 10
-0.5
 20
-0.5
 10
0.5
 20
0.5
  0
ENDBLK
  5
76
330
74
100
AcDbEntity
  8
0
100
AcDbBlockEnd
  0
BLOCK
  5
79
330
78
100
AcDbEntity
  8
0
100
AcDbBlockBegin
  2
_CLOSEDFILLED
 70
0
 10
0.0
 20
0.0
 30
0.0
  3
_CLOSEDFILLED
  1

  0
SOLID
  5
7B
330
78
100
AcDbEntity
  8
0
  6
BYBLOCK
 62
0
100
AcDbTrace
 10
-1.0
 20
0.16439898372402537
 30
0.0
 11
0.0
 21
0.0
 31
0.0
 12
-1.0
 22
-0.16439898372402537
 32
0.0
 13
-1.0
 23
-0.16439898372402537
 33
0.0
  0
ENDBLK
  5
7A
330
78
100
AcDbEntity
  8
0
100
AcDbBlockEnd
  0
BLOCK
  5
85
330
84
100
AcDbEntity
  8
0
100
AcDbBlockBegin
  2
_CLOSEDBLANK
 70
0
 10
0.0
 20
0.0
 30
0.0
  3
_CLOSEDBLANK
  1

  0
LWPOLYLINE
  5
87
330
84
100
AcDbEntity
  8
0
  6
BYBLOCK
 62
0
100
AcDbPolyline
 90
3
 70
1
 10
-1.0
 20
0.16439898372402537
 10
0.0
 20
0.0
 10
-1.0
 20
-0.16439898372402537
  0
ENDBLK
  5
86
330
84
100
AcDbEntity
  8
0
100
AcDbBlockEnd
  0
ENDSEC
  0
SECTION
  2
ENTITIES
  0
LWPOLYLINE
  5
93
330
17
100
AcDbEntity
  8
00_РАМКА
100
AcDbPolyline
 90
4
 70
1
 10
0.0
 20
0.0
 10
497.84000000000003
 20
0.0
 10
497.84000000000003
 20
294.64
 10
0.0
 20
294.64
  0
LWPOLYLINE
  5
94
330
17
100
AcDbEntity
  8
01_ЛИНИИ
370
25
420
15659509
100
AcDbPolyline
 90
2
 70
0
 10
76.06453333333339
 20
157.04312
 10
76.06453333333339
 20
221.86391999999998
  0
LWPOLYLINE
  5
95
330
17
100
AcDbEntity
  8
01_ЛИНИИ
370
25
420
15659509
100
AcDbPolyline
 90
2
 70
0
 10
97.67146666666672
 20
157.04312
 10
97.67146666666672
 20
221.86391999999998
  0
LWPOLYLINE
  5
96
330
17
100
AcDbEntity
  8
01_ЛИНИИ
370
25
420
15659509
100
AcDbPolyline
 90
2
 70
0
 10
119.27840000000005
 20
157.04312
 10
119.27840000000005
 20
221.86391999999998
  0
LWPOLYLINE
  5
97
330
17
100
AcDbEntity
  8
01_ЛИНИИ
370
25
420
15659509
100
AcDbPolyline
 90
2
 70
0
 10
140.88533333333336
 20
157.04312
 10
140.88533333333336
 20
221.86391999999998
  0
LWPOLYLINE
  5
98
330
17
100
AcDbEntity
  8
01_ЛИНИИ
370
25
420
15659509
100
AcDbPolyline
 90
2
 70
0
 10
162.49226666666672
 20
157.04312
 10
162.49226666666672
 20
221.86391999999998
  0
LWPOLYLINE
  5
99
330
17
100
AcDbEntity
  8
01_ЛИНИИ
370
25
420
15659509
100
AcDbPolyline
 90
2
 70
0
 10
184.09920000000005
 20
157.04312
 10
184.09920000000005
 20
221.86391999999998
  0
LWPOLYLINE
  5
9A
330
17
100
AcDbEntity
  8
01_ЛИНИИ
370
25
420
15659509
100
AcDbPolyline
 90
2
 70
0
 10
205.70613333333336
 20
157.04312
 10
205.70613333333336
 20
221.86391999999998
  0
LWPOLYLINE
  5
9B
330
17
100
AcDbEntity
  8
01_ЛИНИИ
370
25
420
15659509
100
AcDbPolyline
 90
2
 70
0
 10
227.3130666666667
 20
157.04312
 10
227.3130666666667
 20
221.86391999999998
  0
LWPOLYLINE
  5
9C
330
17
100
AcDbEntity
  8
01_ЛИНИИ
370
25
420
15659509
100
AcDbPolyline
 90
2
 70
0
 10
248.92000000000002
 20
157.04312
 10
248.92000000000002
 20
221.86391999999998
  0
LWPOLYLINE
  5
9D
330
17
100
AcDbEntity
  8
01_ЛИНИИ
370
25
420
15659509
100
AcDbPolyline
 90
2
 70
0
 10
270.5269333333334
 20
157.04312
 10
270.5269333333334
 20
221.86391999999998
  0
LWPOLYLINE
  5
9E
330
17
100
AcDbEntity
  8
01_ЛИНИИ
370
25
420
15659509
100
AcDbPolyline
 90
2
 70
0
 10
292.1338666666667
 20
157.04312
 10
292.1338666666667
 20
221.86391999999998
  0
LWPOLYLINE
  5
9F
330
17
100
AcDbEntity
  8
01_ЛИНИИ
370
25
420
15659509
100
AcDbPolyline
 90
2
 70
0
 10
313.7408
 20
157.04312
 10
313.7408
 20
221.86391999999998
  0
LWPOLYLINE
  5
A0
330
17
100
AcDbEntity
  8
01_ЛИНИИ
370
25
420
15659509
100
AcDbPolyline
 90
2
 70
0
 10
335.3477333333333
 20
157.04312
 10
335.3477333333333
 20
221.86391999999998
  0
LWPOLYLINE
  5
A1
330
17
100
AcDbEntity
  8
01_ЛИНИИ
370
25
420
15659509
100
AcDbPolyline
 90
2
 70
0
 10
356.9546666666667
 20
157.04312
 10
356.9546666666667
 20
221.86391999999998
  0
LWPOLYLINE
  5
A2
330
17
100
AcDbEntity
  8
01_ЛИНИИ
370
25
420
15659509
100
AcDbPolyline
 90
2
 70
0
 10
378.5616
 20
157.04312
 10
378.5616
 20
221.86391999999998
  0
LWPOLYLINE
  5
A3
330
17
100
AcDbEntity
  8
01_ЛИНИИ
370
25
420
15659509
100
AcDbPolyline
 90
2
 70
0
 10
400.1685333333333
 20
157.04312
 10
400.1685333333333
 20
221.86391999999998
  0
LWPOLYLINE
  5
A4
330
17
100
AcDbEntity
  8
01_ЛИНИИ
370
25
420
15659509
100
AcDbPolyline
 90
2
 70
0
 10
421.77546666666666
 20
157.04312
 10
421.77546666666666
 20
221.86391999999998
  0
LWPOLYLINE
  5
A5
330
17
100
AcDbEntity
  8
01_ЛИНИИ
370
25
420
14541545
100
AcDbPolyline
 90
2
 70
0
 10
56.618293333333376
 20
157.04312
 10
441.22170666666665
 20
157.04312
  0
LWPOLYLINE
  5
A6
330
17
100
AcDbEntity
  8
01_ЛИНИИ
370
25
420
14541545
100
AcDbPolyline
 90
2
 70
0
 10
56.618293333333376
 20
160.28415999999999
 10
441.22170666666665
 20
160.28415999999999
  0
LWPOLYLINE
  5
A7
330
17
100
AcDbEntity
  8
01_ЛИНИИ
370
25
420
14541545
100
AcDbPolyline
 90
2
 70
0
 10
56.618293333333376
 20
163.52519999999998
 10
441.22170666666665
 20
163.52519999999998
  0
LWPOLYLINE
  5
A8
330
17
100
AcDbEntity
  8
01_ЛИНИИ
370
25
420
14541545
100
AcDbPolyline
 90
2
 70
0
 10
56.618293333333376
 20
166.76623999999998
 10
441.22170666666665
 20
166.76623999999998
  0
LWPOLYLINE
  5
A9
330
17
100
AcDbEntity
  8
01_ЛИНИИ
370
25
420
14541545
100
AcDbPolyline
 90
2
 70
0
 10
56.618293333333376
 20
170.00727999999998
 10
441.22170666666665
 20
170.00727999999998
  0
LWPOLYLINE
  5
AA
330
17
100
AcDbEntity
  8
01_ЛИНИИ
370
25
420
14541545
100
AcDbPolyline
 90
2
 70
0
 10
56.618293333333376
 20
174.32866666666663
 10
441.22170666666665
 20
174.32866666666663
  0
LWPOLYLINE
  5
AB
330
17
100
AcDbEntity
  8
01_ЛИНИИ
370
25
420
14541545
100
AcDbPolyline
 90
2
 70
0
 10
56.618293333333376
 20
178.6500533333333
 10
441.22170666666665
 20
178.6500533333333
  0
LWPOLYLINE
  5
AC
330
17
100
AcDbEntity
  8
01_ЛИНИИ
370
25
420
14541545
100
AcDbPolyline
 90
2
 70
0
 10
56.618293333333376
 20
182.97143999999997
 10
441.22170666666665
 20
182.97143999999997
  0
LWPOLYLINE
  5
AD
330
17
100
AcDbEntity
  8
01_ЛИНИИ
370
25
420
14541545
100
AcDbPolyline
 90
2
 70
0
 10
56.618293333333376
 20
189.45351999999997
 10
441.22170666666665
 20
189.45351999999997
  0
LWPOLYLINE
  5
AE
330
17
100
AcDbEntity
  8
01_ЛИНИИ
370
25
420
14541545
100
AcDbPolyline
 90
2
 70
0
 10
56.618293333333376
 20
195.93559999999997
 10
441.22170666666665
 20
195.93559999999997
  0
LWPOLYLINE
  5
AF
330
17
100
AcDbEntity
  8
01_ЛИНИИ
370
25
420
14541545
100
AcDbPolyline
 90
2
 70
0
 10
56.618293333333376
 20
204.57837333333333
 10
441.22170666666665
 20
204.57837333333333
  0
LWPOLYLINE
  5
B0
330
17
100
AcDbEntity
  8
01_ЛИНИИ
370
25
420
14541545
100
AcDbPolyline
 90
2
 70
0
 10
56.618293333333376
 20
213.22114666666667
 10
441.22170666666665
 20
213.22114666666667
  0
LWPOLYLINE
  5
B1
330
17
100
AcDbEntity
  8
01_ЛИНИИ
370
25
420
14541545
100
AcDbPolyline
 90
2
 70
0
 10
56.618293333333376
 20
221.86391999999998
 10
441.22170666666665
 20
221.86391999999998
  0
LWPOLYLINE
  5
B2
330
17
100
AcDbEntity
  8
01_ЛИНИИ
370
50
420
1450031
100
AcDbPolyline
 90
11
 70
0
 10
248.92000000000002
 20
177.56970666666663
 10
177.61712000000003
 20
177.56970666666663
 10
165.6447696892538
 20
178.6500533333333
 10
151.285715149279
 20
182.97143999999997
 10
139.56028736279896
 20
189.45351999999997
 10
131.58161829657018
 20
195.93559999999997
 10
123.9222417808068
 20
204.57837333333333
 10
118.47646211493135
 20
213.22114666666667
 10
113.87666666666674
 20
221.86391999999998
 10
113.87666666666674
 20
221.86391999999998
 10
248.92000000000002
 20
221.86391999999998
  0
LWPOLYLINE
  5
B3
330
17
100
AcDbEntity
  8
01_ЛИНИИ
370
30
420
1450031
100
AcDbPolyline
 90
13
 70
0
 10
248.92000000000002
 20
171.9735109333333
 10
148.3613322666667
 20
171.9735109333333
 10
132.30814815415835
 20
174.32866666666663
 10
121.87160791237409
 20
178.6500533333333
 10
115.06932861508358
 20
182.97143999999997
 10
107.76199005423318
 20
189.45351999999997
 10
102.48954413087725
 20
195.93559999999997
 10
97.55398949709452
 20
204.57837333333333
 10
94.42473847310123
 20
213.22114666666667
 10
93.23304304234708
 20
218.6760969992985
 10
92.70187200000004
 20
221.86391999999998
 10
92.70187200000004
 20
221.86391999999998
 10
248.92000000000002
 20
221.86391999999998
  0
LWPOLYLINE
  5
B4
330
17
100
AcDbEntity
  8
01_ЛИНИИ
370
50
420
1450031
100
AcDbPolyline
 90
14
 70
0
 10
248.92000000000002
 20
167.13355786666665
 10
132.6746986666667
 20
167.13355786666665
 10
116.23448867145184
 20
170.00727999999998
 10
107.2655564811018
 20
174.32866666666663
 10
101.31198604355234
 20
178.6500533333333
 10
96.8380384692073
 20
182.97143999999997
 10
91.86775090725108
 20
189.45351999999997
 10
88.37895356041093
 20
195.93559999999997
 10
85.48076804456859
 20
204.57837333333333
 10
84.67506524043576
 20
208.910508210979
 10
84.07461405410142
 20
213.22114666666667
 10
82.87071733333342
 20
221.86391999999998
 10
82.87071733333342
 20
221.86391999999998
 10
248.92000000000002
 20
221.86391999999998
  0
LWPOLYLINE
  5
B5
330
17
100
AcDbEntity
  8
01_ЛИНИИ
370
30
420
1450031
100
AcDbPolyline
 90
16
 70
0
 10
248.92000000000002
 20
163.09306133333334
 10
119.81857333333339
 20
163.09306133333334
 10
113.76398927842862
 20
163.52519999999998
 10
102.5070748517924
 20
166.76623999999998
 10
96.54392423368668
 20
170.00727999999998
 10
90.97894430785706
 20
174.32866666666663
 10
86.88849060497064
 20
178.6500533333333
 10
83.76711387298914
 20
182.97143999999997
 10
80.4148315681631
 20
189.45351999999997
 10
78.32679970627807
 20
195.93559999999997
 10
77.45274074495728
 20
200.97914063287638
 10
77.04965818768491
 20
204.57837333333333
 10
76.0817432271758
 20
213.22114666666667
 10
75.11382826666673
 20
221.86391999999998
 10
75.11382826666673
 20
221.86391999999998
 10
248.92000000000002
 20
221.86391999999998
  0
LWPOLYLINE
  5
B6
330
17
100
AcDbEntity
  8
01_ЛИНИИ
370
50
420
1450031
100
AcDbPolyline
 90
17
 70
0
 10
248.92000000000002
 20
159.960056
 10
108.53975413333337
 20
159.960056
 10
103.75303481475721
 20
160.28415999999999
 10
93.03218417948895
 20
163.52519999999998
 10
87.63405899184798
 20
166.76623999999998
 10
83.78894056567718
 20
170.00727999999998
 10
80.00914753190571
 20
174.32866666666663
 10
77.26613124783621
 20
178.6500533333333
 10
75.30220461058026
 20
182.97143999999997
 10
73.54334606183892
 20
189.45351999999997
 10
73.15711571228489
 20
192.46757836900716
 10
72.8628498150751
 20
195.93559999999997
 10
72.12949987671675
 20
204.57837333333333
 10
71.39614993835842
 20
213.22114666666667
 10
70.66280000000006
 20
221.86391999999998
 10
70.66280000000006
 20
221.86391999999998
 10
248.92000000000002
 20
221.86391999999998
  0
LWPOLYLINE
  5
B7
330
17
100
AcDbEntity
  8
01_ЛИНИИ
370
50
420
1450031
100
AcDbPolyline
 90
17
 70
0
 10
248.92000000000002
 20
157.04312
 10
90.10904000000008
 20
157.04312
 10
79.65781359646729
 20
160.28415999999999
 10
76.05743560361171
 20
163.52519999999998
 10
73.84071622881514
 20
166.76623999999998
 10
72.47780493343707
 20
170.00727999999998
 10
71.6758343896939
 20
174.32866666666663
 10
71.64178653977777
 20
175.12759070744076
 10
71.56800146615694
 20
178.6500533333333
 10
71.47748131954125
 20
182.97143999999997
 10
71.3417010996177
 20
189.45351999999997
 10
71.2059208796942
 20
195.93559999999997
 10
71.0248805864628
 20
204.57837333333333
 10
70.84384029323144
 20
213.22114666666667
 10
70.66280000000006
 20
221.86391999999998
 10
70.66280000000006
 20
221.86391999999998
 10
248.92000000000002
 20
221.86391999999998
  0
LWPOLYLINE
  5
B8
330
17
100
AcDbEntity
  8
01_ЛИНИИ
370
50
420
1450031
100
AcDbPolyline
 90
17
 70
0
 10
248.92000000000002
 20
157.04312
 10
90.10904000000008
 20
157.04312
 10
79.65781359646729
 20
160.28415999999999
 10
76.05743560361171
 20
163.52519999999998
 10
73.84071622881514
 20
166.76623999999998
 10
72.47780493343707
 20
170.00727999999998
 10
71.6758343896939
 20
174.32866666666663
 10
71.64178653977777
 20
175.12759070744076
 10
71.56800146615694
 20
178.6500533333333
 10
71.47748131954125
 20
182.97143999999997
 10
71.3417010996177
 20
189.45351999999997
 10
71.2059208796942
 20
195.93559999999997
 10
71.0248805864628
 20
204.57837333333333
 10
70.84384029323144
 20
213.22114666666667
 10
70.66280000000006
 20
221.86391999999998
 10
70.66280000000006
 20
221.86391999999998
 10
248.92000000000002
 20
221.86391999999998
  0
LWPOLYLINE
  5
B9
330
17
100
AcDbEntity
  8
01_ЛИНИИ
370
50
420
1450031
100
AcDbPolyline
 90
17
 70
0
 10
248.92000000000002
 20
157.04312
 10
90.10904000000008
 20
157.04312
 10
79.65781359646729
 20
160.28415999999999
 10
76.05743560361171
 20
163.52519999999998
 10
73.84071622881514
 20
166.76623999999998
 10
72.47780493343707
 20
170.00727999999998
 10
71.6758343896939
 20
174.32866666666663
 10
71.64178653977777
 20
175.12759070744076
 10
71.56800146615694
 20
178.6500533333333
 10
71.47748131954125
 20
182.97143999999997
 10
71.3417010996177
 20
189.45351999999997
 10
71.2059208796942
 20
195.93559999999997
 10
71.0248805864628
 20
204.57837333333333
 10
70.84384029323144
 20
213.22114666666667
 10
70.66280000000006
 20
221.86391999999998
 10
70.66280000000006
 20
221.86391999999998
 10
248.92000000000002
 20
221.86391999999998
  0
LWPOLYLINE
  5
BA
330
17
100
AcDbEntity
  8
01_ЛИНИИ
370
50
420
1450031
100
AcDbPolyline
 90
17
 70
0
 10
248.92000000000002
 20
157.04312
 10
90.10904000000008
 20
157.04312
 10
79.65781359646729
 20
160.28415999999999
 10
76.05743560361171
 20
163.52519999999998
 10
73.84071622881514
 20
166.76623999999998
 10
72.47780493343707
 20
170.00727999999998
 10
71.6758343896939
 20
174.32866666666663
 10
71.64178653977777
 20
175.12759070744076
 10
71.56800146615694
 20
178.6500533333333
 10
71.47748131954125
 20
182.97143999999997
 10
71.3417010996177
 20
189.45351999999997
 10
71.2059208796942
 20
195.93559999999997
 10
71.0248805864628
 20
204.57837333333333
 10
70.84384029323144
 20
213.22114666666667
 10
70.66280000000006
 20
221.86391999999998
 10
70.66280000000006
 20
221.86391999999998
 10
248.92000000000002
 20
221.86391999999998
  0
LWPOLYLINE
  5
BB
330
17
100
AcDbEntity
  8
01_ЛИНИИ
370
50
420
1450031
100
AcDbPolyline
 90
17
 70
0
 10
248.92000000000002
 20
157.04312
 10
90.10904000000008
 20
157.04312
 10
79.65781359646729
 20
160.28415999999999
 10
76.05743560361171
 20
163.52519999999998
 10
73.84071622881514
 20
166.76623999999998
 10
72.47780493343707
 20
170.00727999999998
 10
71.6758343896939
 20
174.32866666666663
 10
71.64178653977777
 20
175.12759070744076
 10
71.56800146615694
 20
178.6500533333333
 10
71.47748131954125
 20
182.97143999999997
 10
71.3417010996177
 20
189.45351999999997
 10
71.2059208796942
 20
195.93559999999997
 10
71.0248805864628
 20
204.57837333333333
 10
70.84384029323144
 20
213.22114666666667
 10
70.66280000000006
 20
221.86391999999998
 10
70.66280000000006
 20
221.86391999999998
 10
248.92000000000002
 20
221.86391999999998
  0
LWPOLYLINE
  5
BC
330
17
100
AcDbEntity
  8
01_ЛИНИИ
370
50
420
1450031
100
AcDbPolyline
 90
17
 70
0
 10
248.92000000000002
 20
157.04312
 10
90.10904000000008
 20
157.04312
 10
79.65781359646729
 20
160.28415999999999
 10
76.05743560361171
 20
163.52519999999998
 10
73.84071622881514
 20
166.76623999999998
 10
72.47780493343707
 20
170.00727999999998
 10
71.6758343896939
 20
174.32866666666663
 10
71.64178653977777
 20
175.12759070744076
 10
71.56800146615694
 20
178.6500533333333
 10
71.47748131954125
 20
182.97143999999997
 10
71.3417010996177
 20
189.45351999999997
 10
71.2059208796942
 20
195.93559999999997
 10
71.0248805864628
 20
204.57837333333333
 10
70.84384029323144
 20
213.22114666666667
 10
70.66280000000006
 20
221.86391999999998
 10
70.66280000000006
 20
221.86391999999998
 10
248.92000000000002
 20
221.86391999999998
  0
LWPOLYLINE
  5
BD
330
17
100
AcDbEntity
  8
01_ЛИНИИ
370
50
420
1450031
100
AcDbPolyline
 90
17
 70
0
 10
248.92000000000002
 20
157.04312
 10
145.20672000000008
 20
157.04312
 10
145.20672000000008
 20
160.28415999999999
 10
145.20672000000008
 20
163.52519999999998
 10
145.20672000000008
 20
166.76623999999998
 10
145.20672000000008
 20
170.00727999999998
 10
145.20672000000008
 20
174.32866666666663
 10
145.20672000000008
 20
175.12759070744076
 10
145.20672000000008
 20
178.6500533333333
 10
145.20672000000008
 20
182.97143999999997
 10
145.20672000000008
 20
189.45351999999997
 10
145.20672000000008
 20
195.93559999999997
 10
145.20672000000008
 20
204.57837333333333
 10
145.20672000000008
 20
213.22114666666667
 10
145.20672000000008
 20
221.86391999999998
 10
145.20672000000008
 20
221.86391999999998
 10
248.92000000000002
 20
221.86391999999998
  0
LWPOLYLINE
  5
BE
330
17
100
AcDbEntity
  8
01_ЛИНИИ
370
50
420
11544116
100
AcDbPolyline
 90
17
 70
0
 10
248.92000000000002
 20
157.04312
 10
357.2435724736723
 20
157.04312
 10
357.2435724736723
 20
160.28415999999999
 10
357.2435724736723
 20
163.52519999999998
 10
357.2435724736723
 20
166.76623999999998
 10
357.2435724736723
 20
170.00727999999998
 10
357.2435724736723
 20
174.32866666666663
 10
357.2435724736723
 20
175.12759070744076
 10
357.2435724736723
 20
178.6500533333333
 10
357.2435724736723
 20
182.97143999999997
 10
357.2435724736723
 20
189.45351999999997
 10
357.2435724736723
 20
195.93559999999997
 10
357.2435724736723
 20
204.57837333333333
 10
357.2435724736723
 20
213.22114666666667
 10
357.2435724736723
 20
221.86391999999998
 10
357.2435724736723
 20
221.86391999999998
 10
248.92000000000002
 20
221.86391999999998
  0
LWPOLYLINE
  5
BF
330
17
100
AcDbEntity
  8
01_ЛИНИИ
370
50
420
11544116
100
AcDbPolyline
 90
17
 70
0
 10
248.92000000000002
 20
157.04312
 10
407.7309599999999
 20
157.04312
 10
418.18218640353274
 20
160.28415999999999
 10
421.78256439638824
 20
163.52519999999998
 10
423.9992837711848
 20
166.76623999999998
 10
425.362195066563
 20
170.00727999999998
 10
426.16416561030604
 20
174.32866666666663
 10
426.1982134602223
 20
175.12759070744076
 10
426.27199853384315
 20
178.6500533333333
 10
426.3625186804588
 20
182.97143999999997
 10
426.4982989003824
 20
189.45351999999997
 10
426.6340791203059
 20
195.93559999999997
 10
426.81511941353716
 20
204.57837333333333
 10
426.99615970676854
 20
213.22114666666667
 10
427.1771999999999
 20
221.86391999999998
 10
427.1771999999999
 20
221.86391999999998
 10
248.92000000000002
 20
221.86391999999998
  0
LWPOLYLINE
  5
C0
330
17
100
AcDbEntity
  8
01_ЛИНИИ
370
50
420
11544116
100
AcDbPolyline
 90
17
 70
0
 10
248.92000000000002
 20
157.04312
 10
407.7309599999999
 20
157.04312
 10
418.18218640353274
 20
160.28415999999999
 10
421.78256439638824
 20
163.52519999999998
 10
423.9992837711848
 20
166.76623999999998
 10
425.362195066563
 20
170.00727999999998
 10
426.16416561030604
 20
174.32866666666663
 10
426.1982134602223
 20
175.12759070744076
 10
426.27199853384315
 20
178.6500533333333
 10
426.3625186804588
 20
182.97143999999997
 10
426.4982989003824
 20
189.45351999999997
 10
426.6340791203059
 20
195.93559999999997
 10
426.81511941353716
 20
204.57837333333333
 10
426.99615970676854
 20
213.22114666666667
 10
427.1771999999999
 20
221.86391999999998
 10
427.1771999999999
 20
221.86391999999998
 10
248.92000000000002
 20
221.86391999999998
  0
LWPOLYLINE
  5
C1
330
17
100
AcDbEntity
  8
01_ЛИНИИ
370
50
420
11544116
100
AcDbPolyline
 90
17
 70
0
 10
248.92000000000002
 20
157.04312
 10
407.7309599999999
 20
157.04312
 10
418.18218640353274
 20
160.28415999999999
 10
421.78256439638824
 20
163.52519999999998
 10
423.9992837711848
 20
166.76623999999998
 10
425.362195066563
 20
170.00727999999998
 10
426.16416561030604
 20
174.32866666666663
 10
426.1982134602223
 20
175.12759070744076
 10
426.27199853384315
 20
178.6500533333333
 10
426.3625186804588
 20
182.97143999999997
 10
426.4982989003824
 20
189.45351999999997
 10
426.6340791203059
 20
195.93559999999997
 10
426.81511941353716
 20
204.57837333333333
 10
426.99615970676854
 20
213.22114666666667
 10
427.1771999999999
 20
221.86391999999998
 10
427.1771999999999
 20
221.86391999999998
 10
248.92000000000002
 20
221.86391999999998
  0
LWPOLYLINE
  5
C2
330
17
100
AcDbEntity
  8
01_ЛИНИИ
370
50
420
11544116
100
AcDbPolyline
 90
17
 70
0
 10
248.92000000000002
 20
157.04312
 10
407.7309599999999
 20
157.04312
 10
418.18218640353274
 20
160.28415999999999
 10
421.78256439638824
 20
163.52519999999998
 10
423.9992837711848
 20
166.76623999999998
 10
425.362195066563
 20
170.00727999999998
 10
426.16416561030604
 20
174.32866666666663
 10
426.1982134602223
 20
175.12759070744076
 10
426.27199853384315
 20
178.6500533333333
 10
426.3625186804588
 20
182.97143999999997
 10
426.4982989003824
 20
189.45351999999997
 10
426.6340791203059
 20
195.93559999999997
 10
426.81511941353716
 20
204.57837333333333
 10
426.99615970676854
 20
213.22114666666667
 10
427.1771999999999
 20
221.86391999999998
 10
427.1771999999999
 20
221.86391999999998
 10
248.92000000000002
 20
221.86391999999998
  0
LWPOLYLINE
  5
C3
330
17
100
AcDbEntity
  8
01_ЛИНИИ
370
50
420
11544116
100
AcDbPolyline
 90
17
 70
0
 10
248.92000000000002
 20
157.04312
 10
407.7309599999999
 20
157.04312
 10
418.18218640353274
 20
160.28415999999999
 10
421.78256439638824
 20
163.52519999999998
 10
423.9992837711848
 20
166.76623999999998
 10
425.362195066563
 20
170.00727999999998
 10
426.16416561030604
 20
174.32866666666663
 10
426.1982134602223
 20
175.12759070744076
 10
426.27199853384315
 20
178.6500533333333
 10
426.3625186804588
 20
182.97143999999997
 10
426.4982989003824
 20
189.45351999999997
 10
426.6340791203059
 20
195.93559999999997
 10
426.81511941353716
 20
204.57837333333333
 10
426.99615970676854
 20
213.22114666666667
 10
427.1771999999999
 20
221.86391999999998
 10
427.1771999999999
 20
221.86391999999998
 10
248.92000000000002
 20
221.86391999999998
  0
LWPOLYLINE
  5
C4
330
17
100
AcDbEntity
  8
01_ЛИНИИ
370
50
420
11544116
100
AcDbPolyline
 90
17
 70
0
 10
248.92000000000002
 20
157.04312
 10
407.7309599999999
 20
157.04312
 10
418.18218640353274
 20
160.28415999999999
 10
421.78256439638824
 20
163.52519999999998
 10
423.9992837711848
 20
166.76623999999998
 10
425.362195066563
 20
170.00727999999998
 10
426.16416561030604
 20
174.32866666666663
 10
426.1982134602223
 20
175.12759070744076
 10
426.27199853384315
 20
178.6500533333333
 10
426.3625186804588
 20
182.97143999999997
 10
426.4982989003824
 20
189.45351999999997
 10
426.6340791203059
 20
195.93559999999997
 10
426.81511941353716
 20
204.57837333333333
 10
426.99615970676854
 20
213.22114666666667
 10
427.1771999999999
 20
221.86391999999998
 10
427.1771999999999
 20
221.86391999999998
 10
248.92000000000002
 20
221.86391999999998
  0
LWPOLYLINE
  5
C5
330
17
100
AcDbEntity
  8
01_ЛИНИИ
370
50
420
11544116
100
AcDbPolyline
 90
17
 70
0
 10
248.92000000000002
 20
157.04312
 10
407.7309599999999
 20
157.04312
 10
418.18218640353274
 20
160.28415999999999
 10
421.78256439638824
 20
163.52519999999998
 10
423.9992837711848
 20
166.76623999999998
 10
425.362195066563
 20
170.00727999999998
 10
426.16416561030604
 20
174.32866666666663
 10
426.1982134602223
 20
175.12759070744076
 10
426.27199853384315
 20
178.6500533333333
 10
426.3625186804588
 20
182.97143999999997
 10
426.4982989003824
 20
189.45351999999997
 10
426.6340791203059
 20
195.93559999999997
 10
426.81511941353716
 20
204.57837333333333
 10
426.99615970676854
 20
213.22114666666667
 10
427.1771999999999
 20
221.86391999999998
 10
427.1771999999999
 20
221.86391999999998
 10
248.92000000000002
 20
221.86391999999998
  0
LWPOLYLINE
  5
C6
330
17
100
AcDbEntity
  8
01_ЛИНИИ
370
50
420
11544116
100
AcDbPolyline
 90
17
 70
0
 10
248.92000000000002
 20
159.5927381333333
 10
379.4690912
 20
159.5927381333333
 10
383.2056889022689
 20
160.28415999999999
 10
387.63392631020463
 20
163.52519999999998
 10
389.38666256610867
 20
166.76623999999998
 10
389.8801668600562
 20
169.22675166510055
 10
389.9407734096125
 20
170.00727999999998
 10
390.27632091436703
 20
174.32866666666663
 10
390.61186841912155
 20
178.6500533333333
 10
390.94741592387606
 20
182.97143999999997
 10
391.4507371810078
 20
189.45351999999997
 10
391.9540584381396
 20
195.93559999999997
 10
392.62515344764864
 20
204.57837333333333
 10
393.2962484571577
 20
213.22114666666667
 10
393.9673434666667
 20
221.86391999999998
 10
393.9673434666667
 20
221.86391999999998
 10
248.92000000000002
 20
221.86391999999998
  0
LWPOLYLINE
  5
C7
330
17
100
AcDbEntity
  8
01_ЛИНИИ
370
30
420
11544116
100
AcDbPolyline
 90
15
 70
0
 10
248.92000000000002
 20
165.42661013333333
 10
353.2166672
 20
165.42661013333333
 10
357.02313969064903
 20
166.76623999999998
 10
359.10714206155967
 20
170.00727999999998
 10
359.2543709365034
 20
170.80789852250146
 10
359.6604923271037
 20
174.32866666666663
 10
360.1589652428216
 20
178.6500533333333
 10
360.65743815853943
 20
182.97143999999997
 10
361.40514753211613
 20
189.45351999999997
 10
362.15285690569294
 20
195.93559999999997
 10
363.14980273712865
 20
204.57837333333333
 10
364.1467485685643
 20
213.22114666666667
 10
365.14369439999996
 20
221.86391999999998
 10
365.14369439999996
 20
221.86391999999998
 10
248.92000000000002
 20
221.86391999999998
  0
LWPOLYLINE
  5
C8
330
17
100
AcDbEntity
  8
01_ЛИНИИ
370
50
420
11544116
100
AcDbPolyline
 90
11
 70
0
 10
248.92000000000002
 20
174.4150944
 10
324.9331914666667
 20
174.4150944
 10
325.5040238183364
 20
178.6500533333333
 10
326.08650580983607
 20
182.97143999999997
 10
326.96022879708556
 20
189.45351999999997
 10
327.8339517843351
 20
195.93559999999997
 10
328.99891576733455
 20
204.57837333333333
 10
330.16387975033393
 20
213.22114666666667
 10
331.3288437333333
 20
221.86391999999998
 10
331.3288437333333
 20
221.86391999999998
 10
248.92000000000002
 20
221.86391999999998
  0
LWPOLYLINE
  5
C9
330
17
100
AcDbEntity
  8
01_ЛИНИИ
370
30
420
11544116
100
AcDbPolyline
 90
9
 70
0
 10
248.92000000000002
 20
186.4069424
 10
293.1926064
 20
186.4069424
 10
293.20003254893356
 20
189.45351999999997
 10
293.2158328658135
 20
195.93559999999997
 10
293.2368999549868
 20
204.57837333333333
 10
293.25796704416
 20
213.22114666666667
 10
293.27903413333337
 20
221.86391999999998
 10
293.27903413333337
 20
221.86391999999998
 10
248.92000000000002
 20
221.86391999999998
  0
LWPOLYLINE
  5
CA
330
17
100
AcDbEntity
  8
01_ЛИНИИ
370
50
420
11544116
100
AcDbPolyline
 90
7
 70
0
 10
248.92000000000002
 20
201.33733333333328
 10
248.92000000000002
 20
201.33733333333328
 10
249.3293945263158
 20
204.57837333333333
 10
250.42111326315793
 20
213.22114666666667
 10
251.51283200000003
 20
221.86391999999998
 10
251.51283200000003
 20
221.86391999999998
 10
248.92000000000002
 20
221.86391999999998
  0
LWPOLYLINE
  5
CB
330
17
100
AcDbEntity
  8
01_ЛИНИИ
370
18
420
12174031
100
AcDbPolyline
 90
2
 70
0
 10
251.51283200000003
 20
222.512128
 10
282.16143589743587
 20
263.3492319999999
  0
LWPOLYLINE
  5
CC
330
17
100
AcDbEntity
  8
01_ЛИНИИ
370
18
420
12174031
100
AcDbPolyline
 90
2
 70
0
 10
293.27903413333337
 20
222.512128
 10
296.7876676923077
 20
256.8671519999999
  0
LWPOLYLINE
  5
CD
330
17
100
AcDbEntity
  8
01_ЛИНИИ
370
18
420
12174031
100
AcDbPolyline
 90
2
 70
0
 10
331.3288437333333
 20
222.512128
 10
311.4138994871795
 20
263.3492319999999
  0
LWPOLYLINE
  5
CE
330
17
100
AcDbEntity
  8
01_ЛИНИИ
370
18
420
12174031
100
AcDbPolyline
 90
2
 70
0
 10
357.2435724736723
 20
222.512128
 10
326.0401312820513
 20
256.8671519999999
  0
LWPOLYLINE
  5
CF
330
17
100
AcDbEntity
  8
01_ЛИНИИ
370
18
420
12174031
100
AcDbPolyline
 90
2
 70
0
 10
365.14369439999996
 20
222.512128
 10
340.6663630769231
 20
263.3492319999999
  0
LWPOLYLINE
  5
D0
330
17
100
AcDbEntity
  8
01_ЛИНИИ
370
18
420
12174031
100
AcDbPolyline
 90
2
 70
0
 10
393.9673434666667
 20
222.512128
 10
355.2925948717949
 20
256.8671519999999
  0
LWPOLYLINE
  5
D1
330
17
100
AcDbEntity
  8
01_ЛИНИИ
370
18
420
12174031
100
AcDbPolyline
 90
2
 70
0
 10
427.1771999999999
 20
222.512128
 10
369.9188266666667
 20
263.3492319999999
  0
LWPOLYLINE
  5
D2
330
17
100
AcDbEntity
  8
01_ЛИНИИ
370
18
420
12174031
100
AcDbPolyline
 90
2
 70
0
 10
427.1771999999999
 20
222.512128
 10
384.5450584615384
 20
256.8671519999999
  0
LWPOLYLINE
  5
D3
330
17
100
AcDbEntity
  8
01_ЛИНИИ
370
18
420
12174031
100
AcDbPolyline
 90
2
 70
0
 10
427.1771999999999
 20
222.512128
 10
399.17129025641026
 20
263.3492319999999
  0
LWPOLYLINE
  5
D4
330
17
100
AcDbEntity
  8
01_ЛИНИИ
370
18
420
12174031
100
AcDbPolyline
 90
2
 70
0
 10
427.1771999999999
 20
222.512128
 10
413.797522051282
 20
256.8671519999999
  0
LWPOLYLINE
  5
D5
330
17
100
AcDbEntity
  8
01_ЛИНИИ
370
18
420
12174031
100
AcDbPolyline
 90
2
 70
0
 10
427.1771999999999
 20
222.512128
 10
428.4237538461539
 20
263.3492319999999
  0
LWPOLYLINE
  5
D6
330
17
100
AcDbEntity
  8
01_ЛИНИИ
370
18
420
12174031
100
AcDbPolyline
 90
2
 70
0
 10
427.1771999999999
 20
222.512128
 10
443.0499856410256
 20
256.8671519999999
  0
LWPOLYLINE
  5
D7
330
17
100
AcDbEntity
  8
01_ЛИНИИ
370
18
420
12174031
100
AcDbPolyline
 90
2
 70
0
 10
427.1771999999999
 20
222.512128
 10
457.6762174358975
 20
263.3492319999999
  0
LWPOLYLINE
  5
D8
330
17
100
AcDbEntity
  8
01_ЛИНИИ
370
18
420
12174031
100
AcDbPolyline
 90
2
 70
0
 10
145.20672000000008
 20
222.512128
 10
215.06913777777783
 20
263.3492319999999
  0
LWPOLYLINE
  5
D9
330
17
100
AcDbEntity
  8
01_ЛИНИИ
370
18
420
12174031
100
AcDbPolyline
 90
2
 70
0
 10
113.87666666666674
 20
222.512128
 10
199.22405333333336
 20
256.8671519999999
  0
LWPOLYLINE
  5
DA
330
17
100
AcDbEntity
  8
01_ЛИНИИ
370
18
420
12174031
100
AcDbPolyline
 90
2
 70
0
 10
92.70187200000004
 20
222.512128
 10
183.3789688888889
 20
263.3492319999999
  0
LWPOLYLINE
  5
DB
330
17
100
AcDbEntity
  8
01_ЛИНИИ
370
18
420
12174031
100
AcDbPolyline
 90
2
 70
0
 10
82.87071733333342
 20
222.512128
 10
167.53388444444448
 20
256.8671519999999
  0
LWPOLYLINE
  5
DC
330
17
100
AcDbEntity
  8
01_ЛИНИИ
370
18
420
12174031
100
AcDbPolyline
 90
2
 70
0
 10
75.11382826666673
 20
222.512128
 10
151.68880000000007
 20
263.3492319999999
  0
LWPOLYLINE
  5
DD
330
17
100
AcDbEntity
  8
01_ЛИНИИ
370
18
420
12174031
100
AcDbPolyline
 90
2
 70
0
 10
70.66280000000006
 20
222.512128
 10
135.84371555555558
 20
256.8671519999999
  0
LWPOLYLINE
  5
DE
330
17
100
AcDbEntity
  8
01_ЛИНИИ
370
18
420
12174031
100
AcDbPolyline
 90
2
 70
0
 10
70.66280000000006
 20
222.512128
 10
119.99863111111117
 20
263.3492319999999
  0
LWPOLYLINE
  5
DF
330
17
100
AcDbEntity
  8
01_ЛИНИИ
370
18
420
12174031
100
AcDbPolyline
 90
2
 70
0
 10
70.66280000000006
 20
222.512128
 10
104.1535466666667
 20
256.8671519999999
  0
LWPOLYLINE
  5
E0
330
17
100
AcDbEntity
  8
01_ЛИНИИ
370
18
420
12174031
100
AcDbPolyline
 90
2
 70
0
 10
70.66280000000006
 20
222.512128
 10
88.30846222222226
 20
263.3492319999999
  0
LWPOLYLINE
  5
E1
330
17
100
AcDbEntity
  8
01_ЛИНИИ
370
18
420
12174031
100
AcDbPolyline
 90
2
 70
0
 10
70.66280000000006
 20
222.512128
 10
72.46337777777781
 20
256.8671519999999
  0
LWPOLYLINE
  5
E2
330
17
100
AcDbEntity
  8
01_ЛИНИИ
370
18
420
12174031
100
AcDbPolyline
 90
2
 70
0
 10
70.66280000000006
 20
222.512128
 10
56.618293333333376
 20
263.3492319999999
  0
LWPOLYLINE
  5
E3
330
17
100
AcDbEntity
  8
01_ЛИНИИ
370
18
420
12174031
100
AcDbPolyline
 90
2
 70
0
 10
70.66280000000006
 20
222.512128
 10
40.77320888888896
 20
256.8671519999999
  0
LWPOLYLINE
  5
E4
330
17
100
AcDbEntity
  8
01_ЛИНИИ
370
60
420
1858698
100
AcDbPolyline
 90
2
 70
0
 10
56.618293333333376
 20
184.18822364719998
 10
441.22170666666665
 20
184.18822364719998
  0
LWPOLYLINE
  5
E5
330
17
100
AcDbEntity
  8
01_ЛИНИИ
370
50
420
1450031
100
AcDbPolyline
 90
2
 70
0
 10
248.92000000000002
 20
153.80208
 10
248.92000000000002
 20
232.66738666666663
  0
TEXT
  5
E6
330
17
100
AcDbEntity
  8
04_ТЕКСТ
420
5661306
100
AcDbText
 10
48.54956000000006
 20
157.04312
 30
0.0
 40
1.9049999999999998
  1
0.00
  7
ГОСТ
 72
1
 11
48.54956000000006
 21
157.04312
 31
0.0
100
AcDbText
 73
2
  0
TEXT
  5
E7
330
17
100
AcDbEntity
  8
04_ТЕКСТ
420
5661306
100
AcDbText
 10
48.54956000000006
 20
160.28415999999999
 30
0.0
 40
1.9049999999999998
  1
0.15
  7
ГОСТ
 72
1
 11
48.54956000000006
 21
160.28415999999999
 31
0.0
100
AcDbText
 73
2
  0
TEXT
  5
E8
330
17
100
AcDbEntity
  8
04_ТЕКСТ
420
5661306
100
AcDbText
 10
48.54956000000006
 20
163.52519999999998
 30
0.0
 40
1.9049999999999998
  1
0.30
  7
ГОСТ
 72
1
 11
48.54956000000006
 21
163.52519999999998
 31
0.0
100
AcDbText
 73
2
  0
TEXT
  5
E9
330
17
100
AcDbEntity
  8
04_ТЕКСТ
420
5661306
100
AcDbText
 10
48.54956000000006
 20
166.76623999999998
 30
0.0
 40
1.9049999999999998
  1
0.45
  7
ГОСТ
 72
1
 11
48.54956000000006
 21
166.76623999999998
 31
0.0
100
AcDbText
 73
2
  0
TEXT
  5
EA
330
17
100
AcDbEntity
  8
04_ТЕКСТ
420
5661306
100
AcDbText
 10
48.54956000000006
 20
170.00727999999998
 30
0.0
 40
1.9049999999999998
  1
0.60
  7
ГОСТ
 72
1
 11
48.54956000000006
 21
170.00727999999998
 31
0.0
100
AcDbText
 73
2
  0
TEXT
  5
EB
330
17
100
AcDbEntity
  8
04_ТЕКСТ
420
5661306
100
AcDbText
 10
48.54956000000006
 20
174.32866666666663
 30
0.0
 40
1.9049999999999998
  1
0.80
  7
ГОСТ
 72
1
 11
48.54956000000006
 21
174.32866666666663
 31
0.0
100
AcDbText
 73
2
  0
TEXT
  5
EC
330
17
100
AcDbEntity
  8
04_ТЕКСТ
420
5661306
100
AcDbText
 10
48.54956000000006
 20
178.6500533333333
 30
0.0
 40
1.9049999999999998
  1
1.00
  7
ГОСТ
 72
1
 11
48.54956000000006
 21
178.6500533333333
 31
0.0
100
AcDbText
 73
2
  0
TEXT
  5
ED
330
17
100
AcDbEntity
  8
04_ТЕКСТ
420
5661306
100
AcDbText
 10
48.54956000000006
 20
182.97143999999997
 30
0.0
 40
1.9049999999999998
  1
1.20
  7
ГОСТ
 72
1
 11
48.54956000000006
 21
182.97143999999997
 31
0.0
100
AcDbText
 73
2
  0
TEXT
  5
EE
330
17
100
AcDbEntity
  8
04_ТЕКСТ
420
5661306
100
AcDbText
 10
48.54956000000006
 20
189.45351999999997
 30
0.0
 40
1.9049999999999998
  1
1.50
  7
ГОСТ
 72
1
 11
48.54956000000006
 21
189.45351999999997
 31
0.0
100
AcDbText
 73
2
  0
TEXT
  5
EF
330
17
100
AcDbEntity
  8
04_ТЕКСТ
420
5661306
100
AcDbText
 10
48.54956000000006
 20
195.93559999999997
 30
0.0
 40
1.9049999999999998
  1
1.80
  7
ГОСТ
 72
1
 11
48.54956000000006
 21
195.93559999999997
 31
0.0
100
AcDbText
 73
2
  0
TEXT
  5
F0
330
17
100
AcDbEntity
  8
04_ТЕКСТ
420
5661306
100
AcDbText
 10
48.54956000000006
 20
204.57837333333333
 30
0.0
 40
1.9049999999999998
  1
2.20
  7
ГОСТ
 72
1
 11
48.54956000000006
 21
204.57837333333333
 31
0.0
100
AcDbText
 73
2
  0
TEXT
  5
F1
330
17
100
AcDbEntity
  8
04_ТЕКСТ
420
5661306
100
AcDbText
 10
48.54956000000006
 20
213.22114666666667
 30
0.0
 40
1.9049999999999998
  1
2.60
  7
ГОСТ
 72
1
 11
48.54956000000006
 21
213.22114666666667
 31
0.0
100
AcDbText
 73
2
  0
TEXT
  5
F2
330
17
100
AcDbEntity
  8
04_ТЕКСТ
420
5661306
100
AcDbText
 10
48.54956000000006
 20
221.86391999999998
 30
0.0
 40
1.9049999999999998
  1
3.00
  7
ГОСТ
 72
1
 11
48.54956000000006
 21
221.86391999999998
 31
0.0
100
AcDbText
 73
2
  0
TEXT
  5
F3
330
17
100
AcDbEntity
  8
04_ТЕКСТ
420
5661306
100
AcDbText
 10
282.16143589743587
 20
266.7446475555555
 30
0.0
 40
1.7779999999999998
  1
20
  7
ГОСТ
 72
1
 11
282.16143589743587
 21
266.7446475555555
 31
0.0
100
AcDbText
 73
2
  0
TEXT
  5
F4
330
17
100
AcDbEntity
  8
04_ТЕКСТ
420
5661306
100
AcDbText
 10
296.7876676923077
 20
260.2625675555555
 30
0.0
 40
1.7779999999999998
  1
19.5
  7
ГОСТ
 72
1
 11
296.7876676923077
 21
260.2625675555555
 31
0.0
100
AcDbText
 73
2
  0
TEXT
  5
F5
330
17
100
AcDbEntity
  8
04_ТЕКСТ
420
5661306
100
AcDbText
 10
311.4138994871795
 20
266.7446475555555
 30
0.0
 40
1.7779999999999998
  1
19
  7
ГОСТ
 72
1
 11
311.4138994871795
 21
266.7446475555555
 31
0.0
100
AcDbText
 73
2
  0
TEXT
  5
F6
330
17
100
AcDbEntity
  8
04_ТЕКСТ
420
5661306
100
AcDbText
 10
326.0401312820513
 20
260.2625675555555
 30
0.0
 40
1.7779999999999998
  1
10
  7
ГОСТ
 72
1
 11
326.0401312820513
 21
260.2625675555555
 31
0.0
100
AcDbText
 73
2
  0
TEXT
  5
F7
330
17
100
AcDbEntity
  8
04_ТЕКСТ
420
5661306
100
AcDbText
 10
340.6663630769231
 20
266.7446475555555
 30
0.0
 40
1.7779999999999998
  1
18.5
  7
ГОСТ
 72
1
 11
340.6663630769231
 21
266.7446475555555
 31
0.0
100
AcDbText
 73
2
  0
TEXT
  5
F8
330
17
100
AcDbEntity
  8
04_ТЕКСТ
420
5661306
100
AcDbText
 10
355.2925948717949
 20
260.2625675555555
 30
0.0
 40
1.7779999999999998
  1
18
  7
ГОСТ
 72
1
 11
355.2925948717949
 21
260.2625675555555
 31
0.0
100
AcDbText
 73
2
  0
TEXT
  5
F9
330
17
100
AcDbEntity
  8
04_ТЕКСТ
420
5661306
100
AcDbText
 10
369.9188266666667
 20
266.7446475555555
 30
0.0
 40
1.7779999999999998
  1
11
  7
ГОСТ
 72
1
 11
369.9188266666667
 21
266.7446475555555
 31
0.0
100
AcDbText
 73
2
  0
TEXT
  5
FA
330
17
100
AcDbEntity
  8
04_ТЕКСТ
420
5661306
100
AcDbText
 10
384.5450584615384
 20
260.2625675555555
 30
0.0
 40
1.7779999999999998
  1
12
  7
ГОСТ
 72
1
 11
384.5450584615384
 21
260.2625675555555
 31
0.0
100
AcDbText
 73
2
  0
TEXT
  5
FB
330
17
100
AcDbEntity
  8
04_ТЕКСТ
420
5661306
100
AcDbText
 10
399.17129025641026
 20
266.7446475555555
 30
0.0
 40
1.7779999999999998
  1
13
  7
ГОСТ
 72
1
 11
399.17129025641026
 21
266.7446475555555
 31
0.0
100
AcDbText
 73
2
  0
TEXT
  5
FC
330
17
100
AcDbEntity
  8
04_ТЕКСТ
420
5661306
100
AcDbText
 10
413.797522051282
 20
260.2625675555555
 30
0.0
 40
1.7779999999999998
  1
14
  7
ГОСТ
 72
1
 11
413.797522051282
 21
260.2625675555555
 31
0.0
100
AcDbText
 73
2
  0
TEXT
  5
FD
330
17
100
AcDbEntity
  8
04_ТЕКСТ
420
5661306
100
AcDbText
 10
428.4237538461539
 20
266.7446475555555
 30
0.0
 40
1.7779999999999998
  1
15
  7
ГОСТ
 72
1
 11
428.4237538461539
 21
266.7446475555555
 31
0.0
100
AcDbText
 73
2
  0
TEXT
  5
FE
330
17
100
AcDbEntity
  8
04_ТЕКСТ
420
5661306
100
AcDbText
 10
443.0499856410256
 20
260.2625675555555
 30
0.0
 40
1.7779999999999998
  1
16
  7
ГОСТ
 72
1
 11
443.0499856410256
 21
260.2625675555555
 31
0.0
100
AcDbText
 73
2
  0
TEXT
  5
FF
330
17
100
AcDbEntity
  8
04_ТЕКСТ
420
5661306
100
AcDbText
 10
457.6762174358975
 20
266.7446475555555
 30
0.0
 40
1.7779999999999998
  1
17
  7
ГОСТ
 72
1
 11
457.6762174358975
 21
266.7446475555555
 31
0.0
100
AcDbText
 73
2
  0
TEXT
  5
100
330
17
100
AcDbEntity
  8
04_ТЕКСТ
420
5661306
100
AcDbText
 10
215.06913777777783
 20
266.7446475555555
 30
0.0
 40
1.7779999999999998
  1
9
  7
ГОСТ
 72
1
 11
215.06913777777783
 21
266.7446475555555
 31
0.0
100
AcDbText
 73
2
  0
TEXT
  5
101
330
17
100
AcDbEntity
  8
04_ТЕКСТ
420
5661306
100
AcDbText
 10
199.22405333333336
 20
260.2625675555555
 30
0.0
 40
1.7779999999999998
  1
0
  7
ГОСТ
 72
1
 11
199.22405333333336
 21
260.2625675555555
 31
0.0
100
AcDbText
 73
2
  0
TEXT
  5
102
330
17
100
AcDbEntity
  8
04_ТЕКСТ
420
5661306
100
AcDbText
 10
183.3789688888889
 20
266.7446475555555
 30
0.0
 40
1.7779999999999998
  1
0.5
  7
ГОСТ
 72
1
 11
183.3789688888889
 21
266.7446475555555
 31
0.0
100
AcDbText
 73
2
  0
TEXT
  5
103
330
17
100
AcDbEntity
  8
04_ТЕКСТ
420
5661306
100
AcDbText
 10
167.53388444444448
 20
260.2625675555555
 30
0.0
 40
1.7779999999999998
  1
1
  7
ГОСТ
 72
1
 11
167.53388444444448
 21
260.2625675555555
 31
0.0
100
AcDbText
 73
2
  0
TEXT
  5
104
330
17
100
AcDbEntity
  8
04_ТЕКСТ
420
5661306
100
AcDbText
 10
151.68880000000007
 20
266.7446475555555
 30
0.0
 40
1.7779999999999998
  1
1.5
  7
ГОСТ
 72
1
 11
151.68880000000007
 21
266.7446475555555
 31
0.0
100
AcDbText
 73
2
  0
TEXT
  5
105
330
17
100
AcDbEntity
  8
04_ТЕКСТ
420
5661306
100
AcDbText
 10
135.84371555555558
 20
260.2625675555555
 30
0.0
 40
1.7779999999999998
  1
2
  7
ГОСТ
 72
1
 11
135.84371555555558
 21
260.2625675555555
 31
0.0
100
AcDbText
 73
2
  0
TEXT
  5
106
330
17
100
AcDbEntity
  8
04_ТЕКСТ
420
5661306
100
AcDbText
 10
119.99863111111117
 20
266.7446475555555
 30
0.0
 40
1.7779999999999998
  1
3
  7
ГОСТ
 72
1
 11
119.99863111111117
 21
266.7446475555555
 31
0.0
100
AcDbText
 73
2
  0
TEXT
  5
107
330
17
100
AcDbEntity
  8
04_ТЕКСТ
420
5661306
100
AcDbText
 10
104.1535466666667
 20
260.2625675555555
 30
0.0
 40
1.7779999999999998
  1
4
  7
ГОСТ
 72
1
 11
104.1535466666667
 21
260.2625675555555
 31
0.0
100
AcDbText
 73
2
  0
TEXT
  5
108
330
17
100
AcDbEntity
  8
04_ТЕКСТ
420
5661306
100
AcDbText
 10
88.30846222222226
 20
266.7446475555555
 30
0.0
 40
1.7779999999999998
  1
5
  7
ГОСТ
 72
1
 11
88.30846222222226
 21
266.7446475555555
 31
0.0
100
AcDbText
 73
2
  0
TEXT
  5
109
330
17
100
AcDbEntity
  8
04_ТЕКСТ
420
5661306
100
AcDbText
 10
72.46337777777781
 20
260.2625675555555
 30
0.0
 40
1.7779999999999998
  1
6
  7
ГОСТ
 72
1
 11
72.46337777777781
 21
260.2625675555555
 31
0.0
100
AcDbText
 73
2
  0
TEXT
  5
10A
330
17
100
AcDbEntity
  8
04_ТЕКСТ
420
5661306
100
AcDbText
 10
56.618293333333376
 20
266.7446475555555
 30
0.0
 40
1.7779999999999998
  1
7
  7
ГОСТ
 72
1
 11
56.618293333333376
 21
266.7446475555555
 31
0.0
100
AcDbText
 73
2
  0
TEXT
  5
10B
330
17
100
AcDbEntity
  8
04_ТЕКСТ
420
5661306
100
AcDbText
 10
40.77320888888896
 20
260.2625675555555
 30
0.0
 40
1.7779999999999998
  1
8
  7
ГОСТ
 72
1
 11
40.77320888888896
 21
260.2625675555555
 31
0.0
100
AcDbText
 73
2
  0
TEXT
  5
10C
330
17
100
AcDbEntity
  8
04_ТЕКСТ
420
1858698
100
AcDbText
 10
449.03305333333327
 20
184.18822364719998
 30
0.0
 40
2.159
  1
 ВЛ 1.26
  7
ГОСТ
 72
1
 11
449.03305333333327
 21
184.18822364719998
 31
0.0
100
AcDbText
 73
2
  0
TEXT
  5
10D
330
17
100
AcDbEntity
  8
04_ТЕКСТ
420
1450031
100
AcDbText
 10
248.92000000000002
 20
236.0849745260416
 30
0.0
 40
2.2859999999999996
  1
ДП
  7
ГОСТ
 72
1
 11
248.92000000000002
 21
236.0849745260416
 31
0.0
100
AcDbText
 73
2
  0
TEXT
  5
10E
330
17
100
AcDbEntity
  8
04_ТЕКСТ
420
5661306
100
AcDbText
 10
126.49708
 20
144.18127321744788
 30
0.0
 40
2.413
  1
Таблица плазовых ординат: строки — ватерлинии, столбцы — номера теоретических шпангоутов; теоретическая шпация L/20 = 7.000 м
  7
ГОСТ
 72
1
 11
126.49708
 21
144.18127321744788
 31
0.0
100
AcDbText
 73
2
  0
TEXT
  5
10F
330
17
100
AcDbEntity
  8
04_ТЕКСТ
420
5661306
100
AcDbText
 10
401.69592
 20
144.18127321744788
 30
0.0
 40
2.413
  1
Сечение: плоское днище — скуловая дуга, касательная к днищу и к борту, — прямой борт с развалом
  7
ГОСТ
 72
1
 11
401.69592
 21
144.18127321744788
 31
0.0
100
AcDbText
 73
2
  0
HATCH
  5
110
330
17
100
AcDbEntity
  8
06_ТАБЛИЦА
 62
7
420
16185594
100
AcDbHatch
 10
0.0
 20
0.0
 30
0.0
210
0.0
220
0.0
230
1.0
  2
SOLID
 70
1
 71
0
 91
1
 92
3
 72
0
 73
1
 93
4
 10
-2.173952393845988
 20
126.147576
 10
32.81026008615401
 20
126.147576
 10
32.81026008615401
 20
130.973576
 10
-2.173952393845988
 20
130.973576
 97
0
 75
0
 76
1
 98
0
  0
LWPOLYLINE
  5
111
330
17
100
AcDbEntity
  8
06_ТАБЛИЦА
370
18
420
13160409
100
AcDbPolyline
 90
4
 70
1
 10
-2.173952393845988
 20
126.147576
 10
32.81026008615401
 20
126.147576
 10
32.81026008615401
 20
130.973576
 10
-2.173952393845988
 20
130.973576
  0
TEXT
  5
112
330
17
100
AcDbEntity
  8
06_ТАБЛИЦА
420
1450031
100
AcDbText
 10
15.318153846154015
 20
128.56057600000003
 30
0.0
 40
1.5748
  1
0.00
  7
ГОСТ
 72
1
 11
15.318153846154015
 21
128.56057600000003
 31
0.0
100
AcDbText
 73
2
  0
LWPOLYLINE
  5
113
330
17
100
AcDbEntity
  8
06_ТАБЛИЦА
370
18
420
13160409
100
AcDbPolyline
 90
4
 70
1
 10
32.81026008615401
 20
126.147576
 10
51.49840777846172
 20
126.147576
 10
51.49840777846172
 20
130.973576
 10
32.81026008615401
 20
130.973576
  0
TEXT
  5
114
330
17
100
AcDbEntity
  8
06_ТАБЛИЦА
420
0
100
AcDbText
 10
42.15433393230786
 20
128.56057600000003
 30
0.0
 40
1.6256
  1
—
  7
ГОСТ
 72
1
 11
42.15433393230786
 21
128.56057600000003
 31
0.0
100
AcDbText
 73
2
  0
LWPOLYLINE
  5
115
330
17
100
AcDbEntity
  8
06_ТАБЛИЦА
370
18
420
13160409
100
AcDbPolyline
 90
4
 70
1
 10
51.49840777846172
 20
126.147576
 10
70.1865554707694
 20
126.147576
 10
70.1865554707694
 20
130.973576
 10
51.49840777846172
 20
130.973576
  0
TEXT
  5
116
330
17
100
AcDbEntity
  8
06_ТАБЛИЦА
420
0
100
AcDbText
 10
60.84248162461555
 20
128.56057600000003
 30
0.0
 40
1.6256
  1
—
  7
ГОСТ
 72
1
 11
60.84248162461555
 21
128.56057600000003
 31
0.0
100
AcDbText
 73
2
  0
LWPOLYLINE
  5
117
330
17
100
AcDbEntity
  8
06_ТАБЛИЦА
370
18
420
13160409
100
AcDbPolyline
 90
4
 70
1
 10
70.1865554707694
 20
126.147576
 10
88.8747031630771
 20
126.147576
 10
88.8747031630771
 20
130.973576
 10
70.1865554707694
 20
130.973576
  0
TEXT
  5
118
330
17
100
AcDbEntity
  8
06_ТАБЛИЦА
420
0
100
AcDbText
 10
79.53062931692324
 20
128.56057600000003
 30
0.0
 40
1.6256
  1
—
  7
ГОСТ
 72
1
 11
79.53062931692324
 21
128.56057600000003
 31
0.0
100
AcDbText
 73
2
  0
LWPOLYLINE
  5
119
330
17
100
AcDbEntity
  8
06_ТАБЛИЦА
370
18
420
13160409
100
AcDbPolyline
 90
4
 70
1
 10
88.8747031630771
 20
126.147576
 10
107.5628508553848
 20
126.147576
 10
107.5628508553848
 20
130.973576
 10
88.8747031630771
 20
130.973576
  0
TEXT
  5
11A
330
17
100
AcDbEntity
  8
06_ТАБЛИЦА
420
0
100
AcDbText
 10
98.21877700923095
 20
128.56057600000003
 30
0.0
 40
1.6256
  1
—
  7
ГОСТ
 72
1
 11
98.21877700923095
 21
128.56057600000003
 31
0.0
100
AcDbText
 73
2
  0
LWPOLYLINE
  5
11B
330
17
100
AcDbEntity
  8
06_ТАБЛИЦА
370
18
420
13160409
100
AcDbPolyline
 90
4
 70
1
 10
107.5628508553848
 20
126.147576
 10
126.25099854769248
 20
126.147576
 10
126.25099854769248
 20
130.973576
 10
107.5628508553848
 20
130.973576
  0
TEXT
  5
11C
330
17
100
AcDbEntity
  8
06_ТАБЛИЦА
420
0
100
AcDbText
 10
116.90692470153863
 20
128.56057600000003
 30
0.0
 40
1.6256
  1
—
  7
ГОСТ
 72
1
 11
116.90692470153863
 21
128.56057600000003
 31
0.0
100
AcDbText
 73
2
  0
LWPOLYLINE
  5
11D
330
17
100
AcDbEntity
  8
06_ТАБЛИЦА
370
18
420
13160409
100
AcDbPolyline
 90
4
 70
1
 10
126.2509985476925
 20
126.147576
 10
144.93914624000018
 20
126.147576
 10
144.93914624000018
 20
130.973576
 10
126.2509985476925
 20
130.973576
  0
TEXT
  5
11E
330
17
100
AcDbEntity
  8
06_ТАБЛИЦА
420
0
100
AcDbText
 10
135.59507239384635
 20
128.56057600000003
 30
0.0
 40
1.6256
  1
7350
  7
ГОСТ
 72
1
 11
135.59507239384635
 21
128.56057600000003
 31
0.0
100
AcDbText
 73
2
  0
LWPOLYLINE
  5
11F
330
17
100
AcDbEntity
  8
06_ТАБЛИЦА
370
18
420
13160409
100
AcDbPolyline
 90
4
 70
1
 10
144.93914624000018
 20
126.147576
 10
163.62729393230785
 20
126.147576
 10
163.62729393230785
 20
130.973576
 10
144.93914624000018
 20
130.973576
  0
TEXT
  5
120
330
17
100
AcDbEntity
  8
06_ТАБЛИЦА
420
0
100
AcDbText
 10
154.28322008615402
 20
128.56057600000003
 30
0.0
 40
1.6256
  1
7350
  7
ГОСТ
 72
1
 11
154.28322008615402
 21
128.56057600000003
 31
0.0
100
AcDbText
 73
2
  0
LWPOLYLINE
  5
121
330
17
100
AcDbEntity
  8
06_ТАБЛИЦА
370
18
420
13160409
100
AcDbPolyline
 90
4
 70
1
 10
163.62729393230785
 20
126.147576
 10
182.31544162461552
 20
126.147576
 10
182.31544162461552
 20
130.973576
 10
163.62729393230785
 20
130.973576
  0
TEXT
  5
122
330
17
100
AcDbEntity
  8
06_ТАБЛИЦА
420
0
100
AcDbText
 10
172.9713677784617
 20
128.56057600000003
 30
0.0
 40
1.6256
  1
7350
  7
ГОСТ
 72
1
 11
172.9713677784617
 21
128.56057600000003
 31
0.0
100
AcDbText
 73
2
  0
LWPOLYLINE
  5
123
330
17
100
AcDbEntity
  8
06_ТАБЛИЦА
370
18
420
13160409
100
AcDbPolyline
 90
4
 70
1
 10
182.31544162461557
 20
126.147576
 10
201.00358931692324
 20
126.147576
 10
201.00358931692324
 20
130.973576
 10
182.31544162461557
 20
130.973576
  0
TEXT
  5
124
330
17
100
AcDbEntity
  8
06_ТАБЛИЦА
420
0
100
AcDbText
 10
191.6595154707694
 20
128.56057600000003
 30
0.0
 40
1.6256
  1
7350
  7
ГОСТ
 72
1
 11
191.6595154707694
 21
128.56057600000003
 31
0.0
100
AcDbText
 73
2
  0
LWPOLYLINE
  5
125
330
17
100
AcDbEntity
  8
06_ТАБЛИЦА
370
18
420
13160409
100
AcDbPolyline
 90
4
 70
1
 10
201.00358931692324
 20
126.147576
 10
219.69173700923093
 20
126.147576
 10
219.69173700923093
 20
130.973576
 10
201.00358931692324
 20
130.973576
  0
TEXT
  5
126
330
17
100
AcDbEntity
  8
06_ТАБЛИЦА
420
0
100
AcDbText
 10
210.3476631630771
 20
128.56057600000003
 30
0.0
 40
1.6256
  1
7350
  7
ГОСТ
 72
1
 11
210.3476631630771
 21
128.56057600000003
 31
0.0
100
AcDbText
 73
2
  0
LWPOLYLINE
  5
127
330
17
100
AcDbEntity
  8
06_ТАБЛИЦА
370
18
420
13160409
100
AcDbPolyline
 90
4
 70
1
 10
219.69173700923093
 20
126.147576
 10
238.37988470153857
 20
126.147576
 10
238.37988470153857
 20
130.973576
 10
219.69173700923093
 20
130.973576
  0
TEXT
  5
128
330
17
100
AcDbEntity
  8
06_ТАБЛИЦА
420
0
100
AcDbText
 10
229.03581085538474
 20
128.56057600000003
 30
0.0
 40
1.6256
  1
7350
  7
ГОСТ
 72
1
 11
229.03581085538474
 21
128.56057600000003
 31
0.0
100
AcDbText
 73
2
  0
LWPOLYLINE
  5
129
330
17
100
AcDbEntity
  8
06_ТАБЛИЦА
370
18
420
13160409
100
AcDbPolyline
 90
4
 70
1
 10
238.37988470153857
 20
126.147576
 10
257.0680323938463
 20
126.147576
 10
257.0680323938463
 20
130.973576
 10
238.37988470153857
 20
130.973576
  0
TEXT
  5
12A
330
17
100
AcDbEntity
  8
06_ТАБЛИЦА
420
0
100
AcDbText
 10
247.72395854769243
 20
128.56057600000003
 30
0.0
 40
1.6256
  1
4800
  7
ГОСТ
 72
1
 11
247.72395854769243
 21
128.56057600000003
 31
0.0
100
AcDbText
 73
2
  0
LWPOLYLINE
  5
12B
330
17
100
AcDbEntity
  8
06_ТАБЛИЦА
370
18
420
13160409
100
AcDbPolyline
 90
4
 70
1
 10
257.0680323938463
 20
126.147576
 10
275.75618008615396
 20
126.147576
 10
275.75618008615396
 20
130.973576
 10
257.0680323938463
 20
130.973576
  0
TEXT
  5
12C
330
17
100
AcDbEntity
  8
06_ТАБЛИЦА
420
0
100
AcDbText
 10
266.41210624000007
 20
128.56057600000003
 30
0.0
 40
1.6256
  1
5013
  7
ГОСТ
 72
1
 11
266.41210624000007
 21
128.56057600000003
 31
0.0
100
AcDbText
 73
2
  0
LWPOLYLINE
  5
12D
330
17
100
AcDbEntity
  8
06_ТАБЛИЦА
370
18
420
13160409
100
AcDbPolyline
 90
4
 70
1
 10
275.75618008615396
 20
126.147576
 10
294.4443277784616
 20
126.147576
 10
294.4443277784616
 20
130.973576
 10
275.75618008615396
 20
130.973576
  0
TEXT
  5
12E
330
17
100
AcDbEntity
  8
06_ТАБЛИЦА
420
0
100
AcDbText
 10
285.10025393230785
 20
128.56057600000003
 30
0.0
 40
1.6256
  1
7350
  7
ГОСТ
 72
1
 11
285.10025393230785
 21
128.56057600000003
 31
0.0
100
AcDbText
 73
2
  0
LWPOLYLINE
  5
12F
330
17
100
AcDbEntity
  8
06_ТАБЛИЦА
370
18
420
13160409
100
AcDbPolyline
 90
4
 70
1
 10
294.4443277784616
 20
126.147576
 10
313.1324754707693
 20
126.147576
 10
313.1324754707693
 20
130.973576
 10
294.4443277784616
 20
130.973576
  0
TEXT
  5
130
330
17
100
AcDbEntity
  8
06_ТАБЛИЦА
420
0
100
AcDbText
 10
303.78840162461546
 20
128.56057600000003
 30
0.0
 40
1.6256
  1
7350
  7
ГОСТ
 72
1
 11
303.78840162461546
 21
128.56057600000003
 31
0.0
100
AcDbText
 73
2
  0
LWPOLYLINE
  5
131
330
17
100
AcDbEntity
  8
06_ТАБЛИЦА
370
18
420
13160409
100
AcDbPolyline
 90
4
 70
1
 10
313.1324754707693
 20
126.147576
 10
331.82062316307696
 20
126.147576
 10
331.82062316307696
 20
130.973576
 10
313.1324754707693
 20
130.973576
  0
TEXT
  5
132
330
17
100
AcDbEntity
  8
06_ТАБЛИЦА
420
0
100
AcDbText
 10
322.4765493169232
 20
128.56057600000003
 30
0.0
 40
1.6256
  1
7350
  7
ГОСТ
 72
1
 11
322.4765493169232
 21
128.56057600000003
 31
0.0
100
AcDbText
 73
2
  0
LWPOLYLINE
  5
133
330
17
100
AcDbEntity
  8
06_ТАБЛИЦА
370
18
420
13160409
100
AcDbPolyline
 90
4
 70
1
 10
331.82062316307696
 20
126.147576
 10
350.5087708553847
 20
126.147576
 10
350.5087708553847
 20
130.973576
 10
331.82062316307696
 20
130.973576
  0
TEXT
  5
134
330
17
100
AcDbEntity
  8
06_ТАБЛИЦА
420
0
100
AcDbText
 10
341.1646970092308
 20
128.56057600000003
 30
0.0
 40
1.6256
  1
7350
  7
ГОСТ
 72
1
 11
341.1646970092308
 21
128.56057600000003
 31
0.0
100
AcDbText
 73
2
  0
LWPOLYLINE
  5
135
330
17
100
AcDbEntity
  8
06_ТАБЛИЦА
370
18
420
13160409
100
AcDbPolyline
 90
4
 70
1
 10
350.5087708553847
 20
126.147576
 10
369.19691854769235
 20
126.147576
 10
369.19691854769235
 20
130.973576
 10
350.5087708553847
 20
130.973576
  0
TEXT
  5
136
330
17
100
AcDbEntity
  8
06_ТАБЛИЦА
420
0
100
AcDbText
 10
359.8528447015386
 20
128.56057600000003
 30
0.0
 40
1.6256
  1
7350
  7
ГОСТ
 72
1
 11
359.8528447015386
 21
128.56057600000003
 31
0.0
100
AcDbText
 73
2
  0
LWPOLYLINE
  5
137
330
17
100
AcDbEntity
  8
06_ТАБЛИЦА
370
18
420
13160409
100
AcDbPolyline
 90
4
 70
1
 10
369.19691854769235
 20
126.147576
 10
387.88506624
 20
126.147576
 10
387.88506624
 20
130.973576
 10
369.19691854769235
 20
130.973576
  0
TEXT
  5
138
330
17
100
AcDbEntity
  8
06_ТАБЛИЦА
420
0
100
AcDbText
 10
378.5409923938461
 20
128.56057600000003
 30
0.0
 40
1.6256
  1
7350
  7
ГОСТ
 72
1
 11
378.5409923938461
 21
128.56057600000003
 31
0.0
100
AcDbText
 73
2
  0
LWPOLYLINE
  5
139
330
17
100
AcDbEntity
  8
06_ТАБЛИЦА
370
18
420
13160409
100
AcDbPolyline
 90
4
 70
1
 10
387.88506624
 20
126.147576
 10
406.57321393230774
 20
126.147576
 10
406.57321393230774
 20
130.973576
 10
387.88506624
 20
130.973576
  0
TEXT
  5
13A
330
17
100
AcDbEntity
  8
06_ТАБЛИЦА
420
0
100
AcDbText
 10
397.2291400861539
 20
128.56057600000003
 30
0.0
 40
1.6256
  1
7350
  7
ГОСТ
 72
1
 11
397.2291400861539
 21
128.56057600000003
 31
0.0
100
AcDbText
 73
2
  0
LWPOLYLINE
  5
13B
330
17
100
AcDbEntity
  8
06_ТАБЛИЦА
370
18
420
13160409
100
AcDbPolyline
 90
4
 70
1
 10
406.57321393230774
 20
126.147576
 10
425.26136162461535
 20
126.147576
 10
425.26136162461535
 20
130.973576
 10
406.57321393230774
 20
130.973576
  0
TEXT
  5
13C
330
17
100
AcDbEntity
  8
06_ТАБЛИЦА
420
0
100
AcDbText
 10
415.9172877784615
 20
128.56057600000003
 30
0.0
 40
1.6256
  1
—
  7
ГОСТ
 72
1
 11
415.9172877784615
 21
128.56057600000003
 31
0.0
100
AcDbText
 73
2
  0
LWPOLYLINE
  5
13D
330
17
100
AcDbEntity
  8
06_ТАБЛИЦА
370
18
420
13160409
100
AcDbPolyline
 90
4
 70
1
 10
425.26136162461535
 20
126.147576
 10
443.949509316923
 20
126.147576
 10
443.949509316923
 20
130.973576
 10
425.26136162461535
 20
130.973576
  0
TEXT
  5
13E
330
17
100
AcDbEntity
  8
06_ТАБЛИЦА
420
0
100
AcDbText
 10
434.60543547076924
 20
128.56057600000003
 30
0.0
 40
1.6256
  1
—
  7
ГОСТ
 72
1
 11
434.60543547076924
 21
128.56057600000003
 31
0.0
100
AcDbText
 73
2
  0
LWPOLYLINE
  5
13F
330
17
100
AcDbEntity
  8
06_ТАБЛИЦА
370
18
420
13160409
100
AcDbPolyline
 90
4
 70
1
 10
443.9495093169231
 20
126.147576
 10
462.6376570092308
 20
126.147576
 10
462.6376570092308
 20
130.973576
 10
443.9495093169231
 20
130.973576
  0
TEXT
  5
140
330
17
100
AcDbEntity
  8
06_ТАБЛИЦА
420
0
100
AcDbText
 10
453.293583163077
 20
128.56057600000003
 30
0.0
 40
1.6256
  1
—
  7
ГОСТ
 72
1
 11
453.293583163077
 21
128.56057600000003
 31
0.0
100
AcDbText
 73
2
  0
LWPOLYLINE
  5
141
330
17
100
AcDbEntity
  8
06_ТАБЛИЦА
370
18
420
13160409
100
AcDbPolyline
 90
4
 70
1
 10
462.6376570092308
 20
126.147576
 10
481.3258047015385
 20
126.147576
 10
481.3258047015385
 20
130.973576
 10
462.6376570092308
 20
130.973576
  0
TEXT
  5
142
330
17
100
AcDbEntity
  8
06_ТАБЛИЦА
420
0
100
AcDbText
 10
471.9817308553846
 20
128.56057600000003
 30
0.0
 40
1.6256
  1
—
  7
ГОСТ
 72
1
 11
471.9817308553846
 21
128.56057600000003
 31
0.0
100
AcDbText
 73
2
  0
LWPOLYLINE
  5
143
330
17
100
AcDbEntity
  8
06_ТАБЛИЦА
370
18
420
13160409
100
AcDbPolyline
 90
4
 70
1
 10
481.3258047015385
 20
126.147576
 10
500.0139523938462
 20
126.147576
 10
500.0139523938462
 20
130.973576
 10
481.3258047015385
 20
130.973576
  0
TEXT
  5
144
330
17
100
AcDbEntity
  8
06_ТАБЛИЦА
420
0
100
AcDbText
 10
490.6698785476923
 20
128.56057600000003
 30
0.0
 40
1.6256
  1
—
  7
ГОСТ
 72
1
 11
490.6698785476923
 21
128.56057600000003
 31
0.0
100
AcDbText
 73
2
  0
HATCH
  5
145
330
17
100
AcDbEntity
  8
06_ТАБЛИЦА
 62
7
420
16185594
100
AcDbHatch
 10
0.0
 20
0.0
 30
0.0
210
0.0
220
0.0
230
1.0
  2
SOLID
 70
1
 71
0
 91
1
 92
3
 72
0
 73
1
 93
4
 10
-2.173952393845988
 20
121.321576
 10
32.81026008615401
 20
121.321576
 10
32.81026008615401
 20
126.147576
 10
-2.173952393845988
 20
126.147576
 97
0
 75
0
 76
1
 98
0
  0
LWPOLYLINE
  5
146
330
17
100
AcDbEntity
  8
06_ТАБЛИЦА
370
18
420
13160409
100
AcDbPolyline
 90
4
 70
1
 10
-2.173952393845988
 20
121.321576
 10
32.81026008615401
 20
121.321576
 10
32.81026008615401
 20
126.147576
 10
-2.173952393845988
 20
126.147576
  0
TEXT
  5
147
330
17
100
AcDbEntity
  8
06_ТАБЛИЦА
420
1450031
100
AcDbText
 10
15.318153846154015
 20
123.73457599999999
 30
0.0
 40
1.5748
  1
0.15
  7
ГОСТ
 72
1
 11
15.318153846154015
 21
123.73457599999999
 31
0.0
100
AcDbText
 73
2
  0
LWPOLYLINE
  5
148
330
17
100
AcDbEntity
  8
06_ТАБЛИЦА
370
18
420
13160409
100
AcDbPolyline
 90
4
 70
1
 10
32.81026008615401
 20
121.321576
 10
51.49840777846172
 20
121.321576
 10
51.49840777846172
 20
126.147576
 10
32.81026008615401
 20
126.147576
  0
TEXT
  5
149
330
17
100
AcDbEntity
  8
06_ТАБЛИЦА
420
0
100
AcDbText
 10
42.15433393230786
 20
123.73457599999999
 30
0.0
 40
1.6256
  1
—
  7
ГОСТ
 72
1
 11
42.15433393230786
 21
123.73457599999999
 31
0.0
100
AcDbText
 73
2
  0
LWPOLYLINE
  5
14A
330
17
100
AcDbEntity
  8
06_ТАБЛИЦА
370
18
420
13160409
100
AcDbPolyline
 90
4
 70
1
 10
51.49840777846172
 20
121.321576
 10
70.1865554707694
 20
121.321576
 10
70.1865554707694
 20
126.147576
 10
51.49840777846172
 20
126.147576
  0
TEXT
  5
14B
330
17
100
AcDbEntity
  8
06_ТАБЛИЦА
420
0
100
AcDbText
 10
60.84248162461555
 20
123.73457599999999
 30
0.0
 40
1.6256
  1
—
  7
ГОСТ
 72
1
 11
60.84248162461555
 21
123.73457599999999
 31
0.0
100
AcDbText
 73
2
  0
LWPOLYLINE
  5
14C
330
17
100
AcDbEntity
  8
06_ТАБЛИЦА
370
18
420
13160409
100
AcDbPolyline
 90
4
 70
1
 10
70.1865554707694
 20
121.321576
 10
88.8747031630771
 20
121.321576
 10
88.8747031630771
 20
126.147576
 10
70.1865554707694
 20
126.147576
  0
TEXT
  5
14D
330
17
100
AcDbEntity
  8
06_ТАБЛИЦА
420
0
100
AcDbText
 10
79.53062931692324
 20
123.73457599999999
 30
0.0
 40
1.6256
  1
—
  7
ГОСТ
 72
1
 11
79.53062931692324
 21
123.73457599999999
 31
0.0
100
AcDbText
 73
2
  0
LWPOLYLINE
  5
14E
330
17
100
AcDbEntity
  8
06_ТАБЛИЦА
370
18
420
13160409
100
AcDbPolyline
 90
4
 70
1
 10
88.8747031630771
 20
121.321576
 10
107.5628508553848
 20
121.321576
 10
107.5628508553848
 20
126.147576
 10
88.8747031630771
 20
126.147576
  0
TEXT
  5
14F
330
17
100
AcDbEntity
  8
06_ТАБЛИЦА
420
0
100
AcDbText
 10
98.21877700923095
 20
123.73457599999999
 30
0.0
 40
1.6256
  1
—
  7
ГОСТ
 72
1
 11
98.21877700923095
 21
123.73457599999999
 31
0.0
100
AcDbText
 73
2
  0
LWPOLYLINE
  5
150
330
17
100
AcDbEntity
  8
06_ТАБЛИЦА
370
18
420
13160409
100
AcDbPolyline
 90
4
 70
1
 10
107.5628508553848
 20
121.321576
 10
126.25099854769248
 20
121.321576
 10
126.25099854769248
 20
126.147576
 10
107.5628508553848
 20
126.147576
  0
TEXT
  5
151
330
17
100
AcDbEntity
  8
06_ТАБЛИЦА
420
0
100
AcDbText
 10
116.90692470153863
 20
123.73457599999999
 30
0.0
 40
1.6256
  1
6720
  7
ГОСТ
 72
1
 11
116.90692470153863
 21
123.73457599999999
 31
0.0
100
AcDbText
 73
2
  0
LWPOLYLINE
  5
152
330
17
100
AcDbEntity
  8
06_ТАБЛИЦА
370
18
420
13160409
100
AcDbPolyline
 90
4
 70
1
 10
126.2509985476925
 20
121.321576
 10
144.93914624000018
 20
121.321576
 10
144.93914624000018
 20
126.147576
 10
126.2509985476925
 20
126.147576
  0
TEXT
  5
153
330
17
100
AcDbEntity
  8
06_ТАБЛИЦА
420
0
100
AcDbText
 10
135.59507239384635
 20
123.73457599999999
 30
0.0
 40
1.6256
  1
7834
  7
ГОСТ
 72
1
 11
135.59507239384635
 21
123.73457599999999
 31
0.0
100
AcDbText
 73
2
  0
LWPOLYLINE
  5
154
330
17
100
AcDbEntity
  8
06_ТАБЛИЦА
370
18
420
13160409
100
AcDbPolyline
 90
4
 70
1
 10
144.93914624000018
 20
121.321576
 10
163.62729393230785
 20
121.321576
 10
163.62729393230785
 20
126.147576
 10
144.93914624000018
 20
126.147576
  0
TEXT
  5
155
330
17
100
AcDbEntity
  8
06_ТАБЛИЦА
420
0
100
AcDbText
 10
154.28322008615402
 20
123.73457599999999
 30
0.0
 40
1.6256
  1
7834
  7
ГОСТ
 72
1
 11
154.28322008615402
 21
123.73457599999999
 31
0.0
100
AcDbText
 73
2
  0
LWPOLYLINE
  5
156
330
17
100
AcDbEntity
  8
06_ТАБЛИЦА
370
18
420
13160409
100
AcDbPolyline
 90
4
 70
1
 10
163.62729393230785
 20
121.321576
 10
182.31544162461552
 20
121.321576
 10
182.31544162461552
 20
126.147576
 10
163.62729393230785
 20
126.147576
  0
TEXT
  5
157
330
17
100
AcDbEntity
  8
06_ТАБЛИЦА
420
0
100
AcDbText
 10
172.9713677784617
 20
123.73457599999999
 30
0.0
 40
1.6256
  1
7834
  7
ГОСТ
 72
1
 11
172.9713677784617
 21
123.73457599999999
 31
0.0
100
AcDbText
 73
2
  0
LWPOLYLINE
  5
158
330
17
100
AcDbEntity
  8
06_ТАБЛИЦА
370
18
420
13160409
100
AcDbPolyline
 90
4
 70
1
 10
182.31544162461557
 20
121.321576
 10
201.00358931692324
 20
121.321576
 10
201.00358931692324
 20
126.147576
 10
182.31544162461557
 20
126.147576
  0
TEXT
  5
159
330
17
100
AcDbEntity
  8
06_ТАБЛИЦА
420
0
100
AcDbText
 10
191.6595154707694
 20
123.73457599999999
 30
0.0
 40
1.6256
  1
7834
  7
ГОСТ
 72
1
 11
191.6595154707694
 21
123.73457599999999
 31
0.0
100
AcDbText
 73
2
  0
LWPOLYLINE
  5
15A
330
17
100
AcDbEntity
  8
06_ТАБЛИЦА
370
18
420
13160409
100
AcDbPolyline
 90
4
 70
1
 10
201.00358931692324
 20
121.321576
 10
219.69173700923093
 20
121.321576
 10
219.69173700923093
 20
126.147576
 10
201.00358931692324
 20
126.147576
  0
TEXT
  5
15B
330
17
100
AcDbEntity
  8
06_ТАБЛИЦА
420
0
100
AcDbText
 10
210.3476631630771
 20
123.73457599999999
 30
0.0
 40
1.6256
  1
7834
  7
ГОСТ
 72
1
 11
210.3476631630771
 21
123.73457599999999
 31
0.0
100
AcDbText
 73
2
  0
LWPOLYLINE
  5
15C
330
17
100
AcDbEntity
  8
06_ТАБЛИЦА
370
18
420
13160409
100
AcDbPolyline
 90
4
 70
1
 10
219.69173700923093
 20
121.321576
 10
238.37988470153857
 20
121.321576
 10
238.37988470153857
 20
126.147576
 10
219.69173700923093
 20
126.147576
  0
TEXT
  5
15D
330
17
100
AcDbEntity
  8
06_ТАБЛИЦА
420
0
100
AcDbText
 10
229.03581085538474
 20
123.73457599999999
 30
0.0
 40
1.6256
  1
7834
  7
ГОСТ
 72
1
 11
229.03581085538474
 21
123.73457599999999
 31
0.0
100
AcDbText
 73
2
  0
LWPOLYLINE
  5
15E
330
17
100
AcDbEntity
  8
06_ТАБЛИЦА
370
18
420
13160409
100
AcDbPolyline
 90
4
 70
1
 10
238.37988470153857
 20
121.321576
 10
257.0680323938463
 20
121.321576
 10
257.0680323938463
 20
126.147576
 10
238.37988470153857
 20
126.147576
  0
TEXT
  5
15F
330
17
100
AcDbEntity
  8
06_ТАБЛИЦА
420
0
100
AcDbText
 10
247.72395854769243
 20
123.73457599999999
 30
0.0
 40
1.6256
  1
4800
  7
ГОСТ
 72
1
 11
247.72395854769243
 21
123.73457599999999
 31
0.0
100
AcDbText
 73
2
  0
LWPOLYLINE
  5
160
330
17
100
AcDbEntity
  8
06_ТАБЛИЦА
370
18
420
13160409
100
AcDbPolyline
 90
4
 70
1
 10
257.0680323938463
 20
121.321576
 10
275.75618008615396
 20
121.321576
 10
275.75618008615396
 20
126.147576
 10
257.0680323938463
 20
126.147576
  0
TEXT
  5
161
330
17
100
AcDbEntity
  8
06_ТАБЛИЦА
420
0
100
AcDbText
 10
266.41210624000007
 20
123.73457599999999
 30
0.0
 40
1.6256
  1
5013
  7
ГОСТ
 72
1
 11
266.41210624000007
 21
123.73457599999999
 31
0.0
100
AcDbText
 73
2
  0
LWPOLYLINE
  5
162
330
17
100
AcDbEntity
  8
06_ТАБЛИЦА
370
18
420
13160409
100
AcDbPolyline
 90
4
 70
1
 10
275.75618008615396
 20
121.321576
 10
294.4443277784616
 20
121.321576
 10
294.4443277784616
 20
126.147576
 10
275.75618008615396
 20
126.147576
  0
TEXT
  5
163
330
17
100
AcDbEntity
  8
06_ТАБЛИЦА
420
0
100
AcDbText
 10
285.10025393230785
 20
123.73457599999999
 30
0.0
 40
1.6256
  1
7834
  7
ГОСТ
 72
1
 11
285.10025393230785
 21
123.73457599999999
 31
0.0
100
AcDbText
 73
2
  0
LWPOLYLINE
  5
164
330
17
100
AcDbEntity
  8
06_ТАБЛИЦА
370
18
420
13160409
100
AcDbPolyline
 90
4
 70
1
 10
294.4443277784616
 20
121.321576
 10
313.1324754707693
 20
121.321576
 10
313.1324754707693
 20
126.147576
 10
294.4443277784616
 20
126.147576
  0
TEXT
  5
165
330
17
100
AcDbEntity
  8
06_ТАБЛИЦА
420
0
100
AcDbText
 10
303.78840162461546
 20
123.73457599999999
 30
0.0
 40
1.6256
  1
7834
  7
ГОСТ
 72
1
 11
303.78840162461546
 21
123.73457599999999
 31
0.0
100
AcDbText
 73
2
  0
LWPOLYLINE
  5
166
330
17
100
AcDbEntity
  8
06_ТАБЛИЦА
370
18
420
13160409
100
AcDbPolyline
 90
4
 70
1
 10
313.1324754707693
 20
121.321576
 10
331.82062316307696
 20
121.321576
 10
331.82062316307696
 20
126.147576
 10
313.1324754707693
 20
126.147576
  0
TEXT
  5
167
330
17
100
AcDbEntity
  8
06_ТАБЛИЦА
420
0
100
AcDbText
 10
322.4765493169232
 20
123.73457599999999
 30
0.0
 40
1.6256
  1
7834
  7
ГОСТ
 72
1
 11
322.4765493169232
 21
123.73457599999999
 31
0.0
100
AcDbText
 73
2
  0
LWPOLYLINE
  5
168
330
17
100
AcDbEntity
  8
06_ТАБЛИЦА
370
18
420
13160409
100
AcDbPolyline
 90
4
 70
1
 10
331.82062316307696
 20
121.321576
 10
350.5087708553847
 20
121.321576
 10
350.5087708553847
 20
126.147576
 10
331.82062316307696
 20
126.147576
  0
TEXT
  5
169
330
17
100
AcDbEntity
  8
06_ТАБЛИЦА
420
0
100
AcDbText
 10
341.1646970092308
 20
123.73457599999999
 30
0.0
 40
1.6256
  1
7834
  7
ГОСТ
 72
1
 11
341.1646970092308
 21
123.73457599999999
 31
0.0
100
AcDbText
 73
2
  0
LWPOLYLINE
  5
16A
330
17
100
AcDbEntity
  8
06_ТАБЛИЦА
370
18
420
13160409
100
AcDbPolyline
 90
4
 70
1
 10
350.5087708553847
 20
121.321576
 10
369.19691854769235
 20
121.321576
 10
369.19691854769235
 20
126.147576
 10
350.5087708553847
 20
126.147576
  0
TEXT
  5
16B
330
17
100
AcDbEntity
  8
06_ТАБЛИЦА
420
0
100
AcDbText
 10
359.8528447015386
 20
123.73457599999999
 30
0.0
 40
1.6256
  1
7834
  7
ГОСТ
 72
1
 11
359.8528447015386
 21
123.73457599999999
 31
0.0
100
AcDbText
 73
2
  0
LWPOLYLINE
  5
16C
330
17
100
AcDbEntity
  8
06_ТАБЛИЦА
370
18
420
13160409
100
AcDbPolyline
 90
4
 70
1
 10
369.19691854769235
 20
121.321576
 10
387.88506624
 20
121.321576
 10
387.88506624
 20
126.147576
 10
369.19691854769235
 20
126.147576
  0
TEXT
  5
16D
330
17
100
AcDbEntity
  8
06_ТАБЛИЦА
420
0
100
AcDbText
 10
378.5409923938461
 20
123.73457599999999
 30
0.0
 40
1.6256
  1
7834
  7
ГОСТ
 72
1
 11
378.5409923938461
 21
123.73457599999999
 31
0.0
100
AcDbText
 73
2
  0
LWPOLYLINE
  5
16E
330
17
100
AcDbEntity
  8
06_ТАБЛИЦА
370
18
420
13160409
100
AcDbPolyline
 90
4
 70
1
 10
387.88506624
 20
121.321576
 10
406.57321393230774
 20
121.321576
 10
406.57321393230774
 20
126.147576
 10
387.88506624
 20
126.147576
  0
TEXT
  5
16F
330
17
100
AcDbEntity
  8
06_ТАБЛИЦА
420
0
100
AcDbText
 10
397.2291400861539
 20
123.73457599999999
 30
0.0
 40
1.6256
  1
7834
  7
ГОСТ
 72
1
 11
397.2291400861539
 21
123.73457599999999
 31
0.0
100
AcDbText
 73
2
  0
LWPOLYLINE
  5
170
330
17
100
AcDbEntity
  8
06_ТАБЛИЦА
370
18
420
13160409
100
AcDbPolyline
 90
4
 70
1
 10
406.57321393230774
 20
121.321576
 10
425.26136162461535
 20
121.321576
 10
425.26136162461535
 20
126.147576
 10
406.57321393230774
 20
126.147576
  0
TEXT
  5
171
330
17
100
AcDbEntity
  8
06_ТАБЛИЦА
420
0
100
AcDbText
 10
415.9172877784615
 20
123.73457599999999
 30
0.0
 40
1.6256
  1
6215
  7
ГОСТ
 72
1
 11
415.9172877784615
 21
123.73457599999999
 31
0.0
100
AcDbText
 73
2
  0
LWPOLYLINE
  5
172
330
17
100
AcDbEntity
  8
06_ТАБЛИЦА
370
18
420
13160409
100
AcDbPolyline
 90
4
 70
1
 10
425.26136162461535
 20
121.321576
 10
443.949509316923
 20
121.321576
 10
443.949509316923
 20
126.147576
 10
425.26136162461535
 20
126.147576
  0
TEXT
  5
173
330
17
100
AcDbEntity
  8
06_ТАБЛИЦА
420
0
100
AcDbText
 10
434.60543547076924
 20
123.73457599999999
 30
0.0
 40
1.6256
  1
—
  7
ГОСТ
 72
1
 11
434.60543547076924
 21
123.73457599999999
 31
0.0
100
AcDbText
 73
2
  0
LWPOLYLINE
  5
174
330
17
100
AcDbEntity
  8
06_ТАБЛИЦА
370
18
420
13160409
100
AcDbPolyline
 90
4
 70
1
 10
443.9495093169231
 20
121.321576
 10
462.6376570092308
 20
121.321576
 10
462.6376570092308
 20
126.147576
 10
443.9495093169231
 20
126.147576
  0
TEXT
  5
175
330
17
100
AcDbEntity
  8
06_ТАБЛИЦА
420
0
100
AcDbText
 10
453.293583163077
 20
123.73457599999999
 30
0.0
 40
1.6256
  1
—
  7
ГОСТ
 72
1
 11
453.293583163077
 21
123.73457599999999
 31
0.0
100
AcDbText
 73
2
  0
LWPOLYLINE
  5
176
330
17
100
AcDbEntity
  8
06_ТАБЛИЦА
370
18
420
13160409
100
AcDbPolyline
 90
4
 70
1
 10
462.6376570092308
 20
121.321576
 10
481.3258047015385
 20
121.321576
 10
481.3258047015385
 20
126.147576
 10
462.6376570092308
 20
126.147576
  0
TEXT
  5
177
330
17
100
AcDbEntity
  8
06_ТАБЛИЦА
420
0
100
AcDbText
 10
471.9817308553846
 20
123.73457599999999
 30
0.0
 40
1.6256
  1
—
  7
ГОСТ
 72
1
 11
471.9817308553846
 21
123.73457599999999
 31
0.0
100
AcDbText
 73
2
  0
LWPOLYLINE
  5
178
330
17
100
AcDbEntity
  8
06_ТАБЛИЦА
370
18
420
13160409
100
AcDbPolyline
 90
4
 70
1
 10
481.3258047015385
 20
121.321576
 10
500.0139523938462
 20
121.321576
 10
500.0139523938462
 20
126.147576
 10
481.3258047015385
 20
126.147576
  0
TEXT
  5
179
330
17
100
AcDbEntity
  8
06_ТАБЛИЦА
420
0
100
AcDbText
 10
490.6698785476923
 20
123.73457599999999
 30
0.0
 40
1.6256
  1
—
  7
ГОСТ
 72
1
 11
490.6698785476923
 21
123.73457599999999
 31
0.0
100
AcDbText
 73
2
  0
HATCH
  5
17A
330
17
100
AcDbEntity
  8
06_ТАБЛИЦА
 62
7
420
16185594
100
AcDbHatch
 10
0.0
 20
0.0
 30
0.0
210
0.0
220
0.0
230
1.0
  2
SOLID
 70
1
 71
0
 91
1
 92
3
 72
0
 73
1
 93
4
 10
-2.173952393845988
 20
116.49557599999999
 10
32.81026008615401
 20
116.49557599999999
 10
32.81026008615401
 20
121.321576
 10
-2.173952393845988
 20
121.321576
 97
0
 75
0
 76
1
 98
0
  0
LWPOLYLINE
  5
17B
330
17
100
AcDbEntity
  8
06_ТАБЛИЦА
370
18
420
13160409
100
AcDbPolyline
 90
4
 70
1
 10
-2.173952393845988
 20
116.49557599999999
 10
32.81026008615401
 20
116.49557599999999
 10
32.81026008615401
 20
121.321576
 10
-2.173952393845988
 20
121.321576
  0
TEXT
  5
17C
330
17
100
AcDbEntity
  8
06_ТАБЛИЦА
420
1450031
100
AcDbText
 10
15.318153846154015
 20
118.908576
 30
0.0
 40
1.5748
  1
0.30
  7
ГОСТ
 72
1
 11
15.318153846154015
 21
118.908576
 31
0.0
100
AcDbText
 73
2
  0
LWPOLYLINE
  5
17D
330
17
100
AcDbEntity
  8
06_ТАБЛИЦА
370
18
420
13160409
100
AcDbPolyline
 90
4
 70
1
 10
32.81026008615401
 20
116.49557599999999
 10
51.49840777846172
 20
116.49557599999999
 10
51.49840777846172
 20
121.321576
 10
32.81026008615401
 20
121.321576
  0
TEXT
  5
17E
330
17
100
AcDbEntity
  8
06_ТАБЛИЦА
420
0
100
AcDbText
 10
42.15433393230786
 20
118.908576
 30
0.0
 40
1.6256
  1
—
  7
ГОСТ
 72
1
 11
42.15433393230786
 21
118.908576
 31
0.0
100
AcDbText
 73
2
  0
LWPOLYLINE
  5
17F
330
17
100
AcDbEntity
  8
06_ТАБЛИЦА
370
18
420
13160409
100
AcDbPolyline
 90
4
 70
1
 10
51.49840777846172
 20
116.49557599999999
 10
70.1865554707694
 20
116.49557599999999
 10
70.1865554707694
 20
121.321576
 10
51.49840777846172
 20
121.321576
  0
TEXT
  5
180
330
17
100
AcDbEntity
  8
06_ТАБЛИЦА
420
0
100
AcDbText
 10
60.84248162461555
 20
118.908576
 30
0.0
 40
1.6256
  1
—
  7
ГОСТ
 72
1
 11
60.84248162461555
 21
118.908576
 31
0.0
100
AcDbText
 73
2
  0
LWPOLYLINE
  5
181
330
17
100
AcDbEntity
  8
06_ТАБЛИЦА
370
18
420
13160409
100
AcDbPolyline
 90
4
 70
1
 10
70.1865554707694
 20
116.49557599999999
 10
88.8747031630771
 20
116.49557599999999
 10
88.8747031630771
 20
121.321576
 10
70.1865554707694
 20
121.321576
  0
TEXT
  5
182
330
17
100
AcDbEntity
  8
06_ТАБЛИЦА
420
0
100
AcDbText
 10
79.53062931692324
 20
118.908576
 30
0.0
 40
1.6256
  1
—
  7
ГОСТ
 72
1
 11
79.53062931692324
 21
118.908576
 31
0.0
100
AcDbText
 73
2
  0
LWPOLYLINE
  5
183
330
17
100
AcDbEntity
  8
06_ТАБЛИЦА
370
18
420
13160409
100
AcDbPolyline
 90
4
 70
1
 10
88.8747031630771
 20
116.49557599999999
 10
107.5628508553848
 20
116.49557599999999
 10
107.5628508553848
 20
121.321576
 10
88.8747031630771
 20
121.321576
  0
TEXT
  5
184
330
17
100
AcDbEntity
  8
06_ТАБЛИЦА
420
0
100
AcDbText
 10
98.21877700923095
 20
118.908576
 30
0.0
 40
1.6256
  1
6252
  7
ГОСТ
 72
1
 11
98.21877700923095
 21
118.908576
 31
0.0
100
AcDbText
 73
2
  0
LWPOLYLINE
  5
185
330
17
100
AcDbEntity
  8
06_ТАБЛИЦА
370
18
420
13160409
100
AcDbPolyline
 90
4
 70
1
 10
107.5628508553848
 20
116.49557599999999
 10
126.25099854769248
 20
116.49557599999999
 10
126.25099854769248
 20
121.321576
 10
107.5628508553848
 20
121.321576
  0
TEXT
  5
186
330
17
100
AcDbEntity
  8
06_ТАБЛИЦА
420
0
100
AcDbText
 10
116.90692470153863
 20
118.908576
 30
0.0
 40
1.6256
  1
7215
  7
ГОСТ
 72
1
 11
116.90692470153863
 21
118.908576
 31
0.0
100
AcDbText
 73
2
  0
LWPOLYLINE
  5
187
330
17
100
AcDbEntity
  8
06_ТАБЛИЦА
370
18
420
13160409
100
AcDbPolyline
 90
4
 70
1
 10
126.2509985476925
 20
116.49557599999999
 10
144.93914624000018
 20
116.49557599999999
 10
144.93914624000018
 20
121.321576
 10
126.2509985476925
 20
121.321576
  0
TEXT
  5
188
330
17
100
AcDbEntity
  8
06_ТАБЛИЦА
420
0
100
AcDbText
 10
135.59507239384635
 20
118.908576
 30
0.0
 40
1.6256
  1
8000
  7
ГОСТ
 72
1
 11
135.59507239384635
 21
118.908576
 31
0.0
100
AcDbText
 73
2
  0
LWPOLYLINE
  5
189
330
17
100
AcDbEntity
  8
06_ТАБЛИЦА
370
18
420
13160409
100
AcDbPolyline
 90
4
 70
1
 10
144.93914624000018
 20
116.49557599999999
 10
163.62729393230785
 20
116.49557599999999
 10
163.62729393230785
 20
121.321576
 10
144.93914624000018
 20
121.321576
  0
TEXT
  5
18A
330
17
100
AcDbEntity
  8
06_ТАБЛИЦА
420
0
100
AcDbText
 10
154.28322008615402
 20
118.908576
 30
0.0
 40
1.6256
  1
8000
  7
ГОСТ
 72
1
 11
154.28322008615402
 21
118.908576
 31
0.0
100
AcDbText
 73
2
  0
LWPOLYLINE
  5
18B
330
17
100
AcDbEntity
  8
06_ТАБЛИЦА
370
18
420
13160409
100
AcDbPolyline
 90
4
 70
1
 10
163.62729393230785
 20
116.49557599999999
 10
182.31544162461552
 20
116.49557599999999
 10
182.31544162461552
 20
121.321576
 10
163.62729393230785
 20
121.321576
  0
TEXT
  5
18C
330
17
100
AcDbEntity
  8
06_ТАБЛИЦА
420
0
100
AcDbText
 10
172.9713677784617
 20
118.908576
 30
0.0
 40
1.6256
  1
8000
  7
ГОСТ
 72
1
 11
172.9713677784617
 21
118.908576
 31
0.0
100
AcDbText
 73
2
  0
LWPOLYLINE
  5
18D
330
17
100
AcDbEntity
  8
06_ТАБЛИЦА
370
18
420
13160409
100
AcDbPolyline
 90
4
 70
1
 10
182.31544162461557
 20
116.49557599999999
 10
201.00358931692324
 20
116.49557599999999
 10
201.00358931692324
 20
121.321576
 10
182.31544162461557
 20
121.321576
  0
TEXT
  5
18E
330
17
100
AcDbEntity
  8
06_ТАБЛИЦА
420
0
100
AcDbText
 10
191.6595154707694
 20
118.908576
 30
0.0
 40
1.6256
  1
8000
  7
ГОСТ
 72
1
 11
191.6595154707694
 21
118.908576
 31
0.0
100
AcDbText
 73
2
  0
LWPOLYLINE
  5
18F
330
17
100
AcDbEntity
  8
06_ТАБЛИЦА
370
18
420
13160409
100
AcDbPolyline
 90
4
 70
1
 10
201.00358931692324
 20
116.49557599999999
 10
219.69173700923093
 20
116.49557599999999
 10
219.69173700923093
 20
121.321576
 10
201.00358931692324
 20
121.321576
  0
TEXT
  5
190
330
17
100
AcDbEntity
  8
06_ТАБЛИЦА
420
0
100
AcDbText
 10
210.3476631630771
 20
118.908576
 30
0.0
 40
1.6256
  1
8000
  7
ГОСТ
 72
1
 11
210.3476631630771
 21
118.908576
 31
0.0
100
AcDbText
 73
2
  0
LWPOLYLINE
  5
191
330
17
100
AcDbEntity
  8
06_ТАБЛИЦА
370
18
420
13160409
100
AcDbPolyline
 90
4
 70
1
 10
219.69173700923093
 20
116.49557599999999
 10
238.37988470153857
 20
116.49557599999999
 10
238.37988470153857
 20
121.321576
 10
219.69173700923093
 20
121.321576
  0
TEXT
  5
192
330
17
100
AcDbEntity
  8
06_ТАБЛИЦА
420
0
100
AcDbText
 10
229.03581085538474
 20
118.908576
 30
0.0
 40
1.6256
  1
8000
  7
ГОСТ
 72
1
 11
229.03581085538474
 21
118.908576
 31
0.0
100
AcDbText
 73
2
  0
LWPOLYLINE
  5
193
330
17
100
AcDbEntity
  8
06_ТАБЛИЦА
370
18
420
13160409
100
AcDbPolyline
 90
4
 70
1
 10
238.37988470153857
 20
116.49557599999999
 10
257.0680323938463
 20
116.49557599999999
 10
257.0680323938463
 20
121.321576
 10
238.37988470153857
 20
121.321576
  0
TEXT
  5
194
330
17
100
AcDbEntity
  8
06_ТАБЛИЦА
420
0
100
AcDbText
 10
247.72395854769243
 20
118.908576
 30
0.0
 40
1.6256
  1
4800
  7
ГОСТ
 72
1
 11
247.72395854769243
 21
118.908576
 31
0.0
100
AcDbText
 73
2
  0
LWPOLYLINE
  5
195
330
17
100
AcDbEntity
  8
06_ТАБЛИЦА
370
18
420
13160409
100
AcDbPolyline
 90
4
 70
1
 10
257.0680323938463
 20
116.49557599999999
 10
275.75618008615396
 20
116.49557599999999
 10
275.75618008615396
 20
121.321576
 10
257.0680323938463
 20
121.321576
  0
TEXT
  5
196
330
17
100
AcDbEntity
  8
06_ТАБЛИЦА
420
0
100
AcDbText
 10
266.41210624000007
 20
118.908576
 30
0.0
 40
1.6256
  1
5013
  7
ГОСТ
 72
1
 11
266.41210624000007
 21
118.908576
 31
0.0
100
AcDbText
 73
2
  0
LWPOLYLINE
  5
197
330
17
100
AcDbEntity
  8
06_ТАБЛИЦА
370
18
420
13160409
100
AcDbPolyline
 90
4
 70
1
 10
275.75618008615396
 20
116.49557599999999
 10
294.4443277784616
 20
116.49557599999999
 10
294.4443277784616
 20
121.321576
 10
275.75618008615396
 20
121.321576
  0
TEXT
  5
198
330
17
100
AcDbEntity
  8
06_ТАБЛИЦА
420
0
100
AcDbText
 10
285.10025393230785
 20
118.908576
 30
0.0
 40
1.6256
  1
8000
  7
ГОСТ
 72
1
 11
285.10025393230785
 21
118.908576
 31
0.0
100
AcDbText
 73
2
  0
LWPOLYLINE
  5
199
330
17
100
AcDbEntity
  8
06_ТАБЛИЦА
370
18
420
13160409
100
AcDbPolyline
 90
4
 70
1
 10
294.4443277784616
 20
116.49557599999999
 10
313.1324754707693
 20
116.49557599999999
 10
313.1324754707693
 20
121.321576
 10
294.4443277784616
 20
121.321576
  0
TEXT
  5
19A
330
17
100
AcDbEntity
  8
06_ТАБЛИЦА
420
0
100
AcDbText
 10
303.78840162461546
 20
118.908576
 30
0.0
 40
1.6256
  1
8000
  7
ГОСТ
 72
1
 11
303.78840162461546
 21
118.908576
 31
0.0
100
AcDbText
 73
2
  0
LWPOLYLINE
  5
19B
330
17
100
AcDbEntity
  8
06_ТАБЛИЦА
370
18
420
13160409
100
AcDbPolyline
 90
4
 70
1
 10
313.1324754707693
 20
116.49557599999999
 10
331.82062316307696
 20
116.49557599999999
 10
331.82062316307696
 20
121.321576
 10
313.1324754707693
 20
121.321576
  0
TEXT
  5
19C
330
17
100
AcDbEntity
  8
06_ТАБЛИЦА
420
0
100
AcDbText
 10
322.4765493169232
 20
118.908576
 30
0.0
 40
1.6256
  1
8000
  7
ГОСТ
 72
1
 11
322.4765493169232
 21
118.908576
 31
0.0
100
AcDbText
 73
2
  0
LWPOLYLINE
  5
19D
330
17
100
AcDbEntity
  8
06_ТАБЛИЦА
370
18
420
13160409
100
AcDbPolyline
 90
4
 70
1
 10
331.82062316307696
 20
116.49557599999999
 10
350.5087708553847
 20
116.49557599999999
 10
350.5087708553847
 20
121.321576
 10
331.82062316307696
 20
121.321576
  0
TEXT
  5
19E
330
17
100
AcDbEntity
  8
06_ТАБЛИЦА
420
0
100
AcDbText
 10
341.1646970092308
 20
118.908576
 30
0.0
 40
1.6256
  1
8000
  7
ГОСТ
 72
1
 11
341.1646970092308
 21
118.908576
 31
0.0
100
AcDbText
 73
2
  0
LWPOLYLINE
  5
19F
330
17
100
AcDbEntity
  8
06_ТАБЛИЦА
370
18
420
13160409
100
AcDbPolyline
 90
4
 70
1
 10
350.5087708553847
 20
116.49557599999999
 10
369.19691854769235
 20
116.49557599999999
 10
369.19691854769235
 20
121.321576
 10
350.5087708553847
 20
121.321576
  0
TEXT
  5
1A0
330
17
100
AcDbEntity
  8
06_ТАБЛИЦА
420
0
100
AcDbText
 10
359.8528447015386
 20
118.908576
 30
0.0
 40
1.6256
  1
8000
  7
ГОСТ
 72
1
 11
359.8528447015386
 21
118.908576
 31
0.0
100
AcDbText
 73
2
  0
LWPOLYLINE
  5
1A1
330
17
100
AcDbEntity
  8
06_ТАБЛИЦА
370
18
420
13160409
100
AcDbPolyline
 90
4
 70
1
 10
369.19691854769235
 20
116.49557599999999
 10
387.88506624
 20
116.49557599999999
 10
387.88506624
 20
121.321576
 10
369.19691854769235
 20
121.321576
  0
TEXT
  5
1A2
330
17
100
AcDbEntity
  8
06_ТАБЛИЦА
420
0
100
AcDbText
 10
378.5409923938461
 20
118.908576
 30
0.0
 40
1.6256
  1
8000
  7
ГОСТ
 72
1
 11
378.5409923938461
 21
118.908576
 31
0.0
100
AcDbText
 73
2
  0
LWPOLYLINE
  5
1A3
330
17
100
AcDbEntity
  8
06_ТАБЛИЦА
370
18
420
13160409
100
AcDbPolyline
 90
4
 70
1
 10
387.88506624
 20
116.49557599999999
 10
406.57321393230774
 20
116.49557599999999
 10
406.57321393230774
 20
121.321576
 10
387.88506624
 20
121.321576
  0
TEXT
  5
1A4
330
17
100
AcDbEntity
  8
06_ТАБЛИЦА
420
0
100
AcDbText
 10
397.2291400861539
 20
118.908576
 30
0.0
 40
1.6256
  1
8000
  7
ГОСТ
 72
1
 11
397.2291400861539
 21
118.908576
 31
0.0
100
AcDbText
 73
2
  0
LWPOLYLINE
  5
1A5
330
17
100
AcDbEntity
  8
06_ТАБЛИЦА
370
18
420
13160409
100
AcDbPolyline
 90
4
 70
1
 10
406.57321393230774
 20
116.49557599999999
 10
425.26136162461535
 20
116.49557599999999
 10
425.26136162461535
 20
121.321576
 10
406.57321393230774
 20
121.321576
  0
TEXT
  5
1A6
330
17
100
AcDbEntity
  8
06_ТАБЛИЦА
420
0
100
AcDbText
 10
415.9172877784615
 20
118.908576
 30
0.0
 40
1.6256
  1
6420
  7
ГОСТ
 72
1
 11
415.9172877784615
 21
118.908576
 31
0.0
100
AcDbText
 73
2
  0
LWPOLYLINE
  5
1A7
330
17
100
AcDbEntity
  8
06_ТАБЛИЦА
370
18
420
13160409
100
AcDbPolyline
 90
4
 70
1
 10
425.26136162461535
 20
116.49557599999999
 10
443.949509316923
 20
116.49557599999999
 10
443.949509316923
 20
121.321576
 10
425.26136162461535
 20
121.321576
  0
TEXT
  5
1A8
330
17
100
AcDbEntity
  8
06_ТАБЛИЦА
420
0
100
AcDbText
 10
434.60543547076924
 20
118.908576
 30
0.0
 40
1.6256
  1
—
  7
ГОСТ
 72
1
 11
434.60543547076924
 21
118.908576
 31
0.0
100
AcDbText
 73
2
  0
LWPOLYLINE
  5
1A9
330
17
100
AcDbEntity
  8
06_ТАБЛИЦА
370
18
420
13160409
100
AcDbPolyline
 90
4
 70
1
 10
443.9495093169231
 20
116.49557599999999
 10
462.6376570092308
 20
116.49557599999999
 10
462.6376570092308
 20
121.321576
 10
443.9495093169231
 20
121.321576
  0
TEXT
  5
1AA
330
17
100
AcDbEntity
  8
06_ТАБЛИЦА
420
0
100
AcDbText
 10
453.293583163077
 20
118.908576
 30
0.0
 40
1.6256
  1
—
  7
ГОСТ
 72
1
 11
453.293583163077
 21
118.908576
 31
0.0
100
AcDbText
 73
2
  0
LWPOLYLINE
  5
1AB
330
17
100
AcDbEntity
  8
06_ТАБЛИЦА
370
18
420
13160409
100
AcDbPolyline
 90
4
 70
1
 10
462.6376570092308
 20
116.49557599999999
 10
481.3258047015385
 20
116.49557599999999
 10
481.3258047015385
 20
121.321576
 10
462.6376570092308
 20
121.321576
  0
TEXT
  5
1AC
330
17
100
AcDbEntity
  8
06_ТАБЛИЦА
420
0
100
AcDbText
 10
471.9817308553846
 20
118.908576
 30
0.0
 40
1.6256
  1
—
  7
ГОСТ
 72
1
 11
471.9817308553846
 21
118.908576
 31
0.0
100
AcDbText
 73
2
  0
LWPOLYLINE
  5
1AD
330
17
100
AcDbEntity
  8
06_ТАБЛИЦА
370
18
420
13160409
100
AcDbPolyline
 90
4
 70
1
 10
481.3258047015385
 20
116.49557599999999
 10
500.0139523938462
 20
116.49557599999999
 10
500.0139523938462
 20
121.321576
 10
481.3258047015385
 20
121.321576
  0
TEXT
  5
1AE
330
17
100
AcDbEntity
  8
06_ТАБЛИЦА
420
0
100
AcDbText
 10
490.6698785476923
 20
118.908576
 30
0.0
 40
1.6256
  1
—
  7
ГОСТ
 72
1
 11
490.6698785476923
 21
118.908576
 31
0.0
100
AcDbText
 73
2
  0
HATCH
  5
1AF
330
17
100
AcDbEntity
  8
06_ТАБЛИЦА
 62
7
420
16185594
100
AcDbHatch
 10
0.0
 20
0.0
 30
0.0
210
0.0
220
0.0
230
1.0
  2
SOLID
 70
1
 71
0
 91
1
 92
3
 72
0
 73
1
 93
4
 10
-2.173952393845988
 20
111.66957599999999
 10
32.81026008615401
 20
111.66957599999999
 10
32.81026008615401
 20
116.49557599999999
 10
-2.173952393845988
 20
116.49557599999999
 97
0
 75
0
 76
1
 98
0
  0
LWPOLYLINE
  5
1B0
330
17
100
AcDbEntity
  8
06_ТАБЛИЦА
370
18
420
13160409
100
AcDbPolyline
 90
4
 70
1
 10
-2.173952393845988
 20
111.66957599999999
 10
32.81026008615401
 20
111.66957599999999
 10
32.81026008615401
 20
116.49557599999999
 10
-2.173952393845988
 20
116.49557599999999
  0
TEXT
  5
1B1
330
17
100
AcDbEntity
  8
06_ТАБЛИЦА
420
1450031
100
AcDbText
 10
15.318153846154015
 20
114.08257599999999
 30
0.0
 40
1.5748
  1
0.45
  7
ГОСТ
 72
1
 11
15.318153846154015
 21
114.08257599999999
 31
0.0
100
AcDbText
 73
2
  0
LWPOLYLINE
  5
1B2
330
17
100
AcDbEntity
  8
06_ТАБЛИЦА
370
18
420
13160409
100
AcDbPolyline
 90
4
 70
1
 10
32.81026008615401
 20
111.66957599999999
 10
51.49840777846172
 20
111.66957599999999
 10
51.49840777846172
 20
116.49557599999999
 10
32.81026008615401
 20
116.49557599999999
  0
TEXT
  5
1B3
330
17
100
AcDbEntity
  8
06_ТАБЛИЦА
420
0
100
AcDbText
 10
42.15433393230786
 20
114.08257599999999
 30
0.0
 40
1.6256
  1
—
  7
ГОСТ
 72
1
 11
42.15433393230786
 21
114.08257599999999
 31
0.0
100
AcDbText
 73
2
  0
LWPOLYLINE
  5
1B4
330
17
100
AcDbEntity
  8
06_ТАБЛИЦА
370
18
420
13160409
100
AcDbPolyline
 90
4
 70
1
 10
51.49840777846172
 20
111.66957599999999
 10
70.1865554707694
 20
111.66957599999999
 10
70.1865554707694
 20
116.49557599999999
 10
51.49840777846172
 20
116.49557599999999
  0
TEXT
  5
1B5
330
17
100
AcDbEntity
  8
06_ТАБЛИЦА
420
0
100
AcDbText
 10
60.84248162461555
 20
114.08257599999999
 30
0.0
 40
1.6256
  1
—
  7
ГОСТ
 72
1
 11
60.84248162461555
 21
114.08257599999999
 31
0.0
100
AcDbText
 73
2
  0
LWPOLYLINE
  5
1B6
330
17
100
AcDbEntity
  8
06_ТАБЛИЦА
370
18
420
13160409
100
AcDbPolyline
 90
4
 70
1
 10
70.1865554707694
 20
111.66957599999999
 10
88.8747031630771
 20
111.66957599999999
 10
88.8747031630771
 20
116.49557599999999
 10
70.1865554707694
 20
116.49557599999999
  0
TEXT
  5
1B7
330
17
100
AcDbEntity
  8
06_ТАБЛИЦА
420
0
100
AcDbText
 10
79.53062931692324
 20
114.08257599999999
 30
0.0
 40
1.6256
  1
—
  7
ГОСТ
 72
1
 11
79.53062931692324
 21
114.08257599999999
 31
0.0
100
AcDbText
 73
2
  0
LWPOLYLINE
  5
1B8
330
17
100
AcDbEntity
  8
06_ТАБЛИЦА
370
18
420
13160409
100
AcDbPolyline
 90
4
 70
1
 10
88.8747031630771
 20
111.66957599999999
 10
107.5628508553848
 20
111.66957599999999
 10
107.5628508553848
 20
116.49557599999999
 10
88.8747031630771
 20
116.49557599999999
  0
TEXT
  5
1B9
330
17
100
AcDbEntity
  8
06_ТАБЛИЦА
420
0
100
AcDbText
 10
98.21877700923095
 20
114.08257599999999
 30
0.0
 40
1.6256
  1
6775
  7
ГОСТ
 72
1
 11
98.21877700923095
 21
114.08257599999999
 31
0.0
100
AcDbText
 73
2
  0
LWPOLYLINE
  5
1BA
330
17
100
AcDbEntity
  8
06_ТАБЛИЦА
370
18
420
13160409
100
AcDbPolyline
 90
4
 70
1
 10
107.5628508553848
 20
111.66957599999999
 10
126.25099854769248
 20
111.66957599999999
 10
126.25099854769248
 20
116.49557599999999
 10
107.5628508553848
 20
116.49557599999999
  0
TEXT
  5
1BB
330
17
100
AcDbEntity
  8
06_ТАБЛИЦА
420
0
100
AcDbText
 10
116.90692470153863
 20
114.08257599999999
 30
0.0
 40
1.6256
  1
7465
  7
ГОСТ
 72
1
 11
116.90692470153863
 21
114.08257599999999
 31
0.0
100
AcDbText
 73
2
  0
LWPOLYLINE
  5
1BC
330
17
100
AcDbEntity
  8
06_ТАБЛИЦА
370
18
420
13160409
100
AcDbPolyline
 90
4
 70
1
 10
126.2509985476925
 20
111.66957599999999
 10
144.93914624000018
 20
111.66957599999999
 10
144.93914624000018
 20
116.49557599999999
 10
126.2509985476925
 20
116.49557599999999
  0
TEXT
  5
1BD
330
17
100
AcDbEntity
  8
06_ТАБЛИЦА
420
0
100
AcDbText
 10
135.59507239384635
 20
114.08257599999999
 30
0.0
 40
1.6256
  1
8103
  7
ГОСТ
 72
1
 11
135.59507239384635
 21
114.08257599999999
 31
0.0
100
AcDbText
 73
2
  0
LWPOLYLINE
  5
1BE
330
17
100
AcDbEntity
  8
06_ТАБЛИЦА
370
18
420
13160409
100
AcDbPolyline
 90
4
 70
1
 10
144.93914624000018
 20
111.66957599999999
 10
163.62729393230785
 20
111.66957599999999
 10
163.62729393230785
 20
116.49557599999999
 10
144.93914624000018
 20
116.49557599999999
  0
TEXT
  5
1BF
330
17
100
AcDbEntity
  8
06_ТАБЛИЦА
420
0
100
AcDbText
 10
154.28322008615402
 20
114.08257599999999
 30
0.0
 40
1.6256
  1
8103
  7
ГОСТ
 72
1
 11
154.28322008615402
 21
114.08257599999999
 31
0.0
100
AcDbText
 73
2
  0
LWPOLYLINE
  5
1C0
330
17
100
AcDbEntity
  8
06_ТАБЛИЦА
370
18
420
13160409
100
AcDbPolyline
 90
4
 70
1
 10
163.62729393230785
 20
111.66957599999999
 10
182.31544162461552
 20
111.66957599999999
 10
182.31544162461552
 20
116.49557599999999
 10
163.62729393230785
 20
116.49557599999999
  0
TEXT
  5
1C1
330
17
100
AcDbEntity
  8
06_ТАБЛИЦА
420
0
100
AcDbText
 10
172.9713677784617
 20
114.08257599999999
 30
0.0
 40
1.6256
  1
8103
  7
ГОСТ
 72
1
 11
172.9713677784617
 21
114.08257599999999
 31
0.0
100
AcDbText
 73
2
  0
LWPOLYLINE
  5
1C2
330
17
100
AcDbEntity
  8
06_ТАБЛИЦА
370
18
420
13160409
100
AcDbPolyline
 90
4
 70
1
 10
182.31544162461557
 20
111.66957599999999
 10
201.00358931692324
 20
111.66957599999999
 10
201.00358931692324
 20
116.49557599999999
 10
182.31544162461557
 20
116.49557599999999
  0
TEXT
  5
1C3
330
17
100
AcDbEntity
  8
06_ТАБЛИЦА
420
0
100
AcDbText
 10
191.6595154707694
 20
114.08257599999999
 30
0.0
 40
1.6256
  1
8103
  7
ГОСТ
 72
1
 11
191.6595154707694
 21
114.08257599999999
 31
0.0
100
AcDbText
 73
2
  0
LWPOLYLINE
  5
1C4
330
17
100
AcDbEntity
  8
06_ТАБЛИЦА
370
18
420
13160409
100
AcDbPolyline
 90
4
 70
1
 10
201.00358931692324
 20
111.66957599999999
 10
219.69173700923093
 20
111.66957599999999
 10
219.69173700923093
 20
116.49557599999999
 10
201.00358931692324
 20
116.49557599999999
  0
TEXT
  5
1C5
330
17
100
AcDbEntity
  8
06_ТАБЛИЦА
420
0
100
AcDbText
 10
210.3476631630771
 20
114.08257599999999
 30
0.0
 40
1.6256
  1
8103
  7
ГОСТ
 72
1
 11
210.3476631630771
 21
114.08257599999999
 31
0.0
100
AcDbText
 73
2
  0
LWPOLYLINE
  5
1C6
330
17
100
AcDbEntity
  8
06_ТАБЛИЦА
370
18
420
13160409
100
AcDbPolyline
 90
4
 70
1
 10
219.69173700923093
 20
111.66957599999999
 10
238.37988470153857
 20
111.66957599999999
 10
238.37988470153857
 20
116.49557599999999
 10
219.69173700923093
 20
116.49557599999999
  0
TEXT
  5
1C7
330
17
100
AcDbEntity
  8
06_ТАБЛИЦА
420
0
100
AcDbText
 10
229.03581085538474
 20
114.08257599999999
 30
0.0
 40
1.6256
  1
8103
  7
ГОСТ
 72
1
 11
229.03581085538474
 21
114.08257599999999
 31
0.0
100
AcDbText
 73
2
  0
LWPOLYLINE
  5
1C8
330
17
100
AcDbEntity
  8
06_ТАБЛИЦА
370
18
420
13160409
100
AcDbPolyline
 90
4
 70
1
 10
238.37988470153857
 20
111.66957599999999
 10
257.0680323938463
 20
111.66957599999999
 10
257.0680323938463
 20
116.49557599999999
 10
238.37988470153857
 20
116.49557599999999
  0
TEXT
  5
1C9
330
17
100
AcDbEntity
  8
06_ТАБЛИЦА
420
0
100
AcDbText
 10
247.72395854769243
 20
114.08257599999999
 30
0.0
 40
1.6256
  1
4800
  7
ГОСТ
 72
1
 11
247.72395854769243
 21
114.08257599999999
 31
0.0
100
AcDbText
 73
2
  0
LWPOLYLINE
  5
1CA
330
17
100
AcDbEntity
  8
06_ТАБЛИЦА
370
18
420
13160409
100
AcDbPolyline
 90
4
 70
1
 10
257.0680323938463
 20
111.66957599999999
 10
275.75618008615396
 20
111.66957599999999
 10
275.75618008615396
 20
116.49557599999999
 10
257.0680323938463
 20
116.49557599999999
  0
TEXT
  5
1CB
330
17
100
AcDbEntity
  8
06_ТАБЛИЦА
420
0
100
AcDbText
 10
266.41210624000007
 20
114.08257599999999
 30
0.0
 40
1.6256
  1
5013
  7
ГОСТ
 72
1
 11
266.41210624000007
 21
114.08257599999999
 31
0.0
100
AcDbText
 73
2
  0
LWPOLYLINE
  5
1CC
330
17
100
AcDbEntity
  8
06_ТАБЛИЦА
370
18
420
13160409
100
AcDbPolyline
 90
4
 70
1
 10
275.75618008615396
 20
111.66957599999999
 10
294.4443277784616
 20
111.66957599999999
 10
294.4443277784616
 20
116.49557599999999
 10
275.75618008615396
 20
116.49557599999999
  0
TEXT
  5
1CD
330
17
100
AcDbEntity
  8
06_ТАБЛИЦА
420
0
100
AcDbText
 10
285.10025393230785
 20
114.08257599999999
 30
0.0
 40
1.6256
  1
8103
  7
ГОСТ
 72
1
 11
285.10025393230785
 21
114.08257599999999
 31
0.0
100
AcDbText
 73
2
  0
LWPOLYLINE
  5
1CE
330
17
100
AcDbEntity
  8
06_ТАБЛИЦА
370
18
420
13160409
100
AcDbPolyline
 90
4
 70
1
 10
294.4443277784616
 20
111.66957599999999
 10
313.1324754707693
 20
111.66957599999999
 10
313.1324754707693
 20
116.49557599999999
 10
294.4443277784616
 20
116.49557599999999
  0
TEXT
  5
1CF
330
17
100
AcDbEntity
  8
06_ТАБЛИЦА
420
0
100
AcDbText
 10
303.78840162461546
 20
114.08257599999999
 30
0.0
 40
1.6256
  1
8103
  7
ГОСТ
 72
1
 11
303.78840162461546
 21
114.08257599999999
 31
0.0
100
AcDbText
 73
2
  0
LWPOLYLINE
  5
1D0
330
17
100
AcDbEntity
  8
06_ТАБЛИЦА
370
18
420
13160409
100
AcDbPolyline
 90
4
 70
1
 10
313.1324754707693
 20
111.66957599999999
 10
331.82062316307696
 20
111.66957599999999
 10
331.82062316307696
 20
116.49557599999999
 10
313.1324754707693
 20
116.49557599999999
  0
TEXT
  5
1D1
330
17
100
AcDbEntity
  8
06_ТАБЛИЦА
420
0
100
AcDbText
 10
322.4765493169232
 20
114.08257599999999
 30
0.0
 40
1.6256
  1
8103
  7
ГОСТ
 72
1
 11
322.4765493169232
 21
114.08257599999999
 31
0.0
100
AcDbText
 73
2
  0
LWPOLYLINE
  5
1D2
330
17
100
AcDbEntity
  8
06_ТАБЛИЦА
370
18
420
13160409
100
AcDbPolyline
 90
4
 70
1
 10
331.82062316307696
 20
111.66957599999999
 10
350.5087708553847
 20
111.66957599999999
 10
350.5087708553847
 20
116.49557599999999
 10
331.82062316307696
 20
116.49557599999999
  0
TEXT
  5
1D3
330
17
100
AcDbEntity
  8
06_ТАБЛИЦА
420
0
100
AcDbText
 10
341.1646970092308
 20
114.08257599999999
 30
0.0
 40
1.6256
  1
8103
  7
ГОСТ
 72
1
 11
341.1646970092308
 21
114.08257599999999
 31
0.0
100
AcDbText
 73
2
  0
LWPOLYLINE
  5
1D4
330
17
100
AcDbEntity
  8
06_ТАБЛИЦА
370
18
420
13160409
100
AcDbPolyline
 90
4
 70
1
 10
350.5087708553847
 20
111.66957599999999
 10
369.19691854769235
 20
111.66957599999999
 10
369.19691854769235
 20
116.49557599999999
 10
350.5087708553847
 20
116.49557599999999
  0
TEXT
  5
1D5
330
17
100
AcDbEntity
  8
06_ТАБЛИЦА
420
0
100
AcDbText
 10
359.8528447015386
 20
114.08257599999999
 30
0.0
 40
1.6256
  1
8103
  7
ГОСТ
 72
1
 11
359.8528447015386
 21
114.08257599999999
 31
0.0
100
AcDbText
 73
2
  0
LWPOLYLINE
  5
1D6
330
17
100
AcDbEntity
  8
06_ТАБЛИЦА
370
18
420
13160409
100
AcDbPolyline
 90
4
 70
1
 10
369.19691854769235
 20
111.66957599999999
 10
387.88506624
 20
111.66957599999999
 10
387.88506624
 20
116.49557599999999
 10
369.19691854769235
 20
116.49557599999999
  0
TEXT
  5
1D7
330
17
100
AcDbEntity
  8
06_ТАБЛИЦА
420
0
100
AcDbText
 10
378.5409923938461
 20
114.08257599999999
 30
0.0
 40
1.6256
  1
8103
  7
ГОСТ
 72
1
 11
378.5409923938461
 21
114.08257599999999
 31
0.0
100
AcDbText
 73
2
  0
LWPOLYLINE
  5
1D8
330
17
100
AcDbEntity
  8
06_ТАБЛИЦА
370
18
420
13160409
100
AcDbPolyline
 90
4
 70
1
 10
387.88506624
 20
111.66957599999999
 10
406.57321393230774
 20
111.66957599999999
 10
406.57321393230774
 20
116.49557599999999
 10
387.88506624
 20
116.49557599999999
  0
TEXT
  5
1D9
330
17
100
AcDbEntity
  8
06_ТАБЛИЦА
420
0
100
AcDbText
 10
397.2291400861539
 20
114.08257599999999
 30
0.0
 40
1.6256
  1
8103
  7
ГОСТ
 72
1
 11
397.2291400861539
 21
114.08257599999999
 31
0.0
100
AcDbText
 73
2
  0
LWPOLYLINE
  5
1DA
330
17
100
AcDbEntity
  8
06_ТАБЛИЦА
370
18
420
13160409
100
AcDbPolyline
 90
4
 70
1
 10
406.57321393230774
 20
111.66957599999999
 10
425.26136162461535
 20
111.66957599999999
 10
425.26136162461535
 20
116.49557599999999
 10
406.57321393230774
 20
116.49557599999999
  0
TEXT
  5
1DB
330
17
100
AcDbEntity
  8
06_ТАБЛИЦА
420
0
100
AcDbText
 10
415.9172877784615
 20
114.08257599999999
 30
0.0
 40
1.6256
  1
6501
  7
ГОСТ
 72
1
 11
415.9172877784615
 21
114.08257599999999
 31
0.0
100
AcDbText
 73
2
  0
LWPOLYLINE
  5
1DC
330
17
100
AcDbEntity
  8
06_ТАБЛИЦА
370
18
420
13160409
100
AcDbPolyline
 90
4
 70
1
 10
425.26136162461535
 20
111.66957599999999
 10
443.949509316923
 20
111.66957599999999
 10
443.949509316923
 20
116.49557599999999
 10
425.26136162461535
 20
116.49557599999999
  0
TEXT
  5
1DD
330
17
100
AcDbEntity
  8
06_ТАБЛИЦА
420
0
100
AcDbText
 10
434.60543547076924
 20
114.08257599999999
 30
0.0
 40
1.6256
  1
5003
  7
ГОСТ
 72
1
 11
434.60543547076924
 21
114.08257599999999
 31
0.0
100
AcDbText
 73
2
  0
LWPOLYLINE
  5
1DE
330
17
100
AcDbEntity
  8
06_ТАБЛИЦА
370
18
420
13160409
100
AcDbPolyline
 90
4
 70
1
 10
443.9495093169231
 20
111.66957599999999
 10
462.6376570092308
 20
111.66957599999999
 10
462.6376570092308
 20
116.49557599999999
 10
443.9495093169231
 20
116.49557599999999
  0
TEXT
  5
1DF
330
17
100
AcDbEntity
  8
06_ТАБЛИЦА
420
0
100
AcDbText
 10
453.293583163077
 20
114.08257599999999
 30
0.0
 40
1.6256
  1
—
  7
ГОСТ
 72
1
 11
453.293583163077
 21
114.08257599999999
 31
0.0
100
AcDbText
 73
2
  0
LWPOLYLINE
  5
1E0
330
17
100
AcDbEntity
  8
06_ТАБЛИЦА
370
18
420
13160409
100
AcDbPolyline
 90
4
 70
1
 10
462.6376570092308
 20
111.66957599999999
 10
481.3258047015385
 20
111.66957599999999
 10
481.3258047015385
 20
116.49557599999999
 10
462.6376570092308
 20
116.49557599999999
  0
TEXT
  5
1E1
330
17
100
AcDbEntity
  8
06_ТАБЛИЦА
420
0
100
AcDbText
 10
471.9817308553846
 20
114.08257599999999
 30
0.0
 40
1.6256
  1
—
  7
ГОСТ
 72
1
 11
471.9817308553846
 21
114.08257599999999
 31
0.0
100
AcDbText
 73
2
  0
LWPOLYLINE
  5
1E2
330
17
100
AcDbEntity
  8
06_ТАБЛИЦА
370
18
420
13160409
100
AcDbPolyline
 90
4
 70
1
 10
481.3258047015385
 20
111.66957599999999
 10
500.0139523938462
 20
111.66957599999999
 10
500.0139523938462
 20
116.49557599999999
 10
481.3258047015385
 20
116.49557599999999
  0
TEXT
  5
1E3
330
17
100
AcDbEntity
  8
06_ТАБЛИЦА
420
0
100
AcDbText
 10
490.6698785476923
 20
114.08257599999999
 30
0.0
 40
1.6256
  1
—
  7
ГОСТ
 72
1
 11
490.6698785476923
 21
114.08257599999999
 31
0.0
100
AcDbText
 73
2
  0
HATCH
  5
1E4
330
17
100
AcDbEntity
  8
06_ТАБЛИЦА
 62
7
420
16185594
100
AcDbHatch
 10
0.0
 20
0.0
 30
0.0
210
0.0
220
0.0
230
1.0
  2
SOLID
 70
1
 71
0
 91
1
 92
3
 72
0
 73
1
 93
4
 10
-2.173952393845988
 20
106.84357599999998
 10
32.81026008615401
 20
106.84357599999998
 10
32.81026008615401
 20
111.66957599999998
 10
-2.173952393845988
 20
111.66957599999998
 97
0
 75
0
 76
1
 98
0
  0
LWPOLYLINE
  5
1E5
330
17
100
AcDbEntity
  8
06_ТАБЛИЦА
370
18
420
13160409
100
AcDbPolyline
 90
4
 70
1
 10
-2.173952393845988
 20
106.84357599999998
 10
32.81026008615401
 20
106.84357599999998
 10
32.81026008615401
 20
111.66957599999998
 10
-2.173952393845988
 20
111.66957599999998
  0
TEXT
  5
1E6
330
17
100
AcDbEntity
  8
06_ТАБЛИЦА
420
1450031
100
AcDbText
 10
15.318153846154015
 20
109.25657599999998
 30
0.0
 40
1.5748
  1
0.60
  7
ГОСТ
 72
1
 11
15.318153846154015
 21
109.25657599999998
 31
0.0
100
AcDbText
 73
2
  0
LWPOLYLINE
  5
1E7
330
17
100
AcDbEntity
  8
06_ТАБЛИЦА
370
18
420
13160409
100
AcDbPolyline
 90
4
 70
1
 10
32.81026008615401
 20
106.84357599999998
 10
51.49840777846172
 20
106.84357599999998
 10
51.49840777846172
 20
111.66957599999998
 10
32.81026008615401
 20
111.66957599999998
  0
TEXT
  5
1E8
330
17
100
AcDbEntity
  8
06_ТАБЛИЦА
420
0
100
AcDbText
 10
42.15433393230786
 20
109.25657599999998
 30
0.0
 40
1.6256
  1
—
  7
ГОСТ
 72
1
 11
42.15433393230786
 21
109.25657599999998
 31
0.0
100
AcDbText
 73
2
  0
LWPOLYLINE
  5
1E9
330
17
100
AcDbEntity
  8
06_ТАБЛИЦА
370
18
420
13160409
100
AcDbPolyline
 90
4
 70
1
 10
51.49840777846172
 20
106.84357599999998
 10
70.1865554707694
 20
106.84357599999998
 10
70.1865554707694
 20
111.66957599999998
 10
51.49840777846172
 20
111.66957599999998
  0
TEXT
  5
1EA
330
17
100
AcDbEntity
  8
06_ТАБЛИЦА
420
0
100
AcDbText
 10
60.84248162461555
 20
109.25657599999998
 30
0.0
 40
1.6256
  1
—
  7
ГОСТ
 72
1
 11
60.84248162461555
 21
109.25657599999998
 31
0.0
100
AcDbText
 73
2
  0
LWPOLYLINE
  5
1EB
330
17
100
AcDbEntity
  8
06_ТАБЛИЦА
370
18
420
13160409
100
AcDbPolyline
 90
4
 70
1
 10
70.1865554707694
 20
106.84357599999998
 10
88.8747031630771
 20
106.84357599999998
 10
88.8747031630771
 20
111.66957599999998
 10
70.1865554707694
 20
111.66957599999998
  0
TEXT
  5
1EC
330
17
100
AcDbEntity
  8
06_ТАБЛИЦА
420
0
100
AcDbText
 10
79.53062931692324
 20
109.25657599999998
 30
0.0
 40
1.6256
  1
6141
  7
ГОСТ
 72
1
 11
79.53062931692324
 21
109.25657599999998
 31
0.0
100
AcDbText
 73
2
  0
LWPOLYLINE
  5
1ED
330
17
100
AcDbEntity
  8
06_ТАБЛИЦА
370
18
420
13160409
100
AcDbPolyline
 90
4
 70
1
 10
88.8747031630771
 20
106.84357599999998
 10
107.5628508553848
 20
106.84357599999998
 10
107.5628508553848
 20
111.66957599999998
 10
88.8747031630771
 20
111.66957599999998
  0
TEXT
  5
1EE
330
17
100
AcDbEntity
  8
06_ТАБЛИЦА
420
0
100
AcDbText
 10
98.21877700923095
 20
109.25657599999998
 30
0.0
 40
1.6256
  1
7051
  7
ГОСТ
 72
1
 11
98.21877700923095
 21
109.25657599999998
 31
0.0
100
AcDbText
 73
2
  0
LWPOLYLINE
  5
1EF
330
17
100
AcDbEntity
  8
06_ТАБЛИЦА
370
18
420
13160409
100
AcDbPolyline
 90
4
 70
1
 10
107.5628508553848
 20
106.84357599999998
 10
126.25099854769248
 20
106.84357599999998
 10
126.25099854769248
 20
111.66957599999998
 10
107.5628508553848
 20
111.66957599999998
  0
TEXT
  5
1F0
330
17
100
AcDbEntity
  8
06_ТАБЛИЦА
420
0
100
AcDbText
 10
116.90692470153863
 20
109.25657599999998
 30
0.0
 40
1.6256
  1
7643
  7
ГОСТ
 72
1
 11
116.90692470153863
 21
109.25657599999998
 31
0.0
100
AcDbText
 73
2
  0
LWPOLYLINE
  5
1F1
330
17
100
AcDbEntity
  8
06_ТАБЛИЦА
370
18
420
13160409
100
AcDbPolyline
 90
4
 70
1
 10
126.2509985476925
 20
106.84357599999998
 10
144.93914624000018
 20
106.84357599999998
 10
144.93914624000018
 20
111.66957599999998
 10
126.2509985476925
 20
111.66957599999998
  0
TEXT
  5
1F2
330
17
100
AcDbEntity
  8
06_ТАБЛИЦА
420
0
100
AcDbText
 10
135.59507239384635
 20
109.25657599999998
 30
0.0
 40
1.6256
  1
8166
  7
ГОСТ
 72
1
 11
135.59507239384635
 21
109.25657599999998
 31
0.0
100
AcDbText
 73
2
  0
LWPOLYLINE
  5
1F3
330
17
100
AcDbEntity
  8
06_ТАБЛИЦА
370
18
420
13160409
100
AcDbPolyline
 90
4
 70
1
 10
144.93914624000018
 20
106.84357599999998
 10
163.62729393230785
 20
106.84357599999998
 10
163.62729393230785
 20
111.66957599999998
 10
144.93914624000018
 20
111.66957599999998
  0
TEXT
  5
1F4
330
17
100
AcDbEntity
  8
06_ТАБЛИЦА
420
0
100
AcDbText
 10
154.28322008615402
 20
109.25657599999998
 30
0.0
 40
1.6256
  1
8166
  7
ГОСТ
 72
1
 11
154.28322008615402
 21
109.25657599999998
 31
0.0
100
AcDbText
 73
2
  0
LWPOLYLINE
  5
1F5
330
17
100
AcDbEntity
  8
06_ТАБЛИЦА
370
18
420
13160409
100
AcDbPolyline
 90
4
 70
1
 10
163.62729393230785
 20
106.84357599999998
 10
182.31544162461552
 20
106.84357599999998
 10
182.31544162461552
 20
111.66957599999998
 10
163.62729393230785
 20
111.66957599999998
  0
TEXT
  5
1F6
330
17
100
AcDbEntity
  8
06_ТАБЛИЦА
420
0
100
AcDbText
 10
172.9713677784617
 20
109.25657599999998
 30
0.0
 40
1.6256
  1
8166
  7
ГОСТ
 72
1
 11
172.9713677784617
 21
109.25657599999998
 31
0.0
100
AcDbText
 73
2
  0
LWPOLYLINE
  5
1F7
330
17
100
AcDbEntity
  8
06_ТАБЛИЦА
370
18
420
13160409
100
AcDbPolyline
 90
4
 70
1
 10
182.31544162461557
 20
106.84357599999998
 10
201.00358931692324
 20
106.84357599999998
 10
201.00358931692324
 20
111.66957599999998
 10
182.31544162461557
 20
111.66957599999998
  0
TEXT
  5
1F8
330
17
100
AcDbEntity
  8
06_ТАБЛИЦА
420
0
100
AcDbText
 10
191.6595154707694
 20
109.25657599999998
 30
0.0
 40
1.6256
  1
8166
  7
ГОСТ
 72
1
 11
191.6595154707694
 21
109.25657599999998
 31
0.0
100
AcDbText
 73
2
  0
LWPOLYLINE
  5
1F9
330
17
100
AcDbEntity
  8
06_ТАБЛИЦА
370
18
420
13160409
100
AcDbPolyline
 90
4
 70
1
 10
201.00358931692324
 20
106.84357599999998
 10
219.69173700923093
 20
106.84357599999998
 10
219.69173700923093
 20
111.66957599999998
 10
201.00358931692324
 20
111.66957599999998
  0
TEXT
  5
1FA
330
17
100
AcDbEntity
  8
06_ТАБЛИЦА
420
0
100
AcDbText
 10
210.3476631630771
 20
109.25657599999998
 30
0.0
 40
1.6256
  1
8166
  7
ГОСТ
 72
1
 11
210.3476631630771
 21
109.25657599999998
 31
0.0
100
AcDbText
 73
2
  0
LWPOLYLINE
  5
1FB
330
17
100
AcDbEntity
  8
06_ТАБЛИЦА
370
18
420
13160409
100
AcDbPolyline
 90
4
 70
1
 10
219.69173700923093
 20
106.84357599999998
 10
238.37988470153857
 20
106.84357599999998
 10
238.37988470153857
 20
111.66957599999998
 10
219.69173700923093
 20
111.66957599999998
  0
TEXT
  5
1FC
330
17
100
AcDbEntity
  8
06_ТАБЛИЦА
420
0
100
AcDbText
 10
229.03581085538474
 20
109.25657599999998
 30
0.0
 40
1.6256
  1
8166
  7
ГОСТ
 72
1
 11
229.03581085538474
 21
109.25657599999998
 31
0.0
100
AcDbText
 73
2
  0
LWPOLYLINE
  5
1FD
330
17
100
AcDbEntity
  8
06_ТАБЛИЦА
370
18
420
13160409
100
AcDbPolyline
 90
4
 70
1
 10
238.37988470153857
 20
106.84357599999998
 10
257.0680323938463
 20
106.84357599999998
 10
257.0680323938463
 20
111.66957599999998
 10
238.37988470153857
 20
111.66957599999998
  0
TEXT
  5
1FE
330
17
100
AcDbEntity
  8
06_ТАБЛИЦА
420
0
100
AcDbText
 10
247.72395854769243
 20
109.25657599999998
 30
0.0
 40
1.6256
  1
4800
  7
ГОСТ
 72
1
 11
247.72395854769243
 21
109.25657599999998
 31
0.0
100
AcDbText
 73
2
  0
LWPOLYLINE
  5
1FF
330
17
100
AcDbEntity
  8
06_ТАБЛИЦА
370
18
420
13160409
100
AcDbPolyline
 90
4
 70
1
 10
257.0680323938463
 20
106.84357599999998
 10
275.75618008615396
 20
106.84357599999998
 10
275.75618008615396
 20
111.66957599999998
 10
257.0680323938463
 20
111.66957599999998
  0
TEXT
  5
200
330
17
100
AcDbEntity
  8
06_ТАБЛИЦА
420
0
100
AcDbText
 10
266.41210624000007
 20
109.25657599999998
 30
0.0
 40
1.6256
  1
5013
  7
ГОСТ
 72
1
 11
266.41210624000007
 21
109.25657599999998
 31
0.0
100
AcDbText
 73
2
  0
LWPOLYLINE
  5
201
330
17
100
AcDbEntity
  8
06_ТАБЛИЦА
370
18
420
13160409
100
AcDbPolyline
 90
4
 70
1
 10
275.75618008615396
 20
106.84357599999998
 10
294.4443277784616
 20
106.84357599999998
 10
294.4443277784616
 20
111.66957599999998
 10
275.75618008615396
 20
111.66957599999998
  0
TEXT
  5
202
330
17
100
AcDbEntity
  8
06_ТАБЛИЦА
420
0
100
AcDbText
 10
285.10025393230785
 20
109.25657599999998
 30
0.0
 40
1.6256
  1
8166
  7
ГОСТ
 72
1
 11
285.10025393230785
 21
109.25657599999998
 31
0.0
100
AcDbText
 73
2
  0
LWPOLYLINE
  5
203
330
17
100
AcDbEntity
  8
06_ТАБЛИЦА
370
18
420
13160409
100
AcDbPolyline
 90
4
 70
1
 10
294.4443277784616
 20
106.84357599999998
 10
313.1324754707693
 20
106.84357599999998
 10
313.1324754707693
 20
111.66957599999998
 10
294.4443277784616
 20
111.66957599999998
  0
TEXT
  5
204
330
17
100
AcDbEntity
  8
06_ТАБЛИЦА
420
0
100
AcDbText
 10
303.78840162461546
 20
109.25657599999998
 30
0.0
 40
1.6256
  1
8166
  7
ГОСТ
 72
1
 11
303.78840162461546
 21
109.25657599999998
 31
0.0
100
AcDbText
 73
2
  0
LWPOLYLINE
  5
205
330
17
100
AcDbEntity
  8
06_ТАБЛИЦА
370
18
420
13160409
100
AcDbPolyline
 90
4
 70
1
 10
313.1324754707693
 20
106.84357599999998
 10
331.82062316307696
 20
106.84357599999998
 10
331.82062316307696
 20
111.66957599999998
 10
313.1324754707693
 20
111.66957599999998
  0
TEXT
  5
206
330
17
100
AcDbEntity
  8
06_ТАБЛИЦА
420
0
100
AcDbText
 10
322.4765493169232
 20
109.25657599999998
 30
0.0
 40
1.6256
  1
8166
  7
ГОСТ
 72
1
 11
322.4765493169232
 21
109.25657599999998
 31
0.0
100
AcDbText
 73
2
  0
LWPOLYLINE
  5
207
330
17
100
AcDbEntity
  8
06_ТАБЛИЦА
370
18
420
13160409
100
AcDbPolyline
 90
4
 70
1
 10
331.82062316307696
 20
106.84357599999998
 10
350.5087708553847
 20
106.84357599999998
 10
350.5087708553847
 20
111.66957599999998
 10
331.82062316307696
 20
111.66957599999998
  0
TEXT
  5
208
330
17
100
AcDbEntity
  8
06_ТАБЛИЦА
420
0
100
AcDbText
 10
341.1646970092308
 20
109.25657599999998
 30
0.0
 40
1.6256
  1
8166
  7
ГОСТ
 72
1
 11
341.1646970092308
 21
109.25657599999998
 31
0.0
100
AcDbText
 73
2
  0
LWPOLYLINE
  5
209
330
17
100
AcDbEntity
  8
06_ТАБЛИЦА
370
18
420
13160409
100
AcDbPolyline
 90
4
 70
1
 10
350.5087708553847
 20
106.84357599999998
 10
369.19691854769235
 20
106.84357599999998
 10
369.19691854769235
 20
111.66957599999998
 10
350.5087708553847
 20
111.66957599999998
  0
TEXT
  5
20A
330
17
100
AcDbEntity
  8
06_ТАБЛИЦА
420
0
100
AcDbText
 10
359.8528447015386
 20
109.25657599999998
 30
0.0
 40
1.6256
  1
8166
  7
ГОСТ
 72
1
 11
359.8528447015386
 21
109.25657599999998
 31
0.0
100
AcDbText
 73
2
  0
LWPOLYLINE
  5
20B
330
17
100
AcDbEntity
  8
06_ТАБЛИЦА
370
18
420
13160409
100
AcDbPolyline
 90
4
 70
1
 10
369.19691854769235
 20
106.84357599999998
 10
387.88506624
 20
106.84357599999998
 10
387.88506624
 20
111.66957599999998
 10
369.19691854769235
 20
111.66957599999998
  0
TEXT
  5
20C
330
17
100
AcDbEntity
  8
06_ТАБЛИЦА
420
0
100
AcDbText
 10
378.5409923938461
 20
109.25657599999998
 30
0.0
 40
1.6256
  1
8166
  7
ГОСТ
 72
1
 11
378.5409923938461
 21
109.25657599999998
 31
0.0
100
AcDbText
 73
2
  0
LWPOLYLINE
  5
20D
330
17
100
AcDbEntity
  8
06_ТАБЛИЦА
370
18
420
13160409
100
AcDbPolyline
 90
4
 70
1
 10
387.88506624
 20
106.84357599999998
 10
406.57321393230774
 20
106.84357599999998
 10
406.57321393230774
 20
111.66957599999998
 10
387.88506624
 20
111.66957599999998
  0
TEXT
  5
20E
330
17
100
AcDbEntity
  8
06_ТАБЛИЦА
420
0
100
AcDbText
 10
397.2291400861539
 20
109.25657599999998
 30
0.0
 40
1.6256
  1
8166
  7
ГОСТ
 72
1
 11
397.2291400861539
 21
109.25657599999998
 31
0.0
100
AcDbText
 73
2
  0
LWPOLYLINE
  5
20F
330
17
100
AcDbEntity
  8
06_ТАБЛИЦА
370
18
420
13160409
100
AcDbPolyline
 90
4
 70
1
 10
406.57321393230774
 20
106.84357599999998
 10
425.26136162461535
 20
106.84357599999998
 10
425.26136162461535
 20
111.66957599999998
 10
406.57321393230774
 20
111.66957599999998
  0
TEXT
  5
210
330
17
100
AcDbEntity
  8
06_ТАБЛИЦА
420
0
100
AcDbText
 10
415.9172877784615
 20
109.25657599999998
 30
0.0
 40
1.6256
  1
6526
  7
ГОСТ
 72
1
 11
415.9172877784615
 21
109.25657599999998
 31
0.0
100
AcDbText
 73
2
  0
LWPOLYLINE
  5
211
330
17
100
AcDbEntity
  8
06_ТАБЛИЦА
370
18
420
13160409
100
AcDbPolyline
 90
4
 70
1
 10
425.26136162461535
 20
106.84357599999998
 10
443.949509316923
 20
106.84357599999998
 10
443.949509316923
 20
111.66957599999998
 10
425.26136162461535
 20
111.66957599999998
  0
TEXT
  5
212
330
17
100
AcDbEntity
  8
06_ТАБЛИЦА
420
0
100
AcDbText
 10
434.60543547076924
 20
109.25657599999998
 30
0.0
 40
1.6256
  1
5099
  7
ГОСТ
 72
1
 11
434.60543547076924
 21
109.25657599999998
 31
0.0
100
AcDbText
 73
2
  0
LWPOLYLINE
  5
213
330
17
100
AcDbEntity
  8
06_ТАБЛИЦА
370
18
420
13160409
100
AcDbPolyline
 90
4
 70
1
 10
443.9495093169231
 20
106.84357599999998
 10
462.6376570092308
 20
106.84357599999998
 10
462.6376570092308
 20
111.66957599999998
 10
443.9495093169231
 20
111.66957599999998
  0
TEXT
  5
214
330
17
100
AcDbEntity
  8
06_ТАБЛИЦА
420
0
100
AcDbText
 10
453.293583163077
 20
109.25657599999998
 30
0.0
 40
1.6256
  1
—
  7
ГОСТ
 72
1
 11
453.293583163077
 21
109.25657599999998
 31
0.0
100
AcDbText
 73
2
  0
LWPOLYLINE
  5
215
330
17
100
AcDbEntity
  8
06_ТАБЛИЦА
370
18
420
13160409
100
AcDbPolyline
 90
4
 70
1
 10
462.6376570092308
 20
106.84357599999998
 10
481.3258047015385
 20
106.84357599999998
 10
481.3258047015385
 20
111.66957599999998
 10
462.6376570092308
 20
111.66957599999998
  0
TEXT
  5
216
330
17
100
AcDbEntity
  8
06_ТАБЛИЦА
420
0
100
AcDbText
 10
471.9817308553846
 20
109.25657599999998
 30
0.0
 40
1.6256
  1
—
  7
ГОСТ
 72
1
 11
471.9817308553846
 21
109.25657599999998
 31
0.0
100
AcDbText
 73
2
  0
LWPOLYLINE
  5
217
330
17
100
AcDbEntity
  8
06_ТАБЛИЦА
370
18
420
13160409
100
AcDbPolyline
 90
4
 70
1
 10
481.3258047015385
 20
106.84357599999998
 10
500.0139523938462
 20
106.84357599999998
 10
500.0139523938462
 20
111.66957599999998
 10
481.3258047015385
 20
111.66957599999998
  0
TEXT
  5
218
330
17
100
AcDbEntity
  8
06_ТАБЛИЦА
420
0
100
AcDbText
 10
490.6698785476923
 20
109.25657599999998
 30
0.0
 40
1.6256
  1
—
  7
ГОСТ
 72
1
 11
490.6698785476923
 21
109.25657599999998
 31
0.0
100
AcDbText
 73
2
  0
HATCH
  5
219
330
17
100
AcDbEntity
  8
06_ТАБЛИЦА
 62
7
420
16185594
100
AcDbHatch
 10
0.0
 20
0.0
 30
0.0
210
0.0
220
0.0
230
1.0
  2
SOLID
 70
1
 71
0
 91
1
 92
3
 72
0
 73
1
 93
4
 10
-2.173952393845988
 20
102.01757599999998
 10
32.81026008615401
 20
102.01757599999998
 10
32.81026008615401
 20
106.84357599999998
 10
-2.173952393845988
 20
106.84357599999998
 97
0
 75
0
 76
1
 98
0
  0
LWPOLYLINE
  5
21A
330
17
100
AcDbEntity
  8
06_ТАБЛИЦА
370
18
420
13160409
100
AcDbPolyline
 90
4
 70
1
 10
-2.173952393845988
 20
102.01757599999998
 10
32.81026008615401
 20
102.01757599999998
 10
32.81026008615401
 20
106.84357599999998
 10
-2.173952393845988
 20
106.84357599999998
  0
TEXT
  5
21B
330
17
100
AcDbEntity
  8
06_ТАБЛИЦА
420
1450031
100
AcDbText
 10
15.318153846154015
 20
104.43057599999997
 30
0.0
 40
1.5748
  1
0.80
  7
ГОСТ
 72
1
 11
15.318153846154015
 21
104.43057599999997
 31
0.0
100
AcDbText
 73
2
  0
LWPOLYLINE
  5
21C
330
17
100
AcDbEntity
  8
06_ТАБЛИЦА
370
18
420
13160409
100
AcDbPolyline
 90
4
 70
1
 10
32.81026008615401
 20
102.01757599999998
 10
51.49840777846172
 20
102.01757599999998
 10
51.49840777846172
 20
106.84357599999998
 10
32.81026008615401
 20
106.84357599999998
  0
TEXT
  5
21D
330
17
100
AcDbEntity
  8
06_ТАБЛИЦА
420
0
100
AcDbText
 10
42.15433393230786
 20
104.43057599999997
 30
0.0
 40
1.6256
  1
—
  7
ГОСТ
 72
1
 11
42.15433393230786
 21
104.43057599999997
 31
0.0
100
AcDbText
 73
2
  0
LWPOLYLINE
  5
21E
330
17
100
AcDbEntity
  8
06_ТАБЛИЦА
370
18
420
13160409
100
AcDbPolyline
 90
4
 70
1
 10
51.49840777846172
 20
102.01757599999998
 10
70.1865554707694
 20
102.01757599999998
 10
70.1865554707694
 20
106.84357599999998
 10
51.49840777846172
 20
106.84357599999998
  0
TEXT
  5
21F
330
17
100
AcDbEntity
  8
06_ТАБЛИЦА
420
0
100
AcDbText
 10
60.84248162461555
 20
104.43057599999997
 30
0.0
 40
1.6256
  1
5397
  7
ГОСТ
 72
1
 11
60.84248162461555
 21
104.43057599999997
 31
0.0
100
AcDbText
 73
2
  0
LWPOLYLINE
  5
220
330
17
100
AcDbEntity
  8
06_ТАБЛИЦА
370
18
420
13160409
100
AcDbPolyline
 90
4
 70
1
 10
70.1865554707694
 20
102.01757599999998
 10
88.8747031630771
 20
102.01757599999998
 10
88.8747031630771
 20
106.84357599999998
 10
70.1865554707694
 20
106.84357599999998
  0
TEXT
  5
221
330
17
100
AcDbEntity
  8
06_ТАБЛИЦА
420
0
100
AcDbText
 10
79.53062931692324
 20
104.43057599999997
 30
0.0
 40
1.6256
  1
6556
  7
ГОСТ
 72
1
 11
79.53062931692324
 21
104.43057599999997
 31
0.0
100
AcDbText
 73
2
  0
LWPOLYLINE
  5
222
330
17
100
AcDbEntity
  8
06_ТАБЛИЦА
370
18
420
13160409
100
AcDbPolyline
 90
4
 70
1
 10
88.8747031630771
 20
102.01757599999998
 10
107.5628508553848
 20
102.01757599999998
 10
107.5628508553848
 20
106.84357599999998
 10
88.8747031630771
 20
106.84357599999998
  0
TEXT
  5
223
330
17
100
AcDbEntity
  8
06_ТАБЛИЦА
420
0
100
AcDbText
 10
98.21877700923095
 20
104.43057599999997
 30
0.0
 40
1.6256
  1
7309
  7
ГОСТ
 72
1
 11
98.21877700923095
 21
104.43057599999997
 31
0.0
100
AcDbText
 73
2
  0
LWPOLYLINE
  5
224
330
17
100
AcDbEntity
  8
06_ТАБЛИЦА
370
18
420
13160409
100
AcDbPolyline
 90
4
 70
1
 10
107.5628508553848
 20
102.01757599999998
 10
126.25099854769248
 20
102.01757599999998
 10
126.25099854769248
 20
106.84357599999998
 10
107.5628508553848
 20
106.84357599999998
  0
TEXT
  5
225
330
17
100
AcDbEntity
  8
06_ТАБЛИЦА
420
0
100
AcDbText
 10
116.90692470153863
 20
104.43057599999997
 30
0.0
 40
1.6256
  1
7818
  7
ГОСТ
 72
1
 11
116.90692470153863
 21
104.43057599999997
 31
0.0
100
AcDbText
 73
2
  0
LWPOLYLINE
  5
226
330
17
100
AcDbEntity
  8
06_ТАБЛИЦА
370
18
420
13160409
100
AcDbPolyline
 90
4
 70
1
 10
126.2509985476925
 20
102.01757599999998
 10
144.93914624000018
 20
102.01757599999998
 10
144.93914624000018
 20
106.84357599999998
 10
126.2509985476925
 20
106.84357599999998
  0
TEXT
  5
227
330
17
100
AcDbEntity
  8
06_ТАБЛИЦА
420
0
100
AcDbText
 10
135.59507239384635
 20
104.43057599999997
 30
0.0
 40
1.6256
  1
8203
  7
ГОСТ
 72
1
 11
135.59507239384635
 21
104.43057599999997
 31
0.0
100
AcDbText
 73
2
  0
LWPOLYLINE
  5
228
330
17
100
AcDbEntity
  8
06_ТАБЛИЦА
370
18
420
13160409
100
AcDbPolyline
 90
4
 70
1
 10
144.93914624000018
 20
102.01757599999998
 10
163.62729393230785
 20
102.01757599999998
 10
163.62729393230785
 20
106.84357599999998
 10
144.93914624000018
 20
106.84357599999998
  0
TEXT
  5
229
330
17
100
AcDbEntity
  8
06_ТАБЛИЦА
420
0
100
AcDbText
 10
154.28322008615402
 20
104.43057599999997
 30
0.0
 40
1.6256
  1
8203
  7
ГОСТ
 72
1
 11
154.28322008615402
 21
104.43057599999997
 31
0.0
100
AcDbText
 73
2
  0
LWPOLYLINE
  5
22A
330
17
100
AcDbEntity
  8
06_ТАБЛИЦА
370
18
420
13160409
100
AcDbPolyline
 90
4
 70
1
 10
163.62729393230785
 20
102.01757599999998
 10
182.31544162461552
 20
102.01757599999998
 10
182.31544162461552
 20
106.84357599999998
 10
163.62729393230785
 20
106.84357599999998
  0
TEXT
  5
22B
330
17
100
AcDbEntity
  8
06_ТАБЛИЦА
420
0
100
AcDbText
 10
172.9713677784617
 20
104.43057599999997
 30
0.0
 40
1.6256
  1
8203
  7
ГОСТ
 72
1
 11
172.9713677784617
 21
104.43057599999997
 31
0.0
100
AcDbText
 73
2
  0
LWPOLYLINE
  5
22C
330
17
100
AcDbEntity
  8
06_ТАБЛИЦА
370
18
420
13160409
100
AcDbPolyline
 90
4
 70
1
 10
182.31544162461557
 20
102.01757599999998
 10
201.00358931692324
 20
102.01757599999998
 10
201.00358931692324
 20
106.84357599999998
 10
182.31544162461557
 20
106.84357599999998
  0
TEXT
  5
22D
330
17
100
AcDbEntity
  8
06_ТАБЛИЦА
420
0
100
AcDbText
 10
191.6595154707694
 20
104.43057599999997
 30
0.0
 40
1.6256
  1
8203
  7
ГОСТ
 72
1
 11
191.6595154707694
 21
104.43057599999997
 31
0.0
100
AcDbText
 73
2
  0
LWPOLYLINE
  5
22E
330
17
100
AcDbEntity
  8
06_ТАБЛИЦА
370
18
420
13160409
100
AcDbPolyline
 90
4
 70
1
 10
201.00358931692324
 20
102.01757599999998
 10
219.69173700923093
 20
102.01757599999998
 10
219.69173700923093
 20
106.84357599999998
 10
201.00358931692324
 20
106.84357599999998
  0
TEXT
  5
22F
330
17
100
AcDbEntity
  8
06_ТАБЛИЦА
420
0
100
AcDbText
 10
210.3476631630771
 20
104.43057599999997
 30
0.0
 40
1.6256
  1
8203
  7
ГОСТ
 72
1
 11
210.3476631630771
 21
104.43057599999997
 31
0.0
100
AcDbText
 73
2
  0
LWPOLYLINE
  5
230
330
17
100
AcDbEntity
  8
06_ТАБЛИЦА
370
18
420
13160409
100
AcDbPolyline
 90
4
 70
1
 10
219.69173700923093
 20
102.01757599999998
 10
238.37988470153857
 20
102.01757599999998
 10
238.37988470153857
 20
106.84357599999998
 10
219.69173700923093
 20
106.84357599999998
  0
TEXT
  5
231
330
17
100
AcDbEntity
  8
06_ТАБЛИЦА
420
0
100
AcDbText
 10
229.03581085538474
 20
104.43057599999997
 30
0.0
 40
1.6256
  1
8203
  7
ГОСТ
 72
1
 11
229.03581085538474
 21
104.43057599999997
 31
0.0
100
AcDbText
 73
2
  0
LWPOLYLINE
  5
232
330
17
100
AcDbEntity
  8
06_ТАБЛИЦА
370
18
420
13160409
100
AcDbPolyline
 90
4
 70
1
 10
238.37988470153857
 20
102.01757599999998
 10
257.0680323938463
 20
102.01757599999998
 10
257.0680323938463
 20
106.84357599999998
 10
238.37988470153857
 20
106.84357599999998
  0
TEXT
  5
233
330
17
100
AcDbEntity
  8
06_ТАБЛИЦА
420
0
100
AcDbText
 10
247.72395854769243
 20
104.43057599999997
 30
0.0
 40
1.6256
  1
4800
  7
ГОСТ
 72
1
 11
247.72395854769243
 21
104.43057599999997
 31
0.0
100
AcDbText
 73
2
  0
LWPOLYLINE
  5
234
330
17
100
AcDbEntity
  8
06_ТАБЛИЦА
370
18
420
13160409
100
AcDbPolyline
 90
4
 70
1
 10
257.0680323938463
 20
102.01757599999998
 10
275.75618008615396
 20
102.01757599999998
 10
275.75618008615396
 20
106.84357599999998
 10
257.0680323938463
 20
106.84357599999998
  0
TEXT
  5
235
330
17
100
AcDbEntity
  8
06_ТАБЛИЦА
420
0
100
AcDbText
 10
266.41210624000007
 20
104.43057599999997
 30
0.0
 40
1.6256
  1
5013
  7
ГОСТ
 72
1
 11
266.41210624000007
 21
104.43057599999997
 31
0.0
100
AcDbText
 73
2
  0
LWPOLYLINE
  5
236
330
17
100
AcDbEntity
  8
06_ТАБЛИЦА
370
18
420
13160409
100
AcDbPolyline
 90
4
 70
1
 10
275.75618008615396
 20
102.01757599999998
 10
294.4443277784616
 20
102.01757599999998
 10
294.4443277784616
 20
106.84357599999998
 10
275.75618008615396
 20
106.84357599999998
  0
TEXT
  5
237
330
17
100
AcDbEntity
  8
06_ТАБЛИЦА
420
0
100
AcDbText
 10
285.10025393230785
 20
104.43057599999997
 30
0.0
 40
1.6256
  1
8203
  7
ГОСТ
 72
1
 11
285.10025393230785
 21
104.43057599999997
 31
0.0
100
AcDbText
 73
2
  0
LWPOLYLINE
  5
238
330
17
100
AcDbEntity
  8
06_ТАБЛИЦА
370
18
420
13160409
100
AcDbPolyline
 90
4
 70
1
 10
294.4443277784616
 20
102.01757599999998
 10
313.1324754707693
 20
102.01757599999998
 10
313.1324754707693
 20
106.84357599999998
 10
294.4443277784616
 20
106.84357599999998
  0
TEXT
  5
239
330
17
100
AcDbEntity
  8
06_ТАБЛИЦА
420
0
100
AcDbText
 10
303.78840162461546
 20
104.43057599999997
 30
0.0
 40
1.6256
  1
8203
  7
ГОСТ
 72
1
 11
303.78840162461546
 21
104.43057599999997
 31
0.0
100
AcDbText
 73
2
  0
LWPOLYLINE
  5
23A
330
17
100
AcDbEntity
  8
06_ТАБЛИЦА
370
18
420
13160409
100
AcDbPolyline
 90
4
 70
1
 10
313.1324754707693
 20
102.01757599999998
 10
331.82062316307696
 20
102.01757599999998
 10
331.82062316307696
 20
106.84357599999998
 10
313.1324754707693
 20
106.84357599999998
  0
TEXT
  5
23B
330
17
100
AcDbEntity
  8
06_ТАБЛИЦА
420
0
100
AcDbText
 10
322.4765493169232
 20
104.43057599999997
 30
0.0
 40
1.6256
  1
8203
  7
ГОСТ
 72
1
 11
322.4765493169232
 21
104.43057599999997
 31
0.0
100
AcDbText
 73
2
  0
LWPOLYLINE
  5
23C
330
17
100
AcDbEntity
  8
06_ТАБЛИЦА
370
18
420
13160409
100
AcDbPolyline
 90
4
 70
1
 10
331.82062316307696
 20
102.01757599999998
 10
350.5087708553847
 20
102.01757599999998
 10
350.5087708553847
 20
106.84357599999998
 10
331.82062316307696
 20
106.84357599999998
  0
TEXT
  5
23D
330
17
100
AcDbEntity
  8
06_ТАБЛИЦА
420
0
100
AcDbText
 10
341.1646970092308
 20
104.43057599999997
 30
0.0
 40
1.6256
  1
8203
  7
ГОСТ
 72
1
 11
341.1646970092308
 21
104.43057599999997
 31
0.0
100
AcDbText
 73
2
  0
LWPOLYLINE
  5
23E
330
17
100
AcDbEntity
  8
06_ТАБЛИЦА
370
18
420
13160409
100
AcDbPolyline
 90
4
 70
1
 10
350.5087708553847
 20
102.01757599999998
 10
369.19691854769235
 20
102.01757599999998
 10
369.19691854769235
 20
106.84357599999998
 10
350.5087708553847
 20
106.84357599999998
  0
TEXT
  5
23F
330
17
100
AcDbEntity
  8
06_ТАБЛИЦА
420
0
100
AcDbText
 10
359.8528447015386
 20
104.43057599999997
 30
0.0
 40
1.6256
  1
8203
  7
ГОСТ
 72
1
 11
359.8528447015386
 21
104.43057599999997
 31
0.0
100
AcDbText
 73
2
  0
LWPOLYLINE
  5
240
330
17
100
AcDbEntity
  8
06_ТАБЛИЦА
370
18
420
13160409
100
AcDbPolyline
 90
4
 70
1
 10
369.19691854769235
 20
102.01757599999998
 10
387.88506624
 20
102.01757599999998
 10
387.88506624
 20
106.84357599999998
 10
369.19691854769235
 20
106.84357599999998
  0
TEXT
  5
241
330
17
100
AcDbEntity
  8
06_ТАБЛИЦА
420
0
100
AcDbText
 10
378.5409923938461
 20
104.43057599999997
 30
0.0
 40
1.6256
  1
8203
  7
ГОСТ
 72
1
 11
378.5409923938461
 21
104.43057599999997
 31
0.0
100
AcDbText
 73
2
  0
LWPOLYLINE
  5
242
330
17
100
AcDbEntity
  8
06_ТАБЛИЦА
370
18
420
13160409
100
AcDbPolyline
 90
4
 70
1
 10
387.88506624
 20
102.01757599999998
 10
406.57321393230774
 20
102.01757599999998
 10
406.57321393230774
 20
106.84357599999998
 10
387.88506624
 20
106.84357599999998
  0
TEXT
  5
243
330
17
100
AcDbEntity
  8
06_ТАБЛИЦА
420
0
100
AcDbText
 10
397.2291400861539
 20
104.43057599999997
 30
0.0
 40
1.6256
  1
8203
  7
ГОСТ
 72
1
 11
397.2291400861539
 21
104.43057599999997
 31
0.0
100
AcDbText
 73
2
  0
LWPOLYLINE
  5
244
330
17
100
AcDbEntity
  8
06_ТАБЛИЦА
370
18
420
13160409
100
AcDbPolyline
 90
4
 70
1
 10
406.57321393230774
 20
102.01757599999998
 10
425.26136162461535
 20
102.01757599999998
 10
425.26136162461535
 20
106.84357599999998
 10
406.57321393230774
 20
106.84357599999998
  0
TEXT
  5
245
330
17
100
AcDbEntity
  8
06_ТАБЛИЦА
420
0
100
AcDbText
 10
415.9172877784615
 20
104.43057599999997
 30
0.0
 40
1.6256
  1
6542
  7
ГОСТ
 72
1
 11
415.9172877784615
 21
104.43057599999997
 31
0.0
100
AcDbText
 73
2
  0
LWPOLYLINE
  5
246
330
17
100
AcDbEntity
  8
06_ТАБЛИЦА
370
18
420
13160409
100
AcDbPolyline
 90
4
 70
1
 10
425.26136162461535
 20
102.01757599999998
 10
443.949509316923
 20
102.01757599999998
 10
443.949509316923
 20
106.84357599999998
 10
425.26136162461535
 20
106.84357599999998
  0
TEXT
  5
247
330
17
100
AcDbEntity
  8
06_ТАБЛИЦА
420
0
100
AcDbText
 10
434.60543547076924
 20
104.43057599999997
 30
0.0
 40
1.6256
  1
5125
  7
ГОСТ
 72
1
 11
434.60543547076924
 21
104.43057599999997
 31
0.0
100
AcDbText
 73
2
  0
LWPOLYLINE
  5
248
330
17
100
AcDbEntity
  8
06_ТАБЛИЦА
370
18
420
13160409
100
AcDbPolyline
 90
4
 70
1
 10
443.9495093169231
 20
102.01757599999998
 10
462.6376570092308
 20
102.01757599999998
 10
462.6376570092308
 20
106.84357599999998
 10
443.9495093169231
 20
106.84357599999998
  0
TEXT
  5
249
330
17
100
AcDbEntity
  8
06_ТАБЛИЦА
420
0
100
AcDbText
 10
453.293583163077
 20
104.43057599999997
 30
0.0
 40
1.6256
  1
—
  7
ГОСТ
 72
1
 11
453.293583163077
 21
104.43057599999997
 31
0.0
100
AcDbText
 73
2
  0
LWPOLYLINE
  5
24A
330
17
100
AcDbEntity
  8
06_ТАБЛИЦА
370
18
420
13160409
100
AcDbPolyline
 90
4
 70
1
 10
462.6376570092308
 20
102.01757599999998
 10
481.3258047015385
 20
102.01757599999998
 10
481.3258047015385
 20
106.84357599999998
 10
462.6376570092308
 20
106.84357599999998
  0
TEXT
  5
24B
330
17
100
AcDbEntity
  8
06_ТАБЛИЦА
420
0
100
AcDbText
 10
471.9817308553846
 20
104.43057599999997
 30
0.0
 40
1.6256
  1
—
  7
ГОСТ
 72
1
 11
471.9817308553846
 21
104.43057599999997
 31
0.0
100
AcDbText
 73
2
  0
LWPOLYLINE
  5
24C
330
17
100
AcDbEntity
  8
06_ТАБЛИЦА
370
18
420
13160409
100
AcDbPolyline
 90
4
 70
1
 10
481.3258047015385
 20
102.01757599999998
 10
500.0139523938462
 20
102.01757599999998
 10
500.0139523938462
 20
106.84357599999998
 10
481.3258047015385
 20
106.84357599999998
  0
TEXT
  5
24D
330
17
100
AcDbEntity
  8
06_ТАБЛИЦА
420
0
100
AcDbText
 10
490.6698785476923
 20
104.43057599999997
 30
0.0
 40
1.6256
  1
—
  7
ГОСТ
 72
1
 11
490.6698785476923
 21
104.43057599999997
 31
0.0
100
AcDbText
 73
2
  0
HATCH
  5
24E
330
17
100
AcDbEntity
  8
06_ТАБЛИЦА
 62
7
420
16185594
100
AcDbHatch
 10
0.0
 20
0.0
 30
0.0
210
0.0
220
0.0
230
1.0
  2
SOLID
 70
1
 71
0
 91
1
 92
3
 72
0
 73
1
 93
4
 10
-2.173952393845988
 20
97.19157599999998
 10
32.81026008615401
 20
97.19157599999998
 10
32.81026008615401
 20
102.01757599999998
 10
-2.173952393845988
 20
102.01757599999998
 97
0
 75
0
 76
1
 98
0
  0
LWPOLYLINE
  5
24F
330
17
100
AcDbEntity
  8
06_ТАБЛИЦА
370
18
420
13160409
100
AcDbPolyline
 90
4
 70
1
 10
-2.173952393845988
 20
97.19157599999998
 10
32.81026008615401
 20
97.19157599999998
 10
32.81026008615401
 20
102.01757599999998
 10
-2.173952393845988
 20
102.01757599999998
  0
TEXT
  5
250
330
17
100
AcDbEntity
  8
06_ТАБЛИЦА
420
1450031
100
AcDbText
 10
15.318153846154015
 20
99.60457599999998
 30
0.0
 40
1.5748
  1
1.00
  7
ГОСТ
 72
1
 11
15.318153846154015
 21
99.60457599999998
 31
0.0
100
AcDbText
 73
2
  0
LWPOLYLINE
  5
251
330
17
100
AcDbEntity
  8
06_ТАБЛИЦА
370
18
420
13160409
100
AcDbPolyline
 90
4
 70
1
 10
32.81026008615401
 20
97.19157599999998
 10
51.49840777846172
 20
97.19157599999998
 10
51.49840777846172
 20
102.01757599999998
 10
32.81026008615401
 20
102.01757599999998
  0
TEXT
  5
252
330
17
100
AcDbEntity
  8
06_ТАБЛИЦА
420
0
100
AcDbText
 10
42.15433393230786
 20
99.60457599999998
 30
0.0
 40
1.6256
  1
3854
  7
ГОСТ
 72
1
 11
42.15433393230786
 21
99.60457599999998
 31
0.0
100
AcDbText
 73
2
  0
LWPOLYLINE
  5
253
330
17
100
AcDbEntity
  8
06_ТАБЛИЦА
370
18
420
13160409
100
AcDbPolyline
 90
4
 70
1
 10
51.49840777846172
 20
97.19157599999998
 10
70.1865554707694
 20
97.19157599999998
 10
70.1865554707694
 20
102.01757599999998
 10
51.49840777846172
 20
102.01757599999998
  0
TEXT
  5
254
330
17
100
AcDbEntity
  8
06_ТАБЛИЦА
420
0
100
AcDbText
 10
60.84248162461555
 20
99.60457599999998
 30
0.0
 40
1.6256
  1
5880
  7
ГОСТ
 72
1
 11
60.84248162461555
 21
99.60457599999998
 31
0.0
100
AcDbText
 73
2
  0
LWPOLYLINE
  5
255
330
17
100
AcDbEntity
  8
06_ТАБЛИЦА
370
18
420
13160409
100
AcDbPolyline
 90
4
 70
1
 10
70.1865554707694
 20
97.19157599999998
 10
88.8747031630771
 20
97.19157599999998
 10
88.8747031630771
 20
102.01757599999998
 10
70.1865554707694
 20
102.01757599999998
  0
TEXT
  5
256
330
17
100
AcDbEntity
  8
06_ТАБЛИЦА
420
0
100
AcDbText
 10
79.53062931692324
 20
99.60457599999998
 30
0.0
 40
1.6256
  1
6832
  7
ГОСТ
 72
1
 11
79.53062931692324
 21
99.60457599999998
 31
0.0
100
AcDbText
 73
2
  0
LWPOLYLINE
  5
257
330
17
100
AcDbEntity
  8
06_ТАБЛИЦА
370
18
420
13160409
100
AcDbPolyline
 90
4
 70
1
 10
88.8747031630771
 20
97.19157599999998
 10
107.5628508553848
 20
97.19157599999998
 10
107.5628508553848
 20
102.01757599999998
 10
88.8747031630771
 20
102.01757599999998
  0
TEXT
  5
258
330
17
100
AcDbEntity
  8
06_ТАБЛИЦА
420
0
100
AcDbText
 10
98.21877700923095
 20
99.60457599999998
 30
0.0
 40
1.6256
  1
7498
  7
ГОСТ
 72
1
 11
98.21877700923095
 21
99.60457599999998
 31
0.0
100
AcDbText
 73
2
  0
LWPOLYLINE
  5
259
330
17
100
AcDbEntity
  8
06_ТАБЛИЦА
370
18
420
13160409
100
AcDbPolyline
 90
4
 70
1
 10
107.5628508553848
 20
97.19157599999998
 10
126.25099854769248
 20
97.19157599999998
 10
126.25099854769248
 20
102.01757599999998
 10
107.5628508553848
 20
102.01757599999998
  0
TEXT
  5
25A
330
17
100
AcDbEntity
  8
06_ТАБЛИЦА
420
0
100
AcDbText
 10
116.90692470153863
 20
99.60457599999998
 30
0.0
 40
1.6256
  1
7944
  7
ГОСТ
 72
1
 11
116.90692470153863
 21
99.60457599999998
 31
0.0
100
AcDbText
 73
2
  0
LWPOLYLINE
  5
25B
330
17
100
AcDbEntity
  8
06_ТАБЛИЦА
370
18
420
13160409
100
AcDbPolyline
 90
4
 70
1
 10
126.2509985476925
 20
97.19157599999998
 10
144.93914624000018
 20
97.19157599999998
 10
144.93914624000018
 20
102.01757599999998
 10
126.2509985476925
 20
102.01757599999998
  0
TEXT
  5
25C
330
17
100
AcDbEntity
  8
06_ТАБЛИЦА
420
0
100
AcDbText
 10
135.59507239384635
 20
99.60457599999998
 30
0.0
 40
1.6256
  1
8208
  7
ГОСТ
 72
1
 11
135.59507239384635
 21
99.60457599999998
 31
0.0
100
AcDbText
 73
2
  0
LWPOLYLINE
  5
25D
330
17
100
AcDbEntity
  8
06_ТАБЛИЦА
370
18
420
13160409
100
AcDbPolyline
 90
4
 70
1
 10
144.93914624000018
 20
97.19157599999998
 10
163.62729393230785
 20
97.19157599999998
 10
163.62729393230785
 20
102.01757599999998
 10
144.93914624000018
 20
102.01757599999998
  0
TEXT
  5
25E
330
17
100
AcDbEntity
  8
06_ТАБЛИЦА
420
0
100
AcDbText
 10
154.28322008615402
 20
99.60457599999998
 30
0.0
 40
1.6256
  1
8208
  7
ГОСТ
 72
1
 11
154.28322008615402
 21
99.60457599999998
 31
0.0
100
AcDbText
 73
2
  0
LWPOLYLINE
  5
25F
330
17
100
AcDbEntity
  8
06_ТАБЛИЦА
370
18
420
13160409
100
AcDbPolyline
 90
4
 70
1
 10
163.62729393230785
 20
97.19157599999998
 10
182.31544162461552
 20
97.19157599999998
 10
182.31544162461552
 20
102.01757599999998
 10
163.62729393230785
 20
102.01757599999998
  0
TEXT
  5
260
330
17
100
AcDbEntity
  8
06_ТАБЛИЦА
420
0
100
AcDbText
 10
172.9713677784617
 20
99.60457599999998
 30
0.0
 40
1.6256
  1
8208
  7
ГОСТ
 72
1
 11
172.9713677784617
 21
99.60457599999998
 31
0.0
100
AcDbText
 73
2
  0
LWPOLYLINE
  5
261
330
17
100
AcDbEntity
  8
06_ТАБЛИЦА
370
18
420
13160409
100
AcDbPolyline
 90
4
 70
1
 10
182.31544162461557
 20
97.19157599999998
 10
201.00358931692324
 20
97.19157599999998
 10
201.00358931692324
 20
102.01757599999998
 10
182.31544162461557
 20
102.01757599999998
  0
TEXT
  5
262
330
17
100
AcDbEntity
  8
06_ТАБЛИЦА
420
0
100
AcDbText
 10
191.6595154707694
 20
99.60457599999998
 30
0.0
 40
1.6256
  1
8208
  7
ГОСТ
 72
1
 11
191.6595154707694
 21
99.60457599999998
 31
0.0
100
AcDbText
 73
2
  0
LWPOLYLINE
  5
263
330
17
100
AcDbEntity
  8
06_ТАБЛИЦА
370
18
420
13160409
100
AcDbPolyline
 90
4
 70
1
 10
201.00358931692324
 20
97.19157599999998
 10
219.69173700923093
 20
97.19157599999998
 10
219.69173700923093
 20
102.01757599999998
 10
201.00358931692324
 20
102.01757599999998
  0
TEXT
  5
264
330
17
100
AcDbEntity
  8
06_ТАБЛИЦА
420
0
100
AcDbText
 10
210.3476631630771
 20
99.60457599999998
 30
0.0
 40
1.6256
  1
8208
  7
ГОСТ
 72
1
 11
210.3476631630771
 21
99.60457599999998
 31
0.0
100
AcDbText
 73
2
  0
LWPOLYLINE
  5
265
330
17
100
AcDbEntity
  8
06_ТАБЛИЦА
370
18
420
13160409
100
AcDbPolyline
 90
4
 70
1
 10
219.69173700923093
 20
97.19157599999998
 10
238.37988470153857
 20
97.19157599999998
 10
238.37988470153857
 20
102.01757599999998
 10
219.69173700923093
 20
102.01757599999998
  0
TEXT
  5
266
330
17
100
AcDbEntity
  8
06_ТАБЛИЦА
420
0
100
AcDbText
 10
229.03581085538474
 20
99.60457599999998
 30
0.0
 40
1.6256
  1
8208
  7
ГОСТ
 72
1
 11
229.03581085538474
 21
99.60457599999998
 31
0.0
100
AcDbText
 73
2
  0
LWPOLYLINE
  5
267
330
17
100
AcDbEntity
  8
06_ТАБЛИЦА
370
18
420
13160409
100
AcDbPolyline
 90
4
 70
1
 10
238.37988470153857
 20
97.19157599999998
 10
257.0680323938463
 20
97.19157599999998
 10
257.0680323938463
 20
102.01757599999998
 10
238.37988470153857
 20
102.01757599999998
  0
TEXT
  5
268
330
17
100
AcDbEntity
  8
06_ТАБЛИЦА
420
0
100
AcDbText
 10
247.72395854769243
 20
99.60457599999998
 30
0.0
 40
1.6256
  1
4800
  7
ГОСТ
 72
1
 11
247.72395854769243
 21
99.60457599999998
 31
0.0
100
AcDbText
 73
2
  0
LWPOLYLINE
  5
269
330
17
100
AcDbEntity
  8
06_ТАБЛИЦА
370
18
420
13160409
100
AcDbPolyline
 90
4
 70
1
 10
257.0680323938463
 20
97.19157599999998
 10
275.75618008615396
 20
97.19157599999998
 10
275.75618008615396
 20
102.01757599999998
 10
257.0680323938463
 20
102.01757599999998
  0
TEXT
  5
26A
330
17
100
AcDbEntity
  8
06_ТАБЛИЦА
420
0
100
AcDbText
 10
266.41210624000007
 20
99.60457599999998
 30
0.0
 40
1.6256
  1
5013
  7
ГОСТ
 72
1
 11
266.41210624000007
 21
99.60457599999998
 31
0.0
100
AcDbText
 73
2
  0
LWPOLYLINE
  5
26B
330
17
100
AcDbEntity
  8
06_ТАБЛИЦА
370
18
420
13160409
100
AcDbPolyline
 90
4
 70
1
 10
275.75618008615396
 20
97.19157599999998
 10
294.4443277784616
 20
97.19157599999998
 10
294.4443277784616
 20
102.01757599999998
 10
275.75618008615396
 20
102.01757599999998
  0
TEXT
  5
26C
330
17
100
AcDbEntity
  8
06_ТАБЛИЦА
420
0
100
AcDbText
 10
285.10025393230785
 20
99.60457599999998
 30
0.0
 40
1.6256
  1
8208
  7
ГОСТ
 72
1
 11
285.10025393230785
 21
99.60457599999998
 31
0.0
100
AcDbText
 73
2
  0
LWPOLYLINE
  5
26D
330
17
100
AcDbEntity
  8
06_ТАБЛИЦА
370
18
420
13160409
100
AcDbPolyline
 90
4
 70
1
 10
294.4443277784616
 20
97.19157599999998
 10
313.1324754707693
 20
97.19157599999998
 10
313.1324754707693
 20
102.01757599999998
 10
294.4443277784616
 20
102.01757599999998
  0
TEXT
  5
26E
330
17
100
AcDbEntity
  8
06_ТАБЛИЦА
420
0
100
AcDbText
 10
303.78840162461546
 20
99.60457599999998
 30
0.0
 40
1.6256
  1
8208
  7
ГОСТ
 72
1
 11
303.78840162461546
 21
99.60457599999998
 31
0.0
100
AcDbText
 73
2
  0
LWPOLYLINE
  5
26F
330
17
100
AcDbEntity
  8
06_ТАБЛИЦА
370
18
420
13160409
100
AcDbPolyline
 90
4
 70
1
 10
313.1324754707693
 20
97.19157599999998
 10
331.82062316307696
 20
97.19157599999998
 10
331.82062316307696
 20
102.01757599999998
 10
313.1324754707693
 20
102.01757599999998
  0
TEXT
  5
270
330
17
100
AcDbEntity
  8
06_ТАБЛИЦА
420
0
100
AcDbText
 10
322.4765493169232
 20
99.60457599999998
 30
0.0
 40
1.6256
  1
8208
  7
ГОСТ
 72
1
 11
322.4765493169232
 21
99.60457599999998
 31
0.0
100
AcDbText
 73
2
  0
LWPOLYLINE
  5
271
330
17
100
AcDbEntity
  8
06_ТАБЛИЦА
370
18
420
13160409
100
AcDbPolyline
 90
4
 70
1
 10
331.82062316307696
 20
97.19157599999998
 10
350.5087708553847
 20
97.19157599999998
 10
350.5087708553847
 20
102.01757599999998
 10
331.82062316307696
 20
102.01757599999998
  0
TEXT
  5
272
330
17
100
AcDbEntity
  8
06_ТАБЛИЦА
420
0
100
AcDbText
 10
341.1646970092308
 20
99.60457599999998
 30
0.0
 40
1.6256
  1
8208
  7
ГОСТ
 72
1
 11
341.1646970092308
 21
99.60457599999998
 31
0.0
100
AcDbText
 73
2
  0
LWPOLYLINE
  5
273
330
17
100
AcDbEntity
  8
06_ТАБЛИЦА
370
18
420
13160409
100
AcDbPolyline
 90
4
 70
1
 10
350.5087708553847
 20
97.19157599999998
 10
369.19691854769235
 20
97.19157599999998
 10
369.19691854769235
 20
102.01757599999998
 10
350.5087708553847
 20
102.01757599999998
  0
TEXT
  5
274
330
17
100
AcDbEntity
  8
06_ТАБЛИЦА
420
0
100
AcDbText
 10
359.8528447015386
 20
99.60457599999998
 30
0.0
 40
1.6256
  1
8208
  7
ГОСТ
 72
1
 11
359.8528447015386
 21
99.60457599999998
 31
0.0
100
AcDbText
 73
2
  0
LWPOLYLINE
  5
275
330
17
100
AcDbEntity
  8
06_ТАБЛИЦА
370
18
420
13160409
100
AcDbPolyline
 90
4
 70
1
 10
369.19691854769235
 20
97.19157599999998
 10
387.88506624
 20
97.19157599999998
 10
387.88506624
 20
102.01757599999998
 10
369.19691854769235
 20
102.01757599999998
  0
TEXT
  5
276
330
17
100
AcDbEntity
  8
06_ТАБЛИЦА
420
0
100
AcDbText
 10
378.5409923938461
 20
99.60457599999998
 30
0.0
 40
1.6256
  1
8208
  7
ГОСТ
 72
1
 11
378.5409923938461
 21
99.60457599999998
 31
0.0
100
AcDbText
 73
2
  0
LWPOLYLINE
  5
277
330
17
100
AcDbEntity
  8
06_ТАБЛИЦА
370
18
420
13160409
100
AcDbPolyline
 90
4
 70
1
 10
387.88506624
 20
97.19157599999998
 10
406.57321393230774
 20
97.19157599999998
 10
406.57321393230774
 20
102.01757599999998
 10
387.88506624
 20
102.01757599999998
  0
TEXT
  5
278
330
17
100
AcDbEntity
  8
06_ТАБЛИЦА
420
0
100
AcDbText
 10
397.2291400861539
 20
99.60457599999998
 30
0.0
 40
1.6256
  1
8208
  7
ГОСТ
 72
1
 11
397.2291400861539
 21
99.60457599999998
 31
0.0
100
AcDbText
 73
2
  0
LWPOLYLINE
  5
279
330
17
100
AcDbEntity
  8
06_ТАБЛИЦА
370
18
420
13160409
100
AcDbPolyline
 90
4
 70
1
 10
406.57321393230774
 20
97.19157599999998
 10
425.26136162461535
 20
97.19157599999998
 10
425.26136162461535
 20
102.01757599999998
 10
406.57321393230774
 20
102.01757599999998
  0
TEXT
  5
27A
330
17
100
AcDbEntity
  8
06_ТАБЛИЦА
420
0
100
AcDbText
 10
415.9172877784615
 20
99.60457599999998
 30
0.0
 40
1.6256
  1
6557
  7
ГОСТ
 72
1
 11
415.9172877784615
 21
99.60457599999998
 31
0.0
100
AcDbText
 73
2
  0
LWPOLYLINE
  5
27B
330
17
100
AcDbEntity
  8
06_ТАБЛИЦА
370
18
420
13160409
100
AcDbPolyline
 90
4
 70
1
 10
425.26136162461535
 20
97.19157599999998
 10
443.949509316923
 20
97.19157599999998
 10
443.949509316923
 20
102.01757599999998
 10
425.26136162461535
 20
102.01757599999998
  0
TEXT
  5
27C
330
17
100
AcDbEntity
  8
06_ТАБЛИЦА
420
0
100
AcDbText
 10
434.60543547076924
 20
99.60457599999998
 30
0.0
 40
1.6256
  1
5148
  7
ГОСТ
 72
1
 11
434.60543547076924
 21
99.60457599999998
 31
0.0
100
AcDbText
 73
2
  0
LWPOLYLINE
  5
27D
330
17
100
AcDbEntity
  8
06_ТАБЛИЦА
370
18
420
13160409
100
AcDbPolyline
 90
4
 70
1
 10
443.9495093169231
 20
97.19157599999998
 10
462.6376570092308
 20
97.19157599999998
 10
462.6376570092308
 20
102.01757599999998
 10
443.9495093169231
 20
102.01757599999998
  0
TEXT
  5
27E
330
17
100
AcDbEntity
  8
06_ТАБЛИЦА
420
0
100
AcDbText
 10
453.293583163077
 20
99.60457599999998
 30
0.0
 40
1.6256
  1
3545
  7
ГОСТ
 72
1
 11
453.293583163077
 21
99.60457599999998
 31
0.0
100
AcDbText
 73
2
  0
LWPOLYLINE
  5
27F
330
17
100
AcDbEntity
  8
06_ТАБЛИЦА
370
18
420
13160409
100
AcDbPolyline
 90
4
 70
1
 10
462.6376570092308
 20
97.19157599999998
 10
481.3258047015385
 20
97.19157599999998
 10
481.3258047015385
 20
102.01757599999998
 10
462.6376570092308
 20
102.01757599999998
  0
TEXT
  5
280
330
17
100
AcDbEntity
  8
06_ТАБЛИЦА
420
0
100
AcDbText
 10
471.9817308553846
 20
99.60457599999998
 30
0.0
 40
1.6256
  1
—
  7
ГОСТ
 72
1
 11
471.9817308553846
 21
99.60457599999998
 31
0.0
100
AcDbText
 73
2
  0
LWPOLYLINE
  5
281
330
17
100
AcDbEntity
  8
06_ТАБЛИЦА
370
18
420
13160409
100
AcDbPolyline
 90
4
 70
1
 10
481.3258047015385
 20
97.19157599999998
 10
500.0139523938462
 20
97.19157599999998
 10
500.0139523938462
 20
102.01757599999998
 10
481.3258047015385
 20
102.01757599999998
  0
TEXT
  5
282
330
17
100
AcDbEntity
  8
06_ТАБЛИЦА
420
0
100
AcDbText
 10
490.6698785476923
 20
99.60457599999998
 30
0.0
 40
1.6256
  1
—
  7
ГОСТ
 72
1
 11
490.6698785476923
 21
99.60457599999998
 31
0.0
100
AcDbText
 73
2
  0
HATCH
  5
283
330
17
100
AcDbEntity
  8
06_ТАБЛИЦА
 62
7
420
16185594
100
AcDbHatch
 10
0.0
 20
0.0
 30
0.0
210
0.0
220
0.0
230
1.0
  2
SOLID
 70
1
 71
0
 91
1
 92
3
 72
0
 73
1
 93
4
 10
-2.173952393845988
 20
92.36557599999998
 10
32.81026008615401
 20
92.36557599999998
 10
32.81026008615401
 20
97.19157599999997
 10
-2.173952393845988
 20
97.19157599999997
 97
0
 75
0
 76
1
 98
0
  0
LWPOLYLINE
  5
284
330
17
100
AcDbEntity
  8
06_ТАБЛИЦА
370
18
420
13160409
100
AcDbPolyline
 90
4
 70
1
 10
-2.173952393845988
 20
92.36557599999998
 10
32.81026008615401
 20
92.36557599999998
 10
32.81026008615401
 20
97.19157599999997
 10
-2.173952393845988
 20
97.19157599999997
  0
TEXT
  5
285
330
17
100
AcDbEntity
  8
06_ТАБЛИЦА
420
1450031
100
AcDbText
 10
15.318153846154015
 20
94.77857599999996
 30
0.0
 40
1.5748
  1
1.20
  7
ГОСТ
 72
1
 11
15.318153846154015
 21
94.77857599999996
 31
0.0
100
AcDbText
 73
2
  0
LWPOLYLINE
  5
286
330
17
100
AcDbEntity
  8
06_ТАБЛИЦА
370
18
420
13160409
100
AcDbPolyline
 90
4
 70
1
 10
32.81026008615401
 20
92.36557599999998
 10
51.49840777846172
 20
92.36557599999998
 10
51.49840777846172
 20
97.19157599999997
 10
32.81026008615401
 20
97.19157599999997
  0
TEXT
  5
287
330
17
100
AcDbEntity
  8
06_ТАБЛИЦА
420
0
100
AcDbText
 10
42.15433393230786
 20
94.77857599999996
 30
0.0
 40
1.6256
  1
4519
  7
ГОСТ
 72
1
 11
42.15433393230786
 21
94.77857599999996
 31
0.0
100
AcDbText
 73
2
  0
LWPOLYLINE
  5
288
330
17
100
AcDbEntity
  8
06_ТАБЛИЦА
370
18
420
13160409
100
AcDbPolyline
 90
4
 70
1
 10
51.49840777846172
 20
92.36557599999998
 10
70.1865554707694
 20
92.36557599999998
 10
70.1865554707694
 20
97.19157599999997
 10
51.49840777846172
 20
97.19157599999997
  0
TEXT
  5
289
330
17
100
AcDbEntity
  8
06_ТАБЛИЦА
420
0
100
AcDbText
 10
60.84248162461555
 20
94.77857599999996
 30
0.0
 40
1.6256
  1
6195
  7
ГОСТ
 72
1
 11
60.84248162461555
 21
94.77857599999996
 31
0.0
100
AcDbText
 73
2
  0
LWPOLYLINE
  5
28A
330
17
100
AcDbEntity
  8
06_ТАБЛИЦА
370
18
420
13160409
100
AcDbPolyline
 90
4
 70
1
 10
70.1865554707694
 20
92.36557599999998
 10
88.8747031630771
 20
92.36557599999998
 10
88.8747031630771
 20
97.19157599999997
 10
70.1865554707694
 20
97.19157599999997
  0
TEXT
  5
28B
330
17
100
AcDbEntity
  8
06_ТАБЛИЦА
420
0
100
AcDbText
 10
79.53062931692324
 20
94.77857599999996
 30
0.0
 40
1.6256
  1
7039
  7
ГОСТ
 72
1
 11
79.53062931692324
 21
94.77857599999996
 31
0.0
100
AcDbText
 73
2
  0
LWPOLYLINE
  5
28C
330
17
100
AcDbEntity
  8
06_ТАБЛИЦА
370
18
420
13160409
100
AcDbPolyline
 90
4
 70
1
 10
88.8747031630771
 20
92.36557599999998
 10
107.5628508553848
 20
92.36557599999998
 10
107.5628508553848
 20
97.19157599999997
 10
88.8747031630771
 20
97.19157599999997
  0
TEXT
  5
28D
330
17
100
AcDbEntity
  8
06_ТАБЛИЦА
420
0
100
AcDbText
 10
98.21877700923095
 20
94.77857599999996
 30
0.0
 40
1.6256
  1
7643
  7
ГОСТ
 72
1
 11
98.21877700923095
 21
94.77857599999996
 31
0.0
100
AcDbText
 73
2
  0
LWPOLYLINE
  5
28E
330
17
100
AcDbEntity
  8
06_ТАБЛИЦА
370
18
420
13160409
100
AcDbPolyline
 90
4
 70
1
 10
107.5628508553848
 20
92.36557599999998
 10
126.25099854769248
 20
92.36557599999998
 10
126.25099854769248
 20
97.19157599999997
 10
107.5628508553848
 20
97.19157599999997
  0
TEXT
  5
28F
330
17
100
AcDbEntity
  8
06_ТАБЛИЦА
420
0
100
AcDbText
 10
116.90692470153863
 20
94.77857599999996
 30
0.0
 40
1.6256
  1
8035
  7
ГОСТ
 72
1
 11
116.90692470153863
 21
94.77857599999996
 31
0.0
100
AcDbText
 73
2
  0
LWPOLYLINE
  5
290
330
17
100
AcDbEntity
  8
06_ТАБЛИЦА
370
18
420
13160409
100
AcDbPolyline
 90
4
 70
1
 10
126.2509985476925
 20
92.36557599999998
 10
144.93914624000018
 20
92.36557599999998
 10
144.93914624000018
 20
97.19157599999997
 10
126.2509985476925
 20
97.19157599999997
  0
TEXT
  5
291
330
17
100
AcDbEntity
  8
06_ТАБЛИЦА
420
0
100
AcDbText
 10
135.59507239384635
 20
94.77857599999996
 30
0.0
 40
1.6256
  1
8212
  7
ГОСТ
 72
1
 11
135.59507239384635
 21
94.77857599999996
 31
0.0
100
AcDbText
 73
2
  0
LWPOLYLINE
  5
292
330
17
100
AcDbEntity
  8
06_ТАБЛИЦА
370
18
420
13160409
100
AcDbPolyline
 90
4
 70
1
 10
144.93914624000018
 20
92.36557599999998
 10
163.62729393230785
 20
92.36557599999998
 10
163.62729393230785
 20
97.19157599999997
 10
144.93914624000018
 20
97.19157599999997
  0
TEXT
  5
293
330
17
100
AcDbEntity
  8
06_ТАБЛИЦА
420
0
100
AcDbText
 10
154.28322008615402
 20
94.77857599999996
 30
0.0
 40
1.6256
  1
8212
  7
ГОСТ
 72
1
 11
154.28322008615402
 21
94.77857599999996
 31
0.0
100
AcDbText
 73
2
  0
LWPOLYLINE
  5
294
330
17
100
AcDbEntity
  8
06_ТАБЛИЦА
370
18
420
13160409
100
AcDbPolyline
 90
4
 70
1
 10
163.62729393230785
 20
92.36557599999998
 10
182.31544162461552
 20
92.36557599999998
 10
182.31544162461552
 20
97.19157599999997
 10
163.62729393230785
 20
97.19157599999997
  0
TEXT
  5
295
330
17
100
AcDbEntity
  8
06_ТАБЛИЦА
420
0
100
AcDbText
 10
172.9713677784617
 20
94.77857599999996
 30
0.0
 40
1.6256
  1
8212
  7
ГОСТ
 72
1
 11
172.9713677784617
 21
94.77857599999996
 31
0.0
100
AcDbText
 73
2
  0
LWPOLYLINE
  5
296
330
17
100
AcDbEntity
  8
06_ТАБЛИЦА
370
18
420
13160409
100
AcDbPolyline
 90
4
 70
1
 10
182.31544162461557
 20
92.36557599999998
 10
201.00358931692324
 20
92.36557599999998
 10
201.00358931692324
 20
97.19157599999997
 10
182.31544162461557
 20
97.19157599999997
  0
TEXT
  5
297
330
17
100
AcDbEntity
  8
06_ТАБЛИЦА
420
0
100
AcDbText
 10
191.6595154707694
 20
94.77857599999996
 30
0.0
 40
1.6256
  1
8212
  7
ГОСТ
 72
1
 11
191.6595154707694
 21
94.77857599999996
 31
0.0
100
AcDbText
 73
2
  0
LWPOLYLINE
  5
298
330
17
100
AcDbEntity
  8
06_ТАБЛИЦА
370
18
420
13160409
100
AcDbPolyline
 90
4
 70
1
 10
201.00358931692324
 20
92.36557599999998
 10
219.69173700923093
 20
92.36557599999998
 10
219.69173700923093
 20
97.19157599999997
 10
201.00358931692324
 20
97.19157599999997
  0
TEXT
  5
299
330
17
100
AcDbEntity
  8
06_ТАБЛИЦА
420
0
100
AcDbText
 10
210.3476631630771
 20
94.77857599999996
 30
0.0
 40
1.6256
  1
8212
  7
ГОСТ
 72
1
 11
210.3476631630771
 21
94.77857599999996
 31
0.0
100
AcDbText
 73
2
  0
LWPOLYLINE
  5
29A
330
17
100
AcDbEntity
  8
06_ТАБЛИЦА
370
18
420
13160409
100
AcDbPolyline
 90
4
 70
1
 10
219.69173700923093
 20
92.36557599999998
 10
238.37988470153857
 20
92.36557599999998
 10
238.37988470153857
 20
97.19157599999997
 10
219.69173700923093
 20
97.19157599999997
  0
TEXT
  5
29B
330
17
100
AcDbEntity
  8
06_ТАБЛИЦА
420
0
100
AcDbText
 10
229.03581085538474
 20
94.77857599999996
 30
0.0
 40
1.6256
  1
8212
  7
ГОСТ
 72
1
 11
229.03581085538474
 21
94.77857599999996
 31
0.0
100
AcDbText
 73
2
  0
LWPOLYLINE
  5
29C
330
17
100
AcDbEntity
  8
06_ТАБЛИЦА
370
18
420
13160409
100
AcDbPolyline
 90
4
 70
1
 10
238.37988470153857
 20
92.36557599999998
 10
257.0680323938463
 20
92.36557599999998
 10
257.0680323938463
 20
97.19157599999997
 10
238.37988470153857
 20
97.19157599999997
  0
TEXT
  5
29D
330
17
100
AcDbEntity
  8
06_ТАБЛИЦА
420
0
100
AcDbText
 10
247.72395854769243
 20
94.77857599999996
 30
0.0
 40
1.6256
  1
4800
  7
ГОСТ
 72
1
 11
247.72395854769243
 21
94.77857599999996
 31
0.0
100
AcDbText
 73
2
  0
LWPOLYLINE
  5
29E
330
17
100
AcDbEntity
  8
06_ТАБЛИЦА
370
18
420
13160409
100
AcDbPolyline
 90
4
 70
1
 10
257.0680323938463
 20
92.36557599999998
 10
275.75618008615396
 20
92.36557599999998
 10
275.75618008615396
 20
97.19157599999997
 10
257.0680323938463
 20
97.19157599999997
  0
TEXT
  5
29F
330
17
100
AcDbEntity
  8
06_ТАБЛИЦА
420
0
100
AcDbText
 10
266.41210624000007
 20
94.77857599999996
 30
0.0
 40
1.6256
  1
5013
  7
ГОСТ
 72
1
 11
266.41210624000007
 21
94.77857599999996
 31
0.0
100
AcDbText
 73
2
  0
LWPOLYLINE
  5
2A0
330
17
100
AcDbEntity
  8
06_ТАБЛИЦА
370
18
420
13160409
100
AcDbPolyline
 90
4
 70
1
 10
275.75618008615396
 20
92.36557599999998
 10
294.4443277784616
 20
92.36557599999998
 10
294.4443277784616
 20
97.19157599999997
 10
275.75618008615396
 20
97.19157599999997
  0
TEXT
  5
2A1
330
17
100
AcDbEntity
  8
06_ТАБЛИЦА
420
0
100
AcDbText
 10
285.10025393230785
 20
94.77857599999996
 30
0.0
 40
1.6256
  1
8212
  7
ГОСТ
 72
1
 11
285.10025393230785
 21
94.77857599999996
 31
0.0
100
AcDbText
 73
2
  0
LWPOLYLINE
  5
2A2
330
17
100
AcDbEntity
  8
06_ТАБЛИЦА
370
18
420
13160409
100
AcDbPolyline
 90
4
 70
1
 10
294.4443277784616
 20
92.36557599999998
 10
313.1324754707693
 20
92.36557599999998
 10
313.1324754707693
 20
97.19157599999997
 10
294.4443277784616
 20
97.19157599999997
  0
TEXT
  5
2A3
330
17
100
AcDbEntity
  8
06_ТАБЛИЦА
420
0
100
AcDbText
 10
303.78840162461546
 20
94.77857599999996
 30
0.0
 40
1.6256
  1
8212
  7
ГОСТ
 72
1
 11
303.78840162461546
 21
94.77857599999996
 31
0.0
100
AcDbText
 73
2
  0
LWPOLYLINE
  5
2A4
330
17
100
AcDbEntity
  8
06_ТАБЛИЦА
370
18
420
13160409
100
AcDbPolyline
 90
4
 70
1
 10
313.1324754707693
 20
92.36557599999998
 10
331.82062316307696
 20
92.36557599999998
 10
331.82062316307696
 20
97.19157599999997
 10
313.1324754707693
 20
97.19157599999997
  0
TEXT
  5
2A5
330
17
100
AcDbEntity
  8
06_ТАБЛИЦА
420
0
100
AcDbText
 10
322.4765493169232
 20
94.77857599999996
 30
0.0
 40
1.6256
  1
8212
  7
ГОСТ
 72
1
 11
322.4765493169232
 21
94.77857599999996
 31
0.0
100
AcDbText
 73
2
  0
LWPOLYLINE
  5
2A6
330
17
100
AcDbEntity
  8
06_ТАБЛИЦА
370
18
420
13160409
100
AcDbPolyline
 90
4
 70
1
 10
331.82062316307696
 20
92.36557599999998
 10
350.5087708553847
 20
92.36557599999998
 10
350.5087708553847
 20
97.19157599999997
 10
331.82062316307696
 20
97.19157599999997
  0
TEXT
  5
2A7
330
17
100
AcDbEntity
  8
06_ТАБЛИЦА
420
0
100
AcDbText
 10
341.1646970092308
 20
94.77857599999996
 30
0.0
 40
1.6256
  1
8212
  7
ГОСТ
 72
1
 11
341.1646970092308
 21
94.77857599999996
 31
0.0
100
AcDbText
 73
2
  0
LWPOLYLINE
  5
2A8
330
17
100
AcDbEntity
  8
06_ТАБЛИЦА
370
18
420
13160409
100
AcDbPolyline
 90
4
 70
1
 10
350.5087708553847
 20
92.36557599999998
 10
369.19691854769235
 20
92.36557599999998
 10
369.19691854769235
 20
97.19157599999997
 10
350.5087708553847
 20
97.19157599999997
  0
TEXT
  5
2A9
330
17
100
AcDbEntity
  8
06_ТАБЛИЦА
420
0
100
AcDbText
 10
359.8528447015386
 20
94.77857599999996
 30
0.0
 40
1.6256
  1
8212
  7
ГОСТ
 72
1
 11
359.8528447015386
 21
94.77857599999996
 31
0.0
100
AcDbText
 73
2
  0
LWPOLYLINE
  5
2AA
330
17
100
AcDbEntity
  8
06_ТАБЛИЦА
370
18
420
13160409
100
AcDbPolyline
 90
4
 70
1
 10
369.19691854769235
 20
92.36557599999998
 10
387.88506624
 20
92.36557599999998
 10
387.88506624
 20
97.19157599999997
 10
369.19691854769235
 20
97.19157599999997
  0
TEXT
  5
2AB
330
17
100
AcDbEntity
  8
06_ТАБЛИЦА
420
0
100
AcDbText
 10
378.5409923938461
 20
94.77857599999996
 30
0.0
 40
1.6256
  1
8212
  7
ГОСТ
 72
1
 11
378.5409923938461
 21
94.77857599999996
 31
0.0
100
AcDbText
 73
2
  0
LWPOLYLINE
  5
2AC
330
17
100
AcDbEntity
  8
06_ТАБЛИЦА
370
18
420
13160409
100
AcDbPolyline
 90
4
 70
1
 10
387.88506624
 20
92.36557599999998
 10
406.57321393230774
 20
92.36557599999998
 10
406.57321393230774
 20
97.19157599999997
 10
387.88506624
 20
97.19157599999997
  0
TEXT
  5
2AD
330
17
100
AcDbEntity
  8
06_ТАБЛИЦА
420
0
100
AcDbText
 10
397.2291400861539
 20
94.77857599999996
 30
0.0
 40
1.6256
  1
8212
  7
ГОСТ
 72
1
 11
397.2291400861539
 21
94.77857599999996
 31
0.0
100
AcDbText
 73
2
  0
LWPOLYLINE
  5
2AE
330
17
100
AcDbEntity
  8
06_ТАБЛИЦА
370
18
420
13160409
100
AcDbPolyline
 90
4
 70
1
 10
406.57321393230774
 20
92.36557599999998
 10
425.26136162461535
 20
92.36557599999998
 10
425.26136162461535
 20
97.19157599999997
 10
406.57321393230774
 20
97.19157599999997
  0
TEXT
  5
2AF
330
17
100
AcDbEntity
  8
06_ТАБЛИЦА
420
0
100
AcDbText
 10
415.9172877784615
 20
94.77857599999996
 30
0.0
 40
1.6256
  1
6573
  7
ГОСТ
 72
1
 11
415.9172877784615
 21
94.77857599999996
 31
0.0
100
AcDbText
 73
2
  0
LWPOLYLINE
  5
2B0
330
17
100
AcDbEntity
  8
06_ТАБЛИЦА
370
18
420
13160409
100
AcDbPolyline
 90
4
 70
1
 10
425.26136162461535
 20
92.36557599999998
 10
443.949509316923
 20
92.36557599999998
 10
443.949509316923
 20
97.19157599999997
 10
425.26136162461535
 20
97.19157599999997
  0
TEXT
  5
2B1
330
17
100
AcDbEntity
  8
06_ТАБЛИЦА
420
0
100
AcDbText
 10
434.60543547076924
 20
94.77857599999996
 30
0.0
 40
1.6256
  1
5171
  7
ГОСТ
 72
1
 11
434.60543547076924
 21
94.77857599999996
 31
0.0
100
AcDbText
 73
2
  0
LWPOLYLINE
  5
2B2
330
17
100
AcDbEntity
  8
06_ТАБЛИЦА
370
18
420
13160409
100
AcDbPolyline
 90
4
 70
1
 10
443.9495093169231
 20
92.36557599999998
 10
462.6376570092308
 20
92.36557599999998
 10
462.6376570092308
 20
97.19157599999997
 10
443.9495093169231
 20
97.19157599999997
  0
TEXT
  5
2B3
330
17
100
AcDbEntity
  8
06_ТАБЛИЦА
420
0
100
AcDbText
 10
453.293583163077
 20
94.77857599999996
 30
0.0
 40
1.6256
  1
3572
  7
ГОСТ
 72
1
 11
453.293583163077
 21
94.77857599999996
 31
0.0
100
AcDbText
 73
2
  0
LWPOLYLINE
  5
2B4
330
17
100
AcDbEntity
  8
06_ТАБЛИЦА
370
18
420
13160409
100
AcDbPolyline
 90
4
 70
1
 10
462.6376570092308
 20
92.36557599999998
 10
481.3258047015385
 20
92.36557599999998
 10
481.3258047015385
 20
97.19157599999997
 10
462.6376570092308
 20
97.19157599999997
  0
TEXT
  5
2B5
330
17
100
AcDbEntity
  8
06_ТАБЛИЦА
420
0
100
AcDbText
 10
471.9817308553846
 20
94.77857599999996
 30
0.0
 40
1.6256
  1
—
  7
ГОСТ
 72
1
 11
471.9817308553846
 21
94.77857599999996
 31
0.0
100
AcDbText
 73
2
  0
LWPOLYLINE
  5
2B6
330
17
100
AcDbEntity
  8
06_ТАБЛИЦА
370
18
420
13160409
100
AcDbPolyline
 90
4
 70
1
 10
481.3258047015385
 20
92.36557599999998
 10
500.0139523938462
 20
92.36557599999998
 10
500.0139523938462
 20
97.19157599999997
 10
481.3258047015385
 20
97.19157599999997
  0
TEXT
  5
2B7
330
17
100
AcDbEntity
  8
06_ТАБЛИЦА
420
0
100
AcDbText
 10
490.6698785476923
 20
94.77857599999996
 30
0.0
 40
1.6256
  1
—
  7
ГОСТ
 72
1
 11
490.6698785476923
 21
94.77857599999996
 31
0.0
100
AcDbText
 73
2
  0
HATCH
  5
2B8
330
17
100
AcDbEntity
  8
06_ТАБЛИЦА
 62
7
420
13623535
100
AcDbHatch
 10
0.0
 20
0.0
 30
0.0
210
0.0
220
0.0
230
1.0
  2
SOLID
 70
1
 71
0
 91
1
 92
3
 72
0
 73
1
 93
4
 10
-2.173952393845988
 20
87.53957599999998
 10
32.81026008615401
 20
87.53957599999998
 10
32.81026008615401
 20
92.36557599999998
 10
-2.173952393845988
 20
92.36557599999998
 97
0
 75
0
 76
1
 98
0
  0
LWPOLYLINE
  5
2B9
330
17
100
AcDbEntity
  8
06_ТАБЛИЦА
370
18
420
13160409
100
AcDbPolyline
 90
4
 70
1
 10
-2.173952393845988
 20
87.53957599999998
 10
32.81026008615401
 20
87.53957599999998
 10
32.81026008615401
 20
92.36557599999998
 10
-2.173952393845988
 20
92.36557599999998
  0
TEXT
  5
2BA
330
17
100
AcDbEntity
  8
06_ТАБЛИЦА
420
1858698
100
AcDbText
 10
15.318153846154015
 20
89.952576
 30
0.0
 40
1.5748
  1
1.26 факт
  7
ГОСТ
 72
1
 11
15.318153846154015
 21
89.952576
 31
0.0
100
AcDbText
 73
2
  0
HATCH
  5
2BB
330
17
100
AcDbEntity
  8
06_ТАБЛИЦА
 62
7
420
14937847
100
AcDbHatch
 10
0.0
 20
0.0
 30
0.0
210
0.0
220
0.0
230
1.0
  2
SOLID
 70
1
 71
0
 91
1
 92
3
 72
0
 73
1
 93
4
 10
32.81026008615401
 20
87.53957599999998
 10
51.49840777846172
 20
87.53957599999998
 10
51.49840777846172
 20
92.36557599999998
 10
32.81026008615401
 20
92.36557599999998
 97
0
 75
0
 76
1
 98
0
  0
LWPOLYLINE
  5
2BC
330
17
100
AcDbEntity
  8
06_ТАБЛИЦА
370
18
420
13160409
100
AcDbPolyline
 90
4
 70
1
 10
32.81026008615401
 20
87.53957599999998
 10
51.49840777846172
 20
87.53957599999998
 10
51.49840777846172
 20
92.36557599999998
 10
32.81026008615401
 20
92.36557599999998
  0
TEXT
  5
2BD
330
17
100
AcDbEntity
  8
06_ТАБЛИЦА
420
1858698
100
AcDbText
 10
42.15433393230786
 20
89.952576
 30
0.0
 40
1.6256
  1
4643
  7
ГОСТ
 72
1
 11
42.15433393230786
 21
89.952576
 31
0.0
100
AcDbText
 73
2
  0
HATCH
  5
2BE
330
17
100
AcDbEntity
  8
06_ТАБЛИЦА
 62
7
420
14937847
100
AcDbHatch
 10
0.0
 20
0.0
 30
0.0
210
0.0
220
0.0
230
1.0
  2
SOLID
 70
1
 71
0
 91
1
 92
3
 72
0
 73
1
 93
4
 10
51.49840777846172
 20
87.53957599999998
 10
70.1865554707694
 20
87.53957599999998
 10
70.1865554707694
 20
92.36557599999998
 10
51.49840777846172
 20
92.36557599999998
 97
0
 75
0
 76
1
 98
0
  0
LWPOLYLINE
  5
2BF
330
17
100
AcDbEntity
  8
06_ТАБЛИЦА
370
18
420
13160409
100
AcDbPolyline
 90
4
 70
1
 10
51.49840777846172
 20
87.53957599999998
 10
70.1865554707694
 20
87.53957599999998
 10
70.1865554707694
 20
92.36557599999998
 10
51.49840777846172
 20
92.36557599999998
  0
TEXT
  5
2C0
330
17
100
AcDbEntity
  8
06_ТАБЛИЦА
420
1858698
100
AcDbText
 10
60.84248162461555
 20
89.952576
 30
0.0
 40
1.6256
  1
6268
  7
ГОСТ
 72
1
 11
60.84248162461555
 21
89.952576
 31
0.0
100
AcDbText
 73
2
  0
HATCH
  5
2C1
330
17
100
AcDbEntity
  8
06_ТАБЛИЦА
 62
7
420
14937847
100
AcDbHatch
 10
0.0
 20
0.0
 30
0.0
210
0.0
220
0.0
230
1.0
  2
SOLID
 70
1
 71
0
 91
1
 92
3
 72
0
 73
1
 93
4
 10
70.1865554707694
 20
87.53957599999998
 10
88.8747031630771
 20
87.53957599999998
 10
88.8747031630771
 20
92.36557599999998
 10
70.1865554707694
 20
92.36557599999998
 97
0
 75
0
 76
1
 98
0
  0
LWPOLYLINE
  5
2C2
330
17
100
AcDbEntity
  8
06_ТАБЛИЦА
370
18
420
13160409
100
AcDbPolyline
 90
4
 70
1
 10
70.1865554707694
 20
87.53957599999998
 10
88.8747031630771
 20
87.53957599999998
 10
88.8747031630771
 20
92.36557599999998
 10
70.1865554707694
 20
92.36557599999998
  0
TEXT
  5
2C3
330
17
100
AcDbEntity
  8
06_ТАБЛИЦА
420
1858698
100
AcDbText
 10
79.53062931692324
 20
89.952576
 30
0.0
 40
1.6256
  1
7088
  7
ГОСТ
 72
1
 11
79.53062931692324
 21
89.952576
 31
0.0
100
AcDbText
 73
2
  0
HATCH
  5
2C4
330
17
100
AcDbEntity
  8
06_ТАБЛИЦА
 62
7
420
14937847
100
AcDbHatch
 10
0.0
 20
0.0
 30
0.0
210
0.0
220
0.0
230
1.0
  2
SOLID
 70
1
 71
0
 91
1
 92
3
 72
0
 73
1
 93
4
 10
88.8747031630771
 20
87.53957599999998
 10
107.5628508553848
 20
87.53957599999998
 10
107.5628508553848
 20
92.36557599999998
 10
88.8747031630771
 20
92.36557599999998
 97
0
 75
0
 76
1
 98
0
  0
LWPOLYLINE
  5
2C5
330
17
100
AcDbEntity
  8
06_ТАБЛИЦА
370
18
420
13160409
100
AcDbPolyline
 90
4
 70
1
 10
88.8747031630771
 20
87.53957599999998
 10
107.5628508553848
 20
87.53957599999998
 10
107.5628508553848
 20
92.36557599999998
 10
88.8747031630771
 20
92.36557599999998
  0
TEXT
  5
2C6
330
17
100
AcDbEntity
  8
06_ТАБЛИЦА
420
1858698
100
AcDbText
 10
98.21877700923095
 20
89.952576
 30
0.0
 40
1.6256
  1
7678
  7
ГОСТ
 72
1
 11
98.21877700923095
 21
89.952576
 31
0.0
100
AcDbText
 73
2
  0
HATCH
  5
2C7
330
17
100
AcDbEntity
  8
06_ТАБЛИЦА
 62
7
420
14937847
100
AcDbHatch
 10
0.0
 20
0.0
 30
0.0
210
0.0
220
0.0
230
1.0
  2
SOLID
 70
1
 71
0
 91
1
 92
3
 72
0
 73
1
 93
4
 10
107.5628508553848
 20
87.53957599999998
 10
126.25099854769248
 20
87.53957599999998
 10
126.25099854769248
 20
92.36557599999998
 10
107.5628508553848
 20
92.36557599999998
 97
0
 75
0
 76
1
 98
0
  0
LWPOLYLINE
  5
2C8
330
17
100
AcDbEntity
  8
06_ТАБЛИЦА
370
18
420
13160409
100
AcDbPolyline
 90
4
 70
1
 10
107.5628508553848
 20
87.53957599999998
 10
126.25099854769248
 20
87.53957599999998
 10
126.25099854769248
 20
92.36557599999998
 10
107.5628508553848
 20
92.36557599999998
  0
TEXT
  5
2C9
330
17
100
AcDbEntity
  8
06_ТАБЛИЦА
420
1858698
100
AcDbText
 10
116.90692470153863
 20
89.952576
 30
0.0
 40
1.6256
  1
8055
  7
ГОСТ
 72
1
 11
116.90692470153863
 21
89.952576
 31
0.0
100
AcDbText
 73
2
  0
HATCH
  5
2CA
330
17
100
AcDbEntity
  8
06_ТАБЛИЦА
 62
7
420
14937847
100
AcDbHatch
 10
0.0
 20
0.0
 30
0.0
210
0.0
220
0.0
230
1.0
  2
SOLID
 70
1
 71
0
 91
1
 92
3
 72
0
 73
1
 93
4
 10
126.2509985476925
 20
87.53957599999998
 10
144.93914624000018
 20
87.53957599999998
 10
144.93914624000018
 20
92.36557599999998
 10
126.2509985476925
 20
92.36557599999998
 97
0
 75
0
 76
1
 98
0
  0
LWPOLYLINE
  5
2CB
330
17
100
AcDbEntity
  8
06_ТАБЛИЦА
370
18
420
13160409
100
AcDbPolyline
 90
4
 70
1
 10
126.2509985476925
 20
87.53957599999998
 10
144.93914624000018
 20
87.53957599999998
 10
144.93914624000018
 20
92.36557599999998
 10
126.2509985476925
 20
92.36557599999998
  0
TEXT
  5
2CC
330
17
100
AcDbEntity
  8
06_ТАБЛИЦА
420
1858698
100
AcDbText
 10
135.59507239384635
 20
89.952576
 30
0.0
 40
1.6256
  1
8213
  7
ГОСТ
 72
1
 11
135.59507239384635
 21
89.952576
 31
0.0
100
AcDbText
 73
2
  0
HATCH
  5
2CD
330
17
100
AcDbEntity
  8
06_ТАБЛИЦА
 62
7
420
14937847
100
AcDbHatch
 10
0.0
 20
0.0
 30
0.0
210
0.0
220
0.0
230
1.0
  2
SOLID
 70
1
 71
0
 91
1
 92
3
 72
0
 73
1
 93
4
 10
144.93914624000018
 20
87.53957599999998
 10
163.62729393230785
 20
87.53957599999998
 10
163.62729393230785
 20
92.36557599999998
 10
144.93914624000018
 20
92.36557599999998
 97
0
 75
0
 76
1
 98
0
  0
LWPOLYLINE
  5
2CE
330
17
100
AcDbEntity
  8
06_ТАБЛИЦА
370
18
420
13160409
100
AcDbPolyline
 90
4
 70
1
 10
144.93914624000018
 20
87.53957599999998
 10
163.62729393230785
 20
87.53957599999998
 10
163.62729393230785
 20
92.36557599999998
 10
144.93914624000018
 20
92.36557599999998
  0
TEXT
  5
2CF
330
17
100
AcDbEntity
  8
06_ТАБЛИЦА
420
1858698
100
AcDbText
 10
154.28322008615402
 20
89.952576
 30
0.0
 40
1.6256
  1
8213
  7
ГОСТ
 72
1
 11
154.28322008615402
 21
89.952576
 31
0.0
100
AcDbText
 73
2
  0
HATCH
  5
2D0
330
17
100
AcDbEntity
  8
06_ТАБЛИЦА
 62
7
420
14937847
100
AcDbHatch
 10
0.0
 20
0.0
 30
0.0
210
0.0
220
0.0
230
1.0
  2
SOLID
 70
1
 71
0
 91
1
 92
3
 72
0
 73
1
 93
4
 10
163.62729393230785
 20
87.53957599999998
 10
182.31544162461552
 20
87.53957599999998
 10
182.31544162461552
 20
92.36557599999998
 10
163.62729393230785
 20
92.36557599999998
 97
0
 75
0
 76
1
 98
0
  0
LWPOLYLINE
  5
2D1
330
17
100
AcDbEntity
  8
06_ТАБЛИЦА
370
18
420
13160409
100
AcDbPolyline
 90
4
 70
1
 10
163.62729393230785
 20
87.53957599999998
 10
182.31544162461552
 20
87.53957599999998
 10
182.31544162461552
 20
92.36557599999998
 10
163.62729393230785
 20
92.36557599999998
  0
TEXT
  5
2D2
330
17
100
AcDbEntity
  8
06_ТАБЛИЦА
420
1858698
100
AcDbText
 10
172.9713677784617
 20
89.952576
 30
0.0
 40
1.6256
  1
8213
  7
ГОСТ
 72
1
 11
172.9713677784617
 21
89.952576
 31
0.0
100
AcDbText
 73
2
  0
HATCH
  5
2D3
330
17
100
AcDbEntity
  8
06_ТАБЛИЦА
 62
7
420
14937847
100
AcDbHatch
 10
0.0
 20
0.0
 30
0.0
210
0.0
220
0.0
230
1.0
  2
SOLID
 70
1
 71
0
 91
1
 92
3
 72
0
 73
1
 93
4
 10
182.31544162461557
 20
87.53957599999998
 10
201.00358931692324
 20
87.53957599999998
 10
201.00358931692324
 20
92.36557599999998
 10
182.31544162461557
 20
92.36557599999998
 97
0
 75
0
 76
1
 98
0
  0
LWPOLYLINE
  5
2D4
330
17
100
AcDbEntity
  8
06_ТАБЛИЦА
370
18
420
13160409
100
AcDbPolyline
 90
4
 70
1
 10
182.31544162461557
 20
87.53957599999998
 10
201.00358931692324
 20
87.53957599999998
 10
201.00358931692324
 20
92.36557599999998
 10
182.31544162461557
 20
92.36557599999998
  0
TEXT
  5
2D5
330
17
100
AcDbEntity
  8
06_ТАБЛИЦА
420
1858698
100
AcDbText
 10
191.6595154707694
 20
89.952576
 30
0.0
 40
1.6256
  1
8213
  7
ГОСТ
 72
1
 11
191.6595154707694
 21
89.952576
 31
0.0
100
AcDbText
 73
2
  0
HATCH
  5
2D6
330
17
100
AcDbEntity
  8
06_ТАБЛИЦА
 62
7
420
14937847
100
AcDbHatch
 10
0.0
 20
0.0
 30
0.0
210
0.0
220
0.0
230
1.0
  2
SOLID
 70
1
 71
0
 91
1
 92
3
 72
0
 73
1
 93
4
 10
201.00358931692324
 20
87.53957599999998
 10
219.69173700923093
 20
87.53957599999998
 10
219.69173700923093
 20
92.36557599999998
 10
201.00358931692324
 20
92.36557599999998
 97
0
 75
0
 76
1
 98
0
  0
LWPOLYLINE
  5
2D7
330
17
100
AcDbEntity
  8
06_ТАБЛИЦА
370
18
420
13160409
100
AcDbPolyline
 90
4
 70
1
 10
201.00358931692324
 20
87.53957599999998
 10
219.69173700923093
 20
87.53957599999998
 10
219.69173700923093
 20
92.36557599999998
 10
201.00358931692324
 20
92.36557599999998
  0
TEXT
  5
2D8
330
17
100
AcDbEntity
  8
06_ТАБЛИЦА
420
1858698
100
AcDbText
 10
210.3476631630771
 20
89.952576
 30
0.0
 40
1.6256
  1
8213
  7
ГОСТ
 72
1
 11
210.3476631630771
 21
89.952576
 31
0.0
100
AcDbText
 73
2
  0
HATCH
  5
2D9
330
17
100
AcDbEntity
  8
06_ТАБЛИЦА
 62
7
420
14937847
100
AcDbHatch
 10
0.0
 20
0.0
 30
0.0
210
0.0
220
0.0
230
1.0
  2
SOLID
 70
1
 71
0
 91
1
 92
3
 72
0
 73
1
 93
4
 10
219.69173700923093
 20
87.53957599999998
 10
238.37988470153857
 20
87.53957599999998
 10
238.37988470153857
 20
92.36557599999998
 10
219.69173700923093
 20
92.36557599999998
 97
0
 75
0
 76
1
 98
0
  0
LWPOLYLINE
  5
2DA
330
17
100
AcDbEntity
  8
06_ТАБЛИЦА
370
18
420
13160409
100
AcDbPolyline
 90
4
 70
1
 10
219.69173700923093
 20
87.53957599999998
 10
238.37988470153857
 20
87.53957599999998
 10
238.37988470153857
 20
92.36557599999998
 10
219.69173700923093
 20
92.36557599999998
  0
TEXT
  5
2DB
330
17
100
AcDbEntity
  8
06_ТАБЛИЦА
420
1858698
100
AcDbText
 10
229.03581085538474
 20
89.952576
 30
0.0
 40
1.6256
  1
8213
  7
ГОСТ
 72
1
 11
229.03581085538474
 21
89.952576
 31
0.0
100
AcDbText
 73
2
  0
HATCH
  5
2DC
330
17
100
AcDbEntity
  8
06_ТАБЛИЦА
 62
7
420
14937847
100
AcDbHatch
 10
0.0
 20
0.0
 30
0.0
210
0.0
220
0.0
230
1.0
  2
SOLID
 70
1
 71
0
 91
1
 92
3
 72
0
 73
1
 93
4
 10
238.37988470153857
 20
87.53957599999998
 10
257.0680323938463
 20
87.53957599999998
 10
257.0680323938463
 20
92.36557599999998
 10
238.37988470153857
 20
92.36557599999998
 97
0
 75
0
 76
1
 98
0
  0
LWPOLYLINE
  5
2DD
330
17
100
AcDbEntity
  8
06_ТАБЛИЦА
370
18
420
13160409
100
AcDbPolyline
 90
4
 70
1
 10
238.37988470153857
 20
87.53957599999998
 10
257.0680323938463
 20
87.53957599999998
 10
257.0680323938463
 20
92.36557599999998
 10
238.37988470153857
 20
92.36557599999998
  0
TEXT
  5
2DE
330
17
100
AcDbEntity
  8
06_ТАБЛИЦА
420
1858698
100
AcDbText
 10
247.72395854769243
 20
89.952576
 30
0.0
 40
1.6256
  1
4800
  7
ГОСТ
 72
1
 11
247.72395854769243
 21
89.952576
 31
0.0
100
AcDbText
 73
2
  0
HATCH
  5
2DF
330
17
100
AcDbEntity
  8
06_ТАБЛИЦА
 62
7
420
14937847
100
AcDbHatch
 10
0.0
 20
0.0
 30
0.0
210
0.0
220
0.0
230
1.0
  2
SOLID
 70
1
 71
0
 91
1
 92
3
 72
0
 73
1
 93
4
 10
257.0680323938463
 20
87.53957599999998
 10
275.75618008615396
 20
87.53957599999998
 10
275.75618008615396
 20
92.36557599999998
 10
257.0680323938463
 20
92.36557599999998
 97
0
 75
0
 76
1
 98
0
  0
LWPOLYLINE
  5
2E0
330
17
100
AcDbEntity
  8
06_ТАБЛИЦА
370
18
420
13160409
100
AcDbPolyline
 90
4
 70
1
 10
257.0680323938463
 20
87.53957599999998
 10
275.75618008615396
 20
87.53957599999998
 10
275.75618008615396
 20
92.36557599999998
 10
257.0680323938463
 20
92.36557599999998
  0
TEXT
  5
2E1
330
17
100
AcDbEntity
  8
06_ТАБЛИЦА
420
1858698
100
AcDbText
 10
266.41210624000007
 20
89.952576
 30
0.0
 40
1.6256
  1
5013
  7
ГОСТ
 72
1
 11
266.41210624000007
 21
89.952576
 31
0.0
100
AcDbText
 73
2
  0
HATCH
  5
2E2
330
17
100
AcDbEntity
  8
06_ТАБЛИЦА
 62
7
420
14937847
100
AcDbHatch
 10
0.0
 20
0.0
 30
0.0
210
0.0
220
0.0
230
1.0
  2
SOLID
 70
1
 71
0
 91
1
 92
3
 72
0
 73
1
 93
4
 10
275.75618008615396
 20
87.53957599999998
 10
294.4443277784616
 20
87.53957599999998
 10
294.4443277784616
 20
92.36557599999998
 10
275.75618008615396
 20
92.36557599999998
 97
0
 75
0
 76
1
 98
0
  0
LWPOLYLINE
  5
2E3
330
17
100
AcDbEntity
  8
06_ТАБЛИЦА
370
18
420
13160409
100
AcDbPolyline
 90
4
 70
1
 10
275.75618008615396
 20
87.53957599999998
 10
294.4443277784616
 20
87.53957599999998
 10
294.4443277784616
 20
92.36557599999998
 10
275.75618008615396
 20
92.36557599999998
  0
TEXT
  5
2E4
330
17
100
AcDbEntity
  8
06_ТАБЛИЦА
420
1858698
100
AcDbText
 10
285.10025393230785
 20
89.952576
 30
0.0
 40
1.6256
  1
8213
  7
ГОСТ
 72
1
 11
285.10025393230785
 21
89.952576
 31
0.0
100
AcDbText
 73
2
  0
HATCH
  5
2E5
330
17
100
AcDbEntity
  8
06_ТАБЛИЦА
 62
7
420
14937847
100
AcDbHatch
 10
0.0
 20
0.0
 30
0.0
210
0.0
220
0.0
230
1.0
  2
SOLID
 70
1
 71
0
 91
1
 92
3
 72
0
 73
1
 93
4
 10
294.4443277784616
 20
87.53957599999998
 10
313.1324754707693
 20
87.53957599999998
 10
313.1324754707693
 20
92.36557599999998
 10
294.4443277784616
 20
92.36557599999998
 97
0
 75
0
 76
1
 98
0
  0
LWPOLYLINE
  5
2E6
330
17
100
AcDbEntity
  8
06_ТАБЛИЦА
370
18
420
13160409
100
AcDbPolyline
 90
4
 70
1
 10
294.4443277784616
 20
87.53957599999998
 10
313.1324754707693
 20
87.53957599999998
 10
313.1324754707693
 20
92.36557599999998
 10
294.4443277784616
 20
92.36557599999998
  0
TEXT
  5
2E7
330
17
100
AcDbEntity
  8
06_ТАБЛИЦА
420
1858698
100
AcDbText
 10
303.78840162461546
 20
89.952576
 30
0.0
 40
1.6256
  1
8213
  7
ГОСТ
 72
1
 11
303.78840162461546
 21
89.952576
 31
0.0
100
AcDbText
 73
2
  0
HATCH
  5
2E8
330
17
100
AcDbEntity
  8
06_ТАБЛИЦА
 62
7
420
14937847
100
AcDbHatch
 10
0.0
 20
0.0
 30
0.0
210
0.0
220
0.0
230
1.0
  2
SOLID
 70
1
 71
0
 91
1
 92
3
 72
0
 73
1
 93
4
 10
313.1324754707693
 20
87.53957599999998
 10
331.82062316307696
 20
87.53957599999998
 10
331.82062316307696
 20
92.36557599999998
 10
313.1324754707693
 20
92.36557599999998
 97
0
 75
0
 76
1
 98
0
  0
LWPOLYLINE
  5
2E9
330
17
100
AcDbEntity
  8
06_ТАБЛИЦА
370
18
420
13160409
100
AcDbPolyline
 90
4
 70
1
 10
313.1324754707693
 20
87.53957599999998
 10
331.82062316307696
 20
87.53957599999998
 10
331.82062316307696
 20
92.36557599999998
 10
313.1324754707693
 20
92.36557599999998
  0
TEXT
  5
2EA
330
17
100
AcDbEntity
  8
06_ТАБЛИЦА
420
1858698
100
AcDbText
 10
322.4765493169232
 20
89.952576
 30
0.0
 40
1.6256
  1
8213
  7
ГОСТ
 72
1
 11
322.4765493169232
 21
89.952576
 31
0.0
100
AcDbText
 73
2
  0
HATCH
  5
2EB
330
17
100
AcDbEntity
  8
06_ТАБЛИЦА
 62
7
420
14937847
100
AcDbHatch
 10
0.0
 20
0.0
 30
0.0
210
0.0
220
0.0
230
1.0
  2
SOLID
 70
1
 71
0
 91
1
 92
3
 72
0
 73
1
 93
4
 10
331.82062316307696
 20
87.53957599999998
 10
350.5087708553847
 20
87.53957599999998
 10
350.5087708553847
 20
92.36557599999998
 10
331.82062316307696
 20
92.36557599999998
 97
0
 75
0
 76
1
 98
0
  0
LWPOLYLINE
  5
2EC
330
17
100
AcDbEntity
  8
06_ТАБЛИЦА
370
18
420
13160409
100
AcDbPolyline
 90
4
 70
1
 10
331.82062316307696
 20
87.53957599999998
 10
350.5087708553847
 20
87.53957599999998
 10
350.5087708553847
 20
92.36557599999998
 10
331.82062316307696
 20
92.36557599999998
  0
TEXT
  5
2ED
330
17
100
AcDbEntity
  8
06_ТАБЛИЦА
420
1858698
100
AcDbText
 10
341.1646970092308
 20
89.952576
 30
0.0
 40
1.6256
  1
8213
  7
ГОСТ
 72
1
 11
341.1646970092308
 21
89.952576
 31
0.0
100
AcDbText
 73
2
  0
HATCH
  5
2EE
330
17
100
AcDbEntity
  8
06_ТАБЛИЦА
 62
7
420
14937847
100
AcDbHatch
 10
0.0
 20
0.0
 30
0.0
210
0.0
220
0.0
230
1.0
  2
SOLID
 70
1
 71
0
 91
1
 92
3
 72
0
 73
1
 93
4
 10
350.5087708553847
 20
87.53957599999998
 10
369.19691854769235
 20
87.53957599999998
 10
369.19691854769235
 20
92.36557599999998
 10
350.5087708553847
 20
92.36557599999998
 97
0
 75
0
 76
1
 98
0
  0
LWPOLYLINE
  5
2EF
330
17
100
AcDbEntity
  8
06_ТАБЛИЦА
370
18
420
13160409
100
AcDbPolyline
 90
4
 70
1
 10
350.5087708553847
 20
87.53957599999998
 10
369.19691854769235
 20
87.53957599999998
 10
369.19691854769235
 20
92.36557599999998
 10
350.5087708553847
 20
92.36557599999998
  0
TEXT
  5
2F0
330
17
100
AcDbEntity
  8
06_ТАБЛИЦА
420
1858698
100
AcDbText
 10
359.8528447015386
 20
89.952576
 30
0.0
 40
1.6256
  1
8213
  7
ГОСТ
 72
1
 11
359.8528447015386
 21
89.952576
 31
0.0
100
AcDbText
 73
2
  0
HATCH
  5
2F1
330
17
100
AcDbEntity
  8
06_ТАБЛИЦА
 62
7
420
14937847
100
AcDbHatch
 10
0.0
 20
0.0
 30
0.0
210
0.0
220
0.0
230
1.0
  2
SOLID
 70
1
 71
0
 91
1
 92
3
 72
0
 73
1
 93
4
 10
369.19691854769235
 20
87.53957599999998
 10
387.88506624
 20
87.53957599999998
 10
387.88506624
 20
92.36557599999998
 10
369.19691854769235
 20
92.36557599999998
 97
0
 75
0
 76
1
 98
0
  0
LWPOLYLINE
  5
2F2
330
17
100
AcDbEntity
  8
06_ТАБЛИЦА
370
18
420
13160409
100
AcDbPolyline
 90
4
 70
1
 10
369.19691854769235
 20
87.53957599999998
 10
387.88506624
 20
87.53957599999998
 10
387.88506624
 20
92.36557599999998
 10
369.19691854769235
 20
92.36557599999998
  0
TEXT
  5
2F3
330
17
100
AcDbEntity
  8
06_ТАБЛИЦА
420
1858698
100
AcDbText
 10
378.5409923938461
 20
89.952576
 30
0.0
 40
1.6256
  1
8213
  7
ГОСТ
 72
1
 11
378.5409923938461
 21
89.952576
 31
0.0
100
AcDbText
 73
2
  0
HATCH
  5
2F4
330
17
100
AcDbEntity
  8
06_ТАБЛИЦА
 62
7
420
14937847
100
AcDbHatch
 10
0.0
 20
0.0
 30
0.0
210
0.0
220
0.0
230
1.0
  2
SOLID
 70
1
 71
0
 91
1
 92
3
 72
0
 73
1
 93
4
 10
387.88506624
 20
87.53957599999998
 10
406.57321393230774
 20
87.53957599999998
 10
406.57321393230774
 20
92.36557599999998
 10
387.88506624
 20
92.36557599999998
 97
0
 75
0
 76
1
 98
0
  0
LWPOLYLINE
  5
2F5
330
17
100
AcDbEntity
  8
06_ТАБЛИЦА
370
18
420
13160409
100
AcDbPolyline
 90
4
 70
1
 10
387.88506624
 20
87.53957599999998
 10
406.57321393230774
 20
87.53957599999998
 10
406.57321393230774
 20
92.36557599999998
 10
387.88506624
 20
92.36557599999998
  0
TEXT
  5
2F6
330
17
100
AcDbEntity
  8
06_ТАБЛИЦА
420
1858698
100
AcDbText
 10
397.2291400861539
 20
89.952576
 30
0.0
 40
1.6256
  1
8213
  7
ГОСТ
 72
1
 11
397.2291400861539
 21
89.952576
 31
0.0
100
AcDbText
 73
2
  0
HATCH
  5
2F7
330
17
100
AcDbEntity
  8
06_ТАБЛИЦА
 62
7
420
14937847
100
AcDbHatch
 10
0.0
 20
0.0
 30
0.0
210
0.0
220
0.0
230
1.0
  2
SOLID
 70
1
 71
0
 91
1
 92
3
 72
0
 73
1
 93
4
 10
406.57321393230774
 20
87.53957599999998
 10
425.26136162461535
 20
87.53957599999998
 10
425.26136162461535
 20
92.36557599999998
 10
406.57321393230774
 20
92.36557599999998
 97
0
 75
0
 76
1
 98
0
  0
LWPOLYLINE
  5
2F8
330
17
100
AcDbEntity
  8
06_ТАБЛИЦА
370
18
420
13160409
100
AcDbPolyline
 90
4
 70
1
 10
406.57321393230774
 20
87.53957599999998
 10
425.26136162461535
 20
87.53957599999998
 10
425.26136162461535
 20
92.36557599999998
 10
406.57321393230774
 20
92.36557599999998
  0
TEXT
  5
2F9
330
17
100
AcDbEntity
  8
06_ТАБЛИЦА
420
1858698
100
AcDbText
 10
415.9172877784615
 20
89.952576
 30
0.0
 40
1.6256
  1
6578
  7
ГОСТ
 72
1
 11
415.9172877784615
 21
89.952576
 31
0.0
100
AcDbText
 73
2
  0
HATCH
  5
2FA
330
17
100
AcDbEntity
  8
06_ТАБЛИЦА
 62
7
420
14937847
100
AcDbHatch
 10
0.0
 20
0.0
 30
0.0
210
0.0
220
0.0
230
1.0
  2
SOLID
 70
1
 71
0
 91
1
 92
3
 72
0
 73
1
 93
4
 10
425.26136162461535
 20
87.53957599999998
 10
443.949509316923
 20
87.53957599999998
 10
443.949509316923
 20
92.36557599999998
 10
425.26136162461535
 20
92.36557599999998
 97
0
 75
0
 76
1
 98
0
  0
LWPOLYLINE
  5
2FB
330
17
100
AcDbEntity
  8
06_ТАБЛИЦА
370
18
420
13160409
100
AcDbPolyline
 90
4
 70
1
 10
425.26136162461535
 20
87.53957599999998
 10
443.949509316923
 20
87.53957599999998
 10
443.949509316923
 20
92.36557599999998
 10
425.26136162461535
 20
92.36557599999998
  0
TEXT
  5
2FC
330
17
100
AcDbEntity
  8
06_ТАБЛИЦА
420
1858698
100
AcDbText
 10
434.60543547076924
 20
89.952576
 30
0.0
 40
1.6256
  1
5178
  7
ГОСТ
 72
1
 11
434.60543547076924
 21
89.952576
 31
0.0
100
AcDbText
 73
2
  0
HATCH
  5
2FD
330
17
100
AcDbEntity
  8
06_ТАБЛИЦА
 62
7
420
14937847
100
AcDbHatch
 10
0.0
 20
0.0
 30
0.0
210
0.0
220
0.0
230
1.0
  2
SOLID
 70
1
 71
0
 91
1
 92
3
 72
0
 73
1
 93
4
 10
443.9495093169231
 20
87.53957599999998
 10
462.6376570092308
 20
87.53957599999998
 10
462.6376570092308
 20
92.36557599999998
 10
443.9495093169231
 20
92.36557599999998
 97
0
 75
0
 76
1
 98
0
  0
LWPOLYLINE
  5
2FE
330
17
100
AcDbEntity
  8
06_ТАБЛИЦА
370
18
420
13160409
100
AcDbPolyline
 90
4
 70
1
 10
443.9495093169231
 20
87.53957599999998
 10
462.6376570092308
 20
87.53957599999998
 10
462.6376570092308
 20
92.36557599999998
 10
443.9495093169231
 20
92.36557599999998
  0
TEXT
  5
2FF
330
17
100
AcDbEntity
  8
06_ТАБЛИЦА
420
1858698
100
AcDbText
 10
453.293583163077
 20
89.952576
 30
0.0
 40
1.6256
  1
3579
  7
ГОСТ
 72
1
 11
453.293583163077
 21
89.952576
 31
0.0
100
AcDbText
 73
2
  0
HATCH
  5
300
330
17
100
AcDbEntity
  8
06_ТАБЛИЦА
 62
7
420
14937847
100
AcDbHatch
 10
0.0
 20
0.0
 30
0.0
210
0.0
220
0.0
230
1.0
  2
SOLID
 70
1
 71
0
 91
1
 92
3
 72
0
 73
1
 93
4
 10
462.6376570092308
 20
87.53957599999998
 10
481.3258047015385
 20
87.53957599999998
 10
481.3258047015385
 20
92.36557599999998
 10
462.6376570092308
 20
92.36557599999998
 97
0
 75
0
 76
1
 98
0
  0
LWPOLYLINE
  5
301
330
17
100
AcDbEntity
  8
06_ТАБЛИЦА
370
18
420
13160409
100
AcDbPolyline
 90
4
 70
1
 10
462.6376570092308
 20
87.53957599999998
 10
481.3258047015385
 20
87.53957599999998
 10
481.3258047015385
 20
92.36557599999998
 10
462.6376570092308
 20
92.36557599999998
  0
TEXT
  5
302
330
17
100
AcDbEntity
  8
06_ТАБЛИЦА
420
1858698
100
AcDbText
 10
471.9817308553846
 20
89.952576
 30
0.0
 40
1.6256
  1
—
  7
ГОСТ
 72
1
 11
471.9817308553846
 21
89.952576
 31
0.0
100
AcDbText
 73
2
  0
HATCH
  5
303
330
17
100
AcDbEntity
  8
06_ТАБЛИЦА
 62
7
420
14937847
100
AcDbHatch
 10
0.0
 20
0.0
 30
0.0
210
0.0
220
0.0
230
1.0
  2
SOLID
 70
1
 71
0
 91
1
 92
3
 72
0
 73
1
 93
4
 10
481.3258047015385
 20
87.53957599999998
 10
500.0139523938462
 20
87.53957599999998
 10
500.0139523938462
 20
92.36557599999998
 10
481.3258047015385
 20
92.36557599999998
 97
0
 75
0
 76
1
 98
0
  0
LWPOLYLINE
  5
304
330
17
100
AcDbEntity
  8
06_ТАБЛИЦА
370
18
420
13160409
100
AcDbPolyline
 90
4
 70
1
 10
481.3258047015385
 20
87.53957599999998
 10
500.0139523938462
 20
87.53957599999998
 10
500.0139523938462
 20
92.36557599999998
 10
481.3258047015385
 20
92.36557599999998
  0
TEXT
  5
305
330
17
100
AcDbEntity
  8
06_ТАБЛИЦА
420
1858698
100
AcDbText
 10
490.6698785476923
 20
89.952576
 30
0.0
 40
1.6256
  1
—
  7
ГОСТ
 72
1
 11
490.6698785476923
 21
89.952576
 31
0.0
100
AcDbText
 73
2
  0
HATCH
  5
306
330
17
100
AcDbEntity
  8
06_ТАБЛИЦА
 62
7
420
13623535
100
AcDbHatch
 10
0.0
 20
0.0
 30
0.0
210
0.0
220
0.0
230
1.0
  2
SOLID
 70
1
 71
0
 91
1
 92
3
 72
0
 73
1
 93
4
 10
-2.173952393845988
 20
82.71357599999999
 10
32.81026008615401
 20
82.71357599999999
 10
32.81026008615401
 20
87.53957599999998
 10
-2.173952393845988
 20
87.53957599999998
 97
0
 75
0
 76
1
 98
0
  0
LWPOLYLINE
  5
307
330
17
100
AcDbEntity
  8
06_ТАБЛИЦА
370
18
420
13160409
100
AcDbPolyline
 90
4
 70
1
 10
-2.173952393845988
 20
82.71357599999999
 10
32.81026008615401
 20
82.71357599999999
 10
32.81026008615401
 20
87.53957599999998
 10
-2.173952393845988
 20
87.53957599999998
  0
TEXT
  5
308
330
17
100
AcDbEntity
  8
06_ТАБЛИЦА
420
1858698
100
AcDbText
 10
15.318153846154015
 20
85.12657599999997
 30
0.0
 40
1.5748
  1
1.30 расч.
  7
ГОСТ
 72
1
 11
15.318153846154015
 21
85.12657599999997
 31
0.0
100
AcDbText
 73
2
  0
HATCH
  5
309
330
17
100
AcDbEntity
  8
06_ТАБЛИЦА
 62
7
420
14937847
100
AcDbHatch
 10
0.0
 20
0.0
 30
0.0
210
0.0
220
0.0
230
1.0
  2
SOLID
 70
1
 71
0
 91
1
 92
3
 72
0
 73
1
 93
4
 10
32.81026008615401
 20
82.71357599999999
 10
51.49840777846172
 20
82.71357599999999
 10
51.49840777846172
 20
87.53957599999998
 10
32.81026008615401
 20
87.53957599999998
 97
0
 75
0
 76
1
 98
0
  0
LWPOLYLINE
  5
30A
330
17
100
AcDbEntity
  8
06_ТАБЛИЦА
370
18
420
13160409
100
AcDbPolyline
 90
4
 70
1
 10
32.81026008615401
 20
82.71357599999999
 10
51.49840777846172
 20
82.71357599999999
 10
51.49840777846172
 20
87.53957599999998
 10
32.81026008615401
 20
87.53957599999998
  0
TEXT
  5
30B
330
17
100
AcDbEntity
  8
06_ТАБЛИЦА
420
1858698
100
AcDbText
 10
42.15433393230786
 20
85.12657599999997
 30
0.0
 40
1.6256
  1
4730
  7
ГОСТ
 72
1
 11
42.15433393230786
 21
85.12657599999997
 31
0.0
100
AcDbText
 73
2
  0
HATCH
  5
30C
330
17
100
AcDbEntity
  8
06_ТАБЛИЦА
 62
7
420
14937847
100
AcDbHatch
 10
0.0
 20
0.0
 30
0.0
210
0.0
220
0.0
230
1.0
  2
SOLID
 70
1
 71
0
 91
1
 92
3
 72
0
 73
1
 93
4
 10
51.49840777846172
 20
82.71357599999999
 10
70.1865554707694
 20
82.71357599999999
 10
70.1865554707694
 20
87.53957599999998
 10
51.49840777846172
 20
87.53957599999998
 97
0
 75
0
 76
1
 98
0
  0
LWPOLYLINE
  5
30D
330
17
100
AcDbEntity
  8
06_ТАБЛИЦА
370
18
420
13160409
100
AcDbPolyline
 90
4
 70
1
 10
51.49840777846172
 20
82.71357599999999
 10
70.1865554707694
 20
82.71357599999999
 10
70.1865554707694
 20
87.53957599999998
 10
51.49840777846172
 20
87.53957599999998
  0
TEXT
  5
30E
330
17
100
AcDbEntity
  8
06_ТАБЛИЦА
420
1858698
100
AcDbText
 10
60.84248162461555
 20
85.12657599999997
 30
0.0
 40
1.6256
  1
6321
  7
ГОСТ
 72
1
 11
60.84248162461555
 21
85.12657599999997
 31
0.0
100
AcDbText
 73
2
  0
HATCH
  5
30F
330
17
100
AcDbEntity
  8
06_ТАБЛИЦА
 62
7
420
14937847
100
AcDbHatch
 10
0.0
 20
0.0
 30
0.0
210
0.0
220
0.0
230
1.0
  2
SOLID
 70
1
 71
0
 91
1
 92
3
 72
0
 73
1
 93
4
 10
70.1865554707694
 20
82.71357599999999
 10
88.8747031630771
 20
82.71357599999999
 10
88.8747031630771
 20
87.53957599999998
 10
70.1865554707694
 20
87.53957599999998
 97
0
 75
0
 76
1
 98
0
  0
LWPOLYLINE
  5
310
330
17
100
AcDbEntity
  8
06_ТАБЛИЦА
370
18
420
13160409
100
AcDbPolyline
 90
4
 70
1
 10
70.1865554707694
 20
82.71357599999999
 10
88.8747031630771
 20
82.71357599999999
 10
88.8747031630771
 20
87.53957599999998
 10
70.1865554707694
 20
87.53957599999998
  0
TEXT
  5
311
330
17
100
AcDbEntity
  8
06_ТАБЛИЦА
420
1858698
100
AcDbText
 10
79.53062931692324
 20
85.12657599999997
 30
0.0
 40
1.6256
  1
7124
  7
ГОСТ
 72
1
 11
79.53062931692324
 21
85.12657599999997
 31
0.0
100
AcDbText
 73
2
  0
HATCH
  5
312
330
17
100
AcDbEntity
  8
06_ТАБЛИЦА
 62
7
420
14937847
100
AcDbHatch
 10
0.0
 20
0.0
 30
0.0
210
0.0
220
0.0
230
1.0
  2
SOLID
 70
1
 71
0
 91
1
 92
3
 72
0
 73
1
 93
4
 10
88.8747031630771
 20
82.71357599999999
 10
107.5628508553848
 20
82.71357599999999
 10
107.5628508553848
 20
87.53957599999998
 10
88.8747031630771
 20
87.53957599999998
 97
0
 75
0
 76
1
 98
0
  0
LWPOLYLINE
  5
313
330
17
100
AcDbEntity
  8
06_ТАБЛИЦА
370
18
420
13160409
100
AcDbPolyline
 90
4
 70
1
 10
88.8747031630771
 20
82.71357599999999
 10
107.5628508553848
 20
82.71357599999999
 10
107.5628508553848
 20
87.53957599999998
 10
88.8747031630771
 20
87.53957599999998
  0
TEXT
  5
314
330
17
100
AcDbEntity
  8
06_ТАБЛИЦА
420
1858698
100
AcDbText
 10
98.21877700923095
 20
85.12657599999997
 30
0.0
 40
1.6256
  1
7703
  7
ГОСТ
 72
1
 11
98.21877700923095
 21
85.12657599999997
 31
0.0
100
AcDbText
 73
2
  0
HATCH
  5
315
330
17
100
AcDbEntity
  8
06_ТАБЛИЦА
 62
7
420
14937847
100
AcDbHatch
 10
0.0
 20
0.0
 30
0.0
210
0.0
220
0.0
230
1.0
  2
SOLID
 70
1
 71
0
 91
1
 92
3
 72
0
 73
1
 93
4
 10
107.5628508553848
 20
82.71357599999999
 10
126.25099854769248
 20
82.71357599999999
 10
126.25099854769248
 20
87.53957599999998
 10
107.5628508553848
 20
87.53957599999998
 97
0
 75
0
 76
1
 98
0
  0
LWPOLYLINE
  5
316
330
17
100
AcDbEntity
  8
06_ТАБЛИЦА
370
18
420
13160409
100
AcDbPolyline
 90
4
 70
1
 10
107.5628508553848
 20
82.71357599999999
 10
126.25099854769248
 20
82.71357599999999
 10
126.25099854769248
 20
87.53957599999998
 10
107.5628508553848
 20
87.53957599999998
  0
TEXT
  5
317
330
17
100
AcDbEntity
  8
06_ТАБЛИЦА
420
1858698
100
AcDbText
 10
116.90692470153863
 20
85.12657599999997
 30
0.0
 40
1.6256
  1
8069
  7
ГОСТ
 72
1
 11
116.90692470153863
 21
85.12657599999997
 31
0.0
100
AcDbText
 73
2
  0
HATCH
  5
318
330
17
100
AcDbEntity
  8
06_ТАБЛИЦА
 62
7
420
14937847
100
AcDbHatch
 10
0.0
 20
0.0
 30
0.0
210
0.0
220
0.0
230
1.0
  2
SOLID
 70
1
 71
0
 91
1
 92
3
 72
0
 73
1
 93
4
 10
126.2509985476925
 20
82.71357599999999
 10
144.93914624000018
 20
82.71357599999999
 10
144.93914624000018
 20
87.53957599999998
 10
126.2509985476925
 20
87.53957599999998
 97
0
 75
0
 76
1
 98
0
  0
LWPOLYLINE
  5
319
330
17
100
AcDbEntity
  8
06_ТАБЛИЦА
370
18
420
13160409
100
AcDbPolyline
 90
4
 70
1
 10
126.2509985476925
 20
82.71357599999999
 10
144.93914624000018
 20
82.71357599999999
 10
144.93914624000018
 20
87.53957599999998
 10
126.2509985476925
 20
87.53957599999998
  0
TEXT
  5
31A
330
17
100
AcDbEntity
  8
06_ТАБЛИЦА
420
1858698
100
AcDbText
 10
135.59507239384635
 20
85.12657599999997
 30
0.0
 40
1.6256
  1
8214
  7
ГОСТ
 72
1
 11
135.59507239384635
 21
85.12657599999997
 31
0.0
100
AcDbText
 73
2
  0
HATCH
  5
31B
330
17
100
AcDbEntity
  8
06_ТАБЛИЦА
 62
7
420
14937847
100
AcDbHatch
 10
0.0
 20
0.0
 30
0.0
210
0.0
220
0.0
230
1.0
  2
SOLID
 70
1
 71
0
 91
1
 92
3
 72
0
 73
1
 93
4
 10
144.93914624000018
 20
82.71357599999999
 10
163.62729393230785
 20
82.71357599999999
 10
163.62729393230785
 20
87.53957599999998
 10
144.93914624000018
 20
87.53957599999998
 97
0
 75
0
 76
1
 98
0
  0
LWPOLYLINE
  5
31C
330
17
100
AcDbEntity
  8
06_ТАБЛИЦА
370
18
420
13160409
100
AcDbPolyline
 90
4
 70
1
 10
144.93914624000018
 20
82.71357599999999
 10
163.62729393230785
 20
82.71357599999999
 10
163.62729393230785
 20
87.53957599999998
 10
144.93914624000018
 20
87.53957599999998
  0
TEXT
  5
31D
330
17
100
AcDbEntity
  8
06_ТАБЛИЦА
420
1858698
100
AcDbText
 10
154.28322008615402
 20
85.12657599999997
 30
0.0
 40
1.6256
  1
8214
  7
ГОСТ
 72
1
 11
154.28322008615402
 21
85.12657599999997
 31
0.0
100
AcDbText
 73
2
  0
HATCH
  5
31E
330
17
100
AcDbEntity
  8
06_ТАБЛИЦА
 62
7
420
14937847
100
AcDbHatch
 10
0.0
 20
0.0
 30
0.0
210
0.0
220
0.0
230
1.0
  2
SOLID
 70
1
 71
0
 91
1
 92
3
 72
0
 73
1
 93
4
 10
163.62729393230785
 20
82.71357599999999
 10
182.31544162461552
 20
82.71357599999999
 10
182.31544162461552
 20
87.53957599999998
 10
163.62729393230785
 20
87.53957599999998
 97
0
 75
0
 76
1
 98
0
  0
LWPOLYLINE
  5
31F
330
17
100
AcDbEntity
  8
06_ТАБЛИЦА
370
18
420
13160409
100
AcDbPolyline
 90
4
 70
1
 10
163.62729393230785
 20
82.71357599999999
 10
182.31544162461552
 20
82.71357599999999
 10
182.31544162461552
 20
87.53957599999998
 10
163.62729393230785
 20
87.53957599999998
  0
TEXT
  5
320
330
17
100
AcDbEntity
  8
06_ТАБЛИЦА
420
1858698
100
AcDbText
 10
172.9713677784617
 20
85.12657599999997
 30
0.0
 40
1.6256
  1
8214
  7
ГОСТ
 72
1
 11
172.9713677784617
 21
85.12657599999997
 31
0.0
100
AcDbText
 73
2
  0
HATCH
  5
321
330
17
100
AcDbEntity
  8
06_ТАБЛИЦА
 62
7
420
14937847
100
AcDbHatch
 10
0.0
 20
0.0
 30
0.0
210
0.0
220
0.0
230
1.0
  2
SOLID
 70
1
 71
0
 91
1
 92
3
 72
0
 73
1
 93
4
 10
182.31544162461557
 20
82.71357599999999
 10
201.00358931692324
 20
82.71357599999999
 10
201.00358931692324
 20
87.53957599999998
 10
182.31544162461557
 20
87.53957599999998
 97
0
 75
0
 76
1
 98
0
  0
LWPOLYLINE
  5
322
330
17
100
AcDbEntity
  8
06_ТАБЛИЦА
370
18
420
13160409
100
AcDbPolyline
 90
4
 70
1
 10
182.31544162461557
 20
82.71357599999999
 10
201.00358931692324
 20
82.71357599999999
 10
201.00358931692324
 20
87.53957599999998
 10
182.31544162461557
 20
87.53957599999998
  0
TEXT
  5
323
330
17
100
AcDbEntity
  8
06_ТАБЛИЦА
420
1858698
100
AcDbText
 10
191.6595154707694
 20
85.12657599999997
 30
0.0
 40
1.6256
  1
8214
  7
ГОСТ
 72
1
 11
191.6595154707694
 21
85.12657599999997
 31
0.0
100
AcDbText
 73
2
  0
HATCH
  5
324
330
17
100
AcDbEntity
  8
06_ТАБЛИЦА
 62
7
420
14937847
100
AcDbHatch
 10
0.0
 20
0.0
 30
0.0
210
0.0
220
0.0
230
1.0
  2
SOLID
 70
1
 71
0
 91
1
 92
3
 72
0
 73
1
 93
4
 10
201.00358931692324
 20
82.71357599999999
 10
219.69173700923093
 20
82.71357599999999
 10
219.69173700923093
 20
87.53957599999998
 10
201.00358931692324
 20
87.53957599999998
 97
0
 75
0
 76
1
 98
0
  0
LWPOLYLINE
  5
325
330
17
100
AcDbEntity
  8
06_ТАБЛИЦА
370
18
420
13160409
100
AcDbPolyline
 90
4
 70
1
 10
201.00358931692324
 20
82.71357599999999
 10
219.69173700923093
 20
82.71357599999999
 10
219.69173700923093
 20
87.53957599999998
 10
201.00358931692324
 20
87.53957599999998
  0
TEXT
  5
326
330
17
100
AcDbEntity
  8
06_ТАБЛИЦА
420
1858698
100
AcDbText
 10
210.3476631630771
 20
85.12657599999997
 30
0.0
 40
1.6256
  1
8214
  7
ГОСТ
 72
1
 11
210.3476631630771
 21
85.12657599999997
 31
0.0
100
AcDbText
 73
2
  0
HATCH
  5
327
330
17
100
AcDbEntity
  8
06_ТАБЛИЦА
 62
7
420
14937847
100
AcDbHatch
 10
0.0
 20
0.0
 30
0.0
210
0.0
220
0.0
230
1.0
  2
SOLID
 70
1
 71
0
 91
1
 92
3
 72
0
 73
1
 93
4
 10
219.69173700923093
 20
82.71357599999999
 10
238.37988470153857
 20
82.71357599999999
 10
238.37988470153857
 20
87.53957599999998
 10
219.69173700923093
 20
87.53957599999998
 97
0
 75
0
 76
1
 98
0
  0
LWPOLYLINE
  5
328
330
17
100
AcDbEntity
  8
06_ТАБЛИЦА
370
18
420
13160409
100
AcDbPolyline
 90
4
 70
1
 10
219.69173700923093
 20
82.71357599999999
 10
238.37988470153857
 20
82.71357599999999
 10
238.37988470153857
 20
87.53957599999998
 10
219.69173700923093
 20
87.53957599999998
  0
TEXT
  5
329
330
17
100
AcDbEntity
  8
06_ТАБЛИЦА
420
1858698
100
AcDbText
 10
229.03581085538474
 20
85.12657599999997
 30
0.0
 40
1.6256
  1
8214
  7
ГОСТ
 72
1
 11
229.03581085538474
 21
85.12657599999997
 31
0.0
100
AcDbText
 73
2
  0
HATCH
  5
32A
330
17
100
AcDbEntity
  8
06_ТАБЛИЦА
 62
7
420
14937847
100
AcDbHatch
 10
0.0
 20
0.0
 30
0.0
210
0.0
220
0.0
230
1.0
  2
SOLID
 70
1
 71
0
 91
1
 92
3
 72
0
 73
1
 93
4
 10
238.37988470153857
 20
82.71357599999999
 10
257.0680323938463
 20
82.71357599999999
 10
257.0680323938463
 20
87.53957599999998
 10
238.37988470153857
 20
87.53957599999998
 97
0
 75
0
 76
1
 98
0
  0
LWPOLYLINE
  5
32B
330
17
100
AcDbEntity
  8
06_ТАБЛИЦА
370
18
420
13160409
100
AcDbPolyline
 90
4
 70
1
 10
238.37988470153857
 20
82.71357599999999
 10
257.0680323938463
 20
82.71357599999999
 10
257.0680323938463
 20
87.53957599999998
 10
238.37988470153857
 20
87.53957599999998
  0
TEXT
  5
32C
330
17
100
AcDbEntity
  8
06_ТАБЛИЦА
420
1858698
100
AcDbText
 10
247.72395854769243
 20
85.12657599999997
 30
0.0
 40
1.6256
  1
4800
  7
ГОСТ
 72
1
 11
247.72395854769243
 21
85.12657599999997
 31
0.0
100
AcDbText
 73
2
  0
HATCH
  5
32D
330
17
100
AcDbEntity
  8
06_ТАБЛИЦА
 62
7
420
14937847
100
AcDbHatch
 10
0.0
 20
0.0
 30
0.0
210
0.0
220
0.0
230
1.0
  2
SOLID
 70
1
 71
0
 91
1
 92
3
 72
0
 73
1
 93
4
 10
257.0680323938463
 20
82.71357599999999
 10
275.75618008615396
 20
82.71357599999999
 10
275.75618008615396
 20
87.53957599999998
 10
257.0680323938463
 20
87.53957599999998
 97
0
 75
0
 76
1
 98
0
  0
LWPOLYLINE
  5
32E
330
17
100
AcDbEntity
  8
06_ТАБЛИЦА
370
18
420
13160409
100
AcDbPolyline
 90
4
 70
1
 10
257.0680323938463
 20
82.71357599999999
 10
275.75618008615396
 20
82.71357599999999
 10
275.75618008615396
 20
87.53957599999998
 10
257.0680323938463
 20
87.53957599999998
  0
TEXT
  5
32F
330
17
100
AcDbEntity
  8
06_ТАБЛИЦА
420
1858698
100
AcDbText
 10
266.41210624000007
 20
85.12657599999997
 30
0.0
 40
1.6256
  1
5013
  7
ГОСТ
 72
1
 11
266.41210624000007
 21
85.12657599999997
 31
0.0
100
AcDbText
 73
2
  0
HATCH
  5
330
330
17
100
AcDbEntity
  8
06_ТАБЛИЦА
 62
7
420
14937847
100
AcDbHatch
 10
0.0
 20
0.0
 30
0.0
210
0.0
220
0.0
230
1.0
  2
SOLID
 70
1
 71
0
 91
1
 92
3
 72
0
 73
1
 93
4
 10
275.75618008615396
 20
82.71357599999999
 10
294.4443277784616
 20
82.71357599999999
 10
294.4443277784616
 20
87.53957599999998
 10
275.75618008615396
 20
87.53957599999998
 97
0
 75
0
 76
1
 98
0
  0
LWPOLYLINE
  5
331
330
17
100
AcDbEntity
  8
06_ТАБЛИЦА
370
18
420
13160409
100
AcDbPolyline
 90
4
 70
1
 10
275.75618008615396
 20
82.71357599999999
 10
294.4443277784616
 20
82.71357599999999
 10
294.4443277784616
 20
87.53957599999998
 10
275.75618008615396
 20
87.53957599999998
  0
TEXT
  5
332
330
17
100
AcDbEntity
  8
06_ТАБЛИЦА
420
1858698
100
AcDbText
 10
285.10025393230785
 20
85.12657599999997
 30
0.0
 40
1.6256
  1
8214
  7
ГОСТ
 72
1
 11
285.10025393230785
 21
85.12657599999997
 31
0.0
100
AcDbText
 73
2
  0
HATCH
  5
333
330
17
100
AcDbEntity
  8
06_ТАБЛИЦА
 62
7
420
14937847
100
AcDbHatch
 10
0.0
 20
0.0
 30
0.0
210
0.0
220
0.0
230
1.0
  2
SOLID
 70
1
 71
0
 91
1
 92
3
 72
0
 73
1
 93
4
 10
294.4443277784616
 20
82.71357599999999
 10
313.1324754707693
 20
82.71357599999999
 10
313.1324754707693
 20
87.53957599999998
 10
294.4443277784616
 20
87.53957599999998
 97
0
 75
0
 76
1
 98
0
  0
LWPOLYLINE
  5
334
330
17
100
AcDbEntity
  8
06_ТАБЛИЦА
370
18
420
13160409
100
AcDbPolyline
 90
4
 70
1
 10
294.4443277784616
 20
82.71357599999999
 10
313.1324754707693
 20
82.71357599999999
 10
313.1324754707693
 20
87.53957599999998
 10
294.4443277784616
 20
87.53957599999998
  0
TEXT
  5
335
330
17
100
AcDbEntity
  8
06_ТАБЛИЦА
420
1858698
100
AcDbText
 10
303.78840162461546
 20
85.12657599999997
 30
0.0
 40
1.6256
  1
8214
  7
ГОСТ
 72
1
 11
303.78840162461546
 21
85.12657599999997
 31
0.0
100
AcDbText
 73
2
  0
HATCH
  5
336
330
17
100
AcDbEntity
  8
06_ТАБЛИЦА
 62
7
420
14937847
100
AcDbHatch
 10
0.0
 20
0.0
 30
0.0
210
0.0
220
0.0
230
1.0
  2
SOLID
 70
1
 71
0
 91
1
 92
3
 72
0
 73
1
 93
4
 10
313.1324754707693
 20
82.71357599999999
 10
331.82062316307696
 20
82.71357599999999
 10
331.82062316307696
 20
87.53957599999998
 10
313.1324754707693
 20
87.53957599999998
 97
0
 75
0
 76
1
 98
0
  0
LWPOLYLINE
  5
337
330
17
100
AcDbEntity
  8
06_ТАБЛИЦА
370
18
420
13160409
100
AcDbPolyline
 90
4
 70
1
 10
313.1324754707693
 20
82.71357599999999
 10
331.82062316307696
 20
82.71357599999999
 10
331.82062316307696
 20
87.53957599999998
 10
313.1324754707693
 20
87.53957599999998
  0
TEXT
  5
338
330
17
100
AcDbEntity
  8
06_ТАБЛИЦА
420
1858698
100
AcDbText
 10
322.4765493169232
 20
85.12657599999997
 30
0.0
 40
1.6256
  1
8214
  7
ГОСТ
 72
1
 11
322.4765493169232
 21
85.12657599999997
 31
0.0
100
AcDbText
 73
2
  0
HATCH
  5
339
330
17
100
AcDbEntity
  8
06_ТАБЛИЦА
 62
7
420
14937847
100
AcDbHatch
 10
0.0
 20
0.0
 30
0.0
210
0.0
220
0.0
230
1.0
  2
SOLID
 70
1
 71
0
 91
1
 92
3
 72
0
 73
1
 93
4
 10
331.82062316307696
 20
82.71357599999999
 10
350.5087708553847
 20
82.71357599999999
 10
350.5087708553847
 20
87.53957599999998
 10
331.82062316307696
 20
87.53957599999998
 97
0
 75
0
 76
1
 98
0
  0
LWPOLYLINE
  5
33A
330
17
100
AcDbEntity
  8
06_ТАБЛИЦА
370
18
420
13160409
100
AcDbPolyline
 90
4
 70
1
 10
331.82062316307696
 20
82.71357599999999
 10
350.5087708553847
 20
82.71357599999999
 10
350.5087708553847
 20
87.53957599999998
 10
331.82062316307696
 20
87.53957599999998
  0
TEXT
  5
33B
330
17
100
AcDbEntity
  8
06_ТАБЛИЦА
420
1858698
100
AcDbText
 10
341.1646970092308
 20
85.12657599999997
 30
0.0
 40
1.6256
  1
8214
  7
ГОСТ
 72
1
 11
341.1646970092308
 21
85.12657599999997
 31
0.0
100
AcDbText
 73
2
  0
HATCH
  5
33C
330
17
100
AcDbEntity
  8
06_ТАБЛИЦА
 62
7
420
14937847
100
AcDbHatch
 10
0.0
 20
0.0
 30
0.0
210
0.0
220
0.0
230
1.0
  2
SOLID
 70
1
 71
0
 91
1
 92
3
 72
0
 73
1
 93
4
 10
350.5087708553847
 20
82.71357599999999
 10
369.19691854769235
 20
82.71357599999999
 10
369.19691854769235
 20
87.53957599999998
 10
350.5087708553847
 20
87.53957599999998
 97
0
 75
0
 76
1
 98
0
  0
LWPOLYLINE
  5
33D
330
17
100
AcDbEntity
  8
06_ТАБЛИЦА
370
18
420
13160409
100
AcDbPolyline
 90
4
 70
1
 10
350.5087708553847
 20
82.71357599999999
 10
369.19691854769235
 20
82.71357599999999
 10
369.19691854769235
 20
87.53957599999998
 10
350.5087708553847
 20
87.53957599999998
  0
TEXT
  5
33E
330
17
100
AcDbEntity
  8
06_ТАБЛИЦА
420
1858698
100
AcDbText
 10
359.8528447015386
 20
85.12657599999997
 30
0.0
 40
1.6256
  1
8214
  7
ГОСТ
 72
1
 11
359.8528447015386
 21
85.12657599999997
 31
0.0
100
AcDbText
 73
2
  0
HATCH
  5
33F
330
17
100
AcDbEntity
  8
06_ТАБЛИЦА
 62
7
420
14937847
100
AcDbHatch
 10
0.0
 20
0.0
 30
0.0
210
0.0
220
0.0
230
1.0
  2
SOLID
 70
1
 71
0
 91
1
 92
3
 72
0
 73
1
 93
4
 10
369.19691854769235
 20
82.71357599999999
 10
387.88506624
 20
82.71357599999999
 10
387.88506624
 20
87.53957599999998
 10
369.19691854769235
 20
87.53957599999998
 97
0
 75
0
 76
1
 98
0
  0
LWPOLYLINE
  5
340
330
17
100
AcDbEntity
  8
06_ТАБЛИЦА
370
18
420
13160409
100
AcDbPolyline
 90
4
 70
1
 10
369.19691854769235
 20
82.71357599999999
 10
387.88506624
 20
82.71357599999999
 10
387.88506624
 20
87.53957599999998
 10
369.19691854769235
 20
87.53957599999998
  0
TEXT
  5
341
330
17
100
AcDbEntity
  8
06_ТАБЛИЦА
420
1858698
100
AcDbText
 10
378.5409923938461
 20
85.12657599999997
 30
0.0
 40
1.6256
  1
8214
  7
ГОСТ
 72
1
 11
378.5409923938461
 21
85.12657599999997
 31
0.0
100
AcDbText
 73
2
  0
HATCH
  5
342
330
17
100
AcDbEntity
  8
06_ТАБЛИЦА
 62
7
420
14937847
100
AcDbHatch
 10
0.0
 20
0.0
 30
0.0
210
0.0
220
0.0
230
1.0
  2
SOLID
 70
1
 71
0
 91
1
 92
3
 72
0
 73
1
 93
4
 10
387.88506624
 20
82.71357599999999
 10
406.57321393230774
 20
82.71357599999999
 10
406.57321393230774
 20
87.53957599999998
 10
387.88506624
 20
87.53957599999998
 97
0
 75
0
 76
1
 98
0
  0
LWPOLYLINE
  5
343
330
17
100
AcDbEntity
  8
06_ТАБЛИЦА
370
18
420
13160409
100
AcDbPolyline
 90
4
 70
1
 10
387.88506624
 20
82.71357599999999
 10
406.57321393230774
 20
82.71357599999999
 10
406.57321393230774
 20
87.53957599999998
 10
387.88506624
 20
87.53957599999998
  0
TEXT
  5
344
330
17
100
AcDbEntity
  8
06_ТАБЛИЦА
420
1858698
100
AcDbText
 10
397.2291400861539
 20
85.12657599999997
 30
0.0
 40
1.6256
  1
8214
  7
ГОСТ
 72
1
 11
397.2291400861539
 21
85.12657599999997
 31
0.0
100
AcDbText
 73
2
  0
HATCH
  5
345
330
17
100
AcDbEntity
  8
06_ТАБЛИЦА
 62
7
420
14937847
100
AcDbHatch
 10
0.0
 20
0.0
 30
0.0
210
0.0
220
0.0
230
1.0
  2
SOLID
 70
1
 71
0
 91
1
 92
3
 72
0
 73
1
 93
4
 10
406.57321393230774
 20
82.71357599999999
 10
425.26136162461535
 20
82.71357599999999
 10
425.26136162461535
 20
87.53957599999998
 10
406.57321393230774
 20
87.53957599999998
 97
0
 75
0
 76
1
 98
0
  0
LWPOLYLINE
  5
346
330
17
100
AcDbEntity
  8
06_ТАБЛИЦА
370
18
420
13160409
100
AcDbPolyline
 90
4
 70
1
 10
406.57321393230774
 20
82.71357599999999
 10
425.26136162461535
 20
82.71357599999999
 10
425.26136162461535
 20
87.53957599999998
 10
406.57321393230774
 20
87.53957599999998
  0
TEXT
  5
347
330
17
100
AcDbEntity
  8
06_ТАБЛИЦА
420
1858698
100
AcDbText
 10
415.9172877784615
 20
85.12657599999997
 30
0.0
 40
1.6256
  1
6581
  7
ГОСТ
 72
1
 11
415.9172877784615
 21
85.12657599999997
 31
0.0
100
AcDbText
 73
2
  0
HATCH
  5
348
330
17
100
AcDbEntity
  8
06_ТАБЛИЦА
 62
7
420
14937847
100
AcDbHatch
 10
0.0
 20
0.0
 30
0.0
210
0.0
220
0.0
230
1.0
  2
SOLID
 70
1
 71
0
 91
1
 92
3
 72
0
 73
1
 93
4
 10
425.26136162461535
 20
82.71357599999999
 10
443.949509316923
 20
82.71357599999999
 10
443.949509316923
 20
87.53957599999998
 10
425.26136162461535
 20
87.53957599999998
 97
0
 75
0
 76
1
 98
0
  0
LWPOLYLINE
  5
349
330
17
100
AcDbEntity
  8
06_ТАБЛИЦА
370
18
420
13160409
100
AcDbPolyline
 90
4
 70
1
 10
425.26136162461535
 20
82.71357599999999
 10
443.949509316923
 20
82.71357599999999
 10
443.949509316923
 20
87.53957599999998
 10
425.26136162461535
 20
87.53957599999998
  0
TEXT
  5
34A
330
17
100
AcDbEntity
  8
06_ТАБЛИЦА
420
1858698
100
AcDbText
 10
434.60543547076924
 20
85.12657599999997
 30
0.0
 40
1.6256
  1
5183
  7
ГОСТ
 72
1
 11
434.60543547076924
 21
85.12657599999997
 31
0.0
100
AcDbText
 73
2
  0
HATCH
  5
34B
330
17
100
AcDbEntity
  8
06_ТАБЛИЦА
 62
7
420
14937847
100
AcDbHatch
 10
0.0
 20
0.0
 30
0.0
210
0.0
220
0.0
230
1.0
  2
SOLID
 70
1
 71
0
 91
1
 92
3
 72
0
 73
1
 93
4
 10
443.9495093169231
 20
82.71357599999999
 10
462.6376570092308
 20
82.71357599999999
 10
462.6376570092308
 20
87.53957599999998
 10
443.9495093169231
 20
87.53957599999998
 97
0
 75
0
 76
1
 98
0
  0
LWPOLYLINE
  5
34C
330
17
100
AcDbEntity
  8
06_ТАБЛИЦА
370
18
420
13160409
100
AcDbPolyline
 90
4
 70
1
 10
443.9495093169231
 20
82.71357599999999
 10
462.6376570092308
 20
82.71357599999999
 10
462.6376570092308
 20
87.53957599999998
 10
443.9495093169231
 20
87.53957599999998
  0
TEXT
  5
34D
330
17
100
AcDbEntity
  8
06_ТАБЛИЦА
420
1858698
100
AcDbText
 10
453.293583163077
 20
85.12657599999997
 30
0.0
 40
1.6256
  1
3585
  7
ГОСТ
 72
1
 11
453.293583163077
 21
85.12657599999997
 31
0.0
100
AcDbText
 73
2
  0
HATCH
  5
34E
330
17
100
AcDbEntity
  8
06_ТАБЛИЦА
 62
7
420
14937847
100
AcDbHatch
 10
0.0
 20
0.0
 30
0.0
210
0.0
220
0.0
230
1.0
  2
SOLID
 70
1
 71
0
 91
1
 92
3
 72
0
 73
1
 93
4
 10
462.6376570092308
 20
82.71357599999999
 10
481.3258047015385
 20
82.71357599999999
 10
481.3258047015385
 20
87.53957599999998
 10
462.6376570092308
 20
87.53957599999998
 97
0
 75
0
 76
1
 98
0
  0
LWPOLYLINE
  5
34F
330
17
100
AcDbEntity
  8
06_ТАБЛИЦА
370
18
420
13160409
100
AcDbPolyline
 90
4
 70
1
 10
462.6376570092308
 20
82.71357599999999
 10
481.3258047015385
 20
82.71357599999999
 10
481.3258047015385
 20
87.53957599999998
 10
462.6376570092308
 20
87.53957599999998
  0
TEXT
  5
350
330
17
100
AcDbEntity
  8
06_ТАБЛИЦА
420
1858698
100
AcDbText
 10
471.9817308553846
 20
85.12657599999997
 30
0.0
 40
1.6256
  1
—
  7
ГОСТ
 72
1
 11
471.9817308553846
 21
85.12657599999997
 31
0.0
100
AcDbText
 73
2
  0
HATCH
  5
351
330
17
100
AcDbEntity
  8
06_ТАБЛИЦА
 62
7
420
14937847
100
AcDbHatch
 10
0.0
 20
0.0
 30
0.0
210
0.0
220
0.0
230
1.0
  2
SOLID
 70
1
 71
0
 91
1
 92
3
 72
0
 73
1
 93
4
 10
481.3258047015385
 20
82.71357599999999
 10
500.0139523938462
 20
82.71357599999999
 10
500.0139523938462
 20
87.53957599999998
 10
481.3258047015385
 20
87.53957599999998
 97
0
 75
0
 76
1
 98
0
  0
LWPOLYLINE
  5
352
330
17
100
AcDbEntity
  8
06_ТАБЛИЦА
370
18
420
13160409
100
AcDbPolyline
 90
4
 70
1
 10
481.3258047015385
 20
82.71357599999999
 10
500.0139523938462
 20
82.71357599999999
 10
500.0139523938462
 20
87.53957599999998
 10
481.3258047015385
 20
87.53957599999998
  0
TEXT
  5
353
330
17
100
AcDbEntity
  8
06_ТАБЛИЦА
420
1858698
100
AcDbText
 10
490.6698785476923
 20
85.12657599999997
 30
0.0
 40
1.6256
  1
—
  7
ГОСТ
 72
1
 11
490.6698785476923
 21
85.12657599999997
 31
0.0
100
AcDbText
 73
2
  0
HATCH
  5
354
330
17
100
AcDbEntity
  8
06_ТАБЛИЦА
 62
7
420
16185594
100
AcDbHatch
 10
0.0
 20
0.0
 30
0.0
210
0.0
220
0.0
230
1.0
  2
SOLID
 70
1
 71
0
 91
1
 92
3
 72
0
 73
1
 93
4
 10
-2.173952393845988
 20
77.88757599999997
 10
32.81026008615401
 20
77.88757599999997
 10
32.81026008615401
 20
82.71357599999997
 10
-2.173952393845988
 20
82.71357599999997
 97
0
 75
0
 76
1
 98
0
  0
LWPOLYLINE
  5
355
330
17
100
AcDbEntity
  8
06_ТАБЛИЦА
370
18
420
13160409
100
AcDbPolyline
 90
4
 70
1
 10
-2.173952393845988
 20
77.88757599999997
 10
32.81026008615401
 20
77.88757599999997
 10
32.81026008615401
 20
82.71357599999997
 10
-2.173952393845988
 20
82.71357599999997
  0
TEXT
  5
356
330
17
100
AcDbEntity
  8
06_ТАБЛИЦА
420
1450031
100
AcDbText
 10
15.318153846154015
 20
80.30057599999996
 30
0.0
 40
1.5748
  1
1.50
  7
ГОСТ
 72
1
 11
15.318153846154015
 21
80.30057599999996
 31
0.0
100
AcDbText
 73
2
  0
LWPOLYLINE
  5
357
330
17
100
AcDbEntity
  8
06_ТАБЛИЦА
370
18
420
13160409
100
AcDbPolyline
 90
4
 70
1
 10
32.81026008615401
 20
77.88757599999997
 10
51.49840777846172
 20
77.88757599999997
 10
51.49840777846172
 20
82.71357599999997
 10
32.81026008615401
 20
82.71357599999997
  0
TEXT
  5
358
330
17
100
AcDbEntity
  8
06_ТАБЛИЦА
420
0
100
AcDbText
 10
42.15433393230786
 20
80.30057599999996
 30
0.0
 40
1.6256
  1
5061
  7
ГОСТ
 72
1
 11
42.15433393230786
 21
80.30057599999996
 31
0.0
100
AcDbText
 73
2
  0
LWPOLYLINE
  5
359
330
17
100
AcDbEntity
  8
06_ТАБЛИЦА
370
18
420
13160409
100
AcDbPolyline
 90
4
 70
1
 10
51.49840777846172
 20
77.88757599999997
 10
70.1865554707694
 20
77.88757599999997
 10
70.1865554707694
 20
82.71357599999997
 10
51.49840777846172
 20
82.71357599999997
  0
TEXT
  5
35A
330
17
100
AcDbEntity
  8
06_ТАБЛИЦА
420
0
100
AcDbText
 10
60.84248162461555
 20
80.30057599999996
 30
0.0
 40
1.6256
  1
6533
  7
ГОСТ
 72
1
 11
60.84248162461555
 21
80.30057599999996
 31
0.0
100
AcDbText
 73
2
  0
LWPOLYLINE
  5
35B
330
17
100
AcDbEntity
  8
06_ТАБЛИЦА
370
18
420
13160409
100
AcDbPolyline
 90
4
 70
1
 10
70.1865554707694
 20
77.88757599999997
 10
88.8747031630771
 20
77.88757599999997
 10
88.8747031630771
 20
82.71357599999997
 10
70.1865554707694
 20
82.71357599999997
  0
TEXT
  5
35C
330
17
100
AcDbEntity
  8
06_ТАБЛИЦА
420
0
100
AcDbText
 10
79.53062931692324
 20
80.30057599999996
 30
0.0
 40
1.6256
  1
7269
  7
ГОСТ
 72
1
 11
79.53062931692324
 21
80.30057599999996
 31
0.0
100
AcDbText
 73
2
  0
LWPOLYLINE
  5
35D
330
17
100
AcDbEntity
  8
06_ТАБЛИЦА
370
18
420
13160409
100
AcDbPolyline
 90
4
 70
1
 10
88.8747031630771
 20
77.88757599999997
 10
107.5628508553848
 20
77.88757599999997
 10
107.5628508553848
 20
82.71357599999997
 10
88.8747031630771
 20
82.71357599999997
  0
TEXT
  5
35E
330
17
100
AcDbEntity
  8
06_ТАБЛИЦА
420
0
100
AcDbText
 10
98.21877700923095
 20
80.30057599999996
 30
0.0
 40
1.6256
  1
7798
  7
ГОСТ
 72
1
 11
98.21877700923095
 21
80.30057599999996
 31
0.0
100
AcDbText
 73
2
  0
LWPOLYLINE
  5
35F
330
17
100
AcDbEntity
  8
06_ТАБЛИЦА
370
18
420
13160409
100
AcDbPolyline
 90
4
 70
1
 10
107.5628508553848
 20
77.88757599999997
 10
126.25099854769248
 20
77.88757599999997
 10
126.25099854769248
 20
82.71357599999997
 10
107.5628508553848
 20
82.71357599999997
  0
TEXT
  5
360
330
17
100
AcDbEntity
  8
06_ТАБЛИЦА
420
0
100
AcDbText
 10
116.90692470153863
 20
80.30057599999996
 30
0.0
 40
1.6256
  1
8117
  7
ГОСТ
 72
1
 11
116.90692470153863
 21
80.30057599999996
 31
0.0
100
AcDbText
 73
2
  0
LWPOLYLINE
  5
361
330
17
100
AcDbEntity
  8
06_ТАБЛИЦА
370
18
420
13160409
100
AcDbPolyline
 90
4
 70
1
 10
126.2509985476925
 20
77.88757599999997
 10
144.93914624000018
 20
77.88757599999997
 10
144.93914624000018
 20
82.71357599999997
 10
126.2509985476925
 20
82.71357599999997
  0
TEXT
  5
362
330
17
100
AcDbEntity
  8
06_ТАБЛИЦА
420
0
100
AcDbText
 10
135.59507239384635
 20
80.30057599999996
 30
0.0
 40
1.6256
  1
8219
  7
ГОСТ
 72
1
 11
135.59507239384635
 21
80.30057599999996
 31
0.0
100
AcDbText
 73
2
  0
LWPOLYLINE
  5
363
330
17
100
AcDbEntity
  8
06_ТАБЛИЦА
370
18
420
13160409
100
AcDbPolyline
 90
4
 70
1
 10
144.93914624000018
 20
77.88757599999997
 10
163.62729393230785
 20
77.88757599999997
 10
163.62729393230785
 20
82.71357599999997
 10
144.93914624000018
 20
82.71357599999997
  0
TEXT
  5
364
330
17
100
AcDbEntity
  8
06_ТАБЛИЦА
420
0
100
AcDbText
 10
154.28322008615402
 20
80.30057599999996
 30
0.0
 40
1.6256
  1
8219
  7
ГОСТ
 72
1
 11
154.28322008615402
 21
80.30057599999996
 31
0.0
100
AcDbText
 73
2
  0
LWPOLYLINE
  5
365
330
17
100
AcDbEntity
  8
06_ТАБЛИЦА
370
18
420
13160409
100
AcDbPolyline
 90
4
 70
1
 10
163.62729393230785
 20
77.88757599999997
 10
182.31544162461552
 20
77.88757599999997
 10
182.31544162461552
 20
82.71357599999997
 10
163.62729393230785
 20
82.71357599999997
  0
TEXT
  5
366
330
17
100
AcDbEntity
  8
06_ТАБЛИЦА
420
0
100
AcDbText
 10
172.9713677784617
 20
80.30057599999996
 30
0.0
 40
1.6256
  1
8219
  7
ГОСТ
 72
1
 11
172.9713677784617
 21
80.30057599999996
 31
0.0
100
AcDbText
 73
2
  0
LWPOLYLINE
  5
367
330
17
100
AcDbEntity
  8
06_ТАБЛИЦА
370
18
420
13160409
100
AcDbPolyline
 90
4
 70
1
 10
182.31544162461557
 20
77.88757599999997
 10
201.00358931692324
 20
77.88757599999997
 10
201.00358931692324
 20
82.71357599999997
 10
182.31544162461557
 20
82.71357599999997
  0
TEXT
  5
368
330
17
100
AcDbEntity
  8
06_ТАБЛИЦА
420
0
100
AcDbText
 10
191.6595154707694
 20
80.30057599999996
 30
0.0
 40
1.6256
  1
8219
  7
ГОСТ
 72
1
 11
191.6595154707694
 21
80.30057599999996
 31
0.0
100
AcDbText
 73
2
  0
LWPOLYLINE
  5
369
330
17
100
AcDbEntity
  8
06_ТАБЛИЦА
370
18
420
13160409
100
AcDbPolyline
 90
4
 70
1
 10
201.00358931692324
 20
77.88757599999997
 10
219.69173700923093
 20
77.88757599999997
 10
219.69173700923093
 20
82.71357599999997
 10
201.00358931692324
 20
82.71357599999997
  0
TEXT
  5
36A
330
17
100
AcDbEntity
  8
06_ТАБЛИЦА
420
0
100
AcDbText
 10
210.3476631630771
 20
80.30057599999996
 30
0.0
 40
1.6256
  1
8219
  7
ГОСТ
 72
1
 11
210.3476631630771
 21
80.30057599999996
 31
0.0
100
AcDbText
 73
2
  0
LWPOLYLINE
  5
36B
330
17
100
AcDbEntity
  8
06_ТАБЛИЦА
370
18
420
13160409
100
AcDbPolyline
 90
4
 70
1
 10
219.69173700923093
 20
77.88757599999997
 10
238.37988470153857
 20
77.88757599999997
 10
238.37988470153857
 20
82.71357599999997
 10
219.69173700923093
 20
82.71357599999997
  0
TEXT
  5
36C
330
17
100
AcDbEntity
  8
06_ТАБЛИЦА
420
0
100
AcDbText
 10
229.03581085538474
 20
80.30057599999996
 30
0.0
 40
1.6256
  1
8219
  7
ГОСТ
 72
1
 11
229.03581085538474
 21
80.30057599999996
 31
0.0
100
AcDbText
 73
2
  0
LWPOLYLINE
  5
36D
330
17
100
AcDbEntity
  8
06_ТАБЛИЦА
370
18
420
13160409
100
AcDbPolyline
 90
4
 70
1
 10
238.37988470153857
 20
77.88757599999997
 10
257.0680323938463
 20
77.88757599999997
 10
257.0680323938463
 20
82.71357599999997
 10
238.37988470153857
 20
82.71357599999997
  0
TEXT
  5
36E
330
17
100
AcDbEntity
  8
06_ТАБЛИЦА
420
0
100
AcDbText
 10
247.72395854769243
 20
80.30057599999996
 30
0.0
 40
1.6256
  1
4800
  7
ГОСТ
 72
1
 11
247.72395854769243
 21
80.30057599999996
 31
0.0
100
AcDbText
 73
2
  0
LWPOLYLINE
  5
36F
330
17
100
AcDbEntity
  8
06_ТАБЛИЦА
370
18
420
13160409
100
AcDbPolyline
 90
4
 70
1
 10
257.0680323938463
 20
77.88757599999997
 10
275.75618008615396
 20
77.88757599999997
 10
275.75618008615396
 20
82.71357599999997
 10
257.0680323938463
 20
82.71357599999997
  0
TEXT
  5
370
330
17
100
AcDbEntity
  8
06_ТАБЛИЦА
420
0
100
AcDbText
 10
266.41210624000007
 20
80.30057599999996
 30
0.0
 40
1.6256
  1
5013
  7
ГОСТ
 72
1
 11
266.41210624000007
 21
80.30057599999996
 31
0.0
100
AcDbText
 73
2
  0
LWPOLYLINE
  5
371
330
17
100
AcDbEntity
  8
06_ТАБЛИЦА
370
18
420
13160409
100
AcDbPolyline
 90
4
 70
1
 10
275.75618008615396
 20
77.88757599999997
 10
294.4443277784616
 20
77.88757599999997
 10
294.4443277784616
 20
82.71357599999997
 10
275.75618008615396
 20
82.71357599999997
  0
TEXT
  5
372
330
17
100
AcDbEntity
  8
06_ТАБЛИЦА
420
0
100
AcDbText
 10
285.10025393230785
 20
80.30057599999996
 30
0.0
 40
1.6256
  1
8219
  7
ГОСТ
 72
1
 11
285.10025393230785
 21
80.30057599999996
 31
0.0
100
AcDbText
 73
2
  0
LWPOLYLINE
  5
373
330
17
100
AcDbEntity
  8
06_ТАБЛИЦА
370
18
420
13160409
100
AcDbPolyline
 90
4
 70
1
 10
294.4443277784616
 20
77.88757599999997
 10
313.1324754707693
 20
77.88757599999997
 10
313.1324754707693
 20
82.71357599999997
 10
294.4443277784616
 20
82.71357599999997
  0
TEXT
  5
374
330
17
100
AcDbEntity
  8
06_ТАБЛИЦА
420
0
100
AcDbText
 10
303.78840162461546
 20
80.30057599999996
 30
0.0
 40
1.6256
  1
8219
  7
ГОСТ
 72
1
 11
303.78840162461546
 21
80.30057599999996
 31
0.0
100
AcDbText
 73
2
  0
LWPOLYLINE
  5
375
330
17
100
AcDbEntity
  8
06_ТАБЛИЦА
370
18
420
13160409
100
AcDbPolyline
 90
4
 70
1
 10
313.1324754707693
 20
77.88757599999997
 10
331.82062316307696
 20
77.88757599999997
 10
331.82062316307696
 20
82.71357599999997
 10
313.1324754707693
 20
82.71357599999997
  0
TEXT
  5
376
330
17
100
AcDbEntity
  8
06_ТАБЛИЦА
420
0
100
AcDbText
 10
322.4765493169232
 20
80.30057599999996
 30
0.0
 40
1.6256
  1
8219
  7
ГОСТ
 72
1
 11
322.4765493169232
 21
80.30057599999996
 31
0.0
100
AcDbText
 73
2
  0
LWPOLYLINE
  5
377
330
17
100
AcDbEntity
  8
06_ТАБЛИЦА
370
18
420
13160409
100
AcDbPolyline
 90
4
 70
1
 10
331.82062316307696
 20
77.88757599999997
 10
350.5087708553847
 20
77.88757599999997
 10
350.5087708553847
 20
82.71357599999997
 10
331.82062316307696
 20
82.71357599999997
  0
TEXT
  5
378
330
17
100
AcDbEntity
  8
06_ТАБЛИЦА
420
0
100
AcDbText
 10
341.1646970092308
 20
80.30057599999996
 30
0.0
 40
1.6256
  1
8219
  7
ГОСТ
 72
1
 11
341.1646970092308
 21
80.30057599999996
 31
0.0
100
AcDbText
 73
2
  0
LWPOLYLINE
  5
379
330
17
100
AcDbEntity
  8
06_ТАБЛИЦА
370
18
420
13160409
100
AcDbPolyline
 90
4
 70
1
 10
350.5087708553847
 20
77.88757599999997
 10
369.19691854769235
 20
77.88757599999997
 10
369.19691854769235
 20
82.71357599999997
 10
350.5087708553847
 20
82.71357599999997
  0
TEXT
  5
37A
330
17
100
AcDbEntity
  8
06_ТАБЛИЦА
420
0
100
AcDbText
 10
359.8528447015386
 20
80.30057599999996
 30
0.0
 40
1.6256
  1
8219
  7
ГОСТ
 72
1
 11
359.8528447015386
 21
80.30057599999996
 31
0.0
100
AcDbText
 73
2
  0
LWPOLYLINE
  5
37B
330
17
100
AcDbEntity
  8
06_ТАБЛИЦА
370
18
420
13160409
100
AcDbPolyline
 90
4
 70
1
 10
369.19691854769235
 20
77.88757599999997
 10
387.88506624
 20
77.88757599999997
 10
387.88506624
 20
82.71357599999997
 10
369.19691854769235
 20
82.71357599999997
  0
TEXT
  5
37C
330
17
100
AcDbEntity
  8
06_ТАБЛИЦА
420
0
100
AcDbText
 10
378.5409923938461
 20
80.30057599999996
 30
0.0
 40
1.6256
  1
8219
  7
ГОСТ
 72
1
 11
378.5409923938461
 21
80.30057599999996
 31
0.0
100
AcDbText
 73
2
  0
LWPOLYLINE
  5
37D
330
17
100
AcDbEntity
  8
06_ТАБЛИЦА
370
18
420
13160409
100
AcDbPolyline
 90
4
 70
1
 10
387.88506624
 20
77.88757599999997
 10
406.57321393230774
 20
77.88757599999997
 10
406.57321393230774
 20
82.71357599999997
 10
387.88506624
 20
82.71357599999997
  0
TEXT
  5
37E
330
17
100
AcDbEntity
  8
06_ТАБЛИЦА
420
0
100
AcDbText
 10
397.2291400861539
 20
80.30057599999996
 30
0.0
 40
1.6256
  1
8219
  7
ГОСТ
 72
1
 11
397.2291400861539
 21
80.30057599999996
 31
0.0
100
AcDbText
 73
2
  0
LWPOLYLINE
  5
37F
330
17
100
AcDbEntity
  8
06_ТАБЛИЦА
370
18
420
13160409
100
AcDbPolyline
 90
4
 70
1
 10
406.57321393230774
 20
77.88757599999997
 10
425.26136162461535
 20
77.88757599999997
 10
425.26136162461535
 20
82.71357599999997
 10
406.57321393230774
 20
82.71357599999997
  0
TEXT
  5
380
330
17
100
AcDbEntity
  8
06_ТАБЛИЦА
420
0
100
AcDbText
 10
415.9172877784615
 20
80.30057599999996
 30
0.0
 40
1.6256
  1
6596
  7
ГОСТ
 72
1
 11
415.9172877784615
 21
80.30057599999996
 31
0.0
100
AcDbText
 73
2
  0
LWPOLYLINE
  5
381
330
17
100
AcDbEntity
  8
06_ТАБЛИЦА
370
18
420
13160409
100
AcDbPolyline
 90
4
 70
1
 10
425.26136162461535
 20
77.88757599999997
 10
443.949509316923
 20
77.88757599999997
 10
443.949509316923
 20
82.71357599999997
 10
425.26136162461535
 20
82.71357599999997
  0
TEXT
  5
382
330
17
100
AcDbEntity
  8
06_ТАБЛИЦА
420
0
100
AcDbText
 10
434.60543547076924
 20
80.30057599999996
 30
0.0
 40
1.6256
  1
5206
  7
ГОСТ
 72
1
 11
434.60543547076924
 21
80.30057599999996
 31
0.0
100
AcDbText
 73
2
  0
LWPOLYLINE
  5
383
330
17
100
AcDbEntity
  8
06_ТАБЛИЦА
370
18
420
13160409
100
AcDbPolyline
 90
4
 70
1
 10
443.9495093169231
 20
77.88757599999997
 10
462.6376570092308
 20
77.88757599999997
 10
462.6376570092308
 20
82.71357599999997
 10
443.9495093169231
 20
82.71357599999997
  0
TEXT
  5
384
330
17
100
AcDbEntity
  8
06_ТАБЛИЦА
420
0
100
AcDbText
 10
453.293583163077
 20
80.30057599999996
 30
0.0
 40
1.6256
  1
3612
  7
ГОСТ
 72
1
 11
453.293583163077
 21
80.30057599999996
 31
0.0
100
AcDbText
 73
2
  0
LWPOLYLINE
  5
385
330
17
100
AcDbEntity
  8
06_ТАБЛИЦА
370
18
420
13160409
100
AcDbPolyline
 90
4
 70
1
 10
462.6376570092308
 20
77.88757599999997
 10
481.3258047015385
 20
77.88757599999997
 10
481.3258047015385
 20
82.71357599999997
 10
462.6376570092308
 20
82.71357599999997
  0
TEXT
  5
386
330
17
100
AcDbEntity
  8
06_ТАБЛИЦА
420
0
100
AcDbText
 10
471.9817308553846
 20
80.30057599999996
 30
0.0
 40
1.6256
  1
2049
  7
ГОСТ
 72
1
 11
471.9817308553846
 21
80.30057599999996
 31
0.0
100
AcDbText
 73
2
  0
LWPOLYLINE
  5
387
330
17
100
AcDbEntity
  8
06_ТАБЛИЦА
370
18
420
13160409
100
AcDbPolyline
 90
4
 70
1
 10
481.3258047015385
 20
77.88757599999997
 10
500.0139523938462
 20
77.88757599999997
 10
500.0139523938462
 20
82.71357599999997
 10
481.3258047015385
 20
82.71357599999997
  0
TEXT
  5
388
330
17
100
AcDbEntity
  8
06_ТАБЛИЦА
420
0
100
AcDbText
 10
490.6698785476923
 20
80.30057599999996
 30
0.0
 40
1.6256
  1
—
  7
ГОСТ
 72
1
 11
490.6698785476923
 21
80.30057599999996
 31
0.0
100
AcDbText
 73
2
  0
HATCH
  5
389
330
17
100
AcDbEntity
  8
06_ТАБЛИЦА
 62
7
420
16185594
100
AcDbHatch
 10
0.0
 20
0.0
 30
0.0
210
0.0
220
0.0
230
1.0
  2
SOLID
 70
1
 71
0
 91
1
 92
3
 72
0
 73
1
 93
4
 10
-2.173952393845988
 20
73.06157599999999
 10
32.81026008615401
 20
73.06157599999999
 10
32.81026008615401
 20
77.88757599999998
 10
-2.173952393845988
 20
77.88757599999998
 97
0
 75
0
 76
1
 98
0
  0
LWPOLYLINE
  5
38A
330
17
100
AcDbEntity
  8
06_ТАБЛИЦА
370
18
420
13160409
100
AcDbPolyline
 90
4
 70
1
 10
-2.173952393845988
 20
73.06157599999999
 10
32.81026008615401
 20
73.06157599999999
 10
32.81026008615401
 20
77.88757599999998
 10
-2.173952393845988
 20
77.88757599999998
  0
TEXT
  5
38B
330
17
100
AcDbEntity
  8
06_ТАБЛИЦА
420
1450031
100
AcDbText
 10
15.318153846154015
 20
75.47457599999998
 30
0.0
 40
1.5748
  1
1.80
  7
ГОСТ
 72
1
 11
15.318153846154015
 21
75.47457599999998
 31
0.0
100
AcDbText
 73
2
  0
LWPOLYLINE
  5
38C
330
17
100
AcDbEntity
  8
06_ТАБЛИЦА
370
18
420
13160409
100
AcDbPolyline
 90
4
 70
1
 10
32.81026008615401
 20
73.06157599999999
 10
51.49840777846172
 20
73.06157599999999
 10
51.49840777846172
 20
77.88757599999998
 10
32.81026008615401
 20
77.88757599999998
  0
TEXT
  5
38D
330
17
100
AcDbEntity
  8
06_ТАБЛИЦА
420
0
100
AcDbText
 10
42.15433393230786
 20
75.47457599999998
 30
0.0
 40
1.6256
  1
5431
  7
ГОСТ
 72
1
 11
42.15433393230786
 21
75.47457599999998
 31
0.0
100
AcDbText
 73
2
  0
LWPOLYLINE
  5
38E
330
17
100
AcDbEntity
  8
06_ТАБЛИЦА
370
18
420
13160409
100
AcDbPolyline
 90
4
 70
1
 10
51.49840777846172
 20
73.06157599999999
 10
70.1865554707694
 20
73.06157599999999
 10
70.1865554707694
 20
77.88757599999998
 10
51.49840777846172
 20
77.88757599999998
  0
TEXT
  5
38F
330
17
100
AcDbEntity
  8
06_ТАБЛИЦА
420
0
100
AcDbText
 10
60.84248162461555
 20
75.47457599999998
 30
0.0
 40
1.6256
  1
6777
  7
ГОСТ
 72
1
 11
60.84248162461555
 21
75.47457599999998
 31
0.0
100
AcDbText
 73
2
  0
LWPOLYLINE
  5
390
330
17
100
AcDbEntity
  8
06_ТАБЛИЦА
370
18
420
13160409
100
AcDbPolyline
 90
4
 70
1
 10
70.1865554707694
 20
73.06157599999999
 10
88.8747031630771
 20
73.06157599999999
 10
88.8747031630771
 20
77.88757599999998
 10
70.1865554707694
 20
77.88757599999998
  0
TEXT
  5
391
330
17
100
AcDbEntity
  8
06_ТАБЛИЦА
420
0
100
AcDbText
 10
79.53062931692324
 20
75.47457599999998
 30
0.0
 40
1.6256
  1
7430
  7
ГОСТ
 72
1
 11
79.53062931692324
 21
75.47457599999998
 31
0.0
100
AcDbText
 73
2
  0
LWPOLYLINE
  5
392
330
17
100
AcDbEntity
  8
06_ТАБЛИЦА
370
18
420
13160409
100
AcDbPolyline
 90
4
 70
1
 10
88.8747031630771
 20
73.06157599999999
 10
107.5628508553848
 20
73.06157599999999
 10
107.5628508553848
 20
77.88757599999998
 10
88.8747031630771
 20
77.88757599999998
  0
TEXT
  5
393
330
17
100
AcDbEntity
  8
06_ТАБЛИЦА
420
0
100
AcDbText
 10
98.21877700923095
 20
75.47457599999998
 30
0.0
 40
1.6256
  1
7895
  7
ГОСТ
 72
1
 11
98.21877700923095
 21
75.47457599999998
 31
0.0
100
AcDbText
 73
2
  0
LWPOLYLINE
  5
394
330
17
100
AcDbEntity
  8
06_ТАБЛИЦА
370
18
420
13160409
100
AcDbPolyline
 90
4
 70
1
 10
107.5628508553848
 20
73.06157599999999
 10
126.25099854769248
 20
73.06157599999999
 10
126.25099854769248
 20
77.88757599999998
 10
107.5628508553848
 20
77.88757599999998
  0
TEXT
  5
395
330
17
100
AcDbEntity
  8
06_ТАБЛИЦА
420
0
100
AcDbText
 10
116.90692470153863
 20
75.47457599999998
 30
0.0
 40
1.6256
  1
8148
  7
ГОСТ
 72
1
 11
116.90692470153863
 21
75.47457599999998
 31
0.0
100
AcDbText
 73
2
  0
LWPOLYLINE
  5
396
330
17
100
AcDbEntity
  8
06_ТАБЛИЦА
370
18
420
13160409
100
AcDbPolyline
 90
4
 70
1
 10
126.2509985476925
 20
73.06157599999999
 10
144.93914624000018
 20
73.06157599999999
 10
144.93914624000018
 20
77.88757599999998
 10
126.2509985476925
 20
77.88757599999998
  0
TEXT
  5
397
330
17
100
AcDbEntity
  8
06_ТАБЛИЦА
420
0
100
AcDbText
 10
135.59507239384635
 20
75.47457599999998
 30
0.0
 40
1.6256
  1
8225
  7
ГОСТ
 72
1
 11
135.59507239384635
 21
75.47457599999998
 31
0.0
100
AcDbText
 73
2
  0
LWPOLYLINE
  5
398
330
17
100
AcDbEntity
  8
06_ТАБЛИЦА
370
18
420
13160409
100
AcDbPolyline
 90
4
 70
1
 10
144.93914624000018
 20
73.06157599999999
 10
163.62729393230785
 20
73.06157599999999
 10
163.62729393230785
 20
77.88757599999998
 10
144.93914624000018
 20
77.88757599999998
  0
TEXT
  5
399
330
17
100
AcDbEntity
  8
06_ТАБЛИЦА
420
0
100
AcDbText
 10
154.28322008615402
 20
75.47457599999998
 30
0.0
 40
1.6256
  1
8225
  7
ГОСТ
 72
1
 11
154.28322008615402
 21
75.47457599999998
 31
0.0
100
AcDbText
 73
2
  0
LWPOLYLINE
  5
39A
330
17
100
AcDbEntity
  8
06_ТАБЛИЦА
370
18
420
13160409
100
AcDbPolyline
 90
4
 70
1
 10
163.62729393230785
 20
73.06157599999999
 10
182.31544162461552
 20
73.06157599999999
 10
182.31544162461552
 20
77.88757599999998
 10
163.62729393230785
 20
77.88757599999998
  0
TEXT
  5
39B
330
17
100
AcDbEntity
  8
06_ТАБЛИЦА
420
0
100
AcDbText
 10
172.9713677784617
 20
75.47457599999998
 30
0.0
 40
1.6256
  1
8225
  7
ГОСТ
 72
1
 11
172.9713677784617
 21
75.47457599999998
 31
0.0
100
AcDbText
 73
2
  0
LWPOLYLINE
  5
39C
330
17
100
AcDbEntity
  8
06_ТАБЛИЦА
370
18
420
13160409
100
AcDbPolyline
 90
4
 70
1
 10
182.31544162461557
 20
73.06157599999999
 10
201.00358931692324
 20
73.06157599999999
 10
201.00358931692324
 20
77.88757599999998
 10
182.31544162461557
 20
77.88757599999998
  0
TEXT
  5
39D
330
17
100
AcDbEntity
  8
06_ТАБЛИЦА
420
0
100
AcDbText
 10
191.6595154707694
 20
75.47457599999998
 30
0.0
 40
1.6256
  1
8225
  7
ГОСТ
 72
1
 11
191.6595154707694
 21
75.47457599999998
 31
0.0
100
AcDbText
 73
2
  0
LWPOLYLINE
  5
39E
330
17
100
AcDbEntity
  8
06_ТАБЛИЦА
370
18
420
13160409
100
AcDbPolyline
 90
4
 70
1
 10
201.00358931692324
 20
73.06157599999999
 10
219.69173700923093
 20
73.06157599999999
 10
219.69173700923093
 20
77.88757599999998
 10
201.00358931692324
 20
77.88757599999998
  0
TEXT
  5
39F
330
17
100
AcDbEntity
  8
06_ТАБЛИЦА
420
0
100
AcDbText
 10
210.3476631630771
 20
75.47457599999998
 30
0.0
 40
1.6256
  1
8225
  7
ГОСТ
 72
1
 11
210.3476631630771
 21
75.47457599999998
 31
0.0
100
AcDbText
 73
2
  0
LWPOLYLINE
  5
3A0
330
17
100
AcDbEntity
  8
06_ТАБЛИЦА
370
18
420
13160409
100
AcDbPolyline
 90
4
 70
1
 10
219.69173700923093
 20
73.06157599999999
 10
238.37988470153857
 20
73.06157599999999
 10
238.37988470153857
 20
77.88757599999998
 10
219.69173700923093
 20
77.88757599999998
  0
TEXT
  5
3A1
330
17
100
AcDbEntity
  8
06_ТАБЛИЦА
420
0
100
AcDbText
 10
229.03581085538474
 20
75.47457599999998
 30
0.0
 40
1.6256
  1
8225
  7
ГОСТ
 72
1
 11
229.03581085538474
 21
75.47457599999998
 31
0.0
100
AcDbText
 73
2
  0
LWPOLYLINE
  5
3A2
330
17
100
AcDbEntity
  8
06_ТАБЛИЦА
370
18
420
13160409
100
AcDbPolyline
 90
4
 70
1
 10
238.37988470153857
 20
73.06157599999999
 10
257.0680323938463
 20
73.06157599999999
 10
257.0680323938463
 20
77.88757599999998
 10
238.37988470153857
 20
77.88757599999998
  0
TEXT
  5
3A3
330
17
100
AcDbEntity
  8
06_ТАБЛИЦА
420
0
100
AcDbText
 10
247.72395854769243
 20
75.47457599999998
 30
0.0
 40
1.6256
  1
4800
  7
ГОСТ
 72
1
 11
247.72395854769243
 21
75.47457599999998
 31
0.0
100
AcDbText
 73
2
  0
LWPOLYLINE
  5
3A4
330
17
100
AcDbEntity
  8
06_ТАБЛИЦА
370
18
420
13160409
100
AcDbPolyline
 90
4
 70
1
 10
257.0680323938463
 20
73.06157599999999
 10
275.75618008615396
 20
73.06157599999999
 10
275.75618008615396
 20
77.88757599999998
 10
257.0680323938463
 20
77.88757599999998
  0
TEXT
  5
3A5
330
17
100
AcDbEntity
  8
06_ТАБЛИЦА
420
0
100
AcDbText
 10
266.41210624000007
 20
75.47457599999998
 30
0.0
 40
1.6256
  1
5013
  7
ГОСТ
 72
1
 11
266.41210624000007
 21
75.47457599999998
 31
0.0
100
AcDbText
 73
2
  0
LWPOLYLINE
  5
3A6
330
17
100
AcDbEntity
  8
06_ТАБЛИЦА
370
18
420
13160409
100
AcDbPolyline
 90
4
 70
1
 10
275.75618008615396
 20
73.06157599999999
 10
294.4443277784616
 20
73.06157599999999
 10
294.4443277784616
 20
77.88757599999998
 10
275.75618008615396
 20
77.88757599999998
  0
TEXT
  5
3A7
330
17
100
AcDbEntity
  8
06_ТАБЛИЦА
420
0
100
AcDbText
 10
285.10025393230785
 20
75.47457599999998
 30
0.0
 40
1.6256
  1
8225
  7
ГОСТ
 72
1
 11
285.10025393230785
 21
75.47457599999998
 31
0.0
100
AcDbText
 73
2
  0
LWPOLYLINE
  5
3A8
330
17
100
AcDbEntity
  8
06_ТАБЛИЦА
370
18
420
13160409
100
AcDbPolyline
 90
4
 70
1
 10
294.4443277784616
 20
73.06157599999999
 10
313.1324754707693
 20
73.06157599999999
 10
313.1324754707693
 20
77.88757599999998
 10
294.4443277784616
 20
77.88757599999998
  0
TEXT
  5
3A9
330
17
100
AcDbEntity
  8
06_ТАБЛИЦА
420
0
100
AcDbText
 10
303.78840162461546
 20
75.47457599999998
 30
0.0
 40
1.6256
  1
8225
  7
ГОСТ
 72
1
 11
303.78840162461546
 21
75.47457599999998
 31
0.0
100
AcDbText
 73
2
  0
LWPOLYLINE
  5
3AA
330
17
100
AcDbEntity
  8
06_ТАБЛИЦА
370
18
420
13160409
100
AcDbPolyline
 90
4
 70
1
 10
313.1324754707693
 20
73.06157599999999
 10
331.82062316307696
 20
73.06157599999999
 10
331.82062316307696
 20
77.88757599999998
 10
313.1324754707693
 20
77.88757599999998
  0
TEXT
  5
3AB
330
17
100
AcDbEntity
  8
06_ТАБЛИЦА
420
0
100
AcDbText
 10
322.4765493169232
 20
75.47457599999998
 30
0.0
 40
1.6256
  1
8225
  7
ГОСТ
 72
1
 11
322.4765493169232
 21
75.47457599999998
 31
0.0
100
AcDbText
 73
2
  0
LWPOLYLINE
  5
3AC
330
17
100
AcDbEntity
  8
06_ТАБЛИЦА
370
18
420
13160409
100
AcDbPolyline
 90
4
 70
1
 10
331.82062316307696
 20
73.06157599999999
 10
350.5087708553847
 20
73.06157599999999
 10
350.5087708553847
 20
77.88757599999998
 10
331.82062316307696
 20
77.88757599999998
  0
TEXT
  5
3AD
330
17
100
AcDbEntity
  8
06_ТАБЛИЦА
420
0
100
AcDbText
 10
341.1646970092308
 20
75.47457599999998
 30
0.0
 40
1.6256
  1
8225
  7
ГОСТ
 72
1
 11
341.1646970092308
 21
75.47457599999998
 31
0.0
100
AcDbText
 73
2
  0
LWPOLYLINE
  5
3AE
330
17
100
AcDbEntity
  8
06_ТАБЛИЦА
370
18
420
13160409
100
AcDbPolyline
 90
4
 70
1
 10
350.5087708553847
 20
73.06157599999999
 10
369.19691854769235
 20
73.06157599999999
 10
369.19691854769235
 20
77.88757599999998
 10
350.5087708553847
 20
77.88757599999998
  0
TEXT
  5
3AF
330
17
100
AcDbEntity
  8
06_ТАБЛИЦА
420
0
100
AcDbText
 10
359.8528447015386
 20
75.47457599999998
 30
0.0
 40
1.6256
  1
8225
  7
ГОСТ
 72
1
 11
359.8528447015386
 21
75.47457599999998
 31
0.0
100
AcDbText
 73
2
  0
LWPOLYLINE
  5
3B0
330
17
100
AcDbEntity
  8
06_ТАБЛИЦА
370
18
420
13160409
100
AcDbPolyline
 90
4
 70
1
 10
369.19691854769235
 20
73.06157599999999
 10
387.88506624
 20
73.06157599999999
 10
387.88506624
 20
77.88757599999998
 10
369.19691854769235
 20
77.88757599999998
  0
TEXT
  5
3B1
330
17
100
AcDbEntity
  8
06_ТАБЛИЦА
420
0
100
AcDbText
 10
378.5409923938461
 20
75.47457599999998
 30
0.0
 40
1.6256
  1
8225
  7
ГОСТ
 72
1
 11
378.5409923938461
 21
75.47457599999998
 31
0.0
100
AcDbText
 73
2
  0
LWPOLYLINE
  5
3B2
330
17
100
AcDbEntity
  8
06_ТАБЛИЦА
370
18
420
13160409
100
AcDbPolyline
 90
4
 70
1
 10
387.88506624
 20
73.06157599999999
 10
406.57321393230774
 20
73.06157599999999
 10
406.57321393230774
 20
77.88757599999998
 10
387.88506624
 20
77.88757599999998
  0
TEXT
  5
3B3
330
17
100
AcDbEntity
  8
06_ТАБЛИЦА
420
0
100
AcDbText
 10
397.2291400861539
 20
75.47457599999998
 30
0.0
 40
1.6256
  1
8225
  7
ГОСТ
 72
1
 11
397.2291400861539
 21
75.47457599999998
 31
0.0
100
AcDbText
 73
2
  0
LWPOLYLINE
  5
3B4
330
17
100
AcDbEntity
  8
06_ТАБЛИЦА
370
18
420
13160409
100
AcDbPolyline
 90
4
 70
1
 10
406.57321393230774
 20
73.06157599999999
 10
425.26136162461535
 20
73.06157599999999
 10
425.26136162461535
 20
77.88757599999998
 10
406.57321393230774
 20
77.88757599999998
  0
TEXT
  5
3B5
330
17
100
AcDbEntity
  8
06_ТАБЛИЦА
420
0
100
AcDbText
 10
415.9172877784615
 20
75.47457599999998
 30
0.0
 40
1.6256
  1
6619
  7
ГОСТ
 72
1
 11
415.9172877784615
 21
75.47457599999998
 31
0.0
100
AcDbText
 73
2
  0
LWPOLYLINE
  5
3B6
330
17
100
AcDbEntity
  8
06_ТАБЛИЦА
370
18
420
13160409
100
AcDbPolyline
 90
4
 70
1
 10
425.26136162461535
 20
73.06157599999999
 10
443.949509316923
 20
73.06157599999999
 10
443.949509316923
 20
77.88757599999998
 10
425.26136162461535
 20
77.88757599999998
  0
TEXT
  5
3B7
330
17
100
AcDbEntity
  8
06_ТАБЛИЦА
420
0
100
AcDbText
 10
434.60543547076924
 20
75.47457599999998
 30
0.0
 40
1.6256
  1
5240
  7
ГОСТ
 72
1
 11
434.60543547076924
 21
75.47457599999998
 31
0.0
100
AcDbText
 73
2
  0
LWPOLYLINE
  5
3B8
330
17
100
AcDbEntity
  8
06_ТАБЛИЦА
370
18
420
13160409
100
AcDbPolyline
 90
4
 70
1
 10
443.9495093169231
 20
73.06157599999999
 10
462.6376570092308
 20
73.06157599999999
 10
462.6376570092308
 20
77.88757599999998
 10
443.9495093169231
 20
77.88757599999998
  0
TEXT
  5
3B9
330
17
100
AcDbEntity
  8
06_ТАБЛИЦА
420
0
100
AcDbText
 10
453.293583163077
 20
75.47457599999998
 30
0.0
 40
1.6256
  1
3652
  7
ГОСТ
 72
1
 11
453.293583163077
 21
75.47457599999998
 31
0.0
100
AcDbText
 73
2
  0
LWPOLYLINE
  5
3BA
330
17
100
AcDbEntity
  8
06_ТАБЛИЦА
370
18
420
13160409
100
AcDbPolyline
 90
4
 70
1
 10
462.6376570092308
 20
73.06157599999999
 10
481.3258047015385
 20
73.06157599999999
 10
481.3258047015385
 20
77.88757599999998
 10
462.6376570092308
 20
77.88757599999998
  0
TEXT
  5
3BB
330
17
100
AcDbEntity
  8
06_ТАБЛИЦА
420
0
100
AcDbText
 10
471.9817308553846
 20
75.47457599999998
 30
0.0
 40
1.6256
  1
2050
  7
ГОСТ
 72
1
 11
471.9817308553846
 21
75.47457599999998
 31
0.0
100
AcDbText
 73
2
  0
LWPOLYLINE
  5
3BC
330
17
100
AcDbEntity
  8
06_ТАБЛИЦА
370
18
420
13160409
100
AcDbPolyline
 90
4
 70
1
 10
481.3258047015385
 20
73.06157599999999
 10
500.0139523938462
 20
73.06157599999999
 10
500.0139523938462
 20
77.88757599999998
 10
481.3258047015385
 20
77.88757599999998
  0
TEXT
  5
3BD
330
17
100
AcDbEntity
  8
06_ТАБЛИЦА
420
0
100
AcDbText
 10
490.6698785476923
 20
75.47457599999998
 30
0.0
 40
1.6256
  1
—
  7
ГОСТ
 72
1
 11
490.6698785476923
 21
75.47457599999998
 31
0.0
100
AcDbText
 73
2
  0
HATCH
  5
3BE
330
17
100
AcDbEntity
  8
06_ТАБЛИЦА
 62
7
420
16185594
100
AcDbHatch
 10
0.0
 20
0.0
 30
0.0
210
0.0
220
0.0
230
1.0
  2
SOLID
 70
1
 71
0
 91
1
 92
3
 72
0
 73
1
 93
4
 10
-2.173952393845988
 20
68.23557599999998
 10
32.81026008615401
 20
68.23557599999998
 10
32.81026008615401
 20
73.06157599999999
 10
-2.173952393845988
 20
73.06157599999999
 97
0
 75
0
 76
1
 98
0
  0
LWPOLYLINE
  5
3BF
330
17
100
AcDbEntity
  8
06_ТАБЛИЦА
370
18
420
13160409
100
AcDbPolyline
 90
4
 70
1
 10
-2.173952393845988
 20
68.23557599999998
 10
32.81026008615401
 20
68.23557599999998
 10
32.81026008615401
 20
73.06157599999999
 10
-2.173952393845988
 20
73.06157599999999
  0
TEXT
  5
3C0
330
17
100
AcDbEntity
  8
06_ТАБЛИЦА
420
1450031
100
AcDbText
 10
15.318153846154015
 20
70.64857599999998
 30
0.0
 40
1.5748
  1
2.20
  7
ГОСТ
 72
1
 11
15.318153846154015
 21
70.64857599999998
 31
0.0
100
AcDbText
 73
2
  0
LWPOLYLINE
  5
3C1
330
17
100
AcDbEntity
  8
06_ТАБЛИЦА
370
18
420
13160409
100
AcDbPolyline
 90
4
 70
1
 10
32.81026008615401
 20
68.23557599999998
 10
51.49840777846172
 20
68.23557599999998
 10
51.49840777846172
 20
73.06157599999999
 10
32.81026008615401
 20
73.06157599999999
  0
TEXT
  5
3C2
330
17
100
AcDbEntity
  8
06_ТАБЛИЦА
420
0
100
AcDbText
 10
42.15433393230786
 20
70.64857599999998
 30
0.0
 40
1.6256
  1
5785
  7
ГОСТ
 72
1
 11
42.15433393230786
 21
70.64857599999998
 31
0.0
100
AcDbText
 73
2
  0
LWPOLYLINE
  5
3C3
330
17
100
AcDbEntity
  8
06_ТАБЛИЦА
370
18
420
13160409
100
AcDbPolyline
 90
4
 70
1
 10
51.49840777846172
 20
68.23557599999998
 10
70.1865554707694
 20
68.23557599999998
 10
70.1865554707694
 20
73.06157599999999
 10
51.49840777846172
 20
73.06157599999999
  0
TEXT
  5
3C4
330
17
100
AcDbEntity
  8
06_ТАБЛИЦА
420
0
100
AcDbText
 10
60.84248162461555
 20
70.64857599999998
 30
0.0
 40
1.6256
  1
7005
  7
ГОСТ
 72
1
 11
60.84248162461555
 21
70.64857599999998
 31
0.0
100
AcDbText
 73
2
  0
LWPOLYLINE
  5
3C5
330
17
100
AcDbEntity
  8
06_ТАБЛИЦА
370
18
420
13160409
100
AcDbPolyline
 90
4
 70
1
 10
70.1865554707694
 20
68.23557599999998
 10
88.8747031630771
 20
68.23557599999998
 10
88.8747031630771
 20
73.06157599999999
 10
70.1865554707694
 20
73.06157599999999
  0
TEXT
  5
3C6
330
17
100
AcDbEntity
  8
06_ТАБЛИЦА
420
0
100
AcDbText
 10
79.53062931692324
 20
70.64857599999998
 30
0.0
 40
1.6256
  1
7564
  7
ГОСТ
 72
1
 11
79.53062931692324
 21
70.64857599999998
 31
0.0
100
AcDbText
 73
2
  0
LWPOLYLINE
  5
3C7
330
17
100
AcDbEntity
  8
06_ТАБЛИЦА
370
18
420
13160409
100
AcDbPolyline
 90
4
 70
1
 10
88.8747031630771
 20
68.23557599999998
 10
107.5628508553848
 20
68.23557599999998
 10
107.5628508553848
 20
73.06157599999999
 10
88.8747031630771
 20
73.06157599999999
  0
TEXT
  5
3C8
330
17
100
AcDbEntity
  8
06_ТАБЛИЦА
420
0
100
AcDbText
 10
98.21877700923095
 20
70.64857599999998
 30
0.0
 40
1.6256
  1
7954
  7
ГОСТ
 72
1
 11
98.21877700923095
 21
70.64857599999998
 31
0.0
100
AcDbText
 73
2
  0
LWPOLYLINE
  5
3C9
330
17
100
AcDbEntity
  8
06_ТАБЛИЦА
370
18
420
13160409
100
AcDbPolyline
 90
4
 70
1
 10
107.5628508553848
 20
68.23557599999998
 10
126.25099854769248
 20
68.23557599999998
 10
126.25099854769248
 20
73.06157599999999
 10
107.5628508553848
 20
73.06157599999999
  0
TEXT
  5
3CA
330
17
100
AcDbEntity
  8
06_ТАБЛИЦА
420
0
100
AcDbText
 10
116.90692470153863
 20
70.64857599999998
 30
0.0
 40
1.6256
  1
8182
  7
ГОСТ
 72
1
 11
116.90692470153863
 21
70.64857599999998
 31
0.0
100
AcDbText
 73
2
  0
LWPOLYLINE
  5
3CB
330
17
100
AcDbEntity
  8
06_ТАБЛИЦА
370
18
420
13160409
100
AcDbPolyline
 90
4
 70
1
 10
126.2509985476925
 20
68.23557599999998
 10
144.93914624000018
 20
68.23557599999998
 10
144.93914624000018
 20
73.06157599999999
 10
126.2509985476925
 20
73.06157599999999
  0
TEXT
  5
3CC
330
17
100
AcDbEntity
  8
06_ТАБЛИЦА
420
0
100
AcDbText
 10
135.59507239384635
 20
70.64857599999998
 30
0.0
 40
1.6256
  1
8233
  7
ГОСТ
 72
1
 11
135.59507239384635
 21
70.64857599999998
 31
0.0
100
AcDbText
 73
2
  0
LWPOLYLINE
  5
3CD
330
17
100
AcDbEntity
  8
06_ТАБЛИЦА
370
18
420
13160409
100
AcDbPolyline
 90
4
 70
1
 10
144.93914624000018
 20
68.23557599999998
 10
163.62729393230785
 20
68.23557599999998
 10
163.62729393230785
 20
73.06157599999999
 10
144.93914624000018
 20
73.06157599999999
  0
TEXT
  5
3CE
330
17
100
AcDbEntity
  8
06_ТАБЛИЦА
420
0
100
AcDbText
 10
154.28322008615402
 20
70.64857599999998
 30
0.0
 40
1.6256
  1
8233
  7
ГОСТ
 72
1
 11
154.28322008615402
 21
70.64857599999998
 31
0.0
100
AcDbText
 73
2
  0
LWPOLYLINE
  5
3CF
330
17
100
AcDbEntity
  8
06_ТАБЛИЦА
370
18
420
13160409
100
AcDbPolyline
 90
4
 70
1
 10
163.62729393230785
 20
68.23557599999998
 10
182.31544162461552
 20
68.23557599999998
 10
182.31544162461552
 20
73.06157599999999
 10
163.62729393230785
 20
73.06157599999999
  0
TEXT
  5
3D0
330
17
100
AcDbEntity
  8
06_ТАБЛИЦА
420
0
100
AcDbText
 10
172.9713677784617
 20
70.64857599999998
 30
0.0
 40
1.6256
  1
8233
  7
ГОСТ
 72
1
 11
172.9713677784617
 21
70.64857599999998
 31
0.0
100
AcDbText
 73
2
  0
LWPOLYLINE
  5
3D1
330
17
100
AcDbEntity
  8
06_ТАБЛИЦА
370
18
420
13160409
100
AcDbPolyline
 90
4
 70
1
 10
182.31544162461557
 20
68.23557599999998
 10
201.00358931692324
 20
68.23557599999998
 10
201.00358931692324
 20
73.06157599999999
 10
182.31544162461557
 20
73.06157599999999
  0
TEXT
  5
3D2
330
17
100
AcDbEntity
  8
06_ТАБЛИЦА
420
0
100
AcDbText
 10
191.6595154707694
 20
70.64857599999998
 30
0.0
 40
1.6256
  1
8233
  7
ГОСТ
 72
1
 11
191.6595154707694
 21
70.64857599999998
 31
0.0
100
AcDbText
 73
2
  0
LWPOLYLINE
  5
3D3
330
17
100
AcDbEntity
  8
06_ТАБЛИЦА
370
18
420
13160409
100
AcDbPolyline
 90
4
 70
1
 10
201.00358931692324
 20
68.23557599999998
 10
219.69173700923093
 20
68.23557599999998
 10
219.69173700923093
 20
73.06157599999999
 10
201.00358931692324
 20
73.06157599999999
  0
TEXT
  5
3D4
330
17
100
AcDbEntity
  8
06_ТАБЛИЦА
420
0
100
AcDbText
 10
210.3476631630771
 20
70.64857599999998
 30
0.0
 40
1.6256
  1
8233
  7
ГОСТ
 72
1
 11
210.3476631630771
 21
70.64857599999998
 31
0.0
100
AcDbText
 73
2
  0
LWPOLYLINE
  5
3D5
330
17
100
AcDbEntity
  8
06_ТАБЛИЦА
370
18
420
13160409
100
AcDbPolyline
 90
4
 70
1
 10
219.69173700923093
 20
68.23557599999998
 10
238.37988470153857
 20
68.23557599999998
 10
238.37988470153857
 20
73.06157599999999
 10
219.69173700923093
 20
73.06157599999999
  0
TEXT
  5
3D6
330
17
100
AcDbEntity
  8
06_ТАБЛИЦА
420
0
100
AcDbText
 10
229.03581085538474
 20
70.64857599999998
 30
0.0
 40
1.6256
  1
8233
  7
ГОСТ
 72
1
 11
229.03581085538474
 21
70.64857599999998
 31
0.0
100
AcDbText
 73
2
  0
LWPOLYLINE
  5
3D7
330
17
100
AcDbEntity
  8
06_ТАБЛИЦА
370
18
420
13160409
100
AcDbPolyline
 90
4
 70
1
 10
238.37988470153857
 20
68.23557599999998
 10
257.0680323938463
 20
68.23557599999998
 10
257.0680323938463
 20
73.06157599999999
 10
238.37988470153857
 20
73.06157599999999
  0
TEXT
  5
3D8
330
17
100
AcDbEntity
  8
06_ТАБЛИЦА
420
0
100
AcDbText
 10
247.72395854769243
 20
70.64857599999998
 30
0.0
 40
1.6256
  1
4800
  7
ГОСТ
 72
1
 11
247.72395854769243
 21
70.64857599999998
 31
0.0
100
AcDbText
 73
2
  0
LWPOLYLINE
  5
3D9
330
17
100
AcDbEntity
  8
06_ТАБЛИЦА
370
18
420
13160409
100
AcDbPolyline
 90
4
 70
1
 10
257.0680323938463
 20
68.23557599999998
 10
275.75618008615396
 20
68.23557599999998
 10
275.75618008615396
 20
73.06157599999999
 10
257.0680323938463
 20
73.06157599999999
  0
TEXT
  5
3DA
330
17
100
AcDbEntity
  8
06_ТАБЛИЦА
420
0
100
AcDbText
 10
266.41210624000007
 20
70.64857599999998
 30
0.0
 40
1.6256
  1
5013
  7
ГОСТ
 72
1
 11
266.41210624000007
 21
70.64857599999998
 31
0.0
100
AcDbText
 73
2
  0
LWPOLYLINE
  5
3DB
330
17
100
AcDbEntity
  8
06_ТАБЛИЦА
370
18
420
13160409
100
AcDbPolyline
 90
4
 70
1
 10
275.75618008615396
 20
68.23557599999998
 10
294.4443277784616
 20
68.23557599999998
 10
294.4443277784616
 20
73.06157599999999
 10
275.75618008615396
 20
73.06157599999999
  0
TEXT
  5
3DC
330
17
100
AcDbEntity
  8
06_ТАБЛИЦА
420
0
100
AcDbText
 10
285.10025393230785
 20
70.64857599999998
 30
0.0
 40
1.6256
  1
8233
  7
ГОСТ
 72
1
 11
285.10025393230785
 21
70.64857599999998
 31
0.0
100
AcDbText
 73
2
  0
LWPOLYLINE
  5
3DD
330
17
100
AcDbEntity
  8
06_ТАБЛИЦА
370
18
420
13160409
100
AcDbPolyline
 90
4
 70
1
 10
294.4443277784616
 20
68.23557599999998
 10
313.1324754707693
 20
68.23557599999998
 10
313.1324754707693
 20
73.06157599999999
 10
294.4443277784616
 20
73.06157599999999
  0
TEXT
  5
3DE
330
17
100
AcDbEntity
  8
06_ТАБЛИЦА
420
0
100
AcDbText
 10
303.78840162461546
 20
70.64857599999998
 30
0.0
 40
1.6256
  1
8233
  7
ГОСТ
 72
1
 11
303.78840162461546
 21
70.64857599999998
 31
0.0
100
AcDbText
 73
2
  0
LWPOLYLINE
  5
3DF
330
17
100
AcDbEntity
  8
06_ТАБЛИЦА
370
18
420
13160409
100
AcDbPolyline
 90
4
 70
1
 10
313.1324754707693
 20
68.23557599999998
 10
331.82062316307696
 20
68.23557599999998
 10
331.82062316307696
 20
73.06157599999999
 10
313.1324754707693
 20
73.06157599999999
  0
TEXT
  5
3E0
330
17
100
AcDbEntity
  8
06_ТАБЛИЦА
420
0
100
AcDbText
 10
322.4765493169232
 20
70.64857599999998
 30
0.0
 40
1.6256
  1
8233
  7
ГОСТ
 72
1
 11
322.4765493169232
 21
70.64857599999998
 31
0.0
100
AcDbText
 73
2
  0
LWPOLYLINE
  5
3E1
330
17
100
AcDbEntity
  8
06_ТАБЛИЦА
370
18
420
13160409
100
AcDbPolyline
 90
4
 70
1
 10
331.82062316307696
 20
68.23557599999998
 10
350.5087708553847
 20
68.23557599999998
 10
350.5087708553847
 20
73.06157599999999
 10
331.82062316307696
 20
73.06157599999999
  0
TEXT
  5
3E2
330
17
100
AcDbEntity
  8
06_ТАБЛИЦА
420
0
100
AcDbText
 10
341.1646970092308
 20
70.64857599999998
 30
0.0
 40
1.6256
  1
8233
  7
ГОСТ
 72
1
 11
341.1646970092308
 21
70.64857599999998
 31
0.0
100
AcDbText
 73
2
  0
LWPOLYLINE
  5
3E3
330
17
100
AcDbEntity
  8
06_ТАБЛИЦА
370
18
420
13160409
100
AcDbPolyline
 90
4
 70
1
 10
350.5087708553847
 20
68.23557599999998
 10
369.19691854769235
 20
68.23557599999998
 10
369.19691854769235
 20
73.06157599999999
 10
350.5087708553847
 20
73.06157599999999
  0
TEXT
  5
3E4
330
17
100
AcDbEntity
  8
06_ТАБЛИЦА
420
0
100
AcDbText
 10
359.8528447015386
 20
70.64857599999998
 30
0.0
 40
1.6256
  1
8233
  7
ГОСТ
 72
1
 11
359.8528447015386
 21
70.64857599999998
 31
0.0
100
AcDbText
 73
2
  0
LWPOLYLINE
  5
3E5
330
17
100
AcDbEntity
  8
06_ТАБЛИЦА
370
18
420
13160409
100
AcDbPolyline
 90
4
 70
1
 10
369.19691854769235
 20
68.23557599999998
 10
387.88506624
 20
68.23557599999998
 10
387.88506624
 20
73.06157599999999
 10
369.19691854769235
 20
73.06157599999999
  0
TEXT
  5
3E6
330
17
100
AcDbEntity
  8
06_ТАБЛИЦА
420
0
100
AcDbText
 10
378.5409923938461
 20
70.64857599999998
 30
0.0
 40
1.6256
  1
8233
  7
ГОСТ
 72
1
 11
378.5409923938461
 21
70.64857599999998
 31
0.0
100
AcDbText
 73
2
  0
LWPOLYLINE
  5
3E7
330
17
100
AcDbEntity
  8
06_ТАБЛИЦА
370
18
420
13160409
100
AcDbPolyline
 90
4
 70
1
 10
387.88506624
 20
68.23557599999998
 10
406.57321393230774
 20
68.23557599999998
 10
406.57321393230774
 20
73.06157599999999
 10
387.88506624
 20
73.06157599999999
  0
TEXT
  5
3E8
330
17
100
AcDbEntity
  8
06_ТАБЛИЦА
420
0
100
AcDbText
 10
397.2291400861539
 20
70.64857599999998
 30
0.0
 40
1.6256
  1
8233
  7
ГОСТ
 72
1
 11
397.2291400861539
 21
70.64857599999998
 31
0.0
100
AcDbText
 73
2
  0
LWPOLYLINE
  5
3E9
330
17
100
AcDbEntity
  8
06_ТАБЛИЦА
370
18
420
13160409
100
AcDbPolyline
 90
4
 70
1
 10
406.57321393230774
 20
68.23557599999998
 10
425.26136162461535
 20
68.23557599999998
 10
425.26136162461535
 20
73.06157599999999
 10
406.57321393230774
 20
73.06157599999999
  0
TEXT
  5
3EA
330
17
100
AcDbEntity
  8
06_ТАБЛИЦА
420
0
100
AcDbText
 10
415.9172877784615
 20
70.64857599999998
 30
0.0
 40
1.6256
  1
6650
  7
ГОСТ
 72
1
 11
415.9172877784615
 21
70.64857599999998
 31
0.0
100
AcDbText
 73
2
  0
LWPOLYLINE
  5
3EB
330
17
100
AcDbEntity
  8
06_ТАБЛИЦА
370
18
420
13160409
100
AcDbPolyline
 90
4
 70
1
 10
425.26136162461535
 20
68.23557599999998
 10
443.949509316923
 20
68.23557599999998
 10
443.949509316923
 20
73.06157599999999
 10
425.26136162461535
 20
73.06157599999999
  0
TEXT
  5
3EC
330
17
100
AcDbEntity
  8
06_ТАБЛИЦА
420
0
100
AcDbText
 10
434.60543547076924
 20
70.64857599999998
 30
0.0
 40
1.6256
  1
5287
  7
ГОСТ
 72
1
 11
434.60543547076924
 21
70.64857599999998
 31
0.0
100
AcDbText
 73
2
  0
LWPOLYLINE
  5
3ED
330
17
100
AcDbEntity
  8
06_ТАБЛИЦА
370
18
420
13160409
100
AcDbPolyline
 90
4
 70
1
 10
443.9495093169231
 20
68.23557599999998
 10
462.6376570092308
 20
68.23557599999998
 10
462.6376570092308
 20
73.06157599999999
 10
443.9495093169231
 20
73.06157599999999
  0
TEXT
  5
3EE
330
17
100
AcDbEntity
  8
06_ТАБЛИЦА
420
0
100
AcDbText
 10
453.293583163077
 20
70.64857599999998
 30
0.0
 40
1.6256
  1
3706
  7
ГОСТ
 72
1
 11
453.293583163077
 21
70.64857599999998
 31
0.0
100
AcDbText
 73
2
  0
LWPOLYLINE
  5
3EF
330
17
100
AcDbEntity
  8
06_ТАБЛИЦА
370
18
420
13160409
100
AcDbPolyline
 90
4
 70
1
 10
462.6376570092308
 20
68.23557599999998
 10
481.3258047015385
 20
68.23557599999998
 10
481.3258047015385
 20
73.06157599999999
 10
462.6376570092308
 20
73.06157599999999
  0
TEXT
  5
3F0
330
17
100
AcDbEntity
  8
06_ТАБЛИЦА
420
0
100
AcDbText
 10
471.9817308553846
 20
70.64857599999998
 30
0.0
 40
1.6256
  1
2051
  7
ГОСТ
 72
1
 11
471.9817308553846
 21
70.64857599999998
 31
0.0
100
AcDbText
 73
2
  0
LWPOLYLINE
  5
3F1
330
17
100
AcDbEntity
  8
06_ТАБЛИЦА
370
18
420
13160409
100
AcDbPolyline
 90
4
 70
1
 10
481.3258047015385
 20
68.23557599999998
 10
500.0139523938462
 20
68.23557599999998
 10
500.0139523938462
 20
73.06157599999999
 10
481.3258047015385
 20
73.06157599999999
  0
TEXT
  5
3F2
330
17
100
AcDbEntity
  8
06_ТАБЛИЦА
420
0
100
AcDbText
 10
490.6698785476923
 20
70.64857599999998
 30
0.0
 40
1.6256
  1
19
  7
ГОСТ
 72
1
 11
490.6698785476923
 21
70.64857599999998
 31
0.0
100
AcDbText
 73
2
  0
HATCH
  5
3F3
330
17
100
AcDbEntity
  8
06_ТАБЛИЦА
 62
7
420
16185594
100
AcDbHatch
 10
0.0
 20
0.0
 30
0.0
210
0.0
220
0.0
230
1.0
  2
SOLID
 70
1
 71
0
 91
1
 92
3
 72
0
 73
1
 93
4
 10
-2.173952393845988
 20
63.409576
 10
32.81026008615401
 20
63.409576
 10
32.81026008615401
 20
68.235576
 10
-2.173952393845988
 20
68.235576
 97
0
 75
0
 76
1
 98
0
  0
LWPOLYLINE
  5
3F4
330
17
100
AcDbEntity
  8
06_ТАБЛИЦА
370
18
420
13160409
100
AcDbPolyline
 90
4
 70
1
 10
-2.173952393845988
 20
63.409576
 10
32.81026008615401
 20
63.409576
 10
32.81026008615401
 20
68.235576
 10
-2.173952393845988
 20
68.235576
  0
TEXT
  5
3F5
330
17
100
AcDbEntity
  8
06_ТАБЛИЦА
420
1450031
100
AcDbText
 10
15.318153846154015
 20
65.822576
 30
0.0
 40
1.5748
  1
2.60
  7
ГОСТ
 72
1
 11
15.318153846154015
 21
65.822576
 31
0.0
100
AcDbText
 73
2
  0
LWPOLYLINE
  5
3F6
330
17
100
AcDbEntity
  8
06_ТАБЛИЦА
370
18
420
13160409
100
AcDbPolyline
 90
4
 70
1
 10
32.81026008615401
 20
63.409576
 10
51.49840777846172
 20
63.409576
 10
51.49840777846172
 20
68.235576
 10
32.81026008615401
 20
68.235576
  0
TEXT
  5
3F7
330
17
100
AcDbEntity
  8
06_ТАБЛИЦА
420
0
100
AcDbText
 10
42.15433393230786
 20
65.822576
 30
0.0
 40
1.6256
  1
6037
  7
ГОСТ
 72
1
 11
42.15433393230786
 21
65.822576
 31
0.0
100
AcDbText
 73
2
  0
LWPOLYLINE
  5
3F8
330
17
100
AcDbEntity
  8
06_ТАБЛИЦА
370
18
420
13160409
100
AcDbPolyline
 90
4
 70
1
 10
51.49840777846172
 20
63.409576
 10
70.1865554707694
 20
63.409576
 10
70.1865554707694
 20
68.235576
 10
51.49840777846172
 20
68.235576
  0
TEXT
  5
3F9
330
17
100
AcDbEntity
  8
06_ТАБЛИЦА
420
0
100
AcDbText
 10
60.84248162461555
 20
65.822576
 30
0.0
 40
1.6256
  1
7150
  7
ГОСТ
 72
1
 11
60.84248162461555
 21
65.822576
 31
0.0
100
AcDbText
 73
2
  0
LWPOLYLINE
  5
3FA
330
17
100
AcDbEntity
  8
06_ТАБЛИЦА
370
18
420
13160409
100
AcDbPolyline
 90
4
 70
1
 10
70.1865554707694
 20
63.409576
 10
88.8747031630771
 20
63.409576
 10
88.8747031630771
 20
68.235576
 10
70.1865554707694
 20
68.235576
  0
TEXT
  5
3FB
330
17
100
AcDbEntity
  8
06_ТАБЛИЦА
420
0
100
AcDbText
 10
79.53062931692324
 20
65.822576
 30
0.0
 40
1.6256
  1
7629
  7
ГОСТ
 72
1
 11
79.53062931692324
 21
65.822576
 31
0.0
100
AcDbText
 73
2
  0
LWPOLYLINE
  5
3FC
330
17
100
AcDbEntity
  8
06_ТАБЛИЦА
370
18
420
13160409
100
AcDbPolyline
 90
4
 70
1
 10
88.8747031630771
 20
63.409576
 10
107.5628508553848
 20
63.409576
 10
107.5628508553848
 20
68.235576
 10
88.8747031630771
 20
68.235576
  0
TEXT
  5
3FD
330
17
100
AcDbEntity
  8
06_ТАБЛИЦА
420
0
100
AcDbText
 10
98.21877700923095
 20
65.822576
 30
0.0
 40
1.6256
  1
7999
  7
ГОСТ
 72
1
 11
98.21877700923095
 21
65.822576
 31
0.0
100
AcDbText
 73
2
  0
LWPOLYLINE
  5
3FE
330
17
100
AcDbEntity
  8
06_ТАБЛИЦА
370
18
420
13160409
100
AcDbPolyline
 90
4
 70
1
 10
107.5628508553848
 20
63.409576
 10
126.25099854769248
 20
63.409576
 10
126.25099854769248
 20
68.235576
 10
107.5628508553848
 20
68.235576
  0
TEXT
  5
3FF
330
17
100
AcDbEntity
  8
06_ТАБЛИЦА
420
0
100
AcDbText
 10
116.90692470153863
 20
65.822576
 30
0.0
 40
1.6256
  1
8216
  7
ГОСТ
 72
1
 11
116.90692470153863
 21
65.822576
 31
0.0
100
AcDbText
 73
2
  0
LWPOLYLINE
  5
400
330
17
100
AcDbEntity
  8
06_ТАБЛИЦА
370
18
420
13160409
100
AcDbPolyline
 90
4
 70
1
 10
126.2509985476925
 20
63.409576
 10
144.93914624000018
 20
63.409576
 10
144.93914624000018
 20
68.235576
 10
126.2509985476925
 20
68.235576
  0
TEXT
  5
401
330
17
100
AcDbEntity
  8
06_ТАБЛИЦА
420
0
100
AcDbText
 10
135.59507239384635
 20
65.822576
 30
0.0
 40
1.6256
  1
8242
  7
ГОСТ
 72
1
 11
135.59507239384635
 21
65.822576
 31
0.0
100
AcDbText
 73
2
  0
LWPOLYLINE
  5
402
330
17
100
AcDbEntity
  8
06_ТАБЛИЦА
370
18
420
13160409
100
AcDbPolyline
 90
4
 70
1
 10
144.93914624000018
 20
63.409576
 10
163.62729393230785
 20
63.409576
 10
163.62729393230785
 20
68.235576
 10
144.93914624000018
 20
68.235576
  0
TEXT
  5
403
330
17
100
AcDbEntity
  8
06_ТАБЛИЦА
420
0
100
AcDbText
 10
154.28322008615402
 20
65.822576
 30
0.0
 40
1.6256
  1
8242
  7
ГОСТ
 72
1
 11
154.28322008615402
 21
65.822576
 31
0.0
100
AcDbText
 73
2
  0
LWPOLYLINE
  5
404
330
17
100
AcDbEntity
  8
06_ТАБЛИЦА
370
18
420
13160409
100
AcDbPolyline
 90
4
 70
1
 10
163.62729393230785
 20
63.409576
 10
182.31544162461552
 20
63.409576
 10
182.31544162461552
 20
68.235576
 10
163.62729393230785
 20
68.235576
  0
TEXT
  5
405
330
17
100
AcDbEntity
  8
06_ТАБЛИЦА
420
0
100
AcDbText
 10
172.9713677784617
 20
65.822576
 30
0.0
 40
1.6256
  1
8242
  7
ГОСТ
 72
1
 11
172.9713677784617
 21
65.822576
 31
0.0
100
AcDbText
 73
2
  0
LWPOLYLINE
  5
406
330
17
100
AcDbEntity
  8
06_ТАБЛИЦА
370
18
420
13160409
100
AcDbPolyline
 90
4
 70
1
 10
182.31544162461557
 20
63.409576
 10
201.00358931692324
 20
63.409576
 10
201.00358931692324
 20
68.235576
 10
182.31544162461557
 20
68.235576
  0
TEXT
  5
407
330
17
100
AcDbEntity
  8
06_ТАБЛИЦА
420
0
100
AcDbText
 10
191.6595154707694
 20
65.822576
 30
0.0
 40
1.6256
  1
8242
  7
ГОСТ
 72
1
 11
191.6595154707694
 21
65.822576
 31
0.0
100
AcDbText
 73
2
  0
LWPOLYLINE
  5
408
330
17
100
AcDbEntity
  8
06_ТАБЛИЦА
370
18
420
13160409
100
AcDbPolyline
 90
4
 70
1
 10
201.00358931692324
 20
63.409576
 10
219.69173700923093
 20
63.409576
 10
219.69173700923093
 20
68.235576
 10
201.00358931692324
 20
68.235576
  0
TEXT
  5
409
330
17
100
AcDbEntity
  8
06_ТАБЛИЦА
420
0
100
AcDbText
 10
210.3476631630771
 20
65.822576
 30
0.0
 40
1.6256
  1
8242
  7
ГОСТ
 72
1
 11
210.3476631630771
 21
65.822576
 31
0.0
100
AcDbText
 73
2
  0
LWPOLYLINE
  5
40A
330
17
100
AcDbEntity
  8
06_ТАБЛИЦА
370
18
420
13160409
100
AcDbPolyline
 90
4
 70
1
 10
219.69173700923093
 20
63.409576
 10
238.37988470153857
 20
63.409576
 10
238.37988470153857
 20
68.235576
 10
219.69173700923093
 20
68.235576
  0
TEXT
  5
40B
330
17
100
AcDbEntity
  8
06_ТАБЛИЦА
420
0
100
AcDbText
 10
229.03581085538474
 20
65.822576
 30
0.0
 40
1.6256
  1
8242
  7
ГОСТ
 72
1
 11
229.03581085538474
 21
65.822576
 31
0.0
100
AcDbText
 73
2
  0
LWPOLYLINE
  5
40C
330
17
100
AcDbEntity
  8
06_ТАБЛИЦА
370
18
420
13160409
100
AcDbPolyline
 90
4
 70
1
 10
238.37988470153857
 20
63.409576
 10
257.0680323938463
 20
63.409576
 10
257.0680323938463
 20
68.235576
 10
238.37988470153857
 20
68.235576
  0
TEXT
  5
40D
330
17
100
AcDbEntity
  8
06_ТАБЛИЦА
420
0
100
AcDbText
 10
247.72395854769243
 20
65.822576
 30
0.0
 40
1.6256
  1
4800
  7
ГОСТ
 72
1
 11
247.72395854769243
 21
65.822576
 31
0.0
100
AcDbText
 73
2
  0
LWPOLYLINE
  5
40E
330
17
100
AcDbEntity
  8
06_ТАБЛИЦА
370
18
420
13160409
100
AcDbPolyline
 90
4
 70
1
 10
257.0680323938463
 20
63.409576
 10
275.75618008615396
 20
63.409576
 10
275.75618008615396
 20
68.235576
 10
257.0680323938463
 20
68.235576
  0
TEXT
  5
40F
330
17
100
AcDbEntity
  8
06_ТАБЛИЦА
420
0
100
AcDbText
 10
266.41210624000007
 20
65.822576
 30
0.0
 40
1.6256
  1
5013
  7
ГОСТ
 72
1
 11
266.41210624000007
 21
65.822576
 31
0.0
100
AcDbText
 73
2
  0
LWPOLYLINE
  5
410
330
17
100
AcDbEntity
  8
06_ТАБЛИЦА
370
18
420
13160409
100
AcDbPolyline
 90
4
 70
1
 10
275.75618008615396
 20
63.409576
 10
294.4443277784616
 20
63.409576
 10
294.4443277784616
 20
68.235576
 10
275.75618008615396
 20
68.235576
  0
TEXT
  5
411
330
17
100
AcDbEntity
  8
06_ТАБЛИЦА
420
0
100
AcDbText
 10
285.10025393230785
 20
65.822576
 30
0.0
 40
1.6256
  1
8242
  7
ГОСТ
 72
1
 11
285.10025393230785
 21
65.822576
 31
0.0
100
AcDbText
 73
2
  0
LWPOLYLINE
  5
412
330
17
100
AcDbEntity
  8
06_ТАБЛИЦА
370
18
420
13160409
100
AcDbPolyline
 90
4
 70
1
 10
294.4443277784616
 20
63.409576
 10
313.1324754707693
 20
63.409576
 10
313.1324754707693
 20
68.235576
 10
294.4443277784616
 20
68.235576
  0
TEXT
  5
413
330
17
100
AcDbEntity
  8
06_ТАБЛИЦА
420
0
100
AcDbText
 10
303.78840162461546
 20
65.822576
 30
0.0
 40
1.6256
  1
8242
  7
ГОСТ
 72
1
 11
303.78840162461546
 21
65.822576
 31
0.0
100
AcDbText
 73
2
  0
LWPOLYLINE
  5
414
330
17
100
AcDbEntity
  8
06_ТАБЛИЦА
370
18
420
13160409
100
AcDbPolyline
 90
4
 70
1
 10
313.1324754707693
 20
63.409576
 10
331.82062316307696
 20
63.409576
 10
331.82062316307696
 20
68.235576
 10
313.1324754707693
 20
68.235576
  0
TEXT
  5
415
330
17
100
AcDbEntity
  8
06_ТАБЛИЦА
420
0
100
AcDbText
 10
322.4765493169232
 20
65.822576
 30
0.0
 40
1.6256
  1
8242
  7
ГОСТ
 72
1
 11
322.4765493169232
 21
65.822576
 31
0.0
100
AcDbText
 73
2
  0
LWPOLYLINE
  5
416
330
17
100
AcDbEntity
  8
06_ТАБЛИЦА
370
18
420
13160409
100
AcDbPolyline
 90
4
 70
1
 10
331.82062316307696
 20
63.409576
 10
350.5087708553847
 20
63.409576
 10
350.5087708553847
 20
68.235576
 10
331.82062316307696
 20
68.235576
  0
TEXT
  5
417
330
17
100
AcDbEntity
  8
06_ТАБЛИЦА
420
0
100
AcDbText
 10
341.1646970092308
 20
65.822576
 30
0.0
 40
1.6256
  1
8242
  7
ГОСТ
 72
1
 11
341.1646970092308
 21
65.822576
 31
0.0
100
AcDbText
 73
2
  0
LWPOLYLINE
  5
418
330
17
100
AcDbEntity
  8
06_ТАБЛИЦА
370
18
420
13160409
100
AcDbPolyline
 90
4
 70
1
 10
350.5087708553847
 20
63.409576
 10
369.19691854769235
 20
63.409576
 10
369.19691854769235
 20
68.235576
 10
350.5087708553847
 20
68.235576
  0
TEXT
  5
419
330
17
100
AcDbEntity
  8
06_ТАБЛИЦА
420
0
100
AcDbText
 10
359.8528447015386
 20
65.822576
 30
0.0
 40
1.6256
  1
8242
  7
ГОСТ
 72
1
 11
359.8528447015386
 21
65.822576
 31
0.0
100
AcDbText
 73
2
  0
LWPOLYLINE
  5
41A
330
17
100
AcDbEntity
  8
06_ТАБЛИЦА
370
18
420
13160409
100
AcDbPolyline
 90
4
 70
1
 10
369.19691854769235
 20
63.409576
 10
387.88506624
 20
63.409576
 10
387.88506624
 20
68.235576
 10
369.19691854769235
 20
68.235576
  0
TEXT
  5
41B
330
17
100
AcDbEntity
  8
06_ТАБЛИЦА
420
0
100
AcDbText
 10
378.5409923938461
 20
65.822576
 30
0.0
 40
1.6256
  1
8242
  7
ГОСТ
 72
1
 11
378.5409923938461
 21
65.822576
 31
0.0
100
AcDbText
 73
2
  0
LWPOLYLINE
  5
41C
330
17
100
AcDbEntity
  8
06_ТАБЛИЦА
370
18
420
13160409
100
AcDbPolyline
 90
4
 70
1
 10
387.88506624
 20
63.409576
 10
406.57321393230774
 20
63.409576
 10
406.57321393230774
 20
68.235576
 10
387.88506624
 20
68.235576
  0
TEXT
  5
41D
330
17
100
AcDbEntity
  8
06_ТАБЛИЦА
420
0
100
AcDbText
 10
397.2291400861539
 20
65.822576
 30
0.0
 40
1.6256
  1
8242
  7
ГОСТ
 72
1
 11
397.2291400861539
 21
65.822576
 31
0.0
100
AcDbText
 73
2
  0
LWPOLYLINE
  5
41E
330
17
100
AcDbEntity
  8
06_ТАБЛИЦА
370
18
420
13160409
100
AcDbPolyline
 90
4
 70
1
 10
406.57321393230774
 20
63.409576
 10
425.26136162461535
 20
63.409576
 10
425.26136162461535
 20
68.235576
 10
406.57321393230774
 20
68.235576
  0
TEXT
  5
41F
330
17
100
AcDbEntity
  8
06_ТАБЛИЦА
420
0
100
AcDbText
 10
415.9172877784615
 20
65.822576
 30
0.0
 40
1.6256
  1
6682
  7
ГОСТ
 72
1
 11
415.9172877784615
 21
65.822576
 31
0.0
100
AcDbText
 73
2
  0
LWPOLYLINE
  5
420
330
17
100
AcDbEntity
  8
06_ТАБЛИЦА
370
18
420
13160409
100
AcDbPolyline
 90
4
 70
1
 10
425.26136162461535
 20
63.409576
 10
443.949509316923
 20
63.409576
 10
443.949509316923
 20
68.235576
 10
425.26136162461535
 20
68.235576
  0
TEXT
  5
421
330
17
100
AcDbEntity
  8
06_ТАБЛИЦА
420
0
100
AcDbText
 10
434.60543547076924
 20
65.822576
 30
0.0
 40
1.6256
  1
5333
  7
ГОСТ
 72
1
 11
434.60543547076924
 21
65.822576
 31
0.0
100
AcDbText
 73
2
  0
LWPOLYLINE
  5
422
330
17
100
AcDbEntity
  8
06_ТАБЛИЦА
370
18
420
13160409
100
AcDbPolyline
 90
4
 70
1
 10
443.9495093169231
 20
63.409576
 10
462.6376570092308
 20
63.409576
 10
462.6376570092308
 20
68.235576
 10
443.9495093169231
 20
68.235576
  0
TEXT
  5
423
330
17
100
AcDbEntity
  8
06_ТАБЛИЦА
420
0
100
AcDbText
 10
453.293583163077
 20
65.822576
 30
0.0
 40
1.6256
  1
3760
  7
ГОСТ
 72
1
 11
453.293583163077
 21
65.822576
 31
0.0
100
AcDbText
 73
2
  0
LWPOLYLINE
  5
424
330
17
100
AcDbEntity
  8
06_ТАБЛИЦА
370
18
420
13160409
100
AcDbPolyline
 90
4
 70
1
 10
462.6376570092308
 20
63.409576
 10
481.3258047015385
 20
63.409576
 10
481.3258047015385
 20
68.235576
 10
462.6376570092308
 20
68.235576
  0
TEXT
  5
425
330
17
100
AcDbEntity
  8
06_ТАБЛИЦА
420
0
100
AcDbText
 10
471.9817308553846
 20
65.822576
 30
0.0
 40
1.6256
  1
2052
  7
ГОСТ
 72
1
 11
471.9817308553846
 21
65.822576
 31
0.0
100
AcDbText
 73
2
  0
LWPOLYLINE
  5
426
330
17
100
AcDbEntity
  8
06_ТАБЛИЦА
370
18
420
13160409
100
AcDbPolyline
 90
4
 70
1
 10
481.3258047015385
 20
63.409576
 10
500.0139523938462
 20
63.409576
 10
500.0139523938462
 20
68.235576
 10
481.3258047015385
 20
68.235576
  0
TEXT
  5
427
330
17
100
AcDbEntity
  8
06_ТАБЛИЦА
420
0
100
AcDbText
 10
490.6698785476923
 20
65.822576
 30
0.0
 40
1.6256
  1
69
  7
ГОСТ
 72
1
 11
490.6698785476923
 21
65.822576
 31
0.0
100
AcDbText
 73
2
  0
HATCH
  5
428
330
17
100
AcDbEntity
  8
06_ТАБЛИЦА
 62
7
420
16185594
100
AcDbHatch
 10
0.0
 20
0.0
 30
0.0
210
0.0
220
0.0
230
1.0
  2
SOLID
 70
1
 71
0
 91
1
 92
3
 72
0
 73
1
 93
4
 10
-2.173952393845988
 20
58.583576
 10
32.81026008615401
 20
58.583576
 10
32.81026008615401
 20
63.409576
 10
-2.173952393845988
 20
63.409576
 97
0
 75
0
 76
1
 98
0
  0
LWPOLYLINE
  5
429
330
17
100
AcDbEntity
  8
06_ТАБЛИЦА
370
18
420
13160409
100
AcDbPolyline
 90
4
 70
1
 10
-2.173952393845988
 20
58.583576
 10
32.81026008615401
 20
58.583576
 10
32.81026008615401
 20
63.409576
 10
-2.173952393845988
 20
63.409576
  0
TEXT
  5
42A
330
17
100
AcDbEntity
  8
06_ТАБЛИЦА
420
1450031
100
AcDbText
 10
15.318153846154015
 20
60.996576
 30
0.0
 40
1.5748
  1
3.00
  7
ГОСТ
 72
1
 11
15.318153846154015
 21
60.996576
 31
0.0
100
AcDbText
 73
2
  0
LWPOLYLINE
  5
42B
330
17
100
AcDbEntity
  8
06_ТАБЛИЦА
370
18
420
13160409
100
AcDbPolyline
 90
4
 70
1
 10
32.81026008615401
 20
58.583576
 10
51.49840777846172
 20
58.583576
 10
51.49840777846172
 20
63.409576
 10
32.81026008615401
 20
63.409576
  0
TEXT
  5
42C
330
17
100
AcDbEntity
  8
06_ТАБЛИЦА
420
0
100
AcDbText
 10
42.15433393230786
 20
60.996576
 30
0.0
 40
1.6256
  1
6250
  7
ГОСТ
 72
1
 11
42.15433393230786
 21
60.996576
 31
0.0
100
AcDbText
 73
2
  0
LWPOLYLINE
  5
42D
330
17
100
AcDbEntity
  8
06_ТАБЛИЦА
370
18
420
13160409
100
AcDbPolyline
 90
4
 70
1
 10
51.49840777846172
 20
58.583576
 10
70.1865554707694
 20
58.583576
 10
70.1865554707694
 20
63.409576
 10
51.49840777846172
 20
63.409576
  0
TEXT
  5
42E
330
17
100
AcDbEntity
  8
06_ТАБЛИЦА
420
0
100
AcDbText
 10
60.84248162461555
 20
60.996576
 30
0.0
 40
1.6256
  1
7230
  7
ГОСТ
 72
1
 11
60.84248162461555
 21
60.996576
 31
0.0
100
AcDbText
 73
2
  0
LWPOLYLINE
  5
42F
330
17
100
AcDbEntity
  8
06_ТАБЛИЦА
370
18
420
13160409
100
AcDbPolyline
 90
4
 70
1
 10
70.1865554707694
 20
58.583576
 10
88.8747031630771
 20
58.583576
 10
88.8747031630771
 20
63.409576
 10
70.1865554707694
 20
63.409576
  0
TEXT
  5
430
330
17
100
AcDbEntity
  8
06_ТАБЛИЦА
420
0
100
AcDbText
 10
79.53062931692324
 20
60.996576
 30
0.0
 40
1.6256
  1
7685
  7
ГОСТ
 72
1
 11
79.53062931692324
 21
60.996576
 31
0.0
100
AcDbText
 73
2
  0
LWPOLYLINE
  5
431
330
17
100
AcDbEntity
  8
06_ТАБЛИЦА
370
18
420
13160409
100
AcDbPolyline
 90
4
 70
1
 10
88.8747031630771
 20
58.583576
 10
107.5628508553848
 20
58.583576
 10
107.5628508553848
 20
63.409576
 10
88.8747031630771
 20
63.409576
  0
TEXT
  5
432
330
17
100
AcDbEntity
  8
06_ТАБЛИЦА
420
0
100
AcDbText
 10
98.21877700923095
 20
60.996576
 30
0.0
 40
1.6256
  1
8044
  7
ГОСТ
 72
1
 11
98.21877700923095
 21
60.996576
 31
0.0
100
AcDbText
 73
2
  0
LWPOLYLINE
  5
433
330
17
100
AcDbEntity
  8
06_ТАБЛИЦА
370
18
420
13160409
100
AcDbPolyline
 90
4
 70
1
 10
107.5628508553848
 20
58.583576
 10
126.25099854769248
 20
58.583576
 10
126.25099854769248
 20
63.409576
 10
107.5628508553848
 20
63.409576
  0
TEXT
  5
434
330
17
100
AcDbEntity
  8
06_ТАБЛИЦА
420
0
100
AcDbText
 10
116.90692470153863
 20
60.996576
 30
0.0
 40
1.6256
  1
8250
  7
ГОСТ
 72
1
 11
116.90692470153863
 21
60.996576
 31
0.0
100
AcDbText
 73
2
  0
LWPOLYLINE
  5
435
330
17
100
AcDbEntity
  8
06_ТАБЛИЦА
370
18
420
13160409
100
AcDbPolyline
 90
4
 70
1
 10
126.2509985476925
 20
58.583576
 10
144.93914624000018
 20
58.583576
 10
144.93914624000018
 20
63.409576
 10
126.2509985476925
 20
63.409576
  0
TEXT
  5
436
330
17
100
AcDbEntity
  8
06_ТАБЛИЦА
420
0
100
AcDbText
 10
135.59507239384635
 20
60.996576
 30
0.0
 40
1.6256
  1
8250
  7
ГОСТ
 72
1
 11
135.59507239384635
 21
60.996576
 31
0.0
100
AcDbText
 73
2
  0
LWPOLYLINE
  5
437
330
17
100
AcDbEntity
  8
06_ТАБЛИЦА
370
18
420
13160409
100
AcDbPolyline
 90
4
 70
1
 10
144.93914624000018
 20
58.583576
 10
163.62729393230785
 20
58.583576
 10
163.62729393230785
 20
63.409576
 10
144.93914624000018
 20
63.409576
  0
TEXT
  5
438
330
17
100
AcDbEntity
  8
06_ТАБЛИЦА
420
0
100
AcDbText
 10
154.28322008615402
 20
60.996576
 30
0.0
 40
1.6256
  1
8250
  7
ГОСТ
 72
1
 11
154.28322008615402
 21
60.996576
 31
0.0
100
AcDbText
 73
2
  0
LWPOLYLINE
  5
439
330
17
100
AcDbEntity
  8
06_ТАБЛИЦА
370
18
420
13160409
100
AcDbPolyline
 90
4
 70
1
 10
163.62729393230785
 20
58.583576
 10
182.31544162461552
 20
58.583576
 10
182.31544162461552
 20
63.409576
 10
163.62729393230785
 20
63.409576
  0
TEXT
  5
43A
330
17
100
AcDbEntity
  8
06_ТАБЛИЦА
420
0
100
AcDbText
 10
172.9713677784617
 20
60.996576
 30
0.0
 40
1.6256
  1
8250
  7
ГОСТ
 72
1
 11
172.9713677784617
 21
60.996576
 31
0.0
100
AcDbText
 73
2
  0
LWPOLYLINE
  5
43B
330
17
100
AcDbEntity
  8
06_ТАБЛИЦА
370
18
420
13160409
100
AcDbPolyline
 90
4
 70
1
 10
182.31544162461557
 20
58.583576
 10
201.00358931692324
 20
58.583576
 10
201.00358931692324
 20
63.409576
 10
182.31544162461557
 20
63.409576
  0
TEXT
  5
43C
330
17
100
AcDbEntity
  8
06_ТАБЛИЦА
420
0
100
AcDbText
 10
191.6595154707694
 20
60.996576
 30
0.0
 40
1.6256
  1
8250
  7
ГОСТ
 72
1
 11
191.6595154707694
 21
60.996576
 31
0.0
100
AcDbText
 73
2
  0
LWPOLYLINE
  5
43D
330
17
100
AcDbEntity
  8
06_ТАБЛИЦА
370
18
420
13160409
100
AcDbPolyline
 90
4
 70
1
 10
201.00358931692324
 20
58.583576
 10
219.69173700923093
 20
58.583576
 10
219.69173700923093
 20
63.409576
 10
201.00358931692324
 20
63.409576
  0
TEXT
  5
43E
330
17
100
AcDbEntity
  8
06_ТАБЛИЦА
420
0
100
AcDbText
 10
210.3476631630771
 20
60.996576
 30
0.0
 40
1.6256
  1
8250
  7
ГОСТ
 72
1
 11
210.3476631630771
 21
60.996576
 31
0.0
100
AcDbText
 73
2
  0
LWPOLYLINE
  5
43F
330
17
100
AcDbEntity
  8
06_ТАБЛИЦА
370
18
420
13160409
100
AcDbPolyline
 90
4
 70
1
 10
219.69173700923093
 20
58.583576
 10
238.37988470153857
 20
58.583576
 10
238.37988470153857
 20
63.409576
 10
219.69173700923093
 20
63.409576
  0
TEXT
  5
440
330
17
100
AcDbEntity
  8
06_ТАБЛИЦА
420
0
100
AcDbText
 10
229.03581085538474
 20
60.996576
 30
0.0
 40
1.6256
  1
8250
  7
ГОСТ
 72
1
 11
229.03581085538474
 21
60.996576
 31
0.0
100
AcDbText
 73
2
  0
LWPOLYLINE
  5
441
330
17
100
AcDbEntity
  8
06_ТАБЛИЦА
370
18
420
13160409
100
AcDbPolyline
 90
4
 70
1
 10
238.37988470153857
 20
58.583576
 10
257.0680323938463
 20
58.583576
 10
257.0680323938463
 20
63.409576
 10
238.37988470153857
 20
63.409576
  0
TEXT
  5
442
330
17
100
AcDbEntity
  8
06_ТАБЛИЦА
420
0
100
AcDbText
 10
247.72395854769243
 20
60.996576
 30
0.0
 40
1.6256
  1
4800
  7
ГОСТ
 72
1
 11
247.72395854769243
 21
60.996576
 31
0.0
100
AcDbText
 73
2
  0
LWPOLYLINE
  5
443
330
17
100
AcDbEntity
  8
06_ТАБЛИЦА
370
18
420
13160409
100
AcDbPolyline
 90
4
 70
1
 10
257.0680323938463
 20
58.583576
 10
275.75618008615396
 20
58.583576
 10
275.75618008615396
 20
63.409576
 10
257.0680323938463
 20
63.409576
  0
TEXT
  5
444
330
17
100
AcDbEntity
  8
06_ТАБЛИЦА
420
0
100
AcDbText
 10
266.41210624000007
 20
60.996576
 30
0.0
 40
1.6256
  1
5013
  7
ГОСТ
 72
1
 11
266.41210624000007
 21
60.996576
 31
0.0
100
AcDbText
 73
2
  0
LWPOLYLINE
  5
445
330
17
100
AcDbEntity
  8
06_ТАБЛИЦА
370
18
420
13160409
100
AcDbPolyline
 90
4
 70
1
 10
275.75618008615396
 20
58.583576
 10
294.4443277784616
 20
58.583576
 10
294.4443277784616
 20
63.409576
 10
275.75618008615396
 20
63.409576
  0
TEXT
  5
446
330
17
100
AcDbEntity
  8
06_ТАБЛИЦА
420
0
100
AcDbText
 10
285.10025393230785
 20
60.996576
 30
0.0
 40
1.6256
  1
8250
  7
ГОСТ
 72
1
 11
285.10025393230785
 21
60.996576
 31
0.0
100
AcDbText
 73
2
  0
LWPOLYLINE
  5
447
330
17
100
AcDbEntity
  8
06_ТАБЛИЦА
370
18
420
13160409
100
AcDbPolyline
 90
4
 70
1
 10
294.4443277784616
 20
58.583576
 10
313.1324754707693
 20
58.583576
 10
313.1324754707693
 20
63.409576
 10
294.4443277784616
 20
63.409576
  0
TEXT
  5
448
330
17
100
AcDbEntity
  8
06_ТАБЛИЦА
420
0
100
AcDbText
 10
303.78840162461546
 20
60.996576
 30
0.0
 40
1.6256
  1
8250
  7
ГОСТ
 72
1
 11
303.78840162461546
 21
60.996576
 31
0.0
100
AcDbText
 73
2
  0
LWPOLYLINE
  5
449
330
17
100
AcDbEntity
  8
06_ТАБЛИЦА
370
18
420
13160409
100
AcDbPolyline
 90
4
 70
1
 10
313.1324754707693
 20
58.583576
 10
331.82062316307696
 20
58.583576
 10
331.82062316307696
 20
63.409576
 10
313.1324754707693
 20
63.409576
  0
TEXT
  5
44A
330
17
100
AcDbEntity
  8
06_ТАБЛИЦА
420
0
100
AcDbText
 10
322.4765493169232
 20
60.996576
 30
0.0
 40
1.6256
  1
8250
  7
ГОСТ
 72
1
 11
322.4765493169232
 21
60.996576
 31
0.0
100
AcDbText
 73
2
  0
LWPOLYLINE
  5
44B
330
17
100
AcDbEntity
  8
06_ТАБЛИЦА
370
18
420
13160409
100
AcDbPolyline
 90
4
 70
1
 10
331.82062316307696
 20
58.583576
 10
350.5087708553847
 20
58.583576
 10
350.5087708553847
 20
63.409576
 10
331.82062316307696
 20
63.409576
  0
TEXT
  5
44C
330
17
100
AcDbEntity
  8
06_ТАБЛИЦА
420
0
100
AcDbText
 10
341.1646970092308
 20
60.996576
 30
0.0
 40
1.6256
  1
8250
  7
ГОСТ
 72
1
 11
341.1646970092308
 21
60.996576
 31
0.0
100
AcDbText
 73
2
  0
LWPOLYLINE
  5
44D
330
17
100
AcDbEntity
  8
06_ТАБЛИЦА
370
18
420
13160409
100
AcDbPolyline
 90
4
 70
1
 10
350.5087708553847
 20
58.583576
 10
369.19691854769235
 20
58.583576
 10
369.19691854769235
 20
63.409576
 10
350.5087708553847
 20
63.409576
  0
TEXT
  5
44E
330
17
100
AcDbEntity
  8
06_ТАБЛИЦА
420
0
100
AcDbText
 10
359.8528447015386
 20
60.996576
 30
0.0
 40
1.6256
  1
8250
  7
ГОСТ
 72
1
 11
359.8528447015386
 21
60.996576
 31
0.0
100
AcDbText
 73
2
  0
LWPOLYLINE
  5
44F
330
17
100
AcDbEntity
  8
06_ТАБЛИЦА
370
18
420
13160409
100
AcDbPolyline
 90
4
 70
1
 10
369.19691854769235
 20
58.583576
 10
387.88506624
 20
58.583576
 10
387.88506624
 20
63.409576
 10
369.19691854769235
 20
63.409576
  0
TEXT
  5
450
330
17
100
AcDbEntity
  8
06_ТАБЛИЦА
420
0
100
AcDbText
 10
378.5409923938461
 20
60.996576
 30
0.0
 40
1.6256
  1
8250
  7
ГОСТ
 72
1
 11
378.5409923938461
 21
60.996576
 31
0.0
100
AcDbText
 73
2
  0
LWPOLYLINE
  5
451
330
17
100
AcDbEntity
  8
06_ТАБЛИЦА
370
18
420
13160409
100
AcDbPolyline
 90
4
 70
1
 10
387.88506624
 20
58.583576
 10
406.57321393230774
 20
58.583576
 10
406.57321393230774
 20
63.409576
 10
387.88506624
 20
63.409576
  0
TEXT
  5
452
330
17
100
AcDbEntity
  8
06_ТАБЛИЦА
420
0
100
AcDbText
 10
397.2291400861539
 20
60.996576
 30
0.0
 40
1.6256
  1
8250
  7
ГОСТ
 72
1
 11
397.2291400861539
 21
60.996576
 31
0.0
100
AcDbText
 73
2
  0
LWPOLYLINE
  5
453
330
17
100
AcDbEntity
  8
06_ТАБЛИЦА
370
18
420
13160409
100
AcDbPolyline
 90
4
 70
1
 10
406.57321393230774
 20
58.583576
 10
425.26136162461535
 20
58.583576
 10
425.26136162461535
 20
63.409576
 10
406.57321393230774
 20
63.409576
  0
TEXT
  5
454
330
17
100
AcDbEntity
  8
06_ТАБЛИЦА
420
0
100
AcDbText
 10
415.9172877784615
 20
60.996576
 30
0.0
 40
1.6256
  1
6713
  7
ГОСТ
 72
1
 11
415.9172877784615
 21
60.996576
 31
0.0
100
AcDbText
 73
2
  0
LWPOLYLINE
  5
455
330
17
100
AcDbEntity
  8
06_ТАБЛИЦА
370
18
420
13160409
100
AcDbPolyline
 90
4
 70
1
 10
425.26136162461535
 20
58.583576
 10
443.949509316923
 20
58.583576
 10
443.949509316923
 20
63.409576
 10
425.26136162461535
 20
63.409576
  0
TEXT
  5
456
330
17
100
AcDbEntity
  8
06_ТАБЛИЦА
420
0
100
AcDbText
 10
434.60543547076924
 20
60.996576
 30
0.0
 40
1.6256
  1
5379
  7
ГОСТ
 72
1
 11
434.60543547076924
 21
60.996576
 31
0.0
100
AcDbText
 73
2
  0
LWPOLYLINE
  5
457
330
17
100
AcDbEntity
  8
06_ТАБЛИЦА
370
18
420
13160409
100
AcDbPolyline
 90
4
 70
1
 10
443.9495093169231
 20
58.583576
 10
462.6376570092308
 20
58.583576
 10
462.6376570092308
 20
63.409576
 10
443.9495093169231
 20
63.409576
  0
TEXT
  5
458
330
17
100
AcDbEntity
  8
06_ТАБЛИЦА
420
0
100
AcDbText
 10
453.293583163077
 20
60.996576
 30
0.0
 40
1.6256
  1
3814
  7
ГОСТ
 72
1
 11
453.293583163077
 21
60.996576
 31
0.0
100
AcDbText
 73
2
  0
LWPOLYLINE
  5
459
330
17
100
AcDbEntity
  8
06_ТАБЛИЦА
370
18
420
13160409
100
AcDbPolyline
 90
4
 70
1
 10
462.6376570092308
 20
58.583576
 10
481.3258047015385
 20
58.583576
 10
481.3258047015385
 20
63.409576
 10
462.6376570092308
 20
63.409576
  0
TEXT
  5
45A
330
17
100
AcDbEntity
  8
06_ТАБЛИЦА
420
0
100
AcDbText
 10
471.9817308553846
 20
60.996576
 30
0.0
 40
1.6256
  1
2053
  7
ГОСТ
 72
1
 11
471.9817308553846
 21
60.996576
 31
0.0
100
AcDbText
 73
2
  0
LWPOLYLINE
  5
45B
330
17
100
AcDbEntity
  8
06_ТАБЛИЦА
370
18
420
13160409
100
AcDbPolyline
 90
4
 70
1
 10
481.3258047015385
 20
58.583576
 10
500.0139523938462
 20
58.583576
 10
500.0139523938462
 20
63.409576
 10
481.3258047015385
 20
63.409576
  0
TEXT
  5
45C
330
17
100
AcDbEntity
  8
06_ТАБЛИЦА
420
0
100
AcDbText
 10
490.6698785476923
 20
60.996576
 30
0.0
 40
1.6256
  1
120
  7
ГОСТ
 72
1
 11
490.6698785476923
 21
60.996576
 31
0.0
100
AcDbText
 73
2
  0
HATCH
  5
45D
330
17
100
AcDbEntity
  8
06_ТАБЛИЦА
 62
7
420
16185594
100
AcDbHatch
 10
0.0
 20
0.0
 30
0.0
210
0.0
220
0.0
230
1.0
  2
SOLID
 70
1
 71
0
 91
1
 92
3
 72
0
 73
1
 93
4
 10
-2.173952393845988
 20
53.75757599999999
 10
32.81026008615401
 20
53.75757599999999
 10
32.81026008615401
 20
58.583576
 10
-2.173952393845988
 20
58.583576
 97
0
 75
0
 76
1
 98
0
  0
LWPOLYLINE
  5
45E
330
17
100
AcDbEntity
  8
06_ТАБЛИЦА
370
18
420
13160409
100
AcDbPolyline
 90
4
 70
1
 10
-2.173952393845988
 20
53.75757599999999
 10
32.81026008615401
 20
53.75757599999999
 10
32.81026008615401
 20
58.583576
 10
-2.173952393845988
 20
58.583576
  0
TEXT
  5
45F
330
17
100
AcDbEntity
  8
06_ТАБЛИЦА
420
1450031
100
AcDbText
 10
15.318153846154015
 20
56.170576
 30
0.0
 40
1.5748
  1
z киля, мм
  7
ГОСТ
 72
1
 11
15.318153846154015
 21
56.170576
 31
0.0
100
AcDbText
 73
2
  0
LWPOLYLINE
  5
460
330
17
100
AcDbEntity
  8
06_ТАБЛИЦА
370
18
420
13160409
100
AcDbPolyline
 90
4
 70
1
 10
32.81026008615401
 20
53.75757599999999
 10
51.49840777846172
 20
53.75757599999999
 10
51.49840777846172
 20
58.583576
 10
32.81026008615401
 20
58.583576
  0
TEXT
  5
461
330
17
100
AcDbEntity
  8
06_ТАБЛИЦА
420
3950423
100
AcDbText
 10
42.15433393230786
 20
56.170576
 30
0.0
 40
1.6256
  1
950
  7
ГОСТ
 72
1
 11
42.15433393230786
 21
56.170576
 31
0.0
100
AcDbText
 73
2
  0
LWPOLYLINE
  5
462
330
17
100
AcDbEntity
  8
06_ТАБЛИЦА
370
18
420
13160409
100
AcDbPolyline
 90
4
 70
1
 10
51.49840777846172
 20
53.75757599999999
 10
70.1865554707694
 20
53.75757599999999
 10
70.1865554707694
 20
58.583576
 10
51.49840777846172
 20
58.583576
  0
TEXT
  5
463
330
17
100
AcDbEntity
  8
06_ТАБЛИЦА
420
3950423
100
AcDbText
 10
60.84248162461555
 20
56.170576
 30
0.0
 40
1.6256
  1
691
  7
ГОСТ
 72
1
 11
60.84248162461555
 21
56.170576
 31
0.0
100
AcDbText
 73
2
  0
LWPOLYLINE
  5
464
330
17
100
AcDbEntity
  8
06_ТАБЛИЦА
370
18
420
13160409
100
AcDbPolyline
 90
4
 70
1
 10
70.1865554707694
 20
53.75757599999999
 10
88.8747031630771
 20
53.75757599999999
 10
88.8747031630771
 20
58.583576
 10
70.1865554707694
 20
58.583576
  0
TEXT
  5
465
330
17
100
AcDbEntity
  8
06_ТАБЛИЦА
420
3950423
100
AcDbText
 10
79.53062931692324
 20
56.170576
 30
0.0
 40
1.6256
  1
467
  7
ГОСТ
 72
1
 11
79.53062931692324
 21
56.170576
 31
0.0
100
AcDbText
 73
2
  0
LWPOLYLINE
  5
466
330
17
100
AcDbEntity
  8
06_ТАБЛИЦА
370
18
420
13160409
100
AcDbPolyline
 90
4
 70
1
 10
88.8747031630771
 20
53.75757599999999
 10
107.5628508553848
 20
53.75757599999999
 10
107.5628508553848
 20
58.583576
 10
88.8747031630771
 20
58.583576
  0
TEXT
  5
467
330
17
100
AcDbEntity
  8
06_ТАБЛИЦА
420
3950423
100
AcDbText
 10
98.21877700923095
 20
56.170576
 30
0.0
 40
1.6256
  1
280
  7
ГОСТ
 72
1
 11
98.21877700923095
 21
56.170576
 31
0.0
100
AcDbText
 73
2
  0
LWPOLYLINE
  5
468
330
17
100
AcDbEntity
  8
06_ТАБЛИЦА
370
18
420
13160409
100
AcDbPolyline
 90
4
 70
1
 10
107.5628508553848
 20
53.75757599999999
 10
126.25099854769248
 20
53.75757599999999
 10
126.25099854769248
 20
58.583576
 10
107.5628508553848
 20
58.583576
  0
TEXT
  5
469
330
17
100
AcDbEntity
  8
06_ТАБЛИЦА
420
3950423
100
AcDbText
 10
116.90692470153863
 20
56.170576
 30
0.0
 40
1.6256
  1
135
  7
ГОСТ
 72
1
 11
116.90692470153863
 21
56.170576
 31
0.0
100
AcDbText
 73
2
  0
LWPOLYLINE
  5
46A
330
17
100
AcDbEntity
  8
06_ТАБЛИЦА
370
18
420
13160409
100
AcDbPolyline
 90
4
 70
1
 10
126.2509985476925
 20
53.75757599999999
 10
144.93914624000018
 20
53.75757599999999
 10
144.93914624000018
 20
58.583576
 10
126.2509985476925
 20
58.583576
  0
TEXT
  5
46B
330
17
100
AcDbEntity
  8
06_ТАБЛИЦА
420
3950423
100
AcDbText
 10
135.59507239384635
 20
56.170576
 30
0.0
 40
1.6256
  1
0
  7
ГОСТ
 72
1
 11
135.59507239384635
 21
56.170576
 31
0.0
100
AcDbText
 73
2
  0
LWPOLYLINE
  5
46C
330
17
100
AcDbEntity
  8
06_ТАБЛИЦА
370
18
420
13160409
100
AcDbPolyline
 90
4
 70
1
 10
144.93914624000018
 20
53.75757599999999
 10
163.62729393230785
 20
53.75757599999999
 10
163.62729393230785
 20
58.583576
 10
144.93914624000018
 20
58.583576
  0
TEXT
  5
46D
330
17
100
AcDbEntity
  8
06_ТАБЛИЦА
420
3950423
100
AcDbText
 10
154.28322008615402
 20
56.170576
 30
0.0
 40
1.6256
  1
0
  7
ГОСТ
 72
1
 11
154.28322008615402
 21
56.170576
 31
0.0
100
AcDbText
 73
2
  0
LWPOLYLINE
  5
46E
330
17
100
AcDbEntity
  8
06_ТАБЛИЦА
370
18
420
13160409
100
AcDbPolyline
 90
4
 70
1
 10
163.62729393230785
 20
53.75757599999999
 10
182.31544162461552
 20
53.75757599999999
 10
182.31544162461552
 20
58.583576
 10
163.62729393230785
 20
58.583576
  0
TEXT
  5
46F
330
17
100
AcDbEntity
  8
06_ТАБЛИЦА
420
3950423
100
AcDbText
 10
172.9713677784617
 20
56.170576
 30
0.0
 40
1.6256
  1
0
  7
ГОСТ
 72
1
 11
172.9713677784617
 21
56.170576
 31
0.0
100
AcDbText
 73
2
  0
LWPOLYLINE
  5
470
330
17
100
AcDbEntity
  8
06_ТАБЛИЦА
370
18
420
13160409
100
AcDbPolyline
 90
4
 70
1
 10
182.31544162461557
 20
53.75757599999999
 10
201.00358931692324
 20
53.75757599999999
 10
201.00358931692324
 20
58.583576
 10
182.31544162461557
 20
58.583576
  0
TEXT
  5
471
330
17
100
AcDbEntity
  8
06_ТАБЛИЦА
420
3950423
100
AcDbText
 10
191.6595154707694
 20
56.170576
 30
0.0
 40
1.6256
  1
0
  7
ГОСТ
 72
1
 11
191.6595154707694
 21
56.170576
 31
0.0
100
AcDbText
 73
2
  0
LWPOLYLINE
  5
472
330
17
100
AcDbEntity
  8
06_ТАБЛИЦА
370
18
420
13160409
100
AcDbPolyline
 90
4
 70
1
 10
201.00358931692324
 20
53.75757599999999
 10
219.69173700923093
 20
53.75757599999999
 10
219.69173700923093
 20
58.583576
 10
201.00358931692324
 20
58.583576
  0
TEXT
  5
473
330
17
100
AcDbEntity
  8
06_ТАБЛИЦА
420
3950423
100
AcDbText
 10
210.3476631630771
 20
56.170576
 30
0.0
 40
1.6256
  1
0
  7
ГОСТ
 72
1
 11
210.3476631630771
 21
56.170576
 31
0.0
100
AcDbText
 73
2
  0
LWPOLYLINE
  5
474
330
17
100
AcDbEntity
  8
06_ТАБЛИЦА
370
18
420
13160409
100
AcDbPolyline
 90
4
 70
1
 10
219.69173700923093
 20
53.75757599999999
 10
238.37988470153857
 20
53.75757599999999
 10
238.37988470153857
 20
58.583576
 10
219.69173700923093
 20
58.583576
  0
TEXT
  5
475
330
17
100
AcDbEntity
  8
06_ТАБЛИЦА
420
3950423
100
AcDbText
 10
229.03581085538474
 20
56.170576
 30
0.0
 40
1.6256
  1
0
  7
ГОСТ
 72
1
 11
229.03581085538474
 21
56.170576
 31
0.0
100
AcDbText
 73
2
  0
LWPOLYLINE
  5
476
330
17
100
AcDbEntity
  8
06_ТАБЛИЦА
370
18
420
13160409
100
AcDbPolyline
 90
4
 70
1
 10
238.37988470153857
 20
53.75757599999999
 10
257.0680323938463
 20
53.75757599999999
 10
257.0680323938463
 20
58.583576
 10
238.37988470153857
 20
58.583576
  0
TEXT
  5
477
330
17
100
AcDbEntity
  8
06_ТАБЛИЦА
420
3950423
100
AcDbText
 10
247.72395854769243
 20
56.170576
 30
0.0
 40
1.6256
  1
0
  7
ГОСТ
 72
1
 11
247.72395854769243
 21
56.170576
 31
0.0
100
AcDbText
 73
2
  0
LWPOLYLINE
  5
478
330
17
100
AcDbEntity
  8
06_ТАБЛИЦА
370
18
420
13160409
100
AcDbPolyline
 90
4
 70
1
 10
257.0680323938463
 20
53.75757599999999
 10
275.75618008615396
 20
53.75757599999999
 10
275.75618008615396
 20
58.583576
 10
257.0680323938463
 20
58.583576
  0
TEXT
  5
479
330
17
100
AcDbEntity
  8
06_ТАБЛИЦА
420
3950423
100
AcDbText
 10
266.41210624000007
 20
56.170576
 30
0.0
 40
1.6256
  1
0
  7
ГОСТ
 72
1
 11
266.41210624000007
 21
56.170576
 31
0.0
100
AcDbText
 73
2
  0
LWPOLYLINE
  5
47A
330
17
100
AcDbEntity
  8
06_ТАБЛИЦА
370
18
420
13160409
100
AcDbPolyline
 90
4
 70
1
 10
275.75618008615396
 20
53.75757599999999
 10
294.4443277784616
 20
53.75757599999999
 10
294.4443277784616
 20
58.583576
 10
275.75618008615396
 20
58.583576
  0
TEXT
  5
47B
330
17
100
AcDbEntity
  8
06_ТАБЛИЦА
420
3950423
100
AcDbText
 10
285.10025393230785
 20
56.170576
 30
0.0
 40
1.6256
  1
0
  7
ГОСТ
 72
1
 11
285.10025393230785
 21
56.170576
 31
0.0
100
AcDbText
 73
2
  0
LWPOLYLINE
  5
47C
330
17
100
AcDbEntity
  8
06_ТАБЛИЦА
370
18
420
13160409
100
AcDbPolyline
 90
4
 70
1
 10
294.4443277784616
 20
53.75757599999999
 10
313.1324754707693
 20
53.75757599999999
 10
313.1324754707693
 20
58.583576
 10
294.4443277784616
 20
58.583576
  0
TEXT
  5
47D
330
17
100
AcDbEntity
  8
06_ТАБЛИЦА
420
3950423
100
AcDbText
 10
303.78840162461546
 20
56.170576
 30
0.0
 40
1.6256
  1
0
  7
ГОСТ
 72
1
 11
303.78840162461546
 21
56.170576
 31
0.0
100
AcDbText
 73
2
  0
LWPOLYLINE
  5
47E
330
17
100
AcDbEntity
  8
06_ТАБЛИЦА
370
18
420
13160409
100
AcDbPolyline
 90
4
 70
1
 10
313.1324754707693
 20
53.75757599999999
 10
331.82062316307696
 20
53.75757599999999
 10
331.82062316307696
 20
58.583576
 10
313.1324754707693
 20
58.583576
  0
TEXT
  5
47F
330
17
100
AcDbEntity
  8
06_ТАБЛИЦА
420
3950423
100
AcDbText
 10
322.4765493169232
 20
56.170576
 30
0.0
 40
1.6256
  1
0
  7
ГОСТ
 72
1
 11
322.4765493169232
 21
56.170576
 31
0.0
100
AcDbText
 73
2
  0
LWPOLYLINE
  5
480
330
17
100
AcDbEntity
  8
06_ТАБЛИЦА
370
18
420
13160409
100
AcDbPolyline
 90
4
 70
1
 10
331.82062316307696
 20
53.75757599999999
 10
350.5087708553847
 20
53.75757599999999
 10
350.5087708553847
 20
58.583576
 10
331.82062316307696
 20
58.583576
  0
TEXT
  5
481
330
17
100
AcDbEntity
  8
06_ТАБЛИЦА
420
3950423
100
AcDbText
 10
341.1646970092308
 20
56.170576
 30
0.0
 40
1.6256
  1
0
  7
ГОСТ
 72
1
 11
341.1646970092308
 21
56.170576
 31
0.0
100
AcDbText
 73
2
  0
LWPOLYLINE
  5
482
330
17
100
AcDbEntity
  8
06_ТАБЛИЦА
370
18
420
13160409
100
AcDbPolyline
 90
4
 70
1
 10
350.5087708553847
 20
53.75757599999999
 10
369.19691854769235
 20
53.75757599999999
 10
369.19691854769235
 20
58.583576
 10
350.5087708553847
 20
58.583576
  0
TEXT
  5
483
330
17
100
AcDbEntity
  8
06_ТАБЛИЦА
420
3950423
100
AcDbText
 10
359.8528447015386
 20
56.170576
 30
0.0
 40
1.6256
  1
0
  7
ГОСТ
 72
1
 11
359.8528447015386
 21
56.170576
 31
0.0
100
AcDbText
 73
2
  0
LWPOLYLINE
  5
484
330
17
100
AcDbEntity
  8
06_ТАБЛИЦА
370
18
420
13160409
100
AcDbPolyline
 90
4
 70
1
 10
369.19691854769235
 20
53.75757599999999
 10
387.88506624
 20
53.75757599999999
 10
387.88506624
 20
58.583576
 10
369.19691854769235
 20
58.583576
  0
TEXT
  5
485
330
17
100
AcDbEntity
  8
06_ТАБЛИЦА
420
3950423
100
AcDbText
 10
378.5409923938461
 20
56.170576
 30
0.0
 40
1.6256
  1
0
  7
ГОСТ
 72
1
 11
378.5409923938461
 21
56.170576
 31
0.0
100
AcDbText
 73
2
  0
LWPOLYLINE
  5
486
330
17
100
AcDbEntity
  8
06_ТАБЛИЦА
370
18
420
13160409
100
AcDbPolyline
 90
4
 70
1
 10
387.88506624
 20
53.75757599999999
 10
406.57321393230774
 20
53.75757599999999
 10
406.57321393230774
 20
58.583576
 10
387.88506624
 20
58.583576
  0
TEXT
  5
487
330
17
100
AcDbEntity
  8
06_ТАБЛИЦА
420
3950423
100
AcDbText
 10
397.2291400861539
 20
56.170576
 30
0.0
 40
1.6256
  1
0
  7
ГОСТ
 72
1
 11
397.2291400861539
 21
56.170576
 31
0.0
100
AcDbText
 73
2
  0
LWPOLYLINE
  5
488
330
17
100
AcDbEntity
  8
06_ТАБЛИЦА
370
18
420
13160409
100
AcDbPolyline
 90
4
 70
1
 10
406.57321393230774
 20
53.75757599999999
 10
425.26136162461535
 20
53.75757599999999
 10
425.26136162461535
 20
58.583576
 10
406.57321393230774
 20
58.583576
  0
TEXT
  5
489
330
17
100
AcDbEntity
  8
06_ТАБЛИЦА
420
3950423
100
AcDbText
 10
415.9172877784615
 20
56.170576
 30
0.0
 40
1.6256
  1
118
  7
ГОСТ
 72
1
 11
415.9172877784615
 21
56.170576
 31
0.0
100
AcDbText
 73
2
  0
LWPOLYLINE
  5
48A
330
17
100
AcDbEntity
  8
06_ТАБЛИЦА
370
18
420
13160409
100
AcDbPolyline
 90
4
 70
1
 10
425.26136162461535
 20
53.75757599999999
 10
443.949509316923
 20
53.75757599999999
 10
443.949509316923
 20
58.583576
 10
425.26136162461535
 20
58.583576
  0
TEXT
  5
48B
330
17
100
AcDbEntity
  8
06_ТАБЛИЦА
420
3950423
100
AcDbText
 10
434.60543547076924
 20
56.170576
 30
0.0
 40
1.6256
  1
388
  7
ГОСТ
 72
1
 11
434.60543547076924
 21
56.170576
 31
0.0
100
AcDbText
 73
2
  0
LWPOLYLINE
  5
48C
330
17
100
AcDbEntity
  8
06_ТАБЛИЦА
370
18
420
13160409
100
AcDbPolyline
 90
4
 70
1
 10
443.9495093169231
 20
53.75757599999999
 10
462.6376570092308
 20
53.75757599999999
 10
462.6376570092308
 20
58.583576
 10
443.9495093169231
 20
58.583576
  0
TEXT
  5
48D
330
17
100
AcDbEntity
  8
06_ТАБЛИЦА
420
3950423
100
AcDbText
 10
453.293583163077
 20
56.170576
 30
0.0
 40
1.6256
  1
804
  7
ГОСТ
 72
1
 11
453.293583163077
 21
56.170576
 31
0.0
100
AcDbText
 73
2
  0
LWPOLYLINE
  5
48E
330
17
100
AcDbEntity
  8
06_ТАБЛИЦА
370
18
420
13160409
100
AcDbPolyline
 90
4
 70
1
 10
462.6376570092308
 20
53.75757599999999
 10
481.3258047015385
 20
53.75757599999999
 10
481.3258047015385
 20
58.583576
 10
462.6376570092308
 20
58.583576
  0
TEXT
  5
48F
330
17
100
AcDbEntity
  8
06_ТАБЛИЦА
420
3950423
100
AcDbText
 10
471.9817308553846
 20
56.170576
 30
0.0
 40
1.6256
  1
1359
  7
ГОСТ
 72
1
 11
471.9817308553846
 21
56.170576
 31
0.0
100
AcDbText
 73
2
  0
LWPOLYLINE
  5
490
330
17
100
AcDbEntity
  8
06_ТАБЛИЦА
370
18
420
13160409
100
AcDbPolyline
 90
4
 70
1
 10
481.3258047015385
 20
53.75757599999999
 10
500.0139523938462
 20
53.75757599999999
 10
500.0139523938462
 20
58.583576
 10
481.3258047015385
 20
58.583576
  0
TEXT
  5
491
330
17
100
AcDbEntity
  8
06_ТАБЛИЦА
420
3950423
100
AcDbText
 10
490.6698785476923
 20
56.170576
 30
0.0
 40
1.6256
  1
2050
  7
ГОСТ
 72
1
 11
490.6698785476923
 21
56.170576
 31
0.0
100
AcDbText
 73
2
  0
HATCH
  5
492
330
17
100
AcDbEntity
  8
06_ТАБЛИЦА
 62
7
420
16185594
100
AcDbHatch
 10
0.0
 20
0.0
 30
0.0
210
0.0
220
0.0
230
1.0
  2
SOLID
 70
1
 71
0
 91
1
 92
3
 72
0
 73
1
 93
4
 10
-2.173952393845988
 20
48.93157600000001
 10
32.81026008615401
 20
48.93157600000001
 10
32.81026008615401
 20
53.75757600000001
 10
-2.173952393845988
 20
53.75757600000001
 97
0
 75
0
 76
1
 98
0
  0
LWPOLYLINE
  5
493
330
17
100
AcDbEntity
  8
06_ТАБЛИЦА
370
18
420
13160409
100
AcDbPolyline
 90
4
 70
1
 10
-2.173952393845988
 20
48.93157600000001
 10
32.81026008615401
 20
48.93157600000001
 10
32.81026008615401
 20
53.75757600000001
 10
-2.173952393845988
 20
53.75757600000001
  0
TEXT
  5
494
330
17
100
AcDbEntity
  8
06_ТАБЛИЦА
420
1450031
100
AcDbText
 10
15.318153846154015
 20
51.344576
 30
0.0
 40
1.5748
  1
полушир. днища
  7
ГОСТ
 72
1
 11
15.318153846154015
 21
51.344576
 31
0.0
100
AcDbText
 73
2
  0
LWPOLYLINE
  5
495
330
17
100
AcDbEntity
  8
06_ТАБЛИЦА
370
18
420
13160409
100
AcDbPolyline
 90
4
 70
1
 10
32.81026008615401
 20
48.93157600000001
 10
51.49840777846172
 20
48.93157600000001
 10
51.49840777846172
 20
53.75757600000001
 10
32.81026008615401
 20
53.75757600000001
  0
TEXT
  5
496
330
17
100
AcDbEntity
  8
06_ТАБЛИЦА
420
3950423
100
AcDbText
 10
42.15433393230786
 20
51.344576
 30
0.0
 40
1.6256
  1
3300
  7
ГОСТ
 72
1
 11
42.15433393230786
 21
51.344576
 31
0.0
100
AcDbText
 73
2
  0
LWPOLYLINE
  5
497
330
17
100
AcDbEntity
  8
06_ТАБЛИЦА
370
18
420
13160409
100
AcDbPolyline
 90
4
 70
1
 10
51.49840777846172
 20
48.93157600000001
 10
70.1865554707694
 20
48.93157600000001
 10
70.1865554707694
 20
53.75757600000001
 10
51.49840777846172
 20
53.75757600000001
  0
TEXT
  5
498
330
17
100
AcDbEntity
  8
06_ТАБЛИЦА
420
3950423
100
AcDbText
 10
60.84248162461555
 20
51.344576
 30
0.0
 40
1.6256
  1
4654
  7
ГОСТ
 72
1
 11
60.84248162461555
 21
51.344576
 31
0.0
100
AcDbText
 73
2
  0
LWPOLYLINE
  5
499
330
17
100
AcDbEntity
  8
06_ТАБЛИЦА
370
18
420
13160409
100
AcDbPolyline
 90
4
 70
1
 10
70.1865554707694
 20
48.93157600000001
 10
88.8747031630771
 20
48.93157600000001
 10
88.8747031630771
 20
53.75757600000001
 10
70.1865554707694
 20
53.75757600000001
  0
TEXT
  5
49A
330
17
100
AcDbEntity
  8
06_ТАБЛИЦА
420
3950423
100
AcDbText
 10
79.53062931692324
 20
51.344576
 30
0.0
 40
1.6256
  1
5380
  7
ГОСТ
 72
1
 11
79.53062931692324
 21
51.344576
 31
0.0
100
AcDbText
 73
2
  0
LWPOLYLINE
  5
49B
330
17
100
AcDbEntity
  8
06_ТАБЛИЦА
370
18
420
13160409
100
AcDbPolyline
 90
4
 70
1
 10
88.8747031630771
 20
48.93157600000001
 10
107.5628508553848
 20
48.93157600000001
 10
107.5628508553848
 20
53.75757600000001
 10
88.8747031630771
 20
53.75757600000001
  0
TEXT
  5
49C
330
17
100
AcDbEntity
  8
06_ТАБЛИЦА
420
3950423
100
AcDbText
 10
98.21877700923095
 20
51.344576
 30
0.0
 40
1.6256
  1
5975
  7
ГОСТ
 72
1
 11
98.21877700923095
 21
51.344576
 31
0.0
100
AcDbText
 73
2
  0
LWPOLYLINE
  5
49D
330
17
100
AcDbEntity
  8
06_ТАБЛИЦА
370
18
420
13160409
100
AcDbPolyline
 90
4
 70
1
 10
107.5628508553848
 20
48.93157600000001
 10
126.25099854769248
 20
48.93157600000001
 10
126.25099854769248
 20
53.75757600000001
 10
107.5628508553848
 20
53.75757600000001
  0
TEXT
  5
49E
330
17
100
AcDbEntity
  8
06_ТАБЛИЦА
420
3950423
100
AcDbText
 10
116.90692470153863
 20
51.344576
 30
0.0
 40
1.6256
  1
6497
  7
ГОСТ
 72
1
 11
116.90692470153863
 21
51.344576
 31
0.0
100
AcDbText
 73
2
  0
LWPOLYLINE
  5
49F
330
17
100
AcDbEntity
  8
06_ТАБЛИЦА
370
18
420
13160409
100
AcDbPolyline
 90
4
 70
1
 10
126.2509985476925
 20
48.93157600000001
 10
144.93914624000018
 20
48.93157600000001
 10
144.93914624000018
 20
53.75757600000001
 10
126.2509985476925
 20
53.75757600000001
  0
TEXT
  5
4A0
330
17
100
AcDbEntity
  8
06_ТАБЛИЦА
420
3950423
100
AcDbText
 10
135.59507239384635
 20
51.344576
 30
0.0
 40
1.6256
  1
7350
  7
ГОСТ
 72
1
 11
135.59507239384635
 21
51.344576
 31
0.0
100
AcDbText
 73
2
  0
LWPOLYLINE
  5
4A1
330
17
100
AcDbEntity
  8
06_ТАБЛИЦА
370
18
420
13160409
100
AcDbPolyline
 90
4
 70
1
 10
144.93914624000018
 20
48.93157600000001
 10
163.62729393230785
 20
48.93157600000001
 10
163.62729393230785
 20
53.75757600000001
 10
144.93914624000018
 20
53.75757600000001
  0
TEXT
  5
4A2
330
17
100
AcDbEntity
  8
06_ТАБЛИЦА
420
3950423
100
AcDbText
 10
154.28322008615402
 20
51.344576
 30
0.0
 40
1.6256
  1
7350
  7
ГОСТ
 72
1
 11
154.28322008615402
 21
51.344576
 31
0.0
100
AcDbText
 73
2
  0
LWPOLYLINE
  5
4A3
330
17
100
AcDbEntity
  8
06_ТАБЛИЦА
370
18
420
13160409
100
AcDbPolyline
 90
4
 70
1
 10
163.62729393230785
 20
48.93157600000001
 10
182.31544162461552
 20
48.93157600000001
 10
182.31544162461552
 20
53.75757600000001
 10
163.62729393230785
 20
53.75757600000001
  0
TEXT
  5
4A4
330
17
100
AcDbEntity
  8
06_ТАБЛИЦА
420
3950423
100
AcDbText
 10
172.9713677784617
 20
51.344576
 30
0.0
 40
1.6256
  1
7350
  7
ГОСТ
 72
1
 11
172.9713677784617
 21
51.344576
 31
0.0
100
AcDbText
 73
2
  0
LWPOLYLINE
  5
4A5
330
17
100
AcDbEntity
  8
06_ТАБЛИЦА
370
18
420
13160409
100
AcDbPolyline
 90
4
 70
1
 10
182.31544162461557
 20
48.93157600000001
 10
201.00358931692324
 20
48.93157600000001
 10
201.00358931692324
 20
53.75757600000001
 10
182.31544162461557
 20
53.75757600000001
  0
TEXT
  5
4A6
330
17
100
AcDbEntity
  8
06_ТАБЛИЦА
420
3950423
100
AcDbText
 10
191.6595154707694
 20
51.344576
 30
0.0
 40
1.6256
  1
7350
  7
ГОСТ
 72
1
 11
191.6595154707694
 21
51.344576
 31
0.0
100
AcDbText
 73
2
  0
LWPOLYLINE
  5
4A7
330
17
100
AcDbEntity
  8
06_ТАБЛИЦА
370
18
420
13160409
100
AcDbPolyline
 90
4
 70
1
 10
201.00358931692324
 20
48.93157600000001
 10
219.69173700923093
 20
48.93157600000001
 10
219.69173700923093
 20
53.75757600000001
 10
201.00358931692324
 20
53.75757600000001
  0
TEXT
  5
4A8
330
17
100
AcDbEntity
  8
06_ТАБЛИЦА
420
3950423
100
AcDbText
 10
210.3476631630771
 20
51.344576
 30
0.0
 40
1.6256
  1
7350
  7
ГОСТ
 72
1
 11
210.3476631630771
 21
51.344576
 31
0.0
100
AcDbText
 73
2
  0
LWPOLYLINE
  5
4A9
330
17
100
AcDbEntity
  8
06_ТАБЛИЦА
370
18
420
13160409
100
AcDbPolyline
 90
4
 70
1
 10
219.69173700923093
 20
48.93157600000001
 10
238.37988470153857
 20
48.93157600000001
 10
238.37988470153857
 20
53.75757600000001
 10
219.69173700923093
 20
53.75757600000001
  0
TEXT
  5
4AA
330
17
100
AcDbEntity
  8
06_ТАБЛИЦА
420
3950423
100
AcDbText
 10
229.03581085538474
 20
51.344576
 30
0.0
 40
1.6256
  1
7350
  7
ГОСТ
 72
1
 11
229.03581085538474
 21
51.344576
 31
0.0
100
AcDbText
 73
2
  0
LWPOLYLINE
  5
4AB
330
17
100
AcDbEntity
  8
06_ТАБЛИЦА
370
18
420
13160409
100
AcDbPolyline
 90
4
 70
1
 10
238.37988470153857
 20
48.93157600000001
 10
257.0680323938463
 20
48.93157600000001
 10
257.0680323938463
 20
53.75757600000001
 10
238.37988470153857
 20
53.75757600000001
  0
TEXT
  5
4AC
330
17
100
AcDbEntity
  8
06_ТАБЛИЦА
420
3950423
100
AcDbText
 10
247.72395854769243
 20
51.344576
 30
0.0
 40
1.6256
  1
7350
  7
ГОСТ
 72
1
 11
247.72395854769243
 21
51.344576
 31
0.0
100
AcDbText
 73
2
  0
LWPOLYLINE
  5
4AD
330
17
100
AcDbEntity
  8
06_ТАБЛИЦА
370
18
420
13160409
100
AcDbPolyline
 90
4
 70
1
 10
257.0680323938463
 20
48.93157600000001
 10
275.75618008615396
 20
48.93157600000001
 10
275.75618008615396
 20
53.75757600000001
 10
257.0680323938463
 20
53.75757600000001
  0
TEXT
  5
4AE
330
17
100
AcDbEntity
  8
06_ТАБЛИЦА
420
3950423
100
AcDbText
 10
266.41210624000007
 20
51.344576
 30
0.0
 40
1.6256
  1
7350
  7
ГОСТ
 72
1
 11
266.41210624000007
 21
51.344576
 31
0.0
100
AcDbText
 73
2
  0
LWPOLYLINE
  5
4AF
330
17
100
AcDbEntity
  8
06_ТАБЛИЦА
370
18
420
13160409
100
AcDbPolyline
 90
4
 70
1
 10
275.75618008615396
 20
48.93157600000001
 10
294.4443277784616
 20
48.93157600000001
 10
294.4443277784616
 20
53.75757600000001
 10
275.75618008615396
 20
53.75757600000001
  0
TEXT
  5
4B0
330
17
100
AcDbEntity
  8
06_ТАБЛИЦА
420
3950423
100
AcDbText
 10
285.10025393230785
 20
51.344576
 30
0.0
 40
1.6256
  1
7350
  7
ГОСТ
 72
1
 11
285.10025393230785
 21
51.344576
 31
0.0
100
AcDbText
 73
2
  0
LWPOLYLINE
  5
4B1
330
17
100
AcDbEntity
  8
06_ТАБЛИЦА
370
18
420
13160409
100
AcDbPolyline
 90
4
 70
1
 10
294.4443277784616
 20
48.93157600000001
 10
313.1324754707693
 20
48.93157600000001
 10
313.1324754707693
 20
53.75757600000001
 10
294.4443277784616
 20
53.75757600000001
  0
TEXT
  5
4B2
330
17
100
AcDbEntity
  8
06_ТАБЛИЦА
420
3950423
100
AcDbText
 10
303.78840162461546
 20
51.344576
 30
0.0
 40
1.6256
  1
7350
  7
ГОСТ
 72
1
 11
303.78840162461546
 21
51.344576
 31
0.0
100
AcDbText
 73
2
  0
LWPOLYLINE
  5
4B3
330
17
100
AcDbEntity
  8
06_ТАБЛИЦА
370
18
420
13160409
100
AcDbPolyline
 90
4
 70
1
 10
313.1324754707693
 20
48.93157600000001
 10
331.82062316307696
 20
48.93157600000001
 10
331.82062316307696
 20
53.75757600000001
 10
313.1324754707693
 20
53.75757600000001
  0
TEXT
  5
4B4
330
17
100
AcDbEntity
  8
06_ТАБЛИЦА
420
3950423
100
AcDbText
 10
322.4765493169232
 20
51.344576
 30
0.0
 40
1.6256
  1
7350
  7
ГОСТ
 72
1
 11
322.4765493169232
 21
51.344576
 31
0.0
100
AcDbText
 73
2
  0
LWPOLYLINE
  5
4B5
330
17
100
AcDbEntity
  8
06_ТАБЛИЦА
370
18
420
13160409
100
AcDbPolyline
 90
4
 70
1
 10
331.82062316307696
 20
48.93157600000001
 10
350.5087708553847
 20
48.93157600000001
 10
350.5087708553847
 20
53.75757600000001
 10
331.82062316307696
 20
53.75757600000001
  0
TEXT
  5
4B6
330
17
100
AcDbEntity
  8
06_ТАБЛИЦА
420
3950423
100
AcDbText
 10
341.1646970092308
 20
51.344576
 30
0.0
 40
1.6256
  1
7350
  7
ГОСТ
 72
1
 11
341.1646970092308
 21
51.344576
 31
0.0
100
AcDbText
 73
2
  0
LWPOLYLINE
  5
4B7
330
17
100
AcDbEntity
  8
06_ТАБЛИЦА
370
18
420
13160409
100
AcDbPolyline
 90
4
 70
1
 10
350.5087708553847
 20
48.93157600000001
 10
369.19691854769235
 20
48.93157600000001
 10
369.19691854769235
 20
53.75757600000001
 10
350.5087708553847
 20
53.75757600000001
  0
TEXT
  5
4B8
330
17
100
AcDbEntity
  8
06_ТАБЛИЦА
420
3950423
100
AcDbText
 10
359.8528447015386
 20
51.344576
 30
0.0
 40
1.6256
  1
7350
  7
ГОСТ
 72
1
 11
359.8528447015386
 21
51.344576
 31
0.0
100
AcDbText
 73
2
  0
LWPOLYLINE
  5
4B9
330
17
100
AcDbEntity
  8
06_ТАБЛИЦА
370
18
420
13160409
100
AcDbPolyline
 90
4
 70
1
 10
369.19691854769235
 20
48.93157600000001
 10
387.88506624
 20
48.93157600000001
 10
387.88506624
 20
53.75757600000001
 10
369.19691854769235
 20
53.75757600000001
  0
TEXT
  5
4BA
330
17
100
AcDbEntity
  8
06_ТАБЛИЦА
420
3950423
100
AcDbText
 10
378.5409923938461
 20
51.344576
 30
0.0
 40
1.6256
  1
7350
  7
ГОСТ
 72
1
 11
378.5409923938461
 21
51.344576
 31
0.0
100
AcDbText
 73
2
  0
LWPOLYLINE
  5
4BB
330
17
100
AcDbEntity
  8
06_ТАБЛИЦА
370
18
420
13160409
100
AcDbPolyline
 90
4
 70
1
 10
387.88506624
 20
48.93157600000001
 10
406.57321393230774
 20
48.93157600000001
 10
406.57321393230774
 20
53.75757600000001
 10
387.88506624
 20
53.75757600000001
  0
TEXT
  5
4BC
330
17
100
AcDbEntity
  8
06_ТАБЛИЦА
420
3950423
100
AcDbText
 10
397.2291400861539
 20
51.344576
 30
0.0
 40
1.6256
  1
7350
  7
ГОСТ
 72
1
 11
397.2291400861539
 21
51.344576
 31
0.0
100
AcDbText
 73
2
  0
LWPOLYLINE
  5
4BD
330
17
100
AcDbEntity
  8
06_ТАБЛИЦА
370
18
420
13160409
100
AcDbPolyline
 90
4
 70
1
 10
406.57321393230774
 20
48.93157600000001
 10
425.26136162461535
 20
48.93157600000001
 10
425.26136162461535
 20
53.75757600000001
 10
406.57321393230774
 20
53.75757600000001
  0
TEXT
  5
4BE
330
17
100
AcDbEntity
  8
06_ТАБЛИЦА
420
3950423
100
AcDbText
 10
415.9172877784615
 20
51.344576
 30
0.0
 40
1.6256
  1
6042
  7
ГОСТ
 72
1
 11
415.9172877784615
 21
51.344576
 31
0.0
100
AcDbText
 73
2
  0
LWPOLYLINE
  5
4BF
330
17
100
AcDbEntity
  8
06_ТАБЛИЦА
370
18
420
13160409
100
AcDbPolyline
 90
4
 70
1
 10
425.26136162461535
 20
48.93157600000001
 10
443.949509316923
 20
48.93157600000001
 10
443.949509316923
 20
53.75757600000001
 10
425.26136162461535
 20
53.75757600000001
  0
TEXT
  5
4C0
330
17
100
AcDbEntity
  8
06_ТАБЛИЦА
420
3950423
100
AcDbText
 10
434.60543547076924
 20
51.344576
 30
0.0
 40
1.6256
  1
4827
  7
ГОСТ
 72
1
 11
434.60543547076924
 21
51.344576
 31
0.0
100
AcDbText
 73
2
  0
LWPOLYLINE
  5
4C1
330
17
100
AcDbEntity
  8
06_ТАБЛИЦА
370
18
420
13160409
100
AcDbPolyline
 90
4
 70
1
 10
443.9495093169231
 20
48.93157600000001
 10
462.6376570092308
 20
48.93157600000001
 10
462.6376570092308
 20
53.75757600000001
 10
443.9495093169231
 20
53.75757600000001
  0
TEXT
  5
4C2
330
17
100
AcDbEntity
  8
06_ТАБЛИЦА
420
3950423
100
AcDbText
 10
453.293583163077
 20
51.344576
 30
0.0
 40
1.6256
  1
3518
  7
ГОСТ
 72
1
 11
453.293583163077
 21
51.344576
 31
0.0
100
AcDbText
 73
2
  0
LWPOLYLINE
  5
4C3
330
17
100
AcDbEntity
  8
06_ТАБЛИЦА
370
18
420
13160409
100
AcDbPolyline
 90
4
 70
1
 10
462.6376570092308
 20
48.93157600000001
 10
481.3258047015385
 20
48.93157600000001
 10
481.3258047015385
 20
53.75757600000001
 10
462.6376570092308
 20
53.75757600000001
  0
TEXT
  5
4C4
330
17
100
AcDbEntity
  8
06_ТАБЛИЦА
420
3950423
100
AcDbText
 10
471.9817308553846
 20
51.344576
 30
0.0
 40
1.6256
  1
2049
  7
ГОСТ
 72
1
 11
471.9817308553846
 21
51.344576
 31
0.0
100
AcDbText
 73
2
  0
LWPOLYLINE
  5
4C5
330
17
100
AcDbEntity
  8
06_ТАБЛИЦА
370
18
420
13160409
100
AcDbPolyline
 90
4
 70
1
 10
481.3258047015385
 20
48.93157600000001
 10
500.0139523938462
 20
48.93157600000001
 10
500.0139523938462
 20
53.75757600000001
 10
481.3258047015385
 20
53.75757600000001
  0
TEXT
  5
4C6
330
17
100
AcDbEntity
  8
06_ТАБЛИЦА
420
3950423
100
AcDbText
 10
490.6698785476923
 20
51.344576
 30
0.0
 40
1.6256
  1
0
  7
ГОСТ
 72
1
 11
490.6698785476923
 21
51.344576
 31
0.0
100
AcDbText
 73
2
  0
HATCH
  5
4C7
330
17
100
AcDbEntity
  8
06_ТАБЛИЦА
 62
7
420
16185594
100
AcDbHatch
 10
0.0
 20
0.0
 30
0.0
210
0.0
220
0.0
230
1.0
  2
SOLID
 70
1
 71
0
 91
1
 92
3
 72
0
 73
1
 93
4
 10
-2.173952393845988
 20
44.105576000000006
 10
32.81026008615401
 20
44.105576000000006
 10
32.81026008615401
 20
48.93157600000001
 10
-2.173952393845988
 20
48.93157600000001
 97
0
 75
0
 76
1
 98
0
  0
LWPOLYLINE
  5
4C8
330
17
100
AcDbEntity
  8
06_ТАБЛИЦА
370
18
420
13160409
100
AcDbPolyline
 90
4
 70
1
 10
-2.173952393845988
 20
44.105576000000006
 10
32.81026008615401
 20
44.105576000000006
 10
32.81026008615401
 20
48.93157600000001
 10
-2.173952393845988
 20
48.93157600000001
  0
TEXT
  5
4C9
330
17
100
AcDbEntity
  8
06_ТАБЛИЦА
420
1450031
100
AcDbText
 10
15.318153846154015
 20
46.51857600000001
 30
0.0
 40
1.5748
  1
z борта, мм
  7
ГОСТ
 72
1
 11
15.318153846154015
 21
46.51857600000001
 31
0.0
100
AcDbText
 73
2
  0
LWPOLYLINE
  5
4CA
330
17
100
AcDbEntity
  8
06_ТАБЛИЦА
370
18
420
13160409
100
AcDbPolyline
 90
4
 70
1
 10
32.81026008615401
 20
44.105576000000006
 10
51.49840777846172
 20
44.105576000000006
 10
51.49840777846172
 20
48.93157600000001
 10
32.81026008615401
 20
48.93157600000001
  0
TEXT
  5
4CB
330
17
100
AcDbEntity
  8
06_ТАБЛИЦА
420
3950423
100
AcDbText
 10
42.15433393230786
 20
46.51857600000001
 30
0.0
 40
1.6256
  1
3000
  7
ГОСТ
 72
1
 11
42.15433393230786
 21
46.51857600000001
 31
0.0
100
AcDbText
 73
2
  0
LWPOLYLINE
  5
4CC
330
17
100
AcDbEntity
  8
06_ТАБЛИЦА
370
18
420
13160409
100
AcDbPolyline
 90
4
 70
1
 10
51.49840777846172
 20
44.105576000000006
 10
70.1865554707694
 20
44.105576000000006
 10
70.1865554707694
 20
48.93157600000001
 10
51.49840777846172
 20
48.93157600000001
  0
TEXT
  5
4CD
330
17
100
AcDbEntity
  8
06_ТАБЛИЦА
420
3950423
100
AcDbText
 10
60.84248162461555
 20
46.51857600000001
 30
0.0
 40
1.6256
  1
3000
  7
ГОСТ
 72
1
 11
60.84248162461555
 21
46.51857600000001
 31
0.0
100
AcDbText
 73
2
  0
LWPOLYLINE
  5
4CE
330
17
100
AcDbEntity
  8
06_ТАБЛИЦА
370
18
420
13160409
100
AcDbPolyline
 90
4
 70
1
 10
70.1865554707694
 20
44.105576000000006
 10
88.8747031630771
 20
44.105576000000006
 10
88.8747031630771
 20
48.93157600000001
 10
70.1865554707694
 20
48.93157600000001
  0
TEXT
  5
4CF
330
17
100
AcDbEntity
  8
06_ТАБЛИЦА
420
3950423
100
AcDbText
 10
79.53062931692324
 20
46.51857600000001
 30
0.0
 40
1.6256
  1
3000
  7
ГОСТ
 72
1
 11
79.53062931692324
 21
46.51857600000001
 31
0.0
100
AcDbText
 73
2
  0
LWPOLYLINE
  5
4D0
330
17
100
AcDbEntity
  8
06_ТАБЛИЦА
370
18
420
13160409
100
AcDbPolyline
 90
4
 70
1
 10
88.8747031630771
 20
44.105576000000006
 10
107.5628508553848
 20
44.105576000000006
 10
107.5628508553848
 20
48.93157600000001
 10
88.8747031630771
 20
48.93157600000001
  0
TEXT
  5
4D1
330
17
100
AcDbEntity
  8
06_ТАБЛИЦА
420
3950423
100
AcDbText
 10
98.21877700923095
 20
46.51857600000001
 30
0.0
 40
1.6256
  1
3000
  7
ГОСТ
 72
1
 11
98.21877700923095
 21
46.51857600000001
 31
0.0
100
AcDbText
 73
2
  0
LWPOLYLINE
  5
4D2
330
17
100
AcDbEntity
  8
06_ТАБЛИЦА
370
18
420
13160409
100
AcDbPolyline
 90
4
 70
1
 10
107.5628508553848
 20
44.105576000000006
 10
126.25099854769248
 20
44.105576000000006
 10
126.25099854769248
 20
48.93157600000001
 10
107.5628508553848
 20
48.93157600000001
  0
TEXT
  5
4D3
330
17
100
AcDbEntity
  8
06_ТАБЛИЦА
420
3950423
100
AcDbText
 10
116.90692470153863
 20
46.51857600000001
 30
0.0
 40
1.6256
  1
3000
  7
ГОСТ
 72
1
 11
116.90692470153863
 21
46.51857600000001
 31
0.0
100
AcDbText
 73
2
  0
LWPOLYLINE
  5
4D4
330
17
100
AcDbEntity
  8
06_ТАБЛИЦА
370
18
420
13160409
100
AcDbPolyline
 90
4
 70
1
 10
126.2509985476925
 20
44.105576000000006
 10
144.93914624000018
 20
44.105576000000006
 10
144.93914624000018
 20
48.93157600000001
 10
126.2509985476925
 20
48.93157600000001
  0
TEXT
  5
4D5
330
17
100
AcDbEntity
  8
06_ТАБЛИЦА
420
3950423
100
AcDbText
 10
135.59507239384635
 20
46.51857600000001
 30
0.0
 40
1.6256
  1
3000
  7
ГОСТ
 72
1
 11
135.59507239384635
 21
46.51857600000001
 31
0.0
100
AcDbText
 73
2
  0
LWPOLYLINE
  5
4D6
330
17
100
AcDbEntity
  8
06_ТАБЛИЦА
370
18
420
13160409
100
AcDbPolyline
 90
4
 70
1
 10
144.93914624000018
 20
44.105576000000006
 10
163.62729393230785
 20
44.105576000000006
 10
163.62729393230785
 20
48.93157600000001
 10
144.93914624000018
 20
48.93157600000001
  0
TEXT
  5
4D7
330
17
100
AcDbEntity
  8
06_ТАБЛИЦА
420
3950423
100
AcDbText
 10
154.28322008615402
 20
46.51857600000001
 30
0.0
 40
1.6256
  1
3000
  7
ГОСТ
 72
1
 11
154.28322008615402
 21
46.51857600000001
 31
0.0
100
AcDbText
 73
2
  0
LWPOLYLINE
  5
4D8
330
17
100
AcDbEntity
  8
06_ТАБЛИЦА
370
18
420
13160409
100
AcDbPolyline
 90
4
 70
1
 10
163.62729393230785
 20
44.105576000000006
 10
182.31544162461552
 20
44.105576000000006
 10
182.31544162461552
 20
48.93157600000001
 10
163.62729393230785
 20
48.93157600000001
  0
TEXT
  5
4D9
330
17
100
AcDbEntity
  8
06_ТАБЛИЦА
420
3950423
100
AcDbText
 10
172.9713677784617
 20
46.51857600000001
 30
0.0
 40
1.6256
  1
3000
  7
ГОСТ
 72
1
 11
172.9713677784617
 21
46.51857600000001
 31
0.0
100
AcDbText
 73
2
  0
LWPOLYLINE
  5
4DA
330
17
100
AcDbEntity
  8
06_ТАБЛИЦА
370
18
420
13160409
100
AcDbPolyline
 90
4
 70
1
 10
182.31544162461557
 20
44.105576000000006
 10
201.00358931692324
 20
44.105576000000006
 10
201.00358931692324
 20
48.93157600000001
 10
182.31544162461557
 20
48.93157600000001
  0
TEXT
  5
4DB
330
17
100
AcDbEntity
  8
06_ТАБЛИЦА
420
3950423
100
AcDbText
 10
191.6595154707694
 20
46.51857600000001
 30
0.0
 40
1.6256
  1
3000
  7
ГОСТ
 72
1
 11
191.6595154707694
 21
46.51857600000001
 31
0.0
100
AcDbText
 73
2
  0
LWPOLYLINE
  5
4DC
330
17
100
AcDbEntity
  8
06_ТАБЛИЦА
370
18
420
13160409
100
AcDbPolyline
 90
4
 70
1
 10
201.00358931692324
 20
44.105576000000006
 10
219.69173700923093
 20
44.105576000000006
 10
219.69173700923093
 20
48.93157600000001
 10
201.00358931692324
 20
48.93157600000001
  0
TEXT
  5
4DD
330
17
100
AcDbEntity
  8
06_ТАБЛИЦА
420
3950423
100
AcDbText
 10
210.3476631630771
 20
46.51857600000001
 30
0.0
 40
1.6256
  1
3000
  7
ГОСТ
 72
1
 11
210.3476631630771
 21
46.51857600000001
 31
0.0
100
AcDbText
 73
2
  0
LWPOLYLINE
  5
4DE
330
17
100
AcDbEntity
  8
06_ТАБЛИЦА
370
18
420
13160409
100
AcDbPolyline
 90
4
 70
1
 10
219.69173700923093
 20
44.105576000000006
 10
238.37988470153857
 20
44.105576000000006
 10
238.37988470153857
 20
48.93157600000001
 10
219.69173700923093
 20
48.93157600000001
  0
TEXT
  5
4DF
330
17
100
AcDbEntity
  8
06_ТАБЛИЦА
420
3950423
100
AcDbText
 10
229.03581085538474
 20
46.51857600000001
 30
0.0
 40
1.6256
  1
3000
  7
ГОСТ
 72
1
 11
229.03581085538474
 21
46.51857600000001
 31
0.0
100
AcDbText
 73
2
  0
LWPOLYLINE
  5
4E0
330
17
100
AcDbEntity
  8
06_ТАБЛИЦА
370
18
420
13160409
100
AcDbPolyline
 90
4
 70
1
 10
238.37988470153857
 20
44.105576000000006
 10
257.0680323938463
 20
44.105576000000006
 10
257.0680323938463
 20
48.93157600000001
 10
238.37988470153857
 20
48.93157600000001
  0
TEXT
  5
4E1
330
17
100
AcDbEntity
  8
06_ТАБЛИЦА
420
3950423
100
AcDbText
 10
247.72395854769243
 20
46.51857600000001
 30
0.0
 40
1.6256
  1
3000
  7
ГОСТ
 72
1
 11
247.72395854769243
 21
46.51857600000001
 31
0.0
100
AcDbText
 73
2
  0
LWPOLYLINE
  5
4E2
330
17
100
AcDbEntity
  8
06_ТАБЛИЦА
370
18
420
13160409
100
AcDbPolyline
 90
4
 70
1
 10
257.0680323938463
 20
44.105576000000006
 10
275.75618008615396
 20
44.105576000000006
 10
275.75618008615396
 20
48.93157600000001
 10
257.0680323938463
 20
48.93157600000001
  0
TEXT
  5
4E3
330
17
100
AcDbEntity
  8
06_ТАБЛИЦА
420
3950423
100
AcDbText
 10
266.41210624000007
 20
46.51857600000001
 30
0.0
 40
1.6256
  1
3000
  7
ГОСТ
 72
1
 11
266.41210624000007
 21
46.51857600000001
 31
0.0
100
AcDbText
 73
2
  0
LWPOLYLINE
  5
4E4
330
17
100
AcDbEntity
  8
06_ТАБЛИЦА
370
18
420
13160409
100
AcDbPolyline
 90
4
 70
1
 10
275.75618008615396
 20
44.105576000000006
 10
294.4443277784616
 20
44.105576000000006
 10
294.4443277784616
 20
48.93157600000001
 10
275.75618008615396
 20
48.93157600000001
  0
TEXT
  5
4E5
330
17
100
AcDbEntity
  8
06_ТАБЛИЦА
420
3950423
100
AcDbText
 10
285.10025393230785
 20
46.51857600000001
 30
0.0
 40
1.6256
  1
3000
  7
ГОСТ
 72
1
 11
285.10025393230785
 21
46.51857600000001
 31
0.0
100
AcDbText
 73
2
  0
LWPOLYLINE
  5
4E6
330
17
100
AcDbEntity
  8
06_ТАБЛИЦА
370
18
420
13160409
100
AcDbPolyline
 90
4
 70
1
 10
294.4443277784616
 20
44.105576000000006
 10
313.1324754707693
 20
44.105576000000006
 10
313.1324754707693
 20
48.93157600000001
 10
294.4443277784616
 20
48.93157600000001
  0
TEXT
  5
4E7
330
17
100
AcDbEntity
  8
06_ТАБЛИЦА
420
3950423
100
AcDbText
 10
303.78840162461546
 20
46.51857600000001
 30
0.0
 40
1.6256
  1
3000
  7
ГОСТ
 72
1
 11
303.78840162461546
 21
46.51857600000001
 31
0.0
100
AcDbText
 73
2
  0
LWPOLYLINE
  5
4E8
330
17
100
AcDbEntity
  8
06_ТАБЛИЦА
370
18
420
13160409
100
AcDbPolyline
 90
4
 70
1
 10
313.1324754707693
 20
44.105576000000006
 10
331.82062316307696
 20
44.105576000000006
 10
331.82062316307696
 20
48.93157600000001
 10
313.1324754707693
 20
48.93157600000001
  0
TEXT
  5
4E9
330
17
100
AcDbEntity
  8
06_ТАБЛИЦА
420
3950423
100
AcDbText
 10
322.4765493169232
 20
46.51857600000001
 30
0.0
 40
1.6256
  1
3000
  7
ГОСТ
 72
1
 11
322.4765493169232
 21
46.51857600000001
 31
0.0
100
AcDbText
 73
2
  0
LWPOLYLINE
  5
4EA
330
17
100
AcDbEntity
  8
06_ТАБЛИЦА
370
18
420
13160409
100
AcDbPolyline
 90
4
 70
1
 10
331.82062316307696
 20
44.105576000000006
 10
350.5087708553847
 20
44.105576000000006
 10
350.5087708553847
 20
48.93157600000001
 10
331.82062316307696
 20
48.93157600000001
  0
TEXT
  5
4EB
330
17
100
AcDbEntity
  8
06_ТАБЛИЦА
420
3950423
100
AcDbText
 10
341.1646970092308
 20
46.51857600000001
 30
0.0
 40
1.6256
  1
3000
  7
ГОСТ
 72
1
 11
341.1646970092308
 21
46.51857600000001
 31
0.0
100
AcDbText
 73
2
  0
LWPOLYLINE
  5
4EC
330
17
100
AcDbEntity
  8
06_ТАБЛИЦА
370
18
420
13160409
100
AcDbPolyline
 90
4
 70
1
 10
350.5087708553847
 20
44.105576000000006
 10
369.19691854769235
 20
44.105576000000006
 10
369.19691854769235
 20
48.93157600000001
 10
350.5087708553847
 20
48.93157600000001
  0
TEXT
  5
4ED
330
17
100
AcDbEntity
  8
06_ТАБЛИЦА
420
3950423
100
AcDbText
 10
359.8528447015386
 20
46.51857600000001
 30
0.0
 40
1.6256
  1
3000
  7
ГОСТ
 72
1
 11
359.8528447015386
 21
46.51857600000001
 31
0.0
100
AcDbText
 73
2
  0
LWPOLYLINE
  5
4EE
330
17
100
AcDbEntity
  8
06_ТАБЛИЦА
370
18
420
13160409
100
AcDbPolyline
 90
4
 70
1
 10
369.19691854769235
 20
44.105576000000006
 10
387.88506624
 20
44.105576000000006
 10
387.88506624
 20
48.93157600000001
 10
369.19691854769235
 20
48.93157600000001
  0
TEXT
  5
4EF
330
17
100
AcDbEntity
  8
06_ТАБЛИЦА
420
3950423
100
AcDbText
 10
378.5409923938461
 20
46.51857600000001
 30
0.0
 40
1.6256
  1
3000
  7
ГОСТ
 72
1
 11
378.5409923938461
 21
46.51857600000001
 31
0.0
100
AcDbText
 73
2
  0
LWPOLYLINE
  5
4F0
330
17
100
AcDbEntity
  8
06_ТАБЛИЦА
370
18
420
13160409
100
AcDbPolyline
 90
4
 70
1
 10
387.88506624
 20
44.105576000000006
 10
406.57321393230774
 20
44.105576000000006
 10
406.57321393230774
 20
48.93157600000001
 10
387.88506624
 20
48.93157600000001
  0
TEXT
  5
4F1
330
17
100
AcDbEntity
  8
06_ТАБЛИЦА
420
3950423
100
AcDbText
 10
397.2291400861539
 20
46.51857600000001
 30
0.0
 40
1.6256
  1
3000
  7
ГОСТ
 72
1
 11
397.2291400861539
 21
46.51857600000001
 31
0.0
100
AcDbText
 73
2
  0
LWPOLYLINE
  5
4F2
330
17
100
AcDbEntity
  8
06_ТАБЛИЦА
370
18
420
13160409
100
AcDbPolyline
 90
4
 70
1
 10
406.57321393230774
 20
44.105576000000006
 10
425.26136162461535
 20
44.105576000000006
 10
425.26136162461535
 20
48.93157600000001
 10
406.57321393230774
 20
48.93157600000001
  0
TEXT
  5
4F3
330
17
100
AcDbEntity
  8
06_ТАБЛИЦА
420
3950423
100
AcDbText
 10
415.9172877784615
 20
46.51857600000001
 30
0.0
 40
1.6256
  1
3000
  7
ГОСТ
 72
1
 11
415.9172877784615
 21
46.51857600000001
 31
0.0
100
AcDbText
 73
2
  0
LWPOLYLINE
  5
4F4
330
17
100
AcDbEntity
  8
06_ТАБЛИЦА
370
18
420
13160409
100
AcDbPolyline
 90
4
 70
1
 10
425.26136162461535
 20
44.105576000000006
 10
443.949509316923
 20
44.105576000000006
 10
443.949509316923
 20
48.93157600000001
 10
425.26136162461535
 20
48.93157600000001
  0
TEXT
  5
4F5
330
17
100
AcDbEntity
  8
06_ТАБЛИЦА
420
3950423
100
AcDbText
 10
434.60543547076924
 20
46.51857600000001
 30
0.0
 40
1.6256
  1
3000
  7
ГОСТ
 72
1
 11
434.60543547076924
 21
46.51857600000001
 31
0.0
100
AcDbText
 73
2
  0
LWPOLYLINE
  5
4F6
330
17
100
AcDbEntity
  8
06_ТАБЛИЦА
370
18
420
13160409
100
AcDbPolyline
 90
4
 70
1
 10
443.9495093169231
 20
44.105576000000006
 10
462.6376570092308
 20
44.105576000000006
 10
462.6376570092308
 20
48.93157600000001
 10
443.9495093169231
 20
48.93157600000001
  0
TEXT
  5
4F7
330
17
100
AcDbEntity
  8
06_ТАБЛИЦА
420
3950423
100
AcDbText
 10
453.293583163077
 20
46.51857600000001
 30
0.0
 40
1.6256
  1
3000
  7
ГОСТ
 72
1
 11
453.293583163077
 21
46.51857600000001
 31
0.0
100
AcDbText
 73
2
  0
LWPOLYLINE
  5
4F8
330
17
100
AcDbEntity
  8
06_ТАБЛИЦА
370
18
420
13160409
100
AcDbPolyline
 90
4
 70
1
 10
462.6376570092308
 20
44.105576000000006
 10
481.3258047015385
 20
44.105576000000006
 10
481.3258047015385
 20
48.93157600000001
 10
462.6376570092308
 20
48.93157600000001
  0
TEXT
  5
4F9
330
17
100
AcDbEntity
  8
06_ТАБЛИЦА
420
3950423
100
AcDbText
 10
471.9817308553846
 20
46.51857600000001
 30
0.0
 40
1.6256
  1
3000
  7
ГОСТ
 72
1
 11
471.9817308553846
 21
46.51857600000001
 31
0.0
100
AcDbText
 73
2
  0
LWPOLYLINE
  5
4FA
330
17
100
AcDbEntity
  8
06_ТАБЛИЦА
370
18
420
13160409
100
AcDbPolyline
 90
4
 70
1
 10
481.3258047015385
 20
44.105576000000006
 10
500.0139523938462
 20
44.105576000000006
 10
500.0139523938462
 20
48.93157600000001
 10
481.3258047015385
 20
48.93157600000001
  0
TEXT
  5
4FB
330
17
100
AcDbEntity
  8
06_ТАБЛИЦА
420
3950423
100
AcDbText
 10
490.6698785476923
 20
46.51857600000001
 30
0.0
 40
1.6256
  1
3000
  7
ГОСТ
 72
1
 11
490.6698785476923
 21
46.51857600000001
 31
0.0
100
AcDbText
 73
2
  0
HATCH
  5
4FC
330
17
100
AcDbEntity
  8
06_ТАБЛИЦА
 62
7
420
16185594
100
AcDbHatch
 10
0.0
 20
0.0
 30
0.0
210
0.0
220
0.0
230
1.0
  2
SOLID
 70
1
 71
0
 91
1
 92
3
 72
0
 73
1
 93
4
 10
-2.173952393845988
 20
39.279576
 10
32.81026008615401
 20
39.279576
 10
32.81026008615401
 20
44.105576
 10
-2.173952393845988
 20
44.105576
 97
0
 75
0
 76
1
 98
0
  0
LWPOLYLINE
  5
4FD
330
17
100
AcDbEntity
  8
06_ТАБЛИЦА
370
18
420
13160409
100
AcDbPolyline
 90
4
 70
1
 10
-2.173952393845988
 20
39.279576
 10
32.81026008615401
 20
39.279576
 10
32.81026008615401
 20
44.105576
 10
-2.173952393845988
 20
44.105576
  0
TEXT
  5
4FE
330
17
100
AcDbEntity
  8
06_ТАБЛИЦА
420
1450031
100
AcDbText
 10
15.318153846154015
 20
41.692575999999995
 30
0.0
 40
1.5748
  1
полушир. борта
  7
ГОСТ
 72
1
 11
15.318153846154015
 21
41.692575999999995
 31
0.0
100
AcDbText
 73
2
  0
LWPOLYLINE
  5
4FF
330
17
100
AcDbEntity
  8
06_ТАБЛИЦА
370
18
420
13160409
100
AcDbPolyline
 90
4
 70
1
 10
32.81026008615401
 20
39.279576
 10
51.49840777846172
 20
39.279576
 10
51.49840777846172
 20
44.105576
 10
32.81026008615401
 20
44.105576
  0
TEXT
  5
500
330
17
100
AcDbEntity
  8
06_ТАБЛИЦА
420
3950423
100
AcDbText
 10
42.15433393230786
 20
41.692575999999995
 30
0.0
 40
1.6256
  1
6250
  7
ГОСТ
 72
1
 11
42.15433393230786
 21
41.692575999999995
 31
0.0
100
AcDbText
 73
2
  0
LWPOLYLINE
  5
501
330
17
100
AcDbEntity
  8
06_ТАБЛИЦА
370
18
420
13160409
100
AcDbPolyline
 90
4
 70
1
 10
51.49840777846172
 20
39.279576
 10
70.1865554707694
 20
39.279576
 10
70.1865554707694
 20
44.105576
 10
51.49840777846172
 20
44.105576
  0
TEXT
  5
502
330
17
100
AcDbEntity
  8
06_ТАБЛИЦА
420
3950423
100
AcDbText
 10
60.84248162461555
 20
41.692575999999995
 30
0.0
 40
1.6256
  1
7230
  7
ГОСТ
 72
1
 11
60.84248162461555
 21
41.692575999999995
 31
0.0
100
AcDbText
 73
2
  0
LWPOLYLINE
  5
503
330
17
100
AcDbEntity
  8
06_ТАБЛИЦА
370
18
420
13160409
100
AcDbPolyline
 90
4
 70
1
 10
70.1865554707694
 20
39.279576
 10
88.8747031630771
 20
39.279576
 10
88.8747031630771
 20
44.105576
 10
70.1865554707694
 20
44.105576
  0
TEXT
  5
504
330
17
100
AcDbEntity
  8
06_ТАБЛИЦА
420
3950423
100
AcDbText
 10
79.53062931692324
 20
41.692575999999995
 30
0.0
 40
1.6256
  1
7685
  7
ГОСТ
 72
1
 11
79.53062931692324
 21
41.692575999999995
 31
0.0
100
AcDbText
 73
2
  0
LWPOLYLINE
  5
505
330
17
100
AcDbEntity
  8
06_ТАБЛИЦА
370
18
420
13160409
100
AcDbPolyline
 90
4
 70
1
 10
88.8747031630771
 20
39.279576
 10
107.5628508553848
 20
39.279576
 10
107.5628508553848
 20
44.105576
 10
88.8747031630771
 20
44.105576
  0
TEXT
  5
506
330
17
100
AcDbEntity
  8
06_ТАБЛИЦА
420
3950423
100
AcDbText
 10
98.21877700923095
 20
41.692575999999995
 30
0.0
 40
1.6256
  1
8044
  7
ГОСТ
 72
1
 11
98.21877700923095
 21
41.692575999999995
 31
0.0
100
AcDbText
 73
2
  0
LWPOLYLINE
  5
507
330
17
100
AcDbEntity
  8
06_ТАБЛИЦА
370
18
420
13160409
100
AcDbPolyline
 90
4
 70
1
 10
107.5628508553848
 20
39.279576
 10
126.25099854769248
 20
39.279576
 10
126.25099854769248
 20
44.105576
 10
107.5628508553848
 20
44.105576
  0
TEXT
  5
508
330
17
100
AcDbEntity
  8
06_ТАБЛИЦА
420
3950423
100
AcDbText
 10
116.90692470153863
 20
41.692575999999995
 30
0.0
 40
1.6256
  1
8250
  7
ГОСТ
 72
1
 11
116.90692470153863
 21
41.692575999999995
 31
0.0
100
AcDbText
 73
2
  0
LWPOLYLINE
  5
509
330
17
100
AcDbEntity
  8
06_ТАБЛИЦА
370
18
420
13160409
100
AcDbPolyline
 90
4
 70
1
 10
126.2509985476925
 20
39.279576
 10
144.93914624000018
 20
39.279576
 10
144.93914624000018
 20
44.105576
 10
126.2509985476925
 20
44.105576
  0
TEXT
  5
50A
330
17
100
AcDbEntity
  8
06_ТАБЛИЦА
420
3950423
100
AcDbText
 10
135.59507239384635
 20
41.692575999999995
 30
0.0
 40
1.6256
  1
8250
  7
ГОСТ
 72
1
 11
135.59507239384635
 21
41.692575999999995
 31
0.0
100
AcDbText
 73
2
  0
LWPOLYLINE
  5
50B
330
17
100
AcDbEntity
  8
06_ТАБЛИЦА
370
18
420
13160409
100
AcDbPolyline
 90
4
 70
1
 10
144.93914624000018
 20
39.279576
 10
163.62729393230785
 20
39.279576
 10
163.62729393230785
 20
44.105576
 10
144.93914624000018
 20
44.105576
  0
TEXT
  5
50C
330
17
100
AcDbEntity
  8
06_ТАБЛИЦА
420
3950423
100
AcDbText
 10
154.28322008615402
 20
41.692575999999995
 30
0.0
 40
1.6256
  1
8250
  7
ГОСТ
 72
1
 11
154.28322008615402
 21
41.692575999999995
 31
0.0
100
AcDbText
 73
2
  0
LWPOLYLINE
  5
50D
330
17
100
AcDbEntity
  8
06_ТАБЛИЦА
370
18
420
13160409
100
AcDbPolyline
 90
4
 70
1
 10
163.62729393230785
 20
39.279576
 10
182.31544162461552
 20
39.279576
 10
182.31544162461552
 20
44.105576
 10
163.62729393230785
 20
44.105576
  0
TEXT
  5
50E
330
17
100
AcDbEntity
  8
06_ТАБЛИЦА
420
3950423
100
AcDbText
 10
172.9713677784617
 20
41.692575999999995
 30
0.0
 40
1.6256
  1
8250
  7
ГОСТ
 72
1
 11
172.9713677784617
 21
41.692575999999995
 31
0.0
100
AcDbText
 73
2
  0
LWPOLYLINE
  5
50F
330
17
100
AcDbEntity
  8
06_ТАБЛИЦА
370
18
420
13160409
100
AcDbPolyline
 90
4
 70
1
 10
182.31544162461557
 20
39.279576
 10
201.00358931692324
 20
39.279576
 10
201.00358931692324
 20
44.105576
 10
182.31544162461557
 20
44.105576
  0
TEXT
  5
510
330
17
100
AcDbEntity
  8
06_ТАБЛИЦА
420
3950423
100
AcDbText
 10
191.6595154707694
 20
41.692575999999995
 30
0.0
 40
1.6256
  1
8250
  7
ГОСТ
 72
1
 11
191.6595154707694
 21
41.692575999999995
 31
0.0
100
AcDbText
 73
2
  0
LWPOLYLINE
  5
511
330
17
100
AcDbEntity
  8
06_ТАБЛИЦА
370
18
420
13160409
100
AcDbPolyline
 90
4
 70
1
 10
201.00358931692324
 20
39.279576
 10
219.69173700923093
 20
39.279576
 10
219.69173700923093
 20
44.105576
 10
201.00358931692324
 20
44.105576
  0
TEXT
  5
512
330
17
100
AcDbEntity
  8
06_ТАБЛИЦА
420
3950423
100
AcDbText
 10
210.3476631630771
 20
41.692575999999995
 30
0.0
 40
1.6256
  1
8250
  7
ГОСТ
 72
1
 11
210.3476631630771
 21
41.692575999999995
 31
0.0
100
AcDbText
 73
2
  0
LWPOLYLINE
  5
513
330
17
100
AcDbEntity
  8
06_ТАБЛИЦА
370
18
420
13160409
100
AcDbPolyline
 90
4
 70
1
 10
219.69173700923093
 20
39.279576
 10
238.37988470153857
 20
39.279576
 10
238.37988470153857
 20
44.105576
 10
219.69173700923093
 20
44.105576
  0
TEXT
  5
514
330
17
100
AcDbEntity
  8
06_ТАБЛИЦА
420
3950423
100
AcDbText
 10
229.03581085538474
 20
41.692575999999995
 30
0.0
 40
1.6256
  1
8250
  7
ГОСТ
 72
1
 11
229.03581085538474
 21
41.692575999999995
 31
0.0
100
AcDbText
 73
2
  0
LWPOLYLINE
  5
515
330
17
100
AcDbEntity
  8
06_ТАБЛИЦА
370
18
420
13160409
100
AcDbPolyline
 90
4
 70
1
 10
238.37988470153857
 20
39.279576
 10
257.0680323938463
 20
39.279576
 10
257.0680323938463
 20
44.105576
 10
238.37988470153857
 20
44.105576
  0
TEXT
  5
516
330
17
100
AcDbEntity
  8
06_ТАБЛИЦА
420
3950423
100
AcDbText
 10
247.72395854769243
 20
41.692575999999995
 30
0.0
 40
1.6256
  1
4800
  7
ГОСТ
 72
1
 11
247.72395854769243
 21
41.692575999999995
 31
0.0
100
AcDbText
 73
2
  0
LWPOLYLINE
  5
517
330
17
100
AcDbEntity
  8
06_ТАБЛИЦА
370
18
420
13160409
100
AcDbPolyline
 90
4
 70
1
 10
257.0680323938463
 20
39.279576
 10
275.75618008615396
 20
39.279576
 10
275.75618008615396
 20
44.105576
 10
257.0680323938463
 20
44.105576
  0
TEXT
  5
518
330
17
100
AcDbEntity
  8
06_ТАБЛИЦА
420
3950423
100
AcDbText
 10
266.41210624000007
 20
41.692575999999995
 30
0.0
 40
1.6256
  1
5013
  7
ГОСТ
 72
1
 11
266.41210624000007
 21
41.692575999999995
 31
0.0
100
AcDbText
 73
2
  0
LWPOLYLINE
  5
519
330
17
100
AcDbEntity
  8
06_ТАБЛИЦА
370
18
420
13160409
100
AcDbPolyline
 90
4
 70
1
 10
275.75618008615396
 20
39.279576
 10
294.4443277784616
 20
39.279576
 10
294.4443277784616
 20
44.105576
 10
275.75618008615396
 20
44.105576
  0
TEXT
  5
51A
330
17
100
AcDbEntity
  8
06_ТАБЛИЦА
420
3950423
100
AcDbText
 10
285.10025393230785
 20
41.692575999999995
 30
0.0
 40
1.6256
  1
8250
  7
ГОСТ
 72
1
 11
285.10025393230785
 21
41.692575999999995
 31
0.0
100
AcDbText
 73
2
  0
LWPOLYLINE
  5
51B
330
17
100
AcDbEntity
  8
06_ТАБЛИЦА
370
18
420
13160409
100
AcDbPolyline
 90
4
 70
1
 10
294.4443277784616
 20
39.279576
 10
313.1324754707693
 20
39.279576
 10
313.1324754707693
 20
44.105576
 10
294.4443277784616
 20
44.105576
  0
TEXT
  5
51C
330
17
100
AcDbEntity
  8
06_ТАБЛИЦА
420
3950423
100
AcDbText
 10
303.78840162461546
 20
41.692575999999995
 30
0.0
 40
1.6256
  1
8250
  7
ГОСТ
 72
1
 11
303.78840162461546
 21
41.692575999999995
 31
0.0
100
AcDbText
 73
2
  0
LWPOLYLINE
  5
51D
330
17
100
AcDbEntity
  8
06_ТАБЛИЦА
370
18
420
13160409
100
AcDbPolyline
 90
4
 70
1
 10
313.1324754707693
 20
39.279576
 10
331.82062316307696
 20
39.279576
 10
331.82062316307696
 20
44.105576
 10
313.1324754707693
 20
44.105576
  0
TEXT
  5
51E
330
17
100
AcDbEntity
  8
06_ТАБЛИЦА
420
3950423
100
AcDbText
 10
322.4765493169232
 20
41.692575999999995
 30
0.0
 40
1.6256
  1
8250
  7
ГОСТ
 72
1
 11
322.4765493169232
 21
41.692575999999995
 31
0.0
100
AcDbText
 73
2
  0
LWPOLYLINE
  5
51F
330
17
100
AcDbEntity
  8
06_ТАБЛИЦА
370
18
420
13160409
100
AcDbPolyline
 90
4
 70
1
 10
331.82062316307696
 20
39.279576
 10
350.5087708553847
 20
39.279576
 10
350.5087708553847
 20
44.105576
 10
331.82062316307696
 20
44.105576
  0
TEXT
  5
520
330
17
100
AcDbEntity
  8
06_ТАБЛИЦА
420
3950423
100
AcDbText
 10
341.1646970092308
 20
41.692575999999995
 30
0.0
 40
1.6256
  1
8250
  7
ГОСТ
 72
1
 11
341.1646970092308
 21
41.692575999999995
 31
0.0
100
AcDbText
 73
2
  0
LWPOLYLINE
  5
521
330
17
100
AcDbEntity
  8
06_ТАБЛИЦА
370
18
420
13160409
100
AcDbPolyline
 90
4
 70
1
 10
350.5087708553847
 20
39.279576
 10
369.19691854769235
 20
39.279576
 10
369.19691854769235
 20
44.105576
 10
350.5087708553847
 20
44.105576
  0
TEXT
  5
522
330
17
100
AcDbEntity
  8
06_ТАБЛИЦА
420
3950423
100
AcDbText
 10
359.8528447015386
 20
41.692575999999995
 30
0.0
 40
1.6256
  1
8250
  7
ГОСТ
 72
1
 11
359.8528447015386
 21
41.692575999999995
 31
0.0
100
AcDbText
 73
2
  0
LWPOLYLINE
  5
523
330
17
100
AcDbEntity
  8
06_ТАБЛИЦА
370
18
420
13160409
100
AcDbPolyline
 90
4
 70
1
 10
369.19691854769235
 20
39.279576
 10
387.88506624
 20
39.279576
 10
387.88506624
 20
44.105576
 10
369.19691854769235
 20
44.105576
  0
TEXT
  5
524
330
17
100
AcDbEntity
  8
06_ТАБЛИЦА
420
3950423
100
AcDbText
 10
378.5409923938461
 20
41.692575999999995
 30
0.0
 40
1.6256
  1
8250
  7
ГОСТ
 72
1
 11
378.5409923938461
 21
41.692575999999995
 31
0.0
100
AcDbText
 73
2
  0
LWPOLYLINE
  5
525
330
17
100
AcDbEntity
  8
06_ТАБЛИЦА
370
18
420
13160409
100
AcDbPolyline
 90
4
 70
1
 10
387.88506624
 20
39.279576
 10
406.57321393230774
 20
39.279576
 10
406.57321393230774
 20
44.105576
 10
387.88506624
 20
44.105576
  0
TEXT
  5
526
330
17
100
AcDbEntity
  8
06_ТАБЛИЦА
420
3950423
100
AcDbText
 10
397.2291400861539
 20
41.692575999999995
 30
0.0
 40
1.6256
  1
8250
  7
ГОСТ
 72
1
 11
397.2291400861539
 21
41.692575999999995
 31
0.0
100
AcDbText
 73
2
  0
LWPOLYLINE
  5
527
330
17
100
AcDbEntity
  8
06_ТАБЛИЦА
370
18
420
13160409
100
AcDbPolyline
 90
4
 70
1
 10
406.57321393230774
 20
39.279576
 10
425.26136162461535
 20
39.279576
 10
425.26136162461535
 20
44.105576
 10
406.57321393230774
 20
44.105576
  0
TEXT
  5
528
330
17
100
AcDbEntity
  8
06_ТАБЛИЦА
420
3950423
100
AcDbText
 10
415.9172877784615
 20
41.692575999999995
 30
0.0
 40
1.6256
  1
6713
  7
ГОСТ
 72
1
 11
415.9172877784615
 21
41.692575999999995
 31
0.0
100
AcDbText
 73
2
  0
LWPOLYLINE
  5
529
330
17
100
AcDbEntity
  8
06_ТАБЛИЦА
370
18
420
13160409
100
AcDbPolyline
 90
4
 70
1
 10
425.26136162461535
 20
39.279576
 10
443.949509316923
 20
39.279576
 10
443.949509316923
 20
44.105576
 10
425.26136162461535
 20
44.105576
  0
TEXT
  5
52A
330
17
100
AcDbEntity
  8
06_ТАБЛИЦА
420
3950423
100
AcDbText
 10
434.60543547076924
 20
41.692575999999995
 30
0.0
 40
1.6256
  1
5379
  7
ГОСТ
 72
1
 11
434.60543547076924
 21
41.692575999999995
 31
0.0
100
AcDbText
 73
2
  0
LWPOLYLINE
  5
52B
330
17
100
AcDbEntity
  8
06_ТАБЛИЦА
370
18
420
13160409
100
AcDbPolyline
 90
4
 70
1
 10
443.9495093169231
 20
39.279576
 10
462.6376570092308
 20
39.279576
 10
462.6376570092308
 20
44.105576
 10
443.9495093169231
 20
44.105576
  0
TEXT
  5
52C
330
17
100
AcDbEntity
  8
06_ТАБЛИЦА
420
3950423
100
AcDbText
 10
453.293583163077
 20
41.692575999999995
 30
0.0
 40
1.6256
  1
3814
  7
ГОСТ
 72
1
 11
453.293583163077
 21
41.692575999999995
 31
0.0
100
AcDbText
 73
2
  0
LWPOLYLINE
  5
52D
330
17
100
AcDbEntity
  8
06_ТАБЛИЦА
370
18
420
13160409
100
AcDbPolyline
 90
4
 70
1
 10
462.6376570092308
 20
39.279576
 10
481.3258047015385
 20
39.279576
 10
481.3258047015385
 20
44.105576
 10
462.6376570092308
 20
44.105576
  0
TEXT
  5
52E
330
17
100
AcDbEntity
  8
06_ТАБЛИЦА
420
3950423
100
AcDbText
 10
471.9817308553846
 20
41.692575999999995
 30
0.0
 40
1.6256
  1
2053
  7
ГОСТ
 72
1
 11
471.9817308553846
 21
41.692575999999995
 31
0.0
100
AcDbText
 73
2
  0
LWPOLYLINE
  5
52F
330
17
100
AcDbEntity
  8
06_ТАБЛИЦА
370
18
420
13160409
100
AcDbPolyline
 90
4
 70
1
 10
481.3258047015385
 20
39.279576
 10
500.0139523938462
 20
39.279576
 10
500.0139523938462
 20
44.105576
 10
481.3258047015385
 20
44.105576
  0
TEXT
  5
530
330
17
100
AcDbEntity
  8
06_ТАБЛИЦА
420
3950423
100
AcDbText
 10
490.6698785476923
 20
41.692575999999995
 30
0.0
 40
1.6256
  1
120
  7
ГОСТ
 72
1
 11
490.6698785476923
 21
41.692575999999995
 31
0.0
100
AcDbText
 73
2
  0
HATCH
  5
531
330
17
100
AcDbEntity
  8
06_ТАБЛИЦА
 62
7
420
16185594
100
AcDbHatch
 10
0.0
 20
0.0
 30
0.0
210
0.0
220
0.0
230
1.0
  2
SOLID
 70
1
 71
0
 91
1
 92
3
 72
0
 73
1
 93
4
 10
-2.173952393845988
 20
34.453576000000005
 10
32.81026008615401
 20
34.453576000000005
 10
32.81026008615401
 20
39.279576000000006
 10
-2.173952393845988
 20
39.279576000000006
 97
0
 75
0
 76
1
 98
0
  0
LWPOLYLINE
  5
532
330
17
100
AcDbEntity
  8
06_ТАБЛИЦА
370
18
420
13160409
100
AcDbPolyline
 90
4
 70
1
 10
-2.173952393845988
 20
34.453576000000005
 10
32.81026008615401
 20
34.453576000000005
 10
32.81026008615401
 20
39.279576000000006
 10
-2.173952393845988
 20
39.279576000000006
  0
TEXT
  5
533
330
17
100
AcDbEntity
  8
06_ТАБЛИЦА
420
1450031
100
AcDbText
 10
15.318153846154015
 20
36.866576
 30
0.0
 40
1.5748
  1
радиус скулы, мм
  7
ГОСТ
 72
1
 11
15.318153846154015
 21
36.866576
 31
0.0
100
AcDbText
 73
2
  0
LWPOLYLINE
  5
534
330
17
100
AcDbEntity
  8
06_ТАБЛИЦА
370
18
420
13160409
100
AcDbPolyline
 90
4
 70
1
 10
32.81026008615401
 20
34.453576000000005
 10
51.49840777846172
 20
34.453576000000005
 10
51.49840777846172
 20
39.279576000000006
 10
32.81026008615401
 20
39.279576000000006
  0
TEXT
  5
535
330
17
100
AcDbEntity
  8
06_ТАБЛИЦА
420
3950423
100
AcDbText
 10
42.15433393230786
 20
36.866576
 30
0.0
 40
1.6256
  1
3095
  7
ГОСТ
 72
1
 11
42.15433393230786
 21
36.866576
 31
0.0
100
AcDbText
 73
2
  0
LWPOLYLINE
  5
536
330
17
100
AcDbEntity
  8
06_ТАБЛИЦА
370
18
420
13160409
100
AcDbPolyline
 90
4
 70
1
 10
51.49840777846172
 20
34.453576000000005
 10
70.1865554707694
 20
34.453576000000005
 10
70.1865554707694
 20
39.279576000000006
 10
51.49840777846172
 20
39.279576000000006
  0
TEXT
  5
537
330
17
100
AcDbEntity
  8
06_ТАБЛИЦА
420
3950423
100
AcDbText
 10
60.84248162461555
 20
36.866576
 30
0.0
 40
1.6256
  1
2587
  7
ГОСТ
 72
1
 11
60.84248162461555
 21
36.866576
 31
0.0
100
AcDbText
 73
2
  0
LWPOLYLINE
  5
538
330
17
100
AcDbEntity
  8
06_ТАБЛИЦА
370
18
420
13160409
100
AcDbPolyline
 90
4
 70
1
 10
70.1865554707694
 20
34.453576000000005
 10
88.8747031630771
 20
34.453576000000005
 10
88.8747031630771
 20
39.279576000000006
 10
70.1865554707694
 20
39.279576000000006
  0
TEXT
  5
539
330
17
100
AcDbEntity
  8
06_ТАБЛИЦА
420
3950423
100
AcDbText
 10
79.53062931692324
 20
36.866576
 30
0.0
 40
1.6256
  1
2243
  7
ГОСТ
 72
1
 11
79.53062931692324
 21
36.866576
 31
0.0
100
AcDbText
 73
2
  0
LWPOLYLINE
  5
53A
330
17
100
AcDbEntity
  8
06_ТАБЛИЦА
370
18
420
13160409
100
AcDbPolyline
 90
4
 70
1
 10
88.8747031630771
 20
34.453576000000005
 10
107.5628508553848
 20
34.453576000000005
 10
107.5628508553848
 20
39.279576000000006
 10
88.8747031630771
 20
39.279576000000006
  0
TEXT
  5
53B
330
17
100
AcDbEntity
  8
06_ТАБЛИЦА
420
3950423
100
AcDbText
 10
98.21877700923095
 20
36.866576
 30
0.0
 40
1.6256
  1
1973
  7
ГОСТ
 72
1
 11
98.21877700923095
 21
36.866576
 31
0.0
100
AcDbText
 73
2
  0
LWPOLYLINE
  5
53C
330
17
100
AcDbEntity
  8
06_ТАБЛИЦА
370
18
420
13160409
100
AcDbPolyline
 90
4
 70
1
 10
107.5628508553848
 20
34.453576000000005
 10
126.25099854769248
 20
34.453576000000005
 10
126.25099854769248
 20
39.279576000000006
 10
107.5628508553848
 20
39.279576000000006
  0
TEXT
  5
53D
330
17
100
AcDbEntity
  8
06_ТАБЛИЦА
420
3950423
100
AcDbText
 10
116.90692470153863
 20
36.866576
 30
0.0
 40
1.6256
  1
1643
  7
ГОСТ
 72
1
 11
116.90692470153863
 21
36.866576
 31
0.0
100
AcDbText
 73
2
  0
LWPOLYLINE
  5
53E
330
17
100
AcDbEntity
  8
06_ТАБЛИЦА
370
18
420
13160409
100
AcDbPolyline
 90
4
 70
1
 10
126.2509985476925
 20
34.453576000000005
 10
144.93914624000018
 20
34.453576000000005
 10
144.93914624000018
 20
39.279576000000006
 10
126.2509985476925
 20
39.279576000000006
  0
TEXT
  5
53F
330
17
100
AcDbEntity
  8
06_ТАБЛИЦА
420
3950423
100
AcDbText
 10
135.59507239384635
 20
36.866576
 30
0.0
 40
1.6256
  1
855
  7
ГОСТ
 72
1
 11
135.59507239384635
 21
36.866576
 31
0.0
100
AcDbText
 73
2
  0
LWPOLYLINE
  5
540
330
17
100
AcDbEntity
  8
06_ТАБЛИЦА
370
18
420
13160409
100
AcDbPolyline
 90
4
 70
1
 10
144.93914624000018
 20
34.453576000000005
 10
163.62729393230785
 20
34.453576000000005
 10
163.62729393230785
 20
39.279576000000006
 10
144.93914624000018
 20
39.279576000000006
  0
TEXT
  5
541
330
17
100
AcDbEntity
  8
06_ТАБЛИЦА
420
3950423
100
AcDbText
 10
154.28322008615402
 20
36.866576
 30
0.0
 40
1.6256
  1
855
  7
ГОСТ
 72
1
 11
154.28322008615402
 21
36.866576
 31
0.0
100
AcDbText
 73
2
  0
LWPOLYLINE
  5
542
330
17
100
AcDbEntity
  8
06_ТАБЛИЦА
370
18
420
13160409
100
AcDbPolyline
 90
4
 70
1
 10
163.62729393230785
 20
34.453576000000005
 10
182.31544162461552
 20
34.453576000000005
 10
182.31544162461552
 20
39.279576000000006
 10
163.62729393230785
 20
39.279576000000006
  0
TEXT
  5
543
330
17
100
AcDbEntity
  8
06_ТАБЛИЦА
420
3950423
100
AcDbText
 10
172.9713677784617
 20
36.866576
 30
0.0
 40
1.6256
  1
855
  7
ГОСТ
 72
1
 11
172.9713677784617
 21
36.866576
 31
0.0
100
AcDbText
 73
2
  0
LWPOLYLINE
  5
544
330
17
100
AcDbEntity
  8
06_ТАБЛИЦА
370
18
420
13160409
100
AcDbPolyline
 90
4
 70
1
 10
182.31544162461557
 20
34.453576000000005
 10
201.00358931692324
 20
34.453576000000005
 10
201.00358931692324
 20
39.279576000000006
 10
182.31544162461557
 20
39.279576000000006
  0
TEXT
  5
545
330
17
100
AcDbEntity
  8
06_ТАБЛИЦА
420
3950423
100
AcDbText
 10
191.6595154707694
 20
36.866576
 30
0.0
 40
1.6256
  1
855
  7
ГОСТ
 72
1
 11
191.6595154707694
 21
36.866576
 31
0.0
100
AcDbText
 73
2
  0
LWPOLYLINE
  5
546
330
17
100
AcDbEntity
  8
06_ТАБЛИЦА
370
18
420
13160409
100
AcDbPolyline
 90
4
 70
1
 10
201.00358931692324
 20
34.453576000000005
 10
219.69173700923093
 20
34.453576000000005
 10
219.69173700923093
 20
39.279576000000006
 10
201.00358931692324
 20
39.279576000000006
  0
TEXT
  5
547
330
17
100
AcDbEntity
  8
06_ТАБЛИЦА
420
3950423
100
AcDbText
 10
210.3476631630771
 20
36.866576
 30
0.0
 40
1.6256
  1
855
  7
ГОСТ
 72
1
 11
210.3476631630771
 21
36.866576
 31
0.0
100
AcDbText
 73
2
  0
LWPOLYLINE
  5
548
330
17
100
AcDbEntity
  8
06_ТАБЛИЦА
370
18
420
13160409
100
AcDbPolyline
 90
4
 70
1
 10
219.69173700923093
 20
34.453576000000005
 10
238.37988470153857
 20
34.453576000000005
 10
238.37988470153857
 20
39.279576000000006
 10
219.69173700923093
 20
39.279576000000006
  0
TEXT
  5
549
330
17
100
AcDbEntity
  8
06_ТАБЛИЦА
420
3950423
100
AcDbText
 10
229.03581085538474
 20
36.866576
 30
0.0
 40
1.6256
  1
855
  7
ГОСТ
 72
1
 11
229.03581085538474
 21
36.866576
 31
0.0
100
AcDbText
 73
2
  0
LWPOLYLINE
  5
54A
330
17
100
AcDbEntity
  8
06_ТАБЛИЦА
370
18
420
13160409
100
AcDbPolyline
 90
4
 70
1
 10
238.37988470153857
 20
34.453576000000005
 10
257.0680323938463
 20
34.453576000000005
 10
257.0680323938463
 20
39.279576000000006
 10
238.37988470153857
 20
39.279576000000006
  0
TEXT
  5
54B
330
17
100
AcDbEntity
  8
06_ТАБЛИЦА
420
3950423
100
AcDbText
 10
247.72395854769243
 20
36.866576
 30
0.0
 40
1.6256
  1
855
  7
ГОСТ
 72
1
 11
247.72395854769243
 21
36.866576
 31
0.0
100
AcDbText
 73
2
  0
LWPOLYLINE
  5
54C
330
17
100
AcDbEntity
  8
06_ТАБЛИЦА
370
18
420
13160409
100
AcDbPolyline
 90
4
 70
1
 10
257.0680323938463
 20
34.453576000000005
 10
275.75618008615396
 20
34.453576000000005
 10
275.75618008615396
 20
39.279576000000006
 10
257.0680323938463
 20
39.279576000000006
  0
TEXT
  5
54D
330
17
100
AcDbEntity
  8
06_ТАБЛИЦА
420
3950423
100
AcDbText
 10
266.41210624000007
 20
36.866576
 30
0.0
 40
1.6256
  1
855
  7
ГОСТ
 72
1
 11
266.41210624000007
 21
36.866576
 31
0.0
100
AcDbText
 73
2
  0
LWPOLYLINE
  5
54E
330
17
100
AcDbEntity
  8
06_ТАБЛИЦА
370
18
420
13160409
100
AcDbPolyline
 90
4
 70
1
 10
275.75618008615396
 20
34.453576000000005
 10
294.4443277784616
 20
34.453576000000005
 10
294.4443277784616
 20
39.279576000000006
 10
275.75618008615396
 20
39.279576000000006
  0
TEXT
  5
54F
330
17
100
AcDbEntity
  8
06_ТАБЛИЦА
420
3950423
100
AcDbText
 10
285.10025393230785
 20
36.866576
 30
0.0
 40
1.6256
  1
855
  7
ГОСТ
 72
1
 11
285.10025393230785
 21
36.866576
 31
0.0
100
AcDbText
 73
2
  0
LWPOLYLINE
  5
550
330
17
100
AcDbEntity
  8
06_ТАБЛИЦА
370
18
420
13160409
100
AcDbPolyline
 90
4
 70
1
 10
294.4443277784616
 20
34.453576000000005
 10
313.1324754707693
 20
34.453576000000005
 10
313.1324754707693
 20
39.279576000000006
 10
294.4443277784616
 20
39.279576000000006
  0
TEXT
  5
551
330
17
100
AcDbEntity
  8
06_ТАБЛИЦА
420
3950423
100
AcDbText
 10
303.78840162461546
 20
36.866576
 30
0.0
 40
1.6256
  1
855
  7
ГОСТ
 72
1
 11
303.78840162461546
 21
36.866576
 31
0.0
100
AcDbText
 73
2
  0
LWPOLYLINE
  5
552
330
17
100
AcDbEntity
  8
06_ТАБЛИЦА
370
18
420
13160409
100
AcDbPolyline
 90
4
 70
1
 10
313.1324754707693
 20
34.453576000000005
 10
331.82062316307696
 20
34.453576000000005
 10
331.82062316307696
 20
39.279576000000006
 10
313.1324754707693
 20
39.279576000000006
  0
TEXT
  5
553
330
17
100
AcDbEntity
  8
06_ТАБЛИЦА
420
3950423
100
AcDbText
 10
322.4765493169232
 20
36.866576
 30
0.0
 40
1.6256
  1
855
  7
ГОСТ
 72
1
 11
322.4765493169232
 21
36.866576
 31
0.0
100
AcDbText
 73
2
  0
LWPOLYLINE
  5
554
330
17
100
AcDbEntity
  8
06_ТАБЛИЦА
370
18
420
13160409
100
AcDbPolyline
 90
4
 70
1
 10
331.82062316307696
 20
34.453576000000005
 10
350.5087708553847
 20
34.453576000000005
 10
350.5087708553847
 20
39.279576000000006
 10
331.82062316307696
 20
39.279576000000006
  0
TEXT
  5
555
330
17
100
AcDbEntity
  8
06_ТАБЛИЦА
420
3950423
100
AcDbText
 10
341.1646970092308
 20
36.866576
 30
0.0
 40
1.6256
  1
855
  7
ГОСТ
 72
1
 11
341.1646970092308
 21
36.866576
 31
0.0
100
AcDbText
 73
2
  0
LWPOLYLINE
  5
556
330
17
100
AcDbEntity
  8
06_ТАБЛИЦА
370
18
420
13160409
100
AcDbPolyline
 90
4
 70
1
 10
350.5087708553847
 20
34.453576000000005
 10
369.19691854769235
 20
34.453576000000005
 10
369.19691854769235
 20
39.279576000000006
 10
350.5087708553847
 20
39.279576000000006
  0
TEXT
  5
557
330
17
100
AcDbEntity
  8
06_ТАБЛИЦА
420
3950423
100
AcDbText
 10
359.8528447015386
 20
36.866576
 30
0.0
 40
1.6256
  1
855
  7
ГОСТ
 72
1
 11
359.8528447015386
 21
36.866576
 31
0.0
100
AcDbText
 73
2
  0
LWPOLYLINE
  5
558
330
17
100
AcDbEntity
  8
06_ТАБЛИЦА
370
18
420
13160409
100
AcDbPolyline
 90
4
 70
1
 10
369.19691854769235
 20
34.453576000000005
 10
387.88506624
 20
34.453576000000005
 10
387.88506624
 20
39.279576000000006
 10
369.19691854769235
 20
39.279576000000006
  0
TEXT
  5
559
330
17
100
AcDbEntity
  8
06_ТАБЛИЦА
420
3950423
100
AcDbText
 10
378.5409923938461
 20
36.866576
 30
0.0
 40
1.6256
  1
855
  7
ГОСТ
 72
1
 11
378.5409923938461
 21
36.866576
 31
0.0
100
AcDbText
 73
2
  0
LWPOLYLINE
  5
55A
330
17
100
AcDbEntity
  8
06_ТАБЛИЦА
370
18
420
13160409
100
AcDbPolyline
 90
4
 70
1
 10
387.88506624
 20
34.453576000000005
 10
406.57321393230774
 20
34.453576000000005
 10
406.57321393230774
 20
39.279576000000006
 10
387.88506624
 20
39.279576000000006
  0
TEXT
  5
55B
330
17
100
AcDbEntity
  8
06_ТАБЛИЦА
420
3950423
100
AcDbText
 10
397.2291400861539
 20
36.866576
 30
0.0
 40
1.6256
  1
855
  7
ГОСТ
 72
1
 11
397.2291400861539
 21
36.866576
 31
0.0
100
AcDbText
 73
2
  0
LWPOLYLINE
  5
55C
330
17
100
AcDbEntity
  8
06_ТАБЛИЦА
370
18
420
13160409
100
AcDbPolyline
 90
4
 70
1
 10
406.57321393230774
 20
34.453576000000005
 10
425.26136162461535
 20
34.453576000000005
 10
425.26136162461535
 20
39.279576000000006
 10
406.57321393230774
 20
39.279576000000006
  0
TEXT
  5
55D
330
17
100
AcDbEntity
  8
06_ТАБЛИЦА
420
3950423
100
AcDbText
 10
415.9172877784615
 20
36.866576
 30
0.0
 40
1.6256
  1
483
  7
ГОСТ
 72
1
 11
415.9172877784615
 21
36.866576
 31
0.0
100
AcDbText
 73
2
  0
LWPOLYLINE
  5
55E
330
17
100
AcDbEntity
  8
06_ТАБЛИЦА
370
18
420
13160409
100
AcDbPolyline
 90
4
 70
1
 10
425.26136162461535
 20
34.453576000000005
 10
443.949509316923
 20
34.453576000000005
 10
443.949509316923
 20
39.279576000000006
 10
425.26136162461535
 20
39.279576000000006
  0
TEXT
  5
55F
330
17
100
AcDbEntity
  8
06_ТАБЛИЦА
420
3950423
100
AcDbText
 10
434.60543547076924
 20
36.866576
 30
0.0
 40
1.6256
  1
281
  7
ГОСТ
 72
1
 11
434.60543547076924
 21
36.866576
 31
0.0
100
AcDbText
 73
2
  0
LWPOLYLINE
  5
560
330
17
100
AcDbEntity
  8
06_ТАБЛИЦА
370
18
420
13160409
100
AcDbPolyline
 90
4
 70
1
 10
443.9495093169231
 20
34.453576000000005
 10
462.6376570092308
 20
34.453576000000005
 10
462.6376570092308
 20
39.279576000000006
 10
443.9495093169231
 20
39.279576000000006
  0
TEXT
  5
561
330
17
100
AcDbEntity
  8
06_ТАБЛИЦА
420
3950423
100
AcDbText
 10
453.293583163077
 20
36.866576
 30
0.0
 40
1.6256
  1
-49
  7
ГОСТ
 72
1
 11
453.293583163077
 21
36.866576
 31
0.0
100
AcDbText
 73
2
  0
LWPOLYLINE
  5
562
330
17
100
AcDbEntity
  8
06_ТАБЛИЦА
370
18
420
13160409
100
AcDbPolyline
 90
4
 70
1
 10
462.6376570092308
 20
34.453576000000005
 10
481.3258047015385
 20
34.453576000000005
 10
481.3258047015385
 20
39.279576000000006
 10
462.6376570092308
 20
39.279576000000006
  0
TEXT
  5
563
330
17
100
AcDbEntity
  8
06_ТАБЛИЦА
420
3950423
100
AcDbText
 10
471.9817308553846
 20
36.866576
 30
0.0
 40
1.6256
  1
-376
  7
ГОСТ
 72
1
 11
471.9817308553846
 21
36.866576
 31
0.0
100
AcDbText
 73
2
  0
LWPOLYLINE
  5
564
330
17
100
AcDbEntity
  8
06_ТАБЛИЦА
370
18
420
13160409
100
AcDbPolyline
 90
4
 70
1
 10
481.3258047015385
 20
34.453576000000005
 10
500.0139523938462
 20
34.453576000000005
 10
500.0139523938462
 20
39.279576000000006
 10
481.3258047015385
 20
39.279576000000006
  0
TEXT
  5
565
330
17
100
AcDbEntity
  8
06_ТАБЛИЦА
420
3950423
100
AcDbText
 10
490.6698785476923
 20
36.866576
 30
0.0
 40
1.6256
  1
-125
  7
ГОСТ
 72
1
 11
490.6698785476923
 21
36.866576
 31
0.0
100
AcDbText
 73
2
  0
HATCH
  5
566
330
17
100
AcDbEntity
  8
06_ТАБЛИЦА
 62
7
420
16185594
100
AcDbHatch
 10
0.0
 20
0.0
 30
0.0
210
0.0
220
0.0
230
1.0
  2
SOLID
 70
1
 71
0
 91
1
 92
3
 72
0
 73
1
 93
4
 10
-2.173952393845988
 20
29.62757600000001
 10
32.81026008615401
 20
29.62757600000001
 10
32.81026008615401
 20
34.453576000000005
 10
-2.173952393845988
 20
34.453576000000005
 97
0
 75
0
 76
1
 98
0
  0
LWPOLYLINE
  5
567
330
17
100
AcDbEntity
  8
06_ТАБЛИЦА
370
18
420
13160409
100
AcDbPolyline
 90
4
 70
1
 10
-2.173952393845988
 20
29.62757600000001
 10
32.81026008615401
 20
29.62757600000001
 10
32.81026008615401
 20
34.453576000000005
 10
-2.173952393845988
 20
34.453576000000005
  0
TEXT
  5
568
330
17
100
AcDbEntity
  8
06_ТАБЛИЦА
420
1450031
100
AcDbText
 10
15.318153846154015
 20
32.04057600000001
 30
0.0
 40
1.5748
  1
развал борта, °
  7
ГОСТ
 72
1
 11
15.318153846154015
 21
32.04057600000001
 31
0.0
100
AcDbText
 73
2
  0
LWPOLYLINE
  5
569
330
17
100
AcDbEntity
  8
06_ТАБЛИЦА
370
18
420
13160409
100
AcDbPolyline
 90
4
 70
1
 10
32.81026008615401
 20
29.62757600000001
 10
51.49840777846172
 20
29.62757600000001
 10
51.49840777846172
 20
34.453576000000005
 10
32.81026008615401
 20
34.453576000000005
  0
TEXT
  5
56A
330
17
100
AcDbEntity
  8
06_ТАБЛИЦА
420
3950423
100
AcDbText
 10
42.15433393230786
 20
32.04057600000001
 30
0.0
 40
1.6256
  1
11.0
  7
ГОСТ
 72
1
 11
42.15433393230786
 21
32.04057600000001
 31
0.0
100
AcDbText
 73
2
  0
LWPOLYLINE
  5
56B
330
17
100
AcDbEntity
  8
06_ТАБЛИЦА
370
18
420
13160409
100
AcDbPolyline
 90
4
 70
1
 10
51.49840777846172
 20
29.62757600000001
 10
70.1865554707694
 20
29.62757600000001
 10
70.1865554707694
 20
34.453576000000005
 10
51.49840777846172
 20
34.453576000000005
  0
TEXT
  5
56C
330
17
100
AcDbEntity
  8
06_ТАБЛИЦА
420
3950423
100
AcDbText
 10
60.84248162461555
 20
32.04057600000001
 30
0.0
 40
1.6256
  1
9.5
  7
ГОСТ
 72
1
 11
60.84248162461555
 21
32.04057600000001
 31
0.0
100
AcDbText
 73
2
  0
LWPOLYLINE
  5
56D
330
17
100
AcDbEntity
  8
06_ТАБЛИЦА
370
18
420
13160409
100
AcDbPolyline
 90
4
 70
1
 10
70.1865554707694
 20
29.62757600000001
 10
88.8747031630771
 20
29.62757600000001
 10
88.8747031630771
 20
34.453576000000005
 10
70.1865554707694
 20
34.453576000000005
  0
TEXT
  5
56E
330
17
100
AcDbEntity
  8
06_ТАБЛИЦА
420
3950423
100
AcDbText
 10
79.53062931692324
 20
32.04057600000001
 30
0.0
 40
1.6256
  1
7.9
  7
ГОСТ
 72
1
 11
79.53062931692324
 21
32.04057600000001
 31
0.0
100
AcDbText
 73
2
  0
LWPOLYLINE
  5
56F
330
17
100
AcDbEntity
  8
06_ТАБЛИЦА
370
18
420
13160409
100
AcDbPolyline
 90
4
 70
1
 10
88.8747031630771
 20
29.62757600000001
 10
107.5628508553848
 20
29.62757600000001
 10
107.5628508553848
 20
34.453576000000005
 10
88.8747031630771
 20
34.453576000000005
  0
TEXT
  5
570
330
17
100
AcDbEntity
  8
06_ТАБЛИЦА
420
3950423
100
AcDbText
 10
98.21877700923095
 20
32.04057600000001
 30
0.0
 40
1.6256
  1
6.4
  7
ГОСТ
 72
1
 11
98.21877700923095
 21
32.04057600000001
 31
0.0
100
AcDbText
 73
2
  0
LWPOLYLINE
  5
571
330
17
100
AcDbEntity
  8
06_ТАБЛИЦА
370
18
420
13160409
100
AcDbPolyline
 90
4
 70
1
 10
107.5628508553848
 20
29.62757600000001
 10
126.25099854769248
 20
29.62757600000001
 10
126.25099854769248
 20
34.453576000000005
 10
107.5628508553848
 20
34.453576000000005
  0
TEXT
  5
572
330
17
100
AcDbEntity
  8
06_ТАБЛИЦА
420
3950423
100
AcDbText
 10
116.90692470153863
 20
32.04057600000001
 30
0.0
 40
1.6256
  1
4.8
  7
ГОСТ
 72
1
 11
116.90692470153863
 21
32.04057600000001
 31
0.0
100
AcDbText
 73
2
  0
LWPOLYLINE
  5
573
330
17
100
AcDbEntity
  8
06_ТАБЛИЦА
370
18
420
13160409
100
AcDbPolyline
 90
4
 70
1
 10
126.2509985476925
 20
29.62757600000001
 10
144.93914624000018
 20
29.62757600000001
 10
144.93914624000018
 20
34.453576000000005
 10
126.2509985476925
 20
34.453576000000005
  0
TEXT
  5
574
330
17
100
AcDbEntity
  8
06_ТАБЛИЦА
420
3950423
100
AcDbText
 10
135.59507239384635
 20
32.04057600000001
 30
0.0
 40
1.6256
  1
1.2
  7
ГОСТ
 72
1
 11
135.59507239384635
 21
32.04057600000001
 31
0.0
100
AcDbText
 73
2
  0
LWPOLYLINE
  5
575
330
17
100
AcDbEntity
  8
06_ТАБЛИЦА
370
18
420
13160409
100
AcDbPolyline
 90
4
 70
1
 10
144.93914624000018
 20
29.62757600000001
 10
163.62729393230785
 20
29.62757600000001
 10
163.62729393230785
 20
34.453576000000005
 10
144.93914624000018
 20
34.453576000000005
  0
TEXT
  5
576
330
17
100
AcDbEntity
  8
06_ТАБЛИЦА
420
3950423
100
AcDbText
 10
154.28322008615402
 20
32.04057600000001
 30
0.0
 40
1.6256
  1
1.2
  7
ГОСТ
 72
1
 11
154.28322008615402
 21
32.04057600000001
 31
0.0
100
AcDbText
 73
2
  0
LWPOLYLINE
  5
577
330
17
100
AcDbEntity
  8
06_ТАБЛИЦА
370
18
420
13160409
100
AcDbPolyline
 90
4
 70
1
 10
163.62729393230785
 20
29.62757600000001
 10
182.31544162461552
 20
29.62757600000001
 10
182.31544162461552
 20
34.453576000000005
 10
163.62729393230785
 20
34.453576000000005
  0
TEXT
  5
578
330
17
100
AcDbEntity
  8
06_ТАБЛИЦА
420
3950423
100
AcDbText
 10
172.9713677784617
 20
32.04057600000001
 30
0.0
 40
1.6256
  1
1.2
  7
ГОСТ
 72
1
 11
172.9713677784617
 21
32.04057600000001
 31
0.0
100
AcDbText
 73
2
  0
LWPOLYLINE
  5
579
330
17
100
AcDbEntity
  8
06_ТАБЛИЦА
370
18
420
13160409
100
AcDbPolyline
 90
4
 70
1
 10
182.31544162461557
 20
29.62757600000001
 10
201.00358931692324
 20
29.62757600000001
 10
201.00358931692324
 20
34.453576000000005
 10
182.31544162461557
 20
34.453576000000005
  0
TEXT
  5
57A
330
17
100
AcDbEntity
  8
06_ТАБЛИЦА
420
3950423
100
AcDbText
 10
191.6595154707694
 20
32.04057600000001
 30
0.0
 40
1.6256
  1
1.2
  7
ГОСТ
 72
1
 11
191.6595154707694
 21
32.04057600000001
 31
0.0
100
AcDbText
 73
2
  0
LWPOLYLINE
  5
57B
330
17
100
AcDbEntity
  8
06_ТАБЛИЦА
370
18
420
13160409
100
AcDbPolyline
 90
4
 70
1
 10
201.00358931692324
 20
29.62757600000001
 10
219.69173700923093
 20
29.62757600000001
 10
219.69173700923093
 20
34.453576000000005
 10
201.00358931692324
 20
34.453576000000005
  0
TEXT
  5
57C
330
17
100
AcDbEntity
  8
06_ТАБЛИЦА
420
3950423
100
AcDbText
 10
210.3476631630771
 20
32.04057600000001
 30
0.0
 40
1.6256
  1
1.2
  7
ГОСТ
 72
1
 11
210.3476631630771
 21
32.04057600000001
 31
0.0
100
AcDbText
 73
2
  0
LWPOLYLINE
  5
57D
330
17
100
AcDbEntity
  8
06_ТАБЛИЦА
370
18
420
13160409
100
AcDbPolyline
 90
4
 70
1
 10
219.69173700923093
 20
29.62757600000001
 10
238.37988470153857
 20
29.62757600000001
 10
238.37988470153857
 20
34.453576000000005
 10
219.69173700923093
 20
34.453576000000005
  0
TEXT
  5
57E
330
17
100
AcDbEntity
  8
06_ТАБЛИЦА
420
3950423
100
AcDbText
 10
229.03581085538474
 20
32.04057600000001
 30
0.0
 40
1.6256
  1
1.2
  7
ГОСТ
 72
1
 11
229.03581085538474
 21
32.04057600000001
 31
0.0
100
AcDbText
 73
2
  0
LWPOLYLINE
  5
57F
330
17
100
AcDbEntity
  8
06_ТАБЛИЦА
370
18
420
13160409
100
AcDbPolyline
 90
4
 70
1
 10
238.37988470153857
 20
29.62757600000001
 10
257.0680323938463
 20
29.62757600000001
 10
257.0680323938463
 20
34.453576000000005
 10
238.37988470153857
 20
34.453576000000005
  0
TEXT
  5
580
330
17
100
AcDbEntity
  8
06_ТАБЛИЦА
420
3950423
100
AcDbText
 10
247.72395854769243
 20
32.04057600000001
 30
0.0
 40
1.6256
  1
1.2
  7
ГОСТ
 72
1
 11
247.72395854769243
 21
32.04057600000001
 31
0.0
100
AcDbText
 73
2
  0
LWPOLYLINE
  5
581
330
17
100
AcDbEntity
  8
06_ТАБЛИЦА
370
18
420
13160409
100
AcDbPolyline
 90
4
 70
1
 10
257.0680323938463
 20
29.62757600000001
 10
275.75618008615396
 20
29.62757600000001
 10
275.75618008615396
 20
34.453576000000005
 10
257.0680323938463
 20
34.453576000000005
  0
TEXT
  5
582
330
17
100
AcDbEntity
  8
06_ТАБЛИЦА
420
3950423
100
AcDbText
 10
266.41210624000007
 20
32.04057600000001
 30
0.0
 40
1.6256
  1
1.2
  7
ГОСТ
 72
1
 11
266.41210624000007
 21
32.04057600000001
 31
0.0
100
AcDbText
 73
2
  0
LWPOLYLINE
  5
583
330
17
100
AcDbEntity
  8
06_ТАБЛИЦА
370
18
420
13160409
100
AcDbPolyline
 90
4
 70
1
 10
275.75618008615396
 20
29.62757600000001
 10
294.4443277784616
 20
29.62757600000001
 10
294.4443277784616
 20
34.453576000000005
 10
275.75618008615396
 20
34.453576000000005
  0
TEXT
  5
584
330
17
100
AcDbEntity
  8
06_ТАБЛИЦА
420
3950423
100
AcDbText
 10
285.10025393230785
 20
32.04057600000001
 30
0.0
 40
1.6256
  1
1.2
  7
ГОСТ
 72
1
 11
285.10025393230785
 21
32.04057600000001
 31
0.0
100
AcDbText
 73
2
  0
LWPOLYLINE
  5
585
330
17
100
AcDbEntity
  8
06_ТАБЛИЦА
370
18
420
13160409
100
AcDbPolyline
 90
4
 70
1
 10
294.4443277784616
 20
29.62757600000001
 10
313.1324754707693
 20
29.62757600000001
 10
313.1324754707693
 20
34.453576000000005
 10
294.4443277784616
 20
34.453576000000005
  0
TEXT
  5
586
330
17
100
AcDbEntity
  8
06_ТАБЛИЦА
420
3950423
100
AcDbText
 10
303.78840162461546
 20
32.04057600000001
 30
0.0
 40
1.6256
  1
1.2
  7
ГОСТ
 72
1
 11
303.78840162461546
 21
32.04057600000001
 31
0.0
100
AcDbText
 73
2
  0
LWPOLYLINE
  5
587
330
17
100
AcDbEntity
  8
06_ТАБЛИЦА
370
18
420
13160409
100
AcDbPolyline
 90
4
 70
1
 10
313.1324754707693
 20
29.62757600000001
 10
331.82062316307696
 20
29.62757600000001
 10
331.82062316307696
 20
34.453576000000005
 10
313.1324754707693
 20
34.453576000000005
  0
TEXT
  5
588
330
17
100
AcDbEntity
  8
06_ТАБЛИЦА
420
3950423
100
AcDbText
 10
322.4765493169232
 20
32.04057600000001
 30
0.0
 40
1.6256
  1
1.2
  7
ГОСТ
 72
1
 11
322.4765493169232
 21
32.04057600000001
 31
0.0
100
AcDbText
 73
2
  0
LWPOLYLINE
  5
589
330
17
100
AcDbEntity
  8
06_ТАБЛИЦА
370
18
420
13160409
100
AcDbPolyline
 90
4
 70
1
 10
331.82062316307696
 20
29.62757600000001
 10
350.5087708553847
 20
29.62757600000001
 10
350.5087708553847
 20
34.453576000000005
 10
331.82062316307696
 20
34.453576000000005
  0
TEXT
  5
58A
330
17
100
AcDbEntity
  8
06_ТАБЛИЦА
420
3950423
100
AcDbText
 10
341.1646970092308
 20
32.04057600000001
 30
0.0
 40
1.6256
  1
1.2
  7
ГОСТ
 72
1
 11
341.1646970092308
 21
32.04057600000001
 31
0.0
100
AcDbText
 73
2
  0
LWPOLYLINE
  5
58B
330
17
100
AcDbEntity
  8
06_ТАБЛИЦА
370
18
420
13160409
100
AcDbPolyline
 90
4
 70
1
 10
350.5087708553847
 20
29.62757600000001
 10
369.19691854769235
 20
29.62757600000001
 10
369.19691854769235
 20
34.453576000000005
 10
350.5087708553847
 20
34.453576000000005
  0
TEXT
  5
58C
330
17
100
AcDbEntity
  8
06_ТАБЛИЦА
420
3950423
100
AcDbText
 10
359.8528447015386
 20
32.04057600000001
 30
0.0
 40
1.6256
  1
1.2
  7
ГОСТ
 72
1
 11
359.8528447015386
 21
32.04057600000001
 31
0.0
100
AcDbText
 73
2
  0
LWPOLYLINE
  5
58D
330
17
100
AcDbEntity
  8
06_ТАБЛИЦА
370
18
420
13160409
100
AcDbPolyline
 90
4
 70
1
 10
369.19691854769235
 20
29.62757600000001
 10
387.88506624
 20
29.62757600000001
 10
387.88506624
 20
34.453576000000005
 10
369.19691854769235
 20
34.453576000000005
  0
TEXT
  5
58E
330
17
100
AcDbEntity
  8
06_ТАБЛИЦА
420
3950423
100
AcDbText
 10
378.5409923938461
 20
32.04057600000001
 30
0.0
 40
1.6256
  1
1.2
  7
ГОСТ
 72
1
 11
378.5409923938461
 21
32.04057600000001
 31
0.0
100
AcDbText
 73
2
  0
LWPOLYLINE
  5
58F
330
17
100
AcDbEntity
  8
06_ТАБЛИЦА
370
18
420
13160409
100
AcDbPolyline
 90
4
 70
1
 10
387.88506624
 20
29.62757600000001
 10
406.57321393230774
 20
29.62757600000001
 10
406.57321393230774
 20
34.453576000000005
 10
387.88506624
 20
34.453576000000005
  0
TEXT
  5
590
330
17
100
AcDbEntity
  8
06_ТАБЛИЦА
420
3950423
100
AcDbText
 10
397.2291400861539
 20
32.04057600000001
 30
0.0
 40
1.6256
  1
1.2
  7
ГОСТ
 72
1
 11
397.2291400861539
 21
32.04057600000001
 31
0.0
100
AcDbText
 73
2
  0
LWPOLYLINE
  5
591
330
17
100
AcDbEntity
  8
06_ТАБЛИЦА
370
18
420
13160409
100
AcDbPolyline
 90
4
 70
1
 10
406.57321393230774
 20
29.62757600000001
 10
425.26136162461535
 20
29.62757600000001
 10
425.26136162461535
 20
34.453576000000005
 10
406.57321393230774
 20
34.453576000000005
  0
TEXT
  5
592
330
17
100
AcDbEntity
  8
06_ТАБЛИЦА
420
3950423
100
AcDbText
 10
415.9172877784615
 20
32.04057600000001
 30
0.0
 40
1.6256
  1
4.4
  7
ГОСТ
 72
1
 11
415.9172877784615
 21
32.04057600000001
 31
0.0
100
AcDbText
 73
2
  0
LWPOLYLINE
  5
593
330
17
100
AcDbEntity
  8
06_ТАБЛИЦА
370
18
420
13160409
100
AcDbPolyline
 90
4
 70
1
 10
425.26136162461535
 20
29.62757600000001
 10
443.949509316923
 20
29.62757600000001
 10
443.949509316923
 20
34.453576000000005
 10
425.26136162461535
 20
34.453576000000005
  0
TEXT
  5
594
330
17
100
AcDbEntity
  8
06_ТАБЛИЦА
420
3950423
100
AcDbText
 10
434.60543547076924
 20
32.04057600000001
 30
0.0
 40
1.6256
  1
6.6
  7
ГОСТ
 72
1
 11
434.60543547076924
 21
32.04057600000001
 31
0.0
100
AcDbText
 73
2
  0
LWPOLYLINE
  5
595
330
17
100
AcDbEntity
  8
06_ТАБЛИЦА
370
18
420
13160409
100
AcDbPolyline
 90
4
 70
1
 10
443.9495093169231
 20
29.62757600000001
 10
462.6376570092308
 20
29.62757600000001
 10
462.6376570092308
 20
34.453576000000005
 10
443.9495093169231
 20
34.453576000000005
  0
TEXT
  5
596
330
17
100
AcDbEntity
  8
06_ТАБЛИЦА
420
3950423
100
AcDbText
 10
453.293583163077
 20
32.04057600000001
 30
0.0
 40
1.6256
  1
8.7
  7
ГОСТ
 72
1
 11
453.293583163077
 21
32.04057600000001
 31
0.0
100
AcDbText
 73
2
  0
LWPOLYLINE
  5
597
330
17
100
AcDbEntity
  8
06_ТАБЛИЦА
370
18
420
13160409
100
AcDbPolyline
 90
4
 70
1
 10
462.6376570092308
 20
29.62757600000001
 10
481.3258047015385
 20
29.62757600000001
 10
481.3258047015385
 20
34.453576000000005
 10
462.6376570092308
 20
34.453576000000005
  0
TEXT
  5
598
330
17
100
AcDbEntity
  8
06_ТАБЛИЦА
420
3950423
100
AcDbText
 10
471.9817308553846
 20
32.04057600000001
 30
0.0
 40
1.6256
  1
10.9
  7
ГОСТ
 72
1
 11
471.9817308553846
 21
32.04057600000001
 31
0.0
100
AcDbText
 73
2
  0
LWPOLYLINE
  5
599
330
17
100
AcDbEntity
  8
06_ТАБЛИЦА
370
18
420
13160409
100
AcDbPolyline
 90
4
 70
1
 10
481.3258047015385
 20
29.62757600000001
 10
500.0139523938462
 20
29.62757600000001
 10
500.0139523938462
 20
34.453576000000005
 10
481.3258047015385
 20
34.453576000000005
  0
TEXT
  5
59A
330
17
100
AcDbEntity
  8
06_ТАБЛИЦА
420
3950423
100
AcDbText
 10
490.6698785476923
 20
32.04057600000001
 30
0.0
 40
1.6256
  1
13.0
  7
ГОСТ
 72
1
 11
490.6698785476923
 21
32.04057600000001
 31
0.0
100
AcDbText
 73
2
  0
HATCH
  5
59B
330
17
100
AcDbEntity
  8
06_ТАБЛИЦА
 62
7
420
15659509
100
AcDbHatch
 10
0.0
 20
0.0
 30
0.0
210
0.0
220
0.0
230
1.0
  2
SOLID
 70
1
 71
0
 91
1
 92
3
 72
0
 73
1
 93
4
 10
-2.173952393845988
 20
130.973576
 10
32.81026008615401
 20
130.973576
 10
32.81026008615401
 20
135.79957600000003
 10
-2.173952393845988
 20
135.79957600000003
 97
0
 75
0
 76
1
 98
0
  0
LWPOLYLINE
  5
59C
330
17
100
AcDbEntity
  8
06_ТАБЛИЦА
370
18
420
13160409
100
AcDbPolyline
 90
4
 70
1
 10
-2.173952393845988
 20
130.973576
 10
32.81026008615401
 20
130.973576
 10
32.81026008615401
 20
135.79957600000003
 10
-2.173952393845988
 20
135.79957600000003
  0
TEXT
  5
59D
330
17
100
AcDbEntity
  8
06_ТАБЛИЦА
420
1450031
100
AcDbText
 10
15.318153846154015
 20
133.38657600000002
 30
0.0
 40
1.6764
  1
ВЛ, м
  7
ГОСТ
 72
1
 11
15.318153846154015
 21
133.38657600000002
 31
0.0
100
AcDbText
 73
2
  0
HATCH
  5
59E
330
17
100
AcDbEntity
  8
06_ТАБЛИЦА
 62
7
420
15659509
100
AcDbHatch
 10
0.0
 20
0.0
 30
0.0
210
0.0
220
0.0
230
1.0
  2
SOLID
 70
1
 71
0
 91
1
 92
3
 72
0
 73
1
 93
4
 10
32.81026008615401
 20
130.973576
 10
51.49840777846172
 20
130.973576
 10
51.49840777846172
 20
135.79957600000003
 10
32.81026008615401
 20
135.79957600000003
 97
0
 75
0
 76
1
 98
0
  0
LWPOLYLINE
  5
59F
330
17
100
AcDbEntity
  8
06_ТАБЛИЦА
370
18
420
13160409
100
AcDbPolyline
 90
4
 70
1
 10
32.81026008615401
 20
130.973576
 10
51.49840777846172
 20
130.973576
 10
51.49840777846172
 20
135.79957600000003
 10
32.81026008615401
 20
135.79957600000003
  0
TEXT
  5
5A0
330
17
100
AcDbEntity
  8
06_ТАБЛИЦА
420
1450031
100
AcDbText
 10
42.15433393230786
 20
133.38657600000002
 30
0.0
 40
1.6764
  1
0
  7
ГОСТ
 72
1
 11
42.15433393230786
 21
133.38657600000002
 31
0.0
100
AcDbText
 73
2
  0
HATCH
  5
5A1
330
17
100
AcDbEntity
  8
06_ТАБЛИЦА
 62
7
420
15659509
100
AcDbHatch
 10
0.0
 20
0.0
 30
0.0
210
0.0
220
0.0
230
1.0
  2
SOLID
 70
1
 71
0
 91
1
 92
3
 72
0
 73
1
 93
4
 10
51.49840777846172
 20
130.973576
 10
70.1865554707694
 20
130.973576
 10
70.1865554707694
 20
135.79957600000003
 10
51.49840777846172
 20
135.79957600000003
 97
0
 75
0
 76
1
 98
0
  0
LWPOLYLINE
  5
5A2
330
17
100
AcDbEntity
  8
06_ТАБЛИЦА
370
18
420
13160409
100
AcDbPolyline
 90
4
 70
1
 10
51.49840777846172
 20
130.973576
 10
70.1865554707694
 20
130.973576
 10
70.1865554707694
 20
135.79957600000003
 10
51.49840777846172
 20
135.79957600000003
  0
TEXT
  5
5A3
330
17
100
AcDbEntity
  8
06_ТАБЛИЦА
420
1450031
100
AcDbText
 10
60.84248162461555
 20
133.38657600000002
 30
0.0
 40
1.6764
  1
0.5
  7
ГОСТ
 72
1
 11
60.84248162461555
 21
133.38657600000002
 31
0.0
100
AcDbText
 73
2
  0
HATCH
  5
5A4
330
17
100
AcDbEntity
  8
06_ТАБЛИЦА
 62
7
420
15659509
100
AcDbHatch
 10
0.0
 20
0.0
 30
0.0
210
0.0
220
0.0
230
1.0
  2
SOLID
 70
1
 71
0
 91
1
 92
3
 72
0
 73
1
 93
4
 10
70.1865554707694
 20
130.973576
 10
88.8747031630771
 20
130.973576
 10
88.8747031630771
 20
135.79957600000003
 10
70.1865554707694
 20
135.79957600000003
 97
0
 75
0
 76
1
 98
0
  0
LWPOLYLINE
  5
5A5
330
17
100
AcDbEntity
  8
06_ТАБЛИЦА
370
18
420
13160409
100
AcDbPolyline
 90
4
 70
1
 10
70.1865554707694
 20
130.973576
 10
88.8747031630771
 20
130.973576
 10
88.8747031630771
 20
135.79957600000003
 10
70.1865554707694
 20
135.79957600000003
  0
TEXT
  5
5A6
330
17
100
AcDbEntity
  8
06_ТАБЛИЦА
420
1450031
100
AcDbText
 10
79.53062931692324
 20
133.38657600000002
 30
0.0
 40
1.6764
  1
1
  7
ГОСТ
 72
1
 11
79.53062931692324
 21
133.38657600000002
 31
0.0
100
AcDbText
 73
2
  0
HATCH
  5
5A7
330
17
100
AcDbEntity
  8
06_ТАБЛИЦА
 62
7
420
15659509
100
AcDbHatch
 10
0.0
 20
0.0
 30
0.0
210
0.0
220
0.0
230
1.0
  2
SOLID
 70
1
 71
0
 91
1
 92
3
 72
0
 73
1
 93
4
 10
88.8747031630771
 20
130.973576
 10
107.5628508553848
 20
130.973576
 10
107.5628508553848
 20
135.79957600000003
 10
88.8747031630771
 20
135.79957600000003
 97
0
 75
0
 76
1
 98
0
  0
LWPOLYLINE
  5
5A8
330
17
100
AcDbEntity
  8
06_ТАБЛИЦА
370
18
420
13160409
100
AcDbPolyline
 90
4
 70
1
 10
88.8747031630771
 20
130.973576
 10
107.5628508553848
 20
130.973576
 10
107.5628508553848
 20
135.79957600000003
 10
88.8747031630771
 20
135.79957600000003
  0
TEXT
  5
5A9
330
17
100
AcDbEntity
  8
06_ТАБЛИЦА
420
1450031
100
AcDbText
 10
98.21877700923095
 20
133.38657600000002
 30
0.0
 40
1.6764
  1
1.5
  7
ГОСТ
 72
1
 11
98.21877700923095
 21
133.38657600000002
 31
0.0
100
AcDbText
 73
2
  0
HATCH
  5
5AA
330
17
100
AcDbEntity
  8
06_ТАБЛИЦА
 62
7
420
15659509
100
AcDbHatch
 10
0.0
 20
0.0
 30
0.0
210
0.0
220
0.0
230
1.0
  2
SOLID
 70
1
 71
0
 91
1
 92
3
 72
0
 73
1
 93
4
 10
107.5628508553848
 20
130.973576
 10
126.25099854769248
 20
130.973576
 10
126.25099854769248
 20
135.79957600000003
 10
107.5628508553848
 20
135.79957600000003
 97
0
 75
0
 76
1
 98
0
  0
LWPOLYLINE
  5
5AB
330
17
100
AcDbEntity
  8
06_ТАБЛИЦА
370
18
420
13160409
100
AcDbPolyline
 90
4
 70
1
 10
107.5628508553848
 20
130.973576
 10
126.25099854769248
 20
130.973576
 10
126.25099854769248
 20
135.79957600000003
 10
107.5628508553848
 20
135.79957600000003
  0
TEXT
  5
5AC
330
17
100
AcDbEntity
  8
06_ТАБЛИЦА
420
1450031
100
AcDbText
 10
116.90692470153863
 20
133.38657600000002
 30
0.0
 40
1.6764
  1
2
  7
ГОСТ
 72
1
 11
116.90692470153863
 21
133.38657600000002
 31
0.0
100
AcDbText
 73
2
  0
HATCH
  5
5AD
330
17
100
AcDbEntity
  8
06_ТАБЛИЦА
 62
7
420
15659509
100
AcDbHatch
 10
0.0
 20
0.0
 30
0.0
210
0.0
220
0.0
230
1.0
  2
SOLID
 70
1
 71
0
 91
1
 92
3
 72
0
 73
1
 93
4
 10
126.2509985476925
 20
130.973576
 10
144.93914624000018
 20
130.973576
 10
144.93914624000018
 20
135.79957600000003
 10
126.2509985476925
 20
135.79957600000003
 97
0
 75
0
 76
1
 98
0
  0
LWPOLYLINE
  5
5AE
330
17
100
AcDbEntity
  8
06_ТАБЛИЦА
370
18
420
13160409
100
AcDbPolyline
 90
4
 70
1
 10
126.2509985476925
 20
130.973576
 10
144.93914624000018
 20
130.973576
 10
144.93914624000018
 20
135.79957600000003
 10
126.2509985476925
 20
135.79957600000003
  0
TEXT
  5
5AF
330
17
100
AcDbEntity
  8
06_ТАБЛИЦА
420
1450031
100
AcDbText
 10
135.59507239384635
 20
133.38657600000002
 30
0.0
 40
1.6764
  1
3
  7
ГОСТ
 72
1
 11
135.59507239384635
 21
133.38657600000002
 31
0.0
100
AcDbText
 73
2
  0
HATCH
  5
5B0
330
17
100
AcDbEntity
  8
06_ТАБЛИЦА
 62
7
420
15659509
100
AcDbHatch
 10
0.0
 20
0.0
 30
0.0
210
0.0
220
0.0
230
1.0
  2
SOLID
 70
1
 71
0
 91
1
 92
3
 72
0
 73
1
 93
4
 10
144.93914624000018
 20
130.973576
 10
163.62729393230785
 20
130.973576
 10
163.62729393230785
 20
135.79957600000003
 10
144.93914624000018
 20
135.79957600000003
 97
0
 75
0
 76
1
 98
0
  0
LWPOLYLINE
  5
5B1
330
17
100
AcDbEntity
  8
06_ТАБЛИЦА
370
18
420
13160409
100
AcDbPolyline
 90
4
 70
1
 10
144.93914624000018
 20
130.973576
 10
163.62729393230785
 20
130.973576
 10
163.62729393230785
 20
135.79957600000003
 10
144.93914624000018
 20
135.79957600000003
  0
TEXT
  5
5B2
330
17
100
AcDbEntity
  8
06_ТАБЛИЦА
420
1450031
100
AcDbText
 10
154.28322008615402
 20
133.38657600000002
 30
0.0
 40
1.6764
  1
4
  7
ГОСТ
 72
1
 11
154.28322008615402
 21
133.38657600000002
 31
0.0
100
AcDbText
 73
2
  0
HATCH
  5
5B3
330
17
100
AcDbEntity
  8
06_ТАБЛИЦА
 62
7
420
15659509
100
AcDbHatch
 10
0.0
 20
0.0
 30
0.0
210
0.0
220
0.0
230
1.0
  2
SOLID
 70
1
 71
0
 91
1
 92
3
 72
0
 73
1
 93
4
 10
163.62729393230785
 20
130.973576
 10
182.31544162461552
 20
130.973576
 10
182.31544162461552
 20
135.79957600000003
 10
163.62729393230785
 20
135.79957600000003
 97
0
 75
0
 76
1
 98
0
  0
LWPOLYLINE
  5
5B4
330
17
100
AcDbEntity
  8
06_ТАБЛИЦА
370
18
420
13160409
100
AcDbPolyline
 90
4
 70
1
 10
163.62729393230785
 20
130.973576
 10
182.31544162461552
 20
130.973576
 10
182.31544162461552
 20
135.79957600000003
 10
163.62729393230785
 20
135.79957600000003
  0
TEXT
  5
5B5
330
17
100
AcDbEntity
  8
06_ТАБЛИЦА
420
1450031
100
AcDbText
 10
172.9713677784617
 20
133.38657600000002
 30
0.0
 40
1.6764
  1
5
  7
ГОСТ
 72
1
 11
172.9713677784617
 21
133.38657600000002
 31
0.0
100
AcDbText
 73
2
  0
HATCH
  5
5B6
330
17
100
AcDbEntity
  8
06_ТАБЛИЦА
 62
7
420
15659509
100
AcDbHatch
 10
0.0
 20
0.0
 30
0.0
210
0.0
220
0.0
230
1.0
  2
SOLID
 70
1
 71
0
 91
1
 92
3
 72
0
 73
1
 93
4
 10
182.31544162461557
 20
130.973576
 10
201.00358931692324
 20
130.973576
 10
201.00358931692324
 20
135.79957600000003
 10
182.31544162461557
 20
135.79957600000003
 97
0
 75
0
 76
1
 98
0
  0
LWPOLYLINE
  5
5B7
330
17
100
AcDbEntity
  8
06_ТАБЛИЦА
370
18
420
13160409
100
AcDbPolyline
 90
4
 70
1
 10
182.31544162461557
 20
130.973576
 10
201.00358931692324
 20
130.973576
 10
201.00358931692324
 20
135.79957600000003
 10
182.31544162461557
 20
135.79957600000003
  0
TEXT
  5
5B8
330
17
100
AcDbEntity
  8
06_ТАБЛИЦА
420
1450031
100
AcDbText
 10
191.6595154707694
 20
133.38657600000002
 30
0.0
 40
1.6764
  1
6
  7
ГОСТ
 72
1
 11
191.6595154707694
 21
133.38657600000002
 31
0.0
100
AcDbText
 73
2
  0
HATCH
  5
5B9
330
17
100
AcDbEntity
  8
06_ТАБЛИЦА
 62
7
420
15659509
100
AcDbHatch
 10
0.0
 20
0.0
 30
0.0
210
0.0
220
0.0
230
1.0
  2
SOLID
 70
1
 71
0
 91
1
 92
3
 72
0
 73
1
 93
4
 10
201.00358931692324
 20
130.973576
 10
219.69173700923093
 20
130.973576
 10
219.69173700923093
 20
135.79957600000003
 10
201.00358931692324
 20
135.79957600000003
 97
0
 75
0
 76
1
 98
0
  0
LWPOLYLINE
  5
5BA
330
17
100
AcDbEntity
  8
06_ТАБЛИЦА
370
18
420
13160409
100
AcDbPolyline
 90
4
 70
1
 10
201.00358931692324
 20
130.973576
 10
219.69173700923093
 20
130.973576
 10
219.69173700923093
 20
135.79957600000003
 10
201.00358931692324
 20
135.79957600000003
  0
TEXT
  5
5BB
330
17
100
AcDbEntity
  8
06_ТАБЛИЦА
420
1450031
100
AcDbText
 10
210.3476631630771
 20
133.38657600000002
 30
0.0
 40
1.6764
  1
7
  7
ГОСТ
 72
1
 11
210.3476631630771
 21
133.38657600000002
 31
0.0
100
AcDbText
 73
2
  0
HATCH
  5
5BC
330
17
100
AcDbEntity
  8
06_ТАБЛИЦА
 62
7
420
15659509
100
AcDbHatch
 10
0.0
 20
0.0
 30
0.0
210
0.0
220
0.0
230
1.0
  2
SOLID
 70
1
 71
0
 91
1
 92
3
 72
0
 73
1
 93
4
 10
219.69173700923093
 20
130.973576
 10
238.37988470153857
 20
130.973576
 10
238.37988470153857
 20
135.79957600000003
 10
219.69173700923093
 20
135.79957600000003
 97
0
 75
0
 76
1
 98
0
  0
LWPOLYLINE
  5
5BD
330
17
100
AcDbEntity
  8
06_ТАБЛИЦА
370
18
420
13160409
100
AcDbPolyline
 90
4
 70
1
 10
219.69173700923093
 20
130.973576
 10
238.37988470153857
 20
130.973576
 10
238.37988470153857
 20
135.79957600000003
 10
219.69173700923093
 20
135.79957600000003
  0
TEXT
  5
5BE
330
17
100
AcDbEntity
  8
06_ТАБЛИЦА
420
1450031
100
AcDbText
 10
229.03581085538474
 20
133.38657600000002
 30
0.0
 40
1.6764
  1
8
  7
ГОСТ
 72
1
 11
229.03581085538474
 21
133.38657600000002
 31
0.0
100
AcDbText
 73
2
  0
HATCH
  5
5BF
330
17
100
AcDbEntity
  8
06_ТАБЛИЦА
 62
7
420
15659509
100
AcDbHatch
 10
0.0
 20
0.0
 30
0.0
210
0.0
220
0.0
230
1.0
  2
SOLID
 70
1
 71
0
 91
1
 92
3
 72
0
 73
1
 93
4
 10
238.37988470153857
 20
130.973576
 10
257.0680323938463
 20
130.973576
 10
257.0680323938463
 20
135.79957600000003
 10
238.37988470153857
 20
135.79957600000003
 97
0
 75
0
 76
1
 98
0
  0
LWPOLYLINE
  5
5C0
330
17
100
AcDbEntity
  8
06_ТАБЛИЦА
370
18
420
13160409
100
AcDbPolyline
 90
4
 70
1
 10
238.37988470153857
 20
130.973576
 10
257.0680323938463
 20
130.973576
 10
257.0680323938463
 20
135.79957600000003
 10
238.37988470153857
 20
135.79957600000003
  0
TEXT
  5
5C1
330
17
100
AcDbEntity
  8
06_ТАБЛИЦА
420
1450031
100
AcDbText
 10
247.72395854769243
 20
133.38657600000002
 30
0.0
 40
1.6764
  1
9
  7
ГОСТ
 72
1
 11
247.72395854769243
 21
133.38657600000002
 31
0.0
100
AcDbText
 73
2
  0
HATCH
  5
5C2
330
17
100
AcDbEntity
  8
06_ТАБЛИЦА
 62
7
420
15659509
100
AcDbHatch
 10
0.0
 20
0.0
 30
0.0
210
0.0
220
0.0
230
1.0
  2
SOLID
 70
1
 71
0
 91
1
 92
3
 72
0
 73
1
 93
4
 10
257.0680323938463
 20
130.973576
 10
275.75618008615396
 20
130.973576
 10
275.75618008615396
 20
135.79957600000003
 10
257.0680323938463
 20
135.79957600000003
 97
0
 75
0
 76
1
 98
0
  0
LWPOLYLINE
  5
5C3
330
17
100
AcDbEntity
  8
06_ТАБЛИЦА
370
18
420
13160409
100
AcDbPolyline
 90
4
 70
1
 10
257.0680323938463
 20
130.973576
 10
275.75618008615396
 20
130.973576
 10
275.75618008615396
 20
135.79957600000003
 10
257.0680323938463
 20
135.79957600000003
  0
TEXT
  5
5C4
330
17
100
AcDbEntity
  8
06_ТАБЛИЦА
420
1450031
100
AcDbText
 10
266.41210624000007
 20
133.38657600000002
 30
0.0
 40
1.6764
  1
10
  7
ГОСТ
 72
1
 11
266.41210624000007
 21
133.38657600000002
 31
0.0
100
AcDbText
 73
2
  0
HATCH
  5
5C5
330
17
100
AcDbEntity
  8
06_ТАБЛИЦА
 62
7
420
15659509
100
AcDbHatch
 10
0.0
 20
0.0
 30
0.0
210
0.0
220
0.0
230
1.0
  2
SOLID
 70
1
 71
0
 91
1
 92
3
 72
0
 73
1
 93
4
 10
275.75618008615396
 20
130.973576
 10
294.4443277784616
 20
130.973576
 10
294.4443277784616
 20
135.79957600000003
 10
275.75618008615396
 20
135.79957600000003
 97
0
 75
0
 76
1
 98
0
  0
LWPOLYLINE
  5
5C6
330
17
100
AcDbEntity
  8
06_ТАБЛИЦА
370
18
420
13160409
100
AcDbPolyline
 90
4
 70
1
 10
275.75618008615396
 20
130.973576
 10
294.4443277784616
 20
130.973576
 10
294.4443277784616
 20
135.79957600000003
 10
275.75618008615396
 20
135.79957600000003
  0
TEXT
  5
5C7
330
17
100
AcDbEntity
  8
06_ТАБЛИЦА
420
1450031
100
AcDbText
 10
285.10025393230785
 20
133.38657600000002
 30
0.0
 40
1.6764
  1
11
  7
ГОСТ
 72
1
 11
285.10025393230785
 21
133.38657600000002
 31
0.0
100
AcDbText
 73
2
  0
HATCH
  5
5C8
330
17
100
AcDbEntity
  8
06_ТАБЛИЦА
 62
7
420
15659509
100
AcDbHatch
 10
0.0
 20
0.0
 30
0.0
210
0.0
220
0.0
230
1.0
  2
SOLID
 70
1
 71
0
 91
1
 92
3
 72
0
 73
1
 93
4
 10
294.4443277784616
 20
130.973576
 10
313.1324754707693
 20
130.973576
 10
313.1324754707693
 20
135.79957600000003
 10
294.4443277784616
 20
135.79957600000003
 97
0
 75
0
 76
1
 98
0
  0
LWPOLYLINE
  5
5C9
330
17
100
AcDbEntity
  8
06_ТАБЛИЦА
370
18
420
13160409
100
AcDbPolyline
 90
4
 70
1
 10
294.4443277784616
 20
130.973576
 10
313.1324754707693
 20
130.973576
 10
313.1324754707693
 20
135.79957600000003
 10
294.4443277784616
 20
135.79957600000003
  0
TEXT
  5
5CA
330
17
100
AcDbEntity
  8
06_ТАБЛИЦА
420
1450031
100
AcDbText
 10
303.78840162461546
 20
133.38657600000002
 30
0.0
 40
1.6764
  1
12
  7
ГОСТ
 72
1
 11
303.78840162461546
 21
133.38657600000002
 31
0.0
100
AcDbText
 73
2
  0
HATCH
  5
5CB
330
17
100
AcDbEntity
  8
06_ТАБЛИЦА
 62
7
420
15659509
100
AcDbHatch
 10
0.0
 20
0.0
 30
0.0
210
0.0
220
0.0
230
1.0
  2
SOLID
 70
1
 71
0
 91
1
 92
3
 72
0
 73
1
 93
4
 10
313.1324754707693
 20
130.973576
 10
331.82062316307696
 20
130.973576
 10
331.82062316307696
 20
135.79957600000003
 10
313.1324754707693
 20
135.79957600000003
 97
0
 75
0
 76
1
 98
0
  0
LWPOLYLINE
  5
5CC
330
17
100
AcDbEntity
  8
06_ТАБЛИЦА
370
18
420
13160409
100
AcDbPolyline
 90
4
 70
1
 10
313.1324754707693
 20
130.973576
 10
331.82062316307696
 20
130.973576
 10
331.82062316307696
 20
135.79957600000003
 10
313.1324754707693
 20
135.79957600000003
  0
TEXT
  5
5CD
330
17
100
AcDbEntity
  8
06_ТАБЛИЦА
420
1450031
100
AcDbText
 10
322.4765493169232
 20
133.38657600000002
 30
0.0
 40
1.6764
  1
13
  7
ГОСТ
 72
1
 11
322.4765493169232
 21
133.38657600000002
 31
0.0
100
AcDbText
 73
2
  0
HATCH
  5
5CE
330
17
100
AcDbEntity
  8
06_ТАБЛИЦА
 62
7
420
15659509
100
AcDbHatch
 10
0.0
 20
0.0
 30
0.0
210
0.0
220
0.0
230
1.0
  2
SOLID
 70
1
 71
0
 91
1
 92
3
 72
0
 73
1
 93
4
 10
331.82062316307696
 20
130.973576
 10
350.5087708553847
 20
130.973576
 10
350.5087708553847
 20
135.79957600000003
 10
331.82062316307696
 20
135.79957600000003
 97
0
 75
0
 76
1
 98
0
  0
LWPOLYLINE
  5
5CF
330
17
100
AcDbEntity
  8
06_ТАБЛИЦА
370
18
420
13160409
100
AcDbPolyline
 90
4
 70
1
 10
331.82062316307696
 20
130.973576
 10
350.5087708553847
 20
130.973576
 10
350.5087708553847
 20
135.79957600000003
 10
331.82062316307696
 20
135.79957600000003
  0
TEXT
  5
5D0
330
17
100
AcDbEntity
  8
06_ТАБЛИЦА
420
1450031
100
AcDbText
 10
341.1646970092308
 20
133.38657600000002
 30
0.0
 40
1.6764
  1
14
  7
ГОСТ
 72
1
 11
341.1646970092308
 21
133.38657600000002
 31
0.0
100
AcDbText
 73
2
  0
HATCH
  5
5D1
330
17
100
AcDbEntity
  8
06_ТАБЛИЦА
 62
7
420
15659509
100
AcDbHatch
 10
0.0
 20
0.0
 30
0.0
210
0.0
220
0.0
230
1.0
  2
SOLID
 70
1
 71
0
 91
1
 92
3
 72
0
 73
1
 93
4
 10
350.5087708553847
 20
130.973576
 10
369.19691854769235
 20
130.973576
 10
369.19691854769235
 20
135.79957600000003
 10
350.5087708553847
 20
135.79957600000003
 97
0
 75
0
 76
1
 98
0
  0
LWPOLYLINE
  5
5D2
330
17
100
AcDbEntity
  8
06_ТАБЛИЦА
370
18
420
13160409
100
AcDbPolyline
 90
4
 70
1
 10
350.5087708553847
 20
130.973576
 10
369.19691854769235
 20
130.973576
 10
369.19691854769235
 20
135.79957600000003
 10
350.5087708553847
 20
135.79957600000003
  0
TEXT
  5
5D3
330
17
100
AcDbEntity
  8
06_ТАБЛИЦА
420
1450031
100
AcDbText
 10
359.8528447015386
 20
133.38657600000002
 30
0.0
 40
1.6764
  1
15
  7
ГОСТ
 72
1
 11
359.8528447015386
 21
133.38657600000002
 31
0.0
100
AcDbText
 73
2
  0
HATCH
  5
5D4
330
17
100
AcDbEntity
  8
06_ТАБЛИЦА
 62
7
420
15659509
100
AcDbHatch
 10
0.0
 20
0.0
 30
0.0
210
0.0
220
0.0
230
1.0
  2
SOLID
 70
1
 71
0
 91
1
 92
3
 72
0
 73
1
 93
4
 10
369.19691854769235
 20
130.973576
 10
387.88506624
 20
130.973576
 10
387.88506624
 20
135.79957600000003
 10
369.19691854769235
 20
135.79957600000003
 97
0
 75
0
 76
1
 98
0
  0
LWPOLYLINE
  5
5D5
330
17
100
AcDbEntity
  8
06_ТАБЛИЦА
370
18
420
13160409
100
AcDbPolyline
 90
4
 70
1
 10
369.19691854769235
 20
130.973576
 10
387.88506624
 20
130.973576
 10
387.88506624
 20
135.79957600000003
 10
369.19691854769235
 20
135.79957600000003
  0
TEXT
  5
5D6
330
17
100
AcDbEntity
  8
06_ТАБЛИЦА
420
1450031
100
AcDbText
 10
378.5409923938461
 20
133.38657600000002
 30
0.0
 40
1.6764
  1
16
  7
ГОСТ
 72
1
 11
378.5409923938461
 21
133.38657600000002
 31
0.0
100
AcDbText
 73
2
  0
HATCH
  5
5D7
330
17
100
AcDbEntity
  8
06_ТАБЛИЦА
 62
7
420
15659509
100
AcDbHatch
 10
0.0
 20
0.0
 30
0.0
210
0.0
220
0.0
230
1.0
  2
SOLID
 70
1
 71
0
 91
1
 92
3
 72
0
 73
1
 93
4
 10
387.88506624
 20
130.973576
 10
406.57321393230774
 20
130.973576
 10
406.57321393230774
 20
135.79957600000003
 10
387.88506624
 20
135.79957600000003
 97
0
 75
0
 76
1
 98
0
  0
LWPOLYLINE
  5
5D8
330
17
100
AcDbEntity
  8
06_ТАБЛИЦА
370
18
420
13160409
100
AcDbPolyline
 90
4
 70
1
 10
387.88506624
 20
130.973576
 10
406.57321393230774
 20
130.973576
 10
406.57321393230774
 20
135.79957600000003
 10
387.88506624
 20
135.79957600000003
  0
TEXT
  5
5D9
330
17
100
AcDbEntity
  8
06_ТАБЛИЦА
420
1450031
100
AcDbText
 10
397.2291400861539
 20
133.38657600000002
 30
0.0
 40
1.6764
  1
17
  7
ГОСТ
 72
1
 11
397.2291400861539
 21
133.38657600000002
 31
0.0
100
AcDbText
 73
2
  0
HATCH
  5
5DA
330
17
100
AcDbEntity
  8
06_ТАБЛИЦА
 62
7
420
15659509
100
AcDbHatch
 10
0.0
 20
0.0
 30
0.0
210
0.0
220
0.0
230
1.0
  2
SOLID
 70
1
 71
0
 91
1
 92
3
 72
0
 73
1
 93
4
 10
406.57321393230774
 20
130.973576
 10
425.26136162461535
 20
130.973576
 10
425.26136162461535
 20
135.79957600000003
 10
406.57321393230774
 20
135.79957600000003
 97
0
 75
0
 76
1
 98
0
  0
LWPOLYLINE
  5
5DB
330
17
100
AcDbEntity
  8
06_ТАБЛИЦА
370
18
420
13160409
100
AcDbPolyline
 90
4
 70
1
 10
406.57321393230774
 20
130.973576
 10
425.26136162461535
 20
130.973576
 10
425.26136162461535
 20
135.79957600000003
 10
406.57321393230774
 20
135.79957600000003
  0
TEXT
  5
5DC
330
17
100
AcDbEntity
  8
06_ТАБЛИЦА
420
1450031
100
AcDbText
 10
415.9172877784615
 20
133.38657600000002
 30
0.0
 40
1.6764
  1
18
  7
ГОСТ
 72
1
 11
415.9172877784615
 21
133.38657600000002
 31
0.0
100
AcDbText
 73
2
  0
HATCH
  5
5DD
330
17
100
AcDbEntity
  8
06_ТАБЛИЦА
 62
7
420
15659509
100
AcDbHatch
 10
0.0
 20
0.0
 30
0.0
210
0.0
220
0.0
230
1.0
  2
SOLID
 70
1
 71
0
 91
1
 92
3
 72
0
 73
1
 93
4
 10
425.26136162461535
 20
130.973576
 10
443.949509316923
 20
130.973576
 10
443.949509316923
 20
135.79957600000003
 10
425.26136162461535
 20
135.79957600000003
 97
0
 75
0
 76
1
 98
0
  0
LWPOLYLINE
  5
5DE
330
17
100
AcDbEntity
  8
06_ТАБЛИЦА
370
18
420
13160409
100
AcDbPolyline
 90
4
 70
1
 10
425.26136162461535
 20
130.973576
 10
443.949509316923
 20
130.973576
 10
443.949509316923
 20
135.79957600000003
 10
425.26136162461535
 20
135.79957600000003
  0
TEXT
  5
5DF
330
17
100
AcDbEntity
  8
06_ТАБЛИЦА
420
1450031
100
AcDbText
 10
434.60543547076924
 20
133.38657600000002
 30
0.0
 40
1.6764
  1
18.5
  7
ГОСТ
 72
1
 11
434.60543547076924
 21
133.38657600000002
 31
0.0
100
AcDbText
 73
2
  0
HATCH
  5
5E0
330
17
100
AcDbEntity
  8
06_ТАБЛИЦА
 62
7
420
15659509
100
AcDbHatch
 10
0.0
 20
0.0
 30
0.0
210
0.0
220
0.0
230
1.0
  2
SOLID
 70
1
 71
0
 91
1
 92
3
 72
0
 73
1
 93
4
 10
443.9495093169231
 20
130.973576
 10
462.6376570092308
 20
130.973576
 10
462.6376570092308
 20
135.79957600000003
 10
443.9495093169231
 20
135.79957600000003
 97
0
 75
0
 76
1
 98
0
  0
LWPOLYLINE
  5
5E1
330
17
100
AcDbEntity
  8
06_ТАБЛИЦА
370
18
420
13160409
100
AcDbPolyline
 90
4
 70
1
 10
443.9495093169231
 20
130.973576
 10
462.6376570092308
 20
130.973576
 10
462.6376570092308
 20
135.79957600000003
 10
443.9495093169231
 20
135.79957600000003
  0
TEXT
  5
5E2
330
17
100
AcDbEntity
  8
06_ТАБЛИЦА
420
1450031
100
AcDbText
 10
453.293583163077
 20
133.38657600000002
 30
0.0
 40
1.6764
  1
19
  7
ГОСТ
 72
1
 11
453.293583163077
 21
133.38657600000002
 31
0.0
100
AcDbText
 73
2
  0
HATCH
  5
5E3
330
17
100
AcDbEntity
  8
06_ТАБЛИЦА
 62
7
420
15659509
100
AcDbHatch
 10
0.0
 20
0.0
 30
0.0
210
0.0
220
0.0
230
1.0
  2
SOLID
 70
1
 71
0
 91
1
 92
3
 72
0
 73
1
 93
4
 10
462.6376570092308
 20
130.973576
 10
481.3258047015385
 20
130.973576
 10
481.3258047015385
 20
135.79957600000003
 10
462.6376570092308
 20
135.79957600000003
 97
0
 75
0
 76
1
 98
0
  0
LWPOLYLINE
  5
5E4
330
17
100
AcDbEntity
  8
06_ТАБЛИЦА
370
18
420
13160409
100
AcDbPolyline
 90
4
 70
1
 10
462.6376570092308
 20
130.973576
 10
481.3258047015385
 20
130.973576
 10
481.3258047015385
 20
135.79957600000003
 10
462.6376570092308
 20
135.79957600000003
  0
TEXT
  5
5E5
330
17
100
AcDbEntity
  8
06_ТАБЛИЦА
420
1450031
100
AcDbText
 10
471.9817308553846
 20
133.38657600000002
 30
0.0
 40
1.6764
  1
19.5
  7
ГОСТ
 72
1
 11
471.9817308553846
 21
133.38657600000002
 31
0.0
100
AcDbText
 73
2
  0
HATCH
  5
5E6
330
17
100
AcDbEntity
  8
06_ТАБЛИЦА
 62
7
420
15659509
100
AcDbHatch
 10
0.0
 20
0.0
 30
0.0
210
0.0
220
0.0
230
1.0
  2
SOLID
 70
1
 71
0
 91
1
 92
3
 72
0
 73
1
 93
4
 10
481.3258047015385
 20
130.973576
 10
500.0139523938462
 20
130.973576
 10
500.0139523938462
 20
135.79957600000003
 10
481.3258047015385
 20
135.79957600000003
 97
0
 75
0
 76
1
 98
0
  0
LWPOLYLINE
  5
5E7
330
17
100
AcDbEntity
  8
06_ТАБЛИЦА
370
18
420
13160409
100
AcDbPolyline
 90
4
 70
1
 10
481.3258047015385
 20
130.973576
 10
500.0139523938462
 20
130.973576
 10
500.0139523938462
 20
135.79957600000003
 10
481.3258047015385
 20
135.79957600000003
  0
TEXT
  5
5E8
330
17
100
AcDbEntity
  8
06_ТАБЛИЦА
420
1450031
100
AcDbText
 10
490.6698785476923
 20
133.38657600000002
 30
0.0
 40
1.6764
  1
20
  7
ГОСТ
 72
1
 11
490.6698785476923
 21
133.38657600000002
 31
0.0
100
AcDbText
 73
2
  0
TEXT
  5
5E9
330
17
100
AcDbEntity
  8
04_ТЕКСТ
420
0
100
AcDbText
 10
91.97340000000001
 20
288.08009115885415
 30
0.0
 40
4.318
  1
Проекция «корпус» и таблица плазовых ординат
  7
ГОСТ
 72
1
 11
91.97340000000001
 21
288.08009115885415
 31
0.0
100
AcDbText
 73
2
  0
TEXT
  5
5EA
330
17
100
AcDbEntity
  8
04_ТЕКСТ
420
5661306
100
AcDbText
 10
167.28439999999998
 20
283.23837325520833
 30
0.0
 40
2.54
  1
Слева кормовые шпангоуты 0…9, справа носовые 10…20. Ординаты в миллиметрах от диаметральной плоскости; прочерк — ватерлиния ниже килевой линии шпангоута.
  7
ГОСТ
 72
1
 11
167.28439999999998
 21
283.23837325520833
 31
0.0
100
AcDbText
 73
2
  0
TEXT
  5
5EB
330
17
100
AcDbEntity
  8
04_ТЕКСТ
420
5661306
100
AcDbText
 10
448.1576
 20
287.3633332552083
 30
0.0
 40
2.54
  1
«Волжский Горизонт» · проект 2026 · УЖЦ ОСК
  7
ГОСТ
 72
1
 11
448.1576
 21
287.3633332552083
 31
0.0
100
AcDbText
 73
2
  0
TEXT
  5
5EC
330
17
100
AcDbEntity
  8
04_ТЕКСТ
420
0
100
AcDbText
 10
91.97340000000001
 20
288.08009115885415
 30
0.0
 40
4.318
  1
Проекция «корпус» и таблица плазовых ординат
  7
ГОСТ
 72
1
 11
91.97340000000001
 21
288.08009115885415
 31
0.0
100
AcDbText
 73
2
  0
TEXT
  5
5ED
330
17
100
AcDbEntity
  8
00_РАМКА
100
AcDbText
 10
2.0
 20
-4.5
 30
0.0
 40
2.5
  1
«Волжский Горизонт» · проекция «корпус» и таблица плазовых ординат · лист 498 × 295 мм, 1 мм = 1 мм листа; величины по осям — как на графике · выделенные строки — ватерлинии 1.26 (факт) и 1.30 (расчётная)
  7
ГОСТ
 11
2.0
 21
-4.5
 31
0.0
100
AcDbText
  0
ENDSEC
  0
SECTION
  2
OBJECTS
  0
DICTIONARY
  5
A
330
0
100
AcDbDictionary
281
1
  3
ACAD_COLOR
350
B
  3
ACAD_GROUP
350
C
  3
ACAD_LAYOUT
350
D
  3
ACAD_MATERIAL
350
E
  3
ACAD_MLEADERSTYLE
350
F
  3
ACAD_MLINESTYLE
350
10
  3
ACAD_PLOTSETTINGS
350
11
  3
ACAD_PLOTSTYLENAME
350
12
  3
ACAD_SCALELIST
350
14
  3
ACAD_TABLESTYLE
350
15
  3
ACAD_VISUALSTYLE
350
16
  3
EZDXF_META
350
2D
  0
DICTIONARY
  5
B
330
A
100
AcDbDictionary
281
1
  0
DICTIONARY
  5
C
330
A
100
AcDbDictionary
281
1
  0
DICTIONARY
  5
D
330
A
100
AcDbDictionary
281
1
  3
Model
350
1A
  3
Layout1
350
1E
  0
DICTIONARY
  5
E
330
A
100
AcDbDictionary
281
1
  3
ByBlock
350
1F
  3
ByLayer
350
20
  3
Global
350
21
  0
DICTIONARY
  5
F
330
A
100
AcDbDictionary
281
1
  3
Standard
350
2C
  0
DICTIONARY
  5
10
330
A
100
AcDbDictionary
281
1
  3
Standard
350
22
  0
DICTIONARY
  5
11
330
A
100
AcDbDictionary
281
1
  0
ACDBDICTIONARYWDFLT
  5
12
330
A
100
AcDbDictionary
281
1
  3
Normal
350
13
100
AcDbDictionaryWithDefault
340
13
  0
ACDBPLACEHOLDER
  5
13
330
12
  0
DICTIONARY
  5
14
330
A
100
AcDbDictionary
281
1
  0
DICTIONARY
  5
15
330
A
100
AcDbDictionary
281
1
  0
DICTIONARY
  5
16
330
A
100
AcDbDictionary
281
1
  3
2dWireframe
350
5A
  3
Basic
350
5B
  3
Brighten
350
5C
  3
ColorChange
350
5D
  3
Conceptual
350
5E
  3
Dim
350
5F
  3
EdgeColorOff
350
60
  3
Facepattern
350
61
  3
Flat
350
62
  3
FlatWithEdges
350
63
  3
Gouraud
350
64
  3
GouraudWithEdges
350
65
  3
Hidden
350
66
  3
JitterOff
350
67
  3
Linepattern
350
68
  3
Modeling
350
69
  3
OverhangOff
350
6A
  3
Realistic
350
6B
  3
Shaded
350
6C
  3
Shaded with edges
350
6D
  3
Shades of Gray
350
6E
  3
Sketchy
350
6F
  3
Thicken
350
70
  3
Wireframe
350
71
  3
X-Ray
350
72
  0
LAYOUT
  5
1A
330
D
100
AcDbPlotSettings
  1

  4
A3
  6

 40
7.5
 41
20.0
 42
7.5
 43
20.0
 44
420.0
 45
297.0
 46
0.0
 47
0.0
 48
0.0
 49
0.0
140
0.0
141
0.0
142
1.0
143
1.0
 70
1024
 72
1
 73
0
 74
5
  7

 75
16
 76
0
 77
2
 78
300
147
1.0
148
0.0
149
0.0
100
AcDbLayout
  1
Model
 70
1
 71
0
 10
0.0
 20
0.0
 11
420.0
 21
297.0
 12
0.0
 22
0.0
 32
0.0
 14
1e+20
 24
1e+20
 34
1e+20
 15
-1e+20
 25
-1e+20
 35
-1e+20
146
0.0
 13
0.0
 23
0.0
 33
0.0
 16
1.0
 26
0.0
 36
0.0
 17
0.0
 27
1.0
 37
0.0
 76
1
330
17
  0
LAYOUT
  5
1E
330
D
100
AcDbPlotSettings
  1

  4
A3
  6

 40
7.5
 41
20.0
 42
7.5
 43
20.0
 44
420.0
 45
297.0
 46
0.0
 47
0.0
 48
0.0
 49
0.0
140
0.0
141
0.0
142
1.0
143
1.0
 70
0
 72
1
 73
0
 74
5
  7

 75
16
 76
0
 77
2
 78
300
147
1.0
148
0.0
149
0.0
100
AcDbLayout
  1
Layout1
 70
1
 71
1
 10
0.0
 20
0.0
 11
420.0
 21
297.0
 12
0.0
 22
0.0
 32
0.0
 14
1e+20
 24
1e+20
 34
1e+20
 15
-1e+20
 25
-1e+20
 35
-1e+20
146
0.0
 13
0.0
 23
0.0
 33
0.0
 16
1.0
 26
0.0
 36
0.0
 17
0.0
 27
1.0
 37
0.0
 76
1
330
1B
  0
MATERIAL
  5
1F
102
{ACAD_REACTORS
330
E
102
}
330
E
100
AcDbMaterial
  1
ByBlock
  2

 70
0
 40
1.0
 71
1
 41
1.0
 91
-1023410177
 42
1.0
 72
1
  3

 73
1
 74
1
 75
1
 44
0.5
 73
0
 45
1.0
 46
1.0
 77
1
  4

 78
1
 79
1
170
1
 48
1.0
171
1
  6

172
1
173
1
174
1
140
1.0
141
1.0
175
1
  7

176
1
177
1
178
1
143
1.0
179
1
  8

270
1
271
1
272
1
145
1.0
146
1.0
273
1
  9

274
1
275
1
276
1
 42
1.0
 72
1
  3

 73
1
 74
1
 75
1
 94
63
  0
MATERIAL
  5
20
102
{ACAD_REACTORS
330
E
102
}
330
E
100
AcDbMaterial
  1
ByLayer
  2

 70
0
 40
1.0
 71
1
 41
1.0
 91
-1023410177
 42
1.0
 72
1
  3

 73
1
 74
1
 75
1
 44
0.5
 73
0
 45
1.0
 46
1.0
 77
1
  4

 78
1
 79
1
170
1
 48
1.0
171
1
  6

172
1
173
1
174
1
140
1.0
141
1.0
175
1
  7

176
1
177
1
178
1
143
1.0
179
1
  8

270
1
271
1
272
1
145
1.0
146
1.0
273
1
  9

274
1
275
1
276
1
 42
1.0
 72
1
  3

 73
1
 74
1
 75
1
 94
63
  0
MATERIAL
  5
21
102
{ACAD_REACTORS
330
E
102
}
330
E
100
AcDbMaterial
  1
Global
  2

 70
0
 40
1.0
 71
1
 41
1.0
 91
-1023410177
 42
1.0
 72
1
  3

 73
1
 74
1
 75
1
 44
0.5
 73
0
 45
1.0
 46
1.0
 77
1
  4

 78
1
 79
1
170
1
 48
1.0
171
1
  6

172
1
173
1
174
1
140
1.0
141
1.0
175
1
  7

176
1
177
1
178
1
143
1.0
179
1
  8

270
1
271
1
272
1
145
1.0
146
1.0
273
1
  9

274
1
275
1
276
1
 42
1.0
 72
1
  3

 73
1
 74
1
 75
1
 94
63
  0
MLINESTYLE
  5
22
102
{ACAD_REACTORS
330
10
102
}
330
10
100
AcDbMlineStyle
  2
Standard
 70
0
  3

 62
256
 51
90.0
 52
90.0
 71
2
 49
0.5
 62
256
  6
BYLAYER
 49
-0.5
 62
256
  6
BYLAYER
  0
MLEADERSTYLE
  5
2C
102
{ACAD_REACTORS
330
F
102
}
330
F
100
AcDbMLeaderStyle
179
2
170
2
171
1
172
0
 90
2
 40
0.0
 41
0.0
173
1
 91
-1056964608
 92
-2
290
1
 42
2.0
291
1
 43
8.0
  3
Standard
 44
4.0
300

342
29
174
1
175
1
176
0
178
1
 93
-1056964608
 45
4.0
292
0
297
0
 46
4.0
 94
-1056964608
 47
1.0
 49
1.0
140
1.0
294
1
141
0.0
177
0
142
1.0
295
0
296
0
143
3.75
271
0
272
9
273
9
  0
DICTIONARY
  5
2D
330
A
100
AcDbDictionary
280
1
281
1
  3
CREATED_BY_EZDXF
350
2E
  3
WRITTEN_BY_EZDXF
350
5F0
  0
DICTIONARYVAR
  5
2E
330
2D
100
DictionaryVariables
280
0
  1
1.4.4 @ 2026-09-22T11:48:29.945227+00:00
  0
VISUALSTYLE
  5
5A
102
{ACAD_REACTORS
330
16
102
}
330
16
100
AcDbVisualStyle
  2
2dWireframe
 70
4
177
3
291
0
 70
58
 90
2
176
1
 90
2
176
1
 90
0
176
1
 90
0
176
1
 40
0.6
176
1
 40
30.0
176
1
 62
7
420
16777215
176
1
 90
1
176
1
 90
4
176
1
 62
7
176
1
 62
257
176
1
 90
1
176
1
 90
1
176
1
 40
1.0
176
1
 90
8
176
1
 62
7
176
1
 40
1.0
176
1
 90
1
176
1
 90
6
176
1
 90
2
176
1
 62
7
176
1
 90
5
176
1
 90
0
176
1
 90
0
176
1
290
0
176
1
 90
1
176
1
 40
0.0
176
1
 90
0
176
1
290
1
176
1
290
1
176
1
290
0
176
1
290
0
176
1
290
0
176
1
290
0
176
1
290
0
176
1
290
0
176
1
290
0
176
1
 90
50
176
1
 40
0.0
176
1
 40
1.0
176
1
 90
0
176
1
 62
18
420
0
176
1
 90
50
176
1
 90
3
176
1
 62
5
420
255
176
1
290
0
176
1
 90
50
176
1
 90
50
176
1
 90
50
176
1
290
0
176
1
 90
50
176
1
 62
256
176
0
 40
1.0
176
0
 90
2
176
1
  1
strokes_ogs.tif
176
1
290
0
176
1
 40
1.0
176
1
 40
1.0
176
1
  0
VISUALSTYLE
  5
5B
102
{ACAD_REACTORS
330
16
102
}
330
16
100
AcDbVisualStyle
  2
Basic
 70
7
177
3
291
1
 70
58
 90
2
176
1
 90
2
176
1
 90
0
176
1
 90
1
176
1
 40
0.6
176
1
 40
30.0
176
1
 62
7
420
16777215
176
1
 90
1
176
1
 90
4
176
1
 62
7
176
1
 62
257
176
1
 90
1
176
1
 90
1
176
1
 40
1.0
176
1
 90
8
176
1
 62
7
176
1
 40
1.0
176
1
 90
1
176
1
 90
6
176
1
 90
2
176
1
 62
7
176
1
 90
5
176
1
 90
0
176
1
 90
0
176
1
290
0
176
1
 90
1
176
1
 40
0.0
176
1
 90
0
176
1
290
0
176
1
290
1
176
1
290
1
176
1
290
0
176
1
290
0
176
1
290
0
176
1
290
0
176
1
290
0
176
1
290
0
176
1
 90
50
176
1
 40
0.0
176
1
 40
1.0
176
1
 90
0
176
1
 62
18
420
0
176
1
 90
50
176
1
 90
3
176
1
 62
5
420
255
176
1
290
0
176
1
 90
50
176
1
 90
50
176
1
 90
50
176
1
290
0
176
1
 90
50
176
1
 62
256
176
0
 40
1.0
176
0
 90
2
176
1
  1
strokes_ogs.tif
176
1
290
0
176
1
 40
1.0
176
1
 40
1.0
176
1
  0
VISUALSTYLE
  5
5C
102
{ACAD_REACTORS
330
16
102
}
330
16
100
AcDbVisualStyle
  2
Brighten
 70
12
177
3
291
1
 70
58
 90
2
176
1
 90
2
176
1
 90
0
176
1
 90
2
176
1
 40
0.6
176
1
 40
30.0
176
1
 62
7
420
16777215
176
1
 90
1
176
1
 90
4
176
1
 62
7
176
1
 62
257
176
1
 90
1
176
1
 90
1
176
1
 40
1.0
176
1
 90
8
176
1
 62
7
176
1
 40
1.0
176
1
 90
1
176
1
 90
6
176
1
 90
2
176
1
 62
7
176
1
 90
5
176
1
 90
0
176
1
 90
0
176
1
290
0
176
1
 90
1
176
1
 40
0.0
176
1
 90
0
176
1
290
0
176
1
290
1
176
1
290
1
176
1
290
0
176
1
290
0
176
1
290
0
176
1
290
0
176
1
290
0
176
1
290
0
176
1
 90
50
176
1
 40
0.0
176
1
 40
1.0
176
1
 90
0
176
1
 62
18
420
0
176
1
 90
50
176
1
 90
3
176
1
 62
5
420
255
176
1
290
0
176
1
 90
50
176
1
 90
50
176
1
 90
50
176
1
290
0
176
1
 90
50
176
1
 62
256
176
0
 40
1.0
176
0
 90
2
176
1
  1
strokes_ogs.tif
176
1
290
0
176
1
 40
1.0
176
1
 40
1.0
176
1
  0
VISUALSTYLE
  5
5D
102
{ACAD_REACTORS
330
16
102
}
330
16
100
AcDbVisualStyle
  2
ColorChange
 70
16
177
3
291
1
 70
58
 90
2
176
1
 90
2
176
1
 90
0
176
1
 90
2
176
1
 40
0.6
176
1
 40
30.0
176
1
 62
7
420
16777215
176
1
 90
1
176
1
 90
4
176
1
 62
7
176
1
 62
257
176
1
 90
1
176
1
 90
1
176
1
 40
1.0
176
1
 90
8
176
1
 62
7
176
1
 40
1.0
176
1
 90
1
176
1
 90
6
176
1
 90
2
176
1
 62
7
176
1
 90
5
176
1
 90
0
176
1
 90
0
176
1
290
0
176
1
 90
1
176
1
 40
0.0
176
1
 90
0
176
1
290
0
176
1
290
1
176
1
290
1
176
1
290
0
176
1
290
0
176
1
290
0
176
1
290
0
176
1
290
0
176
1
290
0
176
1
 90
50
176
1
 40
0.0
176
1
 40
1.0
176
1
 90
0
176
1
 62
18
420
0
176
1
 90
50
176
1
 90
3
176
1
 62
5
420
255
176
1
290
0
176
1
 90
50
176
1
 90
50
176
1
 90
50
176
1
290
0
176
1
 90
50
176
1
 62
256
176
0
 40
1.0
176
0
 90
2
176
1
  1
strokes_ogs.tif
176
1
290
0
176
1
 40
1.0
176
1
 40
1.0
176
1
  0
VISUALSTYLE
  5
5E
102
{ACAD_REACTORS
330
16
102
}
330
16
100
AcDbVisualStyle
  2
Conceptual
 70
9
177
3
291
0
 70
58
 90
2
176
1
 90
2
176
1
 90
0
176
1
 90
3
176
1
 40
0.6
176
1
 40
30.0
176
1
 62
7
420
16777215
176
1
 90
1
176
1
 90
4
176
1
 62
7
176
1
 62
257
176
1
 90
1
176
1
 90
1
176
1
 40
1.0
176
1
 90
8
176
1
 62
7
176
1
 40
1.0
176
1
 90
1
176
1
 90
6
176
1
 90
2
176
1
 62
7
176
1
 90
5
176
1
 90
0
176
1
 90
0
176
1
290
0
176
1
 90
1
176
1
 40
0.0
176
1
 90
0
176
1
290
0
176
1
290
1
176
1
290
1
176
1
290
0
176
1
290
0
176
1
290
0
176
1
290
0
176
1
290
0
176
1
290
0
176
1
 90
50
176
1
 40
0.0
176
1
 40
1.0
176
1
 90
0
176
1
 62
18
420
0
176
1
 90
50
176
1
 90
3
176
1
 62
5
420
255
176
1
290
0
176
1
 90
50
176
1
 90
50
176
1
 90
50
176
1
290
0
176
1
 90
50
176
1
 62
256
176
0
 40
1.0
176
0
 90
2
176
1
  1
strokes_ogs.tif
176
1
290
0
176
1
 40
1.0
176
1
 40
1.0
176
1
  0
VISUALSTYLE
  5
5F
102
{ACAD_REACTORS
330
16
102
}
330
16
100
AcDbVisualStyle
  2
Dim
 70
11
177
3
291
1
 70
58
 90
2
176
1
 90
2
176
1
 90
0
176
1
 90
2
176
1
 40
0.6
176
1
 40
30.0
176
1
 62
7
420
16777215
176
1
 90
1
176
1
 90
4
176
1
 62
7
176
1
 62
257
176
1
 90
1
176
1
 90
1
176
1
 40
1.0
176
1
 90
8
176
1
 62
7
176
1
 40
1.0
176
1
 90
1
176
1
 90
6
176
1
 90
2
176
1
 62
7
176
1
 90
5
176
1
 90
0
176
1
 90
0
176
1
290
0
176
1
 90
1
176
1
 40
0.0
176
1
 90
0
176
1
290
0
176
1
290
1
176
1
290
1
176
1
290
0
176
1
290
0
176
1
290
0
176
1
290
0
176
1
290
0
176
1
290
0
176
1
 90
50
176
1
 40
0.0
176
1
 40
1.0
176
1
 90
0
176
1
 62
18
420
0
176
1
 90
50
176
1
 90
3
176
1
 62
5
420
255
176
1
290
0
176
1
 90
50
176
1
 90
50
176
1
 90
50
176
1
290
0
176
1
 90
50
176
1
 62
256
176
0
 40
1.0
176
0
 90
2
176
1
  1
strokes_ogs.tif
176
1
290
0
176
1
 40
1.0
176
1
 40
1.0
176
1
  0
VISUALSTYLE
  5
60
102
{ACAD_REACTORS
330
16
102
}
330
16
100
AcDbVisualStyle
  2
EdgeColorOff
 70
22
177
3
291
1
 70
58
 90
2
176
1
 90
2
176
1
 90
0
176
1
 90
2
176
1
 40
0.6
176
1
 40
30.0
176
1
 62
7
420
16777215
176
1
 90
1
176
1
 90
4
176
1
 62
7
176
1
 62
257
176
1
 90
1
176
1
 90
1
176
1
 40
1.0
176
1
 90
8
176
1
 62
7
176
1
 40
1.0
176
1
 90
1
176
1
 90
6
176
1
 90
2
176
1
 62
7
176
1
 90
5
176
1
 90
0
176
1
 90
0
176
1
290
0
176
1
 90
1
176
1
 40
0.0
176
1
 90
0
176
1
290
0
176
1
290
1
176
1
290
1
176
1
290
0
176
1
290
0
176
1
290
0
176
1
290
0
176
1
290
0
176
1
290
0
176
1
 90
50
176
1
 40
0.0
176
1
 40
1.0
176
1
 90
0
176
1
 62
18
420
0
176
1
 90
50
176
1
 90
3
176
1
 62
5
420
255
176
1
290
0
176
1
 90
50
176
1
 90
50
176
1
 90
50
176
1
290
0
176
1
 90
50
176
1
 62
256
176
0
 40
1.0
176
0
 90
2
176
1
  1
strokes_ogs.tif
176
1
290
0
176
1
 40
1.0
176
1
 40
1.0
176
1
  0
VISUALSTYLE
  5
61
102
{ACAD_REACTORS
330
16
102
}
330
16
100
AcDbVisualStyle
  2
Facepattern
 70
15
177
3
291
1
 70
58
 90
2
176
1
 90
2
176
1
 90
0
176
1
 90
2
176
1
 40
0.6
176
1
 40
30.0
176
1
 62
7
420
16777215
176
1
 90
1
176
1
 90
4
176
1
 62
7
176
1
 62
257
176
1
 90
1
176
1
 90
1
176
1
 40
1.0
176
1
 90
8
176
1
 62
7
176
1
 40
1.0
176
1
 90
1
176
1
 90
6
176
1
 90
2
176
1
 62
7
176
1
 90
5
176
1
 90
0
176
1
 90
0
176
1
290
0
176
1
 90
1
176
1
 40
0.0
176
1
 90
0
176
1
290
0
176
1
290
1
176
1
290
1
176
1
290
0
176
1
290
0
176
1
290
0
176
1
290
0
176
1
290
0
176
1
290
0
176
1
 90
50
176
1
 40
0.0
176
1
 40
1.0
176
1
 90
0
176
1
 62
18
420
0
176
1
 90
50
176
1
 90
3
176
1
 62
5
420
255
176
1
290
0
176
1
 90
50
176
1
 90
50
176
1
 90
50
176
1
290
0
176
1
 90
50
176
1
 62
256
176
0
 40
1.0
176
0
 90
2
176
1
  1
strokes_ogs.tif
176
1
290
0
176
1
 40
1.0
176
1
 40
1.0
176
1
  0
VISUALSTYLE
  5
62
102
{ACAD_REACTORS
330
16
102
}
330
16
100
AcDbVisualStyle
  2
Flat
 70
0
177
3
291
1
 70
58
 90
2
176
1
 90
2
176
1
 90
0
176
1
 90
2
176
1
 40
0.6
176
1
 40
30.0
176
1
 62
7
420
16777215
176
1
 90
1
176
1
 90
4
176
1
 62
7
176
1
 62
257
176
1
 90
1
176
1
 90
1
176
1
 40
1.0
176
1
 90
8
176
1
 62
7
176
1
 40
1.0
176
1
 90
1
176
1
 90
6
176
1
 90
2
176
1
 62
7
176
1
 90
5
176
1
 90
0
176
1
 90
0
176
1
290
0
176
1
 90
1
176
1
 40
0.0
176
1
 90
0
176
1
290
0
176
1
290
1
176
1
290
1
176
1
290
0
176
1
290
0
176
1
290
0
176
1
290
0
176
1
290
0
176
1
290
0
176
1
 90
50
176
1
 40
0.0
176
1
 40
1.0
176
1
 90
0
176
1
 62
18
420
0
176
1
 90
50
176
1
 90
3
176
1
 62
5
420
255
176
1
290
0
176
1
 90
50
176
1
 90
50
176
1
 90
50
176
1
290
0
176
1
 90
50
176
1
 62
256
176
0
 40
1.0
176
0
 90
2
176
1
  1
strokes_ogs.tif
176
1
290
0
176
1
 40
1.0
176
1
 40
1.0
176
1
  0
VISUALSTYLE
  5
63
102
{ACAD_REACTORS
330
16
102
}
330
16
100
AcDbVisualStyle
  2
FlatWithEdges
 70
1
177
3
291
1
 70
58
 90
2
176
1
 90
2
176
1
 90
0
176
1
 90
2
176
1
 40
0.6
176
1
 40
30.0
176
1
 62
7
420
16777215
176
1
 90
1
176
1
 90
4
176
1
 62
7
176
1
 62
257
176
1
 90
1
176
1
 90
1
176
1
 40
1.0
176
1
 90
8
176
1
 62
7
176
1
 40
1.0
176
1
 90
1
176
1
 90
6
176
1
 90
2
176
1
 62
7
176
1
 90
5
176
1
 90
0
176
1
 90
0
176
1
290
0
176
1
 90
1
176
1
 40
0.0
176
1
 90
0
176
1
290
0
176
1
290
1
176
1
290
1
176
1
290
0
176
1
290
0
176
1
290
0
176
1
290
0
176
1
290
0
176
1
290
0
176
1
 90
50
176
1
 40
0.0
176
1
 40
1.0
176
1
 90
0
176
1
 62
18
420
0
176
1
 90
50
176
1
 90
3
176
1
 62
5
420
255
176
1
290
0
176
1
 90
50
176
1
 90
50
176
1
 90
50
176
1
290
0
176
1
 90
50
176
1
 62
256
176
0
 40
1.0
176
0
 90
2
176
1
  1
strokes_ogs.tif
176
1
290
0
176
1
 40
1.0
176
1
 40
1.0
176
1
  0
VISUALSTYLE
  5
64
102
{ACAD_REACTORS
330
16
102
}
330
16
100
AcDbVisualStyle
  2
Gouraud
 70
2
177
3
291
1
 70
58
 90
2
176
1
 90
2
176
1
 90
0
176
1
 90
2
176
1
 40
0.6
176
1
 40
30.0
176
1
 62
7
420
16777215
176
1
 90
1
176
1
 90
4
176
1
 62
7
176
1
 62
257
176
1
 90
1
176
1
 90
1
176
1
 40
1.0
176
1
 90
8
176
1
 62
7
176
1
 40
1.0
176
1
 90
1
176
1
 90
6
176
1
 90
2
176
1
 62
7
176
1
 90
5
176
1
 90
0
176
1
 90
0
176
1
290
0
176
1
 90
1
176
1
 40
0.0
176
1
 90
0
176
1
290
0
176
1
290
1
176
1
290
1
176
1
290
0
176
1
290
0
176
1
290
0
176
1
290
0
176
1
290
0
176
1
290
0
176
1
 90
50
176
1
 40
0.0
176
1
 40
1.0
176
1
 90
0
176
1
 62
18
420
0
176
1
 90
50
176
1
 90
3
176
1
 62
5
420
255
176
1
290
0
176
1
 90
50
176
1
 90
50
176
1
 90
50
176
1
290
0
176
1
 90
50
176
1
 62
256
176
0
 40
1.0
176
0
 90
2
176
1
  1
strokes_ogs.tif
176
1
290
0
176
1
 40
1.0
176
1
 40
1.0
176
1
  0
VISUALSTYLE
  5
65
102
{ACAD_REACTORS
330
16
102
}
330
16
100
AcDbVisualStyle
  2
GouraudWithEdges
 70
3
177
3
291
1
 70
58
 90
2
176
1
 90
2
176
1
 90
0
176
1
 90
2
176
1
 40
0.6
176
1
 40
30.0
176
1
 62
7
420
16777215
176
1
 90
1
176
1
 90
4
176
1
 62
7
176
1
 62
257
176
1
 90
1
176
1
 90
1
176
1
 40
1.0
176
1
 90
8
176
1
 62
7
176
1
 40
1.0
176
1
 90
1
176
1
 90
6
176
1
 90
2
176
1
 62
7
176
1
 90
5
176
1
 90
0
176
1
 90
0
176
1
290
0
176
1
 90
1
176
1
 40
0.0
176
1
 90
0
176
1
290
0
176
1
290
1
176
1
290
1
176
1
290
0
176
1
290
0
176
1
290
0
176
1
290
0
176
1
290
0
176
1
290
0
176
1
 90
50
176
1
 40
0.0
176
1
 40
1.0
176
1
 90
0
176
1
 62
18
420
0
176
1
 90
50
176
1
 90
3
176
1
 62
5
420
255
176
1
290
0
176
1
 90
50
176
1
 90
50
176
1
 90
50
176
1
290
0
176
1
 90
50
176
1
 62
256
176
0
 40
1.0
176
0
 90
2
176
1
  1
strokes_ogs.tif
176
1
290
0
176
1
 40
1.0
176
1
 40
1.0
176
1
  0
VISUALSTYLE
  5
66
102
{ACAD_REACTORS
330
16
102
}
330
16
100
AcDbVisualStyle
  2
Hidden
 70
6
177
3
291
0
 70
58
 90
2
176
1
 90
2
176
1
 90
0
176
1
 90
1
176
1
 40
0.6
176
1
 40
30.0
176
1
 62
7
420
16777215
176
1
 90
1
176
1
 90
4
176
1
 62
7
176
1
 62
257
176
1
 90
1
176
1
 90
1
176
1
 40
1.0
176
1
 90
8
176
1
 62
7
176
1
 40
1.0
176
1
 90
1
176
1
 90
6
176
1
 90
2
176
1
 62
7
176
1
 90
5
176
1
 90
0
176
1
 90
0
176
1
290
0
176
1
 90
1
176
1
 40
0.0
176
1
 90
0
176
1
290
0
176
1
290
1
176
1
290
1
176
1
290
0
176
1
290
0
176
1
290
0
176
1
290
0
176
1
290
0
176
1
290
0
176
1
 90
50
176
1
 40
0.0
176
1
 40
1.0
176
1
 90
0
176
1
 62
18
420
0
176
1
 90
50
176
1
 90
3
176
1
 62
5
420
255
176
1
290
0
176
1
 90
50
176
1
 90
50
176
1
 90
50
176
1
290
0
176
1
 90
50
176
1
 62
256
176
0
 40
1.0
176
0
 90
2
176
1
  1
strokes_ogs.tif
176
1
290
0
176
1
 40
1.0
176
1
 40
1.0
176
1
  0
VISUALSTYLE
  5
67
102
{ACAD_REACTORS
330
16
102
}
330
16
100
AcDbVisualStyle
  2
JitterOff
 70
20
177
3
291
1
 70
58
 90
2
176
1
 90
2
176
1
 90
0
176
1
 90
2
176
1
 40
0.6
176
1
 40
30.0
176
1
 62
7
420
16777215
176
1
 90
1
176
1
 90
4
176
1
 62
7
176
1
 62
257
176
1
 90
1
176
1
 90
1
176
1
 40
1.0
176
1
 90
8
176
1
 62
7
176
1
 40
1.0
176
1
 90
1
176
1
 90
6
176
1
 90
2
176
1
 62
7
176
1
 90
5
176
1
 90
0
176
1
 90
0
176
1
290
0
176
1
 90
1
176
1
 40
0.0
176
1
 90
0
176
1
290
0
176
1
290
1
176
1
290
1
176
1
290
0
176
1
290
0
176
1
290
0
176
1
290
0
176
1
290
0
176
1
290
0
176
1
 90
50
176
1
 40
0.0
176
1
 40
1.0
176
1
 90
0
176
1
 62
18
420
0
176
1
 90
50
176
1
 90
3
176
1
 62
5
420
255
176
1
290
0
176
1
 90
50
176
1
 90
50
176
1
 90
50
176
1
290
0
176
1
 90
50
176
1
 62
256
176
0
 40
1.0
176
0
 90
2
176
1
  1
strokes_ogs.tif
176
1
290
0
176
1
 40
1.0
176
1
 40
1.0
176
1
  0
VISUALSTYLE
  5
68
102
{ACAD_REACTORS
330
16
102
}
330
16
100
AcDbVisualStyle
  2
Linepattern
 70
14
177
3
291
1
 70
58
 90
2
176
1
 90
2
176
1
 90
0
176
1
 90
2
176
1
 40
0.6
176
1
 40
30.0
176
1
 62
7
420
16777215
176
1
 90
1
176
1
 90
4
176
1
 62
7
176
1
 62
257
176
1
 90
1
176
1
 90
1
176
1
 40
1.0
176
1
 90
8
176
1
 62
7
176
1
 40
1.0
176
1
 90
1
176
1
 90
6
176
1
 90
2
176
1
 62
7
176
1
 90
5
176
1
 90
0
176
1
 90
0
176
1
290
0
176
1
 90
1
176
1
 40
0.0
176
1
 90
0
176
1
290
0
176
1
290
1
176
1
290
1
176
1
290
0
176
1
290
0
176
1
290
0
176
1
290
0
176
1
290
0
176
1
290
0
176
1
 90
50
176
1
 40
0.0
176
1
 40
1.0
176
1
 90
0
176
1
 62
18
420
0
176
1
 90
50
176
1
 90
3
176
1
 62
5
420
255
176
1
290
0
176
1
 90
50
176
1
 90
50
176
1
 90
50
176
1
290
0
176
1
 90
50
176
1
 62
256
176
0
 40
1.0
176
0
 90
2
176
1
  1
strokes_ogs.tif
176
1
290
0
176
1
 40
1.0
176
1
 40
1.0
176
1
  0
VISUALSTYLE
  5
69
102
{ACAD_REACTORS
330
16
102
}
330
16
100
AcDbVisualStyle
  2
Modeling
 70
10
177
3
291
0
 70
58
 90
2
176
1
 90
2
176
1
 90
0
176
1
 90
2
176
1
 40
0.6
176
1
 40
30.0
176
1
 62
7
420
16777215
176
1
 90
1
176
1
 90
4
176
1
 62
7
176
1
 62
257
176
1
 90
1
176
1
 90
1
176
1
 40
1.0
176
1
 90
8
176
1
 62
7
176
1
 40
1.0
176
1
 90
1
176
1
 90
6
176
1
 90
2
176
1
 62
7
176
1
 90
5
176
1
 90
0
176
1
 90
0
176
1
290
0
176
1
 90
1
176
1
 40
0.0
176
1
 90
0
176
1
290
0
176
1
290
1
176
1
290
1
176
1
290
0
176
1
290
0
176
1
290
0
176
1
290
0
176
1
290
0
176
1
290
0
176
1
 90
50
176
1
 40
0.0
176
1
 40
1.0
176
1
 90
0
176
1
 62
18
420
0
176
1
 90
50
176
1
 90
3
176
1
 62
5
420
255
176
1
290
0
176
1
 90
50
176
1
 90
50
176
1
 90
50
176
1
290
0
176
1
 90
50
176
1
 62
256
176
0
 40
1.0
176
0
 90
2
176
1
  1
strokes_ogs.tif
176
1
290
0
176
1
 40
1.0
176
1
 40
1.0
176
1
  0
VISUALSTYLE
  5
6A
102
{ACAD_REACTORS
330
16
102
}
330
16
100
AcDbVisualStyle
  2
OverhangOff
 70
21
177
3
291
1
 70
58
 90
2
176
1
 90
2
176
1
 90
0
176
1
 90
2
176
1
 40
0.6
176
1
 40
30.0
176
1
 62
7
420
16777215
176
1
 90
1
176
1
 90
4
176
1
 62
7
176
1
 62
257
176
1
 90
1
176
1
 90
1
176
1
 40
1.0
176
1
 90
8
176
1
 62
7
176
1
 40
1.0
176
1
 90
1
176
1
 90
6
176
1
 90
2
176
1
 62
7
176
1
 90
5
176
1
 90
0
176
1
 90
0
176
1
290
0
176
1
 90
1
176
1
 40
0.0
176
1
 90
0
176
1
290
0
176
1
290
1
176
1
290
1
176
1
290
0
176
1
290
0
176
1
290
0
176
1
290
0
176
1
290
0
176
1
290
0
176
1
 90
50
176
1
 40
0.0
176
1
 40
1.0
176
1
 90
0
176
1
 62
18
420
0
176
1
 90
50
176
1
 90
3
176
1
 62
5
420
255
176
1
290
0
176
1
 90
50
176
1
 90
50
176
1
 90
50
176
1
290
0
176
1
 90
50
176
1
 62
256
176
0
 40
1.0
176
0
 90
2
176
1
  1
strokes_ogs.tif
176
1
290
0
176
1
 40
1.0
176
1
 40
1.0
176
1
  0
VISUALSTYLE
  5
6B
102
{ACAD_REACTORS
330
16
102
}
330
16
100
AcDbVisualStyle
  2
Realistic
 70
8
177
3
291
0
 70
58
 90
2
176
1
 90
2
176
1
 90
0
176
1
 90
2
176
1
 40
0.6
176
1
 40
30.0
176
1
 62
7
420
16777215
176
1
 90
1
176
1
 90
4
176
1
 62
7
176
1
 62
257
176
1
 90
1
176
1
 90
1
176
1
 40
1.0
176
1
 90
8
176
1
 62
7
176
1
 40
1.0
176
1
 90
1
176
1
 90
6
176
1
 90
2
176
1
 62
7
176
1
 90
5
176
1
 90
0
176
1
 90
0
176
1
290
0
176
1
 90
1
176
1
 40
0.0
176
1
 90
0
176
1
290
0
176
1
290
1
176
1
290
1
176
1
290
0
176
1
290
0
176
1
290
0
176
1
290
0
176
1
290
0
176
1
290
0
176
1
 90
50
176
1
 40
0.0
176
1
 40
1.0
176
1
 90
0
176
1
 62
18
420
0
176
1
 90
50
176
1
 90
3
176
1
 62
5
420
255
176
1
290
0
176
1
 90
50
176
1
 90
50
176
1
 90
50
176
1
290
0
176
1
 90
50
176
1
 62
256
176
0
 40
1.0
176
0
 90
2
176
1
  1
strokes_ogs.tif
176
1
290
0
176
1
 40
1.0
176
1
 40
1.0
176
1
  0
VISUALSTYLE
  5
6C
102
{ACAD_REACTORS
330
16
102
}
330
16
100
AcDbVisualStyle
  2
Shaded
 70
27
177
3
291
0
 70
58
 90
2
176
1
 90
2
176
1
 90
0
176
1
 90
2
176
1
 40
0.6
176
1
 40
30.0
176
1
 62
7
420
16777215
176
1
 90
1
176
1
 90
4
176
1
 62
7
176
1
 62
257
176
1
 90
1
176
1
 90
1
176
1
 40
1.0
176
1
 90
8
176
1
 62
7
176
1
 40
1.0
176
1
 90
1
176
1
 90
6
176
1
 90
2
176
1
 62
7
176
1
 90
5
176
1
 90
0
176
1
 90
0
176
1
290
0
176
1
 90
1
176
1
 40
0.0
176
1
 90
0
176
1
290
0
176
1
290
1
176
1
290
1
176
1
290
0
176
1
290
0
176
1
290
0
176
1
290
0
176
1
290
0
176
1
290
0
176
1
 90
50
176
1
 40
0.0
176
1
 40
1.0
176
1
 90
0
176
1
 62
18
420
0
176
1
 90
50
176
1
 90
3
176
1
 62
5
420
255
176
1
290
0
176
1
 90
50
176
1
 90
50
176
1
 90
50
176
1
290
0
176
1
 90
50
176
1
 62
256
176
0
 40
1.0
176
0
 90
2
176
1
  1
strokes_ogs.tif
176
1
290
0
176
1
 40
1.0
176
1
 40
1.0
176
1
  0
VISUALSTYLE
  5
6D
102
{ACAD_REACTORS
330
16
102
}
330
16
100
AcDbVisualStyle
  2
Shaded with edges
 70
26
177
3
291
0
 70
58
 90
2
176
1
 90
2
176
1
 90
0
176
1
 90
2
176
1
 40
0.6
176
1
 40
30.0
176
1
 62
7
420
16777215
176
1
 90
1
176
1
 90
4
176
1
 62
7
176
1
 62
257
176
1
 90
1
176
1
 90
1
176
1
 40
1.0
176
1
 90
8
176
1
 62
7
176
1
 40
1.0
176
1
 90
1
176
1
 90
6
176
1
 90
2
176
1
 62
7
176
1
 90
5
176
1
 90
0
176
1
 90
0
176
1
290
0
176
1
 90
1
176
1
 40
0.0
176
1
 90
0
176
1
290
0
176
1
290
1
176
1
290
1
176
1
290
0
176
1
290
0
176
1
290
0
176
1
290
0
176
1
290
0
176
1
290
0
176
1
 90
50
176
1
 40
0.0
176
1
 40
1.0
176
1
 90
0
176
1
 62
18
420
0
176
1
 90
50
176
1
 90
3
176
1
 62
5
420
255
176
1
290
0
176
1
 90
50
176
1
 90
50
176
1
 90
50
176
1
290
0
176
1
 90
50
176
1
 62
256
176
0
 40
1.0
176
0
 90
2
176
1
  1
strokes_ogs.tif
176
1
290
0
176
1
 40
1.0
176
1
 40
1.0
176
1
  0
VISUALSTYLE
  5
6E
102
{ACAD_REACTORS
330
16
102
}
330
16
100
AcDbVisualStyle
  2
Shades of Gray
 70
23
177
3
291
0
 70
58
 90
2
176
1
 90
2
176
1
 90
0
176
1
 90
2
176
1
 40
0.6
176
1
 40
30.0
176
1
 62
7
420
16777215
176
1
 90
1
176
1
 90
4
176
1
 62
7
176
1
 62
257
176
1
 90
1
176
1
 90
1
176
1
 40
1.0
176
1
 90
8
176
1
 62
7
176
1
 40
1.0
176
1
 90
1
176
1
 90
6
176
1
 90
2
176
1
 62
7
176
1
 90
5
176
1
 90
0
176
1
 90
0
176
1
290
0
176
1
 90
1
176
1
 40
0.0
176
1
 90
0
176
1
290
0
176
1
290
1
176
1
290
1
176
1
290
0
176
1
290
0
176
1
290
0
176
1
290
0
176
1
290
0
176
1
290
0
176
1
 90
50
176
1
 40
0.0
176
1
 40
1.0
176
1
 90
0
176
1
 62
18
420
0
176
1
 90
50
176
1
 90
3
176
1
 62
5
420
255
176
1
290
0
176
1
 90
50
176
1
 90
50
176
1
 90
50
176
1
290
0
176
1
 90
50
176
1
 62
256
176
0
 40
1.0
176
0
 90
2
176
1
  1
strokes_ogs.tif
176
1
290
0
176
1
 40
1.0
176
1
 40
1.0
176
1
  0
VISUALSTYLE
  5
6F
102
{ACAD_REACTORS
330
16
102
}
330
16
100
AcDbVisualStyle
  2
Sketchy
 70
24
177
3
291
0
 70
58
 90
2
176
1
 90
2
176
1
 90
0
176
1
 90
1
176
1
 40
0.6
176
1
 40
30.0
176
1
 62
7
420
16777215
176
1
 90
1
176
1
 90
4
176
1
 62
7
176
1
 62
257
176
1
 90
1
176
1
 90
1
176
1
 40
1.0
176
1
 90
8
176
1
 62
7
176
1
 40
1.0
176
1
 90
1
176
1
 90
6
176
1
 90
2
176
1
 62
7
176
1
 90
5
176
1
 90
0
176
1
 90
0
176
1
290
0
176
1
 90
1
176
1
 40
0.0
176
1
 90
0
176
1
290
0
176
1
290
1
176
1
290
1
176
1
290
0
176
1
290
0
176
1
290
0
176
1
290
0
176
1
290
0
176
1
290
0
176
1
 90
50
176
1
 40
0.0
176
1
 40
1.0
176
1
 90
0
176
1
 62
18
420
0
176
1
 90
50
176
1
 90
3
176
1
 62
5
420
255
176
1
290
0
176
1
 90
50
176
1
 90
50
176
1
 90
50
176
1
290
0
176
1
 90
50
176
1
 62
256
176
0
 40
1.0
176
0
 90
2
176
1
  1
strokes_ogs.tif
176
1
290
0
176
1
 40
1.0
176
1
 40
1.0
176
1
  0
VISUALSTYLE
  5
70
102
{ACAD_REACTORS
330
16
102
}
330
16
100
AcDbVisualStyle
  2
Thicken
 70
13
177
3
291
1
 70
58
 90
2
176
1
 90
2
176
1
 90
0
176
1
 90
2
176
1
 40
0.6
176
1
 40
30.0
176
1
 62
7
420
16777215
176
1
 90
1
176
1
 90
4
176
1
 62
7
176
1
 62
257
176
1
 90
1
176
1
 90
1
176
1
 40
1.0
176
1
 90
8
176
1
 62
7
176
1
 40
1.0
176
1
 90
1
176
1
 90
6
176
1
 90
2
176
1
 62
7
176
1
 90
5
176
1
 90
0
176
1
 90
0
176
1
290
0
176
1
 90
1
176
1
 40
0.0
176
1
 90
0
176
1
290
0
176
1
290
1
176
1
290
1
176
1
290
0
176
1
290
0
176
1
290
0
176
1
290
0
176
1
290
0
176
1
290
0
176
1
 90
50
176
1
 40
0.0
176
1
 40
1.0
176
1
 90
0
176
1
 62
18
420
0
176
1
 90
50
176
1
 90
3
176
1
 62
5
420
255
176
1
290
0
176
1
 90
50
176
1
 90
50
176
1
 90
50
176
1
290
0
176
1
 90
50
176
1
 62
256
176
0
 40
1.0
176
0
 90
2
176
1
  1
strokes_ogs.tif
176
1
290
0
176
1
 40
1.0
176
1
 40
1.0
176
1
  0
VISUALSTYLE
  5
71
102
{ACAD_REACTORS
330
16
102
}
330
16
100
AcDbVisualStyle
  2
Wireframe
 70
5
177
3
291
0
 70
58
 90
2
176
1
 90
2
176
1
 90
0
176
1
 90
0
176
1
 40
0.6
176
1
 40
30.0
176
1
 62
7
420
16777215
176
1
 90
1
176
1
 90
4
176
1
 62
7
176
1
 62
257
176
1
 90
1
176
1
 90
1
176
1
 40
1.0
176
1
 90
8
176
1
 62
7
176
1
 40
1.0
176
1
 90
1
176
1
 90
6
176
1
 90
2
176
1
 62
7
176
1
 90
5
176
1
 90
0
176
1
 90
0
176
1
290
0
176
1
 90
1
176
1
 40
0.0
176
1
 90
0
176
1
290
0
176
1
290
1
176
1
290
1
176
1
290
0
176
1
290
0
176
1
290
0
176
1
290
0
176
1
290
0
176
1
290
0
176
1
 90
50
176
1
 40
0.0
176
1
 40
1.0
176
1
 90
0
176
1
 62
18
420
0
176
1
 90
50
176
1
 90
3
176
1
 62
5
420
255
176
1
290
0
176
1
 90
50
176
1
 90
50
176
1
 90
50
176
1
290
0
176
1
 90
50
176
1
 62
256
176
0
 40
1.0
176
0
 90
2
176
1
  1
strokes_ogs.tif
176
1
290
0
176
1
 40
1.0
176
1
 40
1.0
176
1
  0
VISUALSTYLE
  5
72
102
{ACAD_REACTORS
330
16
102
}
330
16
100
AcDbVisualStyle
  2
X-Ray
 70
25
177
3
291
0
 70
58
 90
2
176
1
 90
2
176
1
 90
0
176
1
 90
2
176
1
 40
0.5
176
1
 40
30.0
176
1
 62
7
420
16777215
176
1
 90
1
176
1
 90
4
176
1
 62
7
176
1
 62
257
176
1
 90
1
176
1
 90
1
176
1
 40
1.0
176
1
 90
8
176
1
 62
7
176
1
 40
1.0
176
1
 90
1
176
1
 90
6
176
1
 90
2
176
1
 62
7
176
1
 90
5
176
1
 90
0
176
1
 90
0
176
1
290
0
176
1
 90
1
176
1
 40
0.0
176
1
 90
0
176
1
290
0
176
1
290
1
176
1
290
1
176
1
290
0
176
1
290
0
176
1
290
0
176
1
290
0
176
1
290
0
176
1
290
0
176
1
 90
50
176
1
 40
0.0
176
1
 40
1.0
176
1
 90
0
176
1
 62
18
420
0
176
1
 90
50
176
1
 90
3
176
1
 62
5
420
255
176
1
290
0
176
1
 90
50
176
1
 90
50
176
1
 90
50
176
1
290
0
176
1
 90
50
176
1
 62
256
176
0
 40
1.0
176
0
 90
2
176
1
  1
strokes_ogs.tif
176
1
290
0
176
1
 40
1.0
176
1
 40
1.0
176
1
  0
DICTIONARYVAR
  5
5F0
330
2D
100
DictionaryVariables
280
0
  1
1.4.4 @ 2026-09-22T11:48:30.205673+00:00
  0
ENDSEC
  0
EOF
