# «Волжский Горизонт» — обводы по плазовой таблице
o korpus
v 0.0000 0.0000 1250.0000
v 0.0000 3550.0000 1250.0000
v 0.0000 3934.7624 1275.0903
v 0.0000 4194.5702 1320.9660
v 0.0000 4419.2085 1380.3728
v 0.0000 4621.9532 1450.7221
v 0.0000 4808.3757 1530.5176
v 0.0000 4981.4473 1618.7500
v 0.0000 5142.9569 1714.6781
v 0.0000 5294.0586 1817.7278
v 0.0000 5435.5273 1927.4370
v 0.0000 5567.8922 2043.4237
v 0.0000 5691.5125 2165.3647
v 0.0000 5806.6239 2292.9825
v 0.0000 5913.3671 2426.0348
v 0.0000 6011.8064 2564.3082
v 0.0000 6101.9420 2707.6124
v 0.0000 6183.7172 2855.7766
v 0.0000 6257.0230 3008.6464
v 0.0000 6321.6997 3166.0812
v 0.0000 6377.5366 3327.9522
v 0.0000 6424.2698 3494.1410
v 0.0000 6466.6929 3664.5383
v 0.0000 6510.1370 3839.0425
v 0.0000 6554.5800 4017.5591
v 0.0000 6600.0000 4200.0000
v 0.0000 5940.0000 4200.0000
v 0.0000 5280.0000 4200.0000
v 0.0000 4620.0000 4200.0000
v 0.0000 3960.0000 4200.0000
v 0.0000 3300.0000 4200.0000
v 0.0000 2640.0000 4200.0000
v 0.0000 1980.0000 4200.0000
v 0.0000 1320.0000 4200.0000
v 0.0000 660.0000 4200.0000
v 0.0000 0.0000 4200.0000
v 0.0000 -660.0000 4200.0000
v 0.0000 -1320.0000 4200.0000
v 0.0000 -1980.0000 4200.0000
v 0.0000 -2640.0000 4200.0000
v 0.0000 -3300.0000 4200.0000
v 0.0000 -3960.0000 4200.0000
v 0.0000 -4620.0000 4200.0000
v 0.0000 -5280.0000 4200.0000
v 0.0000 -5940.0000 4200.0000
v 0.0000 -6600.0000 4200.0000
v 0.0000 -6554.5800 4017.5591
v 0.0000 -6510.1370 3839.0425
v 0.0000 -6466.6929 3664.5383
v 0.0000 -6424.2698 3494.1410
v 0.0000 -6377.5366 3327.9522
v 0.0000 -6321.6997 3166.0812
v 0.0000 -6257.0230 3008.6464
v 0.0000 -6183.7172 2855.7766
v 0.0000 -6101.9420 2707.6124
v 0.0000 -6011.8064 2564.3082
v 0.0000 -5913.3671 2426.0348
v 0.0000 -5806.6239 2292.9825
v 0.0000 -5691.5125 2165.3647
v 0.0000 -5567.8922 2043.4237
v 0.0000 -5435.5273 1927.4370
v 0.0000 -5294.0586 1817.7278
v 0.0000 -5142.9569 1714.6781
v 0.0000 -4981.4473 1618.7500
v 0.0000 -4808.3757 1530.5176
v 0.0000 -4621.9532 1450.7221
v 0.0000 -4419.2085 1380.3728
v 0.0000 -4194.5702 1320.9660
v 0.0000 -3934.7624 1275.0903
v 0.0000 -3550.0000 1250.0000
v 500.0000 0.0000 1189.1790
v 500.0000 3670.1867 1189.1790
v 500.0000 4056.8612 1214.7866
v 500.0000 4317.8804 1261.6081
v 500.0000 4543.4656 1322.2398
v 500.0000 4746.9482 1394.0395
v 500.0000 4933.9175 1475.4802
v 500.0000 5107.3507 1565.5317
v 500.0000 5269.0362 1663.4375
v 500.0000 5420.1245 1768.6118
v 500.0000 5561.3844 1880.5829
v 500.0000 5693.3369 1998.9609
v 500.0000 5816.3319 2123.4161
v 500.0000 5930.5936 2253.6650
v 500.0000 6036.2495 2389.4605
v 500.0000 6133.3488 2530.5847
v 500.0000 6221.8746 2676.8434
v 500.0000 6301.7501 2828.0624
v 500.0000 6372.8435 2984.0840
v 500.0000 6434.9684 3144.7646
v 500.0000 6487.8832 3309.9730
v 500.0000 6531.7797 3479.5881
v 500.0000 6574.1038 3653.4985
v 500.0000 6617.4480 3831.6005
v 500.0000 6661.7888 4013.7977
v 500.0000 6707.1043 4200.0000
v 500.0000 6036.3939 4200.0000
v 500.0000 5365.6834 4200.0000
v 500.0000 4694.9730 4200.0000
v 500.0000 4024.2626 4200.0000
v 500.0000 3353.5521 4200.0000
v 500.0000 2682.8417 4200.0000
v 500.0000 2012.1313 4200.0000
v 500.0000 1341.4209 4200.0000
v 500.0000 670.7104 4200.0000
v 500.0000 0.0000 4200.0000
v 500.0000 -670.7104 4200.0000
v 500.0000 -1341.4209 4200.0000
v 500.0000 -2012.1313 4200.0000
v 500.0000 -2682.8417 4200.0000
v 500.0000 -3353.5521 4200.0000
v 500.0000 -4024.2626 4200.0000
v 500.0000 -4694.9730 4200.0000
v 500.0000 -5365.6834 4200.0000
v 500.0000 -6036.3939 4200.0000
v 500.0000 -6707.1043 4200.0000
v 500.0000 -6661.7888 4013.7977
v 500.0000 -6617.4480 3831.6005
v 500.0000 -6574.1038 3653.4985
v 500.0000 -6531.7797 3479.5881
v 500.0000 -6487.8832 3309.9730
v 500.0000 -6434.9684 3144.7646
v 500.0000 -6372.8435 2984.0840
v 500.0000 -6301.7501 2828.0624
v 500.0000 -6221.8746 2676.8434
v 500.0000 -6133.3488 2530.5847
v 500.0000 -6036.2495 2389.4605
v 500.0000 -5930.5936 2253.6650
v 500.0000 -5816.3319 2123.4161
v 500.0000 -5693.3369 1998.9609
v 500.0000 -5561.3844 1880.5829
v 500.0000 -5420.1245 1768.6118
v 500.0000 -5269.0362 1663.4375
v 500.0000 -5107.3507 1565.5317
v 500.0000 -4933.9175 1475.4802
v 500.0000 -4746.9482 1394.0395
v 500.0000 -4543.4656 1322.2398
v 500.0000 -4317.8804 1261.6081
v 500.0000 -4056.8612 1214.7866
v 500.0000 -3670.1867 1189.1790
v 1000.0000 0.0000 1130.4285
v 1000.0000 3787.9505 1130.4285
v 1000.0000 4176.3089 1156.5357
v 1000.0000 4438.3849 1204.2709
v 1000.0000 4664.7824 1266.0857
v 1000.0000 4868.8802 1339.2864
v 1000.0000 5056.2824 1422.3163
v 1000.0000 5229.9698 1514.1249
v 1000.0000 5391.7291 1613.9413
v 1000.0000 5542.7062 1721.1678
v 1000.0000 5683.6630 1835.3239
v 1000.0000 5815.1121 1956.0118
v 1000.0000 5937.3927 2082.8955
v 1000.0000 6050.7170 2215.6859
v 1000.0000 6155.1988 2354.1312
v 1000.0000 6250.8714 2498.0091
v 1000.0000 6337.6992 2647.1218
v 1000.0000 6415.5847 2801.2916
v 1000.0000 6484.3715 2960.3576
v 1000.0000 6543.8449 3124.1737
v 1000.0000 6593.7298 3292.6057
v 1000.0000 6635.7190 3465.5307
v 1000.0000 6677.8721 3642.8346
v 1000.0000 6721.0412 3824.4119
v 1000.0000 6765.2028 4010.1643
v 1000.0000 6810.3353 4200.0000
v 1000.0000 6129.3018 4200.0000
v 1000.0000 5448.2682 4200.0000
v 1000.0000 4767.2347 4200.0000
v 1000.0000 4086.2012 4200.0000
v 1000.0000 3405.1677 4200.0000
v 1000.0000 2724.1341 4200.0000
v 1000.0000 2043.1006 4200.0000
v 1000.0000 1362.0671 4200.0000
v 1000.0000 681.0335 4200.0000
v 1000.0000 0.0000 4200.0000
v 1000.0000 -681.0335 4200.0000
v 1000.0000 -1362.0671 4200.0000
v 1000.0000 -2043.1006 4200.0000
v 1000.0000 -2724.1341 4200.0000
v 1000.0000 -3405.1677 4200.0000
v 1000.0000 -4086.2012 4200.0000
v 1000.0000 -4767.2347 4200.0000
v 1000.0000 -5448.2682 4200.0000
v 1000.0000 -6129.3018 4200.0000
v 1000.0000 -6810.3353 4200.0000
v 1000.0000 -6765.2028 4010.1643
v 1000.0000 -6721.0412 3824.4119
v 1000.0000 -6677.8721 3642.8346
v 1000.0000 -6635.7190 3465.5307
v 1000.0000 -6593.7298 3292.6057
v 1000.0000 -6543.8449 3124.1737
v 1000.0000 -6484.3715 2960.3576
v 1000.0000 -6415.5847 2801.2916
v 1000.0000 -6337.6992 2647.1218
v 1000.0000 -6250.8714 2498.0091
v 1000.0000 -6155.1988 2354.1312
v 1000.0000 -6050.7170 2215.6859
v 1000.0000 -5937.3927 2082.8955
v 1000.0000 -5815.1121 1956.0118
v 1000.0000 -5683.6630 1835.3239
v 1000.0000 -5542.7062 1721.1678
v 1000.0000 -5391.7291 1613.9413
v 1000.0000 -5229.9698 1514.1249
v 1000.0000 -5056.2824 1422.3163
v 1000.0000 -4868.8802 1339.2864
v 1000.0000 -4664.7824 1266.0857
v 1000.0000 -4438.3849 1204.2709
v 1000.0000 -4176.3089 1156.5357
v 1000.0000 -3787.9505 1130.4285
v 1500.0000 0.0000 1073.9213
v 1500.0000 3903.1976 1073.9213
v 1500.0000 4292.9863 1100.5091
v 1500.0000 4555.9471 1149.1230
v 1500.0000 4783.0073 1212.0757
v 1500.0000 4987.5844 1286.6240
v 1500.0000 5175.2931 1371.1823
v 1500.0000 5349.1156 1464.6811
v 1500.0000 5510.8359 1566.3349
v 1500.0000 5661.5940 1675.5354
v 1500.0000 5802.1442 1791.7929
v 1500.0000 5932.9895 1914.7026
v 1500.0000 6054.4583 2043.9220
v 1500.0000 6166.7498 2179.1570
v 1500.0000 6269.9633 2320.1509
v 1500.0000 6364.1150 2466.6775
v 1500.0000 6449.1503 2618.5352
v 1500.0000 6524.9491 2775.5430
v 1500.0000 6591.3289 2937.5373
v 1500.0000 6648.0448 3104.3690
v 1500.0000 6694.7857 3275.9017
v 1500.0000 6735.7311 3452.0099
v 1500.0000 6777.6393 3632.5778
v 1500.0000 6820.5575 3817.4977
v 1500.0000 6864.4626 4006.6696
v 1500.0000 6909.3328 4200.0000
v 1500.0000 6218.3995 4200.0000
v 1500.0000 5527.4662 4200.0000
v 1500.0000 4836.5330 4200.0000
v 1500.0000 4145.5997 4200.0000
v 1500.0000 3454.6664 4200.0000
v 1500.0000 2763.7331 4200.0000
v 1500.0000 2072.7998 4200.0000
v 1500.0000 1381.8666 4200.0000
v 1500.0000 690.9333 4200.0000
v 1500.0000 0.0000 4200.0000
v 1500.0000 -690.9333 4200.0000
v 1500.0000 -1381.8666 4200.0000
v 1500.0000 -2072.7998 4200.0000
v 1500.0000 -2763.7331 4200.0000
v 1500.0000 -3454.6664 4200.0000
v 1500.0000 -4145.5997 4200.0000
v 1500.0000 -4836.5330 4200.0000
v 1500.0000 -5527.4662 4200.0000
v 1500.0000 -6218.3995 4200.0000
v 1500.0000 -6909.3328 4200.0000
v 1500.0000 -6864.4626 4006.6696
v 1500.0000 -6820.5575 3817.4977
v 1500.0000 -6777.6393 3632.5778
v 1500.0000 -6735.7311 3452.0099
v 1500.0000 -6694.7857 3275.9017
v 1500.0000 -6648.0448 3104.3690
v 1500.0000 -6591.3289 2937.5373
v 1500.0000 -6524.9491 2775.5430
v 1500.0000 -6449.1503 2618.5352
v 1500.0000 -6364.1150 2466.6775
v 1500.0000 -6269.9633 2320.1509
v 1500.0000 -6166.7498 2179.1570
v 1500.0000 -6054.4583 2043.9220
v 1500.0000 -5932.9895 1914.7026
v 1500.0000 -5802.1442 1791.7929
v 1500.0000 -5661.5940 1675.5354
v 1500.0000 -5510.8359 1566.3349
v 1500.0000 -5349.1156 1464.6811
v 1500.0000 -5175.2931 1371.1823
v 1500.0000 -4987.5844 1286.6240
v 1500.0000 -4783.0073 1212.0757
v 1500.0000 -4555.9471 1149.1230
v 1500.0000 -4292.9863 1100.5091
v 1500.0000 -3903.1976 1073.9213
v 2000.0000 0.0000 1019.8301
v 2000.0000 4015.8341 1019.8301
v 2000.0000 4406.7730 1046.8780
v 2000.0000 4670.4287 1096.3331
v 2000.0000 4897.9867 1160.3751
v 2000.0000 5102.8929 1236.2133
v 2000.0000 5290.7687 1322.2348
v 2000.0000 5464.5954 1417.3514
v 2000.0000 5626.1524 1520.7641
v 2000.0000 5776.5730 1631.8541
v 2000.0000 5916.6028 1750.1233
v 2000.0000 6046.7346 1875.1596
v 2000.0000 6167.2850 2006.6150
v 2000.0000 6278.4397 2144.1900
v 2000.0000 6380.2823 2287.6235
v 2000.0000 6472.8114 2436.6855
v 2000.0000 6555.9517 2591.1708
v 2000.0000 6629.5596 2750.8953
v 2000.0000 6693.4248 2915.6926
v 2000.0000 6747.2698 3085.4111
v 2000.0000 6790.8952 3259.9118
v 2000.0000 6831.4570 3439.0673
v 2000.0000 6873.0460 3622.7596
v 2000.0000 6915.6374 3810.8792
v 2000.0000 6959.2080 4003.3244
v 2000.0000 7003.7365 4200.0000
v 2000.0000 6303.3629 4200.0000
v 2000.0000 5602.9892 4200.0000
v 2000.0000 4902.6156 4200.0000
v 2000.0000 4202.2419 4200.0000
v 2000.0000 3501.8683 4200.0000
v 2000.0000 2801.4946 4200.0000
v 2000.0000 2101.1210 4200.0000
v 2000.0000 1400.7473 4200.0000
v 2000.0000 700.3737 4200.0000
v 2000.0000 0.0000 4200.0000
v 2000.0000 -700.3737 4200.0000
v 2000.0000 -1400.7473 4200.0000
v 2000.0000 -2101.1210 4200.0000
v 2000.0000 -2801.4946 4200.0000
v 2000.0000 -3501.8683 4200.0000
v 2000.0000 -4202.2419 4200.0000
v 2000.0000 -4902.6156 4200.0000
v 2000.0000 -5602.9892 4200.0000
v 2000.0000 -6303.3629 4200.0000
v 2000.0000 -7003.7365 4200.0000
v 2000.0000 -6959.2080 4003.3244
v 2000.0000 -6915.6374 3810.8792
v 2000.0000 -6873.0460 3622.7596
v 2000.0000 -6831.4570 3439.0673
v 2000.0000 -6790.8952 3259.9118
v 2000.0000 -6747.2698 3085.4111
v 2000.0000 -6693.4248 2915.6926
v 2000.0000 -6629.5596 2750.8953
v 2000.0000 -6555.9517 2591.1708
v 2000.0000 -6472.8114 2436.6855
v 2000.0000 -6380.2823 2287.6235
v 2000.0000 -6278.4397 2144.1900
v 2000.0000 -6167.2850 2006.6150
v 2000.0000 -6046.7346 1875.1596
v 2000.0000 -5916.6028 1750.1233
v 2000.0000 -5776.5730 1631.8541
v 2000.0000 -5626.1524 1520.7641
v 2000.0000 -5464.5954 1417.3514
v 2000.0000 -5290.7687 1322.2348
v 2000.0000 -5102.8929 1236.2133
v 2000.0000 -4897.9867 1160.3751
v 2000.0000 -4670.4287 1096.3331
v 2000.0000 -4406.7730 1046.8780
v 2000.0000 -4015.8341 1019.8301
v 2500.0000 0.0000 968.3280
v 2500.0000 4125.7662 968.3280
v 2500.0000 4517.5477 995.8139
v 2500.0000 4781.6900 1046.0699
v 2500.0000 5009.5645 1111.1491
v 2500.0000 5214.6351 1188.2154
v 2500.0000 5402.5251 1275.6300
v 2500.0000 5576.2123 1372.2870
v 2500.0000 5737.4700 1477.3745
v 2500.0000 5887.4232 1590.2636
v 2500.0000 6026.8081 1710.4481
v 2500.0000 6156.1064 1837.5094
v 2500.0000 6275.6220 1971.0936
v 2500.0000 6385.5263 2110.8966
v 2500.0000 6485.8865 2256.6530
v 2500.0000 6576.6823 2408.1290
v 2500.0000 6657.8168 2565.1161
v 2500.0000 6729.1210 2727.4274
v 2500.0000 6790.3554 2894.8936
v 2500.0000 6841.2072 3067.3605
v 2500.0000 6882.3584 3244.6873
v 2500.0000 6922.5365 3426.7442
v 2500.0000 6963.7321 3613.4113
v 2500.0000 7005.9205 3804.5775
v 2500.0000 7049.0790 4000.1393
v 2500.0000 7093.1862 4200.0000
v 2500.0000 6383.8676 4200.0000
v 2500.0000 5674.5490 4200.0000
v 2500.0000 4965.2304 4200.0000
v 2500.0000 4255.9117 4200.0000
v 2500.0000 3546.5931 4200.0000
v 2500.0000 2837.2745 4200.0000
v 2500.0000 2127.9559 4200.0000
v 2500.0000 1418.6372 4200.0000
v 2500.0000 709.3186 4200.0000
v 2500.0000 0.0000 4200.0000
v 2500.0000 -709.3186 4200.0000
v 2500.0000 -1418.6372 4200.0000
v 2500.0000 -2127.9559 4200.0000
v 2500.0000 -2837.2745 4200.0000
v 2500.0000 -3546.5931 4200.0000
v 2500.0000 -4255.9117 4200.0000
v 2500.0000 -4965.2304 4200.0000
v 2500.0000 -5674.5490 4200.0000
v 2500.0000 -6383.8676 4200.0000
v 2500.0000 -7093.1862 4200.0000
v 2500.0000 -7049.0790 4000.1393
v 2500.0000 -7005.9205 3804.5775
v 2500.0000 -6963.7321 3613.4113
v 2500.0000 -6922.5365 3426.7442
v 2500.0000 -6882.3584 3244.6873
v 2500.0000 -6841.2072 3067.3605
v 2500.0000 -6790.3554 2894.8936
v 2500.0000 -6729.1210 2727.4274
v 2500.0000 -6657.8168 2565.1161
v 2500.0000 -6576.6823 2408.1290
v 2500.0000 -6485.8865 2256.6530
v 2500.0000 -6385.5263 2110.8966
v 2500.0000 -6275.6220 1971.0936
v 2500.0000 -6156.1064 1837.5094
v 2500.0000 -6026.8081 1710.4481
v 2500.0000 -5887.4232 1590.2636
v 2500.0000 -5737.4700 1477.3745
v 2500.0000 -5576.2123 1372.2870
v 2500.0000 -5402.5251 1275.6300
v 2500.0000 -5214.6351 1188.2154
v 2500.0000 -5009.5645 1111.1491
v 2500.0000 -4781.6900 1046.0699
v 2500.0000 -4517.5477 995.8139
v 2500.0000 -4125.7662 968.3280
v 3000.0000 0.0000 919.5877
v 3000.0000 4232.9001 919.5877
v 3000.0000 4625.1883 947.4882
v 3000.0000 4889.5896 998.5022
v 3000.0000 5117.5827 1064.5628
v 3000.0000 5322.6377 1142.7915
v 3000.0000 5510.3749 1231.5245
v 3000.0000 5683.7658 1329.6392
v 3000.0000 5844.5753 1436.3117
v 3000.0000 5993.9195 1550.9033
v 3000.0000 6132.5236 1672.9005
v 3000.0000 6260.8574 1801.8781
v 3000.0000 6379.2114 1937.4771
v 3000.0000 6487.7417 2079.3886
v 3000.0000 6586.4979 2227.3433
v 3000.0000 6675.4402 2381.1039
v 3000.0000 6754.4482 2540.4587
v 3000.0000 6823.3264 2705.2180
v 3000.0000 6881.8035 2875.2099
v 3000.0000 6929.5296 3050.2780
v 3000.0000 6968.8863 3230.2792
v 3000.0000 7008.6085 3415.0819
v 3000.0000 7049.3365 3604.5643
v 3000.0000 7091.0462 3798.6137
v 3000.0000 7133.7150 3997.1250
v 3000.0000 7177.3217 4200.0000
v 3000.0000 6459.5895 4200.0000
v 3000.0000 5741.8574 4200.0000
v 3000.0000 5024.1252 4200.0000
v 3000.0000 4306.3930 4200.0000
v 3000.0000 3588.6609 4200.0000
v 3000.0000 2870.9287 4200.0000
v 3000.0000 2153.1965 4200.0000
v 3000.0000 1435.4643 4200.0000
v 3000.0000 717.7322 4200.0000
v 3000.0000 0.0000 4200.0000
v 3000.0000 -717.7322 4200.0000
v 3000.0000 -1435.4643 4200.0000
v 3000.0000 -2153.1965 4200.0000
v 3000.0000 -2870.9287 4200.0000
v 3000.0000 -3588.6609 4200.0000
v 3000.0000 -4306.3930 4200.0000
v 3000.0000 -5024.1252 4200.0000
v 3000.0000 -5741.8574 4200.0000
v 3000.0000 -6459.5895 4200.0000
v 3000.0000 -7177.3217 4200.0000
v 3000.0000 -7133.7150 3997.1250
v 3000.0000 -7091.0462 3798.6137
v 3000.0000 -7049.3365 3604.5643
v 3000.0000 -7008.6085 3415.0819
v 3000.0000 -6968.8863 3230.2792
v 3000.0000 -6929.5296 3050.2780
v 3000.0000 -6881.8035 2875.2099
v 3000.0000 -6823.3264 2705.2180
v 3000.0000 -6754.4482 2540.4587
v 3000.0000 -6675.4402 2381.1039
v 3000.0000 -6586.4979 2227.3433
v 3000.0000 -6487.7417 2079.3886
v 3000.0000 -6379.2114 1937.4771
v 3000.0000 -6260.8574 1801.8781
v 3000.0000 -6132.5236 1672.9005
v 3000.0000 -5993.9195 1550.9033
v 3000.0000 -5844.5753 1436.3117
v 3000.0000 -5683.7658 1329.6392
v 3000.0000 -5510.3749 1231.5245
v 3000.0000 -5322.6377 1142.7915
v 3000.0000 -5117.5827 1064.5628
v 3000.0000 -4889.5896 998.5022
v 3000.0000 -4625.1883 947.4882
v 3000.0000 -4232.9001 919.5877
v 3475.0000 0.0000 876.0000
v 3475.0000 4332.0000 876.0000
v 3475.0000 4724.4318 904.2712
v 3475.0000 4988.8502 955.9630
v 3475.0000 5216.7569 1022.9014
v 3475.0000 5421.6162 1102.1696
v 3475.0000 5609.0402 1192.0816
v 3475.0000 5781.9915 1291.5000
v 3475.0000 5942.2258 1399.5898
v 3475.0000 6090.8486 1515.7041
v 3475.0000 6228.5742 1639.3222
v 3475.0000 6355.8600 1770.0137
v 3475.0000 6472.9826 1907.4144
v 3475.0000 6580.0829 2051.2115
v 3475.0000 6677.1931 2201.1321
v 3475.0000 6764.2530 2356.9357
v 3475.0000 6841.1195 2518.4080
v 3475.0000 6907.5695 2685.3564
v 3475.0000 6963.3000 2857.6070
v 3475.0000 7007.9225 3035.0013
v 3475.0000 7046.1860 3217.3943
v 3475.0000 7085.4086 3404.6525
v 3475.0000 7125.6244 3596.6526
v 3475.0000 7166.8096 3793.2804
v 3475.0000 7208.9417 3994.4293
v 3475.0000 7252.0000 4200.0000
v 3475.0000 6526.8000 4200.0000
v 3475.0000 5801.6000 4200.0000
v 3475.0000 5076.4000 4200.0000
v 3475.0000 4351.2000 4200.0000
v 3475.0000 3626.0000 4200.0000
v 3475.0000 2900.8000 4200.0000
v 3475.0000 2175.6000 4200.0000
v 3475.0000 1450.4000 4200.0000
v 3475.0000 725.2000 4200.0000
v 3475.0000 0.0000 4200.0000
v 3475.0000 -725.2000 4200.0000
v 3475.0000 -1450.4000 4200.0000
v 3475.0000 -2175.6000 4200.0000
v 3475.0000 -2900.8000 4200.0000
v 3475.0000 -3626.0000 4200.0000
v 3475.0000 -4351.2000 4200.0000
v 3475.0000 -5076.4000 4200.0000
v 3475.0000 -5801.6000 4200.0000
v 3475.0000 -6526.8000 4200.0000
v 3475.0000 -7252.0000 4200.0000
v 3475.0000 -7208.9417 3994.4293
v 3475.0000 -7166.8096 3793.2804
v 3475.0000 -7125.6244 3596.6526
v 3475.0000 -7085.4086 3404.6525
v 3475.0000 -7046.1860 3217.3943
v 3475.0000 -7007.9225 3035.0013
v 3475.0000 -6963.3000 2857.6070
v 3475.0000 -6907.5695 2685.3564
v 3475.0000 -6841.1195 2518.4080
v 3475.0000 -6764.2530 2356.9357
v 3475.0000 -6677.1931 2201.1321
v 3475.0000 -6580.0829 2051.2115
v 3475.0000 -6472.9826 1907.4144
v 3475.0000 -6355.8600 1770.0137
v 3475.0000 -6228.5742 1639.3222
v 3475.0000 -6090.8486 1515.7041
v 3475.0000 -5942.2258 1399.5898
v 3475.0000 -5781.9915 1291.5000
v 3475.0000 -5609.0402 1192.0816
v 3475.0000 -5421.6162 1102.1696
v 3475.0000 -5216.7569 1022.9014
v 3475.0000 -4988.8502 955.9630
v 3475.0000 -4724.4318 904.2712
v 3475.0000 -4332.0000 876.0000
v 3500.0000 0.0000 873.7820
v 3500.0000 4337.1412 873.7820
v 3500.0000 4729.5712 902.0720
v 3500.0000 4993.9840 953.7983
v 3500.0000 5221.8806 1020.7814
v 3500.0000 5426.7245 1100.1024
v 3500.0000 5614.1273 1190.0744
v 3500.0000 5787.0511 1289.5592
v 3500.0000 5947.2509 1397.7212
v 3500.0000 6095.8318 1513.9129
v 3500.0000 6233.5073 1637.6136
v 3500.0000 6360.7342 1768.3922
v 3500.0000 6477.7885 1905.8846
v 3500.0000 6584.8101 2049.7776
v 3500.0000 6681.8302 2199.7983
v 3500.0000 6768.7877 2355.7059
v 3500.0000 6845.5380 2517.2859
v 3500.0000 6911.8568 2684.3457
v 3500.0000 6967.4392 2856.7113
v 3500.0000 7011.8946 3034.2240
v 3500.0000 7050.1169 3216.7386
v 3500.0000 7089.3114 3404.1218
v 3500.0000 7129.4985 3596.2500
v 3500.0000 7170.6542 3793.0090
v 3500.0000 7212.7561 3994.2922
v 3500.0000 7255.7836 4200.0000
v 3500.0000 6530.2052 4200.0000
v 3500.0000 5804.6269 4200.0000
v 3500.0000 5079.0485 4200.0000
v 3500.0000 4353.4702 4200.0000
v 3500.0000 3627.8918 4200.0000
v 3500.0000 2902.3134 4200.0000
v 3500.0000 2176.7351 4200.0000
v 3500.0000 1451.1567 4200.0000
v 3500.0000 725.5784 4200.0000
v 3500.0000 0.0000 4200.0000
v 3500.0000 -725.5784 4200.0000
v 3500.0000 -1451.1567 4200.0000
v 3500.0000 -2176.7351 4200.0000
v 3500.0000 -2902.3134 4200.0000
v 3500.0000 -3627.8918 4200.0000
v 3500.0000 -4353.4702 4200.0000
v 3500.0000 -5079.0485 4200.0000
v 3500.0000 -5804.6269 4200.0000
v 3500.0000 -6530.2052 4200.0000
v 3500.0000 -7255.7836 4200.0000
v 3500.0000 -7212.7561 3994.2922
v 3500.0000 -7170.6542 3793.0090
v 3500.0000 -7129.4985 3596.2500
v 3500.0000 -7089.3114 3404.1218
v 3500.0000 -7050.1169 3216.7386
v 3500.0000 -7011.8946 3034.2240
v 3500.0000 -6967.4392 2856.7113
v 3500.0000 -6911.8568 2684.3457
v 3500.0000 -6845.5380 2517.2859
v 3500.0000 -6768.7877 2355.7059
v 3500.0000 -6681.8302 2199.7983
v 3500.0000 -6584.8101 2049.7776
v 3500.0000 -6477.7885 1905.8846
v 3500.0000 -6360.7342 1768.3922
v 3500.0000 -6233.5073 1637.6136
v 3500.0000 -6095.8318 1513.9129
v 3500.0000 -5947.2509 1397.7212
v 3500.0000 -5787.0511 1289.5592
v 3500.0000 -5614.1273 1190.0744
v 3500.0000 -5426.7245 1100.1024
v 3500.0000 -5221.8806 1020.7814
v 3500.0000 -4993.9840 953.7983
v 3500.0000 -4729.5712 902.0720
v 3500.0000 -4337.1412 873.7820
v 4000.0000 0.0000 830.9132
v 4000.0000 4438.1891 830.9132
v 4000.0000 4830.4455 859.5678
v 4000.0000 5094.6568 911.9608
v 4000.0000 5322.2725 979.8072
v 4000.0000 5526.7384 1060.1505
v 4000.0000 5713.6528 1151.2821
v 4000.0000 5885.9658 1252.0490
v 4000.0000 6045.4208 1361.6050
v 4000.0000 6193.1108 1479.2942
v 4000.0000 6329.7365 1604.5891
v 4000.0000 6455.7410 1737.0533
v 4000.0000 6571.3850 1876.3177
v 4000.0000 6676.7912 2022.0653
v 4000.0000 6771.9716 2174.0194
v 4000.0000 6856.8428 2331.9363
v 4000.0000 6931.2345 2495.5988
v 4000.0000 6994.8920 2664.8118
v 4000.0000 7047.4746 2839.3988
v 4000.0000 7088.6916 3019.1993
v 4000.0000 7126.2845 3204.0662
v 4000.0000 7164.8801 3393.8644
v 4000.0000 7204.4531 3588.4688
v 4000.0000 7244.9800 3787.7636
v 4000.0000 7286.4386 3991.6410
v 4000.0000 7328.8086 4200.0000
v 4000.0000 6595.9278 4200.0000
v 4000.0000 5863.0469 4200.0000
v 4000.0000 5130.1661 4200.0000
v 4000.0000 4397.2852 4200.0000
v 4000.0000 3664.4043 4200.0000
v 4000.0000 2931.5235 4200.0000
v 4000.0000 2198.6426 4200.0000
v 4000.0000 1465.7617 4200.0000
v 4000.0000 732.8809 4200.0000
v 4000.0000 0.0000 4200.0000
v 4000.0000 -732.8809 4200.0000
v 4000.0000 -1465.7617 4200.0000
v 4000.0000 -2198.6426 4200.0000
v 4000.0000 -2931.5235 4200.0000
v 4000.0000 -3664.4043 4200.0000
v 4000.0000 -4397.2852 4200.0000
v 4000.0000 -5130.1661 4200.0000
v 4000.0000 -5863.0469 4200.0000
v 4000.0000 -6595.9278 4200.0000
v 4000.0000 -7328.8086 4200.0000
v 4000.0000 -7286.4386 3991.6410
v 4000.0000 -7244.9800 3787.7636
v 4000.0000 -7204.4531 3588.4688
v 4000.0000 -7164.8801 3393.8644
v 4000.0000 -7126.2845 3204.0662
v 4000.0000 -7088.6916 3019.1993
v 4000.0000 -7047.4746 2839.3988
v 4000.0000 -6994.8920 2664.8118
v 4000.0000 -6931.2345 2495.5988
v 4000.0000 -6856.8428 2331.9363
v 4000.0000 -6771.9716 2174.0194
v 4000.0000 -6676.7912 2022.0653
v 4000.0000 -6571.3850 1876.3177
v 4000.0000 -6455.7410 1737.0533
v 4000.0000 -6329.7365 1604.5891
v 4000.0000 -6193.1108 1479.2942
v 4000.0000 -6045.4208 1361.6050
v 4000.0000 -5885.9658 1252.0490
v 4000.0000 -5713.6528 1151.2821
v 4000.0000 -5526.7384 1060.1505
v 4000.0000 -5322.2725 979.8072
v 4000.0000 -5094.6568 911.9608
v 4000.0000 -4830.4455 859.5678
v 4000.0000 -4438.1891 830.9132
v 4500.0000 0.0000 790.5551
v 4500.0000 4536.2227 790.5551
v 4500.0000 4928.0765 819.5530
v 4500.0000 5191.9320 872.5736
v 4500.0000 5419.1337 941.2327
v 4500.0000 5623.1018 1022.5384
v 4500.0000 5809.4180 1114.7616
v 4500.0000 5981.0185 1216.7357
v 4500.0000 6139.6337 1327.6040
v 4500.0000 6286.3438 1446.7031
v 4500.0000 6421.8360 1573.4989
v 4500.0000 6546.5389 1707.5498
v 4500.0000 6660.6972 1848.4824
v 4500.0000 6764.4160 1995.9759
v 4500.0000 6857.6870 2149.7503
v 4500.0000 6940.4037 2309.5589
v 4500.0000 7012.3687 2475.1819
v 4500.0000 7073.2955 2646.4218
v 4500.0000 7122.8051 2823.1002
v 4500.0000 7161.3378 3005.0545
v 4500.0000 7198.2845 3192.1360
v 4500.0000 7236.2167 3384.2077
v 4500.0000 7275.1095 3581.1433
v 4500.0000 7314.9397 3782.8255
v 4500.0000 7355.6858 3989.1450
v 4500.0000 7397.3275 4200.0000
v 4500.0000 6657.5948 4200.0000
v 4500.0000 5917.8620 4200.0000
v 4500.0000 5178.1293 4200.0000
v 4500.0000 4438.3965 4200.0000
v 4500.0000 3698.6638 4200.0000
v 4500.0000 2958.9310 4200.0000
v 4500.0000 2219.1983 4200.0000
v 4500.0000 1479.4655 4200.0000
v 4500.0000 739.7328 4200.0000
v 4500.0000 0.0000 4200.0000
v 4500.0000 -739.7328 4200.0000
v 4500.0000 -1479.4655 4200.0000
v 4500.0000 -2219.1983 4200.0000
v 4500.0000 -2958.9310 4200.0000
v 4500.0000 -3698.6638 4200.0000
v 4500.0000 -4438.3965 4200.0000
v 4500.0000 -5178.1293 4200.0000
v 4500.0000 -5917.8620 4200.0000
v 4500.0000 -6657.5948 4200.0000
v 4500.0000 -7397.3275 4200.0000
v 4500.0000 -7355.6858 3989.1450
v 4500.0000 -7314.9397 3782.8255
v 4500.0000 -7275.1095 3581.1433
v 4500.0000 -7236.2167 3384.2077
v 4500.0000 -7198.2845 3192.1360
v 4500.0000 -7161.3378 3005.0545
v 4500.0000 -7122.8051 2823.1002
v 4500.0000 -7073.2955 2646.4218
v 4500.0000 -7012.3687 2475.1819
v 4500.0000 -6940.4037 2309.5589
v 4500.0000 -6857.6870 2149.7503
v 4500.0000 -6764.4160 1995.9759
v 4500.0000 -6660.6972 1848.4824
v 4500.0000 -6546.5389 1707.5498
v 4500.0000 -6421.8360 1573.4989
v 4500.0000 -6286.3438 1446.7031
v 4500.0000 -6139.6337 1327.6040
v 4500.0000 -5981.0185 1216.7357
v 4500.0000 -5809.4180 1114.7616
v 4500.0000 -5623.1018 1022.5384
v 4500.0000 -5419.1337 941.2327
v 4500.0000 -5191.9320 872.5736
v 4500.0000 -4928.0765 819.5530
v 4500.0000 -4536.2227 790.5551
v 5000.0000 0.0000 752.2236
v 5000.0000 4631.7830 752.2236
v 5000.0000 5023.0473 781.5475
v 5000.0000 5286.4207 835.1642
v 5000.0000 5513.0992 904.5952
v 5000.0000 5716.4710 986.8151
v 5000.0000 5902.0981 1080.0752
v 5000.0000 6072.9014 1183.1957
v 5000.0000 6230.5972 1295.3105
v 5000.0000 6376.2521 1415.7485
v 5000.0000 6510.5391 1543.9698
v 5000.0000 6633.8716 1679.5278
v 5000.0000 6746.4779 1822.0449
v 5000.0000 6848.4445 1971.1966
v 5000.0000 6939.7420 2126.6999
v 5000.0000 7020.2395 2288.3052
v 5000.0000 7089.7112 2455.7902
v 5000.0000 7147.8369 2628.9554
v 5000.0000 7194.1971 2807.6201
v 5000.0000 7230.6066 2991.6201
v 5000.0000 7266.8532 3180.8048
v 5000.0000 7304.0666 3375.0360
v 5000.0000 7342.2223 3574.1857
v 5000.0000 7381.2977 3778.1353
v 5000.0000 7421.2716 3986.7745
v 5000.0000 7462.1242 4200.0000
v 5000.0000 6715.9118 4200.0000
v 5000.0000 5969.6994 4200.0000
v 5000.0000 5223.4870 4200.0000
v 5000.0000 4477.2745 4200.0000
v 5000.0000 3731.0621 4200.0000
v 5000.0000 2984.8497 4200.0000
v 5000.0000 2238.6373 4200.0000
v 5000.0000 1492.4248 4200.0000
v 5000.0000 746.2124 4200.0000
v 5000.0000 0.0000 4200.0000
v 5000.0000 -746.2124 4200.0000
v 5000.0000 -1492.4248 4200.0000
v 5000.0000 -2238.6373 4200.0000
v 5000.0000 -2984.8497 4200.0000
v 5000.0000 -3731.0621 4200.0000
v 5000.0000 -4477.2745 4200.0000
v 5000.0000 -5223.4870 4200.0000
v 5000.0000 -5969.6994 4200.0000
v 5000.0000 -6715.9118 4200.0000
v 5000.0000 -7462.1242 4200.0000
v 5000.0000 -7421.2716 3986.7745
v 5000.0000 -7381.2977 3778.1353
v 5000.0000 -7342.2223 3574.1857
v 5000.0000 -7304.0666 3375.0360
v 5000.0000 -7266.8532 3180.8048
v 5000.0000 -7230.6066 2991.6201
v 5000.0000 -7194.1971 2807.6201
v 5000.0000 -7147.8369 2628.9554
v 5000.0000 -7089.7112 2455.7902
v 5000.0000 -7020.2395 2288.3052
v 5000.0000 -6939.7420 2126.6999
v 5000.0000 -6848.4445 1971.1966
v 5000.0000 -6746.4779 1822.0449
v 5000.0000 -6633.8716 1679.5278
v 5000.0000 -6510.5391 1543.9698
v 5000.0000 -6376.2521 1415.7485
v 5000.0000 -6230.5972 1295.3105
v 5000.0000 -6072.9014 1183.1957
v 5000.0000 -5902.0981 1080.0752
v 5000.0000 -5716.4710 986.8151
v 5000.0000 -5513.0992 904.5952
v 5000.0000 -5286.4207 835.1642
v 5000.0000 -5023.0473 781.5475
v 5000.0000 -4631.7830 752.2236
v 5500.0000 0.0000 715.4348
v 5500.0000 4725.4108 715.4348
v 5500.0000 5115.9400 745.0716
v 5500.0000 5378.7329 799.2604
v 5500.0000 5604.8026 869.4323
v 5500.0000 5807.5002 952.5294
v 5500.0000 5992.3660 1046.7846
v 5500.0000 6162.3041 1151.0054
v 5500.0000 6319.0160 1264.3165
v 5500.0000 6463.5536 1386.0397
v 5500.0000 6596.5754 1515.6292
v 5500.0000 6718.4789 1652.6336
v 5500.0000 6829.4751 1796.6714
v 5500.0000 6929.6310 1947.4146
v 5500.0000 7018.8953 2104.5772
v 5500.0000 7097.1114 2267.9068
v 5500.0000 7164.0236 2437.1790
v 5500.0000 7219.2758 2612.1918
v 5500.0000 7262.4051 2792.7630
v 5500.0000 7297.2290 2978.7263
v 5500.0000 7332.7297 3169.9297
v 5500.0000 7369.1774 3366.2334
v 5500.0000 7406.5481 3567.5080
v 5500.0000 7444.8195 3773.6339
v 5500.0000 7483.9709 3984.4993
v 5500.0000 7523.9829 4200.0000
v 5500.0000 6771.5846 4200.0000
v 5500.0000 6019.1863 4200.0000
v 5500.0000 5266.7880 4200.0000
v 5500.0000 4514.3897 4200.0000
v 5500.0000 3761.9914 4200.0000
v 5500.0000 3009.5931 4200.0000
v 5500.0000 2257.1949 4200.0000
v 5500.0000 1504.7966 4200.0000
v 5500.0000 752.3983 4200.0000
v 5500.0000 0.0000 4200.0000
v 5500.0000 -752.3983 4200.0000
v 5500.0000 -1504.7966 4200.0000
v 5500.0000 -2257.1949 4200.0000
v 5500.0000 -3009.5931 4200.0000
v 5500.0000 -3761.9914 4200.0000
v 5500.0000 -4514.3897 4200.0000
v 5500.0000 -5266.7880 4200.0000
v 5500.0000 -6019.1863 4200.0000
v 5500.0000 -6771.5846 4200.0000
v 5500.0000 -7523.9829 4200.0000
v 5500.0000 -7483.9709 3984.4993
v 5500.0000 -7444.8195 3773.6339
v 5500.0000 -7406.5481 3567.5080
v 5500.0000 -7369.1774 3366.2334
v 5500.0000 -7332.7297 3169.9297
v 5500.0000 -7297.2290 2978.7263
v 5500.0000 -7262.4051 2792.7630
v 5500.0000 -7219.2758 2612.1918
v 5500.0000 -7164.0236 2437.1790
v 5500.0000 -7097.1114 2267.9068
v 5500.0000 -7018.8953 2104.5772
v 5500.0000 -6929.6310 1947.4146
v 5500.0000 -6829.4751 1796.6714
v 5500.0000 -6718.4789 1652.6336
v 5500.0000 -6596.5754 1515.6292
v 5500.0000 -6463.5536 1386.0397
v 5500.0000 -6319.0160 1264.3165
v 5500.0000 -6162.3041 1151.0054
v 5500.0000 -5992.3660 1046.7846
v 5500.0000 -5807.5002 952.5294
v 5500.0000 -5604.8026 869.4323
v 5500.0000 -5378.7329 799.2604
v 5500.0000 -5115.9400 745.0716
v 5500.0000 -4725.4108 715.4348
v 6000.0000 0.0000 679.7045
v 6000.0000 4817.6472 679.7045
v 6000.0000 5207.3368 709.6453
v 6000.0000 5469.4778 764.3897
v 6000.0000 5694.8765 835.2811
v 6000.0000 5896.8427 919.2303
v 6000.0000 6080.8932 1014.4520
v 6000.0000 6249.9146 1119.7415
v 6000.0000 6405.5925 1234.2145
v 6000.0000 6548.9639 1357.1857
v 6000.0000 6680.6716 1488.1040
v 6000.0000 6801.0968 1626.5133
v 6000.0000 6910.4324 1772.0280
v 6000.0000 7008.7251 1924.3169
v 6000.0000 7095.9004 2083.0910
v 6000.0000 7171.7747 2248.0954
v 6000.0000 7236.0604 2419.1032
v 6000.0000 7288.3632 2595.9107
v 6000.0000 7328.1734 2778.3334
v 6000.0000 7361.9393 2966.2035
v 6000.0000 7396.6563 3159.3675
v 6000.0000 7432.2994 3357.6840
v 6000.0000 7468.8451 3561.0226
v 6000.0000 7506.2716 3769.2620
v 6000.0000 7544.5587 3982.2896
v 6000.0000 7583.6875 4200.0000
v 6000.0000 6825.3187 4200.0000
v 6000.0000 6066.9500 4200.0000
v 6000.0000 5308.5812 4200.0000
v 6000.0000 4550.2125 4200.0000
v 6000.0000 3791.8437 4200.0000
v 6000.0000 3033.4750 4200.0000
v 6000.0000 2275.1062 4200.0000
v 6000.0000 1516.7375 4200.0000
v 6000.0000 758.3687 4200.0000
v 6000.0000 0.0000 4200.0000
v 6000.0000 -758.3687 4200.0000
v 6000.0000 -1516.7375 4200.0000
v 6000.0000 -2275.1062 4200.0000
v 6000.0000 -3033.4750 4200.0000
v 6000.0000 -3791.8437 4200.0000
v 6000.0000 -4550.2125 4200.0000
v 6000.0000 -5308.5812 4200.0000
v 6000.0000 -6066.9500 4200.0000
v 6000.0000 -6825.3187 4200.0000
v 6000.0000 -7583.6875 4200.0000
v 6000.0000 -7544.5587 3982.2896
v 6000.0000 -7506.2716 3769.2620
v 6000.0000 -7468.8451 3561.0226
v 6000.0000 -7432.2994 3357.6840
v 6000.0000 -7396.6563 3159.3675
v 6000.0000 -7361.9393 2966.2035
v 6000.0000 -7328.1734 2778.3334
v 6000.0000 -7288.3632 2595.9107
v 6000.0000 -7236.0604 2419.1032
v 6000.0000 -7171.7747 2248.0954
v 6000.0000 -7095.9004 2083.0910
v 6000.0000 -7008.7251 1924.3169
v 6000.0000 -6910.4324 1772.0280
v 6000.0000 -6801.0968 1626.5133
v 6000.0000 -6680.6716 1488.1040
v 6000.0000 -6548.9639 1357.1857
v 6000.0000 -6405.5925 1234.2145
v 6000.0000 -6249.9146 1119.7415
v 6000.0000 -6080.8932 1014.4520
v 6000.0000 -5896.8427 919.2303
v 6000.0000 -5694.8765 835.2811
v 6000.0000 -5469.4778 764.3897
v 6000.0000 -5207.3368 709.6453
v 6000.0000 -4817.6472 679.7045
v 6500.0000 0.0000 644.5489
v 6500.0000 4909.0330 644.5489
v 6500.0000 5297.8192 674.7886
v 6500.0000 5559.2646 730.0797
v 6500.0000 5783.9529 801.6791
v 6500.0000 5985.1507 886.4667
v 6500.0000 6168.3503 982.6393
v 6500.0000 6336.4195 1088.9803
v 6500.0000 6491.0278 1204.5964
v 6500.0000 6633.1964 1328.7958
v 6500.0000 6763.5520 1461.0215
v 6500.0000 6882.4588 1600.8130
v 6500.0000 6990.0905 1747.7809
v 6500.0000 7086.4727 1901.5907
v 6500.0000 7171.5064 2061.9503
v 6500.0000 7244.9794 2228.6026
v 6500.0000 7306.5700 2401.3182
v 6500.0000 7355.8428 2579.8913
v 6500.0000 7392.5020 2764.1358
v 6500.0000 7425.4755 2953.8821
v 6500.0000 7459.3782 3148.9752
v 6500.0000 7494.1852 3349.2722
v 6500.0000 7529.8737 3554.6414
v 6500.0000 7566.4223 3764.9604
v 6500.0000 7603.8112 3980.1154
v 6500.0000 7642.0221 4200.0000
v 6500.0000 6877.8199 4200.0000
v 6500.0000 6113.6177 4200.0000
v 6500.0000 5349.4155 4200.0000
v 6500.0000 4585.2133 4200.0000
v 6500.0000 3821.0111 4200.0000
v 6500.0000 3056.8089 4200.0000
v 6500.0000 2292.6066 4200.0000
v 6500.0000 1528.4044 4200.0000
v 6500.0000 764.2022 4200.0000
v 6500.0000 0.0000 4200.0000
v 6500.0000 -764.2022 4200.0000
v 6500.0000 -1528.4044 4200.0000
v 6500.0000 -2292.6066 4200.0000
v 6500.0000 -3056.8089 4200.0000
v 6500.0000 -3821.0111 4200.0000
v 6500.0000 -4585.2133 4200.0000
v 6500.0000 -5349.4155 4200.0000
v 6500.0000 -6113.6177 4200.0000
v 6500.0000 -6877.8199 4200.0000
v 6500.0000 -7642.0221 4200.0000
v 6500.0000 -7603.8112 3980.1154
v 6500.0000 -7566.4223 3764.9604
v 6500.0000 -7529.8737 3554.6414
v 6500.0000 -7494.1852 3349.2722
v 6500.0000 -7459.3782 3148.9752
v 6500.0000 -7425.4755 2953.8821
v 6500.0000 -7392.5020 2764.1358
v 6500.0000 -7355.8428 2579.8913
v 6500.0000 -7306.5700 2401.3182
v 6500.0000 -7244.9794 2228.6026
v 6500.0000 -7171.5064 2061.9503
v 6500.0000 -7086.4727 1901.5907
v 6500.0000 -6990.0905 1747.7809
v 6500.0000 -6882.4588 1600.8130
v 6500.0000 -6763.5520 1461.0215
v 6500.0000 -6633.1964 1328.7958
v 6500.0000 -6491.0278 1204.5964
v 6500.0000 -6336.4195 1088.9803
v 6500.0000 -6168.3503 982.6393
v 6500.0000 -5985.1507 886.4667
v 6500.0000 -5783.9529 801.6791
v 6500.0000 -5559.2646 730.0797
v 6500.0000 -5297.8192 674.7886
v 6500.0000 -4909.0330 644.5489
v 6950.0000 0.0000 613.0000
v 6950.0000 4991.0000 613.0000
v 6950.0000 5378.9524 643.5081
v 6950.0000 5639.7563 699.2898
v 6950.0000 5863.7908 771.5245
v 6950.0000 6064.2822 857.0644
v 6950.0000 6246.7003 954.0904
v 6950.0000 6413.8955 1061.3750
v 6950.0000 6567.5223 1178.0171
v 6950.0000 6708.5873 1303.3185
v 6950.0000 6837.7023 1436.7175
v 6950.0000 6955.2153 1577.7494
v 6950.0000 7061.2822 1726.0215
v 6950.0000 7155.9086 1881.1960
v 6950.0000 7238.9720 2042.9786
v 6950.0000 7310.2330 2211.1096
v 6950.0000 7369.3372 2385.3578
v 6950.0000 7415.8095 2565.5155
v 6950.0000 7450.0269 2751.3948
v 6950.0000 7482.2674 2942.8248
v 6950.0000 7515.4164 3139.6490
v 6950.0000 7549.4496 3341.7234
v 6950.0000 7584.3447 3548.9149
v 6950.0000 7620.0808 3761.1001
v 6950.0000 7656.6386 3978.1643
v 6950.0000 7694.0000 4200.0000
v 6950.0000 6924.6000 4200.0000
v 6950.0000 6155.2000 4200.0000
v 6950.0000 5385.8000 4200.0000
v 6950.0000 4616.4000 4200.0000
v 6950.0000 3847.0000 4200.0000
v 6950.0000 3077.6000 4200.0000
v 6950.0000 2308.2000 4200.0000
v 6950.0000 1538.8000 4200.0000
v 6950.0000 769.4000 4200.0000
v 6950.0000 0.0000 4200.0000
v 6950.0000 -769.4000 4200.0000
v 6950.0000 -1538.8000 4200.0000
v 6950.0000 -2308.2000 4200.0000
v 6950.0000 -3077.6000 4200.0000
v 6950.0000 -3847.0000 4200.0000
v 6950.0000 -4616.4000 4200.0000
v 6950.0000 -5385.8000 4200.0000
v 6950.0000 -6155.2000 4200.0000
v 6950.0000 -6924.6000 4200.0000
v 6950.0000 -7694.0000 4200.0000
v 6950.0000 -7656.6386 3978.1643
v 6950.0000 -7620.0808 3761.1001
v 6950.0000 -7584.3447 3548.9149
v 6950.0000 -7549.4496 3341.7234
v 6950.0000 -7515.4164 3139.6490
v 6950.0000 -7482.2674 2942.8248
v 6950.0000 -7450.0269 2751.3948
v 6950.0000 -7415.8095 2565.5155
v 6950.0000 -7369.3372 2385.3578
v 6950.0000 -7310.2330 2211.1096
v 6950.0000 -7238.9720 2042.9786
v 6950.0000 -7155.9086 1881.1960
v 6950.0000 -7061.2822 1726.0215
v 6950.0000 -6955.2153 1577.7494
v 6950.0000 -6837.7023 1436.7175
v 6950.0000 -6708.5873 1303.3185
v 6950.0000 -6567.5223 1178.0171
v 6950.0000 -6413.8955 1061.3750
v 6950.0000 -6246.7003 954.0904
v 6950.0000 -6064.2822 857.0644
v 6950.0000 -5863.7908 771.5245
v 6950.0000 -5639.7563 699.2898
v 6950.0000 -5378.9524 643.5081
v 6950.0000 -4991.0000 613.0000
v 7000.0000 0.0000 609.4782
v 7000.0000 5000.1221 609.4782
v 7000.0000 5387.9839 640.0162
v 7000.0000 5648.7180 695.8527
v 7000.0000 5872.6809 768.1583
v 7000.0000 6073.0948 853.7822
v 7000.0000 6255.4267 950.9035
v 7000.0000 6422.5254 1058.2934
v 7000.0000 6576.0435 1175.0500
v 7000.0000 6716.9861 1300.4744
v 7000.0000 6845.9632 1434.0044
v 7000.0000 6963.3209 1575.1748
v 7000.0000 7069.2134 1723.5924
v 7000.0000 7163.6436 1878.9193
v 7000.0000 7246.4867 2040.8608
v 7000.0000 7317.5000 2209.1569
v 7000.0000 7376.3253 2383.5761
v 7000.0000 7422.4831 2563.9107
v 7000.0000 7456.4531 2749.9725
v 7000.0000 7488.6112 2941.5905
v 7000.0000 7521.6754 3138.6079
v 7000.0000 7555.6216 3340.8807
v 7000.0000 7590.4274 3548.2756
v 7000.0000 7626.0721 3760.6692
v 7000.0000 7662.5364 3977.9465
v 7000.0000 7699.8023 4200.0000
v 7000.0000 6929.8221 4200.0000
v 7000.0000 6159.8419 4200.0000
v 7000.0000 5389.8616 4200.0000
v 7000.0000 4619.8814 4200.0000
v 7000.0000 3849.9012 4200.0000
v 7000.0000 3079.9209 4200.0000
v 7000.0000 2309.9407 4200.0000
v 7000.0000 1539.9605 4200.0000
v 7000.0000 769.9802 4200.0000
v 7000.0000 0.0000 4200.0000
v 7000.0000 -769.9802 4200.0000
v 7000.0000 -1539.9605 4200.0000
v 7000.0000 -2309.9407 4200.0000
v 7000.0000 -3079.9209 4200.0000
v 7000.0000 -3849.9012 4200.0000
v 7000.0000 -4619.8814 4200.0000
v 7000.0000 -5389.8616 4200.0000
v 7000.0000 -6159.8419 4200.0000
v 7000.0000 -6929.8221 4200.0000
v 7000.0000 -7699.8023 4200.0000
v 7000.0000 -7662.5364 3977.9465
v 7000.0000 -7626.0721 3760.6692
v 7000.0000 -7590.4274 3548.2756
v 7000.0000 -7555.6216 3340.8807
v 7000.0000 -7521.6754 3138.6079
v 7000.0000 -7488.6112 2941.5905
v 7000.0000 -7456.4531 2749.9725
v 7000.0000 -7422.4831 2563.9107
v 7000.0000 -7376.3253 2383.5761
v 7000.0000 -7317.5000 2209.1569
v 7000.0000 -7246.4867 2040.8608
v 7000.0000 -7163.6436 1878.9193
v 7000.0000 -7069.2134 1723.5924
v 7000.0000 -6963.3209 1575.1748
v 7000.0000 -6845.9632 1434.0044
v 7000.0000 -6716.9861 1300.4744
v 7000.0000 -6576.0435 1175.0500
v 7000.0000 -6422.5254 1058.2934
v 7000.0000 -6255.4267 950.9035
v 7000.0000 -6073.0948 853.7822
v 7000.0000 -5872.6809 768.1583
v 7000.0000 -5648.7180 695.8527
v 7000.0000 -5387.9839 640.0162
v 7000.0000 -5000.1221 609.4782
v 7500.0000 0.0000 573.6352
v 7500.0000 5092.5441 573.6352
v 7500.0000 5479.6871 604.4780
v 7500.0000 5739.8494 660.8719
v 7500.0000 5963.2083 733.8994
v 7500.0000 6162.9486 820.3780
v 7500.0000 6344.5151 918.4688
v 7500.0000 6510.7390 1026.9308
v 7500.0000 6663.2570 1144.8529
v 7500.0000 6803.0584 1271.5294
v 7500.0000 6930.7367 1406.3924
v 7500.0000 7046.6199 1548.9720
v 7500.0000 7150.8422 1698.8713
v 7500.0000 7243.3837 1855.7487
v 7500.0000 7324.0925 2019.3068
v 7500.0000 7392.6946 2189.2829
v 7500.0000 7448.7936 2365.4434
v 7500.0000 7491.8631 2547.5782
v 7500.0000 7523.6634 2735.4974
v 7500.0000 7554.9839 2929.0282
v 7500.0000 7587.1869 3128.0124
v 7500.0000 7620.2489 3332.3044
v 7500.0000 7654.1482 3541.7696
v 7500.0000 7688.8645 3756.2835
v 7500.0000 7724.3790 3975.7298
v 7500.0000 7760.6742 4200.0000
v 7500.0000 6984.6068 4200.0000
v 7500.0000 6208.5394 4200.0000
v 7500.0000 5432.4720 4200.0000
v 7500.0000 4656.4045 4200.0000
v 7500.0000 3880.3371 4200.0000
v 7500.0000 3104.2697 4200.0000
v 7500.0000 2328.2023 4200.0000
v 7500.0000 1552.1348 4200.0000
v 7500.0000 776.0674 4200.0000
v 7500.0000 0.0000 4200.0000
v 7500.0000 -776.0674 4200.0000
v 7500.0000 -1552.1348 4200.0000
v 7500.0000 -2328.2023 4200.0000
v 7500.0000 -3104.2697 4200.0000
v 7500.0000 -3880.3371 4200.0000
v 7500.0000 -4656.4045 4200.0000
v 7500.0000 -5432.4720 4200.0000
v 7500.0000 -6208.5394 4200.0000
v 7500.0000 -6984.6068 4200.0000
v 7500.0000 -7760.6742 4200.0000
v 7500.0000 -7724.3790 3975.7298
v 7500.0000 -7688.8645 3756.2835
v 7500.0000 -7654.1482 3541.7696
v 7500.0000 -7620.2489 3332.3044
v 7500.0000 -7587.1869 3128.0124
v 7500.0000 -7554.9839 2929.0282
v 7500.0000 -7523.6634 2735.4974
v 7500.0000 -7491.8631 2547.5782
v 7500.0000 -7448.7936 2365.4434
v 7500.0000 -7392.6946 2189.2829
v 7500.0000 -7324.0925 2019.3068
v 7500.0000 -7243.3837 1855.7487
v 7500.0000 -7150.8422 1698.8713
v 7500.0000 -7046.6199 1548.9720
v 7500.0000 -6930.7367 1406.3924
v 7500.0000 -6803.0584 1271.5294
v 7500.0000 -6663.2570 1144.8529
v 7500.0000 -6510.7390 1026.9308
v 7500.0000 -6344.5151 918.4688
v 7500.0000 -6162.9486 820.3780
v 7500.0000 -5963.2083 733.8994
v 7500.0000 -5739.8494 660.8719
v 7500.0000 -5479.6871 604.4780
v 7500.0000 -5092.5441 573.6352
v 8000.0000 0.0000 537.3170
v 8000.0000 5185.9893 537.3170
v 8000.0000 5572.6125 568.4687
v 8000.0000 5832.3388 625.4274
v 8000.0000 6055.2125 699.1862
v 8000.0000 6254.3882 786.5310
v 8000.0000 6435.2913 885.6041
v 8000.0000 6600.7371 995.1523
v 8000.0000 6752.3474 1114.2555
v 8000.0000 6891.0958 1242.2006
v 8000.0000 7017.5599 1378.4143
v 8000.0000 7132.0498 1522.4219
v 8000.0000 7234.6791 1673.8224
v 8000.0000 7325.4049 1832.2710
v 8000.0000 7404.0480 1997.4671
v 8000.0000 7470.3016 2169.1455
v 8000.0000 7523.7299 2347.0702
v 8000.0000 7563.7578 2531.0291
v 8000.0000 7593.8536 2720.8303
v 8000.0000 7624.3091 2916.2994
v 8000.0000 7655.6229 3117.2764
v 8000.0000 7687.7719 3323.6144
v 8000.0000 7720.7351 3535.1774
v 8000.0000 7754.4927 3751.8397
v 8000.0000 7789.0265 3973.4837
v 8000.0000 7824.3195 4200.0000
v 8000.0000 7041.8875 4200.0000
v 8000.0000 6259.4556 4200.0000
v 8000.0000 5477.0236 4200.0000
v 8000.0000 4694.5917 4200.0000
v 8000.0000 3912.1597 4200.0000
v 8000.0000 3129.7278 4200.0000
v 8000.0000 2347.2958 4200.0000
v 8000.0000 1564.8639 4200.0000
v 8000.0000 782.4319 4200.0000
v 8000.0000 0.0000 4200.0000
v 8000.0000 -782.4319 4200.0000
v 8000.0000 -1564.8639 4200.0000
v 8000.0000 -2347.2958 4200.0000
v 8000.0000 -3129.7278 4200.0000
v 8000.0000 -3912.1597 4200.0000
v 8000.0000 -4694.5917 4200.0000
v 8000.0000 -5477.0236 4200.0000
v 8000.0000 -6259.4556 4200.0000
v 8000.0000 -7041.8875 4200.0000
v 8000.0000 -7824.3195 4200.0000
v 8000.0000 -7789.0265 3973.4837
v 8000.0000 -7754.4927 3751.8397
v 8000.0000 -7720.7351 3535.1774
v 8000.0000 -7687.7719 3323.6144
v 8000.0000 -7655.6229 3117.2764
v 8000.0000 -7624.3091 2916.2994
v 8000.0000 -7593.8536 2720.8303
v 8000.0000 -7563.7578 2531.0291
v 8000.0000 -7523.7299 2347.0702
v 8000.0000 -7470.3016 2169.1455
v 8000.0000 -7404.0480 1997.4671
v 8000.0000 -7325.4049 1832.2710
v 8000.0000 -7234.6791 1673.8224
v 8000.0000 -7132.0498 1522.4219
v 8000.0000 -7017.5599 1378.4143
v 8000.0000 -6891.0958 1242.2006
v 8000.0000 -6752.3474 1114.2555
v 8000.0000 -6600.7371 995.1523
v 8000.0000 -6435.2913 885.6041
v 8000.0000 -6254.3882 786.5310
v 8000.0000 -6055.2125 699.1862
v 8000.0000 -5832.3388 625.4274
v 8000.0000 -5572.6125 568.4687
v 8000.0000 -5185.9893 537.3170
v 8500.0000 0.0000 501.4673
v 8500.0000 5278.7994 501.4673
v 8500.0000 5664.8989 532.9239
v 8500.0000 5924.1863 590.4401
v 8500.0000 6146.5723 664.9209
v 8500.0000 6345.1809 753.1205
v 8500.0000 6525.4180 853.1634
v 8500.0000 6690.0827 963.7838
v 8500.0000 6840.7814 1084.0527
v 8500.0000 6978.4724 1213.2502
v 8500.0000 7103.7165 1350.7971
v 8500.0000 7216.8052 1496.2142
v 8500.0000 7317.8316 1649.0966
v 8500.0000 7406.7283 1809.0960
v 8500.0000 7483.2877 1975.9091
v 8500.0000 7547.1688 2149.2679
v 8500.0000 7597.8940 2328.9340
v 8500.0000 7634.8364 2514.6935
v 8500.0000 7663.6150 2706.3525
v 8500.0000 7693.1746 2903.7347
v 8500.0000 7723.5671 3106.6789
v 8500.0000 7754.7703 3315.0364
v 8500.0000 7786.7637 3528.6703
v 8500.0000 7819.5282 3747.4531
v 8500.0000 7853.0460 3971.2666
v 8500.0000 7887.3007 4200.0000
v 8500.0000 7098.5706 4200.0000
v 8500.0000 6309.8405 4200.0000
v 8500.0000 5521.1105 4200.0000
v 8500.0000 4732.3804 4200.0000
v 8500.0000 3943.6503 4200.0000
v 8500.0000 3154.9203 4200.0000
v 8500.0000 2366.1902 4200.0000
v 8500.0000 1577.4601 4200.0000
v 8500.0000 788.7301 4200.0000
v 8500.0000 0.0000 4200.0000
v 8500.0000 -788.7301 4200.0000
v 8500.0000 -1577.4601 4200.0000
v 8500.0000 -2366.1902 4200.0000
v 8500.0000 -3154.9203 4200.0000
v 8500.0000 -3943.6503 4200.0000
v 8500.0000 -4732.3804 4200.0000
v 8500.0000 -5521.1105 4200.0000
v 8500.0000 -6309.8405 4200.0000
v 8500.0000 -7098.5706 4200.0000
v 8500.0000 -7887.3007 4200.0000
v 8500.0000 -7853.0460 3971.2666
v 8500.0000 -7819.5282 3747.4531
v 8500.0000 -7786.7637 3528.6703
v 8500.0000 -7754.7703 3315.0364
v 8500.0000 -7723.5671 3106.6789
v 8500.0000 -7693.1746 2903.7347
v 8500.0000 -7663.6150 2706.3525
v 8500.0000 -7634.8364 2514.6935
v 8500.0000 -7597.8940 2328.9340
v 8500.0000 -7547.1688 2149.2679
v 8500.0000 -7483.2877 1975.9091
v 8500.0000 -7406.7283 1809.0960
v 8500.0000 -7317.8316 1649.0966
v 8500.0000 -7216.8052 1496.2142
v 8500.0000 -7103.7165 1350.7971
v 8500.0000 -6978.4724 1213.2502
v 8500.0000 -6840.7814 1084.0527
v 8500.0000 -6690.0827 963.7838
v 8500.0000 -6525.4180 853.1634
v 8500.0000 -6345.1809 753.1205
v 8500.0000 -6146.5723 664.9209
v 8500.0000 -5924.1863 590.4401
v 8500.0000 -5664.8989 532.9239
v 8500.0000 -5278.7994 501.4673
v 9000.0000 0.0000 467.0297
v 9000.0000 5369.3163 467.0297
v 9000.0000 5754.6812 498.7793
v 9000.0000 6013.3858 556.8310
v 9000.0000 6235.1576 632.0052
v 9000.0000 6433.0825 721.0262
v 9000.0000 6612.5436 822.0005
v 9000.0000 6776.3217 933.6510
v 9000.0000 6926.0064 1055.0397
v 9000.0000 7062.5394 1185.4402
v 9000.0000 7186.4634 1324.2677
v 9000.0000 7298.0508 1471.0389
v 9000.0000 7397.3720 1625.3448
v 9000.0000 7484.3343 1786.8340
v 9000.0000 7558.6994 1955.2002
v 9000.0000 7620.0898 2130.1732
v 9000.0000 7667.9829 2311.5123
v 9000.0000 7701.7289 2499.0014
v 9000.0000 7729.5288 2692.4449
v 9000.0000 7758.1589 2891.6650
v 9000.0000 7787.5957 3096.4988
v 9000.0000 7817.8177 3306.7964
v 9000.0000 7848.8050 3522.4194
v 9000.0000 7880.5392 3743.2394
v 9000.0000 7913.0031 3969.1368
v 9000.0000 7946.1806 4200.0000
v 9000.0000 7151.5625 4200.0000
v 9000.0000 6356.9444 4200.0000
v 9000.0000 5562.3264 4200.0000
v 9000.0000 4767.7083 4200.0000
v 9000.0000 3973.0903 4200.0000
v 9000.0000 3178.4722 4200.0000
v 9000.0000 2383.8542 4200.0000
v 9000.0000 1589.2361 4200.0000
v 9000.0000 794.6181 4200.0000
v 9000.0000 0.0000 4200.0000
v 9000.0000 -794.6181 4200.0000
v 9000.0000 -1589.2361 4200.0000
v 9000.0000 -2383.8542 4200.0000
v 9000.0000 -3178.4722 4200.0000
v 9000.0000 -3973.0903 4200.0000
v 9000.0000 -4767.7083 4200.0000
v 9000.0000 -5562.3264 4200.0000
v 9000.0000 -6356.9444 4200.0000
v 9000.0000 -7151.5625 4200.0000
v 9000.0000 -7946.1806 4200.0000
v 9000.0000 -7913.0031 3969.1368
v 9000.0000 -7880.5392 3743.2394
v 9000.0000 -7848.8050 3522.4194
v 9000.0000 -7817.8177 3306.7964
v 9000.0000 -7787.5957 3096.4988
v 9000.0000 -7758.1589 2891.6650
v 9000.0000 -7729.5288 2692.4449
v 9000.0000 -7701.7289 2499.0014
v 9000.0000 -7667.9829 2311.5123
v 9000.0000 -7620.0898 2130.1732
v 9000.0000 -7558.6994 1955.2002
v 9000.0000 -7484.3343 1786.8340
v 9000.0000 -7397.3720 1625.3448
v 9000.0000 -7298.0508 1471.0389
v 9000.0000 -7186.4634 1324.2677
v 9000.0000 -7062.5394 1185.4402
v 9000.0000 -6926.0064 1055.0397
v 9000.0000 -6776.3217 933.6510
v 9000.0000 -6612.5436 822.0005
v 9000.0000 -6433.0825 721.0262
v 9000.0000 -6235.1576 632.0052
v 9000.0000 -6013.3858 556.8310
v 9000.0000 -5754.6812 498.7793
v 9000.0000 -5369.3163 467.0297
v 9500.0000 0.0000 434.9480
v 9500.0000 5455.8816 434.9480
v 9500.0000 5840.0904 466.9704
v 9500.0000 6097.9245 525.5211
v 9500.0000 6318.8293 601.3414
v 9500.0000 6515.8375 691.1273
v 9500.0000 6694.3025 792.9695
v 9500.0000 6856.9830 905.5795
v 9500.0000 7005.4494 1028.0115
v 9500.0000 7140.6240 1159.5326
v 9500.0000 7263.0302 1299.5533
v 9500.0000 7372.9186 1447.5857
v 9500.0000 7470.3357 1603.2178
v 9500.0000 7555.1603 1766.0949
v 9500.0000 7627.1212 1935.9081
v 9500.0000 7685.8006 2112.3848
v 9500.0000 7730.6263 2295.2823
v 9500.0000 7761.3023 2484.3827
v 9500.0000 7788.1660 2679.4888
v 9500.0000 7815.8319 2880.4210
v 9500.0000 7844.2774 3087.0152
v 9500.0000 7873.4817 3299.1201
v 9500.0000 7903.4254 3516.5962
v 9500.0000 7934.0909 3739.3139
v 9500.0000 7965.4616 3967.1527
v 9500.0000 7997.5218 4200.0000
v 9500.0000 7197.7696 4200.0000
v 9500.0000 6398.0174 4200.0000
v 9500.0000 5598.2652 4200.0000
v 9500.0000 4798.5131 4200.0000
v 9500.0000 3998.7609 4200.0000
v 9500.0000 3199.0087 4200.0000
v 9500.0000 2399.2565 4200.0000
v 9500.0000 1599.5044 4200.0000
v 9500.0000 799.7522 4200.0000
v 9500.0000 0.0000 4200.0000
v 9500.0000 -799.7522 4200.0000
v 9500.0000 -1599.5044 4200.0000
v 9500.0000 -2399.2565 4200.0000
v 9500.0000 -3199.0087 4200.0000
v 9500.0000 -3998.7609 4200.0000
v 9500.0000 -4798.5131 4200.0000
v 9500.0000 -5598.2652 4200.0000
v 9500.0000 -6398.0174 4200.0000
v 9500.0000 -7197.7696 4200.0000
v 9500.0000 -7997.5218 4200.0000
v 9500.0000 -7965.4616 3967.1527
v 9500.0000 -7934.0909 3739.3139
v 9500.0000 -7903.4254 3516.5962
v 9500.0000 -7873.4817 3299.1201
v 9500.0000 -7844.2774 3087.0152
v 9500.0000 -7815.8319 2880.4210
v 9500.0000 -7788.1660 2679.4888
v 9500.0000 -7761.3023 2484.3827
v 9500.0000 -7730.6263 2295.2823
v 9500.0000 -7685.8006 2112.3848
v 9500.0000 -7627.1212 1935.9081
v 9500.0000 -7555.1603 1766.0949
v 9500.0000 -7470.3357 1603.2178
v 9500.0000 -7372.9186 1447.5857
v 9500.0000 -7263.0302 1299.5533
v 9500.0000 -7140.6240 1159.5326
v 9500.0000 -7005.4494 1028.0115
v 9500.0000 -6856.9830 905.5795
v 9500.0000 -6694.3025 792.9695
v 9500.0000 -6515.8375 691.1273
v 9500.0000 -6318.8293 601.3414
v 9500.0000 -6097.9245 525.5211
v 9500.0000 -5840.0904 466.9704
v 9500.0000 -5455.8816 434.9480
v 10000.0000 0.0000 406.1658
v 10000.0000 5536.8372 406.1658
v 10000.0000 5919.2535 438.4330
v 10000.0000 6175.7824 497.4312
v 10000.0000 6395.4380 573.8311
v 10000.0000 6591.1769 664.3035
v 10000.0000 6768.3128 766.9242
v 10000.0000 6929.5762 880.3951
v 10000.0000 7076.5140 1003.7630
v 10000.0000 7210.0266 1136.2895
v 10000.0000 7330.6146 1277.3806
v 10000.0000 7438.5043 1426.5447
v 10000.0000 7533.7150 1583.3665
v 10000.0000 7616.0942 1747.4887
v 10000.0000 7685.3334 1918.6001
v 10000.0000 7740.9693 2096.4259
v 10000.0000 7782.3738 2280.7216
v 10000.0000 7810.1935 2471.2676
v 10000.0000 7836.0876 2667.8651
v 10000.0000 7862.7550 2870.3334
v 10000.0000 7890.1737 3078.5069
v 10000.0000 7918.3239 3292.2333
v 10000.0000 7947.1869 3511.3719
v 10000.0000 7976.7456 3735.7922
v 10000.0000 8006.9839 3965.3727
v 10000.0000 8037.8869 4200.0000
v 10000.0000 7234.0983 4200.0000
v 10000.0000 6430.3096 4200.0000
v 10000.0000 5626.5209 4200.0000
v 10000.0000 4822.7322 4200.0000
v 10000.0000 4018.9435 4200.0000
v 10000.0000 3215.1548 4200.0000
v 10000.0000 2411.3661 4200.0000
v 10000.0000 1607.5774 4200.0000
v 10000.0000 803.7887 4200.0000
v 10000.0000 0.0000 4200.0000
v 10000.0000 -803.7887 4200.0000
v 10000.0000 -1607.5774 4200.0000
v 10000.0000 -2411.3661 4200.0000
v 10000.0000 -3215.1548 4200.0000
v 10000.0000 -4018.9435 4200.0000
v 10000.0000 -4822.7322 4200.0000
v 10000.0000 -5626.5209 4200.0000
v 10000.0000 -6430.3096 4200.0000
v 10000.0000 -7234.0983 4200.0000
v 10000.0000 -8037.8869 4200.0000
v 10000.0000 -8006.9839 3965.3727
v 10000.0000 -7976.7456 3735.7922
v 10000.0000 -7947.1869 3511.3719
v 10000.0000 -7918.3239 3292.2333
v 10000.0000 -7890.1737 3078.5069
v 10000.0000 -7862.7550 2870.3334
v 10000.0000 -7836.0876 2667.8651
v 10000.0000 -7810.1935 2471.2676
v 10000.0000 -7782.3738 2280.7216
v 10000.0000 -7740.9693 2096.4259
v 10000.0000 -7685.3334 1918.6001
v 10000.0000 -7616.0942 1747.4887
v 10000.0000 -7533.7150 1583.3665
v 10000.0000 -7438.5043 1426.5447
v 10000.0000 -7330.6146 1277.3806
v 10000.0000 -7210.0266 1136.2895
v 10000.0000 -7076.5140 1003.7630
v 10000.0000 -6929.5762 880.3951
v 10000.0000 -6768.3128 766.9242
v 10000.0000 -6591.1769 664.3035
v 10000.0000 -6395.4380 573.8311
v 10000.0000 -6175.7824 497.4312
v 10000.0000 -5919.2535 438.4330
v 10000.0000 -5536.8372 406.1658
v 10425.0000 0.0000 385.0000
v 10425.0000 5600.0000 385.0000
v 10425.0000 5980.2284 417.4472
v 10425.0000 6235.1938 476.7746
v 10425.0000 6453.3879 553.6008
v 10425.0000 6647.6788 644.5779
v 10425.0000 6823.3357 747.7711
v 10425.0000 6983.0593 861.8750
v 10425.0000 7128.3721 985.9312
v 10425.0000 7260.1521 1119.1971
v 10425.0000 7378.8777 1261.0753
v 10425.0000 7484.7519 1411.0716
v 10425.0000 7577.7673 1568.7683
v 10425.0000 7657.7414 1733.8062
v 10425.0000 7724.3293 1905.8722
v 10425.0000 7777.0240 2084.6901
v 10425.0000 7815.1421 2270.0139
v 10425.0000 7840.7754 2461.6230
v 10425.0000 7865.8201 2659.3173
v 10425.0000 7891.6127 2862.9152
v 10425.0000 7918.1321 3072.2501
v 10425.0000 7945.3589 3287.1688
v 10425.0000 7973.2751 3507.5300
v 10425.0000 8001.8642 3733.2024
v 10425.0000 8031.1106 3964.0637
v 10425.0000 8061.0000 4200.0000
v 10425.0000 7254.9000 4200.0000
v 10425.0000 6448.8000 4200.0000
v 10425.0000 5642.7000 4200.0000
v 10425.0000 4836.6000 4200.0000
v 10425.0000 4030.5000 4200.0000
v 10425.0000 3224.4000 4200.0000
v 10425.0000 2418.3000 4200.0000
v 10425.0000 1612.2000 4200.0000
v 10425.0000 806.1000 4200.0000
v 10425.0000 0.0000 4200.0000
v 10425.0000 -806.1000 4200.0000
v 10425.0000 -1612.2000 4200.0000
v 10425.0000 -2418.3000 4200.0000
v 10425.0000 -3224.4000 4200.0000
v 10425.0000 -4030.5000 4200.0000
v 10425.0000 -4836.6000 4200.0000
v 10425.0000 -5642.7000 4200.0000
v 10425.0000 -6448.8000 4200.0000
v 10425.0000 -7254.9000 4200.0000
v 10425.0000 -8061.0000 4200.0000
v 10425.0000 -8031.1106 3964.0637
v 10425.0000 -8001.8642 3733.2024
v 10425.0000 -7973.2751 3507.5300
v 10425.0000 -7945.3589 3287.1688
v 10425.0000 -7918.1321 3072.2501
v 10425.0000 -7891.6127 2862.9152
v 10425.0000 -7865.8201 2659.3173
v 10425.0000 -7840.7754 2461.6230
v 10425.0000 -7815.1421 2270.0139
v 10425.0000 -7777.0240 2084.6901
v 10425.0000 -7724.3293 1905.8722
v 10425.0000 -7657.7414 1733.8062
v 10425.0000 -7577.7673 1568.7683
v 10425.0000 -7484.7519 1411.0716
v 10425.0000 -7378.8777 1261.0753
v 10425.0000 -7260.1521 1119.1971
v 10425.0000 -7128.3721 985.9312
v 10425.0000 -6983.0593 861.8750
v 10425.0000 -6823.3357 747.7711
v 10425.0000 -6647.6788 644.5779
v 10425.0000 -6453.3879 553.6008
v 10425.0000 -6235.1938 476.7746
v 10425.0000 -5980.2284 417.4472
v 10425.0000 -5600.0000 385.0000
v 10500.0000 0.0000 381.5980
v 10500.0000 5610.5770 381.5980
v 10500.0000 5990.3571 414.0742
v 10500.0000 6245.0042 473.4545
v 10500.0000 6462.9030 550.3492
v 10500.0000 6656.9039 641.4074
v 10500.0000 6832.2673 744.6926
v 10500.0000 6991.6880 858.8983
v 10500.0000 7136.6837 983.0651
v 10500.0000 7268.1283 1116.4498
v 10500.0000 7386.4960 1258.4546
v 10500.0000 7491.9851 1408.5847
v 10500.0000 7584.5836 1566.4220
v 10500.0000 7664.1029 1731.6070
v 10500.0000 7730.1917 1903.8264
v 10500.0000 7782.3344 2082.8038
v 10500.0000 7819.8372 2268.2929
v 10500.0000 7845.1195 2460.0728
v 10500.0000 7870.0109 2657.9435
v 10500.0000 7895.6456 2861.7229
v 10500.0000 7922.0026 3071.2444
v 10500.0000 7949.0627 3286.3548
v 10500.0000 7976.8080 3506.9125
v 10500.0000 8005.2220 3732.7861
v 10500.0000 8034.2894 3963.8534
v 10500.0000 8063.9958 4200.0000
v 10500.0000 7257.5962 4200.0000
v 10500.0000 6451.1966 4200.0000
v 10500.0000 5644.7970 4200.0000
v 10500.0000 4838.3975 4200.0000
v 10500.0000 4031.9979 4200.0000
v 10500.0000 3225.5983 4200.0000
v 10500.0000 2419.1987 4200.0000
v 10500.0000 1612.7992 4200.0000
v 10500.0000 806.3996 4200.0000
v 10500.0000 0.0000 4200.0000
v 10500.0000 -806.3996 4200.0000
v 10500.0000 -1612.7992 4200.0000
v 10500.0000 -2419.1987 4200.0000
v 10500.0000 -3225.5983 4200.0000
v 10500.0000 -4031.9979 4200.0000
v 10500.0000 -4838.3975 4200.0000
v 10500.0000 -5644.7970 4200.0000
v 10500.0000 -6451.1966 4200.0000
v 10500.0000 -7257.5962 4200.0000
v 10500.0000 -8063.9958 4200.0000
v 10500.0000 -8034.2894 3963.8534
v 10500.0000 -8005.2220 3732.7861
v 10500.0000 -7976.8080 3506.9125
v 10500.0000 -7949.0627 3286.3548
v 10500.0000 -7922.0026 3071.2444
v 10500.0000 -7895.6456 2861.7229
v 10500.0000 -7870.0109 2657.9435
v 10500.0000 -7845.1195 2460.0728
v 10500.0000 -7819.8372 2268.2929
v 10500.0000 -7782.3344 2082.8038
v 10500.0000 -7730.1917 1903.8264
v 10500.0000 -7664.1029 1731.6070
v 10500.0000 -7584.5836 1566.4220
v 10500.0000 -7491.9851 1408.5847
v 10500.0000 -7386.4960 1258.4546
v 10500.0000 -7268.1283 1116.4498
v 10500.0000 -7136.6837 983.0651
v 10500.0000 -6991.6880 858.8983
v 10500.0000 -6832.2673 744.6926
v 10500.0000 -6656.9039 641.4074
v 10500.0000 -6462.9030 550.3492
v 10500.0000 -6245.0042 473.4545
v 10500.0000 -5990.3571 414.0742
v 10500.0000 -5610.5770 381.5980
v 10980.0000 0.0000 361.0917
v 10980.0000 5676.1560 361.0917
v 10980.0000 6053.0924 393.7423
v 10980.0000 6305.7215 453.4415
v 10980.0000 6521.7509 530.7491
v 10980.0000 6713.9176 622.2964
v 10980.0000 6887.4264 726.1363
v 10980.0000 7044.9348 840.9553
v 10980.0000 7187.9309 965.7889
v 10980.0000 7317.2614 1099.8900
v 10980.0000 7433.3739 1242.6573
v 10980.0000 7536.4381 1393.5937
v 10980.0000 7626.4104 1552.2786
v 10980.0000 7703.0656 1718.3508
v 10980.0000 7766.0081 1891.4951
v 10980.0000 7814.6686 2071.4336
v 10980.0000 7848.2848 2257.9189
v 10980.0000 7871.6756 2450.7287
v 10980.0000 7895.5252 2649.6620
v 10980.0000 7920.0870 2854.5358
v 10980.0000 7945.3409 3065.1825
v 10980.0000 7971.2684 3281.4482
v 10980.0000 7997.8525 3503.1904
v 10980.0000 8025.0773 3730.2770
v 10980.0000 8052.9281 3962.5852
v 10980.0000 8081.3911 4200.0000
v 10980.0000 7273.2520 4200.0000
v 10980.0000 6465.1129 4200.0000
v 10980.0000 5656.9738 4200.0000
v 10980.0000 4848.8347 4200.0000
v 10980.0000 4040.6956 4200.0000
v 10980.0000 3232.5564 4200.0000
v 10980.0000 2424.4173 4200.0000
v 10980.0000 1616.2782 4200.0000
v 10980.0000 808.1391 4200.0000
v 10980.0000 0.0000 4200.0000
v 10980.0000 -808.1391 4200.0000
v 10980.0000 -1616.2782 4200.0000
v 10980.0000 -2424.4173 4200.0000
v 10980.0000 -3232.5564 4200.0000
v 10980.0000 -4040.6956 4200.0000
v 10980.0000 -4848.8347 4200.0000
v 10980.0000 -5656.9738 4200.0000
v 10980.0000 -6465.1129 4200.0000
v 10980.0000 -7273.2520 4200.0000
v 10980.0000 -8081.3911 4200.0000
v 10980.0000 -8052.9281 3962.5852
v 10980.0000 -8025.0773 3730.2770
v 10980.0000 -7997.8525 3503.1904
v 10980.0000 -7971.2684 3281.4482
v 10980.0000 -7945.3409 3065.1825
v 10980.0000 -7920.0870 2854.5358
v 10980.0000 -7895.5252 2649.6620
v 10980.0000 -7871.6756 2450.7287
v 10980.0000 -7848.2848 2257.9189
v 10980.0000 -7814.6686 2071.4336
v 10980.0000 -7766.0081 1891.4951
v 10980.0000 -7703.0656 1718.3508
v 10980.0000 -7626.4104 1552.2786
v 10980.0000 -7536.4381 1393.5937
v 10980.0000 -7433.3739 1242.6573
v 10980.0000 -7317.2614 1099.8900
v 10980.0000 -7187.9309 965.7889
v 10980.0000 -7044.9348 840.9553
v 10980.0000 -6887.4264 726.1363
v 10980.0000 -6713.9176 622.2964
v 10980.0000 -6521.7509 530.7491
v 10980.0000 -6305.7215 453.4415
v 10980.0000 -6053.0924 393.7423
v 10980.0000 -5676.1560 361.0917
v 11000.0000 0.0000 360.2814
v 11000.0000 5678.8119 360.2814
v 11000.0000 6055.6308 392.9389
v 11000.0000 6308.1766 452.6507
v 11000.0000 6524.1288 529.9746
v 11000.0000 6716.2199 621.5412
v 11000.0000 6889.6523 725.4030
v 11000.0000 7047.0820 840.2462
v 11000.0000 7189.9958 965.1062
v 11000.0000 7319.2395 1099.2356
v 11000.0000 7435.2592 1242.0331
v 11000.0000 7538.2238 1393.0013
v 11000.0000 7628.0883 1551.7197
v 11000.0000 7704.6257 1717.8269
v 11000.0000 7767.4389 1891.0078
v 11000.0000 7815.9560 2070.9843
v 11000.0000 7849.4121 2257.5090
v 11000.0000 7872.7364 2450.3595
v 11000.0000 7896.5407 2649.3348
v 11000.0000 7921.0558 2854.2518
v 11000.0000 7946.2617 3064.9430
v 11000.0000 7972.1400 3281.2543
v 11000.0000 7998.6736 3503.0433
v 11000.0000 8025.8468 3730.1779
v 11000.0000 8053.6447 3962.5350
v 11000.0000 8082.0537 4200.0000
v 11000.0000 7273.8483 4200.0000
v 11000.0000 6465.6430 4200.0000
v 11000.0000 5657.4376 4200.0000
v 11000.0000 4849.2322 4200.0000
v 11000.0000 4041.0269 4200.0000
v 11000.0000 3232.8215 4200.0000
v 11000.0000 2424.6161 4200.0000
v 11000.0000 1616.4107 4200.0000
v 11000.0000 808.2054 4200.0000
v 11000.0000 0.0000 4200.0000
v 11000.0000 -808.2054 4200.0000
v 11000.0000 -1616.4107 4200.0000
v 11000.0000 -2424.6161 4200.0000
v 11000.0000 -3232.8215 4200.0000
v 11000.0000 -4041.0269 4200.0000
v 11000.0000 -4849.2322 4200.0000
v 11000.0000 -5657.4376 4200.0000
v 11000.0000 -6465.6430 4200.0000
v 11000.0000 -7273.8483 4200.0000
v 11000.0000 -8082.0537 4200.0000
v 11000.0000 -8053.6447 3962.5350
v 11000.0000 -8025.8468 3730.1779
v 11000.0000 -7998.6736 3503.0433
v 11000.0000 -7972.1400 3281.2543
v 11000.0000 -7946.2617 3064.9430
v 11000.0000 -7921.0558 2854.2518
v 11000.0000 -7896.5407 2649.3348
v 11000.0000 -7872.7364 2450.3595
v 11000.0000 -7849.4121 2257.5090
v 11000.0000 -7815.9560 2070.9843
v 11000.0000 -7767.4389 1891.0078
v 11000.0000 -7704.6257 1717.8269
v 11000.0000 -7628.0883 1551.7197
v 11000.0000 -7538.2238 1393.0013
v 11000.0000 -7435.2592 1242.0331
v 11000.0000 -7319.2395 1099.2356
v 11000.0000 -7189.9958 965.1062
v 11000.0000 -7047.0820 840.2462
v 11000.0000 -6889.6523 725.4030
v 11000.0000 -6716.2199 621.5412
v 11000.0000 -6524.1288 529.9746
v 11000.0000 -6308.1766 452.6507
v 11000.0000 -6055.6308 392.9389
v 11000.0000 -5678.8119 360.2814
v 11020.0000 0.0000 359.4744
v 11020.0000 5681.4618 359.4744
v 11020.0000 6058.1633 392.1387
v 11020.0000 6310.6258 451.8631
v 11020.0000 6526.5010 529.2032
v 11020.0000 6718.5165 620.7890
v 11020.0000 6891.8726 724.6727
v 11020.0000 7049.2237 839.5401
v 11020.0000 7192.0553 964.4263
v 11020.0000 7321.2122 1098.5839
v 11020.0000 7437.1393 1241.4114
v 11020.0000 7540.0044 1392.4113
v 11020.0000 7629.7611 1551.1631
v 11020.0000 7706.1809 1717.3052
v 11020.0000 7768.8648 1890.5225
v 11020.0000 7817.2388 2070.5368
v 11020.0000 7850.5348 2257.1007
v 11020.0000 7873.7935 2449.9917
v 11020.0000 7897.5524 2649.0088
v 11020.0000 7922.0208 2853.9689
v 11020.0000 7947.1787 3064.7044
v 11020.0000 7973.0076 3281.0612
v 11020.0000 7999.4906 3502.8968
v 11020.0000 8026.6119 3730.0791
v 11020.0000 8054.3568 3962.4851
v 11020.0000 8082.7116 4200.0000
v 11020.0000 7274.4405 4200.0000
v 11020.0000 6466.1693 4200.0000
v 11020.0000 5657.8981 4200.0000
v 11020.0000 4849.6270 4200.0000
v 11020.0000 4041.3558 4200.0000
v 11020.0000 3233.0847 4200.0000
v 11020.0000 2424.8135 4200.0000
v 11020.0000 1616.5423 4200.0000
v 11020.0000 808.2712 4200.0000
v 11020.0000 0.0000 4200.0000
v 11020.0000 -808.2712 4200.0000
v 11020.0000 -1616.5423 4200.0000
v 11020.0000 -2424.8135 4200.0000
v 11020.0000 -3233.0847 4200.0000
v 11020.0000 -4041.3558 4200.0000
v 11020.0000 -4849.6270 4200.0000
v 11020.0000 -5657.8981 4200.0000
v 11020.0000 -6466.1693 4200.0000
v 11020.0000 -7274.4405 4200.0000
v 11020.0000 -8082.7116 4200.0000
v 11020.0000 -8054.3568 3962.4851
v 11020.0000 -8026.6119 3730.0791
v 11020.0000 -7999.4906 3502.8968
v 11020.0000 -7973.0076 3281.0612
v 11020.0000 -7947.1787 3064.7044
v 11020.0000 -7922.0208 2853.9689
v 11020.0000 -7897.5524 2649.0088
v 11020.0000 -7873.7935 2449.9917
v 11020.0000 -7850.5348 2257.1007
v 11020.0000 -7817.2388 2070.5368
v 11020.0000 -7768.8648 1890.5225
v 11020.0000 -7706.1809 1717.3052
v 11020.0000 -7629.7611 1551.1631
v 11020.0000 -7540.0044 1392.4113
v 11020.0000 -7437.1393 1241.4114
v 11020.0000 -7321.2122 1098.5839
v 11020.0000 -7192.0553 964.4263
v 11020.0000 -7049.2237 839.5401
v 11020.0000 -6891.8726 724.6727
v 11020.0000 -6718.5165 620.7890
v 11020.0000 -6526.5010 529.2032
v 11020.0000 -6310.6258 451.8631
v 11020.0000 -6058.1633 392.1387
v 11020.0000 -5681.4618 359.4744
v 11500.0000 0.0000 341.0154
v 11500.0000 5743.3441 341.0154
v 11500.0000 6117.2510 373.8367
v 11500.0000 6367.7326 433.8481
v 11500.0000 6581.7754 511.5600
v 11500.0000 6771.9963 603.5860
v 11500.0000 6943.5405 707.9690
v 11500.0000 7099.0261 823.3885
v 11500.0000 7239.9093 948.8749
v 11500.0000 7367.0081 1083.6773
v 11500.0000 7480.7413 1227.1913
v 11500.0000 7581.2479 1378.9170
v 11500.0000 7668.4498 1538.4318
v 11500.0000 7742.0813 1705.3725
v 11500.0000 7801.6986 1879.4223
v 11500.0000 7846.6719 2060.3018
v 11500.0000 7876.1631 2247.7624
v 11500.0000 7898.1080 2441.5805
v 11500.0000 7920.7500 2641.5542
v 11500.0000 7944.0680 2847.4994
v 11500.0000 7968.0432 3059.2478
v 11500.0000 7992.6578 3276.6444
v 11500.0000 8017.8958 3499.5463
v 11500.0000 8043.7420 3727.8205
v 11500.0000 8070.1826 3961.3435
v 11500.0000 8097.2043 4200.0000
v 11500.0000 7287.4839 4200.0000
v 11500.0000 6477.7635 4200.0000
v 11500.0000 5668.0430 4200.0000
v 11500.0000 4858.3226 4200.0000
v 11500.0000 4048.6022 4200.0000
v 11500.0000 3238.8817 4200.0000
v 11500.0000 2429.1613 4200.0000
v 11500.0000 1619.4409 4200.0000
v 11500.0000 809.7204 4200.0000
v 11500.0000 0.0000 4200.0000
v 11500.0000 -809.7204 4200.0000
v 11500.0000 -1619.4409 4200.0000
v 11500.0000 -2429.1613 4200.0000
v 11500.0000 -3238.8817 4200.0000
v 11500.0000 -4048.6022 4200.0000
v 11500.0000 -4858.3226 4200.0000
v 11500.0000 -5668.0430 4200.0000
v 11500.0000 -6477.7635 4200.0000
v 11500.0000 -7287.4839 4200.0000
v 11500.0000 -8097.2043 4200.0000
v 11500.0000 -8070.1826 3961.3435
v 11500.0000 -8043.7420 3727.8205
v 11500.0000 -8017.8958 3499.5463
v 11500.0000 -7992.6578 3276.6444
v 11500.0000 -7968.0432 3059.2478
v 11500.0000 -7944.0680 2847.4994
v 11500.0000 -7920.7500 2641.5542
v 11500.0000 -7898.1080 2441.5805
v 11500.0000 -7876.1631 2247.7624
v 11500.0000 -7846.6719 2060.3018
v 11500.0000 -7801.6986 1879.4223
v 11500.0000 -7742.0813 1705.3725
v 11500.0000 -7668.4498 1538.4318
v 11500.0000 -7581.2479 1378.9170
v 11500.0000 -7480.7413 1227.1913
v 11500.0000 -7367.0081 1083.6773
v 11500.0000 -7239.9093 948.8749
v 11500.0000 -7099.0261 823.3885
v 11500.0000 -6943.5405 707.9690
v 11500.0000 -6771.9963 603.5860
v 11500.0000 -6581.7754 511.5600
v 11500.0000 -6367.7326 433.8481
v 11500.0000 -6117.2510 373.8367
v 11500.0000 -5743.3441 341.0154
v 12000.0000 0.0000 323.3536
v 12000.0000 5804.5363 323.3536
v 12000.0000 6175.5776 356.3252
v 12000.0000 6424.0297 416.6112
v 12000.0000 6636.1969 494.6788
v 12000.0000 6824.5825 587.1260
v 12000.0000 6994.2757 691.9867
v 12000.0000 7147.8570 807.9344
v 12000.0000 7286.7526 933.9952
v 12000.0000 7411.7530 1069.4146
v 12000.0000 7523.2492 1213.5854
v 12000.0000 7621.3507 1366.0055
v 12000.0000 7705.9457 1526.2504
v 12000.0000 7776.7293 1693.9551
v 12000.0000 7833.2095 1868.8015
v 12000.0000 7874.6965 2050.5089
v 12000.0000 7900.5649 2238.8274
v 12000.0000 7921.3611 2433.5326
v 12000.0000 7942.8178 2634.4215
v 12000.0000 7964.9153 2841.3093
v 12000.0000 7987.6354 3054.0268
v 12000.0000 8010.9615 3272.4184
v 12000.0000 8034.8783 3496.3404
v 12000.0000 8059.3716 3725.6594
v 12000.0000 8084.4281 3960.2513
v 12000.0000 8110.0354 4200.0000
v 12000.0000 7299.0318 4200.0000
v 12000.0000 6488.0283 4200.0000
v 12000.0000 5677.0248 4200.0000
v 12000.0000 4866.0212 4200.0000
v 12000.0000 4055.0177 4200.0000
v 12000.0000 3244.0141 4200.0000
v 12000.0000 2433.0106 4200.0000
v 12000.0000 1622.0071 4200.0000
v 12000.0000 811.0035 4200.0000
v 12000.0000 0.0000 4200.0000
v 12000.0000 -811.0035 4200.0000
v 12000.0000 -1622.0071 4200.0000
v 12000.0000 -2433.0106 4200.0000
v 12000.0000 -3244.0141 4200.0000
v 12000.0000 -4055.0177 4200.0000
v 12000.0000 -4866.0212 4200.0000
v 12000.0000 -5677.0248 4200.0000
v 12000.0000 -6488.0283 4200.0000
v 12000.0000 -7299.0318 4200.0000
v 12000.0000 -8110.0354 4200.0000
v 12000.0000 -8084.4281 3960.2513
v 12000.0000 -8059.3716 3725.6594
v 12000.0000 -8034.8783 3496.3404
v 12000.0000 -8010.9615 3272.4184
v 12000.0000 -7987.6354 3054.0268
v 12000.0000 -7964.9153 2841.3093
v 12000.0000 -7942.8178 2634.4215
v 12000.0000 -7921.3611 2433.5326
v 12000.0000 -7900.5649 2238.8274
v 12000.0000 -7874.6965 2050.5089
v 12000.0000 -7833.2095 1868.8015
v 12000.0000 -7776.7293 1693.9551
v 12000.0000 -7705.9457 1526.2504
v 12000.0000 -7621.3507 1366.0055
v 12000.0000 -7523.2492 1213.5854
v 12000.0000 -7411.7530 1069.4146
v 12000.0000 -7286.7526 933.9952
v 12000.0000 -7147.8570 807.9344
v 12000.0000 -6994.2757 691.9867
v 12000.0000 -6824.5825 587.1260
v 12000.0000 -6636.1969 494.6788
v 12000.0000 -6424.0297 416.6112
v 12000.0000 -6175.5776 356.3252
v 12000.0000 -5804.5363 323.3536
v 12500.0000 0.0000 306.8498
v 12500.0000 5862.7512 306.8498
v 12500.0000 6230.9658 339.9617
v 12500.0000 6477.4166 400.5044
v 12500.0000 6687.7353 478.9044
v 12500.0000 6874.3130 571.7451
v 12500.0000 7042.1836 677.0523
v 12500.0000 7193.8903 793.4936
v 12500.0000 7330.8295 920.0910
v 12500.0000 7453.7641 1056.0869
v 12500.0000 7563.0574 1200.8715
v 12500.0000 7658.7886 1353.9405
v 12500.0000 7740.8120 1514.8676
v 12500.0000 7808.7819 1683.2863
v 12500.0000 7862.1568 1858.8770
v 12500.0000 7900.1839 2041.3580
v 12500.0000 7922.9455 2230.4782
v 12500.0000 7942.6217 2426.0124
v 12500.0000 7962.9228 2627.7565
v 12500.0000 7983.8301 2835.5250
v 12500.0000 8005.3266 3049.1481
v 12500.0000 8027.3964 3268.4695
v 12500.0000 8050.0252 3493.3448
v 12500.0000 8073.1993 3723.6400
v 12500.0000 8096.9063 3959.2306
v 12500.0000 8121.1344 4200.0000
v 12500.0000 7309.0210 4200.0000
v 12500.0000 6496.9075 4200.0000
v 12500.0000 5684.7941 4200.0000
v 12500.0000 4872.6807 4200.0000
v 12500.0000 4060.5672 4200.0000
v 12500.0000 3248.4538 4200.0000
v 12500.0000 2436.3403 4200.0000
v 12500.0000 1624.2269 4200.0000
v 12500.0000 812.1134 4200.0000
v 12500.0000 0.0000 4200.0000
v 12500.0000 -812.1134 4200.0000
v 12500.0000 -1624.2269 4200.0000
v 12500.0000 -2436.3403 4200.0000
v 12500.0000 -3248.4538 4200.0000
v 12500.0000 -4060.5672 4200.0000
v 12500.0000 -4872.6807 4200.0000
v 12500.0000 -5684.7941 4200.0000
v 12500.0000 -6496.9075 4200.0000
v 12500.0000 -7309.0210 4200.0000
v 12500.0000 -8121.1344 4200.0000
v 12500.0000 -8096.9063 3959.2306
v 12500.0000 -8073.1993 3723.6400
v 12500.0000 -8050.0252 3493.3448
v 12500.0000 -8027.3964 3268.4695
v 12500.0000 -8005.3266 3049.1481
v 12500.0000 -7983.8301 2835.5250
v 12500.0000 -7962.9228 2627.7565
v 12500.0000 -7942.6217 2426.0124
v 12500.0000 -7922.9455 2230.4782
v 12500.0000 -7900.1839 2041.3580
v 12500.0000 -7862.1568 1858.8770
v 12500.0000 -7808.7819 1683.2863
v 12500.0000 -7740.8120 1514.8676
v 12500.0000 -7658.7886 1353.9405
v 12500.0000 -7563.0574 1200.8715
v 12500.0000 -7453.7641 1056.0869
v 12500.0000 -7330.8295 920.0910
v 12500.0000 -7193.8903 793.4936
v 12500.0000 -7042.1836 677.0523
v 12500.0000 -6874.3130 571.7451
v 12500.0000 -6687.7353 478.9044
v 12500.0000 -6477.4166 400.5044
v 12500.0000 -6230.9658 339.9617
v 12500.0000 -5862.7512 306.8498
v 13000.0000 0.0000 291.0576
v 13000.0000 5918.3513 291.0576
v 13000.0000 6283.7660 324.3038
v 13000.0000 6528.2347 385.0921
v 13000.0000 6736.7225 463.8100
v 13000.0000 6921.5093 557.0274
v 13000.0000 7087.5738 662.7617
v 13000.0000 7237.4225 779.6754
v 13000.0000 7372.4216 906.7864
v 13000.0000 7493.3061 1043.3339
v 13000.0000 7600.4110 1188.7058
v 13000.0000 7693.7849 1342.3957
v 13000.0000 7773.2467 1503.9756
v 13000.0000 7838.4084 1673.0774
v 13000.0000 7888.6764 1849.3804
v 13000.0000 7923.2313 2032.6016
v 13000.0000 7943.3803 2222.4890
v 13000.0000 7962.0160 2418.8163
v 13000.0000 7981.2436 2621.3788
v 13000.0000 8001.0454 2829.9902
v 13000.0000 8021.4051 3044.4798
v 13000.0000 8042.3080 3264.6908
v 13000.0000 8063.7401 3490.4783
v 13000.0000 8085.6888 3721.7077
v 13000.0000 8108.1422 3958.2539
v 13000.0000 8131.0892 4200.0000
v 13000.0000 7317.9803 4200.0000
v 13000.0000 6504.8714 4200.0000
v 13000.0000 5691.7624 4200.0000
v 13000.0000 4878.6535 4200.0000
v 13000.0000 4065.5446 4200.0000
v 13000.0000 3252.4357 4200.0000
v 13000.0000 2439.3268 4200.0000
v 13000.0000 1626.2178 4200.0000
v 13000.0000 813.1089 4200.0000
v 13000.0000 0.0000 4200.0000
v 13000.0000 -813.1089 4200.0000
v 13000.0000 -1626.2178 4200.0000
v 13000.0000 -2439.3268 4200.0000
v 13000.0000 -3252.4357 4200.0000
v 13000.0000 -4065.5446 4200.0000
v 13000.0000 -4878.6535 4200.0000
v 13000.0000 -5691.7624 4200.0000
v 13000.0000 -6504.8714 4200.0000
v 13000.0000 -7317.9803 4200.0000
v 13000.0000 -8131.0892 4200.0000
v 13000.0000 -8108.1422 3958.2539
v 13000.0000 -8085.6888 3721.7077
v 13000.0000 -8063.7401 3490.4783
v 13000.0000 -8042.3080 3264.6908
v 13000.0000 -8021.4051 3044.4798
v 13000.0000 -8001.0454 2829.9902
v 13000.0000 -7981.2436 2621.3788
v 13000.0000 -7962.0160 2418.8163
v 13000.0000 -7943.3803 2222.4890
v 13000.0000 -7923.2313 2032.6016
v 13000.0000 -7888.6764 1849.3804
v 13000.0000 -7838.4084 1673.0774
v 13000.0000 -7773.2467 1503.9756
v 13000.0000 -7693.7849 1342.3957
v 13000.0000 -7600.4110 1188.7058
v 13000.0000 -7493.3061 1043.3339
v 13000.0000 -7372.4216 906.7864
v 13000.0000 -7237.4225 779.6754
v 13000.0000 -7087.5738 662.7617
v 13000.0000 -6921.5093 557.0274
v 13000.0000 -6736.7225 463.8100
v 13000.0000 -6528.2347 385.0921
v 13000.0000 -6283.7660 324.3038
v 13000.0000 -5918.3513 291.0576
v 13500.0000 0.0000 275.5306
v 13500.0000 5971.6994 275.5306
v 13500.0000 6334.3248 308.9089
v 13500.0000 6576.8180 369.9386
v 13500.0000 6783.4799 448.9693
v 13500.0000 6966.4794 542.5569
v 13500.0000 7130.7402 648.7112
v 13500.0000 7278.7313 766.0892
v 13500.0000 7411.7882 893.7052
v 13500.0000 7530.6179 1030.7951
v 13500.0000 7635.5260 1176.7444
v 13500.0000 7726.5291 1331.0448
v 13500.0000 7803.4091 1493.2665
v 13500.0000 7865.7337 1663.0400
v 13500.0000 7912.8534 1840.0434
v 13500.0000 7943.8775 2023.9923
v 13500.0000 7961.9448 2214.6340
v 13500.0000 7979.6705 2411.7411
v 13500.0000 7997.9591 2615.1083
v 13500.0000 8016.7939 2824.5482
v 13500.0000 8036.1595 3039.8899
v 13500.0000 8056.0415 3260.9756
v 13500.0000 8076.4271 3487.6600
v 13500.0000 8097.3040 3719.8079
v 13500.0000 8118.6609 3957.2937
v 13500.0000 8140.4873 4200.0000
v 13500.0000 7326.4386 4200.0000
v 13500.0000 6512.3899 4200.0000
v 13500.0000 5698.3411 4200.0000
v 13500.0000 4884.2924 4200.0000
v 13500.0000 4070.2437 4200.0000
v 13500.0000 3256.1949 4200.0000
v 13500.0000 2442.1462 4200.0000
v 13500.0000 1628.0975 4200.0000
v 13500.0000 814.0487 4200.0000
v 13500.0000 0.0000 4200.0000
v 13500.0000 -814.0487 4200.0000
v 13500.0000 -1628.0975 4200.0000
v 13500.0000 -2442.1462 4200.0000
v 13500.0000 -3256.1949 4200.0000
v 13500.0000 -4070.2437 4200.0000
v 13500.0000 -4884.2924 4200.0000
v 13500.0000 -5698.3411 4200.0000
v 13500.0000 -6512.3899 4200.0000
v 13500.0000 -7326.4386 4200.0000
v 13500.0000 -8140.4873 4200.0000
v 13500.0000 -8118.6609 3957.2937
v 13500.0000 -8097.3040 3719.8079
v 13500.0000 -8076.4271 3487.6600
v 13500.0000 -8056.0415 3260.9756
v 13500.0000 -8036.1595 3039.8899
v 13500.0000 -8016.7939 2824.5482
v 13500.0000 -7997.9591 2615.1083
v 13500.0000 -7979.6705 2411.7411
v 13500.0000 -7961.9448 2214.6340
v 13500.0000 -7943.8775 2023.9923
v 13500.0000 -7912.8534 1840.0434
v 13500.0000 -7865.7337 1663.0400
v 13500.0000 -7803.4091 1493.2665
v 13500.0000 -7726.5291 1331.0448
v 13500.0000 -7635.5260 1176.7444
v 13500.0000 -7530.6179 1030.7951
v 13500.0000 -7411.7882 893.7052
v 13500.0000 -7278.7313 766.0892
v 13500.0000 -7130.7402 648.7112
v 13500.0000 -6966.4794 542.5569
v 13500.0000 -6783.4799 448.9693
v 13500.0000 -6576.8180 369.9386
v 13500.0000 -6334.3248 308.9089
v 13500.0000 -5971.6994 275.5306
v 13900.0000 0.0000 263.0000
v 13900.0000 6013.0000 263.0000
v 13900.0000 6373.3875 296.4849
v 13900.0000 6614.2946 357.7095
v 13900.0000 6819.4891 436.9925
v 13900.0000 7001.0507 530.8789
v 13900.0000 7163.8582 637.3722
v 13900.0000 7310.3504 755.1250
v 13900.0000 7441.8378 883.1484
v 13900.0000 7559.0039 1020.6760
v 13900.0000 7662.1301 1167.0914
v 13900.0000 7751.2061 1321.8844
v 13900.0000 7825.9826 1484.6241
v 13900.0000 7885.9892 1654.9397
v 13900.0000 7930.5289 1832.5082
v 13900.0000 7958.6488 2017.0445
v 13900.0000 7975.4996 2208.2949
v 13900.0000 7992.6255 2406.0314
v 13900.0000 8010.2952 2610.0478
v 13900.0000 8028.4926 2820.1565
v 13900.0000 8047.2028 3036.1857
v 13900.0000 8066.4120 3257.9774
v 13900.0000 8086.1077 3485.3855
v 13900.0000 8106.2781 3718.2746
v 13900.0000 8126.9122 3956.5187
v 13900.0000 8148.0000 4200.0000
v 13900.0000 7333.2000 4200.0000
v 13900.0000 6518.4000 4200.0000
v 13900.0000 5703.6000 4200.0000
v 13900.0000 4888.8000 4200.0000
v 13900.0000 4074.0000 4200.0000
v 13900.0000 3259.2000 4200.0000
v 13900.0000 2444.4000 4200.0000
v 13900.0000 1629.6000 4200.0000
v 13900.0000 814.8000 4200.0000
v 13900.0000 0.0000 4200.0000
v 13900.0000 -814.8000 4200.0000
v 13900.0000 -1629.6000 4200.0000
v 13900.0000 -2444.4000 4200.0000
v 13900.0000 -3259.2000 4200.0000
v 13900.0000 -4074.0000 4200.0000
v 13900.0000 -4888.8000 4200.0000
v 13900.0000 -5703.6000 4200.0000
v 13900.0000 -6518.4000 4200.0000
v 13900.0000 -7333.2000 4200.0000
v 13900.0000 -8148.0000 4200.0000
v 13900.0000 -8126.9122 3956.5187
v 13900.0000 -8106.2781 3718.2746
v 13900.0000 -8086.1077 3485.3855
v 13900.0000 -8066.4120 3257.9774
v 13900.0000 -8047.2028 3036.1857
v 13900.0000 -8028.4926 2820.1565
v 13900.0000 -8010.2952 2610.0478
v 13900.0000 -7992.6255 2406.0314
v 13900.0000 -7975.4996 2208.2949
v 13900.0000 -7958.6488 2017.0445
v 13900.0000 -7930.5289 1832.5082
v 13900.0000 -7885.9892 1654.9397
v 13900.0000 -7825.9826 1484.6241
v 13900.0000 -7751.2061 1321.8844
v 13900.0000 -7662.1301 1167.0914
v 13900.0000 -7559.0039 1020.6760
v 13900.0000 -7441.8378 883.1484
v 13900.0000 -7310.3504 755.1250
v 13900.0000 -7163.8582 637.3722
v 13900.0000 -7001.0507 530.8789
v 13900.0000 -6819.4891 436.9925
v 13900.0000 -6614.2946 357.7095
v 13900.0000 -6373.3875 296.4849
v 13900.0000 -6013.0000 263.0000
v 14000.0000 0.0000 259.8225
v 14000.0000 6023.1905 259.8225
v 14000.0000 6383.0163 293.3344
v 14000.0000 6623.5250 354.6084
v 14000.0000 6828.3507 433.9554
v 14000.0000 7009.5505 527.9176
v 14000.0000 7171.9921 634.4968
v 14000.0000 7318.1065 752.3447
v 14000.0000 7449.1979 880.4714
v 14000.0000 7565.9436 1018.1100
v 14000.0000 7668.6191 1164.6435
v 14000.0000 7757.2070 1319.5615
v 14000.0000 7831.4498 1482.4325
v 14000.0000 7890.8674 1652.8856
v 14000.0000 7934.7502 1830.5974
v 14000.0000 7962.1289 2015.2826
v 14000.0000 7978.7456 2206.6874
v 14000.0000 7995.7392 2404.5835
v 14000.0000 8013.2725 2608.7646
v 14000.0000 8031.3294 2819.0428
v 14000.0000 8049.8951 3035.2464
v 14000.0000 8068.9560 3257.2171
v 14000.0000 8088.4996 3484.8087
v 14000.0000 8108.5142 3717.8858
v 14000.0000 8128.9891 3956.3222
v 14000.0000 8149.9140 4200.0000
v 14000.0000 7334.9226 4200.0000
v 14000.0000 6519.9312 4200.0000
v 14000.0000 5704.9398 4200.0000
v 14000.0000 4889.9484 4200.0000
v 14000.0000 4074.9570 4200.0000
v 14000.0000 3259.9656 4200.0000
v 14000.0000 2444.9742 4200.0000
v 14000.0000 1629.9828 4200.0000
v 14000.0000 814.9914 4200.0000
v 14000.0000 0.0000 4200.0000
v 14000.0000 -814.9914 4200.0000
v 14000.0000 -1629.9828 4200.0000
v 14000.0000 -2444.9742 4200.0000
v 14000.0000 -3259.9656 4200.0000
v 14000.0000 -4074.9570 4200.0000
v 14000.0000 -4889.9484 4200.0000
v 14000.0000 -5704.9398 4200.0000
v 14000.0000 -6519.9312 4200.0000
v 14000.0000 -7334.9226 4200.0000
v 14000.0000 -8149.9140 4200.0000
v 14000.0000 -8128.9891 3956.3222
v 14000.0000 -8108.5142 3717.8858
v 14000.0000 -8088.4996 3484.8087
v 14000.0000 -8068.9560 3257.2171
v 14000.0000 -8049.8951 3035.2464
v 14000.0000 -8031.3294 2819.0428
v 14000.0000 -8013.2725 2608.7646
v 14000.0000 -7995.7392 2404.5835
v 14000.0000 -7978.7456 2206.6874
v 14000.0000 -7962.1289 2015.2826
v 14000.0000 -7934.7502 1830.5974
v 14000.0000 -7890.8674 1652.8856
v 14000.0000 -7831.4498 1482.4325
v 14000.0000 -7757.2070 1319.5615
v 14000.0000 -7668.6191 1164.6435
v 14000.0000 -7565.9436 1018.1100
v 14000.0000 -7449.1979 880.4714
v 14000.0000 -7318.1065 752.3447
v 14000.0000 -7171.9921 634.4968
v 14000.0000 -7009.5505 527.9176
v 14000.0000 -6828.3507 433.9554
v 14000.0000 -6623.5250 354.6084
v 14000.0000 -6383.0163 293.3344
v 14000.0000 -6023.1905 259.8225
v 14500.0000 0.0000 243.6369
v 14500.0000 6074.1122 243.6369
v 14500.0000 6431.1191 277.2865
v 14500.0000 6669.6274 338.8122
v 14500.0000 6872.5993 418.4851
v 14500.0000 7051.9788 512.8333
v 14500.0000 7212.5765 619.8503
v 14500.0000 7356.7846 738.1823
v 14500.0000 7485.8748 866.8353
v 14500.0000 7600.4936 1005.0393
v 14500.0000 7700.8841 1152.1748
v 14500.0000 7786.9931 1307.7292
v 14500.0000 7858.5206 1471.2692
v 14500.0000 7914.9347 1642.4225
v 14500.0000 7955.4597 1820.8643
v 14500.0000 7979.0599 2006.3082
v 14500.0000 7994.8854 2198.4992
v 14500.0000 8011.2477 2397.2082
v 14500.0000 8028.1296 2602.2280
v 14500.0000 8045.5156 2813.3701
v 14500.0000 8063.3916 3030.4618
v 14500.0000 8081.7444 3253.3443
v 14500.0000 8100.5619 3481.8709
v 14500.0000 8119.8329 3715.9054
v 14500.0000 8139.5471 3955.3212
v 14500.0000 8159.6947 4200.0000
v 14500.0000 7343.7252 4200.0000
v 14500.0000 6527.7557 4200.0000
v 14500.0000 5711.7863 4200.0000
v 14500.0000 4895.8168 4200.0000
v 14500.0000 4079.8473 4200.0000
v 14500.0000 3263.8779 4200.0000
v 14500.0000 2447.9084 4200.0000
v 14500.0000 1631.9389 4200.0000
v 14500.0000 815.9695 4200.0000
v 14500.0000 0.0000 4200.0000
v 14500.0000 -815.9695 4200.0000
v 14500.0000 -1631.9389 4200.0000
v 14500.0000 -2447.9084 4200.0000
v 14500.0000 -3263.8779 4200.0000
v 14500.0000 -4079.8473 4200.0000
v 14500.0000 -4895.8168 4200.0000
v 14500.0000 -5711.7863 4200.0000
v 14500.0000 -6527.7557 4200.0000
v 14500.0000 -7343.7252 4200.0000
v 14500.0000 -8159.6947 4200.0000
v 14500.0000 -8139.5471 3955.3212
v 14500.0000 -8119.8329 3715.9054
v 14500.0000 -8100.5619 3481.8709
v 14500.0000 -8081.7444 3253.3443
v 14500.0000 -8063.3916 3030.4618
v 14500.0000 -8045.5156 2813.3701
v 14500.0000 -8028.1296 2602.2280
v 14500.0000 -8011.2477 2397.2082
v 14500.0000 -7994.8854 2198.4992
v 14500.0000 -7979.0599 2006.3082
v 14500.0000 -7955.4597 1820.8643
v 14500.0000 -7914.9347 1642.4225
v 14500.0000 -7858.5206 1471.2692
v 14500.0000 -7786.9931 1307.7292
v 14500.0000 -7700.8841 1152.1748
v 14500.0000 -7600.4936 1005.0393
v 14500.0000 -7485.8748 866.8353
v 14500.0000 -7356.7846 738.1823
v 14500.0000 -7212.5765 619.8503
v 14500.0000 -7051.9788 512.8333
v 14500.0000 -6872.5993 418.4851
v 14500.0000 -6669.6274 338.8122
v 14500.0000 -6431.1191 277.2865
v 14500.0000 -6074.1122 243.6369
v 15000.0000 0.0000 227.0861
v 15000.0000 6124.7965 227.0861
v 15000.0000 6478.9709 260.8764
v 15000.0000 6715.4670 322.6595
v 15000.0000 6916.5713 402.6657
v 15000.0000 7094.1137 497.4086
v 15000.0000 7252.8472 604.8733
v 15000.0000 7395.1238 723.7003
v 15000.0000 7522.1817 852.8915
v 15000.0000 7634.6352 991.6737
v 15000.0000 7732.6934 1139.4247
v 15000.0000 7816.2649 1295.6298
v 15000.0000 7885.0043 1459.8540
v 15000.0000 7938.3231 1631.7233
v 15000.0000 7975.3734 1810.9115
v 15000.0000 7995.5389 1997.1312
v 15000.0000 8010.7980 2190.1262
v 15000.0000 8026.5747 2389.6665
v 15000.0000 8042.8524 2595.5440
v 15000.0000 8059.6163 2807.5694
v 15000.0000 8076.8524 3025.5692
v 15000.0000 8094.5484 3249.3841
v 15000.0000 8112.6925 3478.8667
v 15000.0000 8131.2738 3713.8803
v 15000.0000 8150.2825 3954.2977
v 15000.0000 8169.7089 4200.0000
v 15000.0000 7352.7381 4200.0000
v 15000.0000 6535.7672 4200.0000
v 15000.0000 5718.7963 4200.0000
v 15000.0000 4901.8254 4200.0000
v 15000.0000 4084.8545 4200.0000
v 15000.0000 3267.8836 4200.0000
v 15000.0000 2450.9127 4200.0000
v 15000.0000 1633.9418 4200.0000
v 15000.0000 816.9709 4200.0000
v 15000.0000 0.0000 4200.0000
v 15000.0000 -816.9709 4200.0000
v 15000.0000 -1633.9418 4200.0000
v 15000.0000 -2450.9127 4200.0000
v 15000.0000 -3267.8836 4200.0000
v 15000.0000 -4084.8545 4200.0000
v 15000.0000 -4901.8254 4200.0000
v 15000.0000 -5718.7963 4200.0000
v 15000.0000 -6535.7672 4200.0000
v 15000.0000 -7352.7381 4200.0000
v 15000.0000 -8169.7089 4200.0000
v 15000.0000 -8150.2825 3954.2977
v 15000.0000 -8131.2738 3713.8803
v 15000.0000 -8112.6925 3478.8667
v 15000.0000 -8094.5484 3249.3841
v 15000.0000 -8076.8524 3025.5692
v 15000.0000 -8059.6163 2807.5694
v 15000.0000 -8042.8524 2595.5440
v 15000.0000 -8026.5747 2389.6665
v 15000.0000 -8010.7980 2190.1262
v 15000.0000 -7995.5389 1997.1312
v 15000.0000 -7975.3734 1810.9115
v 15000.0000 -7938.3231 1631.7233
v 15000.0000 -7885.0043 1459.8540
v 15000.0000 -7816.2649 1295.6298
v 15000.0000 -7732.6934 1139.4247
v 15000.0000 -7634.6352 991.6737
v 15000.0000 -7522.1817 852.8915
v 15000.0000 -7395.1238 723.7003
v 15000.0000 -7252.8472 604.8733
v 15000.0000 -7094.1137 497.4086
v 15000.0000 -6916.5713 402.6657
v 15000.0000 -6715.4670 322.6595
v 15000.0000 -6478.9709 260.8764
v 15000.0000 -6124.7965 227.0861
v 15500.0000 0.0000 210.3489
v 15500.0000 6174.9895 210.3489
v 15500.0000 6526.3228 244.2815
v 15500.0000 6760.7988 306.3250
v 15500.0000 6960.0259 386.6682
v 15500.0000 7135.7189 481.8102
v 15500.0000 7292.5724 589.7277
v 15500.0000 7432.8975 709.0553
v 15500.0000 7557.8980 838.7907
v 15500.0000 7668.1544 978.1576
v 15500.0000 7763.8403 1126.5310
v 15500.0000 7844.8236 1283.3942
v 15500.0000 7910.7102 1448.3102
v 15500.0000 7960.8508 1620.9035
v 15500.0000 7994.3184 1800.8467
v 15500.0000 8011.6450 1987.8509
v 15500.0000 8026.3770 2181.6590
v 15500.0000 8041.6085 2382.0399
v 15500.0000 8057.3238 2588.7847
v 15500.0000 8073.5084 2801.7033
v 15500.0000 8090.1490 3020.6215
v 15500.0000 8107.2335 3245.3793
v 15500.0000 8124.7506 3475.8287
v 15500.0000 8142.6900 3711.8323
v 15500.0000 8161.0418 3953.2626
v 15500.0000 8179.7971 4200.0000
v 15500.0000 7361.8173 4200.0000
v 15500.0000 6543.8376 4200.0000
v 15500.0000 5725.8579 4200.0000
v 15500.0000 4907.8782 4200.0000
v 15500.0000 4089.8985 4200.0000
v 15500.0000 3271.9188 4200.0000
v 15500.0000 2453.9391 4200.0000
v 15500.0000 1635.9594 4200.0000
v 15500.0000 817.9797 4200.0000
v 15500.0000 0.0000 4200.0000
v 15500.0000 -817.9797 4200.0000
v 15500.0000 -1635.9594 4200.0000
v 15500.0000 -2453.9391 4200.0000
v 15500.0000 -3271.9188 4200.0000
v 15500.0000 -4089.8985 4200.0000
v 15500.0000 -4907.8782 4200.0000
v 15500.0000 -5725.8579 4200.0000
v 15500.0000 -6543.8376 4200.0000
v 15500.0000 -7361.8173 4200.0000
v 15500.0000 -8179.7971 4200.0000
v 15500.0000 -8161.0418 3953.2626
v 15500.0000 -8142.6900 3711.8323
v 15500.0000 -8124.7506 3475.8287
v 15500.0000 -8107.2335 3245.3793
v 15500.0000 -8090.1490 3020.6215
v 15500.0000 -8073.5084 2801.7033
v 15500.0000 -8057.3238 2588.7847
v 15500.0000 -8041.6085 2382.0399
v 15500.0000 -8026.3770 2181.6590
v 15500.0000 -8011.6450 1987.8509
v 15500.0000 -7994.3184 1800.8467
v 15500.0000 -7960.8508 1620.9035
v 15500.0000 -7910.7102 1448.3102
v 15500.0000 -7844.8236 1283.3942
v 15500.0000 -7763.8403 1126.5310
v 15500.0000 -7668.1544 978.1576
v 15500.0000 -7557.8980 838.7907
v 15500.0000 -7432.8975 709.0553
v 15500.0000 -7292.5724 589.7277
v 15500.0000 -7135.7189 481.8102
v 15500.0000 -6960.0259 386.6682
v 15500.0000 -6760.7988 306.3250
v 15500.0000 -6526.3228 244.2815
v 15500.0000 -6174.9895 210.3489
v 16000.0000 0.0000 193.6042
v 16000.0000 6224.4372 193.6042
v 16000.0000 6572.9272 227.6793
v 16000.0000 6805.3799 289.9831
v 16000.0000 7002.7248 370.6635
v 16000.0000 7176.5613 466.2049
v 16000.0000 7331.5246 574.5752
v 16000.0000 7469.8845 694.4036
v 16000.0000 7592.8091 824.6836
v 16000.0000 7700.8442 964.6354
v 16000.0000 7794.1261 1113.6316
v 16000.0000 7872.4797 1271.1531
v 16000.0000 7935.4589 1436.7613
v 16000.0000 7982.3487 1610.0790
v 16000.0000 8012.1359 1790.7774
v 16000.0000 8027.2765 1978.5665
v 16000.0000 8041.5153 2173.1879
v 16000.0000 8056.2369 2374.4098
v 16000.0000 8071.4260 2582.0224
v 16000.0000 8087.0688 2795.8346
v 16000.0000 8103.1523 3015.6716
v 16000.0000 8119.6649 3241.3727
v 16000.0000 8136.5956 3472.7893
v 16000.0000 8153.9343 3709.7835
v 16000.0000 8171.6718 3952.2270
v 16000.0000 8189.7991 4200.0000
v 16000.0000 7370.8192 4200.0000
v 16000.0000 6551.8393 4200.0000
v 16000.0000 5732.8594 4200.0000
v 16000.0000 4913.8795 4200.0000
v 16000.0000 4094.8996 4200.0000
v 16000.0000 3275.9196 4200.0000
v 16000.0000 2456.9397 4200.0000
v 16000.0000 1637.9598 4200.0000
v 16000.0000 818.9799 4200.0000
v 16000.0000 0.0000 4200.0000
v 16000.0000 -818.9799 4200.0000
v 16000.0000 -1637.9598 4200.0000
v 16000.0000 -2456.9397 4200.0000
v 16000.0000 -3275.9196 4200.0000
v 16000.0000 -4094.8996 4200.0000
v 16000.0000 -4913.8795 4200.0000
v 16000.0000 -5732.8594 4200.0000
v 16000.0000 -6551.8393 4200.0000
v 16000.0000 -7370.8192 4200.0000
v 16000.0000 -8189.7991 4200.0000
v 16000.0000 -8171.6718 3952.2270
v 16000.0000 -8153.9343 3709.7835
v 16000.0000 -8136.5956 3472.7893
v 16000.0000 -8119.6649 3241.3727
v 16000.0000 -8103.1523 3015.6716
v 16000.0000 -8087.0688 2795.8346
v 16000.0000 -8071.4260 2582.0224
v 16000.0000 -8056.2369 2374.4098
v 16000.0000 -8041.5153 2173.1879
v 16000.0000 -8027.2765 1978.5665
v 16000.0000 -8012.1359 1790.7774
v 16000.0000 -7982.3487 1610.0790
v 16000.0000 -7935.4589 1436.7613
v 16000.0000 -7872.4797 1271.1531
v 16000.0000 -7794.1261 1113.6316
v 16000.0000 -7700.8442 964.6354
v 16000.0000 -7592.8091 824.6836
v 16000.0000 -7469.8845 694.4036
v 16000.0000 -7331.5246 574.5752
v 16000.0000 -7176.5613 466.2049
v 16000.0000 -7002.7248 370.6635
v 16000.0000 -6805.3799 289.9831
v 16000.0000 -6572.9272 227.6793
v 16000.0000 -6224.4372 193.6042
v 16500.0000 0.0000 177.0309
v 16500.0000 6272.8855 177.0309
v 16500.0000 6618.5375 211.2469
v 16500.0000 6848.9693 273.8085
v 16500.0000 7044.4327 354.8227
v 16500.0000 7216.4113 450.7593
v 16500.0000 7369.4808 559.5779
v 16500.0000 7505.8687 679.9020
v 16500.0000 7626.7069 810.7210
v 16500.0000 7732.5052 951.2517
v 16500.0000 7823.3610 1100.8642
v 16500.0000 7899.0540 1259.0373
v 16500.0000 7959.0827 1425.3306
v 16500.0000 8002.6616 1599.3653
v 16500.0000 8028.6841 1780.8112
v 16500.0000 8042.3310 1969.3770
v 16500.0000 8056.1055 2164.8036
v 16500.0000 8070.3472 2366.8579
v 16500.0000 8085.0412 2575.3293
v 16500.0000 8100.1740 2790.0260
v 16500.0000 8115.7332 3010.7724
v 16500.0000 8131.7074 3237.4072
v 16500.0000 8148.0861 3469.7810
v 16500.0000 8164.8597 3707.7556
v 16500.0000 8182.0189 3951.2020
v 16500.0000 8199.5552 4200.0000
v 16500.0000 7379.5997 4200.0000
v 16500.0000 6559.6442 4200.0000
v 16500.0000 5739.6887 4200.0000
v 16500.0000 4919.7331 4200.0000
v 16500.0000 4099.7776 4200.0000
v 16500.0000 3279.8221 4200.0000
v 16500.0000 2459.8666 4200.0000
v 16500.0000 1639.9110 4200.0000
v 16500.0000 819.9555 4200.0000
v 16500.0000 0.0000 4200.0000
v 16500.0000 -819.9555 4200.0000
v 16500.0000 -1639.9110 4200.0000
v 16500.0000 -2459.8666 4200.0000
v 16500.0000 -3279.8221 4200.0000
v 16500.0000 -4099.7776 4200.0000
v 16500.0000 -4919.7331 4200.0000
v 16500.0000 -5739.6887 4200.0000
v 16500.0000 -6559.6442 4200.0000
v 16500.0000 -7379.5997 4200.0000
v 16500.0000 -8199.5552 4200.0000
v 16500.0000 -8182.0189 3951.2020
v 16500.0000 -8164.8597 3707.7556
v 16500.0000 -8148.0861 3469.7810
v 16500.0000 -8131.7074 3237.4072
v 16500.0000 -8115.7332 3010.7724
v 16500.0000 -8100.1740 2790.0260
v 16500.0000 -8085.0412 2575.3293
v 16500.0000 -8070.3472 2366.8579
v 16500.0000 -8056.1055 2164.8036
v 16500.0000 -8042.3310 1969.3770
v 16500.0000 -8028.6841 1780.8112
v 16500.0000 -8002.6616 1599.3653
v 16500.0000 -7959.0827 1425.3306
v 16500.0000 -7899.0540 1259.0373
v 16500.0000 -7823.3610 1100.8642
v 16500.0000 -7732.5052 951.2517
v 16500.0000 -7626.7069 810.7210
v 16500.0000 -7505.8687 679.9020
v 16500.0000 -7369.4808 559.5779
v 16500.0000 -7216.4113 450.7593
v 16500.0000 -7044.4327 354.8227
v 16500.0000 -6848.9693 273.8085
v 16500.0000 -6618.5375 211.2469
v 16500.0000 -6272.8855 177.0309
v 17000.0000 0.0000 160.8079
v 17000.0000 6320.0806 160.8079
v 17000.0000 6662.9083 195.1620
v 17000.0000 6891.3282 257.9758
v 17000.0000 7084.9173 339.3167
v 17000.0000 7255.0433 435.6401
v 17000.0000 7406.2226 544.8976
v 17000.0000 7540.6400 665.7069
v 17000.0000 7659.3902 797.0534
v 17000.0000 7762.9463 938.1508
v 17000.0000 7851.3650 1088.3666
v 17000.0000 7924.3787 1247.1776
v 17000.0000 7981.4275 1414.1415
v 17000.0000 8021.6504 1588.8780
v 17000.0000 8043.8395 1771.0556
v 17000.0000 8056.7057 1960.3819
v 17000.0000 8070.0401 2156.5965
v 17000.0000 8083.8267 2359.4656
v 17000.0000 8098.0511 2568.7777
v 17000.0000 8112.7003 2784.3401
v 17000.0000 8127.7622 3005.9768
v 17000.0000 8143.2260 3233.5254
v 17000.0000 8159.0813 3466.8364
v 17000.0000 8175.3188 3705.7706
v 17000.0000 8191.9296 3950.1987
v 17000.0000 8208.9056 4200.0000
v 17000.0000 7388.0151 4200.0000
v 17000.0000 6567.1245 4200.0000
v 17000.0000 5746.2339 4200.0000
v 17000.0000 4925.3434 4200.0000
v 17000.0000 4104.4528 4200.0000
v 17000.0000 3283.5623 4200.0000
v 17000.0000 2462.6717 4200.0000
v 17000.0000 1641.7811 4200.0000
v 17000.0000 820.8906 4200.0000
v 17000.0000 0.0000 4200.0000
v 17000.0000 -820.8906 4200.0000
v 17000.0000 -1641.7811 4200.0000
v 17000.0000 -2462.6717 4200.0000
v 17000.0000 -3283.5623 4200.0000
v 17000.0000 -4104.4528 4200.0000
v 17000.0000 -4925.3434 4200.0000
v 17000.0000 -5746.2339 4200.0000
v 17000.0000 -6567.1245 4200.0000
v 17000.0000 -7388.0151 4200.0000
v 17000.0000 -8208.9056 4200.0000
v 17000.0000 -8191.9296 3950.1987
v 17000.0000 -8175.3188 3705.7706
v 17000.0000 -8159.0813 3466.8364
v 17000.0000 -8143.2260 3233.5254
v 17000.0000 -8127.7622 3005.9768
v 17000.0000 -8112.7003 2784.3401
v 17000.0000 -8098.0511 2568.7777
v 17000.0000 -8083.8267 2359.4656
v 17000.0000 -8070.0401 2156.5965
v 17000.0000 -8056.7057 1960.3819
v 17000.0000 -8043.8395 1771.0556
v 17000.0000 -8021.6504 1588.8780
v 17000.0000 -7981.4275 1414.1415
v 17000.0000 -7924.3787 1247.1776
v 17000.0000 -7851.3650 1088.3666
v 17000.0000 -7762.9463 938.1508
v 17000.0000 -7659.3902 797.0534
v 17000.0000 -7540.6400 665.7069
v 17000.0000 -7406.2226 544.8976
v 17000.0000 -7255.0433 435.6401
v 17000.0000 -7084.9173 339.3167
v 17000.0000 -6891.3282 257.9758
v 17000.0000 -6662.9083 195.1620
v 17000.0000 -6320.0806 160.8079
v 17500.0000 0.0000 145.1142
v 17500.0000 6365.7685 145.1142
v 17500.0000 6705.7957 179.6017
v 17500.0000 6932.2201 242.6596
v 17500.0000 7123.9492 324.3165
v 17500.0000 7292.2361 421.0142
v 17500.0000 7441.5372 530.6962
v 17500.0000 7573.9946 651.9749
v 17500.0000 7690.6655 783.8317
v 17500.0000 7791.9851 925.4773
v 17500.0000 7877.9685 1076.2768
v 17500.0000 7948.2986 1235.7048
v 17500.0000 8002.3538 1403.3174
v 17500.0000 8039.1931 1578.7328
v 17500.0000 8057.8384 1761.6182
v 17500.0000 8070.2982 1951.6801
v 17500.0000 8083.2113 2148.6571
v 17500.0000 8096.5624 2352.3145
v 17500.0000 8110.3375 2562.4398
v 17500.0000 8124.5240 2778.8398
v 17500.0000 8139.1102 3001.3376
v 17500.0000 8154.0854 3229.7703
v 17500.0000 8169.4399 3463.9878
v 17500.0000 8185.1645 3703.8503
v 17500.0000 8201.2506 3949.2282
v 17500.0000 8217.6904 4200.0000
v 17500.0000 7395.9214 4200.0000
v 17500.0000 6574.1523 4200.0000
v 17500.0000 5752.3833 4200.0000
v 17500.0000 4930.6142 4200.0000
v 17500.0000 4108.8452 4200.0000
v 17500.0000 3287.0762 4200.0000
v 17500.0000 2465.3071 4200.0000
v 17500.0000 1643.5381 4200.0000
v 17500.0000 821.7690 4200.0000
v 17500.0000 0.0000 4200.0000
v 17500.0000 -821.7690 4200.0000
v 17500.0000 -1643.5381 4200.0000
v 17500.0000 -2465.3071 4200.0000
v 17500.0000 -3287.0762 4200.0000
v 17500.0000 -4108.8452 4200.0000
v 17500.0000 -4930.6142 4200.0000
v 17500.0000 -5752.3833 4200.0000
v 17500.0000 -6574.1523 4200.0000
v 17500.0000 -7395.9214 4200.0000
v 17500.0000 -8217.6904 4200.0000
v 17500.0000 -8201.2506 3949.2282
v 17500.0000 -8185.1645 3703.8503
v 17500.0000 -8169.4399 3463.9878
v 17500.0000 -8154.0854 3229.7703
v 17500.0000 -8139.1102 3001.3376
v 17500.0000 -8124.5240 2778.8398
v 17500.0000 -8110.3375 2562.4398
v 17500.0000 -8096.5624 2352.3145
v 17500.0000 -8083.2113 2148.6571
v 17500.0000 -8070.2982 1951.6801
v 17500.0000 -8057.8384 1761.6182
v 17500.0000 -8039.1931 1578.7328
v 17500.0000 -8002.3538 1403.3174
v 17500.0000 -7948.2986 1235.7048
v 17500.0000 -7877.9685 1076.2768
v 17500.0000 -7791.9851 925.4773
v 17500.0000 -7690.6655 783.8317
v 17500.0000 -7573.9946 651.9749
v 17500.0000 -7441.5372 530.6962
v 17500.0000 -7292.2361 421.0142
v 17500.0000 -7123.9492 324.3165
v 17500.0000 -6932.2201 242.6596
v 17500.0000 -6705.7957 179.6017
v 17500.0000 -6365.7685 145.1142
v 18000.0000 0.0000 130.1286
v 18000.0000 6409.6951 130.1286
v 18000.0000 6746.9570 164.7435
v 18000.0000 6971.4108 228.0345
v 18000.0000 7161.3027 309.9932
v 18000.0000 7327.7722 407.0483
v 18000.0000 7475.2165 517.1356
v 18000.0000 7605.7348 638.8625
v 18000.0000 7720.3465 771.2066
v 18000.0000 7819.4483 913.3757
v 18000.0000 7903.0125 1064.7325
v 18000.0000 7970.6708 1224.7497
v 18000.0000 8021.7373 1392.9817
v 18000.0000 8055.1860 1569.0454
v 18000.0000 8070.9388 1752.6067
v 18000.0000 8083.0057 1943.3710
v 18000.0000 8095.5116 2141.0760
v 18000.0000 8108.4416 2345.4860
v 18000.0000 8121.7823 2556.3879
v 18000.0000 8135.5214 2773.5876
v 18000.0000 8149.6476 2996.9077
v 18000.0000 8164.1506 3226.1847
v 18000.0000 8179.0209 3461.2677
v 18000.0000 8194.2495 3702.0167
v 18000.0000 8209.8284 3948.3014
v 18000.0000 8225.7497 4200.0000
v 18000.0000 7403.1747 4200.0000
v 18000.0000 6580.5997 4200.0000
v 18000.0000 5758.0248 4200.0000
v 18000.0000 4935.4498 4200.0000
v 18000.0000 4112.8748 4200.0000
v 18000.0000 3290.2999 4200.0000
v 18000.0000 2467.7249 4200.0000
v 18000.0000 1645.1499 4200.0000
v 18000.0000 822.5750 4200.0000
v 18000.0000 0.0000 4200.0000
v 18000.0000 -822.5750 4200.0000
v 18000.0000 -1645.1499 4200.0000
v 18000.0000 -2467.7249 4200.0000
v 18000.0000 -3290.2999 4200.0000
v 18000.0000 -4112.8748 4200.0000
v 18000.0000 -4935.4498 4200.0000
v 18000.0000 -5758.0248 4200.0000
v 18000.0000 -6580.5997 4200.0000
v 18000.0000 -7403.1747 4200.0000
v 18000.0000 -8225.7497 4200.0000
v 18000.0000 -8209.8284 3948.3014
v 18000.0000 -8194.2495 3702.0167
v 18000.0000 -8179.0209 3461.2677
v 18000.0000 -8164.1506 3226.1847
v 18000.0000 -8149.6476 2996.9077
v 18000.0000 -8135.5214 2773.5876
v 18000.0000 -8121.7823 2556.3879
v 18000.0000 -8108.4416 2345.4860
v 18000.0000 -8095.5116 2141.0760
v 18000.0000 -8083.0057 1943.3710
v 18000.0000 -8070.9388 1752.6067
v 18000.0000 -8055.1860 1569.0454
v 18000.0000 -8021.7373 1392.9817
v 18000.0000 -7970.6708 1224.7497
v 18000.0000 -7903.0125 1064.7325
v 18000.0000 -7819.4483 913.3757
v 18000.0000 -7720.3465 771.2066
v 18000.0000 -7605.7348 638.8625
v 18000.0000 -7475.2165 517.1356
v 18000.0000 -7327.7722 407.0483
v 18000.0000 -7161.3027 309.9932
v 18000.0000 -6971.4108 228.0345
v 18000.0000 -6746.9570 164.7435
v 18000.0000 -6409.6951 130.1286
v 18500.0000 0.0000 116.0300
v 18500.0000 6451.6067 116.0300
v 18500.0000 6786.1509 150.7649
v 18500.0000 7008.6682 214.2750
v 18500.0000 7196.7550 296.5177
v 18500.0000 7361.4386 393.9089
v 18500.0000 7507.0579 504.3776
v 18500.0000 7635.6695 626.5262
v 18500.0000 7748.2548 759.3288
v 18500.0000 7845.1718 901.9904
v 18500.0000 7926.3491 1053.8715
v 18500.0000 7991.3660 1214.4430
v 18500.0000 8039.4696 1383.2578
v 18500.0000 8069.5447 1559.9314
v 18500.0000 8083.0430 1744.1286
v 18500.0000 8094.7256 1935.5538
v 18500.0000 8106.8332 2133.9436
v 18500.0000 8119.3515 2339.0617
v 18500.0000 8132.2673 2550.6942
v 18500.0000 8145.5688 2768.6463
v 18500.0000 8159.2452 2992.7400
v 18500.0000 8173.2863 3222.8112
v 18500.0000 8187.6830 3458.7086
v 18500.0000 8202.4267 3700.2916
v 18500.0000 8217.5094 3947.4295
v 18500.0000 8232.9236 4200.0000
v 18500.0000 7409.6313 4200.0000
v 18500.0000 6586.3389 4200.0000
v 18500.0000 5763.0465 4200.0000
v 18500.0000 4939.7542 4200.0000
v 18500.0000 4116.4618 4200.0000
v 18500.0000 3293.1695 4200.0000
v 18500.0000 2469.8771 4200.0000
v 18500.0000 1646.5847 4200.0000
v 18500.0000 823.2924 4200.0000
v 18500.0000 0.0000 4200.0000
v 18500.0000 -823.2924 4200.0000
v 18500.0000 -1646.5847 4200.0000
v 18500.0000 -2469.8771 4200.0000
v 18500.0000 -3293.1695 4200.0000
v 18500.0000 -4116.4618 4200.0000
v 18500.0000 -4939.7542 4200.0000
v 18500.0000 -5763.0465 4200.0000
v 18500.0000 -6586.3389 4200.0000
v 18500.0000 -7409.6313 4200.0000
v 18500.0000 -8232.9236 4200.0000
v 18500.0000 -8217.5094 3947.4295
v 18500.0000 -8202.4267 3700.2916
v 18500.0000 -8187.6830 3458.7086
v 18500.0000 -8173.2863 3222.8112
v 18500.0000 -8159.2452 2992.7400
v 18500.0000 -8145.5688 2768.6463
v 18500.0000 -8132.2673 2550.6942
v 18500.0000 -8119.3515 2339.0617
v 18500.0000 -8106.8332 2133.9436
v 18500.0000 -8094.7256 1935.5538
v 18500.0000 -8083.0430 1744.1286
v 18500.0000 -8069.5447 1559.9314
v 18500.0000 -8039.4696 1383.2578
v 18500.0000 -7991.3660 1214.4430
v 18500.0000 -7926.3491 1053.8715
v 18500.0000 -7845.1718 901.9904
v 18500.0000 -7748.2548 759.3288
v 18500.0000 -7635.6695 626.5262
v 18500.0000 -7507.0579 504.3776
v 18500.0000 -7361.4386 393.9089
v 18500.0000 -7196.7550 296.5177
v 18500.0000 -7008.6682 214.2750
v 18500.0000 -6786.1509 150.7649
v 18500.0000 -6451.6067 116.0300
v 19000.0000 0.0000 102.9973
v 19000.0000 6491.2490 102.9973
v 19000.0000 6823.1374 137.8430
v 19000.0000 7043.7628 201.5559
v 19000.0000 7230.0864 284.0609
v 19000.0000 7393.0264 381.7630
v 19000.0000 7536.8639 492.5842
v 19000.0000 7663.6136 615.1226
v 19000.0000 7774.2194 748.3490
v 19000.0000 7869.0005 891.4658
v 19000.0000 7947.8413 1043.8316
v 19000.0000 8010.2677 1204.9156
v 19000.0000 8055.4581 1374.2691
v 19000.0000 8082.2045 1551.5065
v 19000.0000 8094.0533 1736.2915
v 19000.0000 8105.3554 1928.3275
v 19000.0000 8117.0687 2127.3504
v 19000.0000 8129.1792 2333.1231
v 19000.0000 8141.6744 2545.4309
v 19000.0000 8154.5427 2764.0786
v 19000.0000 8167.7736 2988.8874
v 19000.0000 8181.3574 3219.6928
v 19000.0000 8195.2852 3456.3430
v 19000.0000 8209.5487 3698.6970
v 19000.0000 8224.1402 3946.6235
v 19000.0000 8239.0524 4200.0000
v 19000.0000 7415.1472 4200.0000
v 19000.0000 6591.2419 4200.0000
v 19000.0000 5767.3367 4200.0000
v 19000.0000 4943.4314 4200.0000
v 19000.0000 4119.5262 4200.0000
v 19000.0000 3295.6210 4200.0000
v 19000.0000 2471.7157 4200.0000
v 19000.0000 1647.8105 4200.0000
v 19000.0000 823.9052 4200.0000
v 19000.0000 0.0000 4200.0000
v 19000.0000 -823.9052 4200.0000
v 19000.0000 -1647.8105 4200.0000
v 19000.0000 -2471.7157 4200.0000
v 19000.0000 -3295.6210 4200.0000
v 19000.0000 -4119.5262 4200.0000
v 19000.0000 -4943.4314 4200.0000
v 19000.0000 -5767.3367 4200.0000
v 19000.0000 -6591.2419 4200.0000
v 19000.0000 -7415.1472 4200.0000
v 19000.0000 -8239.0524 4200.0000
v 19000.0000 -8224.1402 3946.6235
v 19000.0000 -8209.5487 3698.6970
v 19000.0000 -8195.2852 3456.3430
v 19000.0000 -8181.3574 3219.6928
v 19000.0000 -8167.7736 2988.8874
v 19000.0000 -8154.5427 2764.0786
v 19000.0000 -8141.6744 2545.4309
v 19000.0000 -8129.1792 2333.1231
v 19000.0000 -8117.0687 2127.3504
v 19000.0000 -8105.3554 1928.3275
v 19000.0000 -8094.0533 1736.2915
v 19000.0000 -8082.2045 1551.5065
v 19000.0000 -8055.4581 1374.2691
v 19000.0000 -8010.2677 1204.9156
v 19000.0000 -7947.8413 1043.8316
v 19000.0000 -7869.0005 891.4658
v 19000.0000 -7774.2194 748.3490
v 19000.0000 -7663.6136 615.1226
v 19000.0000 -7536.8639 492.5842
v 19000.0000 -7393.0264 381.7630
v 19000.0000 -7230.0864 284.0609
v 19000.0000 -7043.7628 201.5559
v 19000.0000 -6823.1374 137.8430
v 19000.0000 -6491.2490 102.9973
v 19500.0000 0.0000 91.2094
v 19500.0000 6528.3683 91.2094
v 19500.0000 6857.6774 126.1554
v 19500.0000 7076.4666 190.0516
v 19500.0000 7261.0802 272.7940
v 19500.0000 7422.3300 370.7772
v 19500.0000 7564.4413 481.9173
v 19500.0000 7689.3879 604.8082
v 19500.0000 7798.0764 738.4179
v 19500.0000 7890.7877 881.9465
v 19500.0000 7967.3624 1034.7507
v 19500.0000 8027.2723 1196.2981
v 19500.0000 8069.6259 1366.1389
v 19500.0000 8093.1201 1543.8863
v 19500.0000 8103.8719 1729.2029
v 19500.0000 8114.7924 1921.7915
v 19500.0000 8126.1103 2121.3870
v 19500.0000 8137.8120 2327.7517
v 19500.0000 8149.8854 2540.6704
v 19500.0000 8162.3193 2759.9472
v 19500.0000 8175.1035 2985.4028
v 19500.0000 8188.2288 3216.8723
v 19500.0000 8201.6864 3454.2034
v 19500.0000 8215.4684 3697.2546
v 19500.0000 8229.5673 3945.8945
v 19500.0000 8243.9761 4200.0000
v 19500.0000 7419.5785 4200.0000
v 19500.0000 6595.1809 4200.0000
v 19500.0000 5770.7833 4200.0000
v 19500.0000 4946.3857 4200.0000
v 19500.0000 4121.9881 4200.0000
v 19500.0000 3297.5904 4200.0000
v 19500.0000 2473.1928 4200.0000
v 19500.0000 1648.7952 4200.0000
v 19500.0000 824.3976 4200.0000
v 19500.0000 0.0000 4200.0000
v 19500.0000 -824.3976 4200.0000
v 19500.0000 -1648.7952 4200.0000
v 19500.0000 -2473.1928 4200.0000
v 19500.0000 -3297.5904 4200.0000
v 19500.0000 -4121.9881 4200.0000
v 19500.0000 -4946.3857 4200.0000
v 19500.0000 -5770.7833 4200.0000
v 19500.0000 -6595.1809 4200.0000
v 19500.0000 -7419.5785 4200.0000
v 19500.0000 -8243.9761 4200.0000
v 19500.0000 -8229.5673 3945.8945
v 19500.0000 -8215.4684 3697.2546
v 19500.0000 -8201.6864 3454.2034
v 19500.0000 -8188.2288 3216.8723
v 19500.0000 -8175.1035 2985.4028
v 19500.0000 -8162.3193 2759.9472
v 19500.0000 -8149.8854 2540.6704
v 19500.0000 -8137.8120 2327.7517
v 19500.0000 -8126.1103 2121.3870
v 19500.0000 -8114.7924 1921.7915
v 19500.0000 -8103.8719 1729.2029
v 19500.0000 -8093.1201 1543.8863
v 19500.0000 -8069.6259 1366.1389
v 19500.0000 -8027.2723 1196.2981
v 19500.0000 -7967.3624 1034.7507
v 19500.0000 -7890.7877 881.9465
v 19500.0000 -7798.0764 738.4179
v 19500.0000 -7689.3879 604.8082
v 19500.0000 -7564.4413 481.9173
v 19500.0000 -7422.3300 370.7772
v 19500.0000 -7261.0802 272.7940
v 19500.0000 -7076.4666 190.0516
v 19500.0000 -6857.6774 126.1554
v 19500.0000 -6528.3683 91.2094
v 20000.0000 0.0000 80.8453
v 20000.0000 6562.7105 80.8453
v 20000.0000 6889.5331 115.8794
v 20000.0000 7106.5536 179.9367
v 20000.0000 7289.5220 262.8879
v 20000.0000 7449.1475 361.1182
v 20000.0000 7589.6015 472.5387
v 20000.0000 7712.8181 595.7396
v 20000.0000 7819.6680 729.6863
v 20000.0000 7910.3946 873.5770
v 20000.0000 7984.7951 1026.7666
v 20000.0000 8042.2877 1188.7215
v 20000.0000 8081.9108 1358.9907
v 20000.0000 8102.2646 1537.1864
v 20000.0000 8112.4009 1722.9705
v 20000.0000 8122.9340 1916.0448
v 20000.0000 8133.8504 2116.1439
v 20000.0000 8145.1370 2323.0291
v 20000.0000 8156.7821 2536.4849
v 20000.0000 8168.7749 2756.3147
v 20000.0000 8181.1056 2982.3391
v 20000.0000 8193.7652 3214.3924
v 20000.0000 8206.7455 3452.3221
v 20000.0000 8220.0385 3695.9865
v 20000.0000 8233.6373 3945.2535
v 20000.0000 8247.5349 4200.0000
v 20000.0000 7422.7814 4200.0000
v 20000.0000 6598.0279 4200.0000
v 20000.0000 5773.2745 4200.0000
v 20000.0000 4948.5210 4200.0000
v 20000.0000 4123.7675 4200.0000
v 20000.0000 3299.0140 4200.0000
v 20000.0000 2474.2605 4200.0000
v 20000.0000 1649.5070 4200.0000
v 20000.0000 824.7535 4200.0000
v 20000.0000 0.0000 4200.0000
v 20000.0000 -824.7535 4200.0000
v 20000.0000 -1649.5070 4200.0000
v 20000.0000 -2474.2605 4200.0000
v 20000.0000 -3299.0140 4200.0000
v 20000.0000 -4123.7675 4200.0000
v 20000.0000 -4948.5210 4200.0000
v 20000.0000 -5773.2745 4200.0000
v 20000.0000 -6598.0279 4200.0000
v 20000.0000 -7422.7814 4200.0000
v 20000.0000 -8247.5349 4200.0000
v 20000.0000 -8233.6373 3945.2535
v 20000.0000 -8220.0385 3695.9865
v 20000.0000 -8206.7455 3452.3221
v 20000.0000 -8193.7652 3214.3924
v 20000.0000 -8181.1056 2982.3391
v 20000.0000 -8168.7749 2756.3147
v 20000.0000 -8156.7821 2536.4849
v 20000.0000 -8145.1370 2323.0291
v 20000.0000 -8133.8504 2116.1439
v 20000.0000 -8122.9340 1916.0448
v 20000.0000 -8112.4009 1722.9705
v 20000.0000 -8102.2646 1537.1864
v 20000.0000 -8081.9108 1358.9907
v 20000.0000 -8042.2877 1188.7215
v 20000.0000 -7984.7951 1026.7666
v 20000.0000 -7910.3946 873.5770
v 20000.0000 -7819.6680 729.6863
v 20000.0000 -7712.8181 595.7396
v 20000.0000 -7589.6015 472.5387
v 20000.0000 -7449.1475 361.1182
v 20000.0000 -7289.5220 262.8879
v 20000.0000 -7106.5536 179.9367
v 20000.0000 -6889.5331 115.8794
v 20000.0000 -6562.7105 80.8453
v 20500.0000 0.0000 72.0837
v 20500.0000 6594.0217 72.0837
v 20500.0000 6918.4674 107.1924
v 20500.0000 7133.7994 171.3860
v 20500.0000 7315.1995 254.5136
v 20500.0000 7473.2793 352.9529
v 20500.0000 7612.1588 464.6103
v 20500.0000 7733.7342 588.0733
v 20500.0000 7838.8418 722.3049
v 20500.0000 7927.6886 866.5016
v 20500.0000 8000.0301 1020.0170
v 20500.0000 8055.2320 1182.3164
v 20500.0000 8092.2634 1352.9478
v 20500.0000 8109.7898 1531.5225
v 20500.0000 8119.5422 1717.7018
v 20500.0000 8129.6772 1911.1868
v 20500.0000 8140.1810 2111.7114
v 20500.0000 8151.0411 2319.0367
v 20500.0000 8162.2460 2532.9465
v 20500.0000 8173.7855 2753.2440
v 20500.0000 8185.6503 2979.7491
v 20500.0000 8197.8314 3212.2960
v 20500.0000 8210.3211 3450.7318
v 20500.0000 8223.1118 3694.9144
v 20500.0000 8236.1966 3944.7116
v 20500.0000 8249.5690 4200.0000
v 20500.0000 7424.6121 4200.0000
v 20500.0000 6599.6552 4200.0000
v 20500.0000 5774.6983 4200.0000
v 20500.0000 4949.7414 4200.0000
v 20500.0000 4124.7845 4200.0000
v 20500.0000 3299.8276 4200.0000
v 20500.0000 2474.8707 4200.0000
v 20500.0000 1649.9138 4200.0000
v 20500.0000 824.9569 4200.0000
v 20500.0000 0.0000 4200.0000
v 20500.0000 -824.9569 4200.0000
v 20500.0000 -1649.9138 4200.0000
v 20500.0000 -2474.8707 4200.0000
v 20500.0000 -3299.8276 4200.0000
v 20500.0000 -4124.7845 4200.0000
v 20500.0000 -4949.7414 4200.0000
v 20500.0000 -5774.6983 4200.0000
v 20500.0000 -6599.6552 4200.0000
v 20500.0000 -7424.6121 4200.0000
v 20500.0000 -8249.5690 4200.0000
v 20500.0000 -8236.1966 3944.7116
v 20500.0000 -8223.1118 3694.9144
v 20500.0000 -8210.3211 3450.7318
v 20500.0000 -8197.8314 3212.2960
v 20500.0000 -8185.6503 2979.7491
v 20500.0000 -8173.7855 2753.2440
v 20500.0000 -8162.2460 2532.9465
v 20500.0000 -8151.0411 2319.0367
v 20500.0000 -8140.1810 2111.7114
v 20500.0000 -8129.6772 1911.1868
v 20500.0000 -8119.5422 1717.7018
v 20500.0000 -8109.7898 1531.5225
v 20500.0000 -8092.2634 1352.9478
v 20500.0000 -8055.2320 1182.3164
v 20500.0000 -8000.0301 1020.0170
v 20500.0000 -7927.6886 866.5016
v 20500.0000 -7838.8418 722.3049
v 20500.0000 -7733.7342 588.0733
v 20500.0000 -7612.1588 464.6103
v 20500.0000 -7473.2793 352.9529
v 20500.0000 -7315.1995 254.5136
v 20500.0000 -7133.7994 171.3860
v 20500.0000 -6918.4674 107.1924
v 20500.0000 -6594.0217 72.0837
v 20850.0000 0.0000 67.0000
v 20850.0000 6614.0000 67.0000
v 20850.0000 6936.8565 102.1519
v 20850.0000 7151.0610 166.4245
v 20850.0000 7331.4159 249.6545
v 20850.0000 7488.4677 348.2150
v 20850.0000 7626.3020 460.0100
v 20850.0000 7746.7901 583.6250
v 20850.0000 7850.7450 718.0219
v 20850.0000 7938.3499 862.3962
v 20850.0000 8009.3316 1016.1007
v 20850.0000 8063.0208 1178.6000
v 20850.0000 8098.3394 1349.4415
v 20850.0000 8114.1868 1528.2362
v 20850.0000 8123.6624 1714.6447
v 20850.0000 8133.5099 1908.3680
v 20850.0000 8143.7157 2109.1396
v 20850.0000 8154.2676 2316.7202
v 20850.0000 8165.1546 2530.8935
v 20850.0000 8176.3668 2751.4622
v 20850.0000 8187.8948 2978.2463
v 20850.0000 8199.7304 3211.0796
v 20850.0000 8211.8657 3449.8091
v 20850.0000 8224.2935 3694.2924
v 20850.0000 8237.0070 3944.3972
v 20850.0000 8250.0000 4200.0000
v 20850.0000 7425.0000 4200.0000
v 20850.0000 6600.0000 4200.0000
v 20850.0000 5775.0000 4200.0000
v 20850.0000 4950.0000 4200.0000
v 20850.0000 4125.0000 4200.0000
v 20850.0000 3300.0000 4200.0000
v 20850.0000 2475.0000 4200.0000
v 20850.0000 1650.0000 4200.0000
v 20850.0000 825.0000 4200.0000
v 20850.0000 0.0000 4200.0000
v 20850.0000 -825.0000 4200.0000
v 20850.0000 -1650.0000 4200.0000
v 20850.0000 -2475.0000 4200.0000
v 20850.0000 -3300.0000 4200.0000
v 20850.0000 -4125.0000 4200.0000
v 20850.0000 -4950.0000 4200.0000
v 20850.0000 -5775.0000 4200.0000
v 20850.0000 -6600.0000 4200.0000
v 20850.0000 -7425.0000 4200.0000
v 20850.0000 -8250.0000 4200.0000
v 20850.0000 -8237.0070 3944.3972
v 20850.0000 -8224.2935 3694.2924
v 20850.0000 -8211.8657 3449.8091
v 20850.0000 -8199.7304 3211.0796
v 20850.0000 -8187.8948 2978.2463
v 20850.0000 -8176.3668 2751.4622
v 20850.0000 -8165.1546 2530.8935
v 20850.0000 -8154.2676 2316.7202
v 20850.0000 -8143.7157 2109.1396
v 20850.0000 -8133.5099 1908.3680
v 20850.0000 -8123.6624 1714.6447
v 20850.0000 -8114.1868 1528.2362
v 20850.0000 -8098.3394 1349.4415
v 20850.0000 -8063.0208 1178.6000
v 20850.0000 -8009.3316 1016.1007
v 20850.0000 -7938.3499 862.3962
v 20850.0000 -7850.7450 718.0219
v 20850.0000 -7746.7901 583.6250
v 20850.0000 -7626.3020 460.0100
v 20850.0000 -7488.4677 348.2150
v 20850.0000 -7331.4159 249.6545
v 20850.0000 -7151.0610 166.4245
v 20850.0000 -6936.8565 102.1519
v 20850.0000 -6614.0000 67.0000
v 21000.0000 0.0000 65.0248
v 21000.0000 6622.1609 65.0248
v 21000.0000 6944.3548 100.1935
v 21000.0000 7158.0895 164.4969
v 21000.0000 7338.0093 247.7666
v 21000.0000 7494.6333 346.3743
v 21000.0000 7632.0332 458.2226
v 21000.0000 7752.0696 581.8967
v 21000.0000 7855.5460 716.3579
v 21000.0000 7942.6354 860.8012
v 21000.0000 8013.0529 1014.5791
v 21000.0000 8066.1141 1177.1561
v 21000.0000 8100.7211 1348.0792
v 21000.0000 8115.9128 1526.9593
v 21000.0000 8125.2681 1713.4570
v 21000.0000 8134.9904 1907.2728
v 21000.0000 8145.0665 2108.1404
v 21000.0000 8155.4843 2315.8202
v 21000.0000 8166.2330 2530.0958
v 21000.0000 8177.3026 2750.7700
v 21000.0000 8188.6841 2977.6624
v 21000.0000 8200.3693 3210.6070
v 21000.0000 8212.3503 3449.4505
v 21000.0000 8224.6202 3694.0507
v 21000.0000 8237.1721 3944.2751
v 21000.0000 8250.0000 4200.0000
v 21000.0000 7425.0000 4200.0000
v 21000.0000 6600.0000 4200.0000
v 21000.0000 5775.0000 4200.0000
v 21000.0000 4950.0000 4200.0000
v 21000.0000 4125.0000 4200.0000
v 21000.0000 3300.0000 4200.0000
v 21000.0000 2475.0000 4200.0000
v 21000.0000 1650.0000 4200.0000
v 21000.0000 825.0000 4200.0000
v 21000.0000 0.0000 4200.0000
v 21000.0000 -825.0000 4200.0000
v 21000.0000 -1650.0000 4200.0000
v 21000.0000 -2475.0000 4200.0000
v 21000.0000 -3300.0000 4200.0000
v 21000.0000 -4125.0000 4200.0000
v 21000.0000 -4950.0000 4200.0000
v 21000.0000 -5775.0000 4200.0000
v 21000.0000 -6600.0000 4200.0000
v 21000.0000 -7425.0000 4200.0000
v 21000.0000 -8250.0000 4200.0000
v 21000.0000 -8237.1721 3944.2751
v 21000.0000 -8224.6202 3694.0507
v 21000.0000 -8212.3503 3449.4505
v 21000.0000 -8200.3693 3210.6070
v 21000.0000 -8188.6841 2977.6624
v 21000.0000 -8177.3026 2750.7700
v 21000.0000 -8166.2330 2530.0958
v 21000.0000 -8155.4843 2315.8202
v 21000.0000 -8145.0665 2108.1404
v 21000.0000 -8134.9904 1907.2728
v 21000.0000 -8125.2681 1713.4570
v 21000.0000 -8115.9128 1526.9593
v 21000.0000 -8100.7211 1348.0792
v 21000.0000 -8066.1141 1177.1561
v 21000.0000 -8013.0529 1014.5791
v 21000.0000 -7942.6354 860.8012
v 21000.0000 -7855.5460 716.3579
v 21000.0000 -7752.0696 581.8967
v 21000.0000 -7632.0332 458.2226
v 21000.0000 -7494.6333 346.3743
v 21000.0000 -7338.0093 247.7666
v 21000.0000 -7158.0895 164.4969
v 21000.0000 -6944.3548 100.1935
v 21000.0000 -6622.1609 65.0248
v 21500.0000 0.0000 58.5626
v 21500.0000 6648.7256 58.5626
v 21500.0000 6968.7729 93.7862
v 21500.0000 7180.9852 158.1901
v 21500.0000 7359.4938 241.5900
v 21500.0000 7514.7297 340.3517
v 21500.0000 7650.7182 452.3749
v 21500.0000 7769.2855 576.2423
v 21500.0000 7871.2036 710.9135
v 21500.0000 7956.6119 855.5826
v 21500.0000 8025.1862 1009.6009
v 21500.0000 8076.1922 1172.4319
v 21500.0000 8108.4648 1343.6222
v 21500.0000 8121.6723 1522.7818
v 21500.0000 8130.6257 1709.5709
v 21500.0000 8139.9305 1903.6897
v 21500.0000 8149.5737 2104.8712
v 21500.0000 8159.5441 2312.8756
v 21500.0000 8169.8310 2527.4860
v 21500.0000 8180.4252 2748.5051
v 21500.0000 8191.3179 2975.7521
v 21500.0000 8202.5011 3209.0608
v 21500.0000 8213.9675 3448.2776
v 21500.0000 8225.7103 3693.2600
v 21500.0000 8237.7231 3943.8754
v 21500.0000 8250.0000 4200.0000
v 21500.0000 7425.0000 4200.0000
v 21500.0000 6600.0000 4200.0000
v 21500.0000 5775.0000 4200.0000
v 21500.0000 4950.0000 4200.0000
v 21500.0000 4125.0000 4200.0000
v 21500.0000 3300.0000 4200.0000
v 21500.0000 2475.0000 4200.0000
v 21500.0000 1650.0000 4200.0000
v 21500.0000 825.0000 4200.0000
v 21500.0000 0.0000 4200.0000
v 21500.0000 -825.0000 4200.0000
v 21500.0000 -1650.0000 4200.0000
v 21500.0000 -2475.0000 4200.0000
v 21500.0000 -3300.0000 4200.0000
v 21500.0000 -4125.0000 4200.0000
v 21500.0000 -4950.0000 4200.0000
v 21500.0000 -5775.0000 4200.0000
v 21500.0000 -6600.0000 4200.0000
v 21500.0000 -7425.0000 4200.0000
v 21500.0000 -8250.0000 4200.0000
v 21500.0000 -8237.7231 3943.8754
v 21500.0000 -8225.7103 3693.2600
v 21500.0000 -8213.9675 3448.2776
v 21500.0000 -8202.5011 3209.0608
v 21500.0000 -8191.3179 2975.7521
v 21500.0000 -8180.4252 2748.5051
v 21500.0000 -8169.8310 2527.4860
v 21500.0000 -8159.5441 2312.8756
v 21500.0000 -8149.5737 2104.8712
v 21500.0000 -8139.9305 1903.6897
v 21500.0000 -8130.6257 1709.5709
v 21500.0000 -8121.6723 1522.7818
v 21500.0000 -8108.4648 1343.6222
v 21500.0000 -8076.1922 1172.4319
v 21500.0000 -8025.1862 1009.6009
v 21500.0000 -7956.6119 855.5826
v 21500.0000 -7871.2036 710.9135
v 21500.0000 -7769.2855 576.2423
v 21500.0000 -7650.7182 452.3749
v 21500.0000 -7514.7297 340.3517
v 21500.0000 -7359.4938 241.5900
v 21500.0000 -7180.9852 158.1901
v 21500.0000 -6968.7729 93.7862
v 21500.0000 -6648.7256 58.5626
v 22000.0000 0.0000 52.3142
v 22000.0000 6674.2939 52.3142
v 22000.0000 6992.2910 87.5910
v 22000.0000 7203.0480 152.0920
v 22000.0000 7380.2063 235.6178
v 22000.0000 7534.1125 334.5285
v 22000.0000 7668.7471 446.7207
v 22000.0000 7785.9028 570.7749
v 22000.0000 7886.3209 705.6494
v 22000.0000 7970.1076 850.5367
v 22000.0000 8036.8994 1004.7874
v 22000.0000 8085.9119 1167.8641
v 22000.0000 8115.9123 1339.3126
v 22000.0000 8127.4253 1518.7426
v 22000.0000 8135.9773 1705.8135
v 22000.0000 8144.8649 1900.2252
v 22000.0000 8154.0758 2101.7102
v 22000.0000 8163.5992 2310.0284
v 22000.0000 8173.4250 2524.9626
v 22000.0000 8183.5442 2746.3152
v 22000.0000 8193.9486 2973.9050
v 22000.0000 8204.6305 3207.5657
v 22000.0000 8215.5829 3447.1434
v 22000.0000 8226.7992 3692.4955
v 22000.0000 8238.2735 3943.4890
v 22000.0000 8250.0000 4200.0000
v 22000.0000 7425.0000 4200.0000
v 22000.0000 6600.0000 4200.0000
v 22000.0000 5775.0000 4200.0000
v 22000.0000 4950.0000 4200.0000
v 22000.0000 4125.0000 4200.0000
v 22000.0000 3300.0000 4200.0000
v 22000.0000 2475.0000 4200.0000
v 22000.0000 1650.0000 4200.0000
v 22000.0000 825.0000 4200.0000
v 22000.0000 0.0000 4200.0000
v 22000.0000 -825.0000 4200.0000
v 22000.0000 -1650.0000 4200.0000
v 22000.0000 -2475.0000 4200.0000
v 22000.0000 -3300.0000 4200.0000
v 22000.0000 -4125.0000 4200.0000
v 22000.0000 -4950.0000 4200.0000
v 22000.0000 -5775.0000 4200.0000
v 22000.0000 -6600.0000 4200.0000
v 22000.0000 -7425.0000 4200.0000
v 22000.0000 -8250.0000 4200.0000
v 22000.0000 -8238.2735 3943.4890
v 22000.0000 -8226.7992 3692.4955
v 22000.0000 -8215.5829 3447.1434
v 22000.0000 -8204.6305 3207.5657
v 22000.0000 -8193.9486 2973.9050
v 22000.0000 -8183.5442 2746.3152
v 22000.0000 -8173.4250 2524.9626
v 22000.0000 -8163.5992 2310.0284
v 22000.0000 -8154.0758 2101.7102
v 22000.0000 -8144.8649 1900.2252
v 22000.0000 -8135.9773 1705.8135
v 22000.0000 -8127.4253 1518.7426
v 22000.0000 -8115.9123 1339.3126
v 22000.0000 -8085.9119 1167.8641
v 22000.0000 -8036.8994 1004.7874
v 22000.0000 -7970.1076 850.5367
v 22000.0000 -7886.3209 705.6494
v 22000.0000 -7785.9028 570.7749
v 22000.0000 -7668.7471 446.7207
v 22000.0000 -7534.1125 334.5285
v 22000.0000 -7380.2063 235.6178
v 22000.0000 -7203.0480 152.0920
v 22000.0000 -6992.2910 87.5910
v 22000.0000 -6674.2939 52.3142
v 23000.0000 0.0000 40.5984
v 23000.0000 6722.3682 40.5984
v 23000.0000 7036.5542 75.9748
v 23000.0000 7244.6038 140.6580
v 23000.0000 7419.2469 224.4197
v 23000.0000 7570.6721 323.6098
v 23000.0000 7702.7759 436.1189
v 23000.0000 7817.2874 560.5236
v 23000.0000 7914.8885 695.7790
v 23000.0000 7995.6207 841.0756
v 23000.0000 8059.0435 995.7620
v 23000.0000 8104.2725 1159.2993
v 23000.0000 8129.9379 1331.2321
v 23000.0000 8138.8282 1511.1689
v 23000.0000 8146.5846 1698.7683
v 23000.0000 8154.6454 1893.7291
v 23000.0000 8162.9995 2095.7832
v 23000.0000 8171.6369 2304.6899
v 23000.0000 8180.5486 2520.2312
v 23000.0000 8189.7265 2742.2090
v 23000.0000 8199.1630 2970.4417
v 23000.0000 8208.8511 3204.7624
v 23000.0000 8218.7846 3445.0168
v 23000.0000 8228.9576 3691.0619
v 23000.0000 8239.3644 3942.7644
v 23000.0000 8250.0000 4200.0000
v 23000.0000 7425.0000 4200.0000
v 23000.0000 6600.0000 4200.0000
v 23000.0000 5775.0000 4200.0000
v 23000.0000 4950.0000 4200.0000
v 23000.0000 4125.0000 4200.0000
v 23000.0000 3300.0000 4200.0000
v 23000.0000 2475.0000 4200.0000
v 23000.0000 1650.0000 4200.0000
v 23000.0000 825.0000 4200.0000
v 23000.0000 0.0000 4200.0000
v 23000.0000 -825.0000 4200.0000
v 23000.0000 -1650.0000 4200.0000
v 23000.0000 -2475.0000 4200.0000
v 23000.0000 -3300.0000 4200.0000
v 23000.0000 -4125.0000 4200.0000
v 23000.0000 -4950.0000 4200.0000
v 23000.0000 -5775.0000 4200.0000
v 23000.0000 -6600.0000 4200.0000
v 23000.0000 -7425.0000 4200.0000
v 23000.0000 -8250.0000 4200.0000
v 23000.0000 -8239.3644 3942.7644
v 23000.0000 -8228.9576 3691.0619
v 23000.0000 -8218.7846 3445.0168
v 23000.0000 -8208.8511 3204.7624
v 23000.0000 -8199.1630 2970.4417
v 23000.0000 -8189.7265 2742.2090
v 23000.0000 -8180.5486 2520.2312
v 23000.0000 -8171.6369 2304.6899
v 23000.0000 -8162.9995 2095.7832
v 23000.0000 -8154.6454 1893.7291
v 23000.0000 -8146.5846 1698.7683
v 23000.0000 -8138.8282 1511.1689
v 23000.0000 -8129.9379 1331.2321
v 23000.0000 -8104.2725 1159.2993
v 23000.0000 -8059.0435 995.7620
v 23000.0000 -7995.6207 841.0756
v 23000.0000 -7914.8885 695.7790
v 23000.0000 -7817.2874 560.5236
v 23000.0000 -7702.7759 436.1189
v 23000.0000 -7570.6721 323.6098
v 23000.0000 -7419.2469 224.4197
v 23000.0000 -7244.6038 140.6580
v 23000.0000 -7036.5542 75.9748
v 23000.0000 -6722.3682 40.5984
v 24000.0000 0.0000 30.1559
v 24000.0000 6766.2371 30.1559
v 24000.0000 7076.9979 65.6212
v 24000.0000 7282.6120 130.4668
v 24000.0000 7454.9895 214.4387
v 24000.0000 7604.1766 313.8779
v 24000.0000 7733.9926 426.6694
v 24000.0000 7846.1082 551.3864
v 24000.0000 7941.1494 686.9814
v 24000.0000 8019.0966 832.6428
v 24000.0000 8079.4348 987.7175
v 24000.0000 8121.1819 1151.6654
v 24000.0000 8142.8317 1324.0299
v 24000.0000 8149.9525 1504.4184
v 24000.0000 8156.9328 1692.4888
v 24000.0000 8164.1870 1887.9390
v 24000.0000 8171.7051 2090.5004
v 24000.0000 8179.4783 2299.9315
v 24000.0000 8187.4982 2516.0140
v 24000.0000 8195.7577 2738.5491
v 24000.0000 8204.2499 2967.3548
v 24000.0000 8212.9686 3202.2638
v 24000.0000 8221.9082 3443.1214
v 24000.0000 8231.0632 3689.7842
v 24000.0000 8240.4286 3942.1186
v 24000.0000 8250.0000 4200.0000
v 24000.0000 7425.0000 4200.0000
v 24000.0000 6600.0000 4200.0000
v 24000.0000 5775.0000 4200.0000
v 24000.0000 4950.0000 4200.0000
v 24000.0000 4125.0000 4200.0000
v 24000.0000 3300.0000 4200.0000
v 24000.0000 2475.0000 4200.0000
v 24000.0000 1650.0000 4200.0000
v 24000.0000 825.0000 4200.0000
v 24000.0000 0.0000 4200.0000
v 24000.0000 -825.0000 4200.0000
v 24000.0000 -1650.0000 4200.0000
v 24000.0000 -2475.0000 4200.0000
v 24000.0000 -3300.0000 4200.0000
v 24000.0000 -4125.0000 4200.0000
v 24000.0000 -4950.0000 4200.0000
v 24000.0000 -5775.0000 4200.0000
v 24000.0000 -6600.0000 4200.0000
v 24000.0000 -7425.0000 4200.0000
v 24000.0000 -8250.0000 4200.0000
v 24000.0000 -8240.4286 3942.1186
v 24000.0000 -8231.0632 3689.7842
v 24000.0000 -8221.9082 3443.1214
v 24000.0000 -8212.9686 3202.2638
v 24000.0000 -8204.2499 2967.3548
v 24000.0000 -8195.7577 2738.5491
v 24000.0000 -8187.4982 2516.0140
v 24000.0000 -8179.4783 2299.9315
v 24000.0000 -8171.7051 2090.5004
v 24000.0000 -8164.1870 1887.9390
v 24000.0000 -8156.9328 1692.4888
v 24000.0000 -8149.9525 1504.4184
v 24000.0000 -8142.8317 1324.0299
v 24000.0000 -8121.1819 1151.6654
v 24000.0000 -8079.4348 987.7175
v 24000.0000 -8019.0966 832.6428
v 24000.0000 -7941.1494 686.9814
v 24000.0000 -7846.1082 551.3864
v 24000.0000 -7733.9926 426.6694
v 24000.0000 -7604.1766 313.8779
v 24000.0000 -7454.9895 214.4387
v 24000.0000 -7282.6120 130.4668
v 24000.0000 -7076.9979 65.6212
v 24000.0000 -6766.2371 30.1559
v 25000.0000 0.0000 21.2654
v 25000.0000 6805.7540 21.2654
v 25000.0000 7113.4732 56.8063
v 25000.0000 7316.9236 121.7902
v 25000.0000 7487.2873 205.9412
v 25000.0000 7634.4832 305.5923
v 25000.0000 7762.2616 418.6243
v 25000.0000 7872.2400 543.6073
v 25000.0000 7964.9933 679.4914
v 25000.0000 8040.4451 825.4633
v 25000.0000 8098.0101 980.8686
v 25000.0000 8136.6132 1145.1661
v 25000.0000 8154.6163 1317.8981
v 25000.0000 8160.6250 1498.6712
v 25000.0000 8166.8607 1687.1425
v 25000.0000 8173.3411 1883.0095
v 25000.0000 8180.0572 2086.0028
v 25000.0000 8187.0011 2295.8804
v 25000.0000 8194.1656 2512.4236
v 25000.0000 8201.5440 2735.4332
v 25000.0000 8209.1303 2964.7267
v 25000.0000 8216.9189 3200.1365
v 25000.0000 8224.9048 3441.5077
v 25000.0000 8233.0832 3688.6964
v 25000.0000 8241.4497 3941.5688
v 25000.0000 8250.0000 4200.0000
v 25000.0000 7425.0000 4200.0000
v 25000.0000 6600.0000 4200.0000
v 25000.0000 5775.0000 4200.0000
v 25000.0000 4950.0000 4200.0000
v 25000.0000 4125.0000 4200.0000
v 25000.0000 3300.0000 4200.0000
v 25000.0000 2475.0000 4200.0000
v 25000.0000 1650.0000 4200.0000
v 25000.0000 825.0000 4200.0000
v 25000.0000 0.0000 4200.0000
v 25000.0000 -825.0000 4200.0000
v 25000.0000 -1650.0000 4200.0000
v 25000.0000 -2475.0000 4200.0000
v 25000.0000 -3300.0000 4200.0000
v 25000.0000 -4125.0000 4200.0000
v 25000.0000 -4950.0000 4200.0000
v 25000.0000 -5775.0000 4200.0000
v 25000.0000 -6600.0000 4200.0000
v 25000.0000 -7425.0000 4200.0000
v 25000.0000 -8250.0000 4200.0000
v 25000.0000 -8241.4497 3941.5688
v 25000.0000 -8233.0832 3688.6964
v 25000.0000 -8224.9048 3441.5077
v 25000.0000 -8216.9189 3200.1365
v 25000.0000 -8209.1303 2964.7267
v 25000.0000 -8201.5440 2735.4332
v 25000.0000 -8194.1656 2512.4236
v 25000.0000 -8187.0011 2295.8804
v 25000.0000 -8180.0572 2086.0028
v 25000.0000 -8173.3411 1883.0095
v 25000.0000 -8166.8607 1687.1425
v 25000.0000 -8160.6250 1498.6712
v 25000.0000 -8154.6163 1317.8981
v 25000.0000 -8136.6132 1145.1661
v 25000.0000 -8098.0101 980.8686
v 25000.0000 -8040.4451 825.4633
v 25000.0000 -7964.9933 679.4914
v 25000.0000 -7872.2400 543.6073
v 25000.0000 -7762.2616 418.6243
v 25000.0000 -7634.4832 305.5923
v 25000.0000 -7487.2873 205.9412
v 25000.0000 -7316.9236 121.7902
v 25000.0000 -7113.4732 56.8063
v 25000.0000 -6805.7540 21.2654
v 26000.0000 0.0000 14.2055
v 26000.0000 6840.7722 14.2055
v 26000.0000 7145.8285 49.8064
v 26000.0000 7347.3854 114.9001
v 26000.0000 7515.9875 199.1933
v 26000.0000 7661.4419 299.0128
v 26000.0000 7787.4385 412.2357
v 26000.0000 7895.5474 537.4298
v 26000.0000 7986.2979 673.5435
v 26000.0000 8059.5623 819.7620
v 26000.0000 8114.6912 975.4300
v 26000.0000 8150.5237 1140.0050
v 26000.0000 8165.3605 1313.0288
v 26000.0000 8170.6694 1494.1074
v 26000.0000 8176.2042 1682.8971
v 26000.0000 8181.9563 1879.0950
v 26000.0000 8187.9177 2082.4312
v 26000.0000 8194.0812 2292.6634
v 26000.0000 8200.4405 2509.5725
v 26000.0000 8206.9897 2732.9588
v 26000.0000 8213.7234 2962.6397
v 26000.0000 8220.6367 3198.4473
v 26000.0000 8227.7252 3440.2262
v 26000.0000 8234.9844 3687.8325
v 26000.0000 8242.4106 3941.1322
v 26000.0000 8250.0000 4200.0000
v 26000.0000 7425.0000 4200.0000
v 26000.0000 6600.0000 4200.0000
v 26000.0000 5775.0000 4200.0000
v 26000.0000 4950.0000 4200.0000
v 26000.0000 4125.0000 4200.0000
v 26000.0000 3300.0000 4200.0000
v 26000.0000 2475.0000 4200.0000
v 26000.0000 1650.0000 4200.0000
v 26000.0000 825.0000 4200.0000
v 26000.0000 0.0000 4200.0000
v 26000.0000 -825.0000 4200.0000
v 26000.0000 -1650.0000 4200.0000
v 26000.0000 -2475.0000 4200.0000
v 26000.0000 -3300.0000 4200.0000
v 26000.0000 -4125.0000 4200.0000
v 26000.0000 -4950.0000 4200.0000
v 26000.0000 -5775.0000 4200.0000
v 26000.0000 -6600.0000 4200.0000
v 26000.0000 -7425.0000 4200.0000
v 26000.0000 -8250.0000 4200.0000
v 26000.0000 -8242.4106 3941.1322
v 26000.0000 -8234.9844 3687.8325
v 26000.0000 -8227.7252 3440.2262
v 26000.0000 -8220.6367 3198.4473
v 26000.0000 -8213.7234 2962.6397
v 26000.0000 -8206.9897 2732.9588
v 26000.0000 -8200.4405 2509.5725
v 26000.0000 -8194.0812 2292.6634
v 26000.0000 -8187.9177 2082.4312
v 26000.0000 -8181.9563 1879.0950
v 26000.0000 -8176.2042 1682.8971
v 26000.0000 -8170.6694 1494.1074
v 26000.0000 -8165.3605 1313.0288
v 26000.0000 -8150.5237 1140.0050
v 26000.0000 -8114.6912 975.4300
v 26000.0000 -8059.5623 819.7620
v 26000.0000 -7986.2979 673.5435
v 26000.0000 -7895.5474 537.4298
v 26000.0000 -7787.4385 412.2357
v 26000.0000 -7661.4419 299.0128
v 26000.0000 -7515.9875 199.1933
v 26000.0000 -7347.3854 114.9001
v 26000.0000 -7145.8285 49.8064
v 26000.0000 -6840.7722 14.2055
v 27000.0000 0.0000 9.2548
v 27000.0000 6871.1450 9.2548
v 27000.0000 7173.9102 44.8978
v 27000.0000 7373.8403 110.0684
v 27000.0000 7540.9317 194.4613
v 27000.0000 7684.8957 294.3989
v 27000.0000 7809.3699 407.7558
v 27000.0000 7915.8843 533.0979
v 27000.0000 8004.9284 669.3726
v 27000.0000 8076.3299 815.7641
v 27000.0000 8129.3835 971.6161
v 27000.0000 8162.8520 1136.3858
v 27000.0000 8175.2164 1309.6142
v 27000.0000 8179.9070 1490.9070
v 27000.0000 8184.7974 1679.9200
v 27000.0000 8189.8797 1876.3499
v 27000.0000 8195.1468 2079.9267
v 27000.0000 8200.5927 2290.4075
v 27000.0000 8206.2114 2507.5731
v 27000.0000 8211.9980 2731.2236
v 27000.0000 8217.9476 2961.1762
v 27000.0000 8224.0559 3197.2627
v 27000.0000 8230.3189 3439.3276
v 27000.0000 8236.7329 3687.2268
v 27000.0000 8243.2943 3940.8260
v 27000.0000 8250.0000 4200.0000
v 27000.0000 7425.0000 4200.0000
v 27000.0000 6600.0000 4200.0000
v 27000.0000 5775.0000 4200.0000
v 27000.0000 4950.0000 4200.0000
v 27000.0000 4125.0000 4200.0000
v 27000.0000 3300.0000 4200.0000
v 27000.0000 2475.0000 4200.0000
v 27000.0000 1650.0000 4200.0000
v 27000.0000 825.0000 4200.0000
v 27000.0000 0.0000 4200.0000
v 27000.0000 -825.0000 4200.0000
v 27000.0000 -1650.0000 4200.0000
v 27000.0000 -2475.0000 4200.0000
v 27000.0000 -3300.0000 4200.0000
v 27000.0000 -4125.0000 4200.0000
v 27000.0000 -4950.0000 4200.0000
v 27000.0000 -5775.0000 4200.0000
v 27000.0000 -6600.0000 4200.0000
v 27000.0000 -7425.0000 4200.0000
v 27000.0000 -8250.0000 4200.0000
v 27000.0000 -8243.2943 3940.8260
v 27000.0000 -8236.7329 3687.2268
v 27000.0000 -8230.3189 3439.3276
v 27000.0000 -8224.0559 3197.2627
v 27000.0000 -8217.9476 2961.1762
v 27000.0000 -8211.9980 2731.2236
v 27000.0000 -8206.2114 2507.5731
v 27000.0000 -8200.5927 2290.4075
v 27000.0000 -8195.1468 2079.9267
v 27000.0000 -8189.8797 1876.3499
v 27000.0000 -8184.7974 1679.9200
v 27000.0000 -8179.9070 1490.9070
v 27000.0000 -8175.2164 1309.6142
v 27000.0000 -8162.8520 1136.3858
v 27000.0000 -8129.3835 971.6161
v 27000.0000 -8076.3299 815.7641
v 27000.0000 -8004.9284 669.3726
v 27000.0000 -7915.8843 533.0979
v 27000.0000 -7809.3699 407.7558
v 27000.0000 -7684.8957 294.3989
v 27000.0000 -7540.9317 194.4613
v 27000.0000 -7373.8403 110.0684
v 27000.0000 -7173.9102 44.8978
v 27000.0000 -6871.1450 9.2548
v 27800.0000 0.0000 7.0000
v 27800.0000 6892.0000 7.0000
v 27800.0000 7193.1939 42.6622
v 27800.0000 7392.0114 107.8679
v 27800.0000 7558.0731 192.3062
v 27800.0000 7701.0251 292.2975
v 27800.0000 7824.4701 405.7154
v 27800.0000 7929.9102 531.1250
v 27800.0000 8017.8089 667.4730
v 27800.0000 8087.9634 813.9432
v 27800.0000 8139.6304 969.8791
v 27800.0000 8171.5206 1134.7374
v 27800.0000 8182.3527 1308.0591
v 27800.0000 8186.5957 1489.4494
v 27800.0000 8191.0194 1678.5641
v 27800.0000 8195.6167 1875.0997
v 27800.0000 8200.3812 2078.7860
v 27800.0000 8205.3074 2289.3801
v 27800.0000 8210.3900 2506.6625
v 27800.0000 8215.6244 2730.4334
v 27800.0000 8221.0062 2960.5097
v 27800.0000 8226.5317 3196.7232
v 27800.0000 8232.1970 3438.9183
v 27800.0000 8237.9989 3686.9509
v 27800.0000 8243.9342 3940.6866
v 27800.0000 8250.0000 4200.0000
v 27800.0000 7425.0000 4200.0000
v 27800.0000 6600.0000 4200.0000
v 27800.0000 5775.0000 4200.0000
v 27800.0000 4950.0000 4200.0000
v 27800.0000 4125.0000 4200.0000
v 27800.0000 3300.0000 4200.0000
v 27800.0000 2475.0000 4200.0000
v 27800.0000 1650.0000 4200.0000
v 27800.0000 825.0000 4200.0000
v 27800.0000 0.0000 4200.0000
v 27800.0000 -825.0000 4200.0000
v 27800.0000 -1650.0000 4200.0000
v 27800.0000 -2475.0000 4200.0000
v 27800.0000 -3300.0000 4200.0000
v 27800.0000 -4125.0000 4200.0000
v 27800.0000 -4950.0000 4200.0000
v 27800.0000 -5775.0000 4200.0000
v 27800.0000 -6600.0000 4200.0000
v 27800.0000 -7425.0000 4200.0000
v 27800.0000 -8250.0000 4200.0000
v 27800.0000 -8243.9342 3940.6866
v 27800.0000 -8237.9989 3686.9509
v 27800.0000 -8232.1970 3438.9183
v 27800.0000 -8226.5317 3196.7232
v 27800.0000 -8221.0062 2960.5097
v 27800.0000 -8215.6244 2730.4334
v 27800.0000 -8210.3900 2506.6625
v 27800.0000 -8205.3074 2289.3801
v 27800.0000 -8200.3812 2078.7860
v 27800.0000 -8195.6167 1875.0997
v 27800.0000 -8191.0194 1678.5641
v 27800.0000 -8186.5957 1489.4494
v 27800.0000 -8182.3527 1308.0591
v 27800.0000 -8171.5206 1134.7374
v 27800.0000 -8139.6304 969.8791
v 27800.0000 -8087.9634 813.9432
v 27800.0000 -8017.8089 667.4730
v 27800.0000 -7929.9102 531.1250
v 27800.0000 -7824.4701 405.7154
v 27800.0000 -7701.0251 292.2975
v 27800.0000 -7558.0731 192.3062
v 27800.0000 -7392.0114 107.8679
v 27800.0000 -7193.1939 42.6622
v 27800.0000 -6892.0000 7.0000
v 28000.0000 0.0000 6.6426
v 28000.0000 6896.7894 6.6426
v 28000.0000 7197.6228 42.3079
v 28000.0000 7396.1854 107.5191
v 28000.0000 7562.0118 191.9646
v 28000.0000 7704.7333 291.9645
v 28000.0000 7827.9442 405.3920
v 28000.0000 7933.1409 530.8123
v 28000.0000 8020.7804 667.1719
v 28000.0000 8090.6535 813.6546
v 28000.0000 8142.0081 969.6038
v 28000.0000 8173.5431 1134.4762
v 28000.0000 8184.0420 1307.8126
v 28000.0000 8188.1791 1489.2183
v 28000.0000 8192.4923 1678.3492
v 28000.0000 8196.9748 1874.9016
v 28000.0000 8201.6204 2078.6052
v 28000.0000 8206.4235 2289.2173
v 28000.0000 8211.3792 2506.5182
v 28000.0000 8216.4829 2730.3081
v 28000.0000 8221.7303 2960.4041
v 28000.0000 8227.1178 3196.6377
v 28000.0000 8232.6416 3438.8534
v 28000.0000 8238.2986 3686.9071
v 28000.0000 8244.0857 3940.6645
v 28000.0000 8250.0000 4200.0000
v 28000.0000 7425.0000 4200.0000
v 28000.0000 6600.0000 4200.0000
v 28000.0000 5775.0000 4200.0000
v 28000.0000 4950.0000 4200.0000
v 28000.0000 4125.0000 4200.0000
v 28000.0000 3300.0000 4200.0000
v 28000.0000 2475.0000 4200.0000
v 28000.0000 1650.0000 4200.0000
v 28000.0000 825.0000 4200.0000
v 28000.0000 0.0000 4200.0000
v 28000.0000 -825.0000 4200.0000
v 28000.0000 -1650.0000 4200.0000
v 28000.0000 -2475.0000 4200.0000
v 28000.0000 -3300.0000 4200.0000
v 28000.0000 -4125.0000 4200.0000
v 28000.0000 -4950.0000 4200.0000
v 28000.0000 -5775.0000 4200.0000
v 28000.0000 -6600.0000 4200.0000
v 28000.0000 -7425.0000 4200.0000
v 28000.0000 -8250.0000 4200.0000
v 28000.0000 -8244.0857 3940.6645
v 28000.0000 -8238.2986 3686.9071
v 28000.0000 -8232.6416 3438.8534
v 28000.0000 -8227.1178 3196.6377
v 28000.0000 -8221.7303 2960.4041
v 28000.0000 -8216.4829 2730.3081
v 28000.0000 -8211.3792 2506.5182
v 28000.0000 -8206.4235 2289.2173
v 28000.0000 -8201.6204 2078.6052
v 28000.0000 -8196.9748 1874.9016
v 28000.0000 -8192.4923 1678.3492
v 28000.0000 -8188.1791 1489.2183
v 28000.0000 -8184.0420 1307.8126
v 28000.0000 -8173.5431 1134.4762
v 28000.0000 -8142.0081 969.6038
v 28000.0000 -8090.6535 813.6546
v 28000.0000 -8020.7804 667.1719
v 28000.0000 -7933.1409 530.8123
v 28000.0000 -7827.9442 405.3920
v 28000.0000 -7704.7333 291.9645
v 28000.0000 -7562.0118 191.9646
v 28000.0000 -7396.1854 107.5191
v 28000.0000 -7197.6228 42.3079
v 28000.0000 -6896.7894 6.6426
v 29000.0000 0.0000 4.9643
v 29000.0000 6919.6690 4.9643
v 29000.0000 7218.8109 40.6438
v 29000.0000 7416.1776 105.8812
v 29000.0000 7580.8993 190.3604
v 29000.0000 7722.5375 290.4003
v 29000.0000 7844.6487 403.8733
v 29000.0000 7948.7000 529.3438
v 29000.0000 8035.1200 665.7579
v 29000.0000 8103.6668 812.2993
v 29000.0000 8153.5470 968.3109
v 29000.0000 8183.4027 1133.2492
v 29000.0000 8192.3791 1306.6551
v 29000.0000 8195.9932 1488.1334
v 29000.0000 8199.7613 1677.3399
v 29000.0000 8203.6772 1873.9710
v 29000.0000 8207.7356 2077.7561
v 29000.0000 8211.9316 2288.4525
v 29000.0000 8216.2609 2505.8404
v 29000.0000 8220.7194 2729.7199
v 29000.0000 8225.3036 2959.9079
v 29000.0000 8230.0101 3196.2361
v 29000.0000 8234.8357 3438.5488
v 29000.0000 8239.7777 3686.7018
v 29000.0000 8244.8333 3940.5607
v 29000.0000 8250.0000 4200.0000
v 29000.0000 7425.0000 4200.0000
v 29000.0000 6600.0000 4200.0000
v 29000.0000 5775.0000 4200.0000
v 29000.0000 4950.0000 4200.0000
v 29000.0000 4125.0000 4200.0000
v 29000.0000 3300.0000 4200.0000
v 29000.0000 2475.0000 4200.0000
v 29000.0000 1650.0000 4200.0000
v 29000.0000 825.0000 4200.0000
v 29000.0000 0.0000 4200.0000
v 29000.0000 -825.0000 4200.0000
v 29000.0000 -1650.0000 4200.0000
v 29000.0000 -2475.0000 4200.0000
v 29000.0000 -3300.0000 4200.0000
v 29000.0000 -4125.0000 4200.0000
v 29000.0000 -4950.0000 4200.0000
v 29000.0000 -5775.0000 4200.0000
v 29000.0000 -6600.0000 4200.0000
v 29000.0000 -7425.0000 4200.0000
v 29000.0000 -8250.0000 4200.0000
v 29000.0000 -8244.8333 3940.5607
v 29000.0000 -8239.7777 3686.7018
v 29000.0000 -8234.8357 3438.5488
v 29000.0000 -8230.0101 3196.2361
v 29000.0000 -8225.3036 2959.9079
v 29000.0000 -8220.7194 2729.7199
v 29000.0000 -8216.2609 2505.8404
v 29000.0000 -8211.9316 2288.4525
v 29000.0000 -8207.7356 2077.7561
v 29000.0000 -8203.6772 1873.9710
v 29000.0000 -8199.7613 1677.3399
v 29000.0000 -8195.9932 1488.1334
v 29000.0000 -8192.3791 1306.6551
v 29000.0000 -8183.4027 1133.2492
v 29000.0000 -8153.5470 968.3109
v 29000.0000 -8103.6668 812.2993
v 29000.0000 -8035.1200 665.7579
v 29000.0000 -7948.7000 529.3438
v 29000.0000 -7844.6487 403.8733
v 29000.0000 -7722.5375 290.4003
v 29000.0000 -7580.8993 190.3604
v 29000.0000 -7416.1776 105.8812
v 29000.0000 -7218.8109 40.6438
v 29000.0000 -6919.6690 4.9643
v 30000.0000 0.0000 3.4860
v 30000.0000 6940.6929 3.4860
v 30000.0000 7238.3232 39.1781
v 30000.0000 7434.6206 104.4385
v 30000.0000 7598.3542 188.9475
v 30000.0000 7739.0227 289.0226
v 30000.0000 7860.1487 402.5356
v 30000.0000 7963.1729 528.0503
v 30000.0000 8048.4978 664.5125
v 30000.0000 8115.8517 811.1055
v 30000.0000 8164.4032 967.1721
v 30000.0000 8192.7414 1132.1686
v 30000.0000 8200.4110 1305.6355
v 30000.0000 8203.5214 1487.1778
v 30000.0000 8206.7642 1676.4510
v 30000.0000 8210.1342 1873.1513
v 30000.0000 8213.6269 2077.0083
v 30000.0000 8217.2380 2287.7789
v 30000.0000 8220.9638 2505.2434
v 30000.0000 8224.8009 2729.2018
v 30000.0000 8228.7461 2959.4709
v 30000.0000 8232.7965 3195.8824
v 30000.0000 8236.9495 3438.2805
v 30000.0000 8241.2026 3686.5209
v 30000.0000 8245.5535 3940.4693
v 30000.0000 8250.0000 4200.0000
v 30000.0000 7425.0000 4200.0000
v 30000.0000 6600.0000 4200.0000
v 30000.0000 5775.0000 4200.0000
v 30000.0000 4950.0000 4200.0000
v 30000.0000 4125.0000 4200.0000
v 30000.0000 3300.0000 4200.0000
v 30000.0000 2475.0000 4200.0000
v 30000.0000 1650.0000 4200.0000
v 30000.0000 825.0000 4200.0000
v 30000.0000 0.0000 4200.0000
v 30000.0000 -825.0000 4200.0000
v 30000.0000 -1650.0000 4200.0000
v 30000.0000 -2475.0000 4200.0000
v 30000.0000 -3300.0000 4200.0000
v 30000.0000 -4125.0000 4200.0000
v 30000.0000 -4950.0000 4200.0000
v 30000.0000 -5775.0000 4200.0000
v 30000.0000 -6600.0000 4200.0000
v 30000.0000 -7425.0000 4200.0000
v 30000.0000 -8250.0000 4200.0000
v 30000.0000 -8245.5535 3940.4693
v 30000.0000 -8241.2026 3686.5209
v 30000.0000 -8236.9495 3438.2805
v 30000.0000 -8232.7965 3195.8824
v 30000.0000 -8228.7461 2959.4709
v 30000.0000 -8224.8009 2729.2018
v 30000.0000 -8220.9638 2505.2434
v 30000.0000 -8217.2380 2287.7789
v 30000.0000 -8213.6269 2077.0083
v 30000.0000 -8210.1342 1873.1513
v 30000.0000 -8206.7642 1676.4510
v 30000.0000 -8203.5214 1487.1778
v 30000.0000 -8200.4110 1305.6355
v 30000.0000 -8192.7414 1132.1686
v 30000.0000 -8164.4032 967.1721
v 30000.0000 -8115.8517 811.1055
v 30000.0000 -8048.4978 664.5125
v 30000.0000 -7963.1729 528.0503
v 30000.0000 -7860.1487 402.5356
v 30000.0000 -7739.0227 289.0226
v 30000.0000 -7598.3542 188.9475
v 30000.0000 -7434.6206 104.4385
v 30000.0000 -7238.3232 39.1781
v 30000.0000 -6940.6929 3.4860
v 31000.0000 0.0000 2.2340
v 31000.0000 6959.7566 2.2340
v 31000.0000 7256.0469 37.9367
v 31000.0000 7451.3965 103.2166
v 31000.0000 7614.2539 187.7508
v 31000.0000 7754.0622 287.8558
v 31000.0000 7874.3140 401.4026
v 31000.0000 7976.4259 526.9548
v 31000.0000 8060.7774 663.4577
v 31000.0000 8127.0695 810.0944
v 31000.0000 8174.4363 966.2076
v 31000.0000 8201.4184 1131.2533
v 31000.0000 8207.9711 1304.7720
v 31000.0000 8210.6073 1486.3684
v 31000.0000 8213.3557 1675.6981
v 31000.0000 8216.2120 1872.4571
v 31000.0000 8219.1722 2076.3749
v 31000.0000 8222.2328 2287.2084
v 31000.0000 8225.3906 2504.7378
v 31000.0000 8228.6426 2728.7630
v 31000.0000 8231.9864 2959.1008
v 31000.0000 8235.4193 3195.5828
v 31000.0000 8238.9391 3438.0532
v 31000.0000 8242.5438 3686.3677
v 31000.0000 8246.2314 3940.3918
v 31000.0000 8250.0000 4200.0000
v 31000.0000 7425.0000 4200.0000
v 31000.0000 6600.0000 4200.0000
v 31000.0000 5775.0000 4200.0000
v 31000.0000 4950.0000 4200.0000
v 31000.0000 4125.0000 4200.0000
v 31000.0000 3300.0000 4200.0000
v 31000.0000 2475.0000 4200.0000
v 31000.0000 1650.0000 4200.0000
v 31000.0000 825.0000 4200.0000
v 31000.0000 0.0000 4200.0000
v 31000.0000 -825.0000 4200.0000
v 31000.0000 -1650.0000 4200.0000
v 31000.0000 -2475.0000 4200.0000
v 31000.0000 -3300.0000 4200.0000
v 31000.0000 -4125.0000 4200.0000
v 31000.0000 -4950.0000 4200.0000
v 31000.0000 -5775.0000 4200.0000
v 31000.0000 -6600.0000 4200.0000
v 31000.0000 -7425.0000 4200.0000
v 31000.0000 -8250.0000 4200.0000
v 31000.0000 -8246.2314 3940.3918
v 31000.0000 -8242.5438 3686.3677
v 31000.0000 -8238.9391 3438.0532
v 31000.0000 -8235.4193 3195.5828
v 31000.0000 -8231.9864 2959.1008
v 31000.0000 -8228.6426 2728.7630
v 31000.0000 -8225.3906 2504.7378
v 31000.0000 -8222.2328 2287.2084
v 31000.0000 -8219.1722 2076.3749
v 31000.0000 -8216.2120 1872.4571
v 31000.0000 -8213.3557 1675.6981
v 31000.0000 -8210.6073 1486.3684
v 31000.0000 -8207.9711 1304.7720
v 31000.0000 -8201.4184 1131.2533
v 31000.0000 -8174.4363 966.2076
v 31000.0000 -8127.0695 810.0944
v 31000.0000 -8060.7774 663.4577
v 31000.0000 -7976.4259 526.9548
v 31000.0000 -7874.3140 401.4026
v 31000.0000 -7754.0622 287.8558
v 31000.0000 -7614.2539 187.7508
v 31000.0000 -7451.3965 103.2166
v 31000.0000 -7256.0469 37.9367
v 31000.0000 -6959.7566 2.2340
v 32000.0000 0.0000 1.2343
v 32000.0000 6976.7553 1.2343
v 32000.0000 7271.8692 36.9456
v 32000.0000 7466.3866 102.2410
v 32000.0000 7628.4747 186.7953
v 32000.0000 7767.5280 286.9242
v 32000.0000 7887.0121 400.4980
v 32000.0000 7988.3229 526.0801
v 32000.0000 8071.8189 662.6155
v 32000.0000 8137.1773 809.2872
v 32000.0000 8183.5011 965.4375
v 32000.0000 8209.2871 1130.5225
v 32000.0000 8214.8927 1304.0825
v 32000.0000 8217.0947 1485.7222
v 32000.0000 8219.3905 1675.0969
v 32000.0000 8221.7764 1871.9028
v 32000.0000 8224.2491 2075.8692
v 32000.0000 8226.8056 2286.7529
v 32000.0000 8229.4434 2504.3341
v 32000.0000 8232.1599 2728.4126
v 32000.0000 8234.9529 2958.8053
v 32000.0000 8237.8205 3195.3436
v 32000.0000 8240.7607 3437.8718
v 32000.0000 8243.7717 3686.2454
v 32000.0000 8246.8520 3940.3300
v 32000.0000 8250.0000 4200.0000
v 32000.0000 7425.0000 4200.0000
v 32000.0000 6600.0000 4200.0000
v 32000.0000 5775.0000 4200.0000
v 32000.0000 4950.0000 4200.0000
v 32000.0000 4125.0000 4200.0000
v 32000.0000 3300.0000 4200.0000
v 32000.0000 2475.0000 4200.0000
v 32000.0000 1650.0000 4200.0000
v 32000.0000 825.0000 4200.0000
v 32000.0000 0.0000 4200.0000
v 32000.0000 -825.0000 4200.0000
v 32000.0000 -1650.0000 4200.0000
v 32000.0000 -2475.0000 4200.0000
v 32000.0000 -3300.0000 4200.0000
v 32000.0000 -4125.0000 4200.0000
v 32000.0000 -4950.0000 4200.0000
v 32000.0000 -5775.0000 4200.0000
v 32000.0000 -6600.0000 4200.0000
v 32000.0000 -7425.0000 4200.0000
v 32000.0000 -8250.0000 4200.0000
v 32000.0000 -8246.8520 3940.3300
v 32000.0000 -8243.7717 3686.2454
v 32000.0000 -8240.7607 3437.8718
v 32000.0000 -8237.8205 3195.3436
v 32000.0000 -8234.9529 2958.8053
v 32000.0000 -8232.1599 2728.4126
v 32000.0000 -8229.4434 2504.3341
v 32000.0000 -8226.8056 2286.7529
v 32000.0000 -8224.2491 2075.8692
v 32000.0000 -8221.7764 1871.9028
v 32000.0000 -8219.3905 1675.0969
v 32000.0000 -8217.0947 1485.7222
v 32000.0000 -8214.8927 1304.0825
v 32000.0000 -8209.2871 1130.5225
v 32000.0000 -8183.5011 965.4375
v 32000.0000 -8137.1773 809.2872
v 32000.0000 -8071.8189 662.6155
v 32000.0000 -7988.3229 526.0801
v 32000.0000 -7887.0121 400.4980
v 32000.0000 -7767.5280 286.9242
v 32000.0000 -7628.4747 186.7953
v 32000.0000 -7466.3866 102.2410
v 32000.0000 -7271.8692 36.9456
v 32000.0000 -6976.7553 1.2343
v 33000.0000 0.0000 0.5132
v 33000.0000 6991.5844 0.5132
v 33000.0000 7285.6766 36.2306
v 33000.0000 7479.4714 101.5372
v 33000.0000 7640.8921 186.1061
v 33000.0000 7779.2905 286.2521
v 33000.0000 7898.1090 399.8454
v 33000.0000 7998.7254 525.4491
v 33000.0000 8081.4801 662.0080
v 33000.0000 8146.0292 808.7048
v 33000.0000 8191.4483 964.8819
v 33000.0000 8216.1957 1129.9953
v 33000.0000 8221.0086 1303.5851
v 33000.0000 8222.8270 1485.2560
v 33000.0000 8224.7229 1674.6633
v 33000.0000 8226.6931 1871.5030
v 33000.0000 8228.7350 2075.5043
v 33000.0000 8230.8462 2286.4243
v 33000.0000 8233.0245 2504.0429
v 33000.0000 8235.2677 2728.1599
v 33000.0000 8237.5742 2958.5921
v 33000.0000 8239.9423 3195.1710
v 33000.0000 8242.3702 3437.7409
v 33000.0000 8244.8567 3686.1572
v 33000.0000 8247.4004 3940.2854
v 33000.0000 8250.0000 4200.0000
v 33000.0000 7425.0000 4200.0000
v 33000.0000 6600.0000 4200.0000
v 33000.0000 5775.0000 4200.0000
v 33000.0000 4950.0000 4200.0000
v 33000.0000 4125.0000 4200.0000
v 33000.0000 3300.0000 4200.0000
v 33000.0000 2475.0000 4200.0000
v 33000.0000 1650.0000 4200.0000
v 33000.0000 825.0000 4200.0000
v 33000.0000 0.0000 4200.0000
v 33000.0000 -825.0000 4200.0000
v 33000.0000 -1650.0000 4200.0000
v 33000.0000 -2475.0000 4200.0000
v 33000.0000 -3300.0000 4200.0000
v 33000.0000 -4125.0000 4200.0000
v 33000.0000 -4950.0000 4200.0000
v 33000.0000 -5775.0000 4200.0000
v 33000.0000 -6600.0000 4200.0000
v 33000.0000 -7425.0000 4200.0000
v 33000.0000 -8250.0000 4200.0000
v 33000.0000 -8247.4004 3940.2854
v 33000.0000 -8244.8567 3686.1572
v 33000.0000 -8242.3702 3437.7409
v 33000.0000 -8239.9423 3195.1710
v 33000.0000 -8237.5742 2958.5921
v 33000.0000 -8235.2677 2728.1599
v 33000.0000 -8233.0245 2504.0429
v 33000.0000 -8230.8462 2286.4243
v 33000.0000 -8228.7350 2075.5043
v 33000.0000 -8226.6931 1871.5030
v 33000.0000 -8224.7229 1674.6633
v 33000.0000 -8222.8270 1485.2560
v 33000.0000 -8221.0086 1303.5851
v 33000.0000 -8216.1957 1129.9953
v 33000.0000 -8191.4483 964.8819
v 33000.0000 -8146.0292 808.7048
v 33000.0000 -8081.4801 662.0080
v 33000.0000 -7998.7254 525.4491
v 33000.0000 -7898.1090 399.8454
v 33000.0000 -7779.2905 286.2521
v 33000.0000 -7640.8921 186.1061
v 33000.0000 -7479.4714 101.5372
v 33000.0000 -7285.6766 36.2306
v 33000.0000 -6991.5844 0.5132
v 34000.0000 0.0000 0.0967
v 34000.0000 7004.1393 0.0967
v 34000.0000 7297.3554 35.8176
v 34000.0000 7490.5312 101.1307
v 34000.0000 7651.3807 185.7080
v 34000.0000 7789.2191 285.8639
v 34000.0000 7907.4694 399.4685
v 34000.0000 8007.4936 525.0846
v 34000.0000 8089.6167 661.6571
v 34000.0000 8153.4767 808.3685
v 34000.0000 8198.1256 964.5611
v 34000.0000 8221.9885 1129.6908
v 34000.0000 8226.1519 1303.2979
v 34000.0000 8227.6477 1484.9868
v 34000.0000 8229.2073 1674.4128
v 34000.0000 8230.8280 1871.2720
v 34000.0000 8232.5076 2075.2936
v 34000.0000 8234.2443 2286.2345
v 34000.0000 8236.0361 2503.8747
v 34000.0000 8237.8814 2728.0139
v 34000.0000 8239.7787 2958.4690
v 34000.0000 8241.7266 3195.0714
v 34000.0000 8243.7238 3437.6653
v 34000.0000 8245.7692 3686.1062
v 34000.0000 8247.8616 3940.2596
v 34000.0000 8250.0000 4200.0000
v 34000.0000 7425.0000 4200.0000
v 34000.0000 6600.0000 4200.0000
v 34000.0000 5775.0000 4200.0000
v 34000.0000 4950.0000 4200.0000
v 34000.0000 4125.0000 4200.0000
v 34000.0000 3300.0000 4200.0000
v 34000.0000 2475.0000 4200.0000
v 34000.0000 1650.0000 4200.0000
v 34000.0000 825.0000 4200.0000
v 34000.0000 0.0000 4200.0000
v 34000.0000 -825.0000 4200.0000
v 34000.0000 -1650.0000 4200.0000
v 34000.0000 -2475.0000 4200.0000
v 34000.0000 -3300.0000 4200.0000
v 34000.0000 -4125.0000 4200.0000
v 34000.0000 -4950.0000 4200.0000
v 34000.0000 -5775.0000 4200.0000
v 34000.0000 -6600.0000 4200.0000
v 34000.0000 -7425.0000 4200.0000
v 34000.0000 -8250.0000 4200.0000
v 34000.0000 -8247.8616 3940.2596
v 34000.0000 -8245.7692 3686.1062
v 34000.0000 -8243.7238 3437.6653
v 34000.0000 -8241.7266 3195.0714
v 34000.0000 -8239.7787 2958.4690
v 34000.0000 -8237.8814 2728.0139
v 34000.0000 -8236.0361 2503.8747
v 34000.0000 -8234.2443 2286.2345
v 34000.0000 -8232.5076 2075.2936
v 34000.0000 -8230.8280 1871.2720
v 34000.0000 -8229.2073 1674.4128
v 34000.0000 -8227.6477 1484.9868
v 34000.0000 -8226.1519 1303.2979
v 34000.0000 -8221.9885 1129.6908
v 34000.0000 -8198.1256 964.5611
v 34000.0000 -8153.4767 808.3685
v 34000.0000 -8089.6167 661.6571
v 34000.0000 -8007.4936 525.0846
v 34000.0000 -7907.4694 399.4685
v 34000.0000 -7789.2191 285.8639
v 34000.0000 -7651.3807 185.7080
v 34000.0000 -7490.5312 101.1307
v 34000.0000 -7297.3554 35.8176
v 34000.0000 -7004.1393 0.0967
v 34750.0000 0.0000 0.0000
v 34750.0000 7012.0000 0.0000
v 34750.0000 7304.6491 35.7217
v 34750.0000 7497.4248 101.0363
v 34750.0000 7657.9055 185.6155
v 34750.0000 7795.3834 285.7738
v 34750.0000 7913.2683 399.3810
v 34750.0000 8012.9125 525.0000
v 34750.0000 8094.6310 661.5756
v 34750.0000 8158.0501 808.2904
v 34750.0000 8202.2070 964.4866
v 34750.0000 8225.5052 1129.6201
v 34750.0000 8229.2708 1303.2312
v 34750.0000 8230.5710 1484.9242
v 34750.0000 8231.9266 1674.3547
v 34750.0000 8233.3353 1871.2184
v 34750.0000 8234.7953 2075.2447
v 34750.0000 8236.3048 2286.1904
v 34750.0000 8237.8623 2503.8356
v 34750.0000 8239.4663 2727.9800
v 34750.0000 8241.1154 2958.4404
v 34750.0000 8242.8086 3195.0483
v 34750.0000 8244.5446 3437.6477
v 34750.0000 8246.3225 3686.0944
v 34750.0000 8248.1413 3940.2537
v 34750.0000 8250.0000 4200.0000
v 34750.0000 7425.0000 4200.0000
v 34750.0000 6600.0000 4200.0000
v 34750.0000 5775.0000 4200.0000
v 34750.0000 4950.0000 4200.0000
v 34750.0000 4125.0000 4200.0000
v 34750.0000 3300.0000 4200.0000
v 34750.0000 2475.0000 4200.0000
v 34750.0000 1650.0000 4200.0000
v 34750.0000 825.0000 4200.0000
v 34750.0000 0.0000 4200.0000
v 34750.0000 -825.0000 4200.0000
v 34750.0000 -1650.0000 4200.0000
v 34750.0000 -2475.0000 4200.0000
v 34750.0000 -3300.0000 4200.0000
v 34750.0000 -4125.0000 4200.0000
v 34750.0000 -4950.0000 4200.0000
v 34750.0000 -5775.0000 4200.0000
v 34750.0000 -6600.0000 4200.0000
v 34750.0000 -7425.0000 4200.0000
v 34750.0000 -8250.0000 4200.0000
v 34750.0000 -8248.1413 3940.2537
v 34750.0000 -8246.3225 3686.0944
v 34750.0000 -8244.5446 3437.6477
v 34750.0000 -8242.8086 3195.0483
v 34750.0000 -8241.1154 2958.4404
v 34750.0000 -8239.4663 2727.9800
v 34750.0000 -8237.8623 2503.8356
v 34750.0000 -8236.3048 2286.1904
v 34750.0000 -8234.7953 2075.2447
v 34750.0000 -8233.3353 1871.2184
v 34750.0000 -8231.9266 1674.3547
v 34750.0000 -8230.5710 1484.9242
v 34750.0000 -8229.2708 1303.2312
v 34750.0000 -8225.5052 1129.6201
v 34750.0000 -8202.2070 964.4866
v 34750.0000 -8158.0501 808.2904
v 34750.0000 -8094.6310 661.5756
v 34750.0000 -8012.9125 525.0000
v 34750.0000 -7913.2683 399.3810
v 34750.0000 -7795.3834 285.7738
v 34750.0000 -7657.9055 185.6155
v 34750.0000 -7497.4248 101.0363
v 34750.0000 -7304.6491 35.7217
v 34750.0000 -7012.0000 0.0000
v 35000.0000 0.0000 0.0000
v 35000.0000 7014.3421 0.0000
v 35000.0000 7306.8201 35.7217
v 35000.0000 7499.4751 101.0363
v 35000.0000 7659.8449 185.6155
v 35000.0000 7797.2142 285.7738
v 35000.0000 7914.9893 399.3810
v 35000.0000 8014.5194 525.0000
v 35000.0000 8096.1165 661.5756
v 35000.0000 8159.4036 808.2904
v 35000.0000 8203.4131 964.4866
v 35000.0000 8226.5423 1129.6201
v 35000.0000 8230.1910 1303.2312
v 35000.0000 8231.4335 1484.9242
v 35000.0000 8232.7289 1674.3547
v 35000.0000 8234.0751 1871.2184
v 35000.0000 8235.4703 2075.2447
v 35000.0000 8236.9128 2286.1904
v 35000.0000 8238.4011 2503.8356
v 35000.0000 8239.9339 2727.9800
v 35000.0000 8241.5098 2958.4404
v 35000.0000 8243.1278 3195.0483
v 35000.0000 8244.7868 3437.6477
v 35000.0000 8246.4858 3686.0944
v 35000.0000 8248.2238 3940.2537
v 35000.0000 8250.0000 4200.0000
v 35000.0000 7425.0000 4200.0000
v 35000.0000 6600.0000 4200.0000
v 35000.0000 5775.0000 4200.0000
v 35000.0000 4950.0000 4200.0000
v 35000.0000 4125.0000 4200.0000
v 35000.0000 3300.0000 4200.0000
v 35000.0000 2475.0000 4200.0000
v 35000.0000 1650.0000 4200.0000
v 35000.0000 825.0000 4200.0000
v 35000.0000 0.0000 4200.0000
v 35000.0000 -825.0000 4200.0000
v 35000.0000 -1650.0000 4200.0000
v 35000.0000 -2475.0000 4200.0000
v 35000.0000 -3300.0000 4200.0000
v 35000.0000 -4125.0000 4200.0000
v 35000.0000 -4950.0000 4200.0000
v 35000.0000 -5775.0000 4200.0000
v 35000.0000 -6600.0000 4200.0000
v 35000.0000 -7425.0000 4200.0000
v 35000.0000 -8250.0000 4200.0000
v 35000.0000 -8248.2238 3940.2537
v 35000.0000 -8246.4858 3686.0944
v 35000.0000 -8244.7868 3437.6477
v 35000.0000 -8243.1278 3195.0483
v 35000.0000 -8241.5098 2958.4404
v 35000.0000 -8239.9339 2727.9800
v 35000.0000 -8238.4011 2503.8356
v 35000.0000 -8236.9128 2286.1904
v 35000.0000 -8235.4703 2075.2447
v 35000.0000 -8234.0751 1871.2184
v 35000.0000 -8232.7289 1674.3547
v 35000.0000 -8231.4335 1484.9242
v 35000.0000 -8230.1910 1303.2312
v 35000.0000 -8226.5423 1129.6201
v 35000.0000 -8203.4131 964.4866
v 35000.0000 -8159.4036 808.2904
v 35000.0000 -8096.1165 661.5756
v 35000.0000 -8014.5194 525.0000
v 35000.0000 -7914.9893 399.3810
v 35000.0000 -7797.2142 285.7738
v 35000.0000 -7659.8449 185.6155
v 35000.0000 -7499.4751 101.0363
v 35000.0000 -7306.8201 35.7217
v 35000.0000 -7014.3421 0.0000
v 36000.0000 0.0000 0.0000
v 36000.0000 7022.7953 0.0000
v 36000.0000 7314.6867 35.7217
v 36000.0000 7506.9281 101.0363
v 36000.0000 7666.9169 185.6155
v 36000.0000 7803.9140 285.7738
v 36000.0000 7921.3125 399.3810
v 36000.0000 8020.4510 525.0000
v 36000.0000 8101.6315 661.5756
v 36000.0000 8164.4650 808.2904
v 36000.0000 8207.9683 964.4866
v 36000.0000 8230.5163 1129.6201
v 36000.0000 8233.7557 1303.2312
v 36000.0000 8234.7746 1484.9242
v 36000.0000 8235.8368 1674.3547
v 36000.0000 8236.9408 1871.2184
v 36000.0000 8238.0849 2075.2447
v 36000.0000 8239.2679 2286.1904
v 36000.0000 8240.4884 2503.8356
v 36000.0000 8241.7453 2727.9800
v 36000.0000 8243.0377 2958.4404
v 36000.0000 8244.3645 3195.0483
v 36000.0000 8245.7249 3437.6477
v 36000.0000 8247.1182 3686.0944
v 36000.0000 8248.5434 3940.2537
v 36000.0000 8250.0000 4200.0000
v 36000.0000 7425.0000 4200.0000
v 36000.0000 6600.0000 4200.0000
v 36000.0000 5775.0000 4200.0000
v 36000.0000 4950.0000 4200.0000
v 36000.0000 4125.0000 4200.0000
v 36000.0000 3300.0000 4200.0000
v 36000.0000 2475.0000 4200.0000
v 36000.0000 1650.0000 4200.0000
v 36000.0000 825.0000 4200.0000
v 36000.0000 0.0000 4200.0000
v 36000.0000 -825.0000 4200.0000
v 36000.0000 -1650.0000 4200.0000
v 36000.0000 -2475.0000 4200.0000
v 36000.0000 -3300.0000 4200.0000
v 36000.0000 -4125.0000 4200.0000
v 36000.0000 -4950.0000 4200.0000
v 36000.0000 -5775.0000 4200.0000
v 36000.0000 -6600.0000 4200.0000
v 36000.0000 -7425.0000 4200.0000
v 36000.0000 -8250.0000 4200.0000
v 36000.0000 -8248.5434 3940.2537
v 36000.0000 -8247.1182 3686.0944
v 36000.0000 -8245.7249 3437.6477
v 36000.0000 -8244.3645 3195.0483
v 36000.0000 -8243.0377 2958.4404
v 36000.0000 -8241.7453 2727.9800
v 36000.0000 -8240.4884 2503.8356
v 36000.0000 -8239.2679 2286.1904
v 36000.0000 -8238.0849 2075.2447
v 36000.0000 -8236.9408 1871.2184
v 36000.0000 -8235.8368 1674.3547
v 36000.0000 -8234.7746 1484.9242
v 36000.0000 -8233.7557 1303.2312
v 36000.0000 -8230.5163 1129.6201
v 36000.0000 -8207.9683 964.4866
v 36000.0000 -8164.4650 808.2904
v 36000.0000 -8101.6315 661.5756
v 36000.0000 -8020.4510 525.0000
v 36000.0000 -7921.3125 399.3810
v 36000.0000 -7803.9140 285.7738
v 36000.0000 -7666.9169 185.6155
v 36000.0000 -7506.9281 101.0363
v 36000.0000 -7314.6867 35.7217
v 36000.0000 -7022.7953 0.0000
v 37000.0000 0.0000 0.0000
v 37000.0000 7030.0380 0.0000
v 37000.0000 7321.4606 35.7217
v 37000.0000 7513.3712 101.0363
v 37000.0000 7673.0556 185.6155
v 37000.0000 7809.7550 285.7738
v 37000.0000 7926.8520 399.3810
v 37000.0000 8025.6772 525.0000
v 37000.0000 8106.5242 661.5756
v 37000.0000 8168.9943 808.2904
v 37000.0000 8212.0916 964.4866
v 37000.0000 8234.1731 1129.6201
v 37000.0000 8237.0740 1303.2312
v 37000.0000 8237.8848 1484.9242
v 37000.0000 8238.7301 1674.3547
v 37000.0000 8239.6085 1871.2184
v 37000.0000 8240.5189 2075.2447
v 37000.0000 8241.4602 2286.1904
v 37000.0000 8242.4314 2503.8356
v 37000.0000 8243.4316 2727.9800
v 37000.0000 8244.4599 2958.4404
v 37000.0000 8245.5157 3195.0483
v 37000.0000 8246.5982 3437.6477
v 37000.0000 8247.7069 3686.0944
v 37000.0000 8248.8410 3940.2537
v 37000.0000 8250.0000 4200.0000
v 37000.0000 7425.0000 4200.0000
v 37000.0000 6600.0000 4200.0000
v 37000.0000 5775.0000 4200.0000
v 37000.0000 4950.0000 4200.0000
v 37000.0000 4125.0000 4200.0000
v 37000.0000 3300.0000 4200.0000
v 37000.0000 2475.0000 4200.0000
v 37000.0000 1650.0000 4200.0000
v 37000.0000 825.0000 4200.0000
v 37000.0000 0.0000 4200.0000
v 37000.0000 -825.0000 4200.0000
v 37000.0000 -1650.0000 4200.0000
v 37000.0000 -2475.0000 4200.0000
v 37000.0000 -3300.0000 4200.0000
v 37000.0000 -4125.0000 4200.0000
v 37000.0000 -4950.0000 4200.0000
v 37000.0000 -5775.0000 4200.0000
v 37000.0000 -6600.0000 4200.0000
v 37000.0000 -7425.0000 4200.0000
v 37000.0000 -8250.0000 4200.0000
v 37000.0000 -8248.8410 3940.2537
v 37000.0000 -8247.7069 3686.0944
v 37000.0000 -8246.5982 3437.6477
v 37000.0000 -8245.5157 3195.0483
v 37000.0000 -8244.4599 2958.4404
v 37000.0000 -8243.4316 2727.9800
v 37000.0000 -8242.4314 2503.8356
v 37000.0000 -8241.4602 2286.1904
v 37000.0000 -8240.5189 2075.2447
v 37000.0000 -8239.6085 1871.2184
v 37000.0000 -8238.7301 1674.3547
v 37000.0000 -8237.8848 1484.9242
v 37000.0000 -8237.0740 1303.2312
v 37000.0000 -8234.1731 1129.6201
v 37000.0000 -8212.0916 964.4866
v 37000.0000 -8168.9943 808.2904
v 37000.0000 -8106.5242 661.5756
v 37000.0000 -8025.6772 525.0000
v 37000.0000 -7926.8520 399.3810
v 37000.0000 -7809.7550 285.7738
v 37000.0000 -7673.0556 185.6155
v 37000.0000 -7513.3712 101.0363
v 37000.0000 -7321.4606 35.7217
v 37000.0000 -7030.0380 0.0000
v 38000.0000 0.0000 0.0000
v 38000.0000 7036.4091 0.0000
v 38000.0000 7327.4286 35.7217
v 38000.0000 7519.0549 101.0363
v 38000.0000 7678.4774 185.6155
v 38000.0000 7814.9208 285.7738
v 38000.0000 7931.7585 399.3810
v 38000.0000 8030.3141 525.0000
v 38000.0000 8110.8739 661.5756
v 38000.0000 8173.0310 808.2904
v 38000.0000 8215.7785 964.4866
v 38000.0000 8237.4577 1129.6201
v 38000.0000 8240.0657 1303.2312
v 38000.0000 8240.6888 1484.9242
v 38000.0000 8241.3385 1674.3547
v 38000.0000 8242.0136 1871.2184
v 38000.0000 8242.7133 2075.2447
v 38000.0000 8243.4367 2286.1904
v 38000.0000 8244.1831 2503.8356
v 38000.0000 8244.9518 2727.9800
v 38000.0000 8245.7422 2958.4404
v 38000.0000 8246.5536 3195.0483
v 38000.0000 8247.3856 3437.6477
v 38000.0000 8248.2376 3686.0944
v 38000.0000 8249.1092 3940.2537
v 38000.0000 8250.0000 4200.0000
v 38000.0000 7425.0000 4200.0000
v 38000.0000 6600.0000 4200.0000
v 38000.0000 5775.0000 4200.0000
v 38000.0000 4950.0000 4200.0000
v 38000.0000 4125.0000 4200.0000
v 38000.0000 3300.0000 4200.0000
v 38000.0000 2475.0000 4200.0000
v 38000.0000 1650.0000 4200.0000
v 38000.0000 825.0000 4200.0000
v 38000.0000 0.0000 4200.0000
v 38000.0000 -825.0000 4200.0000
v 38000.0000 -1650.0000 4200.0000
v 38000.0000 -2475.0000 4200.0000
v 38000.0000 -3300.0000 4200.0000
v 38000.0000 -4125.0000 4200.0000
v 38000.0000 -4950.0000 4200.0000
v 38000.0000 -5775.0000 4200.0000
v 38000.0000 -6600.0000 4200.0000
v 38000.0000 -7425.0000 4200.0000
v 38000.0000 -8250.0000 4200.0000
v 38000.0000 -8249.1092 3940.2537
v 38000.0000 -8248.2376 3686.0944
v 38000.0000 -8247.3856 3437.6477
v 38000.0000 -8246.5536 3195.0483
v 38000.0000 -8245.7422 2958.4404
v 38000.0000 -8244.9518 2727.9800
v 38000.0000 -8244.1831 2503.8356
v 38000.0000 -8243.4367 2286.1904
v 38000.0000 -8242.7133 2075.2447
v 38000.0000 -8242.0136 1871.2184
v 38000.0000 -8241.3385 1674.3547
v 38000.0000 -8240.6888 1484.9242
v 38000.0000 -8240.0657 1303.2312
v 38000.0000 -8237.4577 1129.6201
v 38000.0000 -8215.7785 964.4866
v 38000.0000 -8173.0310 808.2904
v 38000.0000 -8110.8739 661.5756
v 38000.0000 -8030.3141 525.0000
v 38000.0000 -7931.7585 399.3810
v 38000.0000 -7814.9208 285.7738
v 38000.0000 -7678.4774 185.6155
v 38000.0000 -7519.0549 101.0363
v 38000.0000 -7327.4286 35.7217
v 38000.0000 -7036.4091 0.0000
v 39000.0000 0.0000 0.0000
v 39000.0000 7042.2473 0.0000
v 39000.0000 7332.8775 35.7217
v 39000.0000 7524.2292 101.0363
v 39000.0000 7683.3988 185.6155
v 39000.0000 7819.5948 285.7738
v 39000.0000 7936.1820 399.3810
v 39000.0000 8034.4768 525.0000
v 39000.0000 8114.7589 661.5756
v 39000.0000 8176.6132 808.2904
v 39000.0000 8219.0221 964.4866
v 39000.0000 8240.3114 1129.6201
v 39000.0000 8242.6503 1303.2312
v 39000.0000 8243.1113 1484.9242
v 39000.0000 8243.5919 1674.3547
v 39000.0000 8244.0914 1871.2184
v 39000.0000 8244.6091 2075.2447
v 39000.0000 8245.1443 2286.1904
v 39000.0000 8245.6965 2503.8356
v 39000.0000 8246.2652 2727.9800
v 39000.0000 8246.8499 2958.4404
v 39000.0000 8247.4502 3195.0483
v 39000.0000 8248.0658 3437.6477
v 39000.0000 8248.6961 3686.0944
v 39000.0000 8249.3410 3940.2537
v 39000.0000 8250.0000 4200.0000
v 39000.0000 7425.0000 4200.0000
v 39000.0000 6600.0000 4200.0000
v 39000.0000 5775.0000 4200.0000
v 39000.0000 4950.0000 4200.0000
v 39000.0000 4125.0000 4200.0000
v 39000.0000 3300.0000 4200.0000
v 39000.0000 2475.0000 4200.0000
v 39000.0000 1650.0000 4200.0000
v 39000.0000 825.0000 4200.0000
v 39000.0000 0.0000 4200.0000
v 39000.0000 -825.0000 4200.0000
v 39000.0000 -1650.0000 4200.0000
v 39000.0000 -2475.0000 4200.0000
v 39000.0000 -3300.0000 4200.0000
v 39000.0000 -4125.0000 4200.0000
v 39000.0000 -4950.0000 4200.0000
v 39000.0000 -5775.0000 4200.0000
v 39000.0000 -6600.0000 4200.0000
v 39000.0000 -7425.0000 4200.0000
v 39000.0000 -8250.0000 4200.0000
v 39000.0000 -8249.3410 3940.2537
v 39000.0000 -8248.6961 3686.0944
v 39000.0000 -8248.0658 3437.6477
v 39000.0000 -8247.4502 3195.0483
v 39000.0000 -8246.8499 2958.4404
v 39000.0000 -8246.2652 2727.9800
v 39000.0000 -8245.6965 2503.8356
v 39000.0000 -8245.1443 2286.1904
v 39000.0000 -8244.6091 2075.2447
v 39000.0000 -8244.0914 1871.2184
v 39000.0000 -8243.5919 1674.3547
v 39000.0000 -8243.1113 1484.9242
v 39000.0000 -8242.6503 1303.2312
v 39000.0000 -8240.3114 1129.6201
v 39000.0000 -8219.0221 964.4866
v 39000.0000 -8176.6132 808.2904
v 39000.0000 -8114.7589 661.5756
v 39000.0000 -8034.4768 525.0000
v 39000.0000 -7936.1820 399.3810
v 39000.0000 -7819.5948 285.7738
v 39000.0000 -7683.3988 185.6155
v 39000.0000 -7524.2292 101.0363
v 39000.0000 -7332.8775 35.7217
v 39000.0000 -7042.2473 0.0000
v 40000.0000 0.0000 0.0000
v 40000.0000 7047.8914 0.0000
v 40000.0000 7338.0940 35.7217
v 40000.0000 7529.1440 101.0363
v 40000.0000 7688.0356 185.6155
v 40000.0000 7823.9597 285.7738
v 40000.0000 7940.2714 399.3810
v 40000.0000 8038.2797 525.0000
v 40000.0000 8118.2563 661.5756
v 40000.0000 8179.7773 808.2904
v 40000.0000 8221.8132 964.4866
v 40000.0000 8242.6729 1129.6201
v 40000.0000 8244.7475 1303.2312
v 40000.0000 8245.0770 1484.9242
v 40000.0000 8245.4204 1674.3547
v 40000.0000 8245.7774 1871.2184
v 40000.0000 8246.1473 2075.2447
v 40000.0000 8246.5298 2286.1904
v 40000.0000 8246.9245 2503.8356
v 40000.0000 8247.3309 2727.9800
v 40000.0000 8247.7488 2958.4404
v 40000.0000 8248.1778 3195.0483
v 40000.0000 8248.6177 3437.6477
v 40000.0000 8249.0682 3686.0944
v 40000.0000 8249.5290 3940.2537
v 40000.0000 8250.0000 4200.0000
v 40000.0000 7425.0000 4200.0000
v 40000.0000 6600.0000 4200.0000
v 40000.0000 5775.0000 4200.0000
v 40000.0000 4950.0000 4200.0000
v 40000.0000 4125.0000 4200.0000
v 40000.0000 3300.0000 4200.0000
v 40000.0000 2475.0000 4200.0000
v 40000.0000 1650.0000 4200.0000
v 40000.0000 825.0000 4200.0000
v 40000.0000 0.0000 4200.0000
v 40000.0000 -825.0000 4200.0000
v 40000.0000 -1650.0000 4200.0000
v 40000.0000 -2475.0000 4200.0000
v 40000.0000 -3300.0000 4200.0000
v 40000.0000 -4125.0000 4200.0000
v 40000.0000 -4950.0000 4200.0000
v 40000.0000 -5775.0000 4200.0000
v 40000.0000 -6600.0000 4200.0000
v 40000.0000 -7425.0000 4200.0000
v 40000.0000 -8250.0000 4200.0000
v 40000.0000 -8249.5290 3940.2537
v 40000.0000 -8249.0682 3686.0944
v 40000.0000 -8248.6177 3437.6477
v 40000.0000 -8248.1778 3195.0483
v 40000.0000 -8247.7488 2958.4404
v 40000.0000 -8247.3309 2727.9800
v 40000.0000 -8246.9245 2503.8356
v 40000.0000 -8246.5298 2286.1904
v 40000.0000 -8246.1473 2075.2447
v 40000.0000 -8245.7774 1871.2184
v 40000.0000 -8245.4204 1674.3547
v 40000.0000 -8245.0770 1484.9242
v 40000.0000 -8244.7475 1303.2312
v 40000.0000 -8242.6729 1129.6201
v 40000.0000 -8221.8132 964.4866
v 40000.0000 -8179.7773 808.2904
v 40000.0000 -8118.2563 661.5756
v 40000.0000 -8038.2797 525.0000
v 40000.0000 -7940.2714 399.3810
v 40000.0000 -7823.9597 285.7738
v 40000.0000 -7688.0356 185.6155
v 40000.0000 -7529.1440 101.0363
v 40000.0000 -7338.0940 35.7217
v 40000.0000 -7047.8914 0.0000
v 41000.0000 0.0000 0.0000
v 41000.0000 7053.6803 0.0000
v 41000.0000 7343.3645 35.7217
v 41000.0000 7534.0487 101.0363
v 41000.0000 7692.6032 185.6155
v 41000.0000 7828.1976 285.7738
v 41000.0000 7944.1752 399.3810
v 41000.0000 8041.8356 525.0000
v 41000.0000 8121.4413 661.5756
v 41000.0000 8182.5574 808.2904
v 41000.0000 8224.1400 964.4866
v 41000.0000 8244.4769 1129.6201
v 41000.0000 8246.2769 1303.2312
v 41000.0000 8246.5104 1484.9242
v 41000.0000 8246.7539 1674.3547
v 41000.0000 8247.0069 1871.2184
v 41000.0000 8247.2691 2075.2447
v 41000.0000 8247.5402 2286.1904
v 41000.0000 8247.8200 2503.8356
v 41000.0000 8248.1081 2727.9800
v 41000.0000 8248.4043 2958.4404
v 41000.0000 8248.7084 3195.0483
v 41000.0000 8249.0202 3437.6477
v 41000.0000 8249.3395 3686.0944
v 41000.0000 8249.6662 3940.2537
v 41000.0000 8250.0000 4200.0000
v 41000.0000 7425.0000 4200.0000
v 41000.0000 6600.0000 4200.0000
v 41000.0000 5775.0000 4200.0000
v 41000.0000 4950.0000 4200.0000
v 41000.0000 4125.0000 4200.0000
v 41000.0000 3300.0000 4200.0000
v 41000.0000 2475.0000 4200.0000
v 41000.0000 1650.0000 4200.0000
v 41000.0000 825.0000 4200.0000
v 41000.0000 0.0000 4200.0000
v 41000.0000 -825.0000 4200.0000
v 41000.0000 -1650.0000 4200.0000
v 41000.0000 -2475.0000 4200.0000
v 41000.0000 -3300.0000 4200.0000
v 41000.0000 -4125.0000 4200.0000
v 41000.0000 -4950.0000 4200.0000
v 41000.0000 -5775.0000 4200.0000
v 41000.0000 -6600.0000 4200.0000
v 41000.0000 -7425.0000 4200.0000
v 41000.0000 -8250.0000 4200.0000
v 41000.0000 -8249.6662 3940.2537
v 41000.0000 -8249.3395 3686.0944
v 41000.0000 -8249.0202 3437.6477
v 41000.0000 -8248.7084 3195.0483
v 41000.0000 -8248.4043 2958.4404
v 41000.0000 -8248.1081 2727.9800
v 41000.0000 -8247.8200 2503.8356
v 41000.0000 -8247.5402 2286.1904
v 41000.0000 -8247.2691 2075.2447
v 41000.0000 -8247.0069 1871.2184
v 41000.0000 -8246.7539 1674.3547
v 41000.0000 -8246.5104 1484.9242
v 41000.0000 -8246.2769 1303.2312
v 41000.0000 -8244.4769 1129.6201
v 41000.0000 -8224.1400 964.4866
v 41000.0000 -8182.5574 808.2904
v 41000.0000 -8121.4413 661.5756
v 41000.0000 -8041.8356 525.0000
v 41000.0000 -7944.1752 399.3810
v 41000.0000 -7828.1976 285.7738
v 41000.0000 -7692.6032 185.6155
v 41000.0000 -7534.0487 101.0363
v 41000.0000 -7343.3645 35.7217
v 41000.0000 -7053.6803 0.0000
v 41700.0000 0.0000 0.0000
v 41700.0000 7058.0000 0.0000
v 41700.0000 7347.2390 35.7217
v 41700.0000 7537.6091 101.0363
v 41700.0000 7695.8742 185.6155
v 41700.0000 7831.1853 285.7738
v 41700.0000 7946.8757 399.3810
v 41700.0000 8044.2370 525.0000
v 41700.0000 8123.5237 661.5756
v 41700.0000 8184.2914 808.2904
v 41700.0000 8225.4835 964.4866
v 41700.0000 8245.3699 1129.6201
v 41700.0000 8246.9665 1303.2312
v 41700.0000 8247.1568 1484.9242
v 41700.0000 8247.3551 1674.3547
v 41700.0000 8247.5613 1871.2184
v 41700.0000 8247.7750 2075.2447
v 41700.0000 8247.9959 2286.1904
v 41700.0000 8248.2238 2503.8356
v 41700.0000 8248.4585 2727.9800
v 41700.0000 8248.6998 2958.4404
v 41700.0000 8248.9476 3195.0483
v 41700.0000 8249.2017 3437.6477
v 41700.0000 8249.4618 3686.0944
v 41700.0000 8249.7280 3940.2537
v 41700.0000 8250.0000 4200.0000
v 41700.0000 7425.0000 4200.0000
v 41700.0000 6600.0000 4200.0000
v 41700.0000 5775.0000 4200.0000
v 41700.0000 4950.0000 4200.0000
v 41700.0000 4125.0000 4200.0000
v 41700.0000 3300.0000 4200.0000
v 41700.0000 2475.0000 4200.0000
v 41700.0000 1650.0000 4200.0000
v 41700.0000 825.0000 4200.0000
v 41700.0000 0.0000 4200.0000
v 41700.0000 -825.0000 4200.0000
v 41700.0000 -1650.0000 4200.0000
v 41700.0000 -2475.0000 4200.0000
v 41700.0000 -3300.0000 4200.0000
v 41700.0000 -4125.0000 4200.0000
v 41700.0000 -4950.0000 4200.0000
v 41700.0000 -5775.0000 4200.0000
v 41700.0000 -6600.0000 4200.0000
v 41700.0000 -7425.0000 4200.0000
v 41700.0000 -8250.0000 4200.0000
v 41700.0000 -8249.7280 3940.2537
v 41700.0000 -8249.4618 3686.0944
v 41700.0000 -8249.2017 3437.6477
v 41700.0000 -8248.9476 3195.0483
v 41700.0000 -8248.6998 2958.4404
v 41700.0000 -8248.4585 2727.9800
v 41700.0000 -8248.2238 2503.8356
v 41700.0000 -8247.9959 2286.1904
v 41700.0000 -8247.7750 2075.2447
v 41700.0000 -8247.5613 1871.2184
v 41700.0000 -8247.3551 1674.3547
v 41700.0000 -8247.1568 1484.9242
v 41700.0000 -8246.9665 1303.2312
v 41700.0000 -8245.3699 1129.6201
v 41700.0000 -8225.4835 964.4866
v 41700.0000 -8184.2914 808.2904
v 41700.0000 -8123.5237 661.5756
v 41700.0000 -8044.2370 525.0000
v 41700.0000 -7946.8757 399.3810
v 41700.0000 -7831.1853 285.7738
v 41700.0000 -7695.8742 185.6155
v 41700.0000 -7537.6091 101.0363
v 41700.0000 -7347.2390 35.7217
v 41700.0000 -7058.0000 0.0000
v 42000.0000 0.0000 0.0000
v 42000.0000 7059.9713 0.0000
v 42000.0000 7348.9950 35.7217
v 42000.0000 7539.2130 101.0363
v 42000.0000 7697.3381 185.6155
v 42000.0000 7832.5121 285.7738
v 42000.0000 7948.0634 399.3810
v 42000.0000 8045.2800 525.0000
v 42000.0000 8124.4123 661.5756
v 42000.0000 8185.0111 808.2904
v 42000.0000 8226.0140 964.4866
v 42000.0000 8245.6818 1129.6201
v 42000.0000 8247.1877 1303.2312
v 42000.0000 8247.3641 1484.9242
v 42000.0000 8247.5480 1674.3547
v 42000.0000 8247.7391 1871.2184
v 42000.0000 8247.9372 2075.2447
v 42000.0000 8248.1420 2286.1904
v 42000.0000 8248.3533 2503.8356
v 42000.0000 8248.5709 2727.9800
v 42000.0000 8248.7946 2958.4404
v 42000.0000 8249.0243 3195.0483
v 42000.0000 8249.2599 3437.6477
v 42000.0000 8249.5011 3686.0944
v 42000.0000 8249.7478 3940.2537
v 42000.0000 8250.0000 4200.0000
v 42000.0000 7425.0000 4200.0000
v 42000.0000 6600.0000 4200.0000
v 42000.0000 5775.0000 4200.0000
v 42000.0000 4950.0000 4200.0000
v 42000.0000 4125.0000 4200.0000
v 42000.0000 3300.0000 4200.0000
v 42000.0000 2475.0000 4200.0000
v 42000.0000 1650.0000 4200.0000
v 42000.0000 825.0000 4200.0000
v 42000.0000 0.0000 4200.0000
v 42000.0000 -825.0000 4200.0000
v 42000.0000 -1650.0000 4200.0000
v 42000.0000 -2475.0000 4200.0000
v 42000.0000 -3300.0000 4200.0000
v 42000.0000 -4125.0000 4200.0000
v 42000.0000 -4950.0000 4200.0000
v 42000.0000 -5775.0000 4200.0000
v 42000.0000 -6600.0000 4200.0000
v 42000.0000 -7425.0000 4200.0000
v 42000.0000 -8250.0000 4200.0000
v 42000.0000 -8249.7478 3940.2537
v 42000.0000 -8249.5011 3686.0944
v 42000.0000 -8249.2599 3437.6477
v 42000.0000 -8249.0243 3195.0483
v 42000.0000 -8248.7946 2958.4404
v 42000.0000 -8248.5709 2727.9800
v 42000.0000 -8248.3533 2503.8356
v 42000.0000 -8248.1420 2286.1904
v 42000.0000 -8247.9372 2075.2447
v 42000.0000 -8247.7391 1871.2184
v 42000.0000 -8247.5480 1674.3547
v 42000.0000 -8247.3641 1484.9242
v 42000.0000 -8247.1877 1303.2312
v 42000.0000 -8245.6818 1129.6201
v 42000.0000 -8226.0140 964.4866
v 42000.0000 -8185.0111 808.2904
v 42000.0000 -8124.4123 661.5756
v 42000.0000 -8045.2800 525.0000
v 42000.0000 -7948.0634 399.3810
v 42000.0000 -7832.5121 285.7738
v 42000.0000 -7697.3381 185.6155
v 42000.0000 -7539.2130 101.0363
v 42000.0000 -7348.9950 35.7217
v 42000.0000 -7059.9713 0.0000
v 43000.0000 0.0000 0.0000
v 43000.0000 7067.1459 0.0000
v 43000.0000 7355.3709 35.7217
v 43000.0000 7545.0252 101.0363
v 43000.0000 7702.6305 185.6155
v 43000.0000 7837.2958 285.7738
v 43000.0000 7952.3312 399.3810
v 43000.0000 8049.0101 525.0000
v 43000.0000 8127.5684 661.5756
v 43000.0000 8187.5397 808.2904
v 43000.0000 8227.8385 964.4866
v 43000.0000 8246.6923 1129.6201
v 43000.0000 8247.8855 1303.2312
v 43000.0000 8248.0181 1484.9242
v 43000.0000 8248.1564 1674.3547
v 43000.0000 8248.3001 1871.2184
v 43000.0000 8248.4490 2075.2447
v 43000.0000 8248.6030 2286.1904
v 43000.0000 8248.7619 2503.8356
v 43000.0000 8248.9255 2727.9800
v 43000.0000 8249.0937 2958.4404
v 43000.0000 8249.2664 3195.0483
v 43000.0000 8249.4435 3437.6477
v 43000.0000 8249.6249 3686.0944
v 43000.0000 8249.8104 3940.2537
v 43000.0000 8250.0000 4200.0000
v 43000.0000 7425.0000 4200.0000
v 43000.0000 6600.0000 4200.0000
v 43000.0000 5775.0000 4200.0000
v 43000.0000 4950.0000 4200.0000
v 43000.0000 4125.0000 4200.0000
v 43000.0000 3300.0000 4200.0000
v 43000.0000 2475.0000 4200.0000
v 43000.0000 1650.0000 4200.0000
v 43000.0000 825.0000 4200.0000
v 43000.0000 0.0000 4200.0000
v 43000.0000 -825.0000 4200.0000
v 43000.0000 -1650.0000 4200.0000
v 43000.0000 -2475.0000 4200.0000
v 43000.0000 -3300.0000 4200.0000
v 43000.0000 -4125.0000 4200.0000
v 43000.0000 -4950.0000 4200.0000
v 43000.0000 -5775.0000 4200.0000
v 43000.0000 -6600.0000 4200.0000
v 43000.0000 -7425.0000 4200.0000
v 43000.0000 -8250.0000 4200.0000
v 43000.0000 -8249.8104 3940.2537
v 43000.0000 -8249.6249 3686.0944
v 43000.0000 -8249.4435 3437.6477
v 43000.0000 -8249.2664 3195.0483
v 43000.0000 -8249.0937 2958.4404
v 43000.0000 -8248.9255 2727.9800
v 43000.0000 -8248.7619 2503.8356
v 43000.0000 -8248.6030 2286.1904
v 43000.0000 -8248.4490 2075.2447
v 43000.0000 -8248.3001 1871.2184
v 43000.0000 -8248.1564 1674.3547
v 43000.0000 -8248.0181 1484.9242
v 43000.0000 -8247.8855 1303.2312
v 43000.0000 -8246.6923 1129.6201
v 43000.0000 -8227.8385 964.4866
v 43000.0000 -8187.5397 808.2904
v 43000.0000 -8127.5684 661.5756
v 43000.0000 -8049.0101 525.0000
v 43000.0000 -7952.3312 399.3810
v 43000.0000 -7837.2958 285.7738
v 43000.0000 -7702.6305 185.6155
v 43000.0000 -7545.0252 101.0363
v 43000.0000 -7355.3709 35.7217
v 43000.0000 -7067.1459 0.0000
v 44000.0000 0.0000 0.0000
v 44000.0000 7074.8241 0.0000
v 44000.0000 7362.1765 35.7217
v 44000.0000 7551.2147 101.0363
v 44000.0000 7708.2520 185.6155
v 44000.0000 7842.3610 285.7738
v 44000.0000 7956.8318 399.3810
v 44000.0000 8052.9221 525.0000
v 44000.0000 8130.8516 661.5756
v 44000.0000 8190.1346 808.2904
v 44000.0000 8229.6602 964.4866
v 44000.0000 8247.6187 1129.6201
v 44000.0000 8248.5105 1303.2312
v 44000.0000 8248.6040 1484.9242
v 44000.0000 8248.7014 1674.3547
v 44000.0000 8248.8026 1871.2184
v 44000.0000 8248.9075 2075.2447
v 44000.0000 8249.0160 2286.1904
v 44000.0000 8249.1279 2503.8356
v 44000.0000 8249.2431 2727.9800
v 44000.0000 8249.3616 2958.4404
v 44000.0000 8249.4833 3195.0483
v 44000.0000 8249.6080 3437.6477
v 44000.0000 8249.7358 3686.0944
v 44000.0000 8249.8664 3940.2537
v 44000.0000 8250.0000 4200.0000
v 44000.0000 7425.0000 4200.0000
v 44000.0000 6600.0000 4200.0000
v 44000.0000 5775.0000 4200.0000
v 44000.0000 4950.0000 4200.0000
v 44000.0000 4125.0000 4200.0000
v 44000.0000 3300.0000 4200.0000
v 44000.0000 2475.0000 4200.0000
v 44000.0000 1650.0000 4200.0000
v 44000.0000 825.0000 4200.0000
v 44000.0000 0.0000 4200.0000
v 44000.0000 -825.0000 4200.0000
v 44000.0000 -1650.0000 4200.0000
v 44000.0000 -2475.0000 4200.0000
v 44000.0000 -3300.0000 4200.0000
v 44000.0000 -4125.0000 4200.0000
v 44000.0000 -4950.0000 4200.0000
v 44000.0000 -5775.0000 4200.0000
v 44000.0000 -6600.0000 4200.0000
v 44000.0000 -7425.0000 4200.0000
v 44000.0000 -8250.0000 4200.0000
v 44000.0000 -8249.8664 3940.2537
v 44000.0000 -8249.7358 3686.0944
v 44000.0000 -8249.6080 3437.6477
v 44000.0000 -8249.4833 3195.0483
v 44000.0000 -8249.3616 2958.4404
v 44000.0000 -8249.2431 2727.9800
v 44000.0000 -8249.1279 2503.8356
v 44000.0000 -8249.0160 2286.1904
v 44000.0000 -8248.9075 2075.2447
v 44000.0000 -8248.8026 1871.2184
v 44000.0000 -8248.7014 1674.3547
v 44000.0000 -8248.6040 1484.9242
v 44000.0000 -8248.5105 1303.2312
v 44000.0000 -8247.6187 1129.6201
v 44000.0000 -8229.6602 964.4866
v 44000.0000 -8190.1346 808.2904
v 44000.0000 -8130.8516 661.5756
v 44000.0000 -8052.9221 525.0000
v 44000.0000 -7956.8318 399.3810
v 44000.0000 -7842.3610 285.7738
v 44000.0000 -7708.2520 185.6155
v 44000.0000 -7551.2147 101.0363
v 44000.0000 -7362.1765 35.7217
v 44000.0000 -7074.8241 0.0000
v 45000.0000 0.0000 0.0000
v 45000.0000 7082.4516 0.0000
v 45000.0000 7368.9238 35.7217
v 45000.0000 7557.3406 101.0363
v 45000.0000 7713.8046 185.6155
v 45000.0000 7847.3519 285.7738
v 45000.0000 7961.2525 399.3810
v 45000.0000 8056.7477 525.0000
v 45000.0000 8134.0410 661.5756
v 45000.0000 8192.6271 808.2904
v 45000.0000 8231.3685 964.4866
v 45000.0000 8248.4173 1129.6201
v 45000.0000 8249.0470 1303.2312
v 45000.0000 8249.1068 1484.9242
v 45000.0000 8249.1691 1674.3547
v 45000.0000 8249.2339 1871.2184
v 45000.0000 8249.3010 2075.2447
v 45000.0000 8249.3704 2286.1904
v 45000.0000 8249.4420 2503.8356
v 45000.0000 8249.5157 2727.9800
v 45000.0000 8249.5916 2958.4404
v 45000.0000 8249.6694 3195.0483
v 45000.0000 8249.7492 3437.6477
v 45000.0000 8249.8309 3686.0944
v 45000.0000 8249.9146 3940.2537
v 45000.0000 8250.0000 4200.0000
v 45000.0000 7425.0000 4200.0000
v 45000.0000 6600.0000 4200.0000
v 45000.0000 5775.0000 4200.0000
v 45000.0000 4950.0000 4200.0000
v 45000.0000 4125.0000 4200.0000
v 45000.0000 3300.0000 4200.0000
v 45000.0000 2475.0000 4200.0000
v 45000.0000 1650.0000 4200.0000
v 45000.0000 825.0000 4200.0000
v 45000.0000 0.0000 4200.0000
v 45000.0000 -825.0000 4200.0000
v 45000.0000 -1650.0000 4200.0000
v 45000.0000 -2475.0000 4200.0000
v 45000.0000 -3300.0000 4200.0000
v 45000.0000 -4125.0000 4200.0000
v 45000.0000 -4950.0000 4200.0000
v 45000.0000 -5775.0000 4200.0000
v 45000.0000 -6600.0000 4200.0000
v 45000.0000 -7425.0000 4200.0000
v 45000.0000 -8250.0000 4200.0000
v 45000.0000 -8249.9146 3940.2537
v 45000.0000 -8249.8309 3686.0944
v 45000.0000 -8249.7492 3437.6477
v 45000.0000 -8249.6694 3195.0483
v 45000.0000 -8249.5916 2958.4404
v 45000.0000 -8249.5157 2727.9800
v 45000.0000 -8249.4420 2503.8356
v 45000.0000 -8249.3704 2286.1904
v 45000.0000 -8249.3010 2075.2447
v 45000.0000 -8249.2339 1871.2184
v 45000.0000 -8249.1691 1674.3547
v 45000.0000 -8249.1068 1484.9242
v 45000.0000 -8249.0470 1303.2312
v 45000.0000 -8248.4173 1129.6201
v 45000.0000 -8231.3685 964.4866
v 45000.0000 -8192.6271 808.2904
v 45000.0000 -8134.0410 661.5756
v 45000.0000 -8056.7477 525.0000
v 45000.0000 -7961.2525 399.3810
v 45000.0000 -7847.3519 285.7738
v 45000.0000 -7713.8046 185.6155
v 45000.0000 -7557.3406 101.0363
v 45000.0000 -7368.9238 35.7217
v 45000.0000 -7082.4516 0.0000
v 46000.0000 0.0000 0.0000
v 46000.0000 7089.4739 0.0000
v 46000.0000 7375.1256 35.7217
v 46000.0000 7562.9628 101.0363
v 46000.0000 7718.8921 185.6155
v 46000.0000 7851.9152 285.7738
v 46000.0000 7965.2834 399.3810
v 46000.0000 8060.2228 525.0000
v 46000.0000 8136.9212 661.5756
v 46000.0000 8194.8549 808.2904
v 46000.0000 8232.8613 964.4866
v 46000.0000 8249.0560 1129.6201
v 46000.0000 8249.4791 1303.2312
v 46000.0000 8249.5118 1484.9242
v 46000.0000 8249.5458 1674.3547
v 46000.0000 8249.5812 1871.2184
v 46000.0000 8249.6179 2075.2447
v 46000.0000 8249.6559 2286.1904
v 46000.0000 8249.6950 2503.8356
v 46000.0000 8249.7353 2727.9800
v 46000.0000 8249.7767 2958.4404
v 46000.0000 8249.8193 3195.0483
v 46000.0000 8249.8629 3437.6477
v 46000.0000 8249.9076 3686.0944
v 46000.0000 8249.9533 3940.2537
v 46000.0000 8250.0000 4200.0000
v 46000.0000 7425.0000 4200.0000
v 46000.0000 6600.0000 4200.0000
v 46000.0000 5775.0000 4200.0000
v 46000.0000 4950.0000 4200.0000
v 46000.0000 4125.0000 4200.0000
v 46000.0000 3300.0000 4200.0000
v 46000.0000 2475.0000 4200.0000
v 46000.0000 1650.0000 4200.0000
v 46000.0000 825.0000 4200.0000
v 46000.0000 0.0000 4200.0000
v 46000.0000 -825.0000 4200.0000
v 46000.0000 -1650.0000 4200.0000
v 46000.0000 -2475.0000 4200.0000
v 46000.0000 -3300.0000 4200.0000
v 46000.0000 -4125.0000 4200.0000
v 46000.0000 -4950.0000 4200.0000
v 46000.0000 -5775.0000 4200.0000
v 46000.0000 -6600.0000 4200.0000
v 46000.0000 -7425.0000 4200.0000
v 46000.0000 -8250.0000 4200.0000
v 46000.0000 -8249.9533 3940.2537
v 46000.0000 -8249.9076 3686.0944
v 46000.0000 -8249.8629 3437.6477
v 46000.0000 -8249.8193 3195.0483
v 46000.0000 -8249.7767 2958.4404
v 46000.0000 -8249.7353 2727.9800
v 46000.0000 -8249.6950 2503.8356
v 46000.0000 -8249.6559 2286.1904
v 46000.0000 -8249.6179 2075.2447
v 46000.0000 -8249.5812 1871.2184
v 46000.0000 -8249.5458 1674.3547
v 46000.0000 -8249.5118 1484.9242
v 46000.0000 -8249.4791 1303.2312
v 46000.0000 -8249.0560 1129.6201
v 46000.0000 -8232.8613 964.4866
v 46000.0000 -8194.8549 808.2904
v 46000.0000 -8136.9212 661.5756
v 46000.0000 -8060.2228 525.0000
v 46000.0000 -7965.2834 399.3810
v 46000.0000 -7851.9152 285.7738
v 46000.0000 -7718.8921 185.6155
v 46000.0000 -7562.9628 101.0363
v 46000.0000 -7375.1256 35.7217
v 46000.0000 -7089.4739 0.0000
v 47000.0000 0.0000 0.0000
v 47000.0000 7095.3365 0.0000
v 47000.0000 7380.2951 35.7217
v 47000.0000 7567.6427 101.0363
v 47000.0000 7723.1201 185.6155
v 47000.0000 7855.7001 285.7738
v 47000.0000 7968.6180 399.3810
v 47000.0000 8063.0869 525.0000
v 47000.0000 8139.2815 661.5756
v 47000.0000 8196.6621 808.2904
v 47000.0000 8234.0447 964.4866
v 47000.0000 8249.5132 1129.6201
v 47000.0000 8249.7909 1303.2312
v 47000.0000 8249.8040 1484.9242
v 47000.0000 8249.8177 1674.3547
v 47000.0000 8249.8319 1871.2184
v 47000.0000 8249.8466 2075.2447
v 47000.0000 8249.8618 2286.1904
v 47000.0000 8249.8775 2503.8356
v 47000.0000 8249.8937 2727.9800
v 47000.0000 8249.9104 2958.4404
v 47000.0000 8249.9274 3195.0483
v 47000.0000 8249.9450 3437.6477
v 47000.0000 8249.9629 3686.0944
v 47000.0000 8249.9812 3940.2537
v 47000.0000 8250.0000 4200.0000
v 47000.0000 7425.0000 4200.0000
v 47000.0000 6600.0000 4200.0000
v 47000.0000 5775.0000 4200.0000
v 47000.0000 4950.0000 4200.0000
v 47000.0000 4125.0000 4200.0000
v 47000.0000 3300.0000 4200.0000
v 47000.0000 2475.0000 4200.0000
v 47000.0000 1650.0000 4200.0000
v 47000.0000 825.0000 4200.0000
v 47000.0000 0.0000 4200.0000
v 47000.0000 -825.0000 4200.0000
v 47000.0000 -1650.0000 4200.0000
v 47000.0000 -2475.0000 4200.0000
v 47000.0000 -3300.0000 4200.0000
v 47000.0000 -4125.0000 4200.0000
v 47000.0000 -4950.0000 4200.0000
v 47000.0000 -5775.0000 4200.0000
v 47000.0000 -6600.0000 4200.0000
v 47000.0000 -7425.0000 4200.0000
v 47000.0000 -8250.0000 4200.0000
v 47000.0000 -8249.9812 3940.2537
v 47000.0000 -8249.9629 3686.0944
v 47000.0000 -8249.9450 3437.6477
v 47000.0000 -8249.9274 3195.0483
v 47000.0000 -8249.9104 2958.4404
v 47000.0000 -8249.8937 2727.9800
v 47000.0000 -8249.8775 2503.8356
v 47000.0000 -8249.8618 2286.1904
v 47000.0000 -8249.8466 2075.2447
v 47000.0000 -8249.8319 1871.2184
v 47000.0000 -8249.8177 1674.3547
v 47000.0000 -8249.8040 1484.9242
v 47000.0000 -8249.7909 1303.2312
v 47000.0000 -8249.5132 1129.6201
v 47000.0000 -8234.0447 964.4866
v 47000.0000 -8196.6621 808.2904
v 47000.0000 -8139.2815 661.5756
v 47000.0000 -8063.0869 525.0000
v 47000.0000 -7968.6180 399.3810
v 47000.0000 -7855.7001 285.7738
v 47000.0000 -7723.1201 185.6155
v 47000.0000 -7567.6427 101.0363
v 47000.0000 -7380.2951 35.7217
v 47000.0000 -7095.3365 0.0000
v 48000.0000 0.0000 0.0000
v 48000.0000 7099.4852 0.0000
v 48000.0000 7383.9464 35.7217
v 48000.0000 7570.9425 101.0363
v 48000.0000 7726.0956 185.6155
v 48000.0000 7858.3574 285.7738
v 48000.0000 7970.9518 399.3810
v 48000.0000 8065.0826 525.0000
v 48000.0000 8140.9150 661.5756
v 48000.0000 8197.8975 808.2904
v 48000.0000 8234.8308 964.4866
v 48000.0000 8249.7755 1129.6201
v 48000.0000 8249.9664 1303.2312
v 48000.0000 8249.9685 1484.9242
v 48000.0000 8249.9707 1674.3547
v 48000.0000 8249.9730 1871.2184
v 48000.0000 8249.9754 2075.2447
v 48000.0000 8249.9778 2286.1904
v 48000.0000 8249.9803 2503.8356
v 48000.0000 8249.9829 2727.9800
v 48000.0000 8249.9856 2958.4404
v 48000.0000 8249.9884 3195.0483
v 48000.0000 8249.9912 3437.6477
v 48000.0000 8249.9940 3686.0944
v 48000.0000 8249.9970 3940.2537
v 48000.0000 8250.0000 4200.0000
v 48000.0000 7425.0000 4200.0000
v 48000.0000 6600.0000 4200.0000
v 48000.0000 5775.0000 4200.0000
v 48000.0000 4950.0000 4200.0000
v 48000.0000 4125.0000 4200.0000
v 48000.0000 3300.0000 4200.0000
v 48000.0000 2475.0000 4200.0000
v 48000.0000 1650.0000 4200.0000
v 48000.0000 825.0000 4200.0000
v 48000.0000 0.0000 4200.0000
v 48000.0000 -825.0000 4200.0000
v 48000.0000 -1650.0000 4200.0000
v 48000.0000 -2475.0000 4200.0000
v 48000.0000 -3300.0000 4200.0000
v 48000.0000 -4125.0000 4200.0000
v 48000.0000 -4950.0000 4200.0000
v 48000.0000 -5775.0000 4200.0000
v 48000.0000 -6600.0000 4200.0000
v 48000.0000 -7425.0000 4200.0000
v 48000.0000 -8250.0000 4200.0000
v 48000.0000 -8249.9970 3940.2537
v 48000.0000 -8249.9940 3686.0944
v 48000.0000 -8249.9912 3437.6477
v 48000.0000 -8249.9884 3195.0483
v 48000.0000 -8249.9856 2958.4404
v 48000.0000 -8249.9829 2727.9800
v 48000.0000 -8249.9803 2503.8356
v 48000.0000 -8249.9778 2286.1904
v 48000.0000 -8249.9754 2075.2447
v 48000.0000 -8249.9730 1871.2184
v 48000.0000 -8249.9707 1674.3547
v 48000.0000 -8249.9685 1484.9242
v 48000.0000 -8249.9664 1303.2312
v 48000.0000 -8249.7755 1129.6201
v 48000.0000 -8234.8308 964.4866
v 48000.0000 -8197.8975 808.2904
v 48000.0000 -8140.9150 661.5756
v 48000.0000 -8065.0826 525.0000
v 48000.0000 -7970.9518 399.3810
v 48000.0000 -7858.3574 285.7738
v 48000.0000 -7726.0956 185.6155
v 48000.0000 -7570.9425 101.0363
v 48000.0000 -7383.9464 35.7217
v 48000.0000 -7099.4852 0.0000
v 48650.0000 0.0000 0.0000
v 48650.0000 7101.0000 0.0000
v 48650.0000 7385.2754 35.7217
v 48650.0000 7572.1402 101.0363
v 48650.0000 7727.1720 185.6155
v 48650.0000 7859.3149 285.7738
v 48650.0000 7971.7884 399.3810
v 48650.0000 8065.7927 525.0000
v 48650.0000 8141.4895 661.5756
v 48650.0000 8198.3231 808.2904
v 48650.0000 8235.0881 964.4866
v 48650.0000 8249.8366 1129.6201
v 48650.0000 8250.0000 1303.2312
v 48650.0000 8250.0000 1484.9242
v 48650.0000 8250.0000 1674.3547
v 48650.0000 8250.0000 1871.2184
v 48650.0000 8250.0000 2075.2447
v 48650.0000 8250.0000 2286.1904
v 48650.0000 8250.0000 2503.8356
v 48650.0000 8250.0000 2727.9800
v 48650.0000 8250.0000 2958.4404
v 48650.0000 8250.0000 3195.0483
v 48650.0000 8250.0000 3437.6477
v 48650.0000 8250.0000 3686.0944
v 48650.0000 8250.0000 3940.2537
v 48650.0000 8250.0000 4200.0000
v 48650.0000 7425.0000 4200.0000
v 48650.0000 6600.0000 4200.0000
v 48650.0000 5775.0000 4200.0000
v 48650.0000 4950.0000 4200.0000
v 48650.0000 4125.0000 4200.0000
v 48650.0000 3300.0000 4200.0000
v 48650.0000 2475.0000 4200.0000
v 48650.0000 1650.0000 4200.0000
v 48650.0000 825.0000 4200.0000
v 48650.0000 0.0000 4200.0000
v 48650.0000 -825.0000 4200.0000
v 48650.0000 -1650.0000 4200.0000
v 48650.0000 -2475.0000 4200.0000
v 48650.0000 -3300.0000 4200.0000
v 48650.0000 -4125.0000 4200.0000
v 48650.0000 -4950.0000 4200.0000
v 48650.0000 -5775.0000 4200.0000
v 48650.0000 -6600.0000 4200.0000
v 48650.0000 -7425.0000 4200.0000
v 48650.0000 -8250.0000 4200.0000
v 48650.0000 -8250.0000 3940.2537
v 48650.0000 -8250.0000 3686.0944
v 48650.0000 -8250.0000 3437.6477
v 48650.0000 -8250.0000 3195.0483
v 48650.0000 -8250.0000 2958.4404
v 48650.0000 -8250.0000 2727.9800
v 48650.0000 -8250.0000 2503.8356
v 48650.0000 -8250.0000 2286.1904
v 48650.0000 -8250.0000 2075.2447
v 48650.0000 -8250.0000 1871.2184
v 48650.0000 -8250.0000 1674.3547
v 48650.0000 -8250.0000 1484.9242
v 48650.0000 -8250.0000 1303.2312
v 48650.0000 -8249.8366 1129.6201
v 48650.0000 -8235.0881 964.4866
v 48650.0000 -8198.3231 808.2904
v 48650.0000 -8141.4895 661.5756
v 48650.0000 -8065.7927 525.0000
v 48650.0000 -7971.7884 399.3810
v 48650.0000 -7859.3149 285.7738
v 48650.0000 -7727.1720 185.6155
v 48650.0000 -7572.1402 101.0363
v 48650.0000 -7385.2754 35.7217
v 48650.0000 -7101.0000 0.0000
v 49000.0000 0.0000 0.0000
v 49000.0000 7101.5079 0.0000
v 49000.0000 7385.7195 35.7217
v 49000.0000 7572.5392 101.0363
v 49000.0000 7727.5293 185.6155
v 49000.0000 7859.6314 285.7738
v 49000.0000 7972.0633 399.3810
v 49000.0000 8066.0242 525.0000
v 49000.0000 8141.6744 661.5756
v 49000.0000 8198.4568 808.2904
v 49000.0000 8235.1640 964.4866
v 49000.0000 8249.8449 1129.6201
v 49000.0000 8250.0000 1303.2312
v 49000.0000 8250.0000 1484.9242
v 49000.0000 8250.0000 1674.3547
v 49000.0000 8250.0000 1871.2184
v 49000.0000 8250.0000 2075.2447
v 49000.0000 8250.0000 2286.1904
v 49000.0000 8250.0000 2503.8356
v 49000.0000 8250.0000 2727.9800
v 49000.0000 8250.0000 2958.4404
v 49000.0000 8250.0000 3195.0483
v 49000.0000 8250.0000 3437.6477
v 49000.0000 8250.0000 3686.0944
v 49000.0000 8250.0000 3940.2537
v 49000.0000 8250.0000 4200.0000
v 49000.0000 7425.0000 4200.0000
v 49000.0000 6600.0000 4200.0000
v 49000.0000 5775.0000 4200.0000
v 49000.0000 4950.0000 4200.0000
v 49000.0000 4125.0000 4200.0000
v 49000.0000 3300.0000 4200.0000
v 49000.0000 2475.0000 4200.0000
v 49000.0000 1650.0000 4200.0000
v 49000.0000 825.0000 4200.0000
v 49000.0000 0.0000 4200.0000
v 49000.0000 -825.0000 4200.0000
v 49000.0000 -1650.0000 4200.0000
v 49000.0000 -2475.0000 4200.0000
v 49000.0000 -3300.0000 4200.0000
v 49000.0000 -4125.0000 4200.0000
v 49000.0000 -4950.0000 4200.0000
v 49000.0000 -5775.0000 4200.0000
v 49000.0000 -6600.0000 4200.0000
v 49000.0000 -7425.0000 4200.0000
v 49000.0000 -8250.0000 4200.0000
v 49000.0000 -8250.0000 3940.2537
v 49000.0000 -8250.0000 3686.0944
v 49000.0000 -8250.0000 3437.6477
v 49000.0000 -8250.0000 3195.0483
v 49000.0000 -8250.0000 2958.4404
v 49000.0000 -8250.0000 2727.9800
v 49000.0000 -8250.0000 2503.8356
v 49000.0000 -8250.0000 2286.1904
v 49000.0000 -8250.0000 2075.2447
v 49000.0000 -8250.0000 1871.2184
v 49000.0000 -8250.0000 1674.3547
v 49000.0000 -8250.0000 1484.9242
v 49000.0000 -8250.0000 1303.2312
v 49000.0000 -8249.8449 1129.6201
v 49000.0000 -8235.1640 964.4866
v 49000.0000 -8198.4568 808.2904
v 49000.0000 -8141.6744 661.5756
v 49000.0000 -8066.0242 525.0000
v 49000.0000 -7972.0633 399.3810
v 49000.0000 -7859.6314 285.7738
v 49000.0000 -7727.5293 185.6155
v 49000.0000 -7572.5392 101.0363
v 49000.0000 -7385.7195 35.7217
v 49000.0000 -7101.5079 0.0000
v 50000.0000 0.0000 0.0000
v 50000.0000 7102.7368 0.0000
v 50000.0000 7386.7939 35.7217
v 50000.0000 7573.5044 101.0363
v 50000.0000 7728.3938 185.6155
v 50000.0000 7860.3969 285.7738
v 50000.0000 7972.7283 399.3810
v 50000.0000 8066.5840 525.0000
v 50000.0000 8142.1214 661.5756
v 50000.0000 8198.7798 808.2904
v 50000.0000 8235.3469 964.4866
v 50000.0000 8249.8643 1129.6201
v 50000.0000 8250.0000 1303.2312
v 50000.0000 8250.0000 1484.9242
v 50000.0000 8250.0000 1674.3547
v 50000.0000 8250.0000 1871.2184
v 50000.0000 8250.0000 2075.2447
v 50000.0000 8250.0000 2286.1904
v 50000.0000 8250.0000 2503.8356
v 50000.0000 8250.0000 2727.9800
v 50000.0000 8250.0000 2958.4404
v 50000.0000 8250.0000 3195.0483
v 50000.0000 8250.0000 3437.6477
v 50000.0000 8250.0000 3686.0944
v 50000.0000 8250.0000 3940.2537
v 50000.0000 8250.0000 4200.0000
v 50000.0000 7425.0000 4200.0000
v 50000.0000 6600.0000 4200.0000
v 50000.0000 5775.0000 4200.0000
v 50000.0000 4950.0000 4200.0000
v 50000.0000 4125.0000 4200.0000
v 50000.0000 3300.0000 4200.0000
v 50000.0000 2475.0000 4200.0000
v 50000.0000 1650.0000 4200.0000
v 50000.0000 825.0000 4200.0000
v 50000.0000 0.0000 4200.0000
v 50000.0000 -825.0000 4200.0000
v 50000.0000 -1650.0000 4200.0000
v 50000.0000 -2475.0000 4200.0000
v 50000.0000 -3300.0000 4200.0000
v 50000.0000 -4125.0000 4200.0000
v 50000.0000 -4950.0000 4200.0000
v 50000.0000 -5775.0000 4200.0000
v 50000.0000 -6600.0000 4200.0000
v 50000.0000 -7425.0000 4200.0000
v 50000.0000 -8250.0000 4200.0000
v 50000.0000 -8250.0000 3940.2537
v 50000.0000 -8250.0000 3686.0944
v 50000.0000 -8250.0000 3437.6477
v 50000.0000 -8250.0000 3195.0483
v 50000.0000 -8250.0000 2958.4404
v 50000.0000 -8250.0000 2727.9800
v 50000.0000 -8250.0000 2503.8356
v 50000.0000 -8250.0000 2286.1904
v 50000.0000 -8250.0000 2075.2447
v 50000.0000 -8250.0000 1871.2184
v 50000.0000 -8250.0000 1674.3547
v 50000.0000 -8250.0000 1484.9242
v 50000.0000 -8250.0000 1303.2312
v 50000.0000 -8249.8643 1129.6201
v 50000.0000 -8235.3469 964.4866
v 50000.0000 -8198.7798 808.2904
v 50000.0000 -8142.1214 661.5756
v 50000.0000 -8066.5840 525.0000
v 50000.0000 -7972.7283 399.3810
v 50000.0000 -7860.3969 285.7738
v 50000.0000 -7728.3938 185.6155
v 50000.0000 -7573.5044 101.0363
v 50000.0000 -7386.7939 35.7217
v 50000.0000 -7102.7368 0.0000
v 51000.0000 0.0000 0.0000
v 51000.0000 7103.6999 0.0000
v 51000.0000 7387.6358 35.7217
v 51000.0000 7574.2607 101.0363
v 51000.0000 7729.0710 185.6155
v 51000.0000 7860.9967 285.7738
v 51000.0000 7973.2491 399.3810
v 51000.0000 8067.0223 525.0000
v 51000.0000 8142.4713 661.5756
v 51000.0000 8199.0324 808.2904
v 51000.0000 8235.4895 964.4866
v 51000.0000 8249.8786 1129.6201
v 51000.0000 8250.0000 1303.2312
v 51000.0000 8250.0000 1484.9242
v 51000.0000 8250.0000 1674.3547
v 51000.0000 8250.0000 1871.2184
v 51000.0000 8250.0000 2075.2447
v 51000.0000 8250.0000 2286.1904
v 51000.0000 8250.0000 2503.8356
v 51000.0000 8250.0000 2727.9800
v 51000.0000 8250.0000 2958.4404
v 51000.0000 8250.0000 3195.0483
v 51000.0000 8250.0000 3437.6477
v 51000.0000 8250.0000 3686.0944
v 51000.0000 8250.0000 3940.2537
v 51000.0000 8250.0000 4200.0000
v 51000.0000 7425.0000 4200.0000
v 51000.0000 6600.0000 4200.0000
v 51000.0000 5775.0000 4200.0000
v 51000.0000 4950.0000 4200.0000
v 51000.0000 4125.0000 4200.0000
v 51000.0000 3300.0000 4200.0000
v 51000.0000 2475.0000 4200.0000
v 51000.0000 1650.0000 4200.0000
v 51000.0000 825.0000 4200.0000
v 51000.0000 0.0000 4200.0000
v 51000.0000 -825.0000 4200.0000
v 51000.0000 -1650.0000 4200.0000
v 51000.0000 -2475.0000 4200.0000
v 51000.0000 -3300.0000 4200.0000
v 51000.0000 -4125.0000 4200.0000
v 51000.0000 -4950.0000 4200.0000
v 51000.0000 -5775.0000 4200.0000
v 51000.0000 -6600.0000 4200.0000
v 51000.0000 -7425.0000 4200.0000
v 51000.0000 -8250.0000 4200.0000
v 51000.0000 -8250.0000 3940.2537
v 51000.0000 -8250.0000 3686.0944
v 51000.0000 -8250.0000 3437.6477
v 51000.0000 -8250.0000 3195.0483
v 51000.0000 -8250.0000 2958.4404
v 51000.0000 -8250.0000 2727.9800
v 51000.0000 -8250.0000 2503.8356
v 51000.0000 -8250.0000 2286.1904
v 51000.0000 -8250.0000 2075.2447
v 51000.0000 -8250.0000 1871.2184
v 51000.0000 -8250.0000 1674.3547
v 51000.0000 -8250.0000 1484.9242
v 51000.0000 -8250.0000 1303.2312
v 51000.0000 -8249.8786 1129.6201
v 51000.0000 -8235.4895 964.4866
v 51000.0000 -8199.0324 808.2904
v 51000.0000 -8142.4713 661.5756
v 51000.0000 -8067.0223 525.0000
v 51000.0000 -7973.2491 399.3810
v 51000.0000 -7860.9967 285.7738
v 51000.0000 -7729.0710 185.6155
v 51000.0000 -7574.2607 101.0363
v 51000.0000 -7387.6358 35.7217
v 51000.0000 -7103.6999 0.0000
v 52000.0000 0.0000 0.0000
v 52000.0000 7104.4780 0.0000
v 52000.0000 7388.3160 35.7217
v 52000.0000 7574.8718 101.0363
v 52000.0000 7729.6182 185.6155
v 52000.0000 7861.4811 285.7738
v 52000.0000 7973.6698 399.3810
v 52000.0000 8067.3763 525.0000
v 52000.0000 8142.7538 661.5756
v 52000.0000 8199.2362 808.2904
v 52000.0000 8235.6044 964.4866
v 52000.0000 8249.8896 1129.6201
v 52000.0000 8250.0000 1303.2312
v 52000.0000 8250.0000 1484.9242
v 52000.0000 8250.0000 1674.3547
v 52000.0000 8250.0000 1871.2184
v 52000.0000 8250.0000 2075.2447
v 52000.0000 8250.0000 2286.1904
v 52000.0000 8250.0000 2503.8356
v 52000.0000 8250.0000 2727.9800
v 52000.0000 8250.0000 2958.4404
v 52000.0000 8250.0000 3195.0483
v 52000.0000 8250.0000 3437.6477
v 52000.0000 8250.0000 3686.0944
v 52000.0000 8250.0000 3940.2537
v 52000.0000 8250.0000 4200.0000
v 52000.0000 7425.0000 4200.0000
v 52000.0000 6600.0000 4200.0000
v 52000.0000 5775.0000 4200.0000
v 52000.0000 4950.0000 4200.0000
v 52000.0000 4125.0000 4200.0000
v 52000.0000 3300.0000 4200.0000
v 52000.0000 2475.0000 4200.0000
v 52000.0000 1650.0000 4200.0000
v 52000.0000 825.0000 4200.0000
v 52000.0000 0.0000 4200.0000
v 52000.0000 -825.0000 4200.0000
v 52000.0000 -1650.0000 4200.0000
v 52000.0000 -2475.0000 4200.0000
v 52000.0000 -3300.0000 4200.0000
v 52000.0000 -4125.0000 4200.0000
v 52000.0000 -4950.0000 4200.0000
v 52000.0000 -5775.0000 4200.0000
v 52000.0000 -6600.0000 4200.0000
v 52000.0000 -7425.0000 4200.0000
v 52000.0000 -8250.0000 4200.0000
v 52000.0000 -8250.0000 3940.2537
v 52000.0000 -8250.0000 3686.0944
v 52000.0000 -8250.0000 3437.6477
v 52000.0000 -8250.0000 3195.0483
v 52000.0000 -8250.0000 2958.4404
v 52000.0000 -8250.0000 2727.9800
v 52000.0000 -8250.0000 2503.8356
v 52000.0000 -8250.0000 2286.1904
v 52000.0000 -8250.0000 2075.2447
v 52000.0000 -8250.0000 1871.2184
v 52000.0000 -8250.0000 1674.3547
v 52000.0000 -8250.0000 1484.9242
v 52000.0000 -8250.0000 1303.2312
v 52000.0000 -8249.8896 1129.6201
v 52000.0000 -8235.6044 964.4866
v 52000.0000 -8199.2362 808.2904
v 52000.0000 -8142.7538 661.5756
v 52000.0000 -8067.3763 525.0000
v 52000.0000 -7973.6698 399.3810
v 52000.0000 -7861.4811 285.7738
v 52000.0000 -7729.6182 185.6155
v 52000.0000 -7574.8718 101.0363
v 52000.0000 -7388.3160 35.7217
v 52000.0000 -7104.4780 0.0000
v 53000.0000 0.0000 0.0000
v 53000.0000 7105.1523 0.0000
v 53000.0000 7388.9054 35.7217
v 53000.0000 7575.4011 101.0363
v 53000.0000 7730.0922 185.6155
v 53000.0000 7861.9008 285.7738
v 53000.0000 7974.0341 399.3810
v 53000.0000 8067.6828 525.0000
v 53000.0000 8142.9983 661.5756
v 53000.0000 8199.4125 808.2904
v 53000.0000 8235.7035 964.4866
v 53000.0000 8249.8987 1129.6201
v 53000.0000 8250.0000 1303.2312
v 53000.0000 8250.0000 1484.9242
v 53000.0000 8250.0000 1674.3547
v 53000.0000 8250.0000 1871.2184
v 53000.0000 8250.0000 2075.2447
v 53000.0000 8250.0000 2286.1904
v 53000.0000 8250.0000 2503.8356
v 53000.0000 8250.0000 2727.9800
v 53000.0000 8250.0000 2958.4404
v 53000.0000 8250.0000 3195.0483
v 53000.0000 8250.0000 3437.6477
v 53000.0000 8250.0000 3686.0944
v 53000.0000 8250.0000 3940.2537
v 53000.0000 8250.0000 4200.0000
v 53000.0000 7425.0000 4200.0000
v 53000.0000 6600.0000 4200.0000
v 53000.0000 5775.0000 4200.0000
v 53000.0000 4950.0000 4200.0000
v 53000.0000 4125.0000 4200.0000
v 53000.0000 3300.0000 4200.0000
v 53000.0000 2475.0000 4200.0000
v 53000.0000 1650.0000 4200.0000
v 53000.0000 825.0000 4200.0000
v 53000.0000 0.0000 4200.0000
v 53000.0000 -825.0000 4200.0000
v 53000.0000 -1650.0000 4200.0000
v 53000.0000 -2475.0000 4200.0000
v 53000.0000 -3300.0000 4200.0000
v 53000.0000 -4125.0000 4200.0000
v 53000.0000 -4950.0000 4200.0000
v 53000.0000 -5775.0000 4200.0000
v 53000.0000 -6600.0000 4200.0000
v 53000.0000 -7425.0000 4200.0000
v 53000.0000 -8250.0000 4200.0000
v 53000.0000 -8250.0000 3940.2537
v 53000.0000 -8250.0000 3686.0944
v 53000.0000 -8250.0000 3437.6477
v 53000.0000 -8250.0000 3195.0483
v 53000.0000 -8250.0000 2958.4404
v 53000.0000 -8250.0000 2727.9800
v 53000.0000 -8250.0000 2503.8356
v 53000.0000 -8250.0000 2286.1904
v 53000.0000 -8250.0000 2075.2447
v 53000.0000 -8250.0000 1871.2184
v 53000.0000 -8250.0000 1674.3547
v 53000.0000 -8250.0000 1484.9242
v 53000.0000 -8250.0000 1303.2312
v 53000.0000 -8249.8987 1129.6201
v 53000.0000 -8235.7035 964.4866
v 53000.0000 -8199.4125 808.2904
v 53000.0000 -8142.9983 661.5756
v 53000.0000 -8067.6828 525.0000
v 53000.0000 -7974.0341 399.3810
v 53000.0000 -7861.9008 285.7738
v 53000.0000 -7730.0922 185.6155
v 53000.0000 -7575.4011 101.0363
v 53000.0000 -7388.9054 35.7217
v 53000.0000 -7105.1523 0.0000
v 54000.0000 0.0000 0.0000
v 54000.0000 7105.8035 0.0000
v 54000.0000 7389.4747 35.7217
v 54000.0000 7575.9125 101.0363
v 54000.0000 7730.5500 185.6155
v 54000.0000 7862.3061 285.7738
v 54000.0000 7974.3860 399.3810
v 54000.0000 8067.9788 525.0000
v 54000.0000 8143.2343 661.5756
v 54000.0000 8199.5826 808.2904
v 54000.0000 8235.7991 964.4866
v 54000.0000 8249.9071 1129.6201
v 54000.0000 8250.0000 1303.2312
v 54000.0000 8250.0000 1484.9242
v 54000.0000 8250.0000 1674.3547
v 54000.0000 8250.0000 1871.2184
v 54000.0000 8250.0000 2075.2447
v 54000.0000 8250.0000 2286.1904
v 54000.0000 8250.0000 2503.8356
v 54000.0000 8250.0000 2727.9800
v 54000.0000 8250.0000 2958.4404
v 54000.0000 8250.0000 3195.0483
v 54000.0000 8250.0000 3437.6477
v 54000.0000 8250.0000 3686.0944
v 54000.0000 8250.0000 3940.2537
v 54000.0000 8250.0000 4200.0000
v 54000.0000 7425.0000 4200.0000
v 54000.0000 6600.0000 4200.0000
v 54000.0000 5775.0000 4200.0000
v 54000.0000 4950.0000 4200.0000
v 54000.0000 4125.0000 4200.0000
v 54000.0000 3300.0000 4200.0000
v 54000.0000 2475.0000 4200.0000
v 54000.0000 1650.0000 4200.0000
v 54000.0000 825.0000 4200.0000
v 54000.0000 0.0000 4200.0000
v 54000.0000 -825.0000 4200.0000
v 54000.0000 -1650.0000 4200.0000
v 54000.0000 -2475.0000 4200.0000
v 54000.0000 -3300.0000 4200.0000
v 54000.0000 -4125.0000 4200.0000
v 54000.0000 -4950.0000 4200.0000
v 54000.0000 -5775.0000 4200.0000
v 54000.0000 -6600.0000 4200.0000
v 54000.0000 -7425.0000 4200.0000
v 54000.0000 -8250.0000 4200.0000
v 54000.0000 -8250.0000 3940.2537
v 54000.0000 -8250.0000 3686.0944
v 54000.0000 -8250.0000 3437.6477
v 54000.0000 -8250.0000 3195.0483
v 54000.0000 -8250.0000 2958.4404
v 54000.0000 -8250.0000 2727.9800
v 54000.0000 -8250.0000 2503.8356
v 54000.0000 -8250.0000 2286.1904
v 54000.0000 -8250.0000 2075.2447
v 54000.0000 -8250.0000 1871.2184
v 54000.0000 -8250.0000 1674.3547
v 54000.0000 -8250.0000 1484.9242
v 54000.0000 -8250.0000 1303.2312
v 54000.0000 -8249.9071 1129.6201
v 54000.0000 -8235.7991 964.4866
v 54000.0000 -8199.5826 808.2904
v 54000.0000 -8143.2343 661.5756
v 54000.0000 -8067.9788 525.0000
v 54000.0000 -7974.3860 399.3810
v 54000.0000 -7862.3061 285.7738
v 54000.0000 -7730.5500 185.6155
v 54000.0000 -7575.9125 101.0363
v 54000.0000 -7389.4747 35.7217
v 54000.0000 -7105.8035 0.0000
v 55000.0000 0.0000 0.0000
v 55000.0000 7106.5129 0.0000
v 55000.0000 7390.0946 35.7217
v 55000.0000 7576.4693 101.0363
v 55000.0000 7731.0485 185.6155
v 55000.0000 7862.7474 285.7738
v 55000.0000 7974.7691 399.3810
v 55000.0000 8068.3010 525.0000
v 55000.0000 8143.4912 661.5756
v 55000.0000 8199.7676 808.2904
v 55000.0000 8235.9028 964.4866
v 55000.0000 8249.9159 1129.6201
v 55000.0000 8250.0000 1303.2312
v 55000.0000 8250.0000 1484.9242
v 55000.0000 8250.0000 1674.3547
v 55000.0000 8250.0000 1871.2184
v 55000.0000 8250.0000 2075.2447
v 55000.0000 8250.0000 2286.1904
v 55000.0000 8250.0000 2503.8356
v 55000.0000 8250.0000 2727.9800
v 55000.0000 8250.0000 2958.4404
v 55000.0000 8250.0000 3195.0483
v 55000.0000 8250.0000 3437.6477
v 55000.0000 8250.0000 3686.0944
v 55000.0000 8250.0000 3940.2537
v 55000.0000 8250.0000 4200.0000
v 55000.0000 7425.0000 4200.0000
v 55000.0000 6600.0000 4200.0000
v 55000.0000 5775.0000 4200.0000
v 55000.0000 4950.0000 4200.0000
v 55000.0000 4125.0000 4200.0000
v 55000.0000 3300.0000 4200.0000
v 55000.0000 2475.0000 4200.0000
v 55000.0000 1650.0000 4200.0000
v 55000.0000 825.0000 4200.0000
v 55000.0000 0.0000 4200.0000
v 55000.0000 -825.0000 4200.0000
v 55000.0000 -1650.0000 4200.0000
v 55000.0000 -2475.0000 4200.0000
v 55000.0000 -3300.0000 4200.0000
v 55000.0000 -4125.0000 4200.0000
v 55000.0000 -4950.0000 4200.0000
v 55000.0000 -5775.0000 4200.0000
v 55000.0000 -6600.0000 4200.0000
v 55000.0000 -7425.0000 4200.0000
v 55000.0000 -8250.0000 4200.0000
v 55000.0000 -8250.0000 3940.2537
v 55000.0000 -8250.0000 3686.0944
v 55000.0000 -8250.0000 3437.6477
v 55000.0000 -8250.0000 3195.0483
v 55000.0000 -8250.0000 2958.4404
v 55000.0000 -8250.0000 2727.9800
v 55000.0000 -8250.0000 2503.8356
v 55000.0000 -8250.0000 2286.1904
v 55000.0000 -8250.0000 2075.2447
v 55000.0000 -8250.0000 1871.2184
v 55000.0000 -8250.0000 1674.3547
v 55000.0000 -8250.0000 1484.9242
v 55000.0000 -8250.0000 1303.2312
v 55000.0000 -8249.9159 1129.6201
v 55000.0000 -8235.9028 964.4866
v 55000.0000 -8199.7676 808.2904
v 55000.0000 -8143.4912 661.5756
v 55000.0000 -8068.3010 525.0000
v 55000.0000 -7974.7691 399.3810
v 55000.0000 -7862.7474 285.7738
v 55000.0000 -7731.0485 185.6155
v 55000.0000 -7576.4693 101.0363
v 55000.0000 -7390.0946 35.7217
v 55000.0000 -7106.5129 0.0000
v 55600.0000 0.0000 0.0000
v 55600.0000 7107.0000 0.0000
v 55600.0000 7390.5204 35.7217
v 55600.0000 7576.8517 101.0363
v 55600.0000 7731.3909 185.6155
v 55600.0000 7863.0504 285.7738
v 55600.0000 7975.0322 399.3810
v 55600.0000 8068.5222 525.0000
v 55600.0000 8143.6675 661.5756
v 55600.0000 8199.8945 808.2904
v 55600.0000 8235.9739 964.4866
v 55600.0000 8249.9217 1129.6201
v 55600.0000 8250.0000 1303.2312
v 55600.0000 8250.0000 1484.9242
v 55600.0000 8250.0000 1674.3547
v 55600.0000 8250.0000 1871.2184
v 55600.0000 8250.0000 2075.2447
v 55600.0000 8250.0000 2286.1904
v 55600.0000 8250.0000 2503.8356
v 55600.0000 8250.0000 2727.9800
v 55600.0000 8250.0000 2958.4404
v 55600.0000 8250.0000 3195.0483
v 55600.0000 8250.0000 3437.6477
v 55600.0000 8250.0000 3686.0944
v 55600.0000 8250.0000 3940.2537
v 55600.0000 8250.0000 4200.0000
v 55600.0000 7425.0000 4200.0000
v 55600.0000 6600.0000 4200.0000
v 55600.0000 5775.0000 4200.0000
v 55600.0000 4950.0000 4200.0000
v 55600.0000 4125.0000 4200.0000
v 55600.0000 3300.0000 4200.0000
v 55600.0000 2475.0000 4200.0000
v 55600.0000 1650.0000 4200.0000
v 55600.0000 825.0000 4200.0000
v 55600.0000 0.0000 4200.0000
v 55600.0000 -825.0000 4200.0000
v 55600.0000 -1650.0000 4200.0000
v 55600.0000 -2475.0000 4200.0000
v 55600.0000 -3300.0000 4200.0000
v 55600.0000 -4125.0000 4200.0000
v 55600.0000 -4950.0000 4200.0000
v 55600.0000 -5775.0000 4200.0000
v 55600.0000 -6600.0000 4200.0000
v 55600.0000 -7425.0000 4200.0000
v 55600.0000 -8250.0000 4200.0000
v 55600.0000 -8250.0000 3940.2537
v 55600.0000 -8250.0000 3686.0944
v 55600.0000 -8250.0000 3437.6477
v 55600.0000 -8250.0000 3195.0483
v 55600.0000 -8250.0000 2958.4404
v 55600.0000 -8250.0000 2727.9800
v 55600.0000 -8250.0000 2503.8356
v 55600.0000 -8250.0000 2286.1904
v 55600.0000 -8250.0000 2075.2447
v 55600.0000 -8250.0000 1871.2184
v 55600.0000 -8250.0000 1674.3547
v 55600.0000 -8250.0000 1484.9242
v 55600.0000 -8250.0000 1303.2312
v 55600.0000 -8249.9217 1129.6201
v 55600.0000 -8235.9739 964.4866
v 55600.0000 -8199.8945 808.2904
v 55600.0000 -8143.6675 661.5756
v 55600.0000 -8068.5222 525.0000
v 55600.0000 -7975.0322 399.3810
v 55600.0000 -7863.0504 285.7738
v 55600.0000 -7731.3909 185.6155
v 55600.0000 -7576.8517 101.0363
v 55600.0000 -7390.5204 35.7217
v 55600.0000 -7107.0000 0.0000
v 56000.0000 0.0000 0.0000
v 56000.0000 7107.3439 0.0000
v 56000.0000 7390.8210 35.7217
v 56000.0000 7577.1217 101.0363
v 56000.0000 7731.6325 185.6155
v 56000.0000 7863.2643 285.7738
v 56000.0000 7975.2178 399.3810
v 56000.0000 8068.6783 525.0000
v 56000.0000 8143.7919 661.5756
v 56000.0000 8199.9841 808.2904
v 56000.0000 8236.0239 964.4866
v 56000.0000 8249.9256 1129.6201
v 56000.0000 8250.0000 1303.2312
v 56000.0000 8250.0000 1484.9242
v 56000.0000 8250.0000 1674.3547
v 56000.0000 8250.0000 1871.2184
v 56000.0000 8250.0000 2075.2447
v 56000.0000 8250.0000 2286.1904
v 56000.0000 8250.0000 2503.8356
v 56000.0000 8250.0000 2727.9800
v 56000.0000 8250.0000 2958.4404
v 56000.0000 8250.0000 3195.0483
v 56000.0000 8250.0000 3437.6477
v 56000.0000 8250.0000 3686.0944
v 56000.0000 8250.0000 3940.2537
v 56000.0000 8250.0000 4200.0000
v 56000.0000 7425.0000 4200.0000
v 56000.0000 6600.0000 4200.0000
v 56000.0000 5775.0000 4200.0000
v 56000.0000 4950.0000 4200.0000
v 56000.0000 4125.0000 4200.0000
v 56000.0000 3300.0000 4200.0000
v 56000.0000 2475.0000 4200.0000
v 56000.0000 1650.0000 4200.0000
v 56000.0000 825.0000 4200.0000
v 56000.0000 0.0000 4200.0000
v 56000.0000 -825.0000 4200.0000
v 56000.0000 -1650.0000 4200.0000
v 56000.0000 -2475.0000 4200.0000
v 56000.0000 -3300.0000 4200.0000
v 56000.0000 -4125.0000 4200.0000
v 56000.0000 -4950.0000 4200.0000
v 56000.0000 -5775.0000 4200.0000
v 56000.0000 -6600.0000 4200.0000
v 56000.0000 -7425.0000 4200.0000
v 56000.0000 -8250.0000 4200.0000
v 56000.0000 -8250.0000 3940.2537
v 56000.0000 -8250.0000 3686.0944
v 56000.0000 -8250.0000 3437.6477
v 56000.0000 -8250.0000 3195.0483
v 56000.0000 -8250.0000 2958.4404
v 56000.0000 -8250.0000 2727.9800
v 56000.0000 -8250.0000 2503.8356
v 56000.0000 -8250.0000 2286.1904
v 56000.0000 -8250.0000 2075.2447
v 56000.0000 -8250.0000 1871.2184
v 56000.0000 -8250.0000 1674.3547
v 56000.0000 -8250.0000 1484.9242
v 56000.0000 -8250.0000 1303.2312
v 56000.0000 -8249.9256 1129.6201
v 56000.0000 -8236.0239 964.4866
v 56000.0000 -8199.9841 808.2904
v 56000.0000 -8143.7919 661.5756
v 56000.0000 -8068.6783 525.0000
v 56000.0000 -7975.2178 399.3810
v 56000.0000 -7863.2643 285.7738
v 56000.0000 -7731.6325 185.6155
v 56000.0000 -7577.1217 101.0363
v 56000.0000 -7390.8210 35.7217
v 56000.0000 -7107.3439 0.0000
v 57000.0000 0.0000 0.0000
v 57000.0000 7108.1937 0.0000
v 57000.0000 7391.5637 35.7217
v 57000.0000 7577.7886 101.0363
v 57000.0000 7732.2296 185.6155
v 57000.0000 7863.7928 285.7738
v 57000.0000 7975.6765 399.3810
v 57000.0000 8069.0639 525.0000
v 57000.0000 8144.0991 661.5756
v 57000.0000 8200.2050 808.2904
v 57000.0000 8236.1473 964.4866
v 57000.0000 8249.9350 1129.6201
v 57000.0000 8250.0000 1303.2312
v 57000.0000 8250.0000 1484.9242
v 57000.0000 8250.0000 1674.3547
v 57000.0000 8250.0000 1871.2184
v 57000.0000 8250.0000 2075.2447
v 57000.0000 8250.0000 2286.1904
v 57000.0000 8250.0000 2503.8356
v 57000.0000 8250.0000 2727.9800
v 57000.0000 8250.0000 2958.4404
v 57000.0000 8250.0000 3195.0483
v 57000.0000 8250.0000 3437.6477
v 57000.0000 8250.0000 3686.0944
v 57000.0000 8250.0000 3940.2537
v 57000.0000 8250.0000 4200.0000
v 57000.0000 7425.0000 4200.0000
v 57000.0000 6600.0000 4200.0000
v 57000.0000 5775.0000 4200.0000
v 57000.0000 4950.0000 4200.0000
v 57000.0000 4125.0000 4200.0000
v 57000.0000 3300.0000 4200.0000
v 57000.0000 2475.0000 4200.0000
v 57000.0000 1650.0000 4200.0000
v 57000.0000 825.0000 4200.0000
v 57000.0000 0.0000 4200.0000
v 57000.0000 -825.0000 4200.0000
v 57000.0000 -1650.0000 4200.0000
v 57000.0000 -2475.0000 4200.0000
v 57000.0000 -3300.0000 4200.0000
v 57000.0000 -4125.0000 4200.0000
v 57000.0000 -4950.0000 4200.0000
v 57000.0000 -5775.0000 4200.0000
v 57000.0000 -6600.0000 4200.0000
v 57000.0000 -7425.0000 4200.0000
v 57000.0000 -8250.0000 4200.0000
v 57000.0000 -8250.0000 3940.2537
v 57000.0000 -8250.0000 3686.0944
v 57000.0000 -8250.0000 3437.6477
v 57000.0000 -8250.0000 3195.0483
v 57000.0000 -8250.0000 2958.4404
v 57000.0000 -8250.0000 2727.9800
v 57000.0000 -8250.0000 2503.8356
v 57000.0000 -8250.0000 2286.1904
v 57000.0000 -8250.0000 2075.2447
v 57000.0000 -8250.0000 1871.2184
v 57000.0000 -8250.0000 1674.3547
v 57000.0000 -8250.0000 1484.9242
v 57000.0000 -8250.0000 1303.2312
v 57000.0000 -8249.9350 1129.6201
v 57000.0000 -8236.1473 964.4866
v 57000.0000 -8200.2050 808.2904
v 57000.0000 -8144.0991 661.5756
v 57000.0000 -8069.0639 525.0000
v 57000.0000 -7975.6765 399.3810
v 57000.0000 -7863.7928 285.7738
v 57000.0000 -7732.2296 185.6155
v 57000.0000 -7577.7886 101.0363
v 57000.0000 -7391.5637 35.7217
v 57000.0000 -7108.1937 0.0000
v 58000.0000 0.0000 0.0000
v 58000.0000 7109.0359 0.0000
v 58000.0000 7392.2997 35.7217
v 58000.0000 7578.4496 101.0363
v 58000.0000 7732.8213 185.6155
v 58000.0000 7864.3164 285.7738
v 58000.0000 7976.1308 399.3810
v 58000.0000 8069.4459 525.0000
v 58000.0000 8144.4034 661.5756
v 58000.0000 8200.4237 808.2904
v 58000.0000 8236.2691 964.4866
v 58000.0000 8249.9436 1129.6201
v 58000.0000 8250.0000 1303.2312
v 58000.0000 8250.0000 1484.9242
v 58000.0000 8250.0000 1674.3547
v 58000.0000 8250.0000 1871.2184
v 58000.0000 8250.0000 2075.2447
v 58000.0000 8250.0000 2286.1904
v 58000.0000 8250.0000 2503.8356
v 58000.0000 8250.0000 2727.9800
v 58000.0000 8250.0000 2958.4404
v 58000.0000 8250.0000 3195.0483
v 58000.0000 8250.0000 3437.6477
v 58000.0000 8250.0000 3686.0944
v 58000.0000 8250.0000 3940.2537
v 58000.0000 8250.0000 4200.0000
v 58000.0000 7425.0000 4200.0000
v 58000.0000 6600.0000 4200.0000
v 58000.0000 5775.0000 4200.0000
v 58000.0000 4950.0000 4200.0000
v 58000.0000 4125.0000 4200.0000
v 58000.0000 3300.0000 4200.0000
v 58000.0000 2475.0000 4200.0000
v 58000.0000 1650.0000 4200.0000
v 58000.0000 825.0000 4200.0000
v 58000.0000 0.0000 4200.0000
v 58000.0000 -825.0000 4200.0000
v 58000.0000 -1650.0000 4200.0000
v 58000.0000 -2475.0000 4200.0000
v 58000.0000 -3300.0000 4200.0000
v 58000.0000 -4125.0000 4200.0000
v 58000.0000 -4950.0000 4200.0000
v 58000.0000 -5775.0000 4200.0000
v 58000.0000 -6600.0000 4200.0000
v 58000.0000 -7425.0000 4200.0000
v 58000.0000 -8250.0000 4200.0000
v 58000.0000 -8250.0000 3940.2537
v 58000.0000 -8250.0000 3686.0944
v 58000.0000 -8250.0000 3437.6477
v 58000.0000 -8250.0000 3195.0483
v 58000.0000 -8250.0000 2958.4404
v 58000.0000 -8250.0000 2727.9800
v 58000.0000 -8250.0000 2503.8356
v 58000.0000 -8250.0000 2286.1904
v 58000.0000 -8250.0000 2075.2447
v 58000.0000 -8250.0000 1871.2184
v 58000.0000 -8250.0000 1674.3547
v 58000.0000 -8250.0000 1484.9242
v 58000.0000 -8250.0000 1303.2312
v 58000.0000 -8249.9436 1129.6201
v 58000.0000 -8236.2691 964.4866
v 58000.0000 -8200.4237 808.2904
v 58000.0000 -8144.4034 661.5756
v 58000.0000 -8069.4459 525.0000
v 58000.0000 -7976.1308 399.3810
v 58000.0000 -7864.3164 285.7738
v 58000.0000 -7732.8213 185.6155
v 58000.0000 -7578.4496 101.0363
v 58000.0000 -7392.2997 35.7217
v 58000.0000 -7109.0359 0.0000
v 59000.0000 0.0000 0.0000
v 59000.0000 7109.8788 0.0000
v 59000.0000 7393.0363 35.7217
v 59000.0000 7579.1111 101.0363
v 59000.0000 7733.4133 185.6155
v 59000.0000 7864.8403 285.7738
v 59000.0000 7976.5854 399.3810
v 59000.0000 8069.8279 525.0000
v 59000.0000 8144.7075 661.5756
v 59000.0000 8200.6421 808.2904
v 59000.0000 8236.3906 964.4866
v 59000.0000 8249.9516 1129.6201
v 59000.0000 8250.0000 1303.2312
v 59000.0000 8250.0000 1484.9242
v 59000.0000 8250.0000 1674.3547
v 59000.0000 8250.0000 1871.2184
v 59000.0000 8250.0000 2075.2447
v 59000.0000 8250.0000 2286.1904
v 59000.0000 8250.0000 2503.8356
v 59000.0000 8250.0000 2727.9800
v 59000.0000 8250.0000 2958.4404
v 59000.0000 8250.0000 3195.0483
v 59000.0000 8250.0000 3437.6477
v 59000.0000 8250.0000 3686.0944
v 59000.0000 8250.0000 3940.2537
v 59000.0000 8250.0000 4200.0000
v 59000.0000 7425.0000 4200.0000
v 59000.0000 6600.0000 4200.0000
v 59000.0000 5775.0000 4200.0000
v 59000.0000 4950.0000 4200.0000
v 59000.0000 4125.0000 4200.0000
v 59000.0000 3300.0000 4200.0000
v 59000.0000 2475.0000 4200.0000
v 59000.0000 1650.0000 4200.0000
v 59000.0000 825.0000 4200.0000
v 59000.0000 0.0000 4200.0000
v 59000.0000 -825.0000 4200.0000
v 59000.0000 -1650.0000 4200.0000
v 59000.0000 -2475.0000 4200.0000
v 59000.0000 -3300.0000 4200.0000
v 59000.0000 -4125.0000 4200.0000
v 59000.0000 -4950.0000 4200.0000
v 59000.0000 -5775.0000 4200.0000
v 59000.0000 -6600.0000 4200.0000
v 59000.0000 -7425.0000 4200.0000
v 59000.0000 -8250.0000 4200.0000
v 59000.0000 -8250.0000 3940.2537
v 59000.0000 -8250.0000 3686.0944
v 59000.0000 -8250.0000 3437.6477
v 59000.0000 -8250.0000 3195.0483
v 59000.0000 -8250.0000 2958.4404
v 59000.0000 -8250.0000 2727.9800
v 59000.0000 -8250.0000 2503.8356
v 59000.0000 -8250.0000 2286.1904
v 59000.0000 -8250.0000 2075.2447
v 59000.0000 -8250.0000 1871.2184
v 59000.0000 -8250.0000 1674.3547
v 59000.0000 -8250.0000 1484.9242
v 59000.0000 -8250.0000 1303.2312
v 59000.0000 -8249.9516 1129.6201
v 59000.0000 -8236.3906 964.4866
v 59000.0000 -8200.6421 808.2904
v 59000.0000 -8144.7075 661.5756
v 59000.0000 -8069.8279 525.0000
v 59000.0000 -7976.5854 399.3810
v 59000.0000 -7864.8403 285.7738
v 59000.0000 -7733.4133 185.6155
v 59000.0000 -7579.1111 101.0363
v 59000.0000 -7393.0363 35.7217
v 59000.0000 -7109.8788 0.0000
v 60000.0000 0.0000 0.0000
v 60000.0000 7110.7307 0.0000
v 60000.0000 7393.7807 35.7217
v 60000.0000 7579.7795 101.0363
v 60000.0000 7734.0115 185.6155
v 60000.0000 7865.3697 285.7738
v 60000.0000 7977.0447 399.3810
v 60000.0000 8070.2138 525.0000
v 60000.0000 8145.0146 661.5756
v 60000.0000 8200.8626 808.2904
v 60000.0000 8236.5129 964.4866
v 60000.0000 8249.9591 1129.6201
v 60000.0000 8250.0000 1303.2312
v 60000.0000 8250.0000 1484.9242
v 60000.0000 8250.0000 1674.3547
v 60000.0000 8250.0000 1871.2184
v 60000.0000 8250.0000 2075.2447
v 60000.0000 8250.0000 2286.1904
v 60000.0000 8250.0000 2503.8356
v 60000.0000 8250.0000 2727.9800
v 60000.0000 8250.0000 2958.4404
v 60000.0000 8250.0000 3195.0483
v 60000.0000 8250.0000 3437.6477
v 60000.0000 8250.0000 3686.0944
v 60000.0000 8250.0000 3940.2537
v 60000.0000 8250.0000 4200.0000
v 60000.0000 7425.0000 4200.0000
v 60000.0000 6600.0000 4200.0000
v 60000.0000 5775.0000 4200.0000
v 60000.0000 4950.0000 4200.0000
v 60000.0000 4125.0000 4200.0000
v 60000.0000 3300.0000 4200.0000
v 60000.0000 2475.0000 4200.0000
v 60000.0000 1650.0000 4200.0000
v 60000.0000 825.0000 4200.0000
v 60000.0000 0.0000 4200.0000
v 60000.0000 -825.0000 4200.0000
v 60000.0000 -1650.0000 4200.0000
v 60000.0000 -2475.0000 4200.0000
v 60000.0000 -3300.0000 4200.0000
v 60000.0000 -4125.0000 4200.0000
v 60000.0000 -4950.0000 4200.0000
v 60000.0000 -5775.0000 4200.0000
v 60000.0000 -6600.0000 4200.0000
v 60000.0000 -7425.0000 4200.0000
v 60000.0000 -8250.0000 4200.0000
v 60000.0000 -8250.0000 3940.2537
v 60000.0000 -8250.0000 3686.0944
v 60000.0000 -8250.0000 3437.6477
v 60000.0000 -8250.0000 3195.0483
v 60000.0000 -8250.0000 2958.4404
v 60000.0000 -8250.0000 2727.9800
v 60000.0000 -8250.0000 2503.8356
v 60000.0000 -8250.0000 2286.1904
v 60000.0000 -8250.0000 2075.2447
v 60000.0000 -8250.0000 1871.2184
v 60000.0000 -8250.0000 1674.3547
v 60000.0000 -8250.0000 1484.9242
v 60000.0000 -8250.0000 1303.2312
v 60000.0000 -8249.9591 1129.6201
v 60000.0000 -8236.5129 964.4866
v 60000.0000 -8200.8626 808.2904
v 60000.0000 -8145.0146 661.5756
v 60000.0000 -8070.2138 525.0000
v 60000.0000 -7977.0447 399.3810
v 60000.0000 -7865.3697 285.7738
v 60000.0000 -7734.0115 185.6155
v 60000.0000 -7579.7795 101.0363
v 60000.0000 -7393.7807 35.7217
v 60000.0000 -7110.7307 0.0000
v 61000.0000 0.0000 0.0000
v 61000.0000 7111.5997 0.0000
v 61000.0000 7394.5400 35.7217
v 61000.0000 7580.4613 101.0363
v 61000.0000 7734.6217 185.6155
v 61000.0000 7865.9095 285.7738
v 61000.0000 7977.5130 399.3810
v 61000.0000 8070.6072 525.0000
v 61000.0000 8145.3277 661.5756
v 61000.0000 8201.0871 808.2904
v 61000.0000 8236.6372 964.4866
v 61000.0000 8249.9661 1129.6201
v 61000.0000 8250.0000 1303.2312
v 61000.0000 8250.0000 1484.9242
v 61000.0000 8250.0000 1674.3547
v 61000.0000 8250.0000 1871.2184
v 61000.0000 8250.0000 2075.2447
v 61000.0000 8250.0000 2286.1904
v 61000.0000 8250.0000 2503.8356
v 61000.0000 8250.0000 2727.9800
v 61000.0000 8250.0000 2958.4404
v 61000.0000 8250.0000 3195.0483
v 61000.0000 8250.0000 3437.6477
v 61000.0000 8250.0000 3686.0944
v 61000.0000 8250.0000 3940.2537
v 61000.0000 8250.0000 4200.0000
v 61000.0000 7425.0000 4200.0000
v 61000.0000 6600.0000 4200.0000
v 61000.0000 5775.0000 4200.0000
v 61000.0000 4950.0000 4200.0000
v 61000.0000 4125.0000 4200.0000
v 61000.0000 3300.0000 4200.0000
v 61000.0000 2475.0000 4200.0000
v 61000.0000 1650.0000 4200.0000
v 61000.0000 825.0000 4200.0000
v 61000.0000 0.0000 4200.0000
v 61000.0000 -825.0000 4200.0000
v 61000.0000 -1650.0000 4200.0000
v 61000.0000 -2475.0000 4200.0000
v 61000.0000 -3300.0000 4200.0000
v 61000.0000 -4125.0000 4200.0000
v 61000.0000 -4950.0000 4200.0000
v 61000.0000 -5775.0000 4200.0000
v 61000.0000 -6600.0000 4200.0000
v 61000.0000 -7425.0000 4200.0000
v 61000.0000 -8250.0000 4200.0000
v 61000.0000 -8250.0000 3940.2537
v 61000.0000 -8250.0000 3686.0944
v 61000.0000 -8250.0000 3437.6477
v 61000.0000 -8250.0000 3195.0483
v 61000.0000 -8250.0000 2958.4404
v 61000.0000 -8250.0000 2727.9800
v 61000.0000 -8250.0000 2503.8356
v 61000.0000 -8250.0000 2286.1904
v 61000.0000 -8250.0000 2075.2447
v 61000.0000 -8250.0000 1871.2184
v 61000.0000 -8250.0000 1674.3547
v 61000.0000 -8250.0000 1484.9242
v 61000.0000 -8250.0000 1303.2312
v 61000.0000 -8249.9661 1129.6201
v 61000.0000 -8236.6372 964.4866
v 61000.0000 -8201.0871 808.2904
v 61000.0000 -8145.3277 661.5756
v 61000.0000 -8070.6072 525.0000
v 61000.0000 -7977.5130 399.3810
v 61000.0000 -7865.9095 285.7738
v 61000.0000 -7734.6217 185.6155
v 61000.0000 -7580.4613 101.0363
v 61000.0000 -7394.5400 35.7217
v 61000.0000 -7111.5997 0.0000
v 62000.0000 0.0000 0.0000
v 62000.0000 7112.4942 0.0000
v 62000.0000 7395.3215 35.7217
v 62000.0000 7581.1630 101.0363
v 62000.0000 7735.2497 185.6155
v 62000.0000 7866.4651 285.7738
v 62000.0000 7977.9948 399.3810
v 62000.0000 8071.0119 525.0000
v 62000.0000 8145.6495 661.5756
v 62000.0000 8201.3177 808.2904
v 62000.0000 8236.7645 964.4866
v 62000.0000 8249.9727 1129.6201
v 62000.0000 8250.0000 1303.2312
v 62000.0000 8250.0000 1484.9242
v 62000.0000 8250.0000 1674.3547
v 62000.0000 8250.0000 1871.2184
v 62000.0000 8250.0000 2075.2447
v 62000.0000 8250.0000 2286.1904
v 62000.0000 8250.0000 2503.8356
v 62000.0000 8250.0000 2727.9800
v 62000.0000 8250.0000 2958.4404
v 62000.0000 8250.0000 3195.0483
v 62000.0000 8250.0000 3437.6477
v 62000.0000 8250.0000 3686.0944
v 62000.0000 8250.0000 3940.2537
v 62000.0000 8250.0000 4200.0000
v 62000.0000 7425.0000 4200.0000
v 62000.0000 6600.0000 4200.0000
v 62000.0000 5775.0000 4200.0000
v 62000.0000 4950.0000 4200.0000
v 62000.0000 4125.0000 4200.0000
v 62000.0000 3300.0000 4200.0000
v 62000.0000 2475.0000 4200.0000
v 62000.0000 1650.0000 4200.0000
v 62000.0000 825.0000 4200.0000
v 62000.0000 0.0000 4200.0000
v 62000.0000 -825.0000 4200.0000
v 62000.0000 -1650.0000 4200.0000
v 62000.0000 -2475.0000 4200.0000
v 62000.0000 -3300.0000 4200.0000
v 62000.0000 -4125.0000 4200.0000
v 62000.0000 -4950.0000 4200.0000
v 62000.0000 -5775.0000 4200.0000
v 62000.0000 -6600.0000 4200.0000
v 62000.0000 -7425.0000 4200.0000
v 62000.0000 -8250.0000 4200.0000
v 62000.0000 -8250.0000 3940.2537
v 62000.0000 -8250.0000 3686.0944
v 62000.0000 -8250.0000 3437.6477
v 62000.0000 -8250.0000 3195.0483
v 62000.0000 -8250.0000 2958.4404
v 62000.0000 -8250.0000 2727.9800
v 62000.0000 -8250.0000 2503.8356
v 62000.0000 -8250.0000 2286.1904
v 62000.0000 -8250.0000 2075.2447
v 62000.0000 -8250.0000 1871.2184
v 62000.0000 -8250.0000 1674.3547
v 62000.0000 -8250.0000 1484.9242
v 62000.0000 -8250.0000 1303.2312
v 62000.0000 -8249.9727 1129.6201
v 62000.0000 -8236.7645 964.4866
v 62000.0000 -8201.3177 808.2904
v 62000.0000 -8145.6495 661.5756
v 62000.0000 -8071.0119 525.0000
v 62000.0000 -7977.9948 399.3810
v 62000.0000 -7866.4651 285.7738
v 62000.0000 -7735.2497 185.6155
v 62000.0000 -7581.1630 101.0363
v 62000.0000 -7395.3215 35.7217
v 62000.0000 -7112.4942 0.0000
v 62550.0000 0.0000 0.0000
v 62550.0000 7113.0000 0.0000
v 62550.0000 7395.7634 35.7217
v 62550.0000 7581.5597 101.0363
v 62550.0000 7735.6047 185.6155
v 62550.0000 7866.7791 285.7738
v 62550.0000 7978.2672 399.3810
v 62550.0000 8071.2406 525.0000
v 62550.0000 8145.8314 661.5756
v 62550.0000 8201.4480 808.2904
v 62550.0000 8236.8363 964.4866
v 62550.0000 8249.9760 1129.6201
v 62550.0000 8250.0000 1303.2312
v 62550.0000 8250.0000 1484.9242
v 62550.0000 8250.0000 1674.3547
v 62550.0000 8250.0000 1871.2184
v 62550.0000 8250.0000 2075.2447
v 62550.0000 8250.0000 2286.1904
v 62550.0000 8250.0000 2503.8356
v 62550.0000 8250.0000 2727.9800
v 62550.0000 8250.0000 2958.4404
v 62550.0000 8250.0000 3195.0483
v 62550.0000 8250.0000 3437.6477
v 62550.0000 8250.0000 3686.0944
v 62550.0000 8250.0000 3940.2537
v 62550.0000 8250.0000 4200.0000
v 62550.0000 7425.0000 4200.0000
v 62550.0000 6600.0000 4200.0000
v 62550.0000 5775.0000 4200.0000
v 62550.0000 4950.0000 4200.0000
v 62550.0000 4125.0000 4200.0000
v 62550.0000 3300.0000 4200.0000
v 62550.0000 2475.0000 4200.0000
v 62550.0000 1650.0000 4200.0000
v 62550.0000 825.0000 4200.0000
v 62550.0000 0.0000 4200.0000
v 62550.0000 -825.0000 4200.0000
v 62550.0000 -1650.0000 4200.0000
v 62550.0000 -2475.0000 4200.0000
v 62550.0000 -3300.0000 4200.0000
v 62550.0000 -4125.0000 4200.0000
v 62550.0000 -4950.0000 4200.0000
v 62550.0000 -5775.0000 4200.0000
v 62550.0000 -6600.0000 4200.0000
v 62550.0000 -7425.0000 4200.0000
v 62550.0000 -8250.0000 4200.0000
v 62550.0000 -8250.0000 3940.2537
v 62550.0000 -8250.0000 3686.0944
v 62550.0000 -8250.0000 3437.6477
v 62550.0000 -8250.0000 3195.0483
v 62550.0000 -8250.0000 2958.4404
v 62550.0000 -8250.0000 2727.9800
v 62550.0000 -8250.0000 2503.8356
v 62550.0000 -8250.0000 2286.1904
v 62550.0000 -8250.0000 2075.2447
v 62550.0000 -8250.0000 1871.2184
v 62550.0000 -8250.0000 1674.3547
v 62550.0000 -8250.0000 1484.9242
v 62550.0000 -8250.0000 1303.2312
v 62550.0000 -8249.9760 1129.6201
v 62550.0000 -8236.8363 964.4866
v 62550.0000 -8201.4480 808.2904
v 62550.0000 -8145.8314 661.5756
v 62550.0000 -8071.2406 525.0000
v 62550.0000 -7978.2672 399.3810
v 62550.0000 -7866.7791 285.7738
v 62550.0000 -7735.6047 185.6155
v 62550.0000 -7581.5597 101.0363
v 62550.0000 -7395.7634 35.7217
v 62550.0000 -7113.0000 0.0000
v 63000.0000 0.0000 0.0000
v 63000.0000 7113.4502 0.0000
v 63000.0000 7396.1567 35.7217
v 63000.0000 7581.9128 101.0363
v 63000.0000 7735.9206 185.6155
v 63000.0000 7867.0586 285.7738
v 63000.0000 7978.5095 399.3810
v 63000.0000 8071.4441 525.0000
v 63000.0000 8145.9932 661.5756
v 63000.0000 8201.5638 808.2904
v 63000.0000 8236.9001 964.4866
v 63000.0000 8249.9789 1129.6201
v 63000.0000 8250.0000 1303.2312
v 63000.0000 8250.0000 1484.9242
v 63000.0000 8250.0000 1674.3547
v 63000.0000 8250.0000 1871.2184
v 63000.0000 8250.0000 2075.2447
v 63000.0000 8250.0000 2286.1904
v 63000.0000 8250.0000 2503.8356
v 63000.0000 8250.0000 2727.9800
v 63000.0000 8250.0000 2958.4404
v 63000.0000 8250.0000 3195.0483
v 63000.0000 8250.0000 3437.6477
v 63000.0000 8250.0000 3686.0944
v 63000.0000 8250.0000 3940.2537
v 63000.0000 8250.0000 4200.0000
v 63000.0000 7425.0000 4200.0000
v 63000.0000 6600.0000 4200.0000
v 63000.0000 5775.0000 4200.0000
v 63000.0000 4950.0000 4200.0000
v 63000.0000 4125.0000 4200.0000
v 63000.0000 3300.0000 4200.0000
v 63000.0000 2475.0000 4200.0000
v 63000.0000 1650.0000 4200.0000
v 63000.0000 825.0000 4200.0000
v 63000.0000 0.0000 4200.0000
v 63000.0000 -825.0000 4200.0000
v 63000.0000 -1650.0000 4200.0000
v 63000.0000 -2475.0000 4200.0000
v 63000.0000 -3300.0000 4200.0000
v 63000.0000 -4125.0000 4200.0000
v 63000.0000 -4950.0000 4200.0000
v 63000.0000 -5775.0000 4200.0000
v 63000.0000 -6600.0000 4200.0000
v 63000.0000 -7425.0000 4200.0000
v 63000.0000 -8250.0000 4200.0000
v 63000.0000 -8250.0000 3940.2537
v 63000.0000 -8250.0000 3686.0944
v 63000.0000 -8250.0000 3437.6477
v 63000.0000 -8250.0000 3195.0483
v 63000.0000 -8250.0000 2958.4404
v 63000.0000 -8250.0000 2727.9800
v 63000.0000 -8250.0000 2503.8356
v 63000.0000 -8250.0000 2286.1904
v 63000.0000 -8250.0000 2075.2447
v 63000.0000 -8250.0000 1871.2184
v 63000.0000 -8250.0000 1674.3547
v 63000.0000 -8250.0000 1484.9242
v 63000.0000 -8250.0000 1303.2312
v 63000.0000 -8249.9789 1129.6201
v 63000.0000 -8236.9001 964.4866
v 63000.0000 -8201.5638 808.2904
v 63000.0000 -8145.9932 661.5756
v 63000.0000 -8071.4441 525.0000
v 63000.0000 -7978.5095 399.3810
v 63000.0000 -7867.0586 285.7738
v 63000.0000 -7735.9206 185.6155
v 63000.0000 -7581.9128 101.0363
v 63000.0000 -7396.1567 35.7217
v 63000.0000 -7113.4502 0.0000
v 64000.0000 0.0000 0.0000
v 64000.0000 7114.6312 0.0000
v 64000.0000 7397.1885 35.7217
v 64000.0000 7582.8390 101.0363
v 64000.0000 7736.7494 185.6155
v 64000.0000 7867.7916 285.7738
v 64000.0000 7979.1451 399.3810
v 64000.0000 8071.9777 525.0000
v 64000.0000 8146.4172 661.5756
v 64000.0000 8201.8672 808.2904
v 64000.0000 8237.0668 964.4866
v 64000.0000 8249.9854 1129.6201
v 64000.0000 8250.0000 1303.2312
v 64000.0000 8250.0000 1484.9242
v 64000.0000 8250.0000 1674.3547
v 64000.0000 8250.0000 1871.2184
v 64000.0000 8250.0000 2075.2447
v 64000.0000 8250.0000 2286.1904
v 64000.0000 8250.0000 2503.8356
v 64000.0000 8250.0000 2727.9800
v 64000.0000 8250.0000 2958.4404
v 64000.0000 8250.0000 3195.0483
v 64000.0000 8250.0000 3437.6477
v 64000.0000 8250.0000 3686.0944
v 64000.0000 8250.0000 3940.2537
v 64000.0000 8250.0000 4200.0000
v 64000.0000 7425.0000 4200.0000
v 64000.0000 6600.0000 4200.0000
v 64000.0000 5775.0000 4200.0000
v 64000.0000 4950.0000 4200.0000
v 64000.0000 4125.0000 4200.0000
v 64000.0000 3300.0000 4200.0000
v 64000.0000 2475.0000 4200.0000
v 64000.0000 1650.0000 4200.0000
v 64000.0000 825.0000 4200.0000
v 64000.0000 0.0000 4200.0000
v 64000.0000 -825.0000 4200.0000
v 64000.0000 -1650.0000 4200.0000
v 64000.0000 -2475.0000 4200.0000
v 64000.0000 -3300.0000 4200.0000
v 64000.0000 -4125.0000 4200.0000
v 64000.0000 -4950.0000 4200.0000
v 64000.0000 -5775.0000 4200.0000
v 64000.0000 -6600.0000 4200.0000
v 64000.0000 -7425.0000 4200.0000
v 64000.0000 -8250.0000 4200.0000
v 64000.0000 -8250.0000 3940.2537
v 64000.0000 -8250.0000 3686.0944
v 64000.0000 -8250.0000 3437.6477
v 64000.0000 -8250.0000 3195.0483
v 64000.0000 -8250.0000 2958.4404
v 64000.0000 -8250.0000 2727.9800
v 64000.0000 -8250.0000 2503.8356
v 64000.0000 -8250.0000 2286.1904
v 64000.0000 -8250.0000 2075.2447
v 64000.0000 -8250.0000 1871.2184
v 64000.0000 -8250.0000 1674.3547
v 64000.0000 -8250.0000 1484.9242
v 64000.0000 -8250.0000 1303.2312
v 64000.0000 -8249.9854 1129.6201
v 64000.0000 -8237.0668 964.4866
v 64000.0000 -8201.8672 808.2904
v 64000.0000 -8146.4172 661.5756
v 64000.0000 -8071.9777 525.0000
v 64000.0000 -7979.1451 399.3810
v 64000.0000 -7867.7916 285.7738
v 64000.0000 -7736.7494 185.6155
v 64000.0000 -7582.8390 101.0363
v 64000.0000 -7397.1885 35.7217
v 64000.0000 -7114.6312 0.0000
v 65000.0000 0.0000 0.0000
v 65000.0000 7115.9513 0.0000
v 65000.0000 7398.3416 35.7217
v 65000.0000 7583.8742 101.0363
v 65000.0000 7737.6755 185.6155
v 65000.0000 7868.6107 285.7738
v 65000.0000 7979.8551 399.3810
v 65000.0000 8072.5735 525.0000
v 65000.0000 8146.8905 661.5756
v 65000.0000 8202.2054 808.2904
v 65000.0000 8237.2519 964.4866
v 65000.0000 8249.9914 1129.6201
v 65000.0000 8250.0000 1303.2312
v 65000.0000 8250.0000 1484.9242
v 65000.0000 8250.0000 1674.3547
v 65000.0000 8250.0000 1871.2184
v 65000.0000 8250.0000 2075.2447
v 65000.0000 8250.0000 2286.1904
v 65000.0000 8250.0000 2503.8356
v 65000.0000 8250.0000 2727.9800
v 65000.0000 8250.0000 2958.4404
v 65000.0000 8250.0000 3195.0483
v 65000.0000 8250.0000 3437.6477
v 65000.0000 8250.0000 3686.0944
v 65000.0000 8250.0000 3940.2537
v 65000.0000 8250.0000 4200.0000
v 65000.0000 7425.0000 4200.0000
v 65000.0000 6600.0000 4200.0000
v 65000.0000 5775.0000 4200.0000
v 65000.0000 4950.0000 4200.0000
v 65000.0000 4125.0000 4200.0000
v 65000.0000 3300.0000 4200.0000
v 65000.0000 2475.0000 4200.0000
v 65000.0000 1650.0000 4200.0000
v 65000.0000 825.0000 4200.0000
v 65000.0000 0.0000 4200.0000
v 65000.0000 -825.0000 4200.0000
v 65000.0000 -1650.0000 4200.0000
v 65000.0000 -2475.0000 4200.0000
v 65000.0000 -3300.0000 4200.0000
v 65000.0000 -4125.0000 4200.0000
v 65000.0000 -4950.0000 4200.0000
v 65000.0000 -5775.0000 4200.0000
v 65000.0000 -6600.0000 4200.0000
v 65000.0000 -7425.0000 4200.0000
v 65000.0000 -8250.0000 4200.0000
v 65000.0000 -8250.0000 3940.2537
v 65000.0000 -8250.0000 3686.0944
v 65000.0000 -8250.0000 3437.6477
v 65000.0000 -8250.0000 3195.0483
v 65000.0000 -8250.0000 2958.4404
v 65000.0000 -8250.0000 2727.9800
v 65000.0000 -8250.0000 2503.8356
v 65000.0000 -8250.0000 2286.1904
v 65000.0000 -8250.0000 2075.2447
v 65000.0000 -8250.0000 1871.2184
v 65000.0000 -8250.0000 1674.3547
v 65000.0000 -8250.0000 1484.9242
v 65000.0000 -8250.0000 1303.2312
v 65000.0000 -8249.9914 1129.6201
v 65000.0000 -8237.2519 964.4866
v 65000.0000 -8202.2054 808.2904
v 65000.0000 -8146.8905 661.5756
v 65000.0000 -8072.5735 525.0000
v 65000.0000 -7979.8551 399.3810
v 65000.0000 -7868.6107 285.7738
v 65000.0000 -7737.6755 185.6155
v 65000.0000 -7583.8742 101.0363
v 65000.0000 -7398.3416 35.7217
v 65000.0000 -7115.9513 0.0000
v 66000.0000 0.0000 0.0000
v 66000.0000 7117.2757 0.0000
v 66000.0000 7399.4985 35.7217
v 66000.0000 7584.9125 101.0363
v 66000.0000 7738.6044 185.6155
v 66000.0000 7869.4321 285.7738
v 66000.0000 7980.5671 399.3810
v 66000.0000 8073.1708 525.0000
v 66000.0000 8147.3647 661.5756
v 66000.0000 8202.5439 808.2904
v 66000.0000 8237.4366 964.4866
v 66000.0000 8249.9957 1129.6201
v 66000.0000 8250.0000 1303.2312
v 66000.0000 8250.0000 1484.9242
v 66000.0000 8250.0000 1674.3547
v 66000.0000 8250.0000 1871.2184
v 66000.0000 8250.0000 2075.2447
v 66000.0000 8250.0000 2286.1904
v 66000.0000 8250.0000 2503.8356
v 66000.0000 8250.0000 2727.9800
v 66000.0000 8250.0000 2958.4404
v 66000.0000 8250.0000 3195.0483
v 66000.0000 8250.0000 3437.6477
v 66000.0000 8250.0000 3686.0944
v 66000.0000 8250.0000 3940.2537
v 66000.0000 8250.0000 4200.0000
v 66000.0000 7425.0000 4200.0000
v 66000.0000 6600.0000 4200.0000
v 66000.0000 5775.0000 4200.0000
v 66000.0000 4950.0000 4200.0000
v 66000.0000 4125.0000 4200.0000
v 66000.0000 3300.0000 4200.0000
v 66000.0000 2475.0000 4200.0000
v 66000.0000 1650.0000 4200.0000
v 66000.0000 825.0000 4200.0000
v 66000.0000 0.0000 4200.0000
v 66000.0000 -825.0000 4200.0000
v 66000.0000 -1650.0000 4200.0000
v 66000.0000 -2475.0000 4200.0000
v 66000.0000 -3300.0000 4200.0000
v 66000.0000 -4125.0000 4200.0000
v 66000.0000 -4950.0000 4200.0000
v 66000.0000 -5775.0000 4200.0000
v 66000.0000 -6600.0000 4200.0000
v 66000.0000 -7425.0000 4200.0000
v 66000.0000 -8250.0000 4200.0000
v 66000.0000 -8250.0000 3940.2537
v 66000.0000 -8250.0000 3686.0944
v 66000.0000 -8250.0000 3437.6477
v 66000.0000 -8250.0000 3195.0483
v 66000.0000 -8250.0000 2958.4404
v 66000.0000 -8250.0000 2727.9800
v 66000.0000 -8250.0000 2503.8356
v 66000.0000 -8250.0000 2286.1904
v 66000.0000 -8250.0000 2075.2447
v 66000.0000 -8250.0000 1871.2184
v 66000.0000 -8250.0000 1674.3547
v 66000.0000 -8250.0000 1484.9242
v 66000.0000 -8250.0000 1303.2312
v 66000.0000 -8249.9957 1129.6201
v 66000.0000 -8237.4366 964.4866
v 66000.0000 -8202.5439 808.2904
v 66000.0000 -8147.3647 661.5756
v 66000.0000 -8073.1708 525.0000
v 66000.0000 -7980.5671 399.3810
v 66000.0000 -7869.4321 285.7738
v 66000.0000 -7738.6044 185.6155
v 66000.0000 -7584.9125 101.0363
v 66000.0000 -7399.4985 35.7217
v 66000.0000 -7117.2757 0.0000
v 67000.0000 0.0000 0.0000
v 67000.0000 7118.4697 0.0000
v 67000.0000 7400.5413 35.7217
v 67000.0000 7585.8485 101.0363
v 67000.0000 7739.4416 185.6155
v 67000.0000 7870.1723 285.7738
v 67000.0000 7981.2085 399.3810
v 67000.0000 8073.7088 525.0000
v 67000.0000 8147.7915 661.5756
v 67000.0000 8202.8482 808.2904
v 67000.0000 8237.6021 964.4866
v 67000.0000 8249.9984 1129.6201
v 67000.0000 8250.0000 1303.2312
v 67000.0000 8250.0000 1484.9242
v 67000.0000 8250.0000 1674.3547
v 67000.0000 8250.0000 1871.2184
v 67000.0000 8250.0000 2075.2447
v 67000.0000 8250.0000 2286.1904
v 67000.0000 8250.0000 2503.8356
v 67000.0000 8250.0000 2727.9800
v 67000.0000 8250.0000 2958.4404
v 67000.0000 8250.0000 3195.0483
v 67000.0000 8250.0000 3437.6477
v 67000.0000 8250.0000 3686.0944
v 67000.0000 8250.0000 3940.2537
v 67000.0000 8250.0000 4200.0000
v 67000.0000 7425.0000 4200.0000
v 67000.0000 6600.0000 4200.0000
v 67000.0000 5775.0000 4200.0000
v 67000.0000 4950.0000 4200.0000
v 67000.0000 4125.0000 4200.0000
v 67000.0000 3300.0000 4200.0000
v 67000.0000 2475.0000 4200.0000
v 67000.0000 1650.0000 4200.0000
v 67000.0000 825.0000 4200.0000
v 67000.0000 0.0000 4200.0000
v 67000.0000 -825.0000 4200.0000
v 67000.0000 -1650.0000 4200.0000
v 67000.0000 -2475.0000 4200.0000
v 67000.0000 -3300.0000 4200.0000
v 67000.0000 -4125.0000 4200.0000
v 67000.0000 -4950.0000 4200.0000
v 67000.0000 -5775.0000 4200.0000
v 67000.0000 -6600.0000 4200.0000
v 67000.0000 -7425.0000 4200.0000
v 67000.0000 -8250.0000 4200.0000
v 67000.0000 -8250.0000 3940.2537
v 67000.0000 -8250.0000 3686.0944
v 67000.0000 -8250.0000 3437.6477
v 67000.0000 -8250.0000 3195.0483
v 67000.0000 -8250.0000 2958.4404
v 67000.0000 -8250.0000 2727.9800
v 67000.0000 -8250.0000 2503.8356
v 67000.0000 -8250.0000 2286.1904
v 67000.0000 -8250.0000 2075.2447
v 67000.0000 -8250.0000 1871.2184
v 67000.0000 -8250.0000 1674.3547
v 67000.0000 -8250.0000 1484.9242
v 67000.0000 -8250.0000 1303.2312
v 67000.0000 -8249.9984 1129.6201
v 67000.0000 -8237.6021 964.4866
v 67000.0000 -8202.8482 808.2904
v 67000.0000 -8147.7915 661.5756
v 67000.0000 -8073.7088 525.0000
v 67000.0000 -7981.2085 399.3810
v 67000.0000 -7870.1723 285.7738
v 67000.0000 -7739.4416 185.6155
v 67000.0000 -7585.8485 101.0363
v 67000.0000 -7400.5413 35.7217
v 67000.0000 -7118.4697 0.0000
v 68000.0000 0.0000 0.0000
v 68000.0000 7119.3986 0.0000
v 68000.0000 7401.3525 35.7217
v 68000.0000 7586.5765 101.0363
v 68000.0000 7740.0927 185.6155
v 68000.0000 7870.7479 285.7738
v 68000.0000 7981.7073 399.3810
v 68000.0000 8074.1271 525.0000
v 68000.0000 8148.1232 661.5756
v 68000.0000 8203.0845 808.2904
v 68000.0000 8237.7301 964.4866
v 68000.0000 8249.9996 1129.6201
v 68000.0000 8250.0000 1303.2312
v 68000.0000 8250.0000 1484.9242
v 68000.0000 8250.0000 1674.3547
v 68000.0000 8250.0000 1871.2184
v 68000.0000 8250.0000 2075.2447
v 68000.0000 8250.0000 2286.1904
v 68000.0000 8250.0000 2503.8356
v 68000.0000 8250.0000 2727.9800
v 68000.0000 8250.0000 2958.4404
v 68000.0000 8250.0000 3195.0483
v 68000.0000 8250.0000 3437.6477
v 68000.0000 8250.0000 3686.0944
v 68000.0000 8250.0000 3940.2537
v 68000.0000 8250.0000 4200.0000
v 68000.0000 7425.0000 4200.0000
v 68000.0000 6600.0000 4200.0000
v 68000.0000 5775.0000 4200.0000
v 68000.0000 4950.0000 4200.0000
v 68000.0000 4125.0000 4200.0000
v 68000.0000 3300.0000 4200.0000
v 68000.0000 2475.0000 4200.0000
v 68000.0000 1650.0000 4200.0000
v 68000.0000 825.0000 4200.0000
v 68000.0000 0.0000 4200.0000
v 68000.0000 -825.0000 4200.0000
v 68000.0000 -1650.0000 4200.0000
v 68000.0000 -2475.0000 4200.0000
v 68000.0000 -3300.0000 4200.0000
v 68000.0000 -4125.0000 4200.0000
v 68000.0000 -4950.0000 4200.0000
v 68000.0000 -5775.0000 4200.0000
v 68000.0000 -6600.0000 4200.0000
v 68000.0000 -7425.0000 4200.0000
v 68000.0000 -8250.0000 4200.0000
v 68000.0000 -8250.0000 3940.2537
v 68000.0000 -8250.0000 3686.0944
v 68000.0000 -8250.0000 3437.6477
v 68000.0000 -8250.0000 3195.0483
v 68000.0000 -8250.0000 2958.4404
v 68000.0000 -8250.0000 2727.9800
v 68000.0000 -8250.0000 2503.8356
v 68000.0000 -8250.0000 2286.1904
v 68000.0000 -8250.0000 2075.2447
v 68000.0000 -8250.0000 1871.2184
v 68000.0000 -8250.0000 1674.3547
v 68000.0000 -8250.0000 1484.9242
v 68000.0000 -8250.0000 1303.2312
v 68000.0000 -8249.9996 1129.6201
v 68000.0000 -8237.7301 964.4866
v 68000.0000 -8203.0845 808.2904
v 68000.0000 -8148.1232 661.5756
v 68000.0000 -8074.1271 525.0000
v 68000.0000 -7981.7073 399.3810
v 68000.0000 -7870.7479 285.7738
v 68000.0000 -7740.0927 185.6155
v 68000.0000 -7586.5765 101.0363
v 68000.0000 -7401.3525 35.7217
v 68000.0000 -7119.3986 0.0000
v 69000.0000 0.0000 0.0000
v 69000.0000 7119.9276 0.0000
v 69000.0000 7401.8145 35.7217
v 69000.0000 7586.9911 101.0363
v 69000.0000 7740.4635 185.6155
v 69000.0000 7871.0757 285.7738
v 69000.0000 7981.9912 399.3810
v 69000.0000 8074.3651 525.0000
v 69000.0000 8148.3119 661.5756
v 69000.0000 8203.2189 808.2904
v 69000.0000 8237.8028 964.4866
v 69000.0000 8249.9999 1129.6201
v 69000.0000 8250.0000 1303.2312
v 69000.0000 8250.0000 1484.9242
v 69000.0000 8250.0000 1674.3547
v 69000.0000 8250.0000 1871.2184
v 69000.0000 8250.0000 2075.2447
v 69000.0000 8250.0000 2286.1904
v 69000.0000 8250.0000 2503.8356
v 69000.0000 8250.0000 2727.9800
v 69000.0000 8250.0000 2958.4404
v 69000.0000 8250.0000 3195.0483
v 69000.0000 8250.0000 3437.6477
v 69000.0000 8250.0000 3686.0944
v 69000.0000 8250.0000 3940.2537
v 69000.0000 8250.0000 4200.0000
v 69000.0000 7425.0000 4200.0000
v 69000.0000 6600.0000 4200.0000
v 69000.0000 5775.0000 4200.0000
v 69000.0000 4950.0000 4200.0000
v 69000.0000 4125.0000 4200.0000
v 69000.0000 3300.0000 4200.0000
v 69000.0000 2475.0000 4200.0000
v 69000.0000 1650.0000 4200.0000
v 69000.0000 825.0000 4200.0000
v 69000.0000 0.0000 4200.0000
v 69000.0000 -825.0000 4200.0000
v 69000.0000 -1650.0000 4200.0000
v 69000.0000 -2475.0000 4200.0000
v 69000.0000 -3300.0000 4200.0000
v 69000.0000 -4125.0000 4200.0000
v 69000.0000 -4950.0000 4200.0000
v 69000.0000 -5775.0000 4200.0000
v 69000.0000 -6600.0000 4200.0000
v 69000.0000 -7425.0000 4200.0000
v 69000.0000 -8250.0000 4200.0000
v 69000.0000 -8250.0000 3940.2537
v 69000.0000 -8250.0000 3686.0944
v 69000.0000 -8250.0000 3437.6477
v 69000.0000 -8250.0000 3195.0483
v 69000.0000 -8250.0000 2958.4404
v 69000.0000 -8250.0000 2727.9800
v 69000.0000 -8250.0000 2503.8356
v 69000.0000 -8250.0000 2286.1904
v 69000.0000 -8250.0000 2075.2447
v 69000.0000 -8250.0000 1871.2184
v 69000.0000 -8250.0000 1674.3547
v 69000.0000 -8250.0000 1484.9242
v 69000.0000 -8250.0000 1303.2312
v 69000.0000 -8249.9999 1129.6201
v 69000.0000 -8237.8028 964.4866
v 69000.0000 -8203.2189 808.2904
v 69000.0000 -8148.3119 661.5756
v 69000.0000 -8074.3651 525.0000
v 69000.0000 -7981.9912 399.3810
v 69000.0000 -7871.0757 285.7738
v 69000.0000 -7740.4635 185.6155
v 69000.0000 -7586.9911 101.0363
v 69000.0000 -7401.8145 35.7217
v 69000.0000 -7119.9276 0.0000
v 69500.0000 0.0000 0.0000
v 69500.0000 7120.0000 0.0000
v 69500.0000 7401.8777 35.7217
v 69500.0000 7587.0479 101.0363
v 69500.0000 7740.5143 185.6155
v 69500.0000 7871.1206 285.7738
v 69500.0000 7982.0301 399.3810
v 69500.0000 8074.3977 525.0000
v 69500.0000 8148.3378 661.5756
v 69500.0000 8203.2372 808.2904
v 69500.0000 8237.8127 964.4866
v 69500.0000 8249.9999 1129.6201
v 69500.0000 8250.0000 1303.2312
v 69500.0000 8250.0000 1484.9242
v 69500.0000 8250.0000 1674.3547
v 69500.0000 8250.0000 1871.2184
v 69500.0000 8250.0000 2075.2447
v 69500.0000 8250.0000 2286.1904
v 69500.0000 8250.0000 2503.8356
v 69500.0000 8250.0000 2727.9800
v 69500.0000 8250.0000 2958.4404
v 69500.0000 8250.0000 3195.0483
v 69500.0000 8250.0000 3437.6477
v 69500.0000 8250.0000 3686.0944
v 69500.0000 8250.0000 3940.2537
v 69500.0000 8250.0000 4200.0000
v 69500.0000 7425.0000 4200.0000
v 69500.0000 6600.0000 4200.0000
v 69500.0000 5775.0000 4200.0000
v 69500.0000 4950.0000 4200.0000
v 69500.0000 4125.0000 4200.0000
v 69500.0000 3300.0000 4200.0000
v 69500.0000 2475.0000 4200.0000
v 69500.0000 1650.0000 4200.0000
v 69500.0000 825.0000 4200.0000
v 69500.0000 0.0000 4200.0000
v 69500.0000 -825.0000 4200.0000
v 69500.0000 -1650.0000 4200.0000
v 69500.0000 -2475.0000 4200.0000
v 69500.0000 -3300.0000 4200.0000
v 69500.0000 -4125.0000 4200.0000
v 69500.0000 -4950.0000 4200.0000
v 69500.0000 -5775.0000 4200.0000
v 69500.0000 -6600.0000 4200.0000
v 69500.0000 -7425.0000 4200.0000
v 69500.0000 -8250.0000 4200.0000
v 69500.0000 -8250.0000 3940.2537
v 69500.0000 -8250.0000 3686.0944
v 69500.0000 -8250.0000 3437.6477
v 69500.0000 -8250.0000 3195.0483
v 69500.0000 -8250.0000 2958.4404
v 69500.0000 -8250.0000 2727.9800
v 69500.0000 -8250.0000 2503.8356
v 69500.0000 -8250.0000 2286.1904
v 69500.0000 -8250.0000 2075.2447
v 69500.0000 -8250.0000 1871.2184
v 69500.0000 -8250.0000 1674.3547
v 69500.0000 -8250.0000 1484.9242
v 69500.0000 -8250.0000 1303.2312
v 69500.0000 -8249.9999 1129.6201
v 69500.0000 -8237.8127 964.4866
v 69500.0000 -8203.2372 808.2904
v 69500.0000 -8148.3378 661.5756
v 69500.0000 -8074.3977 525.0000
v 69500.0000 -7982.0301 399.3810
v 69500.0000 -7871.1206 285.7738
v 69500.0000 -7740.5143 185.6155
v 69500.0000 -7587.0479 101.0363
v 69500.0000 -7401.8777 35.7217
v 69500.0000 -7120.0000 0.0000
v 70000.0000 0.0000 0.0000
v 70000.0000 7119.6454 0.0000
v 70000.0000 7401.5681 35.7217
v 70000.0000 7586.7700 101.0363
v 70000.0000 7740.2658 185.6155
v 70000.0000 7870.9009 285.7738
v 70000.0000 7981.8398 399.3810
v 70000.0000 8074.2382 525.0000
v 70000.0000 8148.2113 661.5756
v 70000.0000 8203.1472 808.2904
v 70000.0000 8237.7641 964.4866
v 70000.0000 8249.9998 1129.6201
v 70000.0000 8250.0000 1303.2312
v 70000.0000 8250.0000 1484.9242
v 70000.0000 8250.0000 1674.3547
v 70000.0000 8250.0000 1871.2184
v 70000.0000 8250.0000 2075.2447
v 70000.0000 8250.0000 2286.1904
v 70000.0000 8250.0000 2503.8356
v 70000.0000 8250.0000 2727.9800
v 70000.0000 8250.0000 2958.4404
v 70000.0000 8250.0000 3195.0483
v 70000.0000 8250.0000 3437.6477
v 70000.0000 8250.0000 3686.0944
v 70000.0000 8250.0000 3940.2537
v 70000.0000 8250.0000 4200.0000
v 70000.0000 7425.0000 4200.0000
v 70000.0000 6600.0000 4200.0000
v 70000.0000 5775.0000 4200.0000
v 70000.0000 4950.0000 4200.0000
v 70000.0000 4125.0000 4200.0000
v 70000.0000 3300.0000 4200.0000
v 70000.0000 2475.0000 4200.0000
v 70000.0000 1650.0000 4200.0000
v 70000.0000 825.0000 4200.0000
v 70000.0000 0.0000 4200.0000
v 70000.0000 -825.0000 4200.0000
v 70000.0000 -1650.0000 4200.0000
v 70000.0000 -2475.0000 4200.0000
v 70000.0000 -3300.0000 4200.0000
v 70000.0000 -4125.0000 4200.0000
v 70000.0000 -4950.0000 4200.0000
v 70000.0000 -5775.0000 4200.0000
v 70000.0000 -6600.0000 4200.0000
v 70000.0000 -7425.0000 4200.0000
v 70000.0000 -8250.0000 4200.0000
v 70000.0000 -8250.0000 3940.2537
v 70000.0000 -8250.0000 3686.0944
v 70000.0000 -8250.0000 3437.6477
v 70000.0000 -8250.0000 3195.0483
v 70000.0000 -8250.0000 2958.4404
v 70000.0000 -8250.0000 2727.9800
v 70000.0000 -8250.0000 2503.8356
v 70000.0000 -8250.0000 2286.1904
v 70000.0000 -8250.0000 2075.2447
v 70000.0000 -8250.0000 1871.2184
v 70000.0000 -8250.0000 1674.3547
v 70000.0000 -8250.0000 1484.9242
v 70000.0000 -8250.0000 1303.2312
v 70000.0000 -8249.9998 1129.6201
v 70000.0000 -8237.7641 964.4866
v 70000.0000 -8203.1472 808.2904
v 70000.0000 -8148.2113 661.5756
v 70000.0000 -8074.2382 525.0000
v 70000.0000 -7981.8398 399.3810
v 70000.0000 -7870.9009 285.7738
v 70000.0000 -7740.2658 185.6155
v 70000.0000 -7586.7700 101.0363
v 70000.0000 -7401.5681 35.7217
v 70000.0000 -7119.6454 0.0000
v 71000.0000 0.0000 0.0000
v 71000.0000 7117.0436 0.0000
v 71000.0000 7399.2957 35.7217
v 71000.0000 7584.7306 101.0363
v 71000.0000 7738.4416 185.6155
v 71000.0000 7869.2881 285.7738
v 71000.0000 7980.4423 399.3810
v 71000.0000 8073.0662 525.0000
v 71000.0000 8147.2816 661.5756
v 71000.0000 8202.4846 808.2904
v 71000.0000 8237.4043 964.4866
v 71000.0000 8249.9951 1129.6201
v 71000.0000 8250.0000 1303.2312
v 71000.0000 8250.0000 1484.9242
v 71000.0000 8250.0000 1674.3547
v 71000.0000 8250.0000 1871.2184
v 71000.0000 8250.0000 2075.2447
v 71000.0000 8250.0000 2286.1904
v 71000.0000 8250.0000 2503.8356
v 71000.0000 8250.0000 2727.9800
v 71000.0000 8250.0000 2958.4404
v 71000.0000 8250.0000 3195.0483
v 71000.0000 8250.0000 3437.6477
v 71000.0000 8250.0000 3686.0944
v 71000.0000 8250.0000 3940.2537
v 71000.0000 8250.0000 4200.0000
v 71000.0000 7425.0000 4200.0000
v 71000.0000 6600.0000 4200.0000
v 71000.0000 5775.0000 4200.0000
v 71000.0000 4950.0000 4200.0000
v 71000.0000 4125.0000 4200.0000
v 71000.0000 3300.0000 4200.0000
v 71000.0000 2475.0000 4200.0000
v 71000.0000 1650.0000 4200.0000
v 71000.0000 825.0000 4200.0000
v 71000.0000 0.0000 4200.0000
v 71000.0000 -825.0000 4200.0000
v 71000.0000 -1650.0000 4200.0000
v 71000.0000 -2475.0000 4200.0000
v 71000.0000 -3300.0000 4200.0000
v 71000.0000 -4125.0000 4200.0000
v 71000.0000 -4950.0000 4200.0000
v 71000.0000 -5775.0000 4200.0000
v 71000.0000 -6600.0000 4200.0000
v 71000.0000 -7425.0000 4200.0000
v 71000.0000 -8250.0000 4200.0000
v 71000.0000 -8250.0000 3940.2537
v 71000.0000 -8250.0000 3686.0944
v 71000.0000 -8250.0000 3437.6477
v 71000.0000 -8250.0000 3195.0483
v 71000.0000 -8250.0000 2958.4404
v 71000.0000 -8250.0000 2727.9800
v 71000.0000 -8250.0000 2503.8356
v 71000.0000 -8250.0000 2286.1904
v 71000.0000 -8250.0000 2075.2447
v 71000.0000 -8250.0000 1871.2184
v 71000.0000 -8250.0000 1674.3547
v 71000.0000 -8250.0000 1484.9242
v 71000.0000 -8250.0000 1303.2312
v 71000.0000 -8249.9951 1129.6201
v 71000.0000 -8237.4043 964.4866
v 71000.0000 -8202.4846 808.2904
v 71000.0000 -8147.2816 661.5756
v 71000.0000 -8073.0662 525.0000
v 71000.0000 -7980.4423 399.3810
v 71000.0000 -7869.2881 285.7738
v 71000.0000 -7738.4416 185.6155
v 71000.0000 -7584.7306 101.0363
v 71000.0000 -7399.2957 35.7217
v 71000.0000 -7117.0436 0.0000
v 72000.0000 0.0000 0.0000
v 72000.0000 7112.4399 0.0000
v 72000.0000 7395.2741 35.7217
v 72000.0000 7581.1204 101.0363
v 72000.0000 7735.2116 185.6155
v 72000.0000 7866.4313 285.7738
v 72000.0000 7977.9656 399.3810
v 72000.0000 8070.9873 525.0000
v 72000.0000 8145.6300 661.5756
v 72000.0000 8201.3037 808.2904
v 72000.0000 8236.7568 964.4866
v 72000.0000 8249.9723 1129.6201
v 72000.0000 8250.0000 1303.2312
v 72000.0000 8250.0000 1484.9242
v 72000.0000 8250.0000 1674.3547
v 72000.0000 8250.0000 1871.2184
v 72000.0000 8250.0000 2075.2447
v 72000.0000 8250.0000 2286.1904
v 72000.0000 8250.0000 2503.8356
v 72000.0000 8250.0000 2727.9800
v 72000.0000 8250.0000 2958.4404
v 72000.0000 8250.0000 3195.0483
v 72000.0000 8250.0000 3437.6477
v 72000.0000 8250.0000 3686.0944
v 72000.0000 8250.0000 3940.2537
v 72000.0000 8250.0000 4200.0000
v 72000.0000 7425.0000 4200.0000
v 72000.0000 6600.0000 4200.0000
v 72000.0000 5775.0000 4200.0000
v 72000.0000 4950.0000 4200.0000
v 72000.0000 4125.0000 4200.0000
v 72000.0000 3300.0000 4200.0000
v 72000.0000 2475.0000 4200.0000
v 72000.0000 1650.0000 4200.0000
v 72000.0000 825.0000 4200.0000
v 72000.0000 0.0000 4200.0000
v 72000.0000 -825.0000 4200.0000
v 72000.0000 -1650.0000 4200.0000
v 72000.0000 -2475.0000 4200.0000
v 72000.0000 -3300.0000 4200.0000
v 72000.0000 -4125.0000 4200.0000
v 72000.0000 -4950.0000 4200.0000
v 72000.0000 -5775.0000 4200.0000
v 72000.0000 -6600.0000 4200.0000
v 72000.0000 -7425.0000 4200.0000
v 72000.0000 -8250.0000 4200.0000
v 72000.0000 -8250.0000 3940.2537
v 72000.0000 -8250.0000 3686.0944
v 72000.0000 -8250.0000 3437.6477
v 72000.0000 -8250.0000 3195.0483
v 72000.0000 -8250.0000 2958.4404
v 72000.0000 -8250.0000 2727.9800
v 72000.0000 -8250.0000 2503.8356
v 72000.0000 -8250.0000 2286.1904
v 72000.0000 -8250.0000 2075.2447
v 72000.0000 -8250.0000 1871.2184
v 72000.0000 -8250.0000 1674.3547
v 72000.0000 -8250.0000 1484.9242
v 72000.0000 -8250.0000 1303.2312
v 72000.0000 -8249.9723 1129.6201
v 72000.0000 -8236.7568 964.4866
v 72000.0000 -8201.3037 808.2904
v 72000.0000 -8145.6300 661.5756
v 72000.0000 -8070.9873 525.0000
v 72000.0000 -7977.9656 399.3810
v 72000.0000 -7866.4313 285.7738
v 72000.0000 -7735.2116 185.6155
v 72000.0000 -7581.1204 101.0363
v 72000.0000 -7395.2741 35.7217
v 72000.0000 -7112.4399 0.0000
v 73000.0000 0.0000 0.0000
v 73000.0000 7106.4604 0.0000
v 73000.0000 7390.0488 35.7217
v 73000.0000 7576.4281 101.0363
v 73000.0000 7731.0117 185.6155
v 73000.0000 7862.7148 285.7738
v 73000.0000 7974.7408 399.3810
v 73000.0000 8068.2772 525.0000
v 73000.0000 8143.4722 661.5756
v 73000.0000 8199.7539 808.2904
v 73000.0000 8235.8951 964.4866
v 73000.0000 8249.9153 1129.6201
v 73000.0000 8250.0000 1303.2312
v 73000.0000 8250.0000 1484.9242
v 73000.0000 8250.0000 1674.3547
v 73000.0000 8250.0000 1871.2184
v 73000.0000 8250.0000 2075.2447
v 73000.0000 8250.0000 2286.1904
v 73000.0000 8250.0000 2503.8356
v 73000.0000 8250.0000 2727.9800
v 73000.0000 8250.0000 2958.4404
v 73000.0000 8250.0000 3195.0483
v 73000.0000 8250.0000 3437.6477
v 73000.0000 8250.0000 3686.0944
v 73000.0000 8250.0000 3940.2537
v 73000.0000 8250.0000 4200.0000
v 73000.0000 7425.0000 4200.0000
v 73000.0000 6600.0000 4200.0000
v 73000.0000 5775.0000 4200.0000
v 73000.0000 4950.0000 4200.0000
v 73000.0000 4125.0000 4200.0000
v 73000.0000 3300.0000 4200.0000
v 73000.0000 2475.0000 4200.0000
v 73000.0000 1650.0000 4200.0000
v 73000.0000 825.0000 4200.0000
v 73000.0000 0.0000 4200.0000
v 73000.0000 -825.0000 4200.0000
v 73000.0000 -1650.0000 4200.0000
v 73000.0000 -2475.0000 4200.0000
v 73000.0000 -3300.0000 4200.0000
v 73000.0000 -4125.0000 4200.0000
v 73000.0000 -4950.0000 4200.0000
v 73000.0000 -5775.0000 4200.0000
v 73000.0000 -6600.0000 4200.0000
v 73000.0000 -7425.0000 4200.0000
v 73000.0000 -8250.0000 4200.0000
v 73000.0000 -8250.0000 3940.2537
v 73000.0000 -8250.0000 3686.0944
v 73000.0000 -8250.0000 3437.6477
v 73000.0000 -8250.0000 3195.0483
v 73000.0000 -8250.0000 2958.4404
v 73000.0000 -8250.0000 2727.9800
v 73000.0000 -8250.0000 2503.8356
v 73000.0000 -8250.0000 2286.1904
v 73000.0000 -8250.0000 2075.2447
v 73000.0000 -8250.0000 1871.2184
v 73000.0000 -8250.0000 1674.3547
v 73000.0000 -8250.0000 1484.9242
v 73000.0000 -8250.0000 1303.2312
v 73000.0000 -8249.9153 1129.6201
v 73000.0000 -8235.8951 964.4866
v 73000.0000 -8199.7539 808.2904
v 73000.0000 -8143.4722 661.5756
v 73000.0000 -8068.2772 525.0000
v 73000.0000 -7974.7408 399.3810
v 73000.0000 -7862.7148 285.7738
v 73000.0000 -7731.0117 185.6155
v 73000.0000 -7576.4281 101.0363
v 73000.0000 -7390.0488 35.7217
v 73000.0000 -7106.4604 0.0000
v 74000.0000 0.0000 0.0000
v 74000.0000 7099.7311 0.0000
v 74000.0000 7384.1658 35.7217
v 74000.0000 7571.1433 101.0363
v 74000.0000 7726.2791 185.6155
v 74000.0000 7858.5240 285.7738
v 74000.0000 7971.1012 399.3810
v 74000.0000 8065.2140 525.0000
v 74000.0000 8141.0271 661.5756
v 74000.0000 8197.9885 808.2904
v 74000.0000 8234.8978 964.4866
v 74000.0000 8249.8146 1129.6201
v 74000.0000 8250.0000 1303.2312
v 74000.0000 8250.0000 1484.9242
v 74000.0000 8250.0000 1674.3547
v 74000.0000 8250.0000 1871.2184
v 74000.0000 8250.0000 2075.2447
v 74000.0000 8250.0000 2286.1904
v 74000.0000 8250.0000 2503.8356
v 74000.0000 8250.0000 2727.9800
v 74000.0000 8250.0000 2958.4404
v 74000.0000 8250.0000 3195.0483
v 74000.0000 8250.0000 3437.6477
v 74000.0000 8250.0000 3686.0944
v 74000.0000 8250.0000 3940.2537
v 74000.0000 8250.0000 4200.0000
v 74000.0000 7425.0000 4200.0000
v 74000.0000 6600.0000 4200.0000
v 74000.0000 5775.0000 4200.0000
v 74000.0000 4950.0000 4200.0000
v 74000.0000 4125.0000 4200.0000
v 74000.0000 3300.0000 4200.0000
v 74000.0000 2475.0000 4200.0000
v 74000.0000 1650.0000 4200.0000
v 74000.0000 825.0000 4200.0000
v 74000.0000 0.0000 4200.0000
v 74000.0000 -825.0000 4200.0000
v 74000.0000 -1650.0000 4200.0000
v 74000.0000 -2475.0000 4200.0000
v 74000.0000 -3300.0000 4200.0000
v 74000.0000 -4125.0000 4200.0000
v 74000.0000 -4950.0000 4200.0000
v 74000.0000 -5775.0000 4200.0000
v 74000.0000 -6600.0000 4200.0000
v 74000.0000 -7425.0000 4200.0000
v 74000.0000 -8250.0000 4200.0000
v 74000.0000 -8250.0000 3940.2537
v 74000.0000 -8250.0000 3686.0944
v 74000.0000 -8250.0000 3437.6477
v 74000.0000 -8250.0000 3195.0483
v 74000.0000 -8250.0000 2958.4404
v 74000.0000 -8250.0000 2727.9800
v 74000.0000 -8250.0000 2503.8356
v 74000.0000 -8250.0000 2286.1904
v 74000.0000 -8250.0000 2075.2447
v 74000.0000 -8250.0000 1871.2184
v 74000.0000 -8250.0000 1674.3547
v 74000.0000 -8250.0000 1484.9242
v 74000.0000 -8250.0000 1303.2312
v 74000.0000 -8249.8146 1129.6201
v 74000.0000 -8234.8978 964.4866
v 74000.0000 -8197.9885 808.2904
v 74000.0000 -8141.0271 661.5756
v 74000.0000 -8065.2140 525.0000
v 74000.0000 -7971.1012 399.3810
v 74000.0000 -7858.5240 285.7738
v 74000.0000 -7726.2791 185.6155
v 74000.0000 -7571.1433 101.0363
v 74000.0000 -7384.1658 35.7217
v 74000.0000 -7099.7311 0.0000
v 75000.0000 0.0000 0.0000
v 75000.0000 7092.8780 0.0000
v 75000.0000 7378.1721 35.7217
v 75000.0000 7565.7567 101.0363
v 75000.0000 7721.4530 185.6155
v 75000.0000 7854.2476 285.7738
v 75000.0000 7967.3835 399.3810
v 75000.0000 8062.0803 525.0000
v 75000.0000 8138.5190 661.5756
v 75000.0000 8196.1675 808.2904
v 75000.0000 8233.8525 964.4866
v 75000.0000 8249.6731 1129.6201
v 75000.0000 8250.0000 1303.2312
v 75000.0000 8250.0000 1484.9242
v 75000.0000 8250.0000 1674.3547
v 75000.0000 8250.0000 1871.2184
v 75000.0000 8250.0000 2075.2447
v 75000.0000 8250.0000 2286.1904
v 75000.0000 8250.0000 2503.8356
v 75000.0000 8250.0000 2727.9800
v 75000.0000 8250.0000 2958.4404
v 75000.0000 8250.0000 3195.0483
v 75000.0000 8250.0000 3437.6477
v 75000.0000 8250.0000 3686.0944
v 75000.0000 8250.0000 3940.2537
v 75000.0000 8250.0000 4200.0000
v 75000.0000 7425.0000 4200.0000
v 75000.0000 6600.0000 4200.0000
v 75000.0000 5775.0000 4200.0000
v 75000.0000 4950.0000 4200.0000
v 75000.0000 4125.0000 4200.0000
v 75000.0000 3300.0000 4200.0000
v 75000.0000 2475.0000 4200.0000
v 75000.0000 1650.0000 4200.0000
v 75000.0000 825.0000 4200.0000
v 75000.0000 0.0000 4200.0000
v 75000.0000 -825.0000 4200.0000
v 75000.0000 -1650.0000 4200.0000
v 75000.0000 -2475.0000 4200.0000
v 75000.0000 -3300.0000 4200.0000
v 75000.0000 -4125.0000 4200.0000
v 75000.0000 -4950.0000 4200.0000
v 75000.0000 -5775.0000 4200.0000
v 75000.0000 -6600.0000 4200.0000
v 75000.0000 -7425.0000 4200.0000
v 75000.0000 -8250.0000 4200.0000
v 75000.0000 -8250.0000 3940.2537
v 75000.0000 -8250.0000 3686.0944
v 75000.0000 -8250.0000 3437.6477
v 75000.0000 -8250.0000 3195.0483
v 75000.0000 -8250.0000 2958.4404
v 75000.0000 -8250.0000 2727.9800
v 75000.0000 -8250.0000 2503.8356
v 75000.0000 -8250.0000 2286.1904
v 75000.0000 -8250.0000 2075.2447
v 75000.0000 -8250.0000 1871.2184
v 75000.0000 -8250.0000 1674.3547
v 75000.0000 -8250.0000 1484.9242
v 75000.0000 -8250.0000 1303.2312
v 75000.0000 -8249.6731 1129.6201
v 75000.0000 -8233.8525 964.4866
v 75000.0000 -8196.1675 808.2904
v 75000.0000 -8138.5190 661.5756
v 75000.0000 -8062.0803 525.0000
v 75000.0000 -7967.3835 399.3810
v 75000.0000 -7854.2476 285.7738
v 75000.0000 -7721.4530 185.6155
v 75000.0000 -7565.7567 101.0363
v 75000.0000 -7378.1721 35.7217
v 75000.0000 -7092.8780 0.0000
v 76000.0000 0.0000 0.0000
v 76000.0000 7086.5272 0.0000
v 76000.0000 7372.6154 35.7217
v 76000.0000 7560.7609 101.0363
v 76000.0000 7716.9747 185.6155
v 76000.0000 7850.2768 285.7738
v 76000.0000 7963.9283 399.3810
v 76000.0000 8059.1635 525.0000
v 76000.0000 8136.1786 661.5756
v 76000.0000 8194.4597 808.2904
v 76000.0000 8232.8576 964.4866
v 76000.0000 8249.5074 1129.6201
v 76000.0000 8250.0000 1303.2312
v 76000.0000 8250.0000 1484.9242
v 76000.0000 8250.0000 1674.3547
v 76000.0000 8250.0000 1871.2184
v 76000.0000 8250.0000 2075.2447
v 76000.0000 8250.0000 2286.1904
v 76000.0000 8250.0000 2503.8356
v 76000.0000 8250.0000 2727.9800
v 76000.0000 8250.0000 2958.4404
v 76000.0000 8250.0000 3195.0483
v 76000.0000 8250.0000 3437.6477
v 76000.0000 8250.0000 3686.0944
v 76000.0000 8250.0000 3940.2537
v 76000.0000 8250.0000 4200.0000
v 76000.0000 7425.0000 4200.0000
v 76000.0000 6600.0000 4200.0000
v 76000.0000 5775.0000 4200.0000
v 76000.0000 4950.0000 4200.0000
v 76000.0000 4125.0000 4200.0000
v 76000.0000 3300.0000 4200.0000
v 76000.0000 2475.0000 4200.0000
v 76000.0000 1650.0000 4200.0000
v 76000.0000 825.0000 4200.0000
v 76000.0000 0.0000 4200.0000
v 76000.0000 -825.0000 4200.0000
v 76000.0000 -1650.0000 4200.0000
v 76000.0000 -2475.0000 4200.0000
v 76000.0000 -3300.0000 4200.0000
v 76000.0000 -4125.0000 4200.0000
v 76000.0000 -4950.0000 4200.0000
v 76000.0000 -5775.0000 4200.0000
v 76000.0000 -6600.0000 4200.0000
v 76000.0000 -7425.0000 4200.0000
v 76000.0000 -8250.0000 4200.0000
v 76000.0000 -8250.0000 3940.2537
v 76000.0000 -8250.0000 3686.0944
v 76000.0000 -8250.0000 3437.6477
v 76000.0000 -8250.0000 3195.0483
v 76000.0000 -8250.0000 2958.4404
v 76000.0000 -8250.0000 2727.9800
v 76000.0000 -8250.0000 2503.8356
v 76000.0000 -8250.0000 2286.1904
v 76000.0000 -8250.0000 2075.2447
v 76000.0000 -8250.0000 1871.2184
v 76000.0000 -8250.0000 1674.3547
v 76000.0000 -8250.0000 1484.9242
v 76000.0000 -8250.0000 1303.2312
v 76000.0000 -8249.5074 1129.6201
v 76000.0000 -8232.8576 964.4866
v 76000.0000 -8194.4597 808.2904
v 76000.0000 -8136.1786 661.5756
v 76000.0000 -8059.1635 525.0000
v 76000.0000 -7963.9283 399.3810
v 76000.0000 -7850.2768 285.7738
v 76000.0000 -7716.9747 185.6155
v 76000.0000 -7560.7609 101.0363
v 76000.0000 -7372.6154 35.7217
v 76000.0000 -7086.5272 0.0000
v 76450.0000 0.0000 0.0000
v 76450.0000 7084.0000 0.0000
v 76450.0000 7370.4036 35.7217
v 76450.0000 7558.7719 101.0363
v 76450.0000 7715.1912 185.6155
v 76450.0000 7848.6946 285.7738
v 76450.0000 7962.5507 399.3810
v 76450.0000 8057.9995 525.0000
v 76450.0000 8135.2431 661.5756
v 76450.0000 8193.7747 808.2904
v 76450.0000 8232.4548 964.4866
v 76450.0000 8249.4323 1129.6201
v 76450.0000 8250.0000 1303.2312
v 76450.0000 8250.0000 1484.9242
v 76450.0000 8250.0000 1674.3547
v 76450.0000 8250.0000 1871.2184
v 76450.0000 8250.0000 2075.2447
v 76450.0000 8250.0000 2286.1904
v 76450.0000 8250.0000 2503.8356
v 76450.0000 8250.0000 2727.9800
v 76450.0000 8250.0000 2958.4404
v 76450.0000 8250.0000 3195.0483
v 76450.0000 8250.0000 3437.6477
v 76450.0000 8250.0000 3686.0944
v 76450.0000 8250.0000 3940.2537
v 76450.0000 8250.0000 4200.0000
v 76450.0000 7425.0000 4200.0000
v 76450.0000 6600.0000 4200.0000
v 76450.0000 5775.0000 4200.0000
v 76450.0000 4950.0000 4200.0000
v 76450.0000 4125.0000 4200.0000
v 76450.0000 3300.0000 4200.0000
v 76450.0000 2475.0000 4200.0000
v 76450.0000 1650.0000 4200.0000
v 76450.0000 825.0000 4200.0000
v 76450.0000 0.0000 4200.0000
v 76450.0000 -825.0000 4200.0000
v 76450.0000 -1650.0000 4200.0000
v 76450.0000 -2475.0000 4200.0000
v 76450.0000 -3300.0000 4200.0000
v 76450.0000 -4125.0000 4200.0000
v 76450.0000 -4950.0000 4200.0000
v 76450.0000 -5775.0000 4200.0000
v 76450.0000 -6600.0000 4200.0000
v 76450.0000 -7425.0000 4200.0000
v 76450.0000 -8250.0000 4200.0000
v 76450.0000 -8250.0000 3940.2537
v 76450.0000 -8250.0000 3686.0944
v 76450.0000 -8250.0000 3437.6477
v 76450.0000 -8250.0000 3195.0483
v 76450.0000 -8250.0000 2958.4404
v 76450.0000 -8250.0000 2727.9800
v 76450.0000 -8250.0000 2503.8356
v 76450.0000 -8250.0000 2286.1904
v 76450.0000 -8250.0000 2075.2447
v 76450.0000 -8250.0000 1871.2184
v 76450.0000 -8250.0000 1674.3547
v 76450.0000 -8250.0000 1484.9242
v 76450.0000 -8250.0000 1303.2312
v 76450.0000 -8249.4323 1129.6201
v 76450.0000 -8232.4548 964.4866
v 76450.0000 -8193.7747 808.2904
v 76450.0000 -8135.2431 661.5756
v 76450.0000 -8057.9995 525.0000
v 76450.0000 -7962.5507 399.3810
v 76450.0000 -7848.6946 285.7738
v 76450.0000 -7715.1912 185.6155
v 76450.0000 -7558.7719 101.0363
v 76450.0000 -7370.4036 35.7217
v 76450.0000 -7084.0000 0.0000
v 77000.0000 0.0000 0.0000
v 77000.0000 7081.1950 0.0000
v 77000.0000 7367.9419 35.7217
v 77000.0000 7556.5525 101.0363
v 77000.0000 7713.1954 185.6155
v 77000.0000 7846.9180 285.7738
v 77000.0000 7960.9966 399.3810
v 77000.0000 8056.6776 525.0000
v 77000.0000 8134.1696 661.5756
v 77000.0000 8192.9735 808.2904
v 77000.0000 8231.9600 964.4866
v 77000.0000 8249.2933 1129.6201
v 77000.0000 8249.9510 1303.2312
v 77000.0000 8249.9540 1484.9242
v 77000.0000 8249.9572 1674.3547
v 77000.0000 8249.9606 1871.2184
v 77000.0000 8249.9640 2075.2447
v 77000.0000 8249.9676 2286.1904
v 77000.0000 8249.9713 2503.8356
v 77000.0000 8249.9751 2727.9800
v 77000.0000 8249.9790 2958.4404
v 77000.0000 8249.9830 3195.0483
v 77000.0000 8249.9871 3437.6477
v 77000.0000 8249.9913 3686.0944
v 77000.0000 8249.9956 3940.2537
v 77000.0000 8250.0000 4200.0000
v 77000.0000 7425.0000 4200.0000
v 77000.0000 6600.0000 4200.0000
v 77000.0000 5775.0000 4200.0000
v 77000.0000 4950.0000 4200.0000
v 77000.0000 4125.0000 4200.0000
v 77000.0000 3300.0000 4200.0000
v 77000.0000 2475.0000 4200.0000
v 77000.0000 1650.0000 4200.0000
v 77000.0000 825.0000 4200.0000
v 77000.0000 0.0000 4200.0000
v 77000.0000 -825.0000 4200.0000
v 77000.0000 -1650.0000 4200.0000
v 77000.0000 -2475.0000 4200.0000
v 77000.0000 -3300.0000 4200.0000
v 77000.0000 -4125.0000 4200.0000
v 77000.0000 -4950.0000 4200.0000
v 77000.0000 -5775.0000 4200.0000
v 77000.0000 -6600.0000 4200.0000
v 77000.0000 -7425.0000 4200.0000
v 77000.0000 -8250.0000 4200.0000
v 77000.0000 -8249.9956 3940.2537
v 77000.0000 -8249.9913 3686.0944
v 77000.0000 -8249.9871 3437.6477
v 77000.0000 -8249.9830 3195.0483
v 77000.0000 -8249.9790 2958.4404
v 77000.0000 -8249.9751 2727.9800
v 77000.0000 -8249.9713 2503.8356
v 77000.0000 -8249.9676 2286.1904
v 77000.0000 -8249.9640 2075.2447
v 77000.0000 -8249.9606 1871.2184
v 77000.0000 -8249.9572 1674.3547
v 77000.0000 -8249.9540 1484.9242
v 77000.0000 -8249.9510 1303.2312
v 77000.0000 -8249.2933 1129.6201
v 77000.0000 -8231.9600 964.4866
v 77000.0000 -8192.9735 808.2904
v 77000.0000 -8134.1696 661.5756
v 77000.0000 -8056.6776 525.0000
v 77000.0000 -7960.9966 399.3810
v 77000.0000 -7846.9180 285.7738
v 77000.0000 -7713.1954 185.6155
v 77000.0000 -7556.5525 101.0363
v 77000.0000 -7367.9419 35.7217
v 77000.0000 -7081.1950 0.0000
v 78000.0000 0.0000 0.0000
v 78000.0000 7076.5567 0.0000
v 78000.0000 7363.8383 35.7217
v 78000.0000 7552.8266 101.0363
v 78000.0000 7709.8179 185.6155
v 78000.0000 7843.8817 285.7738
v 78000.0000 7958.3067 399.3810
v 78000.0000 8054.3492 525.0000
v 78000.0000 8132.2276 661.5756
v 78000.0000 8191.4548 808.2904
v 78000.0000 8230.9175 964.4866
v 78000.0000 8248.8030 1129.6201
v 78000.0000 8249.6242 1303.2312
v 78000.0000 8249.6478 1484.9242
v 78000.0000 8249.6723 1674.3547
v 78000.0000 8249.6979 1871.2184
v 78000.0000 8249.7244 2075.2447
v 78000.0000 8249.7517 2286.1904
v 78000.0000 8249.7800 2503.8356
v 78000.0000 8249.8090 2727.9800
v 78000.0000 8249.8389 2958.4404
v 78000.0000 8249.8696 3195.0483
v 78000.0000 8249.9011 3437.6477
v 78000.0000 8249.9333 3686.0944
v 78000.0000 8249.9663 3940.2537
v 78000.0000 8250.0000 4200.0000
v 78000.0000 7425.0000 4200.0000
v 78000.0000 6600.0000 4200.0000
v 78000.0000 5775.0000 4200.0000
v 78000.0000 4950.0000 4200.0000
v 78000.0000 4125.0000 4200.0000
v 78000.0000 3300.0000 4200.0000
v 78000.0000 2475.0000 4200.0000
v 78000.0000 1650.0000 4200.0000
v 78000.0000 825.0000 4200.0000
v 78000.0000 0.0000 4200.0000
v 78000.0000 -825.0000 4200.0000
v 78000.0000 -1650.0000 4200.0000
v 78000.0000 -2475.0000 4200.0000
v 78000.0000 -3300.0000 4200.0000
v 78000.0000 -4125.0000 4200.0000
v 78000.0000 -4950.0000 4200.0000
v 78000.0000 -5775.0000 4200.0000
v 78000.0000 -6600.0000 4200.0000
v 78000.0000 -7425.0000 4200.0000
v 78000.0000 -8250.0000 4200.0000
v 78000.0000 -8249.9663 3940.2537
v 78000.0000 -8249.9333 3686.0944
v 78000.0000 -8249.9011 3437.6477
v 78000.0000 -8249.8696 3195.0483
v 78000.0000 -8249.8389 2958.4404
v 78000.0000 -8249.8090 2727.9800
v 78000.0000 -8249.7800 2503.8356
v 78000.0000 -8249.7517 2286.1904
v 78000.0000 -8249.7244 2075.2447
v 78000.0000 -8249.6979 1871.2184
v 78000.0000 -8249.6723 1674.3547
v 78000.0000 -8249.6478 1484.9242
v 78000.0000 -8249.6242 1303.2312
v 78000.0000 -8248.8030 1129.6201
v 78000.0000 -8230.9175 964.4866
v 78000.0000 -8191.4548 808.2904
v 78000.0000 -8132.2276 661.5756
v 78000.0000 -8054.3492 525.0000
v 78000.0000 -7958.3067 399.3810
v 78000.0000 -7843.8817 285.7738
v 78000.0000 -7709.8179 185.6155
v 78000.0000 -7552.8266 101.0363
v 78000.0000 -7363.8383 35.7217
v 78000.0000 -7076.5567 0.0000
v 79000.0000 0.0000 0.0000
v 79000.0000 7072.1785 0.0000
v 79000.0000 7359.9258 35.7217
v 79000.0000 7549.2429 101.0363
v 79000.0000 7706.5373 185.6155
v 79000.0000 7840.8981 285.7738
v 79000.0000 7955.6245 399.3810
v 79000.0000 8051.9813 525.0000
v 79000.0000 8130.1956 661.5756
v 79000.0000 8189.7905 808.2904
v 79000.0000 8229.6666 964.4866
v 79000.0000 8248.0310 1129.6201
v 79000.0000 8249.0200 1303.2312
v 79000.0000 8249.0814 1484.9242
v 79000.0000 8249.1455 1674.3547
v 79000.0000 8249.2121 1871.2184
v 79000.0000 8249.2812 2075.2447
v 79000.0000 8249.3525 2286.1904
v 79000.0000 8249.4262 2503.8356
v 79000.0000 8249.5020 2727.9800
v 79000.0000 8249.5800 2958.4404
v 79000.0000 8249.6600 3195.0483
v 79000.0000 8249.7421 3437.6477
v 79000.0000 8249.8261 3686.0944
v 79000.0000 8249.9121 3940.2537
v 79000.0000 8250.0000 4200.0000
v 79000.0000 7425.0000 4200.0000
v 79000.0000 6600.0000 4200.0000
v 79000.0000 5775.0000 4200.0000
v 79000.0000 4950.0000 4200.0000
v 79000.0000 4125.0000 4200.0000
v 79000.0000 3300.0000 4200.0000
v 79000.0000 2475.0000 4200.0000
v 79000.0000 1650.0000 4200.0000
v 79000.0000 825.0000 4200.0000
v 79000.0000 0.0000 4200.0000
v 79000.0000 -825.0000 4200.0000
v 79000.0000 -1650.0000 4200.0000
v 79000.0000 -2475.0000 4200.0000
v 79000.0000 -3300.0000 4200.0000
v 79000.0000 -4125.0000 4200.0000
v 79000.0000 -4950.0000 4200.0000
v 79000.0000 -5775.0000 4200.0000
v 79000.0000 -6600.0000 4200.0000
v 79000.0000 -7425.0000 4200.0000
v 79000.0000 -8250.0000 4200.0000
v 79000.0000 -8249.9121 3940.2537
v 79000.0000 -8249.8261 3686.0944
v 79000.0000 -8249.7421 3437.6477
v 79000.0000 -8249.6600 3195.0483
v 79000.0000 -8249.5800 2958.4404
v 79000.0000 -8249.5020 2727.9800
v 79000.0000 -8249.4262 2503.8356
v 79000.0000 -8249.3525 2286.1904
v 79000.0000 -8249.2812 2075.2447
v 79000.0000 -8249.2121 1871.2184
v 79000.0000 -8249.1455 1674.3547
v 79000.0000 -8249.0814 1484.9242
v 79000.0000 -8249.0200 1303.2312
v 79000.0000 -8248.0310 1129.6201
v 79000.0000 -8229.6666 964.4866
v 79000.0000 -8189.7905 808.2904
v 79000.0000 -8130.1956 661.5756
v 79000.0000 -8051.9813 525.0000
v 79000.0000 -7955.6245 399.3810
v 79000.0000 -7840.8981 285.7738
v 79000.0000 -7706.5373 185.6155
v 79000.0000 -7549.2429 101.0363
v 79000.0000 -7359.9258 35.7217
v 79000.0000 -7072.1785 0.0000
v 80000.0000 0.0000 0.0000
v 80000.0000 7067.6656 0.0000
v 80000.0000 7355.8633 35.7217
v 80000.0000 7545.4983 101.0363
v 80000.0000 7703.0859 185.6155
v 80000.0000 7837.7337 285.7738
v 80000.0000 7952.7514 399.3810
v 80000.0000 8049.4119 525.0000
v 80000.0000 8127.9505 661.5756
v 80000.0000 8187.9003 808.2904
v 80000.0000 8228.1750 964.4866
v 80000.0000 8247.0008 1129.6201
v 80000.0000 8248.1725 1303.2312
v 80000.0000 8248.2872 1484.9242
v 80000.0000 8248.4067 1674.3547
v 80000.0000 8248.5309 1871.2184
v 80000.0000 8248.6596 2075.2447
v 80000.0000 8248.7926 2286.1904
v 80000.0000 8248.9300 2503.8356
v 80000.0000 8249.0714 2727.9800
v 80000.0000 8249.2167 2958.4404
v 80000.0000 8249.3660 3195.0483
v 80000.0000 8249.5191 3437.6477
v 80000.0000 8249.6758 3686.0944
v 80000.0000 8249.8361 3940.2537
v 80000.0000 8250.0000 4200.0000
v 80000.0000 7425.0000 4200.0000
v 80000.0000 6600.0000 4200.0000
v 80000.0000 5775.0000 4200.0000
v 80000.0000 4950.0000 4200.0000
v 80000.0000 4125.0000 4200.0000
v 80000.0000 3300.0000 4200.0000
v 80000.0000 2475.0000 4200.0000
v 80000.0000 1650.0000 4200.0000
v 80000.0000 825.0000 4200.0000
v 80000.0000 0.0000 4200.0000
v 80000.0000 -825.0000 4200.0000
v 80000.0000 -1650.0000 4200.0000
v 80000.0000 -2475.0000 4200.0000
v 80000.0000 -3300.0000 4200.0000
v 80000.0000 -4125.0000 4200.0000
v 80000.0000 -4950.0000 4200.0000
v 80000.0000 -5775.0000 4200.0000
v 80000.0000 -6600.0000 4200.0000
v 80000.0000 -7425.0000 4200.0000
v 80000.0000 -8250.0000 4200.0000
v 80000.0000 -8249.8361 3940.2537
v 80000.0000 -8249.6758 3686.0944
v 80000.0000 -8249.5191 3437.6477
v 80000.0000 -8249.3660 3195.0483
v 80000.0000 -8249.2167 2958.4404
v 80000.0000 -8249.0714 2727.9800
v 80000.0000 -8248.9300 2503.8356
v 80000.0000 -8248.7926 2286.1904
v 80000.0000 -8248.6596 2075.2447
v 80000.0000 -8248.5309 1871.2184
v 80000.0000 -8248.4067 1674.3547
v 80000.0000 -8248.2872 1484.9242
v 80000.0000 -8248.1725 1303.2312
v 80000.0000 -8247.0008 1129.6201
v 80000.0000 -8228.1750 964.4866
v 80000.0000 -8187.9003 808.2904
v 80000.0000 -8127.9505 661.5756
v 80000.0000 -8049.4119 525.0000
v 80000.0000 -7952.7514 399.3810
v 80000.0000 -7837.7337 285.7738
v 80000.0000 -7703.0859 185.6155
v 80000.0000 -7545.4983 101.0363
v 80000.0000 -7355.8633 35.7217
v 80000.0000 -7067.6656 0.0000
v 81000.0000 0.0000 0.0000
v 81000.0000 7062.6234 0.0000
v 81000.0000 7351.3096 35.7217
v 81000.0000 7541.2894 101.0363
v 81000.0000 7699.1949 185.6155
v 81000.0000 7834.1539 285.7738
v 81000.0000 7949.4873 399.3810
v 81000.0000 8046.4768 525.0000
v 81000.0000 8125.3667 661.5756
v 81000.0000 8185.7007 808.2904
v 81000.0000 8226.4064 964.4866
v 81000.0000 8245.7309 1129.6201
v 81000.0000 8247.1161 1303.2312
v 81000.0000 8247.2970 1484.9242
v 81000.0000 8247.4856 1674.3547
v 81000.0000 8247.6816 1871.2184
v 81000.0000 8247.8847 2075.2447
v 81000.0000 8248.0947 2286.1904
v 81000.0000 8248.3114 2503.8356
v 81000.0000 8248.5345 2727.9800
v 81000.0000 8248.7640 2958.4404
v 81000.0000 8248.9995 3195.0483
v 81000.0000 8249.2410 3437.6477
v 81000.0000 8249.4884 3686.0944
v 81000.0000 8249.7414 3940.2537
v 81000.0000 8250.0000 4200.0000
v 81000.0000 7425.0000 4200.0000
v 81000.0000 6600.0000 4200.0000
v 81000.0000 5775.0000 4200.0000
v 81000.0000 4950.0000 4200.0000
v 81000.0000 4125.0000 4200.0000
v 81000.0000 3300.0000 4200.0000
v 81000.0000 2475.0000 4200.0000
v 81000.0000 1650.0000 4200.0000
v 81000.0000 825.0000 4200.0000
v 81000.0000 0.0000 4200.0000
v 81000.0000 -825.0000 4200.0000
v 81000.0000 -1650.0000 4200.0000
v 81000.0000 -2475.0000 4200.0000
v 81000.0000 -3300.0000 4200.0000
v 81000.0000 -4125.0000 4200.0000
v 81000.0000 -4950.0000 4200.0000
v 81000.0000 -5775.0000 4200.0000
v 81000.0000 -6600.0000 4200.0000
v 81000.0000 -7425.0000 4200.0000
v 81000.0000 -8250.0000 4200.0000
v 81000.0000 -8249.7414 3940.2537
v 81000.0000 -8249.4884 3686.0944
v 81000.0000 -8249.2410 3437.6477
v 81000.0000 -8248.9995 3195.0483
v 81000.0000 -8248.7640 2958.4404
v 81000.0000 -8248.5345 2727.9800
v 81000.0000 -8248.3114 2503.8356
v 81000.0000 -8248.0947 2286.1904
v 81000.0000 -8247.8847 2075.2447
v 81000.0000 -8247.6816 1871.2184
v 81000.0000 -8247.4856 1674.3547
v 81000.0000 -8247.2970 1484.9242
v 81000.0000 -8247.1161 1303.2312
v 81000.0000 -8245.7309 1129.6201
v 81000.0000 -8226.4064 964.4866
v 81000.0000 -8185.7007 808.2904
v 81000.0000 -8125.3667 661.5756
v 81000.0000 -8046.4768 525.0000
v 81000.0000 -7949.4873 399.3810
v 81000.0000 -7834.1539 285.7738
v 81000.0000 -7699.1949 185.6155
v 81000.0000 -7541.2894 101.0363
v 81000.0000 -7351.3096 35.7217
v 81000.0000 -7062.6234 0.0000
v 82000.0000 0.0000 0.0000
v 82000.0000 7056.6570 0.0000
v 82000.0000 7345.9231 35.7217
v 82000.0000 7536.3122 101.0363
v 82000.0000 7694.5948 185.6155
v 82000.0000 7829.9231 285.7738
v 82000.0000 7945.6309 399.3810
v 82000.0000 8043.0103 525.0000
v 82000.0000 8122.3164 661.5756
v 82000.0000 8183.1052 808.2904
v 82000.0000 8224.3211 964.4866
v 82000.0000 8244.2348 1129.6201
v 82000.0000 8245.8850 1303.2312
v 82000.0000 8246.1431 1484.9242
v 82000.0000 8246.4122 1674.3547
v 82000.0000 8246.6918 1871.2184
v 82000.0000 8246.9817 2075.2447
v 82000.0000 8247.2813 2286.1904
v 82000.0000 8247.5905 2503.8356
v 82000.0000 8247.9089 2727.9800
v 82000.0000 8248.2363 2958.4404
v 82000.0000 8248.5724 3195.0483
v 82000.0000 8248.9170 3437.6477
v 82000.0000 8249.2700 3686.0944
v 82000.0000 8249.6310 3940.2537
v 82000.0000 8250.0000 4200.0000
v 82000.0000 7425.0000 4200.0000
v 82000.0000 6600.0000 4200.0000
v 82000.0000 5775.0000 4200.0000
v 82000.0000 4950.0000 4200.0000
v 82000.0000 4125.0000 4200.0000
v 82000.0000 3300.0000 4200.0000
v 82000.0000 2475.0000 4200.0000
v 82000.0000 1650.0000 4200.0000
v 82000.0000 825.0000 4200.0000
v 82000.0000 0.0000 4200.0000
v 82000.0000 -825.0000 4200.0000
v 82000.0000 -1650.0000 4200.0000
v 82000.0000 -2475.0000 4200.0000
v 82000.0000 -3300.0000 4200.0000
v 82000.0000 -4125.0000 4200.0000
v 82000.0000 -4950.0000 4200.0000
v 82000.0000 -5775.0000 4200.0000
v 82000.0000 -6600.0000 4200.0000
v 82000.0000 -7425.0000 4200.0000
v 82000.0000 -8250.0000 4200.0000
v 82000.0000 -8249.6310 3940.2537
v 82000.0000 -8249.2700 3686.0944
v 82000.0000 -8248.9170 3437.6477
v 82000.0000 -8248.5724 3195.0483
v 82000.0000 -8248.2363 2958.4404
v 82000.0000 -8247.9089 2727.9800
v 82000.0000 -8247.5905 2503.8356
v 82000.0000 -8247.2813 2286.1904
v 82000.0000 -8246.9817 2075.2447
v 82000.0000 -8246.6918 1871.2184
v 82000.0000 -8246.4122 1674.3547
v 82000.0000 -8246.1431 1484.9242
v 82000.0000 -8245.8850 1303.2312
v 82000.0000 -8244.2348 1129.6201
v 82000.0000 -8224.3211 964.4866
v 82000.0000 -8183.1052 808.2904
v 82000.0000 -8122.3164 661.5756
v 82000.0000 -8043.0103 525.0000
v 82000.0000 -7945.6309 399.3810
v 82000.0000 -7829.9231 285.7738
v 82000.0000 -7694.5948 185.6155
v 82000.0000 -7536.3122 101.0363
v 82000.0000 -7345.9231 35.7217
v 82000.0000 -7056.6570 0.0000
v 83000.0000 0.0000 0.0000
v 83000.0000 7049.3718 0.0000
v 83000.0000 7339.3618 35.7217
v 83000.0000 7530.2617 101.0363
v 83000.0000 7689.0151 185.6155
v 83000.0000 7824.8040 285.7738
v 83000.0000 7940.9788 399.3810
v 83000.0000 8038.8444 525.0000
v 83000.0000 8118.6690 661.5756
v 83000.0000 8180.0240 808.2904
v 83000.0000 8221.8742 964.4866
v 83000.0000 8242.5197 1129.6201
v 83000.0000 8244.5133 1303.2312
v 83000.0000 8244.8575 1484.9242
v 83000.0000 8245.2163 1674.3547
v 83000.0000 8245.5891 1871.2184
v 83000.0000 8245.9756 2075.2447
v 83000.0000 8246.3751 2286.1904
v 83000.0000 8246.7874 2503.8356
v 83000.0000 8247.2119 2727.9800
v 83000.0000 8247.6484 2958.4404
v 83000.0000 8248.0966 3195.0483
v 83000.0000 8248.5561 3437.6477
v 83000.0000 8249.0266 3686.0944
v 83000.0000 8249.5080 3940.2537
v 83000.0000 8250.0000 4200.0000
v 83000.0000 7425.0000 4200.0000
v 83000.0000 6600.0000 4200.0000
v 83000.0000 5775.0000 4200.0000
v 83000.0000 4950.0000 4200.0000
v 83000.0000 4125.0000 4200.0000
v 83000.0000 3300.0000 4200.0000
v 83000.0000 2475.0000 4200.0000
v 83000.0000 1650.0000 4200.0000
v 83000.0000 825.0000 4200.0000
v 83000.0000 0.0000 4200.0000
v 83000.0000 -825.0000 4200.0000
v 83000.0000 -1650.0000 4200.0000
v 83000.0000 -2475.0000 4200.0000
v 83000.0000 -3300.0000 4200.0000
v 83000.0000 -4125.0000 4200.0000
v 83000.0000 -4950.0000 4200.0000
v 83000.0000 -5775.0000 4200.0000
v 83000.0000 -6600.0000 4200.0000
v 83000.0000 -7425.0000 4200.0000
v 83000.0000 -8250.0000 4200.0000
v 83000.0000 -8249.5080 3940.2537
v 83000.0000 -8249.0266 3686.0944
v 83000.0000 -8248.5561 3437.6477
v 83000.0000 -8248.0966 3195.0483
v 83000.0000 -8247.6484 2958.4404
v 83000.0000 -8247.2119 2727.9800
v 83000.0000 -8246.7874 2503.8356
v 83000.0000 -8246.3751 2286.1904
v 83000.0000 -8245.9756 2075.2447
v 83000.0000 -8245.5891 1871.2184
v 83000.0000 -8245.2163 1674.3547
v 83000.0000 -8244.8575 1484.9242
v 83000.0000 -8244.5133 1303.2312
v 83000.0000 -8242.5197 1129.6201
v 83000.0000 -8221.8742 964.4866
v 83000.0000 -8180.0240 808.2904
v 83000.0000 -8118.6690 661.5756
v 83000.0000 -8038.8444 525.0000
v 83000.0000 -7940.9788 399.3810
v 83000.0000 -7824.8040 285.7738
v 83000.0000 -7689.0151 185.6155
v 83000.0000 -7530.2617 101.0363
v 83000.0000 -7339.3618 35.7217
v 83000.0000 -7049.3718 0.0000
v 83400.0000 0.0000 0.0000
v 83400.0000 7046.0000 0.0000
v 83400.0000 7336.3316 35.7217
v 83400.0000 7527.4726 101.0363
v 83400.0000 7686.4481 185.6155
v 83400.0000 7822.4543 285.7738
v 83400.0000 7938.8492 399.3810
v 83400.0000 8036.9439 525.0000
v 83400.0000 8117.0128 661.5756
v 83400.0000 8178.6344 808.2904
v 83400.0000 8220.7829 964.4866
v 83400.0000 8241.7724 1129.6201
v 83400.0000 8243.9330 1303.2312
v 83400.0000 8244.3136 1484.9242
v 83400.0000 8244.7103 1674.3547
v 83400.0000 8245.1226 1871.2184
v 83400.0000 8245.5499 2075.2447
v 83400.0000 8245.9917 2286.1904
v 83400.0000 8246.4476 2503.8356
v 83400.0000 8246.9170 2727.9800
v 83400.0000 8247.3997 2958.4404
v 83400.0000 8247.8952 3195.0483
v 83400.0000 8248.4033 3437.6477
v 83400.0000 8248.9237 3686.0944
v 83400.0000 8249.4560 3940.2537
v 83400.0000 8250.0000 4200.0000
v 83400.0000 7425.0000 4200.0000
v 83400.0000 6600.0000 4200.0000
v 83400.0000 5775.0000 4200.0000
v 83400.0000 4950.0000 4200.0000
v 83400.0000 4125.0000 4200.0000
v 83400.0000 3300.0000 4200.0000
v 83400.0000 2475.0000 4200.0000
v 83400.0000 1650.0000 4200.0000
v 83400.0000 825.0000 4200.0000
v 83400.0000 0.0000 4200.0000
v 83400.0000 -825.0000 4200.0000
v 83400.0000 -1650.0000 4200.0000
v 83400.0000 -2475.0000 4200.0000
v 83400.0000 -3300.0000 4200.0000
v 83400.0000 -4125.0000 4200.0000
v 83400.0000 -4950.0000 4200.0000
v 83400.0000 -5775.0000 4200.0000
v 83400.0000 -6600.0000 4200.0000
v 83400.0000 -7425.0000 4200.0000
v 83400.0000 -8250.0000 4200.0000
v 83400.0000 -8249.4560 3940.2537
v 83400.0000 -8248.9237 3686.0944
v 83400.0000 -8248.4033 3437.6477
v 83400.0000 -8247.8952 3195.0483
v 83400.0000 -8247.3997 2958.4404
v 83400.0000 -8246.9170 2727.9800
v 83400.0000 -8246.4476 2503.8356
v 83400.0000 -8245.9917 2286.1904
v 83400.0000 -8245.5499 2075.2447
v 83400.0000 -8245.1226 1871.2184
v 83400.0000 -8244.7103 1674.3547
v 83400.0000 -8244.3136 1484.9242
v 83400.0000 -8243.9330 1303.2312
v 83400.0000 -8241.7724 1129.6201
v 83400.0000 -8220.7829 964.4866
v 83400.0000 -8178.6344 808.2904
v 83400.0000 -8117.0128 661.5756
v 83400.0000 -8036.9439 525.0000
v 83400.0000 -7938.8492 399.3810
v 83400.0000 -7822.4543 285.7738
v 83400.0000 -7686.4481 185.6155
v 83400.0000 -7527.4726 101.0363
v 83400.0000 -7336.3316 35.7217
v 83400.0000 -7046.0000 0.0000
v 84000.0000 0.0000 0.0084
v 84000.0000 7039.8204 0.0084
v 84000.0000 7330.7723 35.7300
v 84000.0000 7522.3509 101.0445
v 84000.0000 7681.7296 185.6235
v 84000.0000 7818.1301 285.7816
v 84000.0000 7934.9245 399.3886
v 84000.0000 8033.4350 525.0073
v 84000.0000 8113.9468 661.5827
v 84000.0000 8176.0517 808.2971
v 84000.0000 8218.7409 964.4930
v 84000.0000 8240.3530 1129.6263
v 84000.0000 8242.8312 1303.2369
v 84000.0000 8243.2809 1484.9296
v 84000.0000 8243.7497 1674.3597
v 84000.0000 8244.2368 1871.2230
v 84000.0000 8244.7418 2075.2489
v 84000.0000 8245.2638 2286.1942
v 84000.0000 8245.8024 2503.8390
v 84000.0000 8246.3571 2727.9830
v 84000.0000 8246.9274 2958.4429
v 84000.0000 8247.5130 3195.0503
v 84000.0000 8248.1134 3437.6492
v 84000.0000 8248.7282 3686.0954
v 84000.0000 8249.3572 3940.2542
v 84000.0000 8250.0000 4200.0000
v 84000.0000 7425.0000 4200.0000
v 84000.0000 6600.0000 4200.0000
v 84000.0000 5775.0000 4200.0000
v 84000.0000 4950.0000 4200.0000
v 84000.0000 4125.0000 4200.0000
v 84000.0000 3300.0000 4200.0000
v 84000.0000 2475.0000 4200.0000
v 84000.0000 1650.0000 4200.0000
v 84000.0000 825.0000 4200.0000
v 84000.0000 0.0000 4200.0000
v 84000.0000 -825.0000 4200.0000
v 84000.0000 -1650.0000 4200.0000
v 84000.0000 -2475.0000 4200.0000
v 84000.0000 -3300.0000 4200.0000
v 84000.0000 -4125.0000 4200.0000
v 84000.0000 -4950.0000 4200.0000
v 84000.0000 -5775.0000 4200.0000
v 84000.0000 -6600.0000 4200.0000
v 84000.0000 -7425.0000 4200.0000
v 84000.0000 -8250.0000 4200.0000
v 84000.0000 -8249.3572 3940.2542
v 84000.0000 -8248.7282 3686.0954
v 84000.0000 -8248.1134 3437.6492
v 84000.0000 -8247.5130 3195.0503
v 84000.0000 -8246.9274 2958.4429
v 84000.0000 -8246.3571 2727.9830
v 84000.0000 -8245.8024 2503.8390
v 84000.0000 -8245.2638 2286.1942
v 84000.0000 -8244.7418 2075.2489
v 84000.0000 -8244.2368 1871.2230
v 84000.0000 -8243.7497 1674.3597
v 84000.0000 -8243.2809 1484.9296
v 84000.0000 -8242.8312 1303.2369
v 84000.0000 -8240.3530 1129.6263
v 84000.0000 -8218.7409 964.4930
v 84000.0000 -8176.0517 808.2971
v 84000.0000 -8113.9468 661.5827
v 84000.0000 -8033.4350 525.0073
v 84000.0000 -7934.9245 399.3886
v 84000.0000 -7818.1301 285.7816
v 84000.0000 -7681.7296 185.6235
v 84000.0000 -7522.3509 101.0445
v 84000.0000 -7330.7723 35.7300
v 84000.0000 -7039.8204 0.0084
v 85000.0000 0.0000 0.0584
v 85000.0000 7025.7246 0.0584
v 85000.0000 7318.0570 35.7797
v 85000.0000 7510.6095 101.0933
v 85000.0000 7670.8850 185.6714
v 85000.0000 7808.1626 285.8283
v 85000.0000 7925.8452 399.4339
v 85000.0000 8025.2795 525.0511
v 85000.0000 8106.7749 661.6248
v 85000.0000 8169.9518 808.3376
v 85000.0000 8213.8386 964.5316
v 85000.0000 8236.8274 1129.6629
v 85000.0000 8240.0799 1303.2715
v 85000.0000 8240.7021 1484.9620
v 85000.0000 8241.3508 1674.3898
v 85000.0000 8242.0250 1871.2508
v 85000.0000 8242.7237 2075.2743
v 85000.0000 8243.4461 2286.2171
v 85000.0000 8244.1914 2503.8592
v 85000.0000 8244.9590 2728.0005
v 85000.0000 8245.7482 2958.4577
v 85000.0000 8246.5585 3195.0622
v 85000.0000 8247.3893 3437.6583
v 85000.0000 8248.2401 3686.1015
v 85000.0000 8249.1105 3940.2573
v 85000.0000 8250.0000 4200.0000
v 85000.0000 7425.0000 4200.0000
v 85000.0000 6600.0000 4200.0000
v 85000.0000 5775.0000 4200.0000
v 85000.0000 4950.0000 4200.0000
v 85000.0000 4125.0000 4200.0000
v 85000.0000 3300.0000 4200.0000
v 85000.0000 2475.0000 4200.0000
v 85000.0000 1650.0000 4200.0000
v 85000.0000 825.0000 4200.0000
v 85000.0000 0.0000 4200.0000
v 85000.0000 -825.0000 4200.0000
v 85000.0000 -1650.0000 4200.0000
v 85000.0000 -2475.0000 4200.0000
v 85000.0000 -3300.0000 4200.0000
v 85000.0000 -4125.0000 4200.0000
v 85000.0000 -4950.0000 4200.0000
v 85000.0000 -5775.0000 4200.0000
v 85000.0000 -6600.0000 4200.0000
v 85000.0000 -7425.0000 4200.0000
v 85000.0000 -8250.0000 4200.0000
v 85000.0000 -8249.1105 3940.2573
v 85000.0000 -8248.2401 3686.1015
v 85000.0000 -8247.3893 3437.6583
v 85000.0000 -8246.5585 3195.0622
v 85000.0000 -8245.7482 2958.4577
v 85000.0000 -8244.9590 2728.0005
v 85000.0000 -8244.1914 2503.8592
v 85000.0000 -8243.4461 2286.2171
v 85000.0000 -8242.7237 2075.2743
v 85000.0000 -8242.0250 1871.2508
v 85000.0000 -8241.3508 1674.3898
v 85000.0000 -8240.7021 1484.9620
v 85000.0000 -8240.0799 1303.2715
v 85000.0000 -8236.8274 1129.6629
v 85000.0000 -8213.8386 964.5316
v 85000.0000 -8169.9518 808.3376
v 85000.0000 -8106.7749 661.6248
v 85000.0000 -8025.2795 525.0511
v 85000.0000 -7925.8452 399.4339
v 85000.0000 -7808.1626 285.8283
v 85000.0000 -7670.8850 185.6714
v 85000.0000 -7510.6095 101.0933
v 85000.0000 -7318.0570 35.7797
v 85000.0000 -7025.7246 0.0584
v 86000.0000 0.0000 0.1516
v 86000.0000 7007.3305 0.1516
v 86000.0000 7301.4346 35.8721
v 86000.0000 7495.2366 101.1843
v 86000.0000 7656.6625 185.7605
v 86000.0000 7795.0643 285.9151
v 86000.0000 7913.8844 399.5182
v 86000.0000 8014.5006 525.1327
v 86000.0000 8097.2529 661.7034
v 86000.0000 8161.7973 808.4128
v 86000.0000 8207.2088 964.6034
v 86000.0000 8231.9453 1129.7310
v 86000.0000 8236.3093 1303.3357
v 86000.0000 8237.1680 1485.0223
v 86000.0000 8238.0633 1674.4458
v 86000.0000 8238.9937 1871.3025
v 86000.0000 8239.9580 2075.3214
v 86000.0000 8240.9549 2286.2595
v 86000.0000 8241.9836 2503.8968
v 86000.0000 8243.0429 2728.0332
v 86000.0000 8244.1321 2958.4853
v 86000.0000 8245.2504 3195.0845
v 86000.0000 8246.3970 3437.6752
v 86000.0000 8247.5712 3686.1129
v 86000.0000 8248.7724 3940.2630
v 86000.0000 8250.0000 4200.0000
v 86000.0000 7425.0000 4200.0000
v 86000.0000 6600.0000 4200.0000
v 86000.0000 5775.0000 4200.0000
v 86000.0000 4950.0000 4200.0000
v 86000.0000 4125.0000 4200.0000
v 86000.0000 3300.0000 4200.0000
v 86000.0000 2475.0000 4200.0000
v 86000.0000 1650.0000 4200.0000
v 86000.0000 825.0000 4200.0000
v 86000.0000 0.0000 4200.0000
v 86000.0000 -825.0000 4200.0000
v 86000.0000 -1650.0000 4200.0000
v 86000.0000 -2475.0000 4200.0000
v 86000.0000 -3300.0000 4200.0000
v 86000.0000 -4125.0000 4200.0000
v 86000.0000 -4950.0000 4200.0000
v 86000.0000 -5775.0000 4200.0000
v 86000.0000 -6600.0000 4200.0000
v 86000.0000 -7425.0000 4200.0000
v 86000.0000 -8250.0000 4200.0000
v 86000.0000 -8248.7724 3940.2630
v 86000.0000 -8247.5712 3686.1129
v 86000.0000 -8246.3970 3437.6752
v 86000.0000 -8245.2504 3195.0845
v 86000.0000 -8244.1321 2958.4853
v 86000.0000 -8243.0429 2728.0332
v 86000.0000 -8241.9836 2503.8968
v 86000.0000 -8240.9549 2286.2595
v 86000.0000 -8239.9580 2075.3214
v 86000.0000 -8238.9937 1871.3025
v 86000.0000 -8238.0633 1674.4458
v 86000.0000 -8237.1680 1485.0223
v 86000.0000 -8236.3093 1303.3357
v 86000.0000 -8231.9453 1129.7310
v 86000.0000 -8207.2088 964.6034
v 86000.0000 -8161.7973 808.4128
v 86000.0000 -8097.2529 661.7034
v 86000.0000 -8014.5006 525.1327
v 86000.0000 -7913.8844 399.5182
v 86000.0000 -7795.0643 285.9151
v 86000.0000 -7656.6625 185.7605
v 86000.0000 -7495.2366 101.1843
v 86000.0000 -7301.4346 35.8721
v 86000.0000 -7007.3305 0.1516
v 87000.0000 0.0000 0.2856
v 87000.0000 6985.1536 0.2856
v 87000.0000 7281.3722 36.0048
v 87000.0000 7476.6649 101.3150
v 87000.0000 7639.4623 185.8885
v 87000.0000 7779.2033 286.0399
v 87000.0000 7899.3773 399.6394
v 87000.0000 8001.3982 525.2499
v 87000.0000 8085.6420 661.8162
v 87000.0000 8151.8059 808.5210
v 87000.0000 8199.0182 964.7066
v 87000.0000 8225.8117 1129.8289
v 87000.0000 8231.6629 1303.4281
v 87000.0000 8232.8131 1485.1088
v 87000.0000 8234.0122 1674.5264
v 87000.0000 8235.2584 1871.3767
v 87000.0000 8236.5499 2075.3892
v 87000.0000 8237.8852 2286.3205
v 87000.0000 8239.2630 2503.9509
v 87000.0000 8240.6818 2728.0801
v 87000.0000 8242.1407 2958.5248
v 87000.0000 8243.6385 3195.1166
v 87000.0000 8245.1742 3437.6996
v 87000.0000 8246.7469 3686.1293
v 87000.0000 8248.3558 3940.2713
v 87000.0000 8250.0000 4200.0000
v 87000.0000 7425.0000 4200.0000
v 87000.0000 6600.0000 4200.0000
v 87000.0000 5775.0000 4200.0000
v 87000.0000 4950.0000 4200.0000
v 87000.0000 4125.0000 4200.0000
v 87000.0000 3300.0000 4200.0000
v 87000.0000 2475.0000 4200.0000
v 87000.0000 1650.0000 4200.0000
v 87000.0000 825.0000 4200.0000
v 87000.0000 0.0000 4200.0000
v 87000.0000 -825.0000 4200.0000
v 87000.0000 -1650.0000 4200.0000
v 87000.0000 -2475.0000 4200.0000
v 87000.0000 -3300.0000 4200.0000
v 87000.0000 -4125.0000 4200.0000
v 87000.0000 -4950.0000 4200.0000
v 87000.0000 -5775.0000 4200.0000
v 87000.0000 -6600.0000 4200.0000
v 87000.0000 -7425.0000 4200.0000
v 87000.0000 -8250.0000 4200.0000
v 87000.0000 -8248.3558 3940.2713
v 87000.0000 -8246.7469 3686.1293
v 87000.0000 -8245.1742 3437.6996
v 87000.0000 -8243.6385 3195.1166
v 87000.0000 -8242.1407 2958.5248
v 87000.0000 -8240.6818 2728.0801
v 87000.0000 -8239.2630 2503.9509
v 87000.0000 -8237.8852 2286.3205
v 87000.0000 -8236.5499 2075.3892
v 87000.0000 -8235.2584 1871.3767
v 87000.0000 -8234.0122 1674.5264
v 87000.0000 -8232.8131 1485.1088
v 87000.0000 -8231.6629 1303.4281
v 87000.0000 -8225.8117 1129.8289
v 87000.0000 -8199.0182 964.7066
v 87000.0000 -8151.8059 808.5210
v 87000.0000 -8085.6420 661.8162
v 87000.0000 -8001.3982 525.2499
v 87000.0000 -7899.3773 399.6394
v 87000.0000 -7779.2033 286.0399
v 87000.0000 -7639.4623 185.8885
v 87000.0000 -7476.6649 101.3150
v 87000.0000 -7281.3722 36.0048
v 87000.0000 -6985.1536 0.2856
v 88000.0000 0.0000 0.4578
v 88000.0000 6959.7097 0.4578
v 88000.0000 7258.3370 36.1757
v 88000.0000 7455.3270 101.4831
v 88000.0000 7619.6849 186.0531
v 88000.0000 7760.9483 286.2005
v 88000.0000 7882.6594 399.7953
v 88000.0000 7986.2730 525.4006
v 88000.0000 8072.2046 661.9613
v 88000.0000 8140.1968 808.6601
v 88000.0000 8189.4360 964.8393
v 88000.0000 8218.5360 1129.9548
v 88000.0000 8226.2844 1303.5469
v 88000.0000 8227.7719 1485.2202
v 88000.0000 8229.3228 1674.6300
v 88000.0000 8230.9345 1871.4723
v 88000.0000 8232.6048 2075.4763
v 88000.0000 8234.3318 2286.3990
v 88000.0000 8236.1137 2504.0205
v 88000.0000 8237.9487 2728.1405
v 88000.0000 8239.8355 2958.5758
v 88000.0000 8241.7726 3195.1578
v 88000.0000 8243.7587 3437.7308
v 88000.0000 8245.7927 3686.1504
v 88000.0000 8247.8735 3940.2820
v 88000.0000 8250.0000 4200.0000
v 88000.0000 7425.0000 4200.0000
v 88000.0000 6600.0000 4200.0000
v 88000.0000 5775.0000 4200.0000
v 88000.0000 4950.0000 4200.0000
v 88000.0000 4125.0000 4200.0000
v 88000.0000 3300.0000 4200.0000
v 88000.0000 2475.0000 4200.0000
v 88000.0000 1650.0000 4200.0000
v 88000.0000 825.0000 4200.0000
v 88000.0000 0.0000 4200.0000
v 88000.0000 -825.0000 4200.0000
v 88000.0000 -1650.0000 4200.0000
v 88000.0000 -2475.0000 4200.0000
v 88000.0000 -3300.0000 4200.0000
v 88000.0000 -4125.0000 4200.0000
v 88000.0000 -4950.0000 4200.0000
v 88000.0000 -5775.0000 4200.0000
v 88000.0000 -6600.0000 4200.0000
v 88000.0000 -7425.0000 4200.0000
v 88000.0000 -8250.0000 4200.0000
v 88000.0000 -8247.8735 3940.2820
v 88000.0000 -8245.7927 3686.1504
v 88000.0000 -8243.7587 3437.7308
v 88000.0000 -8241.7726 3195.1578
v 88000.0000 -8239.8355 2958.5758
v 88000.0000 -8237.9487 2728.1405
v 88000.0000 -8236.1137 2504.0205
v 88000.0000 -8234.3318 2286.3990
v 88000.0000 -8232.6048 2075.4763
v 88000.0000 -8230.9345 1871.4723
v 88000.0000 -8229.3228 1674.6300
v 88000.0000 -8227.7719 1485.2202
v 88000.0000 -8226.2844 1303.5469
v 88000.0000 -8218.5360 1129.9548
v 88000.0000 -8189.4360 964.8393
v 88000.0000 -8140.1968 808.6601
v 88000.0000 -8072.2046 661.9613
v 88000.0000 -7986.2730 525.4006
v 88000.0000 -7882.6594 399.7953
v 88000.0000 -7760.9483 286.2005
v 88000.0000 -7619.6849 186.0531
v 88000.0000 -7455.3270 101.4831
v 88000.0000 -7258.3370 36.1757
v 88000.0000 -6959.7097 0.4578
v 89000.0000 0.0000 0.6661
v 89000.0000 6931.5145 0.6661
v 89000.0000 7232.7965 36.3821
v 89000.0000 7431.6562 101.6863
v 89000.0000 7597.7318 186.2522
v 89000.0000 7740.6692 286.3945
v 89000.0000 7864.0684 399.9838
v 89000.0000 7969.4280 525.5828
v 89000.0000 8057.2063 662.1368
v 89000.0000 8127.1938 808.8283
v 89000.0000 8178.6379 964.9997
v 89000.0000 8210.2364 1130.1071
v 89000.0000 8220.3174 1303.6905
v 89000.0000 8222.1792 1485.3548
v 89000.0000 8224.1202 1674.7552
v 89000.0000 8226.1375 1871.5877
v 89000.0000 8228.2281 2075.5817
v 89000.0000 8230.3896 2286.4939
v 89000.0000 8232.6198 2504.1046
v 89000.0000 8234.9165 2728.2135
v 89000.0000 8237.2780 2958.6373
v 89000.0000 8239.7025 3195.2076
v 89000.0000 8242.1883 3437.7686
v 89000.0000 8244.7341 3686.1759
v 89000.0000 8247.3384 3940.2949
v 89000.0000 8250.0000 4200.0000
v 89000.0000 7425.0000 4200.0000
v 89000.0000 6600.0000 4200.0000
v 89000.0000 5775.0000 4200.0000
v 89000.0000 4950.0000 4200.0000
v 89000.0000 4125.0000 4200.0000
v 89000.0000 3300.0000 4200.0000
v 89000.0000 2475.0000 4200.0000
v 89000.0000 1650.0000 4200.0000
v 89000.0000 825.0000 4200.0000
v 89000.0000 0.0000 4200.0000
v 89000.0000 -825.0000 4200.0000
v 89000.0000 -1650.0000 4200.0000
v 89000.0000 -2475.0000 4200.0000
v 89000.0000 -3300.0000 4200.0000
v 89000.0000 -4125.0000 4200.0000
v 89000.0000 -4950.0000 4200.0000
v 89000.0000 -5775.0000 4200.0000
v 89000.0000 -6600.0000 4200.0000
v 89000.0000 -7425.0000 4200.0000
v 89000.0000 -8250.0000 4200.0000
v 89000.0000 -8247.3384 3940.2949
v 89000.0000 -8244.7341 3686.1759
v 89000.0000 -8242.1883 3437.7686
v 89000.0000 -8239.7025 3195.2076
v 89000.0000 -8237.2780 2958.6373
v 89000.0000 -8234.9165 2728.2135
v 89000.0000 -8232.6198 2504.1046
v 89000.0000 -8230.3896 2286.4939
v 89000.0000 -8228.2281 2075.5817
v 89000.0000 -8226.1375 1871.5877
v 89000.0000 -8224.1202 1674.7552
v 89000.0000 -8222.1792 1485.3548
v 89000.0000 -8220.3174 1303.6905
v 89000.0000 -8210.2364 1130.1071
v 89000.0000 -8178.6379 964.9997
v 89000.0000 -8127.1938 808.8283
v 89000.0000 -8057.2063 662.1368
v 89000.0000 -7969.4280 525.5828
v 89000.0000 -7864.0684 399.9838
v 89000.0000 -7740.6692 286.3945
v 89000.0000 -7597.7318 186.2522
v 89000.0000 -7431.6562 101.6863
v 89000.0000 -7232.7965 36.3821
v 89000.0000 -6931.5145 0.6661
v 90000.0000 0.0000 0.9079
v 90000.0000 6901.0836 0.9079
v 90000.0000 7205.2189 36.6219
v 90000.0000 7406.0869 101.9223
v 90000.0000 7574.0060 186.4833
v 90000.0000 7718.7380 286.6199
v 90000.0000 7843.9443 400.2026
v 90000.0000 7951.1700 525.7944
v 90000.0000 8040.9176 662.3405
v 90000.0000 8113.0272 809.0235
v 90000.0000 8166.8085 965.1860
v 90000.0000 8201.0440 1130.2838
v 90000.0000 8213.9054 1303.8573
v 90000.0000 8216.1694 1485.5111
v 90000.0000 8218.5297 1674.9006
v 90000.0000 8220.9827 1871.7218
v 90000.0000 8223.5250 2075.7040
v 90000.0000 8226.1534 2286.6041
v 90000.0000 8228.8653 2504.2022
v 90000.0000 8231.6582 2728.2982
v 90000.0000 8234.5298 2958.7088
v 90000.0000 8237.4780 3195.2655
v 90000.0000 8240.5009 3437.8125
v 90000.0000 8243.5966 3686.2055
v 90000.0000 8246.7635 3940.3098
v 90000.0000 8250.0000 4200.0000
v 90000.0000 7425.0000 4200.0000
v 90000.0000 6600.0000 4200.0000
v 90000.0000 5775.0000 4200.0000
v 90000.0000 4950.0000 4200.0000
v 90000.0000 4125.0000 4200.0000
v 90000.0000 3300.0000 4200.0000
v 90000.0000 2475.0000 4200.0000
v 90000.0000 1650.0000 4200.0000
v 90000.0000 825.0000 4200.0000
v 90000.0000 0.0000 4200.0000
v 90000.0000 -825.0000 4200.0000
v 90000.0000 -1650.0000 4200.0000
v 90000.0000 -2475.0000 4200.0000
v 90000.0000 -3300.0000 4200.0000
v 90000.0000 -4125.0000 4200.0000
v 90000.0000 -4950.0000 4200.0000
v 90000.0000 -5775.0000 4200.0000
v 90000.0000 -6600.0000 4200.0000
v 90000.0000 -7425.0000 4200.0000
v 90000.0000 -8250.0000 4200.0000
v 90000.0000 -8246.7635 3940.3098
v 90000.0000 -8243.5966 3686.2055
v 90000.0000 -8240.5009 3437.8125
v 90000.0000 -8237.4780 3195.2655
v 90000.0000 -8234.5298 2958.7088
v 90000.0000 -8231.6582 2728.2982
v 90000.0000 -8228.8653 2504.2022
v 90000.0000 -8226.1534 2286.6041
v 90000.0000 -8223.5250 2075.7040
v 90000.0000 -8220.9827 1871.7218
v 90000.0000 -8218.5297 1674.9006
v 90000.0000 -8216.1694 1485.5111
v 90000.0000 -8213.9054 1303.8573
v 90000.0000 -8201.0440 1130.2838
v 90000.0000 -8166.8085 965.1860
v 90000.0000 -8113.0272 809.0235
v 90000.0000 -8040.9176 662.3405
v 90000.0000 -7951.1700 525.7944
v 90000.0000 -7843.9443 400.2026
v 90000.0000 -7718.7380 286.6199
v 90000.0000 -7574.0060 186.4833
v 90000.0000 -7406.0869 101.9223
v 90000.0000 -7205.2189 36.6219
v 90000.0000 -6901.0836 0.9079
v 90350.0000 0.0000 1.0000
v 90350.0000 6890.0000 1.0000
v 90350.0000 7195.1721 36.7132
v 90350.0000 7396.7696 102.0122
v 90350.0000 7565.3580 186.5713
v 90350.0000 7710.7410 286.7058
v 90350.0000 7836.6022 400.2859
v 90350.0000 7944.5034 525.8750
v 90350.0000 8034.9627 662.4181
v 90350.0000 8107.8379 809.0979
v 90350.0000 8162.4605 965.2569
v 90350.0000 8197.6423 1130.3512
v 90350.0000 8211.5821 1303.9209
v 90350.0000 8213.9923 1485.5707
v 90350.0000 8216.5046 1674.9560
v 90350.0000 8219.1154 1871.7729
v 90350.0000 8221.8212 2075.7506
v 90350.0000 8224.6188 2286.6461
v 90350.0000 8227.5053 2504.2394
v 90350.0000 8230.4779 2728.3305
v 90350.0000 8233.5343 2958.7360
v 90350.0000 8236.6722 3195.2875
v 90350.0000 8239.8896 3437.8292
v 90350.0000 8243.1845 3686.2167
v 90350.0000 8246.5552 3940.3155
v 90350.0000 8250.0000 4200.0000
v 90350.0000 7425.0000 4200.0000
v 90350.0000 6600.0000 4200.0000
v 90350.0000 5775.0000 4200.0000
v 90350.0000 4950.0000 4200.0000
v 90350.0000 4125.0000 4200.0000
v 90350.0000 3300.0000 4200.0000
v 90350.0000 2475.0000 4200.0000
v 90350.0000 1650.0000 4200.0000
v 90350.0000 825.0000 4200.0000
v 90350.0000 0.0000 4200.0000
v 90350.0000 -825.0000 4200.0000
v 90350.0000 -1650.0000 4200.0000
v 90350.0000 -2475.0000 4200.0000
v 90350.0000 -3300.0000 4200.0000
v 90350.0000 -4125.0000 4200.0000
v 90350.0000 -4950.0000 4200.0000
v 90350.0000 -5775.0000 4200.0000
v 90350.0000 -6600.0000 4200.0000
v 90350.0000 -7425.0000 4200.0000
v 90350.0000 -8250.0000 4200.0000
v 90350.0000 -8246.5552 3940.3155
v 90350.0000 -8243.1845 3686.2167
v 90350.0000 -8239.8896 3437.8292
v 90350.0000 -8236.6722 3195.2875
v 90350.0000 -8233.5343 2958.7360
v 90350.0000 -8230.4779 2728.3305
v 90350.0000 -8227.5053 2504.2394
v 90350.0000 -8224.6188 2286.6461
v 90350.0000 -8221.8212 2075.7506
v 90350.0000 -8219.1154 1871.7729
v 90350.0000 -8216.5046 1674.9560
v 90350.0000 -8213.9923 1485.5707
v 90350.0000 -8211.5821 1303.9209
v 90350.0000 -8197.6423 1130.3512
v 90350.0000 -8162.4605 965.2569
v 90350.0000 -8107.8379 809.0979
v 90350.0000 -8034.9627 662.4181
v 90350.0000 -7944.5034 525.8750
v 90350.0000 -7836.6022 400.2859
v 90350.0000 -7710.7410 286.7058
v 90350.0000 -7565.3580 186.5713
v 90350.0000 -7396.7696 102.0122
v 90350.0000 -7195.1721 36.7132
v 90350.0000 -6890.0000 1.0000
v 91000.0000 0.0000 1.3068
v 91000.0000 6867.3581 1.3068
v 91000.0000 7174.6363 37.0174
v 91000.0000 7377.7156 102.3117
v 91000.0000 7547.6632 186.8646
v 91000.0000 7694.3681 286.9917
v 91000.0000 7821.5586 400.5636
v 91000.0000 7930.8300 526.1435
v 91000.0000 8022.7322 662.6766
v 91000.0000 8097.1579 809.3457
v 91000.0000 8153.4817 965.4933
v 91000.0000 8190.5736 1130.5755
v 91000.0000 8206.7161 1304.1325
v 91000.0000 8209.5330 1485.7690
v 91000.0000 8212.3563 1675.1405
v 91000.0000 8215.2905 1871.9430
v 91000.0000 8218.3314 2075.9058
v 91000.0000 8221.4755 2286.7859
v 91000.0000 8224.7194 2504.3634
v 91000.0000 8228.0602 2728.4380
v 91000.0000 8231.4951 2958.8267
v 91000.0000 8235.0216 3195.3609
v 91000.0000 8238.6375 3437.8849
v 91000.0000 8242.3405 3686.2543
v 91000.0000 8246.1286 3940.3345
v 91000.0000 8250.0000 4200.0000
v 91000.0000 7425.0000 4200.0000
v 91000.0000 6600.0000 4200.0000
v 91000.0000 5775.0000 4200.0000
v 91000.0000 4950.0000 4200.0000
v 91000.0000 4125.0000 4200.0000
v 91000.0000 3300.0000 4200.0000
v 91000.0000 2475.0000 4200.0000
v 91000.0000 1650.0000 4200.0000
v 91000.0000 825.0000 4200.0000
v 91000.0000 0.0000 4200.0000
v 91000.0000 -825.0000 4200.0000
v 91000.0000 -1650.0000 4200.0000
v 91000.0000 -2475.0000 4200.0000
v 91000.0000 -3300.0000 4200.0000
v 91000.0000 -4125.0000 4200.0000
v 91000.0000 -4950.0000 4200.0000
v 91000.0000 -5775.0000 4200.0000
v 91000.0000 -6600.0000 4200.0000
v 91000.0000 -7425.0000 4200.0000
v 91000.0000 -8250.0000 4200.0000
v 91000.0000 -8246.1286 3940.3345
v 91000.0000 -8242.3405 3686.2543
v 91000.0000 -8238.6375 3437.8849
v 91000.0000 -8235.0216 3195.3609
v 91000.0000 -8231.4951 2958.8267
v 91000.0000 -8228.0602 2728.4380
v 91000.0000 -8224.7194 2504.3634
v 91000.0000 -8221.4755 2286.7859
v 91000.0000 -8218.3314 2075.9058
v 91000.0000 -8215.2905 1871.9430
v 91000.0000 -8212.3563 1675.1405
v 91000.0000 -8209.5330 1485.7690
v 91000.0000 -8206.7161 1304.1325
v 91000.0000 -8190.5736 1130.5755
v 91000.0000 -8153.4817 965.4933
v 91000.0000 -8097.1579 809.3457
v 91000.0000 -8022.7322 662.6766
v 91000.0000 -7930.8300 526.1435
v 91000.0000 -7821.5586 400.5636
v 91000.0000 -7694.3681 286.9917
v 91000.0000 -7547.6632 186.8646
v 91000.0000 -7377.7156 102.3117
v 91000.0000 -7174.6363 37.0174
v 91000.0000 -6867.3581 1.3068
v 92000.0000 0.0000 2.2685
v 92000.0000 6825.6583 2.2685
v 92000.0000 7136.7722 37.9709
v 92000.0000 7342.5497 103.2502
v 92000.0000 7514.9715 187.7838
v 92000.0000 7664.0816 287.8880
v 92000.0000 7793.6893 401.4338
v 92000.0000 7905.4501 526.9849
v 92000.0000 7999.9699 663.4868
v 92000.0000 8077.2031 810.1223
v 92000.0000 8136.5993 966.2342
v 92000.0000 8177.1287 1131.2785
v 92000.0000 8197.2163 1304.7958
v 92000.0000 8201.2562 1486.3907
v 92000.0000 8204.6570 1675.7188
v 92000.0000 8208.1913 1872.4762
v 92000.0000 8211.8542 2076.3923
v 92000.0000 8215.6413 2287.2241
v 92000.0000 8219.5487 2504.7517
v 92000.0000 8223.5728 2728.7751
v 92000.0000 8227.7102 2959.1110
v 92000.0000 8231.9581 3195.5910
v 92000.0000 8236.3135 3438.0595
v 92000.0000 8240.7738 3686.3719
v 92000.0000 8245.3368 3940.3940
v 92000.0000 8250.0000 4200.0000
v 92000.0000 7425.0000 4200.0000
v 92000.0000 6600.0000 4200.0000
v 92000.0000 5775.0000 4200.0000
v 92000.0000 4950.0000 4200.0000
v 92000.0000 4125.0000 4200.0000
v 92000.0000 3300.0000 4200.0000
v 92000.0000 2475.0000 4200.0000
v 92000.0000 1650.0000 4200.0000
v 92000.0000 825.0000 4200.0000
v 92000.0000 0.0000 4200.0000
v 92000.0000 -825.0000 4200.0000
v 92000.0000 -1650.0000 4200.0000
v 92000.0000 -2475.0000 4200.0000
v 92000.0000 -3300.0000 4200.0000
v 92000.0000 -4125.0000 4200.0000
v 92000.0000 -4950.0000 4200.0000
v 92000.0000 -5775.0000 4200.0000
v 92000.0000 -6600.0000 4200.0000
v 92000.0000 -7425.0000 4200.0000
v 92000.0000 -8250.0000 4200.0000
v 92000.0000 -8245.3368 3940.3940
v 92000.0000 -8240.7738 3686.3719
v 92000.0000 -8236.3135 3438.0595
v 92000.0000 -8231.9581 3195.5910
v 92000.0000 -8227.7102 2959.1110
v 92000.0000 -8223.5728 2728.7751
v 92000.0000 -8219.5487 2504.7517
v 92000.0000 -8215.6413 2287.2241
v 92000.0000 -8211.8542 2076.3923
v 92000.0000 -8208.1913 1872.4762
v 92000.0000 -8204.6570 1675.7188
v 92000.0000 -8201.2562 1486.3907
v 92000.0000 -8197.2163 1304.7958
v 92000.0000 -8177.1287 1131.2785
v 92000.0000 -8136.5993 966.2342
v 92000.0000 -8077.2031 810.1223
v 92000.0000 -7999.9699 663.4868
v 92000.0000 -7905.4501 526.9849
v 92000.0000 -7793.6893 401.4338
v 92000.0000 -7664.0816 287.8880
v 92000.0000 -7514.9715 187.7838
v 92000.0000 -7342.5497 103.2502
v 92000.0000 -7136.7722 37.9709
v 92000.0000 -6825.6583 2.2685
v 93000.0000 0.0000 3.7718
v 93000.0000 6776.5333 3.7718
v 93000.0000 7092.1123 39.4615
v 93000.0000 7301.0294 104.7174
v 93000.0000 7476.3281 189.2207
v 93000.0000 7628.2322 289.2890
v 93000.0000 7760.6438 402.7942
v 93000.0000 7875.2871 528.3003
v 93000.0000 7972.8311 664.7533
v 93000.0000 8053.2982 811.3363
v 93000.0000 8116.2199 967.3922
v 93000.0000 8160.6738 1132.3775
v 93000.0000 8185.2354 1305.8326
v 93000.0000 8191.4536 1487.3625
v 93000.0000 8195.5383 1676.6228
v 93000.0000 8199.7834 1873.3098
v 93000.0000 8204.1829 2077.1529
v 93000.0000 8208.7316 2287.9091
v 93000.0000 8213.4248 2505.3588
v 93000.0000 8218.2581 2729.3020
v 93000.0000 8223.2277 2959.5554
v 93000.0000 8228.3298 3195.9508
v 93000.0000 8233.5610 3438.3324
v 93000.0000 8238.9184 3686.5559
v 93000.0000 8244.3990 3940.4869
v 93000.0000 8250.0000 4200.0000
v 93000.0000 7425.0000 4200.0000
v 93000.0000 6600.0000 4200.0000
v 93000.0000 5775.0000 4200.0000
v 93000.0000 4950.0000 4200.0000
v 93000.0000 4125.0000 4200.0000
v 93000.0000 3300.0000 4200.0000
v 93000.0000 2475.0000 4200.0000
v 93000.0000 1650.0000 4200.0000
v 93000.0000 825.0000 4200.0000
v 93000.0000 0.0000 4200.0000
v 93000.0000 -825.0000 4200.0000
v 93000.0000 -1650.0000 4200.0000
v 93000.0000 -2475.0000 4200.0000
v 93000.0000 -3300.0000 4200.0000
v 93000.0000 -4125.0000 4200.0000
v 93000.0000 -4950.0000 4200.0000
v 93000.0000 -5775.0000 4200.0000
v 93000.0000 -6600.0000 4200.0000
v 93000.0000 -7425.0000 4200.0000
v 93000.0000 -8250.0000 4200.0000
v 93000.0000 -8244.3990 3940.4869
v 93000.0000 -8238.9184 3686.5559
v 93000.0000 -8233.5610 3438.3324
v 93000.0000 -8228.3298 3195.9508
v 93000.0000 -8223.2277 2959.5554
v 93000.0000 -8218.2581 2729.3020
v 93000.0000 -8213.4248 2505.3588
v 93000.0000 -8208.7316 2287.9091
v 93000.0000 -8204.1829 2077.1529
v 93000.0000 -8199.7834 1873.3098
v 93000.0000 -8195.5383 1676.6228
v 93000.0000 -8191.4536 1487.3625
v 93000.0000 -8185.2354 1305.8326
v 93000.0000 -8160.6738 1132.3775
v 93000.0000 -8116.2199 967.3922
v 93000.0000 -8053.2982 811.3363
v 93000.0000 -7972.8311 664.7533
v 93000.0000 -7875.2871 528.3003
v 93000.0000 -7760.6438 402.7942
v 93000.0000 -7628.2322 289.2890
v 93000.0000 -7476.3281 189.2207
v 93000.0000 -7301.0294 104.7174
v 93000.0000 -7092.1123 39.4615
v 93000.0000 -6776.5333 3.7718
v 94000.0000 0.0000 5.7579
v 94000.0000 6720.9993 5.7579
v 94000.0000 7041.5698 41.4307
v 94000.0000 7253.9941 106.6557
v 94000.0000 7432.5036 191.1190
v 94000.0000 7587.5216 291.1399
v 94000.0000 7723.0530 404.5914
v 94000.0000 7840.8965 530.0382
v 94000.0000 7941.7888 666.4265
v 94000.0000 8025.8239 812.9402
v 94000.0000 8092.6187 968.9222
v 94000.0000 8141.3599 1133.8294
v 94000.0000 8170.7738 1307.2024
v 94000.0000 8180.3414 1488.6464
v 94000.0000 8185.2015 1677.8171
v 94000.0000 8190.2523 1874.4110
v 94000.0000 8195.4868 2078.1576
v 94000.0000 8200.8989 2288.8141
v 94000.0000 8206.4828 2506.1609
v 94000.0000 8212.2335 2729.9981
v 94000.0000 8218.1463 2960.1425
v 94000.0000 8224.2167 3196.4260
v 94000.0000 8230.4409 3438.6929
v 94000.0000 8236.8151 3686.7989
v 94000.0000 8243.3359 3940.6098
v 94000.0000 8250.0000 4200.0000
v 94000.0000 7425.0000 4200.0000
v 94000.0000 6600.0000 4200.0000
v 94000.0000 5775.0000 4200.0000
v 94000.0000 4950.0000 4200.0000
v 94000.0000 4125.0000 4200.0000
v 94000.0000 3300.0000 4200.0000
v 94000.0000 2475.0000 4200.0000
v 94000.0000 1650.0000 4200.0000
v 94000.0000 825.0000 4200.0000
v 94000.0000 0.0000 4200.0000
v 94000.0000 -825.0000 4200.0000
v 94000.0000 -1650.0000 4200.0000
v 94000.0000 -2475.0000 4200.0000
v 94000.0000 -3300.0000 4200.0000
v 94000.0000 -4125.0000 4200.0000
v 94000.0000 -4950.0000 4200.0000
v 94000.0000 -5775.0000 4200.0000
v 94000.0000 -6600.0000 4200.0000
v 94000.0000 -7425.0000 4200.0000
v 94000.0000 -8250.0000 4200.0000
v 94000.0000 -8243.3359 3940.6098
v 94000.0000 -8236.8151 3686.7989
v 94000.0000 -8230.4409 3438.6929
v 94000.0000 -8224.2167 3196.4260
v 94000.0000 -8218.1463 2960.1425
v 94000.0000 -8212.2335 2729.9981
v 94000.0000 -8206.4828 2506.1609
v 94000.0000 -8200.8989 2288.8141
v 94000.0000 -8195.4868 2078.1576
v 94000.0000 -8190.2523 1874.4110
v 94000.0000 -8185.2015 1677.8171
v 94000.0000 -8180.3414 1488.6464
v 94000.0000 -8170.7738 1307.2024
v 94000.0000 -8141.3599 1133.8294
v 94000.0000 -8092.6187 968.9222
v 94000.0000 -8025.8239 812.9402
v 94000.0000 -7941.7888 666.4265
v 94000.0000 -7840.8965 530.0382
v 94000.0000 -7723.0530 404.5914
v 94000.0000 -7587.5216 291.1399
v 94000.0000 -7432.5036 191.1190
v 94000.0000 -7253.9941 106.6557
v 94000.0000 -7041.5698 41.4307
v 94000.0000 -6720.9993 5.7579
v 95000.0000 0.0000 8.1679
v 95000.0000 6660.0722 8.1679
v 95000.0000 6986.0597 43.8202
v 95000.0000 7202.2875 109.0078
v 95000.0000 7384.2749 193.4225
v 95000.0000 7542.6606 293.3860
v 95000.0000 7681.5597 406.7723
v 95000.0000 7802.8493 532.1470
v 95000.0000 7907.3363 668.4570
v 95000.0000 7995.1880 814.8864
v 95000.0000 8066.1064 970.7789
v 95000.0000 8119.3862 1135.5913
v 95000.0000 8153.8989 1308.8647
v 95000.0000 8168.1358 1490.2044
v 95000.0000 8173.8475 1679.2664
v 95000.0000 8179.7833 1875.7473
v 95000.0000 8185.9350 2079.3768
v 95000.0000 8192.2954 2289.9123
v 95000.0000 8198.8577 2507.1342
v 95000.0000 8205.6161 2730.8427
v 95000.0000 8212.5649 2960.8550
v 95000.0000 8219.6990 3197.0026
v 95000.0000 8227.0138 3439.1303
v 95000.0000 8234.5049 3687.0938
v 95000.0000 8242.1682 3940.7588
v 95000.0000 8250.0000 4200.0000
v 95000.0000 7425.0000 4200.0000
v 95000.0000 6600.0000 4200.0000
v 95000.0000 5775.0000 4200.0000
v 95000.0000 4950.0000 4200.0000
v 95000.0000 4125.0000 4200.0000
v 95000.0000 3300.0000 4200.0000
v 95000.0000 2475.0000 4200.0000
v 95000.0000 1650.0000 4200.0000
v 95000.0000 825.0000 4200.0000
v 95000.0000 0.0000 4200.0000
v 95000.0000 -825.0000 4200.0000
v 95000.0000 -1650.0000 4200.0000
v 95000.0000 -2475.0000 4200.0000
v 95000.0000 -3300.0000 4200.0000
v 95000.0000 -4125.0000 4200.0000
v 95000.0000 -4950.0000 4200.0000
v 95000.0000 -5775.0000 4200.0000
v 95000.0000 -6600.0000 4200.0000
v 95000.0000 -7425.0000 4200.0000
v 95000.0000 -8250.0000 4200.0000
v 95000.0000 -8242.1682 3940.7588
v 95000.0000 -8234.5049 3687.0938
v 95000.0000 -8227.0138 3439.1303
v 95000.0000 -8219.6990 3197.0026
v 95000.0000 -8212.5649 2960.8550
v 95000.0000 -8205.6161 2730.8427
v 95000.0000 -8198.8577 2507.1342
v 95000.0000 -8192.2954 2289.9123
v 95000.0000 -8185.9350 2079.3768
v 95000.0000 -8179.7833 1875.7473
v 95000.0000 -8173.8475 1679.2664
v 95000.0000 -8168.1358 1490.2044
v 95000.0000 -8153.8989 1308.8647
v 95000.0000 -8119.3862 1135.5913
v 95000.0000 -8066.1064 970.7789
v 95000.0000 -7995.1880 814.8864
v 95000.0000 -7907.3363 668.4570
v 95000.0000 -7802.8493 532.1470
v 95000.0000 -7681.5597 406.7723
v 95000.0000 -7542.6606 293.3860
v 95000.0000 -7384.2749 193.4225
v 95000.0000 -7202.2875 109.0078
v 95000.0000 -6986.0597 43.8202
v 95000.0000 -6660.0722 8.1679
v 96000.0000 0.0000 10.9431
v 96000.0000 6594.7681 10.9431
v 96000.0000 6926.5007 46.5718
v 96000.0000 7146.7588 111.7162
v 96000.0000 7332.4269 196.0750
v 96000.0000 7494.3711 295.9723
v 96000.0000 7636.8211 409.2836
v 96000.0000 7761.7352 534.5752
v 96000.0000 7869.9915 670.7950
v 96000.0000 7961.8299 817.1275
v 96000.0000 8037.0357 972.9167
v 96000.0000 8095.0070 1137.6200
v 96000.0000 8134.7522 1310.7787
v 96000.0000 8154.8291 1491.9984
v 96000.0000 8161.6767 1680.9353
v 96000.0000 8168.5612 1877.2861
v 96000.0000 8175.6961 2080.7808
v 96000.0000 8183.0730 2291.1769
v 96000.0000 8190.6842 2508.2550
v 96000.0000 8198.5226 2731.8154
v 96000.0000 8206.5820 2961.6753
v 96000.0000 8214.8563 3197.6667
v 96000.0000 8223.3401 3439.6340
v 96000.0000 8232.0284 3687.4333
v 96000.0000 8240.9165 3940.9304
v 96000.0000 8250.0000 4200.0000
v 96000.0000 7425.0000 4200.0000
v 96000.0000 6600.0000 4200.0000
v 96000.0000 5775.0000 4200.0000
v 96000.0000 4950.0000 4200.0000
v 96000.0000 4125.0000 4200.0000
v 96000.0000 3300.0000 4200.0000
v 96000.0000 2475.0000 4200.0000
v 96000.0000 1650.0000 4200.0000
v 96000.0000 825.0000 4200.0000
v 96000.0000 0.0000 4200.0000
v 96000.0000 -825.0000 4200.0000
v 96000.0000 -1650.0000 4200.0000
v 96000.0000 -2475.0000 4200.0000
v 96000.0000 -3300.0000 4200.0000
v 96000.0000 -4125.0000 4200.0000
v 96000.0000 -4950.0000 4200.0000
v 96000.0000 -5775.0000 4200.0000
v 96000.0000 -6600.0000 4200.0000
v 96000.0000 -7425.0000 4200.0000
v 96000.0000 -8250.0000 4200.0000
v 96000.0000 -8240.9165 3940.9304
v 96000.0000 -8232.0284 3687.4333
v 96000.0000 -8223.3401 3439.6340
v 96000.0000 -8214.8563 3197.6667
v 96000.0000 -8206.5820 2961.6753
v 96000.0000 -8198.5226 2731.8154
v 96000.0000 -8190.6842 2508.2550
v 96000.0000 -8183.0730 2291.1769
v 96000.0000 -8175.6961 2080.7808
v 96000.0000 -8168.5612 1877.2861
v 96000.0000 -8161.6767 1680.9353
v 96000.0000 -8154.8291 1491.9984
v 96000.0000 -8134.7522 1310.7787
v 96000.0000 -8095.0070 1137.6200
v 96000.0000 -8037.0357 972.9167
v 96000.0000 -7961.8299 817.1275
v 96000.0000 -7869.9915 670.7950
v 96000.0000 -7761.7352 534.5752
v 96000.0000 -7636.8211 409.2836
v 96000.0000 -7494.3711 295.9723
v 96000.0000 -7332.4269 196.0750
v 96000.0000 -7146.7588 111.7162
v 96000.0000 -6926.5007 46.5718
v 96000.0000 -6594.7681 10.9431
v 97000.0000 0.0000 14.0246
v 97000.0000 6526.1030 14.0246
v 97000.0000 6863.8142 49.6271
v 97000.0000 7088.2629 114.7235
v 97000.0000 7277.7533 199.0203
v 97000.0000 7443.3865 298.8442
v 97000.0000 7589.5102 412.0720
v 97000.0000 7718.1646 537.2715
v 97000.0000 7830.2984 673.3911
v 97000.0000 7926.2227 819.6160
v 97000.0000 8005.8025 975.2906
v 97000.0000 8068.5332 1139.8727
v 97000.0000 8113.5494 1312.9040
v 97000.0000 8139.5819 1493.9904
v 97000.0000 8148.8890 1682.7883
v 97000.0000 8156.7702 1878.9947
v 97000.0000 8164.9381 2082.3397
v 97000.0000 8173.3831 2292.5810
v 97000.0000 8182.0962 2509.4994
v 97000.0000 8191.0696 2732.8954
v 97000.0000 8200.2958 2962.5862
v 97000.0000 8209.7680 3198.4040
v 97000.0000 8219.4802 3440.1934
v 97000.0000 8229.4264 3687.8104
v 97000.0000 8239.6014 3941.1210
v 97000.0000 8250.0000 4200.0000
v 97000.0000 7425.0000 4200.0000
v 97000.0000 6600.0000 4200.0000
v 97000.0000 5775.0000 4200.0000
v 97000.0000 4950.0000 4200.0000
v 97000.0000 4125.0000 4200.0000
v 97000.0000 3300.0000 4200.0000
v 97000.0000 2475.0000 4200.0000
v 97000.0000 1650.0000 4200.0000
v 97000.0000 825.0000 4200.0000
v 97000.0000 0.0000 4200.0000
v 97000.0000 -825.0000 4200.0000
v 97000.0000 -1650.0000 4200.0000
v 97000.0000 -2475.0000 4200.0000
v 97000.0000 -3300.0000 4200.0000
v 97000.0000 -4125.0000 4200.0000
v 97000.0000 -4950.0000 4200.0000
v 97000.0000 -5775.0000 4200.0000
v 97000.0000 -6600.0000 4200.0000
v 97000.0000 -7425.0000 4200.0000
v 97000.0000 -8250.0000 4200.0000
v 97000.0000 -8239.6014 3941.1210
v 97000.0000 -8229.4264 3687.8104
v 97000.0000 -8219.4802 3440.1934
v 97000.0000 -8209.7680 3198.4040
v 97000.0000 -8200.2958 2962.5862
v 97000.0000 -8191.0696 2732.8954
v 97000.0000 -8182.0962 2509.4994
v 97000.0000 -8173.3831 2292.5810
v 97000.0000 -8164.9381 2082.3397
v 97000.0000 -8156.7702 1878.9947
v 97000.0000 -8148.8890 1682.7883
v 97000.0000 -8139.5819 1493.9904
v 97000.0000 -8113.5494 1312.9040
v 97000.0000 -8068.5332 1139.8727
v 97000.0000 -8005.8025 975.2906
v 97000.0000 -7926.2227 819.6160
v 97000.0000 -7830.2984 673.3911
v 97000.0000 -7718.1646 537.2715
v 97000.0000 -7589.5102 412.0720
v 97000.0000 -7443.3865 298.8442
v 97000.0000 -7277.7533 199.0203
v 97000.0000 -7088.2629 114.7235
v 97000.0000 -6863.8142 49.6271
v 97000.0000 -6526.1030 14.0246
v 97300.0000 0.0000 15.0000
v 97300.0000 6505.0000 15.0000
v 97300.0000 6844.5367 50.5941
v 97300.0000 7070.2642 115.6755
v 97300.0000 7260.9200 199.9526
v 97300.0000 7427.6769 299.7532
v 97300.0000 7574.9179 412.9547
v 97300.0000 7704.7081 538.1250
v 97300.0000 7818.0171 674.2128
v 97300.0000 7915.1767 820.4036
v 97300.0000 7996.0753 976.0420
v 97300.0000 8060.2358 1140.5858
v 97300.0000 8106.8285 1313.5768
v 97300.0000 8134.6326 1494.6209
v 97300.0000 8144.9622 1683.3748
v 97300.0000 8153.1494 1879.5355
v 97300.0000 8161.6346 2082.8331
v 97300.0000 8170.4075 2293.0255
v 97300.0000 8179.4590 2509.8933
v 97300.0000 8188.7809 2733.2372
v 97300.0000 8198.3654 2962.8746
v 97300.0000 8208.2055 3198.6374
v 97300.0000 8218.2949 3440.3704
v 97300.0000 8228.6274 3687.9297
v 97300.0000 8239.1975 3941.1813
v 97300.0000 8250.0000 4200.0000
v 97300.0000 7425.0000 4200.0000
v 97300.0000 6600.0000 4200.0000
v 97300.0000 5775.0000 4200.0000
v 97300.0000 4950.0000 4200.0000
v 97300.0000 4125.0000 4200.0000
v 97300.0000 3300.0000 4200.0000
v 97300.0000 2475.0000 4200.0000
v 97300.0000 1650.0000 4200.0000
v 97300.0000 825.0000 4200.0000
v 97300.0000 0.0000 4200.0000
v 97300.0000 -825.0000 4200.0000
v 97300.0000 -1650.0000 4200.0000
v 97300.0000 -2475.0000 4200.0000
v 97300.0000 -3300.0000 4200.0000
v 97300.0000 -4125.0000 4200.0000
v 97300.0000 -4950.0000 4200.0000
v 97300.0000 -5775.0000 4200.0000
v 97300.0000 -6600.0000 4200.0000
v 97300.0000 -7425.0000 4200.0000
v 97300.0000 -8250.0000 4200.0000
v 97300.0000 -8239.1975 3941.1813
v 97300.0000 -8228.6274 3687.9297
v 97300.0000 -8218.2949 3440.3704
v 97300.0000 -8208.2055 3198.6374
v 97300.0000 -8198.3654 2962.8746
v 97300.0000 -8188.7809 2733.2372
v 97300.0000 -8179.4590 2509.8933
v 97300.0000 -8170.4075 2293.0255
v 97300.0000 -8161.6346 2082.8331
v 97300.0000 -8153.1494 1879.5355
v 97300.0000 -8144.9622 1683.3748
v 97300.0000 -8134.6326 1494.6209
v 97300.0000 -8106.8285 1313.5768
v 97300.0000 -8060.2358 1140.5858
v 97300.0000 -7996.0753 976.0420
v 97300.0000 -7915.1767 820.4036
v 97300.0000 -7818.0171 674.2128
v 97300.0000 -7704.7081 538.1250
v 97300.0000 -7574.9179 412.9547
v 97300.0000 -7427.6769 299.7532
v 97300.0000 -7260.9200 199.9526
v 97300.0000 -7070.2642 115.6755
v 97300.0000 -6844.5367 50.5941
v 97300.0000 -6505.0000 15.0000
v 98000.0000 0.0000 17.8791
v 98000.0000 6453.1535 17.8791
v 98000.0000 6797.0752 53.4488
v 98000.0000 7025.8745 118.4853
v 98000.0000 7219.3295 202.7045
v 98000.0000 7388.7847 302.4364
v 98000.0000 7538.7085 415.5600
v 98000.0000 7671.2242 540.6442
v 98000.0000 7787.3512 676.6385
v 98000.0000 7887.4701 822.7287
v 98000.0000 7971.5231 978.2600
v 98000.0000 8039.0972 1142.6906
v 98000.0000 8089.4442 1315.5625
v 98000.0000 8121.4525 1496.4821
v 98000.0000 8134.7653 1685.1062
v 98000.0000 8143.7099 1881.1319
v 98000.0000 8152.9799 2084.2897
v 98000.0000 8162.5643 2294.3374
v 98000.0000 8172.4531 2511.0561
v 98000.0000 8182.6372 2734.2463
v 98000.0000 8193.1083 2963.7257
v 98000.0000 8203.8587 3199.3263
v 98000.0000 8214.8813 3440.8930
v 98000.0000 8226.1696 3688.2820
v 98000.0000 8237.7174 3941.3594
v 98000.0000 8249.5191 4200.0000
v 98000.0000 7424.5672 4200.0000
v 98000.0000 6599.6153 4200.0000
v 98000.0000 5774.6634 4200.0000
v 98000.0000 4949.7115 4200.0000
v 98000.0000 4124.7596 4200.0000
v 98000.0000 3299.8076 4200.0000
v 98000.0000 2474.8557 4200.0000
v 98000.0000 1649.9038 4200.0000
v 98000.0000 824.9519 4200.0000
v 98000.0000 0.0000 4200.0000
v 98000.0000 -824.9519 4200.0000
v 98000.0000 -1649.9038 4200.0000
v 98000.0000 -2474.8557 4200.0000
v 98000.0000 -3299.8076 4200.0000
v 98000.0000 -4124.7596 4200.0000
v 98000.0000 -4949.7115 4200.0000
v 98000.0000 -5774.6634 4200.0000
v 98000.0000 -6599.6153 4200.0000
v 98000.0000 -7424.5672 4200.0000
v 98000.0000 -8249.5191 4200.0000
v 98000.0000 -8237.7174 3941.3594
v 98000.0000 -8226.1696 3688.2820
v 98000.0000 -8214.8813 3440.8930
v 98000.0000 -8203.8587 3199.3263
v 98000.0000 -8193.1083 2963.7257
v 98000.0000 -8182.6372 2734.2463
v 98000.0000 -8172.4531 2511.0561
v 98000.0000 -8162.5643 2294.3374
v 98000.0000 -8152.9799 2084.2897
v 98000.0000 -8143.7099 1881.1319
v 98000.0000 -8134.7653 1685.1062
v 98000.0000 -8121.4525 1496.4821
v 98000.0000 -8089.4442 1315.5625
v 98000.0000 -8039.0972 1142.6906
v 98000.0000 -7971.5231 978.2600
v 98000.0000 -7887.4701 822.7287
v 98000.0000 -7787.3512 676.6385
v 98000.0000 -7671.2242 540.6442
v 98000.0000 -7538.7085 415.5600
v 98000.0000 -7388.7847 302.4364
v 98000.0000 -7219.3295 202.7045
v 98000.0000 -7025.8745 118.4853
v 98000.0000 -6797.0752 53.4488
v 98000.0000 -6453.1535 17.8791
v 99000.0000 0.0000 23.8281
v 99000.0000 6371.2840 23.8281
v 99000.0000 6721.8479 59.3472
v 99000.0000 6955.3004 124.2912
v 99000.0000 7152.9959 208.3906
v 99000.0000 7326.5381 307.9807
v 99000.0000 7480.5238 420.9433
v 99000.0000 7617.1636 545.8496
v 99000.0000 7737.5500 681.6504
v 99000.0000 7842.1350 827.5328
v 99000.0000 7930.9378 982.8428
v 99000.0000 8003.6362 1147.0395
v 99000.0000 8059.5955 1319.6656
v 99000.0000 8097.8537 1500.3279
v 99000.0000 8117.0804 1688.6836
v 99000.0000 8127.2329 1884.4304
v 99000.0000 8137.7547 2087.2992
v 99000.0000 8148.6334 2297.0482
v 99000.0000 8159.8575 2513.4586
v 99000.0000 8171.4169 2736.3313
v 99000.0000 8183.3019 2965.4843
v 99000.0000 8195.5040 3200.7497
v 99000.0000 8208.0151 3441.9728
v 99000.0000 8220.8277 3689.0099
v 99000.0000 8233.9349 3941.7273
v 99000.0000 8247.3303 4200.0000
v 99000.0000 7422.5973 4200.0000
v 99000.0000 6597.8642 4200.0000
v 99000.0000 5773.1312 4200.0000
v 99000.0000 4948.3982 4200.0000
v 99000.0000 4123.6651 4200.0000
v 99000.0000 3298.9321 4200.0000
v 99000.0000 2474.1991 4200.0000
v 99000.0000 1649.4661 4200.0000
v 99000.0000 824.7330 4200.0000
v 99000.0000 0.0000 4200.0000
v 99000.0000 -824.7330 4200.0000
v 99000.0000 -1649.4661 4200.0000
v 99000.0000 -2474.1991 4200.0000
v 99000.0000 -3298.9321 4200.0000
v 99000.0000 -4123.6651 4200.0000
v 99000.0000 -4948.3982 4200.0000
v 99000.0000 -5773.1312 4200.0000
v 99000.0000 -6597.8642 4200.0000
v 99000.0000 -7422.5973 4200.0000
v 99000.0000 -8247.3303 4200.0000
v 99000.0000 -8233.9349 3941.7273
v 99000.0000 -8220.8277 3689.0099
v 99000.0000 -8208.0151 3441.9728
v 99000.0000 -8195.5040 3200.7497
v 99000.0000 -8183.3019 2965.4843
v 99000.0000 -8171.4169 2736.3313
v 99000.0000 -8159.8575 2513.4586
v 99000.0000 -8148.6334 2297.0482
v 99000.0000 -8137.7547 2087.2992
v 99000.0000 -8127.2329 1884.4304
v 99000.0000 -8117.0804 1688.6836
v 99000.0000 -8097.8537 1500.3279
v 99000.0000 -8059.5955 1319.6656
v 99000.0000 -8003.6362 1147.0395
v 99000.0000 -7930.9378 982.8428
v 99000.0000 -7842.1350 827.5328
v 99000.0000 -7737.5500 681.6504
v 99000.0000 -7617.1636 545.8496
v 99000.0000 -7480.5238 420.9433
v 99000.0000 -7326.5381 307.9807
v 99000.0000 -7152.9959 208.3906
v 99000.0000 -6955.3004 124.2912
v 99000.0000 -6721.8479 59.3472
v 99000.0000 -6371.2840 23.8281
v 100000.0000 0.0000 31.6175
v 100000.0000 6281.0901 31.6175
v 100000.0000 6638.7182 67.0703
v 100000.0000 6877.1183 131.8932
v 100000.0000 7079.3203 215.8357
v 100000.0000 7257.2030 315.2400
v 100000.0000 7415.4981 427.9920
v 100000.0000 7556.5073 552.6653
v 100000.0000 7681.3981 688.2128
v 100000.0000 7790.6944 833.8231
v 100000.0000 7884.4919 988.8435
v 100000.0000 7962.5569 1152.7339
v 100000.0000 8024.3631 1325.0380
v 100000.0000 8069.0880 1505.3633
v 100000.0000 8095.5737 1693.3677
v 100000.0000 8107.8309 1888.7494
v 100000.0000 8119.7333 2091.2398
v 100000.0000 8132.0393 2300.5975
v 100000.0000 8144.7362 2516.6043
v 100000.0000 8157.8122 2739.0614
v 100000.0000 8171.2566 2967.7869
v 100000.0000 8185.0597 3202.6135
v 100000.0000 8199.2123 3443.3867
v 100000.0000 8213.7061 3689.9630
v 100000.0000 8228.5331 3942.2090
v 100000.0000 8243.6860 4200.0000
v 100000.0000 7419.3174 4200.0000
v 100000.0000 6594.9488 4200.0000
v 100000.0000 5770.5802 4200.0000
v 100000.0000 4946.2116 4200.0000
v 100000.0000 4121.8430 4200.0000
v 100000.0000 3297.4744 4200.0000
v 100000.0000 2473.1058 4200.0000
v 100000.0000 1648.7372 4200.0000
v 100000.0000 824.3686 4200.0000
v 100000.0000 0.0000 4200.0000
v 100000.0000 -824.3686 4200.0000
v 100000.0000 -1648.7372 4200.0000
v 100000.0000 -2473.1058 4200.0000
v 100000.0000 -3297.4744 4200.0000
v 100000.0000 -4121.8430 4200.0000
v 100000.0000 -4946.2116 4200.0000
v 100000.0000 -5770.5802 4200.0000
v 100000.0000 -6594.9488 4200.0000
v 100000.0000 -7419.3174 4200.0000
v 100000.0000 -8243.6860 4200.0000
v 100000.0000 -8228.5331 3942.2090
v 100000.0000 -8213.7061 3689.9630
v 100000.0000 -8199.2123 3443.3867
v 100000.0000 -8185.0597 3202.6135
v 100000.0000 -8171.2566 2967.7869
v 100000.0000 -8157.8122 2739.0614
v 100000.0000 -8144.7362 2516.6043
v 100000.0000 -8132.0393 2300.5975
v 100000.0000 -8119.7333 2091.2398
v 100000.0000 -8107.8309 1888.7494
v 100000.0000 -8095.5737 1693.3677
v 100000.0000 -8069.0880 1505.3633
v 100000.0000 -8024.3631 1325.0380
v 100000.0000 -7962.5569 1152.7339
v 100000.0000 -7884.4919 988.8435
v 100000.0000 -7790.6944 833.8231
v 100000.0000 -7681.3981 688.2128
v 100000.0000 -7556.5073 552.6653
v 100000.0000 -7415.4981 427.9920
v 100000.0000 -7257.2030 315.2400
v 100000.0000 -7079.3203 215.8357
v 100000.0000 -6877.1183 131.8932
v 100000.0000 -6638.7182 67.0703
v 100000.0000 -6281.0901 31.6175
v 101000.0000 0.0000 40.8921
v 101000.0000 6183.5228 40.8921
v 101000.0000 6548.6114 76.2660
v 101000.0000 6792.2336 140.9447
v 101000.0000 6999.1882 224.7004
v 101000.0000 7181.6430 323.8836
v 101000.0000 7344.4706 436.3847
v 101000.0000 7490.0666 560.7806
v 101000.0000 7619.6750 696.0265
v 101000.0000 7733.8912 841.3128
v 101000.0000 7832.8859 995.9882
v 101000.0000 7916.5102 1159.5140
v 101000.0000 7984.3399 1331.4347
v 101000.0000 8035.6816 1511.3588
v 101000.0000 8069.5476 1698.9449
v 101000.0000 8086.1622 1893.8919
v 101000.0000 8099.5465 2095.9318
v 101000.0000 8113.3847 2304.8237
v 101000.0000 8127.6624 2520.3498
v 101000.0000 8142.3664 2742.3119
v 101000.0000 8157.4848 2970.5285
v 101000.0000 8173.0065 3204.8327
v 101000.0000 8188.9212 3445.0702
v 101000.0000 8205.2195 3691.0979
v 101000.0000 8221.8926 3942.7826
v 101000.0000 8238.9321 4200.0000
v 101000.0000 7415.0389 4200.0000
v 101000.0000 6591.1457 4200.0000
v 101000.0000 5767.2525 4200.0000
v 101000.0000 4943.3593 4200.0000
v 101000.0000 4119.4661 4200.0000
v 101000.0000 3295.5729 4200.0000
v 101000.0000 2471.6796 4200.0000
v 101000.0000 1647.7864 4200.0000
v 101000.0000 823.8932 4200.0000
v 101000.0000 0.0000 4200.0000
v 101000.0000 -823.8932 4200.0000
v 101000.0000 -1647.7864 4200.0000
v 101000.0000 -2471.6796 4200.0000
v 101000.0000 -3295.5729 4200.0000
v 101000.0000 -4119.4661 4200.0000
v 101000.0000 -4943.3593 4200.0000
v 101000.0000 -5767.2525 4200.0000
v 101000.0000 -6591.1457 4200.0000
v 101000.0000 -7415.0389 4200.0000
v 101000.0000 -8238.9321 4200.0000
v 101000.0000 -8221.8926 3942.7826
v 101000.0000 -8205.2195 3691.0979
v 101000.0000 -8188.9212 3445.0702
v 101000.0000 -8173.0065 3204.8327
v 101000.0000 -8157.4848 2970.5285
v 101000.0000 -8142.3664 2742.3119
v 101000.0000 -8127.6624 2520.3498
v 101000.0000 -8113.3847 2304.8237
v 101000.0000 -8099.5465 2095.9318
v 101000.0000 -8086.1622 1893.8919
v 101000.0000 -8069.5476 1698.9449
v 101000.0000 -8035.6816 1511.3588
v 101000.0000 -7984.3399 1331.4347
v 101000.0000 -7916.5102 1159.5140
v 101000.0000 -7832.8859 995.9882
v 101000.0000 -7733.8912 841.3128
v 101000.0000 -7619.6750 696.0265
v 101000.0000 -7490.0666 560.7806
v 101000.0000 -7344.4706 436.3847
v 101000.0000 -7181.6430 323.8836
v 101000.0000 -6999.1882 224.7004
v 101000.0000 -6792.2336 140.9447
v 101000.0000 -6548.6114 76.2660
v 101000.0000 -6183.5228 40.8921
v 102000.0000 0.0000 51.2968
v 102000.0000 6079.5330 51.2968
v 102000.0000 6452.4517 86.5823
v 102000.0000 6701.5504 151.0991
v 102000.0000 6913.4832 234.6453
v 102000.0000 7100.7200 333.5803
v 102000.0000 7268.2795 445.8000
v 102000.0000 7418.6534 569.8847
v 102000.0000 7553.1624 704.7923
v 102000.0000 7672.4728 849.7151
v 102000.0000 7776.8280 1004.0036
v 102000.0000 7866.1600 1167.1203
v 102000.0000 7940.1396 1338.6109
v 102000.0000 7998.1913 1518.0849
v 102000.0000 8039.4794 1705.2017
v 102000.0000 8062.8795 1899.6611
v 102000.0000 8077.8203 2101.1955
v 102000.0000 8093.2677 2309.5648
v 102000.0000 8109.2057 2524.5518
v 102000.0000 8125.6196 2745.9586
v 102000.0000 8142.4961 2973.6043
v 102000.0000 8159.8227 3207.3223
v 102000.0000 8177.5881 3446.9587
v 102000.0000 8195.7817 3692.3710
v 102000.0000 8214.3936 3943.4261
v 102000.0000 8233.4146 4200.0000
v 102000.0000 7410.0732 4200.0000
v 102000.0000 6586.7317 4200.0000
v 102000.0000 5763.3902 4200.0000
v 102000.0000 4940.0488 4200.0000
v 102000.0000 4116.7073 4200.0000
v 102000.0000 3293.3659 4200.0000
v 102000.0000 2470.0244 4200.0000
v 102000.0000 1646.6829 4200.0000
v 102000.0000 823.3415 4200.0000
v 102000.0000 0.0000 4200.0000
v 102000.0000 -823.3415 4200.0000
v 102000.0000 -1646.6829 4200.0000
v 102000.0000 -2470.0244 4200.0000
v 102000.0000 -3293.3659 4200.0000
v 102000.0000 -4116.7073 4200.0000
v 102000.0000 -4940.0488 4200.0000
v 102000.0000 -5763.3902 4200.0000
v 102000.0000 -6586.7317 4200.0000
v 102000.0000 -7410.0732 4200.0000
v 102000.0000 -8233.4146 4200.0000
v 102000.0000 -8214.3936 3943.4261
v 102000.0000 -8195.7817 3692.3710
v 102000.0000 -8177.5881 3446.9587
v 102000.0000 -8159.8227 3207.3223
v 102000.0000 -8142.4961 2973.6043
v 102000.0000 -8125.6196 2745.9586
v 102000.0000 -8109.2057 2524.5518
v 102000.0000 -8093.2677 2309.5648
v 102000.0000 -8077.8203 2101.1955
v 102000.0000 -8062.8795 1899.6611
v 102000.0000 -8039.4794 1705.2017
v 102000.0000 -7998.1913 1518.0849
v 102000.0000 -7940.1396 1338.6109
v 102000.0000 -7866.1600 1167.1203
v 102000.0000 -7776.8280 1004.0036
v 102000.0000 -7672.4728 849.7151
v 102000.0000 -7553.1624 704.7923
v 102000.0000 -7418.6534 569.8847
v 102000.0000 -7268.2795 445.8000
v 102000.0000 -7100.7200 333.5803
v 102000.0000 -6913.4832 234.6453
v 102000.0000 -6701.5504 151.0991
v 102000.0000 -6452.4517 86.5823
v 102000.0000 -6079.5330 51.2968
v 103000.0000 0.0000 62.4765
v 103000.0000 5970.0719 62.4765
v 103000.0000 6351.1623 97.6669
v 103000.0000 6605.9711 162.0099
v 103000.0000 6823.0875 245.3310
v 103000.0000 7015.2947 343.9993
v 103000.0000 7187.7622 455.9166
v 103000.0000 7343.0791 579.6670
v 103000.0000 7482.6432 714.2110
v 103000.0000 7607.1904 858.7433
v 103000.0000 7717.0342 1012.6160
v 103000.0000 7812.1825 1175.2932
v 103000.0000 7892.3944 1346.3217
v 103000.0000 7957.2012 1525.3120
v 103000.0000 8005.9022 1711.9246
v 103000.0000 8037.5373 1905.8599
v 103000.0000 8055.1743 2106.8512
v 103000.0000 8072.2807 2314.6590
v 103000.0000 8089.9305 2529.0667
v 103000.0000 8108.1073 2749.8769
v 103000.0000 8126.7963 2976.9091
v 103000.0000 8145.9838 3209.9973
v 103000.0000 8165.6571 3448.9880
v 103000.0000 8185.8047 3693.7389
v 103000.0000 8206.4155 3944.1175
v 103000.0000 8227.4794 4200.0000
v 103000.0000 7404.7315 4200.0000
v 103000.0000 6581.9835 4200.0000
v 103000.0000 5759.2356 4200.0000
v 103000.0000 4936.4876 4200.0000
v 103000.0000 4113.7397 4200.0000
v 103000.0000 3290.9918 4200.0000
v 103000.0000 2468.2438 4200.0000
v 103000.0000 1645.4959 4200.0000
v 103000.0000 822.7479 4200.0000
v 103000.0000 0.0000 4200.0000
v 103000.0000 -822.7479 4200.0000
v 103000.0000 -1645.4959 4200.0000
v 103000.0000 -2468.2438 4200.0000
v 103000.0000 -3290.9918 4200.0000
v 103000.0000 -4113.7397 4200.0000
v 103000.0000 -4936.4876 4200.0000
v 103000.0000 -5759.2356 4200.0000
v 103000.0000 -6581.9835 4200.0000
v 103000.0000 -7404.7315 4200.0000
v 103000.0000 -8227.4794 4200.0000
v 103000.0000 -8206.4155 3944.1175
v 103000.0000 -8185.8047 3693.7389
v 103000.0000 -8165.6571 3448.9880
v 103000.0000 -8145.9838 3209.9973
v 103000.0000 -8126.7963 2976.9091
v 103000.0000 -8108.1073 2749.8769
v 103000.0000 -8089.9305 2529.0667
v 103000.0000 -8072.2807 2314.6590
v 103000.0000 -8055.1743 2106.8512
v 103000.0000 -8037.5373 1905.8599
v 103000.0000 -8005.9022 1711.9246
v 103000.0000 -7957.2012 1525.3120
v 103000.0000 -7892.3944 1346.3217
v 103000.0000 -7812.1825 1175.2932
v 103000.0000 -7717.0342 1012.6160
v 103000.0000 -7607.1904 858.7433
v 103000.0000 -7482.6432 714.2110
v 103000.0000 -7343.0791 579.6670
v 103000.0000 -7187.7622 455.9166
v 103000.0000 -7015.2947 343.9993
v 103000.0000 -6823.0875 245.3310
v 103000.0000 -6605.9711 162.0099
v 103000.0000 -6351.1623 97.6669
v 103000.0000 -5970.0719 62.4765
v 104000.0000 0.0000 74.0761
v 104000.0000 5856.0903 74.0761
v 104000.0000 6245.6654 109.1678
v 104000.0000 6506.3967 173.3304
v 104000.0000 6728.8811 256.4179
v 104000.0000 6926.2259 354.8097
v 104000.0000 7103.7544 466.4132
v 104000.0000 7264.1550 589.8166
v 104000.0000 7408.9018 723.9834
v 104000.0000 7538.7990 868.1105
v 104000.0000 7654.2268 1021.5519
v 104000.0000 7755.2648 1183.7730
v 104000.0000 7841.7532 1354.3220
v 104000.0000 7913.3196 1532.8105
v 104000.0000 7969.3828 1718.8999
v 104000.0000 8009.1356 1912.2915
v 104000.0000 8032.2212 2112.7194
v 104000.0000 8051.0101 2319.9446
v 104000.0000 8070.3957 2533.7511
v 104000.0000 8090.3601 2753.9423
v 104000.0000 8110.8872 2980.3380
v 104000.0000 8131.9617 3212.7728
v 104000.0000 8153.5700 3451.0935
v 104000.0000 8175.6990 3695.1582
v 104000.0000 8198.3369 3944.8349
v 104000.0000 8221.4724 4200.0000
v 104000.0000 7399.3252 4200.0000
v 104000.0000 6577.1779 4200.0000
v 104000.0000 5755.0307 4200.0000
v 104000.0000 4932.8835 4200.0000
v 104000.0000 4110.7362 4200.0000
v 104000.0000 3288.5890 4200.0000
v 104000.0000 2466.4417 4200.0000
v 104000.0000 1644.2945 4200.0000
v 104000.0000 822.1472 4200.0000
v 104000.0000 0.0000 4200.0000
v 104000.0000 -822.1472 4200.0000
v 104000.0000 -1644.2945 4200.0000
v 104000.0000 -2466.4417 4200.0000
v 104000.0000 -3288.5890 4200.0000
v 104000.0000 -4110.7362 4200.0000
v 104000.0000 -4932.8835 4200.0000
v 104000.0000 -5755.0307 4200.0000
v 104000.0000 -6577.1779 4200.0000
v 104000.0000 -7399.3252 4200.0000
v 104000.0000 -8221.4724 4200.0000
v 104000.0000 -8198.3369 3944.8349
v 104000.0000 -8175.6990 3695.1582
v 104000.0000 -8153.5700 3451.0935
v 104000.0000 -8131.9617 3212.7728
v 104000.0000 -8110.8872 2980.3380
v 104000.0000 -8090.3601 2753.9423
v 104000.0000 -8070.3957 2533.7511
v 104000.0000 -8051.0101 2319.9446
v 104000.0000 -8032.2212 2112.7194
v 104000.0000 -8009.1356 1912.2915
v 104000.0000 -7969.3828 1718.8999
v 104000.0000 -7913.3196 1532.8105
v 104000.0000 -7841.7532 1354.3220
v 104000.0000 -7755.2648 1183.7730
v 104000.0000 -7654.2268 1021.5519
v 104000.0000 -7538.7990 868.1105
v 104000.0000 -7408.9018 723.9834
v 104000.0000 -7264.1550 589.8166
v 104000.0000 -7103.7544 466.4132
v 104000.0000 -6926.2259 354.8097
v 104000.0000 -6728.8811 256.4179
v 104000.0000 -6506.3967 173.3304
v 104000.0000 -6245.6654 109.1678
v 104000.0000 -5856.0903 74.0761
v 104250.0000 0.0000 77.0000
v 104250.0000 5827.0000 77.0000
v 104250.0000 6218.7417 112.0668
v 104250.0000 6480.9843 176.1840
v 104250.0000 6704.8371 259.2126
v 104250.0000 6903.4898 357.5346
v 104250.0000 7082.3050 469.0590
v 104250.0000 7243.9956 592.3750
v 104250.0000 7390.0551 726.4467
v 104250.0000 7521.3040 870.4717
v 104250.0000 7638.1393 1023.8043
v 104250.0000 7740.6574 1185.9104
v 104250.0000 7828.7178 1356.3386
v 104250.0000 7901.9708 1534.7006
v 104250.0000 7959.8624 1720.6582
v 104250.0000 8001.6207 1913.9127
v 104250.0000 8026.5061 2114.1986
v 104250.0000 8045.7161 2321.2769
v 104250.0000 8065.5363 2534.9319
v 104250.0000 8085.9483 2754.9671
v 104250.0000 8106.9356 2981.2024
v 104250.0000 8128.4826 3213.4724
v 104250.0000 8150.5753 3451.6242
v 104250.0000 8173.2004 3695.5160
v 104250.0000 8196.3458 3945.0157
v 104250.0000 8220.0000 4200.0000
v 104250.0000 7398.0000 4200.0000
v 104250.0000 6576.0000 4200.0000
v 104250.0000 5754.0000 4200.0000
v 104250.0000 4932.0000 4200.0000
v 104250.0000 4110.0000 4200.0000
v 104250.0000 3288.0000 4200.0000
v 104250.0000 2466.0000 4200.0000
v 104250.0000 1644.0000 4200.0000
v 104250.0000 822.0000 4200.0000
v 104250.0000 0.0000 4200.0000
v 104250.0000 -822.0000 4200.0000
v 104250.0000 -1644.0000 4200.0000
v 104250.0000 -2466.0000 4200.0000
v 104250.0000 -3288.0000 4200.0000
v 104250.0000 -4110.0000 4200.0000
v 104250.0000 -4932.0000 4200.0000
v 104250.0000 -5754.0000 4200.0000
v 104250.0000 -6576.0000 4200.0000
v 104250.0000 -7398.0000 4200.0000
v 104250.0000 -8220.0000 4200.0000
v 104250.0000 -8196.3458 3945.0157
v 104250.0000 -8173.2004 3695.5160
v 104250.0000 -8150.5753 3451.6242
v 104250.0000 -8128.4826 3213.4724
v 104250.0000 -8106.9356 2981.2024
v 104250.0000 -8085.9483 2754.9671
v 104250.0000 -8065.5363 2534.9319
v 104250.0000 -8045.7161 2321.2769
v 104250.0000 -8026.5061 2114.1986
v 104250.0000 -8001.6207 1913.9127
v 104250.0000 -7959.8624 1720.6582
v 104250.0000 -7901.9708 1534.7006
v 104250.0000 -7828.7178 1356.3386
v 104250.0000 -7740.6574 1185.9104
v 104250.0000 -7638.1393 1023.8043
v 104250.0000 -7521.3040 870.4717
v 104250.0000 -7390.0551 726.4467
v 104250.0000 -7243.9956 592.3750
v 104250.0000 -7082.3050 469.0590
v 104250.0000 -6903.4898 357.5346
v 104250.0000 -6704.8371 259.2126
v 104250.0000 -6480.9843 176.1840
v 104250.0000 -6218.7417 112.0668
v 104250.0000 -5827.0000 77.0000
v 105000.0000 0.0000 85.9910
v 105000.0000 5737.1889 85.9910
v 105000.0000 6135.5772 120.9814
v 105000.0000 6402.4537 184.9587
v 105000.0000 6630.4992 267.8063
v 105000.0000 6833.1560 365.9139
v 105000.0000 7015.9055 477.1951
v 105000.0000 7181.5361 600.2422
v 105000.0000 7331.5986 734.0215
v 105000.0000 7466.9636 877.7324
v 105000.0000 7588.0758 1030.7307
v 105000.0000 7695.0822 1192.4833
v 105000.0000 7787.8977 1362.5398
v 105000.0000 7866.2374 1540.5129
v 105000.0000 7929.6259 1726.0649
v 105000.0000 7977.3889 1918.8980
v 105000.0000 8008.6286 2118.7471
v 105000.0000 8029.3229 2325.3739
v 105000.0000 8050.5113 2538.5630
v 105000.0000 8072.3325 2758.1182
v 105000.0000 8094.7685 2983.8602
v 105000.0000 8117.8031 3215.6237
v 105000.0000 8141.4209 3453.2562
v 105000.0000 8165.6080 3696.6161
v 105000.0000 8190.3512 3945.5717
v 105000.0000 8215.6383 4200.0000
v 105000.0000 7394.0745 4200.0000
v 105000.0000 6572.5106 4200.0000
v 105000.0000 5750.9468 4200.0000
v 105000.0000 4929.3830 4200.0000
v 105000.0000 4107.8192 4200.0000
v 105000.0000 3286.2553 4200.0000
v 105000.0000 2464.6915 4200.0000
v 105000.0000 1643.1277 4200.0000
v 105000.0000 821.5638 4200.0000
v 105000.0000 0.0000 4200.0000
v 105000.0000 -821.5638 4200.0000
v 105000.0000 -1643.1277 4200.0000
v 105000.0000 -2464.6915 4200.0000
v 105000.0000 -3286.2553 4200.0000
v 105000.0000 -4107.8192 4200.0000
v 105000.0000 -4929.3830 4200.0000
v 105000.0000 -5750.9468 4200.0000
v 105000.0000 -6572.5106 4200.0000
v 105000.0000 -7394.0745 4200.0000
v 105000.0000 -8215.6383 4200.0000
v 105000.0000 -8190.3512 3945.5717
v 105000.0000 -8165.6080 3696.6161
v 105000.0000 -8141.4209 3453.2562
v 105000.0000 -8117.8031 3215.6237
v 105000.0000 -8094.7685 2983.8602
v 105000.0000 -8072.3325 2758.1182
v 105000.0000 -8050.5113 2538.5630
v 105000.0000 -8029.3229 2325.3739
v 105000.0000 -8008.6286 2118.7471
v 105000.0000 -7977.3889 1918.8980
v 105000.0000 -7929.6259 1726.0649
v 105000.0000 -7866.2374 1540.5129
v 105000.0000 -7787.8977 1362.5398
v 105000.0000 -7695.0822 1192.4833
v 105000.0000 -7588.0758 1030.7307
v 105000.0000 -7466.9636 877.7324
v 105000.0000 -7331.5986 734.0215
v 105000.0000 -7181.5361 600.2422
v 105000.0000 -7015.9055 477.1951
v 105000.0000 -6833.1560 365.9139
v 105000.0000 -6630.4992 267.8063
v 105000.0000 -6402.4537 184.9587
v 105000.0000 -6135.5772 120.9814
v 105000.0000 -5737.1889 85.9910
v 106000.0000 0.0000 98.8432
v 106000.0000 5610.4440 98.8432
v 106000.0000 6018.0857 133.7243
v 106000.0000 6291.4085 197.5017
v 106000.0000 6525.2804 280.0905
v 106000.0000 6733.4934 377.8916
v 106000.0000 6921.6932 488.8252
v 106000.0000 7092.7713 611.4878
v 106000.0000 7248.3557 744.8493
v 106000.0000 7389.3835 888.1112
v 106000.0000 7516.3623 1040.6315
v 106000.0000 7629.5037 1201.8788
v 106000.0000 7728.7931 1371.4040
v 106000.0000 7814.0261 1548.8211
v 106000.0000 7884.8231 1733.7935
v 106000.0000 7940.6278 1926.0242
v 106000.0000 7980.6917 2125.2489
v 106000.0000 8005.8725 2331.2302
v 106000.0000 8029.0466 2543.7533
v 106000.0000 8052.9128 2762.6227
v 106000.0000 8077.4515 2987.6594
v 106000.0000 8102.6447 3218.6989
v 106000.0000 8128.4759 3455.5890
v 106000.0000 8154.9297 3698.1887
v 106000.0000 8181.9918 3946.3666
v 106000.0000 8209.6488 4200.0000
v 106000.0000 7388.6839 4200.0000
v 106000.0000 6567.7190 4200.0000
v 106000.0000 5746.7541 4200.0000
v 106000.0000 4925.7893 4200.0000
v 106000.0000 4104.8244 4200.0000
v 106000.0000 3283.8595 4200.0000
v 106000.0000 2462.8946 4200.0000
v 106000.0000 1641.9298 4200.0000
v 106000.0000 820.9649 4200.0000
v 106000.0000 0.0000 4200.0000
v 106000.0000 -820.9649 4200.0000
v 106000.0000 -1641.9298 4200.0000
v 106000.0000 -2462.8946 4200.0000
v 106000.0000 -3283.8595 4200.0000
v 106000.0000 -4104.8244 4200.0000
v 106000.0000 -4925.7893 4200.0000
v 106000.0000 -5746.7541 4200.0000
v 106000.0000 -6567.7190 4200.0000
v 106000.0000 -7388.6839 4200.0000
v 106000.0000 -8209.6488 4200.0000
v 106000.0000 -8181.9918 3946.3666
v 106000.0000 -8154.9297 3698.1887
v 106000.0000 -8128.4759 3455.5890
v 106000.0000 -8102.6447 3218.6989
v 106000.0000 -8077.4515 2987.6594
v 106000.0000 -8052.9128 2762.6227
v 106000.0000 -8029.0466 2543.7533
v 106000.0000 -8005.8725 2331.2302
v 106000.0000 -7980.6917 2125.2489
v 106000.0000 -7940.6278 1926.0242
v 106000.0000 -7884.8231 1733.7935
v 106000.0000 -7814.0261 1548.8211
v 106000.0000 -7728.7931 1371.4040
v 106000.0000 -7629.5037 1201.8788
v 106000.0000 -7516.3623 1040.6315
v 106000.0000 -7389.3835 888.1112
v 106000.0000 -7248.3557 744.8493
v 106000.0000 -7092.7713 611.4878
v 106000.0000 -6921.6932 488.8252
v 106000.0000 -6733.4934 377.8916
v 106000.0000 -6525.2804 280.0905
v 106000.0000 -6291.4085 197.5017
v 106000.0000 -6018.0857 133.7243
v 106000.0000 -5610.4440 98.8432
v 107000.0000 0.0000 113.0121
v 107000.0000 5475.5440 113.0121
v 107000.0000 5892.9052 147.7726
v 107000.0000 6172.9936 211.3297
v 107000.0000 6412.9736 293.6331
v 107000.0000 6627.0033 391.0964
v 107000.0000 6820.8989 501.6467
v 107000.0000 6997.6582 623.8856
v 107000.0000 7158.9880 756.7862
v 107000.0000 7305.8915 899.5533
v 107000.0000 7438.9383 1051.5466
v 107000.0000 7558.4021 1212.2368
v 107000.0000 7664.3352 1381.1764
v 107000.0000 7756.6078 1557.9805
v 107000.0000 7834.9278 1742.3138
v 107000.0000 7898.8440 1933.8804
v 107000.0000 7947.7387 2132.4169
v 107000.0000 7980.8063 2337.6865
v 107000.0000 8006.0762 2549.4754
v 107000.0000 8032.1008 2767.5886
v 107000.0000 8058.8586 2991.8479
v 107000.0000 8086.3302 3222.0891
v 107000.0000 8114.4975 3458.1608
v 107000.0000 8143.3437 3699.9223
v 107000.0000 8172.8531 3947.2428
v 107000.0000 8203.0113 4200.0000
v 107000.0000 7382.7101 4200.0000
v 107000.0000 6562.4090 4200.0000
v 107000.0000 5742.1079 4200.0000
v 107000.0000 4921.8068 4200.0000
v 107000.0000 4101.5056 4200.0000
v 107000.0000 3281.2045 4200.0000
v 107000.0000 2460.9034 4200.0000
v 107000.0000 1640.6023 4200.0000
v 107000.0000 820.3011 4200.0000
v 107000.0000 0.0000 4200.0000
v 107000.0000 -820.3011 4200.0000
v 107000.0000 -1640.6023 4200.0000
v 107000.0000 -2460.9034 4200.0000
v 107000.0000 -3281.2045 4200.0000
v 107000.0000 -4101.5056 4200.0000
v 107000.0000 -4921.8068 4200.0000
v 107000.0000 -5742.1079 4200.0000
v 107000.0000 -6562.4090 4200.0000
v 107000.0000 -7382.7101 4200.0000
v 107000.0000 -8203.0113 4200.0000
v 107000.0000 -8172.8531 3947.2428
v 107000.0000 -8143.3437 3699.9223
v 107000.0000 -8114.4975 3458.1608
v 107000.0000 -8086.3302 3222.0891
v 107000.0000 -8058.8586 2991.8479
v 107000.0000 -8032.1008 2767.5886
v 107000.0000 -8006.0762 2549.4754
v 107000.0000 -7980.8063 2337.6865
v 107000.0000 -7947.7387 2132.4169
v 107000.0000 -7898.8440 1933.8804
v 107000.0000 -7834.9278 1742.3138
v 107000.0000 -7756.6078 1557.9805
v 107000.0000 -7664.3352 1381.1764
v 107000.0000 -7558.4021 1212.2368
v 107000.0000 -7438.9383 1051.5466
v 107000.0000 -7305.8915 899.5533
v 107000.0000 -7158.9880 756.7862
v 107000.0000 -6997.6582 623.8856
v 107000.0000 -6820.8989 501.6467
v 107000.0000 -6627.0033 391.0964
v 107000.0000 -6412.9736 293.6331
v 107000.0000 -6172.9936 211.3297
v 107000.0000 -5892.9052 147.7726
v 107000.0000 -5475.5440 113.0121
v 108000.0000 0.0000 128.8565
v 108000.0000 5332.3156 128.8565
v 108000.0000 5759.8684 163.4823
v 108000.0000 6047.0463 226.7930
v 108000.0000 6293.4203 308.7773
v 108000.0000 6513.5312 405.8627
v 108000.0000 6713.3725 515.9845
v 108000.0000 6896.0514 637.7494
v 108000.0000 7063.3546 770.1349
v 108000.0000 7216.3519 912.3484
v 108000.0000 7355.6738 1063.7525
v 108000.0000 7481.6543 1223.8198
v 108000.0000 7594.4088 1392.1044
v 108000.0000 7693.8774 1568.2231
v 108000.0000 7779.8477 1751.8418
v 108000.0000 7851.9630 1942.6657
v 108000.0000 7909.7204 2140.4325
v 108000.0000 7952.4577 2344.9063
v 108000.0000 7981.7453 2555.8741
v 108000.0000 8009.9576 2773.1418
v 108000.0000 8038.9649 2996.5316
v 108000.0000 8068.7459 3225.8803
v 108000.0000 8099.2811 3461.0368
v 108000.0000 8130.5523 3701.8610
v 108000.0000 8162.5424 3948.2227
v 108000.0000 8195.2358 4200.0000
v 108000.0000 7375.7122 4200.0000
v 108000.0000 6556.1887 4200.0000
v 108000.0000 5736.6651 4200.0000
v 108000.0000 4917.1415 4200.0000
v 108000.0000 4097.6179 4200.0000
v 108000.0000 3278.0943 4200.0000
v 108000.0000 2458.5707 4200.0000
v 108000.0000 1639.0472 4200.0000
v 108000.0000 819.5236 4200.0000
v 108000.0000 0.0000 4200.0000
v 108000.0000 -819.5236 4200.0000
v 108000.0000 -1639.0472 4200.0000
v 108000.0000 -2458.5707 4200.0000
v 108000.0000 -3278.0943 4200.0000
v 108000.0000 -4097.6179 4200.0000
v 108000.0000 -4917.1415 4200.0000
v 108000.0000 -5736.6651 4200.0000
v 108000.0000 -6556.1887 4200.0000
v 108000.0000 -7375.7122 4200.0000
v 108000.0000 -8195.2358 4200.0000
v 108000.0000 -8162.5424 3948.2227
v 108000.0000 -8130.5523 3701.8610
v 108000.0000 -8099.2811 3461.0368
v 108000.0000 -8068.7459 3225.8803
v 108000.0000 -8038.9649 2996.5316
v 108000.0000 -8009.9576 2773.1418
v 108000.0000 -7981.7453 2555.8741
v 108000.0000 -7952.4577 2344.9063
v 108000.0000 -7909.7204 2140.4325
v 108000.0000 -7851.9630 1942.6657
v 108000.0000 -7779.8477 1751.8418
v 108000.0000 -7693.8774 1568.2231
v 108000.0000 -7594.4088 1392.1044
v 108000.0000 -7481.6543 1223.8198
v 108000.0000 -7355.6738 1063.7525
v 108000.0000 -7216.3519 912.3484
v 108000.0000 -7063.3546 770.1349
v 108000.0000 -6896.0514 637.7494
v 108000.0000 -6713.3725 515.9845
v 108000.0000 -6513.5312 405.8627
v 108000.0000 -6293.4203 308.7773
v 108000.0000 -6047.0463 226.7930
v 108000.0000 -5759.8684 163.4823
v 108000.0000 -5332.3156 128.8565
v 109000.0000 0.0000 146.7355
v 109000.0000 5180.5857 146.7355
v 109000.0000 5618.7916 181.2092
v 109000.0000 5913.3755 244.2419
v 109000.0000 6166.4232 325.8662
v 109000.0000 6392.8739 422.5252
v 109000.0000 6598.9053 532.1633
v 109000.0000 6787.7369 653.3936
v 109000.0000 6961.2367 785.1976
v 109000.0000 7120.5413 926.7866
v 109000.0000 7266.3412 1077.5258
v 109000.0000 7399.0288 1236.8901
v 109000.0000 7518.7794 1404.4356
v 109000.0000 7625.5986 1579.7809
v 109000.0000 7719.3469 1762.5932
v 109000.0000 7799.7529 1952.5791
v 109000.0000 7866.4146 2149.4773
v 109000.0000 7918.7939 2353.0532
v 109000.0000 7956.2025 2563.0945
v 109000.0000 7986.5476 2779.4080
v 109000.0000 8017.7478 3001.8168
v 109000.0000 8049.7802 3230.1583
v 109000.0000 8082.6238 3464.2820
v 109000.0000 8116.2589 3704.0487
v 109000.0000 8150.6675 3949.3284
v 109000.0000 8185.8325 4200.0000
v 109000.0000 7367.2492 4200.0000
v 109000.0000 6548.6660 4200.0000
v 109000.0000 5730.0827 4200.0000
v 109000.0000 4911.4995 4200.0000
v 109000.0000 4092.9162 4200.0000
v 109000.0000 3274.3330 4200.0000
v 109000.0000 2455.7497 4200.0000
v 109000.0000 1637.1665 4200.0000
v 109000.0000 818.5832 4200.0000
v 109000.0000 0.0000 4200.0000
v 109000.0000 -818.5832 4200.0000
v 109000.0000 -1637.1665 4200.0000
v 109000.0000 -2455.7497 4200.0000
v 109000.0000 -3274.3330 4200.0000
v 109000.0000 -4092.9162 4200.0000
v 109000.0000 -4911.4995 4200.0000
v 109000.0000 -5730.0827 4200.0000
v 109000.0000 -6548.6660 4200.0000
v 109000.0000 -7367.2492 4200.0000
v 109000.0000 -8185.8325 4200.0000
v 109000.0000 -8150.6675 3949.3284
v 109000.0000 -8116.2589 3704.0487
v 109000.0000 -8082.6238 3464.2820
v 109000.0000 -8049.7802 3230.1583
v 109000.0000 -8017.7478 3001.8168
v 109000.0000 -7986.5476 2779.4080
v 109000.0000 -7956.2025 2563.0945
v 109000.0000 -7918.7939 2353.0532
v 109000.0000 -7866.4146 2149.4773
v 109000.0000 -7799.7529 1952.5791
v 109000.0000 -7719.3469 1762.5932
v 109000.0000 -7625.5986 1579.7809
v 109000.0000 -7518.7794 1404.4356
v 109000.0000 -7399.0288 1236.8901
v 109000.0000 -7266.3412 1077.5258
v 109000.0000 -7120.5413 926.7866
v 109000.0000 -6961.2367 785.1976
v 109000.0000 -6787.7369 653.3936
v 109000.0000 -6598.9053 532.1633
v 109000.0000 -6392.8739 422.5252
v 109000.0000 -6166.4232 325.8662
v 109000.0000 -5913.3755 244.2419
v 109000.0000 -5618.7916 181.2092
v 109000.0000 -5180.5857 146.7355
v 109500.0000 0.0000 156.5501
v 109500.0000 5101.4784 156.5501
v 109500.0000 5545.1755 190.9404
v 109500.0000 5843.5754 253.8204
v 109500.0000 6100.0596 335.2471
v 109500.0000 6329.7726 431.6721
v 109500.0000 6538.9861 541.0447
v 109500.0000 6730.9769 661.9814
v 109500.0000 6907.6545 793.4663
v 109500.0000 7070.1885 934.7124
v 109500.0000 7219.2993 1085.0866
v 109500.0000 7355.4076 1244.0650
v 109500.0000 7478.7180 1411.2049
v 109500.0000 7589.2668 1586.1255
v 109500.0000 7686.9489 1768.4952
v 109500.0000 7771.5321 1958.0210
v 109500.0000 7842.6609 2154.4425
v 109500.0000 7899.8523 2357.5255
v 109500.0000 7942.4848 2567.0582
v 109500.0000 7974.3883 2782.8479
v 109500.0000 8006.6364 3004.7181
v 109500.0000 8039.7448 3232.5067
v 109500.0000 8073.6916 3466.0635
v 109500.0000 8108.4566 3705.2496
v 109500.0000 8144.0210 3949.9354
v 109500.0000 8180.3672 4200.0000
v 109500.0000 7362.3304 4200.0000
v 109500.0000 6544.2937 4200.0000
v 109500.0000 5726.2570 4200.0000
v 109500.0000 4908.2203 4200.0000
v 109500.0000 4090.1836 4200.0000
v 109500.0000 3272.1469 4200.0000
v 109500.0000 2454.1101 4200.0000
v 109500.0000 1636.0734 4200.0000
v 109500.0000 818.0367 4200.0000
v 109500.0000 0.0000 4200.0000
v 109500.0000 -818.0367 4200.0000
v 109500.0000 -1636.0734 4200.0000
v 109500.0000 -2454.1101 4200.0000
v 109500.0000 -3272.1469 4200.0000
v 109500.0000 -4090.1836 4200.0000
v 109500.0000 -4908.2203 4200.0000
v 109500.0000 -5726.2570 4200.0000
v 109500.0000 -6544.2937 4200.0000
v 109500.0000 -7362.3304 4200.0000
v 109500.0000 -8180.3672 4200.0000
v 109500.0000 -8144.0210 3949.9354
v 109500.0000 -8108.4566 3705.2496
v 109500.0000 -8073.6916 3466.0635
v 109500.0000 -8039.7448 3232.5067
v 109500.0000 -8006.6364 3004.7181
v 109500.0000 -7974.3883 2782.8479
v 109500.0000 -7942.4848 2567.0582
v 109500.0000 -7899.8523 2357.5255
v 109500.0000 -7842.6609 2154.4425
v 109500.0000 -7771.5321 1958.0210
v 109500.0000 -7686.9489 1768.4952
v 109500.0000 -7589.2668 1586.1255
v 109500.0000 -7478.7180 1411.2049
v 109500.0000 -7355.4076 1244.0650
v 109500.0000 -7219.2993 1085.0866
v 109500.0000 -7070.1885 934.7124
v 109500.0000 -6907.6545 793.4663
v 109500.0000 -6730.9769 661.9814
v 109500.0000 -6538.9861 541.0447
v 109500.0000 -6329.7726 431.6721
v 109500.0000 -6100.0596 335.2471
v 109500.0000 -5843.5754 253.8204
v 109500.0000 -5545.1755 190.9404
v 109500.0000 -5101.4784 156.5501
v 110000.0000 0.0000 167.0080
v 110000.0000 5020.1808 167.0080
v 110000.0000 5469.4718 201.3093
v 110000.0000 5771.7581 264.0267
v 110000.0000 6031.7410 345.2428
v 110000.0000 6264.7736 441.4184
v 110000.0000 6477.2234 550.5082
v 110000.0000 6672.4251 671.1320
v 110000.0000 6852.3296 802.2769
v 110000.0000 7018.1399 943.1577
v 110000.0000 7170.6059 1093.1430
v 110000.0000 7310.1763 1251.7102
v 110000.0000 7437.0840 1418.4178
v 110000.0000 7551.3952 1592.8860
v 110000.0000 7653.0378 1774.7840
v 110000.0000 7741.8169 1963.8197
v 110000.0000 7817.4204 2159.7331
v 110000.0000 7879.4171 2362.2908
v 110000.0000 7927.2485 2571.2816
v 110000.0000 7961.9370 2786.5132
v 110000.0000 7995.1864 3007.8096
v 110000.0000 8029.3228 3235.0090
v 110000.0000 8064.3236 3467.9618
v 110000.0000 8100.1679 3706.5292
v 110000.0000 8136.8365 3950.5822
v 110000.0000 8174.3111 4200.0000
v 110000.0000 7356.8800 4200.0000
v 110000.0000 6539.4489 4200.0000
v 110000.0000 5722.0178 4200.0000
v 110000.0000 4904.5867 4200.0000
v 110000.0000 4087.1556 4200.0000
v 110000.0000 3269.7245 4200.0000
v 110000.0000 2452.2933 4200.0000
v 110000.0000 1634.8622 4200.0000
v 110000.0000 817.4311 4200.0000
v 110000.0000 0.0000 4200.0000
v 110000.0000 -817.4311 4200.0000
v 110000.0000 -1634.8622 4200.0000
v 110000.0000 -2452.2933 4200.0000
v 110000.0000 -3269.7245 4200.0000
v 110000.0000 -4087.1556 4200.0000
v 110000.0000 -4904.5867 4200.0000
v 110000.0000 -5722.0178 4200.0000
v 110000.0000 -6539.4489 4200.0000
v 110000.0000 -7356.8800 4200.0000
v 110000.0000 -8174.3111 4200.0000
v 110000.0000 -8136.8365 3950.5822
v 110000.0000 -8100.1679 3706.5292
v 110000.0000 -8064.3236 3467.9618
v 110000.0000 -8029.3228 3235.0090
v 110000.0000 -7995.1864 3007.8096
v 110000.0000 -7961.9370 2786.5132
v 110000.0000 -7927.2485 2571.2816
v 110000.0000 -7879.4171 2362.2908
v 110000.0000 -7817.4204 2159.7331
v 110000.0000 -7741.8169 1963.8197
v 110000.0000 -7653.0378 1774.7840
v 110000.0000 -7551.3952 1592.8860
v 110000.0000 -7437.0840 1418.4178
v 110000.0000 -7310.1763 1251.7102
v 110000.0000 -7170.6059 1093.1430
v 110000.0000 -7018.1399 943.1577
v 110000.0000 -6852.3296 802.2769
v 110000.0000 -6672.4251 671.1320
v 110000.0000 -6477.2234 550.5082
v 110000.0000 -6264.7736 441.4184
v 110000.0000 -6031.7410 345.2428
v 110000.0000 -5771.7581 264.0267
v 110000.0000 -5469.4718 201.3093
v 110000.0000 -5020.1808 167.0080
v 110500.0000 0.0000 178.1541
v 110500.0000 4936.6711 178.1541
v 110500.0000 5391.6518 212.3606
v 110500.0000 5697.8900 274.9046
v 110500.0000 5961.4295 355.8962
v 110500.0000 6197.8351 451.8060
v 110500.0000 6413.5715 560.5943
v 110500.0000 6612.0319 680.8848
v 110500.0000 6795.2088 811.6672
v 110500.0000 6964.3387 952.1587
v 110500.0000 7120.2006 1101.7294
v 110500.0000 7263.2709 1259.8584
v 110500.0000 7393.8099 1426.1052
v 110500.0000 7511.9130 1600.0913
v 110500.0000 7617.5396 1781.4866
v 110500.0000 7710.5301 1969.9998
v 110500.0000 7790.6133 2165.3718
v 110500.0000 7857.4065 2367.3697
v 110500.0000 7910.4094 2575.7829
v 110500.0000 7949.2020 2790.4196
v 110500.0000 7983.3950 3011.1045
v 110500.0000 8018.5001 3237.6759
v 110500.0000 8054.4942 3469.9849
v 110500.0000 8091.3558 3707.8930
v 110500.0000 8129.0650 3951.2715
v 110500.0000 8167.6031 4200.0000
v 110500.0000 7350.8428 4200.0000
v 110500.0000 6534.0825 4200.0000
v 110500.0000 5717.3222 4200.0000
v 110500.0000 4900.5619 4200.0000
v 110500.0000 4083.8016 4200.0000
v 110500.0000 3267.0413 4200.0000
v 110500.0000 2450.2809 4200.0000
v 110500.0000 1633.5206 4200.0000
v 110500.0000 816.7603 4200.0000
v 110500.0000 0.0000 4200.0000
v 110500.0000 -816.7603 4200.0000
v 110500.0000 -1633.5206 4200.0000
v 110500.0000 -2450.2809 4200.0000
v 110500.0000 -3267.0413 4200.0000
v 110500.0000 -4083.8016 4200.0000
v 110500.0000 -4900.5619 4200.0000
v 110500.0000 -5717.3222 4200.0000
v 110500.0000 -6534.0825 4200.0000
v 110500.0000 -7350.8428 4200.0000
v 110500.0000 -8167.6031 4200.0000
v 110500.0000 -8129.0650 3951.2715
v 110500.0000 -8091.3558 3707.8930
v 110500.0000 -8054.4942 3469.9849
v 110500.0000 -8018.5001 3237.6759
v 110500.0000 -7983.3950 3011.1045
v 110500.0000 -7949.2020 2790.4196
v 110500.0000 -7910.4094 2575.7829
v 110500.0000 -7857.4065 2367.3697
v 110500.0000 -7790.6133 2165.3718
v 110500.0000 -7710.5301 1969.9998
v 110500.0000 -7617.5396 1781.4866
v 110500.0000 -7511.9130 1600.0913
v 110500.0000 -7393.8099 1426.1052
v 110500.0000 -7263.2709 1259.8584
v 110500.0000 -7120.2006 1101.7294
v 110500.0000 -6964.3387 952.1587
v 110500.0000 -6795.2088 811.6672
v 110500.0000 -6612.0319 680.8848
v 110500.0000 -6413.5715 560.5943
v 110500.0000 -6197.8351 451.8060
v 110500.0000 -5961.4295 355.8962
v 110500.0000 -5697.8900 274.9046
v 110500.0000 -5391.6518 212.3606
v 110500.0000 -4936.6711 178.1541
v 111000.0000 0.0000 190.0331
v 111000.0000 4850.9277 190.0331
v 111000.0000 5311.6851 224.1386
v 111000.0000 5621.9350 286.4979
v 111000.0000 5889.0836 367.2503
v 111000.0000 6128.9108 462.8768
v 111000.0000 6347.9795 571.3437
v 111000.0000 6549.7419 691.2790
v 111000.0000 6736.2323 821.6751
v 111000.0000 6908.7207 961.7516
v 111000.0000 7068.0149 1110.8805
v 111000.0000 7214.6184 1268.5425
v 111000.0000 7348.8187 1434.2983
v 111000.0000 7470.7388 1607.7705
v 111000.0000 7580.3687 1788.6300
v 111000.0000 7677.5823 1976.5864
v 111000.0000 7762.1471 2171.3813
v 111000.0000 7833.7254 2372.7826
v 111000.0000 7891.8706 2580.5802
v 111000.0000 7936.0173 2794.5830
v 111000.0000 7971.2591 3014.6160
v 111000.0000 8007.2627 3240.5183
v 111000.0000 8044.1780 3472.1411
v 111000.0000 8081.9831 3709.3465
v 111000.0000 8120.6574 3952.0061
v 111000.0000 8160.1819 4200.0000
v 111000.0000 7344.1637 4200.0000
v 111000.0000 6528.1455 4200.0000
v 111000.0000 5712.1273 4200.0000
v 111000.0000 4896.1091 4200.0000
v 111000.0000 4080.0910 4200.0000
v 111000.0000 3264.0728 4200.0000
v 111000.0000 2448.0546 4200.0000
v 111000.0000 1632.0364 4200.0000
v 111000.0000 816.0182 4200.0000
v 111000.0000 0.0000 4200.0000
v 111000.0000 -816.0182 4200.0000
v 111000.0000 -1632.0364 4200.0000
v 111000.0000 -2448.0546 4200.0000
v 111000.0000 -3264.0728 4200.0000
v 111000.0000 -4080.0910 4200.0000
v 111000.0000 -4896.1091 4200.0000
v 111000.0000 -5712.1273 4200.0000
v 111000.0000 -6528.1455 4200.0000
v 111000.0000 -7344.1637 4200.0000
v 111000.0000 -8160.1819 4200.0000
v 111000.0000 -8120.6574 3952.0061
v 111000.0000 -8081.9831 3709.3465
v 111000.0000 -8044.1780 3472.1411
v 111000.0000 -8007.2627 3240.5183
v 111000.0000 -7971.2591 3014.6160
v 111000.0000 -7936.0173 2794.5830
v 111000.0000 -7891.8706 2580.5802
v 111000.0000 -7833.7254 2372.7826
v 111000.0000 -7762.1471 2171.3813
v 111000.0000 -7677.5823 1976.5864
v 111000.0000 -7580.3687 1788.6300
v 111000.0000 -7470.7388 1607.7705
v 111000.0000 -7348.8187 1434.2983
v 111000.0000 -7214.6184 1268.5425
v 111000.0000 -7068.0149 1110.8805
v 111000.0000 -6908.7207 961.7516
v 111000.0000 -6736.2323 821.6751
v 111000.0000 -6549.7419 691.2790
v 111000.0000 -6347.9795 571.3437
v 111000.0000 -6128.9108 462.8768
v 111000.0000 -5889.0836 367.2503
v 111000.0000 -5621.9350 286.4979
v 111000.0000 -5311.6851 224.1386
v 111000.0000 -4850.9277 190.0331
v 111200.0000 0.0000 195.0000
v 111200.0000 4816.0000 195.0000
v 111200.0000 5279.0903 229.0632
v 111200.0000 5590.9600 291.3453
v 111200.0000 5859.5657 371.9977
v 111200.0000 6100.7739 467.5057
v 111200.0000 6321.1870 575.8383
v 111200.0000 6524.2811 695.6250
v 111200.0000 6712.1074 825.8596
v 111200.0000 6885.9489 965.7626
v 111200.0000 7046.6251 1114.7069
v 111200.0000 7194.6501 1272.1735
v 111200.0000 7330.3221 1437.7240
v 111200.0000 7453.7751 1610.9813
v 111200.0000 7565.0107 1791.6168
v 111200.0000 7663.9159 1979.3404
v 111200.0000 7750.2728 2173.8941
v 111200.0000 7823.7611 2375.0459
v 111200.0000 7883.9545 2582.5861
v 111200.0000 7930.3123 2796.3238
v 111200.0000 7966.3076 3016.0843
v 111200.0000 8002.6484 3241.7067
v 111200.0000 8039.9095 3473.0427
v 111200.0000 8078.0687 3709.9543
v 111200.0000 8117.1053 3952.3133
v 111200.0000 8157.0000 4200.0000
v 111200.0000 7341.3000 4200.0000
v 111200.0000 6525.6000 4200.0000
v 111200.0000 5709.9000 4200.0000
v 111200.0000 4894.2000 4200.0000
v 111200.0000 4078.5000 4200.0000
v 111200.0000 3262.8000 4200.0000
v 111200.0000 2447.1000 4200.0000
v 111200.0000 1631.4000 4200.0000
v 111200.0000 815.7000 4200.0000
v 111200.0000 0.0000 4200.0000
v 111200.0000 -815.7000 4200.0000
v 111200.0000 -1631.4000 4200.0000
v 111200.0000 -2447.1000 4200.0000
v 111200.0000 -3262.8000 4200.0000
v 111200.0000 -4078.5000 4200.0000
v 111200.0000 -4894.2000 4200.0000
v 111200.0000 -5709.9000 4200.0000
v 111200.0000 -6525.6000 4200.0000
v 111200.0000 -7341.3000 4200.0000
v 111200.0000 -8157.0000 4200.0000
v 111200.0000 -8117.1053 3952.3133
v 111200.0000 -8078.0687 3709.9543
v 111200.0000 -8039.9095 3473.0427
v 111200.0000 -8002.6484 3241.7067
v 111200.0000 -7966.3076 3016.0843
v 111200.0000 -7930.3123 2796.3238
v 111200.0000 -7883.9545 2582.5861
v 111200.0000 -7823.7611 2375.0459
v 111200.0000 -7750.2728 2173.8941
v 111200.0000 -7663.9159 1979.3404
v 111200.0000 -7565.0107 1791.6168
v 111200.0000 -7453.7751 1610.9813
v 111200.0000 -7330.3221 1437.7240
v 111200.0000 -7194.6501 1272.1735
v 111200.0000 -7046.6251 1114.7069
v 111200.0000 -6885.9489 965.7626
v 111200.0000 -6712.1074 825.8596
v 111200.0000 -6524.2811 695.6250
v 111200.0000 -6321.1870 575.8383
v 111200.0000 -6100.7739 467.5057
v 111200.0000 -5859.5657 371.9977
v 111200.0000 -5590.9600 291.3453
v 111200.0000 -5279.0903 229.0632
v 111200.0000 -4816.0000 195.0000
v 111500.0000 0.0000 202.9698
v 111500.0000 4762.1946 202.9698
v 111500.0000 5228.7518 236.9652
v 111500.0000 5543.0294 299.1234
v 111500.0000 5813.8016 379.6152
v 111500.0000 6057.0639 474.9332
v 111500.0000 6279.4775 583.0503
v 111500.0000 6484.5539 702.5985
v 111500.0000 6674.3690 832.5740
v 111500.0000 6850.2258 972.1986
v 111500.0000 7012.9606 1120.8464
v 111500.0000 7163.1036 1277.9997
v 111500.0000 7300.9683 1443.2208
v 111500.0000 7426.7049 1616.1334
v 111500.0000 7540.3321 1796.4093
v 111500.0000 7641.7559 1983.7594
v 111500.0000 7730.7798 2177.9259
v 111500.0000 7807.1083 2378.6774
v 111500.0000 7870.3445 2585.8047
v 111500.0000 7919.9827 2799.1171
v 111500.0000 7957.5769 3018.4402
v 111500.0000 7994.4096 3243.6137
v 111500.0000 8032.1750 3474.4893
v 111500.0000 8070.8506 3710.9294
v 111500.0000 8110.4155 3952.8062
v 111500.0000 8150.8501 4200.0000
v 111500.0000 7335.7651 4200.0000
v 111500.0000 6520.6801 4200.0000
v 111500.0000 5705.5951 4200.0000
v 111500.0000 4890.5101 4200.0000
v 111500.0000 4075.4250 4200.0000
v 111500.0000 3260.3400 4200.0000
v 111500.0000 2445.2550 4200.0000
v 111500.0000 1630.1700 4200.0000
v 111500.0000 815.0850 4200.0000
v 111500.0000 0.0000 4200.0000
v 111500.0000 -815.0850 4200.0000
v 111500.0000 -1630.1700 4200.0000
v 111500.0000 -2445.2550 4200.0000
v 111500.0000 -3260.3400 4200.0000
v 111500.0000 -4075.4250 4200.0000
v 111500.0000 -4890.5101 4200.0000
v 111500.0000 -5705.5951 4200.0000
v 111500.0000 -6520.6801 4200.0000
v 111500.0000 -7335.7651 4200.0000
v 111500.0000 -8150.8501 4200.0000
v 111500.0000 -8110.4155 3952.8062
v 111500.0000 -8070.8506 3710.9294
v 111500.0000 -8032.1750 3474.4893
v 111500.0000 -7994.4096 3243.6137
v 111500.0000 -7957.5769 3018.4402
v 111500.0000 -7919.9827 2799.1171
v 111500.0000 -7870.3445 2585.8047
v 111500.0000 -7807.1083 2378.6774
v 111500.0000 -7730.7798 2177.9259
v 111500.0000 -7641.7559 1983.7594
v 111500.0000 -7540.3321 1796.4093
v 111500.0000 -7426.7049 1616.1334
v 111500.0000 -7300.9683 1443.2208
v 111500.0000 -7163.1036 1277.9997
v 111500.0000 -7012.9606 1120.8464
v 111500.0000 -6850.2258 972.1986
v 111500.0000 -6674.3690 832.5740
v 111500.0000 -6484.5539 702.5985
v 111500.0000 -6279.4775 583.0503
v 111500.0000 -6057.0639 474.9332
v 111500.0000 -5813.8016 379.6152
v 111500.0000 -5543.0294 299.1234
v 111500.0000 -5228.7518 236.9652
v 111500.0000 -4762.1946 202.9698
v 112000.0000 0.0000 218.0745
v 112000.0000 4667.7352 218.0745
v 112000.0000 5139.8847 251.9414
v 112000.0000 5458.0490 313.8647
v 112000.0000 5732.3219 394.0524
v 112000.0000 5978.9068 489.0102
v 112000.0000 6204.5603 596.7186
v 112000.0000 6412.8509 715.8152
v 112000.0000 6605.8950 845.2994
v 112000.0000 6785.0271 984.3964
v 112000.0000 6951.1112 1132.4825
v 112000.0000 7104.7031 1289.0419
v 112000.0000 7246.1411 1453.6386
v 112000.0000 7375.6012 1625.8977
v 112000.0000 7493.1293 1805.4925
v 112000.0000 7598.6614 1992.1346
v 112000.0000 7692.0348 2185.5673
v 112000.0000 7772.9926 2385.5602
v 112000.0000 7841.1835 2591.9047
v 112000.0000 7896.1561 2804.4110
v 112000.0000 7937.6538 3022.9053
v 112000.0000 7975.2864 3247.2279
v 112000.0000 8013.8720 3477.2310
v 112000.0000 8053.3875 3712.7776
v 112000.0000 8093.8117 3953.7403
v 112000.0000 8135.1245 4200.0000
v 112000.0000 7321.6120 4200.0000
v 112000.0000 6508.0996 4200.0000
v 112000.0000 5694.5871 4200.0000
v 112000.0000 4881.0747 4200.0000
v 112000.0000 4067.5622 4200.0000
v 112000.0000 3254.0498 4200.0000
v 112000.0000 2440.5373 4200.0000
v 112000.0000 1627.0249 4200.0000
v 112000.0000 813.5124 4200.0000
v 112000.0000 0.0000 4200.0000
v 112000.0000 -813.5124 4200.0000
v 112000.0000 -1627.0249 4200.0000
v 112000.0000 -2440.5373 4200.0000
v 112000.0000 -3254.0498 4200.0000
v 112000.0000 -4067.5622 4200.0000
v 112000.0000 -4881.0747 4200.0000
v 112000.0000 -5694.5871 4200.0000
v 112000.0000 -6508.0996 4200.0000
v 112000.0000 -7321.6120 4200.0000
v 112000.0000 -8135.1245 4200.0000
v 112000.0000 -8093.8117 3953.7403
v 112000.0000 -8053.3875 3712.7776
v 112000.0000 -8013.8720 3477.2310
v 112000.0000 -7975.2864 3247.2279
v 112000.0000 -7937.6538 3022.9053
v 112000.0000 -7896.1561 2804.4110
v 112000.0000 -7841.1835 2591.9047
v 112000.0000 -7772.9926 2385.5602
v 112000.0000 -7692.0348 2185.5673
v 112000.0000 -7598.6614 1992.1346
v 112000.0000 -7493.1293 1805.4925
v 112000.0000 -7375.6012 1625.8977
v 112000.0000 -7246.1411 1453.6386
v 112000.0000 -7104.7031 1289.0419
v 112000.0000 -6951.1112 1132.4825
v 112000.0000 -6785.0271 984.3964
v 112000.0000 -6605.8950 845.2994
v 112000.0000 -6412.8509 715.8152
v 112000.0000 -6204.5603 596.7186
v 112000.0000 -5978.9068 489.0102
v 112000.0000 -5732.3219 394.0524
v 112000.0000 -5458.0490 313.8647
v 112000.0000 -5139.8847 251.9414
v 112000.0000 -4667.7352 218.0745
v 112500.0000 0.0000 235.3235
v 112500.0000 4567.8933 235.3235
v 112500.0000 5045.3985 269.0438
v 112500.0000 5367.2886 330.6988
v 112500.0000 5644.9212 410.5391
v 112500.0000 5894.6996 505.0856
v 112500.0000 6123.4717 612.3274
v 112500.0000 6334.8609 730.9081
v 112500.0000 6531.0224 859.8314
v 112500.0000 6713.3214 998.3258
v 112500.0000 6882.6483 1145.7705
v 112500.0000 7039.5830 1301.6517
v 112500.0000 7184.4879 1465.5354
v 112500.0000 7317.5631 1637.0483
v 112500.0000 7438.8803 1815.8651
v 112500.0000 7548.4036 2001.6987
v 112500.0000 7646.0016 2194.2935
v 112500.0000 7731.4533 2393.4200
v 112500.0000 7804.4487 2598.8707
v 112500.0000 7864.5859 2810.4564
v 112500.0000 7911.3626 3028.0043
v 112500.0000 7949.8983 3251.3551
v 112500.0000 7989.2739 3480.3619
v 112500.0000 8029.5987 3714.8882
v 112500.0000 8070.8506 3954.8071
v 112500.0000 8113.0093 4200.0000
v 112500.0000 7301.7084 4200.0000
v 112500.0000 6490.4075 4200.0000
v 112500.0000 5679.1065 4200.0000
v 112500.0000 4867.8056 4200.0000
v 112500.0000 4056.5047 4200.0000
v 112500.0000 3245.2037 4200.0000
v 112500.0000 2433.9028 4200.0000
v 112500.0000 1622.6019 4200.0000
v 112500.0000 811.3009 4200.0000
v 112500.0000 0.0000 4200.0000
v 112500.0000 -811.3009 4200.0000
v 112500.0000 -1622.6019 4200.0000
v 112500.0000 -2433.9028 4200.0000
v 112500.0000 -3245.2037 4200.0000
v 112500.0000 -4056.5047 4200.0000
v 112500.0000 -4867.8056 4200.0000
v 112500.0000 -5679.1065 4200.0000
v 112500.0000 -6490.4075 4200.0000
v 112500.0000 -7301.7084 4200.0000
v 112500.0000 -8113.0093 4200.0000
v 112500.0000 -8070.8506 3954.8071
v 112500.0000 -8029.5987 3714.8882
v 112500.0000 -7989.2739 3480.3619
v 112500.0000 -7949.8983 3251.3551
v 112500.0000 -7911.3626 3028.0043
v 112500.0000 -7864.5859 2810.4564
v 112500.0000 -7804.4487 2598.8707
v 112500.0000 -7731.4533 2393.4200
v 112500.0000 -7646.0016 2194.2935
v 112500.0000 -7548.4036 2001.6987
v 112500.0000 -7438.8803 1815.8651
v 112500.0000 -7317.5631 1637.0483
v 112500.0000 -7184.4879 1465.5354
v 112500.0000 -7039.5830 1301.6517
v 112500.0000 -6882.6483 1145.7705
v 112500.0000 -6713.3214 998.3258
v 112500.0000 -6531.0224 859.8314
v 112500.0000 -6334.8609 730.9081
v 112500.0000 -6123.4717 612.3274
v 112500.0000 -5894.6996 505.0856
v 112500.0000 -5644.9212 410.5391
v 112500.0000 -5367.2886 330.6988
v 112500.0000 -5045.3985 269.0438
v 112500.0000 -4567.8933 235.3235
v 113000.0000 0.0000 254.5634
v 113000.0000 4463.3583 254.5634
v 113000.0000 4945.9780 288.1201
v 113000.0000 5271.4293 349.4759
v 113000.0000 5552.2774 428.9287
v 113000.0000 5805.1167 523.0164
v 113000.0000 6036.8825 629.7378
v 113000.0000 6251.2510 747.7430
v 113000.0000 6450.4145 876.0407
v 113000.0000 6635.7675 1013.8631
v 113000.0000 6808.2257 1160.5922
v 113000.0000 6968.3923 1315.7169
v 113000.0000 7116.6523 1478.8053
v 113000.0000 7253.2287 1649.4859
v 113000.0000 7378.2175 1827.4349
v 113000.0000 7491.6091 2012.3667
v 113000.0000 7593.3012 2204.0269
v 113000.0000 7683.1058 2402.1871
v 113000.0000 7760.7511 2606.6407
v 113000.0000 7825.8798 2817.1997
v 113000.0000 7878.0430 3033.6918
v 113000.0000 7918.7972 3255.9587
v 113000.0000 7958.9277 3483.8542
v 113000.0000 8000.0254 3717.2424
v 113000.0000 8042.0680 3955.9970
v 113000.0000 8085.0349 4200.0000
v 113000.0000 7276.5314 4200.0000
v 113000.0000 6468.0279 4200.0000
v 113000.0000 5659.5244 4200.0000
v 113000.0000 4851.0209 4200.0000
v 113000.0000 4042.5174 4200.0000
v 113000.0000 3234.0139 4200.0000
v 113000.0000 2425.5105 4200.0000
v 113000.0000 1617.0070 4200.0000
v 113000.0000 808.5035 4200.0000
v 113000.0000 0.0000 4200.0000
v 113000.0000 -808.5035 4200.0000
v 113000.0000 -1617.0070 4200.0000
v 113000.0000 -2425.5105 4200.0000
v 113000.0000 -3234.0139 4200.0000
v 113000.0000 -4042.5174 4200.0000
v 113000.0000 -4851.0209 4200.0000
v 113000.0000 -5659.5244 4200.0000
v 113000.0000 -6468.0279 4200.0000
v 113000.0000 -7276.5314 4200.0000
v 113000.0000 -8085.0349 4200.0000
v 113000.0000 -8042.0680 3955.9970
v 113000.0000 -8000.0254 3717.2424
v 113000.0000 -7958.9277 3483.8542
v 113000.0000 -7918.7972 3255.9587
v 113000.0000 -7878.0430 3033.6918
v 113000.0000 -7825.8798 2817.1997
v 113000.0000 -7760.7511 2606.6407
v 113000.0000 -7683.1058 2402.1871
v 113000.0000 -7593.3012 2204.0269
v 113000.0000 -7491.6091 2012.3667
v 113000.0000 -7378.2175 1827.4349
v 113000.0000 -7253.2287 1649.4859
v 113000.0000 -7116.6523 1478.8053
v 113000.0000 -6968.3923 1315.7169
v 113000.0000 -6808.2257 1160.5922
v 113000.0000 -6635.7675 1013.8631
v 113000.0000 -6450.4145 876.0407
v 113000.0000 -6251.2510 747.7430
v 113000.0000 -6036.8825 629.7378
v 113000.0000 -5805.1167 523.0164
v 113000.0000 -5552.2774 428.9287
v 113000.0000 -5271.4293 349.4759
v 113000.0000 -4945.9780 288.1201
v 113000.0000 -4463.3583 254.5634
v 113500.0000 0.0000 275.6409
v 113500.0000 4354.8194 275.6409
v 113500.0000 4842.3083 309.0183
v 113500.0000 5171.1534 370.0463
v 113500.0000 5455.0699 449.0747
v 113500.0000 5710.8343 542.6597
v 113500.0000 5945.4657 648.8111
v 113500.0000 6162.6906 766.1858
v 113500.0000 6364.7368 893.7981
v 113500.0000 6553.0270 1030.8842
v 113500.0000 6728.5008 1176.8294
v 113500.0000 6891.7837 1331.1255
v 113500.0000 7043.2822 1493.3426
v 113500.0000 7183.2409 1663.1114
v 113500.0000 7311.7787 1840.1097
v 113500.0000 7428.9105 2024.0535
v 113500.0000 7534.5612 2214.6898
v 113500.0000 7628.5731 2411.7914
v 113500.0000 7710.7096 2615.1528
v 113500.0000 7780.6538 2824.5869
v 113500.0000 7838.0051 3039.9225
v 113500.0000 7882.5404 3261.0020
v 113500.0000 7923.3852 3487.6800
v 113500.0000 7965.2145 3719.8214
v 113500.0000 8008.0055 3957.3005
v 113500.0000 8051.7373 4200.0000
v 113500.0000 7246.5635 4200.0000
v 113500.0000 6441.3898 4200.0000
v 113500.0000 5636.2161 4200.0000
v 113500.0000 4831.0424 4200.0000
v 113500.0000 4025.8686 4200.0000
v 113500.0000 3220.6949 4200.0000
v 113500.0000 2415.5212 4200.0000
v 113500.0000 1610.3475 4200.0000
v 113500.0000 805.1737 4200.0000
v 113500.0000 0.0000 4200.0000
v 113500.0000 -805.1737 4200.0000
v 113500.0000 -1610.3475 4200.0000
v 113500.0000 -2415.5212 4200.0000
v 113500.0000 -3220.6949 4200.0000
v 113500.0000 -4025.8686 4200.0000
v 113500.0000 -4831.0424 4200.0000
v 113500.0000 -5636.2161 4200.0000
v 113500.0000 -6441.3898 4200.0000
v 113500.0000 -7246.5635 4200.0000
v 113500.0000 -8051.7373 4200.0000
v 113500.0000 -8008.0055 3957.3005
v 113500.0000 -7965.2145 3719.8214
v 113500.0000 -7923.3852 3487.6800
v 113500.0000 -7882.5404 3261.0020
v 113500.0000 -7838.0051 3039.9225
v 113500.0000 -7780.6538 2824.5869
v 113500.0000 -7710.7096 2615.1528
v 113500.0000 -7628.5731 2411.7914
v 113500.0000 -7534.5612 2214.6898
v 113500.0000 -7428.9105 2024.0535
v 113500.0000 -7311.7787 1840.1097
v 113500.0000 -7183.2409 1663.1114
v 113500.0000 -7043.2822 1493.3426
v 113500.0000 -6891.7837 1331.1255
v 113500.0000 -6728.5008 1176.8294
v 113500.0000 -6553.0270 1030.8842
v 113500.0000 -6364.7368 893.7981
v 113500.0000 -6162.6906 766.1858
v 113500.0000 -5945.4657 648.8111
v 113500.0000 -5710.8343 542.6597
v 113500.0000 -5455.0699 449.0747
v 113500.0000 -5171.1534 370.0463
v 113500.0000 -4842.3083 309.0183
v 113500.0000 -4354.8194 275.6409
v 114000.0000 0.0000 298.4026
v 114000.0000 4242.9661 298.4026
v 114000.0000 4735.0752 331.5863
v 114000.0000 5067.1440 392.2604
v 114000.0000 5353.9790 470.8304
v 114000.0000 5612.5301 563.8726
v 114000.0000 5849.8961 669.4083
v 114000.0000 6069.8514 786.1022
v 114000.0000 6274.6578 912.9744
v 114000.0000 6465.7646 1049.2653
v 114000.0000 6644.1346 1194.3641
v 114000.0000 6810.4142 1347.7652
v 114000.0000 6965.0302 1509.0415
v 114000.0000 7108.2479 1677.8256
v 114000.0000 7240.2075 1853.7973
v 114000.0000 7360.9469 2036.6742
v 114000.0000 7470.4160 2226.2048
v 114000.0000 7568.4856 2422.1632
v 114000.0000 7654.9509 2624.3451
v 114000.0000 7729.5323 2832.5644
v 114000.0000 7791.8722 3046.6510
v 114000.0000 7841.5294 3266.4483
v 114000.0000 7883.2040 3491.8115
v 114000.0000 7925.7187 3722.6064
v 114000.0000 7969.2109 3958.7082
v 114000.0000 8013.6591 4200.0000
v 114000.0000 7212.2932 4200.0000
v 114000.0000 6410.9273 4200.0000
v 114000.0000 5609.5614 4200.0000
v 114000.0000 4808.1955 4200.0000
v 114000.0000 4006.8296 4200.0000
v 114000.0000 3205.4637 4200.0000
v 114000.0000 2404.0977 4200.0000
v 114000.0000 1602.7318 4200.0000
v 114000.0000 801.3659 4200.0000
v 114000.0000 0.0000 4200.0000
v 114000.0000 -801.3659 4200.0000
v 114000.0000 -1602.7318 4200.0000
v 114000.0000 -2404.0977 4200.0000
v 114000.0000 -3205.4637 4200.0000
v 114000.0000 -4006.8296 4200.0000
v 114000.0000 -4808.1955 4200.0000
v 114000.0000 -5609.5614 4200.0000
v 114000.0000 -6410.9273 4200.0000
v 114000.0000 -7212.2932 4200.0000
v 114000.0000 -8013.6591 4200.0000
v 114000.0000 -7969.2109 3958.7082
v 114000.0000 -7925.7187 3722.6064
v 114000.0000 -7883.2040 3491.8115
v 114000.0000 -7841.5294 3266.4483
v 114000.0000 -7791.8722 3046.6510
v 114000.0000 -7729.5323 2832.5644
v 114000.0000 -7654.9509 2624.3451
v 114000.0000 -7568.4856 2422.1632
v 114000.0000 -7470.4160 2226.2048
v 114000.0000 -7360.9469 2036.6742
v 114000.0000 -7240.2075 1853.7973
v 114000.0000 -7108.2479 1677.8256
v 114000.0000 -6965.0302 1509.0415
v 114000.0000 -6810.4142 1347.7652
v 114000.0000 -6644.1346 1194.3641
v 114000.0000 -6465.7646 1049.2653
v 114000.0000 -6274.6578 912.9744
v 114000.0000 -6069.8514 786.1022
v 114000.0000 -5849.8961 669.4083
v 114000.0000 -5612.5301 563.8726
v 114000.0000 -5353.9790 470.8304
v 114000.0000 -5067.1440 392.2604
v 114000.0000 -4735.0752 331.5863
v 114000.0000 -4242.9661 298.4026
v 114500.0000 0.0000 322.6950
v 114500.0000 4128.4876 322.6950
v 114500.0000 4624.9650 355.6721
v 114500.0000 4960.0851 415.9684
v 114500.0000 5249.6865 494.0493
v 114500.0000 5510.8837 586.5122
v 114500.0000 5750.8506 691.3907
v 114500.0000 5973.4076 807.3581
v 114500.0000 6180.8486 933.4403
v 114500.0000 6374.6485 1068.8827
v 114500.0000 6555.7917 1213.0780
v 114500.0000 6724.9447 1365.5240
v 114500.0000 6882.5535 1525.7961
v 114500.0000 7028.9028 1693.5293
v 114500.0000 7164.1529 1868.4054
v 114500.0000 7288.3631 2050.1437
v 114500.0000 7401.5068 2238.4942
v 114500.0000 7503.4807 2433.2325
v 114500.0000 7594.1095 2634.1555
v 114500.0000 7673.1473 2841.0785
v 114500.0000 7740.2758 3053.8321
v 114500.0000 7795.1002 3272.2608
v 114500.0000 7838.9476 3496.2209
v 114500.0000 7882.0967 3725.5788
v 114500.0000 7926.2380 3960.2105
v 114500.0000 7971.3496 4200.0000
v 114500.0000 7174.2146 4200.0000
v 114500.0000 6377.0797 4200.0000
v 114500.0000 5579.9447 4200.0000
v 114500.0000 4782.8098 4200.0000
v 114500.0000 3985.6748 4200.0000
v 114500.0000 3188.5398 4200.0000
v 114500.0000 2391.4049 4200.0000
v 114500.0000 1594.2699 4200.0000
v 114500.0000 797.1350 4200.0000
v 114500.0000 0.0000 4200.0000
v 114500.0000 -797.1350 4200.0000
v 114500.0000 -1594.2699 4200.0000
v 114500.0000 -2391.4049 4200.0000
v 114500.0000 -3188.5398 4200.0000
v 114500.0000 -3985.6748 4200.0000
v 114500.0000 -4782.8098 4200.0000
v 114500.0000 -5579.9447 4200.0000
v 114500.0000 -6377.0797 4200.0000
v 114500.0000 -7174.2146 4200.0000
v 114500.0000 -7971.3496 4200.0000
v 114500.0000 -7926.2380 3960.2105
v 114500.0000 -7882.0967 3725.5788
v 114500.0000 -7838.9476 3496.2209
v 114500.0000 -7795.1002 3272.2608
v 114500.0000 -7740.2758 3053.8321
v 114500.0000 -7673.1473 2841.0785
v 114500.0000 -7594.1095 2634.1555
v 114500.0000 -7503.4807 2433.2325
v 114500.0000 -7401.5068 2238.4942
v 114500.0000 -7288.3631 2050.1437
v 114500.0000 -7164.1529 1868.4054
v 114500.0000 -7028.9028 1693.5293
v 114500.0000 -6882.5535 1525.7961
v 114500.0000 -6724.9447 1365.5240
v 114500.0000 -6555.7917 1213.0780
v 114500.0000 -6374.6485 1068.8827
v 114500.0000 -6180.8486 933.4403
v 114500.0000 -5973.4076 807.3581
v 114500.0000 -5750.8506 691.3907
v 114500.0000 -5510.8837 586.5122
v 114500.0000 -5249.6865 494.0493
v 114500.0000 -4960.0851 415.9684
v 114500.0000 -4624.9650 355.6721
v 114500.0000 -4128.4876 322.6950
v 115000.0000 0.0000 348.3648
v 115000.0000 4012.0732 348.3648
v 115000.0000 4512.6646 381.1236
v 115000.0000 4850.6617 441.0207
v 115000.0000 5142.8757 518.5846
v 115000.0000 5406.5760 610.4354
v 115000.0000 5649.0083 714.6196
v 115000.0000 5874.0359 829.8192
v 115000.0000 6083.9834 955.0667
v 115000.0000 6280.3498 1089.6123
v 115000.0000 6464.1403 1232.8530
v 115000.0000 6636.0401 1384.2897
v 115000.0000 6796.5136 1543.5008
v 115000.0000 6945.8637 1710.1235
v 115000.0000 7084.2694 1883.8418
v 115000.0000 7211.8101 2064.3769
v 115000.0000 7328.4810 2251.4804
v 115000.0000 7434.2027 2444.9294
v 115000.0000 7528.8270 2644.5223
v 115000.0000 7612.1388 2850.0752
v 115000.0000 7683.8555 3061.4203
v 115000.0000 7743.6237 3278.4030
v 115000.0000 7791.1848 3500.8803
v 115000.0000 7834.9133 3728.7198
v 115000.0000 7879.6472 3961.7981
v 115000.0000 7925.3645 4200.0000
v 115000.0000 7132.8281 4200.0000
v 115000.0000 6340.2916 4200.0000
v 115000.0000 5547.7552 4200.0000
v 115000.0000 4755.2187 4200.0000
v 115000.0000 3962.6823 4200.0000
v 115000.0000 3170.1458 4200.0000
v 115000.0000 2377.6094 4200.0000
v 115000.0000 1585.0729 4200.0000
v 115000.0000 792.5365 4200.0000
v 115000.0000 0.0000 4200.0000
v 115000.0000 -792.5365 4200.0000
v 115000.0000 -1585.0729 4200.0000
v 115000.0000 -2377.6094 4200.0000
v 115000.0000 -3170.1458 4200.0000
v 115000.0000 -3962.6823 4200.0000
v 115000.0000 -4755.2187 4200.0000
v 115000.0000 -5547.7552 4200.0000
v 115000.0000 -6340.2916 4200.0000
v 115000.0000 -7132.8281 4200.0000
v 115000.0000 -7925.3645 4200.0000
v 115000.0000 -7879.6472 3961.7981
v 115000.0000 -7834.9133 3728.7198
v 115000.0000 -7791.1848 3500.8803
v 115000.0000 -7743.6237 3278.4030
v 115000.0000 -7683.8555 3061.4203
v 115000.0000 -7612.1388 2850.0752
v 115000.0000 -7528.8270 2644.5223
v 115000.0000 -7434.2027 2444.9294
v 115000.0000 -7328.4810 2251.4804
v 115000.0000 -7211.8101 2064.3769
v 115000.0000 -7084.2694 1883.8418
v 115000.0000 -6945.8637 1710.1235
v 115000.0000 -6796.5136 1543.5008
v 115000.0000 -6636.0401 1384.2897
v 115000.0000 -6464.1403 1232.8530
v 115000.0000 -6280.3498 1089.6123
v 115000.0000 -6083.9834 955.0667
v 115000.0000 -5874.0359 829.8192
v 115000.0000 -5649.0083 714.6196
v 115000.0000 -5406.5760 610.4354
v 115000.0000 -5142.8757 518.5846
v 115000.0000 -4850.6617 441.0207
v 115000.0000 -4512.6646 381.1236
v 115000.0000 -4012.0732 348.3648
v 115380.0000 0.0000 368.7007
v 115380.0000 3922.7276 368.7007
v 115380.0000 4426.2744 401.2866
v 115380.0000 4766.3406 460.8674
v 115380.0000 5060.4363 538.0218
v 115380.0000 5325.9425 629.3876
v 115380.0000 5570.1565 733.0217
v 115380.0000 5796.9729 847.6131
v 115380.0000 6008.7383 972.1993
v 115380.0000 6206.9691 1106.0346
v 115380.0000 6392.6857 1248.5190
v 115380.0000 6566.5868 1399.1561
v 115380.0000 6729.1500 1557.5266
v 115380.0000 6880.6912 1723.2696
v 115380.0000 7021.4030 1896.0707
v 115380.0000 7151.3791 2075.6525
v 115380.0000 7270.6302 2261.7682
v 115380.0000 7379.0939 2454.1959
v 115380.0000 7476.6411 2652.7349
v 115380.0000 7563.0782 2857.2026
v 115380.0000 7638.1476 3067.4318
v 115380.0000 7701.5246 3283.2688
v 115380.0000 7752.8132 3504.5715
v 115380.0000 7797.0229 3731.2080
v 115380.0000 7842.1671 3963.0557
v 115380.0000 7888.3035 4200.0000
v 115380.0000 7099.4732 4200.0000
v 115380.0000 6310.6428 4200.0000
v 115380.0000 5521.8125 4200.0000
v 115380.0000 4732.9821 4200.0000
v 115380.0000 3944.1518 4200.0000
v 115380.0000 3155.3214 4200.0000
v 115380.0000 2366.4911 4200.0000
v 115380.0000 1577.6607 4200.0000
v 115380.0000 788.8304 4200.0000
v 115380.0000 0.0000 4200.0000
v 115380.0000 -788.8304 4200.0000
v 115380.0000 -1577.6607 4200.0000
v 115380.0000 -2366.4911 4200.0000
v 115380.0000 -3155.3214 4200.0000
v 115380.0000 -3944.1518 4200.0000
v 115380.0000 -4732.9821 4200.0000
v 115380.0000 -5521.8125 4200.0000
v 115380.0000 -6310.6428 4200.0000
v 115380.0000 -7099.4732 4200.0000
v 115380.0000 -7888.3035 4200.0000
v 115380.0000 -7842.1671 3963.0557
v 115380.0000 -7797.0229 3731.2080
v 115380.0000 -7752.8132 3504.5715
v 115380.0000 -7701.5246 3283.2688
v 115380.0000 -7638.1476 3067.4318
v 115380.0000 -7563.0782 2857.2026
v 115380.0000 -7476.6411 2652.7349
v 115380.0000 -7379.0939 2454.1959
v 115380.0000 -7270.6302 2261.7682
v 115380.0000 -7151.3791 2075.6525
v 115380.0000 -7021.4030 1896.0707
v 115380.0000 -6880.6912 1723.2696
v 115380.0000 -6729.1500 1557.5266
v 115380.0000 -6566.5868 1399.1561
v 115380.0000 -6392.6857 1248.5190
v 115380.0000 -6206.9691 1106.0346
v 115380.0000 -6008.7383 972.1993
v 115380.0000 -5796.9729 847.6131
v 115380.0000 -5570.1565 733.0217
v 115380.0000 -5325.9425 629.3876
v 115380.0000 -5060.4363 538.0218
v 115380.0000 -4766.3406 460.8674
v 115380.0000 -4426.2744 401.2866
v 115380.0000 -3922.7276 368.7007
v 115420.0000 0.0000 370.8797
v 115420.0000 3913.2933 370.8797
v 115420.0000 4417.1426 403.4470
v 115420.0000 4757.4206 462.9940
v 115420.0000 5051.7091 540.1045
v 115420.0000 5317.4006 631.4183
v 115420.0000 5561.7975 734.9935
v 115420.0000 5788.7976 849.5197
v 115420.0000 6000.7499 974.0351
v 115420.0000 6199.1727 1107.7942
v 115420.0000 6385.0876 1250.1976
v 115420.0000 6559.1951 1400.7491
v 115420.0000 6721.9738 1559.0294
v 115420.0000 6873.7410 1724.6782
v 115420.0000 7014.6909 1897.3810
v 115420.0000 7144.9185 2076.8607
v 115420.0000 7264.4361 2262.8706
v 115420.0000 7373.1830 2455.1888
v 115420.0000 7471.0321 2653.6149
v 115420.0000 7557.7921 2857.9663
v 115420.0000 7633.2076 3068.0760
v 115420.0000 7696.9571 3283.7902
v 115420.0000 7748.6478 3504.9670
v 115420.0000 7792.9443 3731.4746
v 115420.0000 7838.1295 3963.1905
v 115420.0000 7884.3079 4200.0000
v 115420.0000 7095.8771 4200.0000
v 115420.0000 6307.4463 4200.0000
v 115420.0000 5519.0155 4200.0000
v 115420.0000 4730.5848 4200.0000
v 115420.0000 3942.1540 4200.0000
v 115420.0000 3153.7232 4200.0000
v 115420.0000 2365.2924 4200.0000
v 115420.0000 1576.8616 4200.0000
v 115420.0000 788.4308 4200.0000
v 115420.0000 0.0000 4200.0000
v 115420.0000 -788.4308 4200.0000
v 115420.0000 -1576.8616 4200.0000
v 115420.0000 -2365.2924 4200.0000
v 115420.0000 -3153.7232 4200.0000
v 115420.0000 -3942.1540 4200.0000
v 115420.0000 -4730.5848 4200.0000
v 115420.0000 -5519.0155 4200.0000
v 115420.0000 -6307.4463 4200.0000
v 115420.0000 -7095.8771 4200.0000
v 115420.0000 -7884.3079 4200.0000
v 115420.0000 -7838.1295 3963.1905
v 115420.0000 -7792.9443 3731.4746
v 115420.0000 -7748.6478 3504.9670
v 115420.0000 -7696.9571 3283.7902
v 115420.0000 -7633.2076 3068.0760
v 115420.0000 -7557.7921 2857.9663
v 115420.0000 -7471.0321 2653.6149
v 115420.0000 -7373.1830 2455.1888
v 115420.0000 -7264.4361 2262.8706
v 115420.0000 -7144.9185 2076.8607
v 115420.0000 -7014.6909 1897.3810
v 115420.0000 -6873.7410 1724.6782
v 115420.0000 -6721.9738 1559.0294
v 115420.0000 -6559.1951 1400.7491
v 115420.0000 -6385.0876 1250.1976
v 115420.0000 -6199.1727 1107.7942
v 115420.0000 -6000.7499 974.0351
v 115420.0000 -5788.7976 849.5197
v 115420.0000 -5561.7975 734.9935
v 115420.0000 -5317.4006 631.4183
v 115420.0000 -5051.7091 540.1045
v 115420.0000 -4757.4206 462.9940
v 115420.0000 -4417.1426 403.4470
v 115420.0000 -3913.2933 370.8797
v 115500.0000 0.0000 375.2586
v 115500.0000 3894.4122 375.2586
v 115500.0000 4398.8614 407.7887
v 115500.0000 4739.5598 467.2676
v 115500.0000 5034.2310 544.2899
v 115500.0000 5300.2901 635.4993
v 115500.0000 5545.0501 738.9561
v 115500.0000 5772.4152 853.3513
v 115500.0000 5984.7389 977.7243
v 115500.0000 6183.5429 1111.3305
v 115500.0000 6369.8521 1253.5710
v 115500.0000 6544.3696 1403.9503
v 115500.0000 6707.5767 1562.0496
v 115500.0000 6859.7936 1727.5089
v 115500.0000 7001.2169 1900.0142
v 115500.0000 7131.9447 2079.2887
v 115500.0000 7251.9923 2265.0859
v 115500.0000 7361.3027 2457.1841
v 115500.0000 7459.7523 2655.3833
v 115500.0000 7547.1542 2859.5010
v 115500.0000 7623.2582 3069.3704
v 115500.0000 7687.7483 3284.8380
v 115500.0000 7740.2386 3505.7618
v 115500.0000 7784.7392 3732.0104
v 115500.0000 7830.0053 3963.4613
v 115500.0000 7876.2664 4200.0000
v 115500.0000 7088.6398 4200.0000
v 115500.0000 6301.0131 4200.0000
v 115500.0000 5513.3865 4200.0000
v 115500.0000 4725.7598 4200.0000
v 115500.0000 3938.1332 4200.0000
v 115500.0000 3150.5066 4200.0000
v 115500.0000 2362.8799 4200.0000
v 115500.0000 1575.2533 4200.0000
v 115500.0000 787.6266 4200.0000
v 115500.0000 0.0000 4200.0000
v 115500.0000 -787.6266 4200.0000
v 115500.0000 -1575.2533 4200.0000
v 115500.0000 -2362.8799 4200.0000
v 115500.0000 -3150.5066 4200.0000
v 115500.0000 -3938.1332 4200.0000
v 115500.0000 -4725.7598 4200.0000
v 115500.0000 -5513.3865 4200.0000
v 115500.0000 -6301.0131 4200.0000
v 115500.0000 -7088.6398 4200.0000
v 115500.0000 -7876.2664 4200.0000
v 115500.0000 -7830.0053 3963.4613
v 115500.0000 -7784.7392 3732.0104
v 115500.0000 -7740.2386 3505.7618
v 115500.0000 -7687.7483 3284.8380
v 115500.0000 -7623.2582 3069.3704
v 115500.0000 -7547.1542 2859.5010
v 115500.0000 -7459.7523 2655.3833
v 115500.0000 -7361.3027 2457.1841
v 115500.0000 -7251.9923 2265.0859
v 115500.0000 -7131.9447 2079.2887
v 115500.0000 -7001.2169 1900.0142
v 115500.0000 -6859.7936 1727.5089
v 115500.0000 -6707.5767 1562.0496
v 115500.0000 -6544.3696 1403.9503
v 115500.0000 -6369.8521 1253.5710
v 115500.0000 -6183.5429 1111.3305
v 115500.0000 -5984.7389 977.7243
v 115500.0000 -5772.4152 853.3513
v 115500.0000 -5545.0501 738.9561
v 115500.0000 -5300.2901 635.4993
v 115500.0000 -5034.2310 544.2899
v 115500.0000 -4739.5598 467.2676
v 115500.0000 -4398.8614 407.7887
v 115500.0000 -3894.4122 375.2586
v 116000.0000 0.0000 403.2231
v 116000.0000 3776.1939 403.2231
v 116000.0000 4284.2435 435.5154
v 116000.0000 4627.4664 494.5594
v 116000.0000 4924.4381 571.0185
v 116000.0000 5192.7103 661.5611
v 116000.0000 5439.6591 764.2614
v 116000.0000 5669.2270 877.8202
v 116000.0000 5883.7947 1001.2838
v 116000.0000 6084.9055 1133.9132
v 116000.0000 6273.6026 1275.1137
v 116000.0000 6450.6060 1424.3935
v 116000.0000 6616.4132 1581.3369
v 116000.0000 6771.3603 1745.5865
v 116000.0000 6915.6605 1916.8305
v 116000.0000 7049.4292 2094.7943
v 116000.0000 7172.7006 2279.2329
v 116000.0000 7285.4381 2469.9267
v 116000.0000 7387.5410 2666.6767
v 116000.0000 7478.8481 2869.3020
v 116000.0000 7559.1383 3077.6370
v 116000.0000 7628.1297 3291.5292
v 116000.0000 7685.4758 3510.8377
v 116000.0000 7732.1509 3735.4321
v 116000.0000 7777.8848 3965.1907
v 116000.0000 7824.6241 4200.0000
v 116000.0000 7042.1617 4200.0000
v 116000.0000 6259.6993 4200.0000
v 116000.0000 5477.2368 4200.0000
v 116000.0000 4694.7744 4200.0000
v 116000.0000 3912.3120 4200.0000
v 116000.0000 3129.8496 4200.0000
v 116000.0000 2347.3872 4200.0000
v 116000.0000 1564.9248 4200.0000
v 116000.0000 782.4624 4200.0000
v 116000.0000 0.0000 4200.0000
v 116000.0000 -782.4624 4200.0000
v 116000.0000 -1564.9248 4200.0000
v 116000.0000 -2347.3872 4200.0000
v 116000.0000 -3129.8496 4200.0000
v 116000.0000 -3912.3120 4200.0000
v 116000.0000 -4694.7744 4200.0000
v 116000.0000 -5477.2368 4200.0000
v 116000.0000 -6259.6993 4200.0000
v 116000.0000 -7042.1617 4200.0000
v 116000.0000 -7824.6241 4200.0000
v 116000.0000 -7777.8848 3965.1907
v 116000.0000 -7732.1509 3735.4321
v 116000.0000 -7685.4758 3510.8377
v 116000.0000 -7628.1297 3291.5292
v 116000.0000 -7559.1383 3077.6370
v 116000.0000 -7478.8481 2869.3020
v 116000.0000 -7387.5410 2666.6767
v 116000.0000 -7285.4381 2469.9267
v 116000.0000 -7172.7006 2279.2329
v 116000.0000 -7049.4292 2094.7943
v 116000.0000 -6915.6605 1916.8305
v 116000.0000 -6771.3603 1745.5865
v 116000.0000 -6616.4132 1581.3369
v 116000.0000 -6450.6060 1424.3935
v 116000.0000 -6273.6026 1275.1137
v 116000.0000 -6084.9055 1133.9132
v 116000.0000 -5883.7947 1001.2838
v 116000.0000 -5669.2270 877.8202
v 116000.0000 -5439.6591 764.2614
v 116000.0000 -5192.7103 661.5611
v 116000.0000 -4924.4381 571.0185
v 116000.0000 -4627.4664 494.5594
v 116000.0000 -4284.2435 435.5154
v 116000.0000 -3776.1939 403.2231
v 116500.0000 0.0000 432.1049
v 116500.0000 3658.1077 432.1049
v 116500.0000 4169.4994 464.1515
v 116500.0000 4515.0694 522.7463
v 116500.0000 4814.1843 598.6239
v 116500.0000 5084.5230 688.4776
v 116500.0000 5333.5205 790.3967
v 116500.0000 5565.1551 903.0917
v 116500.0000 5781.8332 1025.6162
v 116500.0000 5985.1181 1157.2366
v 116500.0000 6176.0705 1297.3630
v 116500.0000 6355.4262 1445.5073
v 116500.0000 6523.6977 1601.2568
v 116500.0000 6681.2361 1764.2570
v 116500.0000 6828.2702 1934.1984
v 116500.0000 6964.9316 2110.8084
v 116500.0000 7091.2717 2293.8440
v 116500.0000 7207.2729 2483.0872
v 116500.0000 7312.8555 2678.3406
v 116500.0000 7407.8817 2879.4245
v 116500.0000 7492.1572 3086.1747
v 116500.0000 7565.4307 3298.4398
v 116500.0000 7627.3909 3516.0801
v 116500.0000 7677.7303 3738.9661
v 116500.0000 7723.8644 3966.9769
v 116500.0000 7771.0125 4200.0000
v 116500.0000 6993.9113 4200.0000
v 116500.0000 6216.8100 4200.0000
v 116500.0000 5439.7088 4200.0000
v 116500.0000 4662.6075 4200.0000
v 116500.0000 3885.5063 4200.0000
v 116500.0000 3108.4050 4200.0000
v 116500.0000 2331.3038 4200.0000
v 116500.0000 1554.2025 4200.0000
v 116500.0000 777.1013 4200.0000
v 116500.0000 0.0000 4200.0000
v 116500.0000 -777.1013 4200.0000
v 116500.0000 -1554.2025 4200.0000
v 116500.0000 -2331.3038 4200.0000
v 116500.0000 -3108.4050 4200.0000
v 116500.0000 -3885.5063 4200.0000
v 116500.0000 -4662.6075 4200.0000
v 116500.0000 -5439.7088 4200.0000
v 116500.0000 -6216.8100 4200.0000
v 116500.0000 -6993.9113 4200.0000
v 116500.0000 -7771.0125 4200.0000
v 116500.0000 -7723.8644 3966.9769
v 116500.0000 -7677.7303 3738.9661
v 116500.0000 -7627.3909 3516.0801
v 116500.0000 -7565.4307 3298.4398
v 116500.0000 -7492.1572 3086.1747
v 116500.0000 -7407.8817 2879.4245
v 116500.0000 -7312.8555 2678.3406
v 116500.0000 -7207.2729 2483.0872
v 116500.0000 -7091.2717 2293.8440
v 116500.0000 -6964.9316 2110.8084
v 116500.0000 -6828.2702 1934.1984
v 116500.0000 -6681.2361 1764.2570
v 116500.0000 -6523.6977 1601.2568
v 116500.0000 -6355.4262 1445.5073
v 116500.0000 -6176.0705 1297.3630
v 116500.0000 -5985.1181 1157.2366
v 116500.0000 -5781.8332 1025.6162
v 116500.0000 -5565.1551 903.0917
v 116500.0000 -5333.5205 790.3967
v 116500.0000 -5084.5230 688.4776
v 116500.0000 -4814.1843 598.6239
v 116500.0000 -4515.0694 522.7463
v 116500.0000 -4169.4994 464.1515
v 116500.0000 -3658.1077 432.1049
v 117000.0000 0.0000 461.7505
v 117000.0000 3540.8428 461.7505
v 117000.0000 4055.3182 493.5449
v 117000.0000 4403.0576 551.6788
v 117000.0000 4704.1580 626.9593
v 117000.0000 4976.4160 716.1061
v 117000.0000 5227.3212 817.2233
v 117000.0000 5460.8856 929.0317
v 117000.0000 5679.5392 1050.5921
v 117000.0000 5884.8644 1181.1769
v 117000.0000 6077.9380 1320.2008
v 117000.0000 6259.5106 1467.1795
v 117000.0000 6430.1088 1621.7036
v 117000.0000 6590.0980 1783.4213
v 117000.0000 6739.7211 1952.0256
v 117000.0000 6879.1248 2127.2460
v 117000.0000 7008.3767 2308.8416
v 117000.0000 7127.4766 2496.5958
v 117000.0000 7236.3641 2690.3129
v 117000.0000 7334.9229 2889.8148
v 117000.0000 7422.9829 3094.9382
v 117000.0000 7500.3204 3305.5332
v 117000.0000 7566.6561 3521.4612
v 117000.0000 7621.6518 3742.5935
v 117000.0000 7668.5277 3968.8103
v 117000.0000 7716.0124 4200.0000
v 117000.0000 6944.4112 4200.0000
v 117000.0000 6172.8099 4200.0000
v 117000.0000 5401.2087 4200.0000
v 117000.0000 4629.6074 4200.0000
v 117000.0000 3858.0062 4200.0000
v 117000.0000 3086.4050 4200.0000
v 117000.0000 2314.8037 4200.0000
v 117000.0000 1543.2025 4200.0000
v 117000.0000 771.6012 4200.0000
v 117000.0000 0.0000 4200.0000
v 117000.0000 -771.6012 4200.0000
v 117000.0000 -1543.2025 4200.0000
v 117000.0000 -2314.8037 4200.0000
v 117000.0000 -3086.4050 4200.0000
v 117000.0000 -3858.0062 4200.0000
v 117000.0000 -4629.6074 4200.0000
v 117000.0000 -5401.2087 4200.0000
v 117000.0000 -6172.8099 4200.0000
v 117000.0000 -6944.4112 4200.0000
v 117000.0000 -7716.0124 4200.0000
v 117000.0000 -7668.5277 3968.8103
v 117000.0000 -7621.6518 3742.5935
v 117000.0000 -7566.6561 3521.4612
v 117000.0000 -7500.3204 3305.5332
v 117000.0000 -7422.9829 3094.9382
v 117000.0000 -7334.9229 2889.8148
v 117000.0000 -7236.3641 2690.3129
v 117000.0000 -7127.4766 2496.5958
v 117000.0000 -7008.3767 2308.8416
v 117000.0000 -6879.1248 2127.2460
v 117000.0000 -6739.7211 1952.0256
v 117000.0000 -6590.0980 1783.4213
v 117000.0000 -6430.1088 1621.7036
v 117000.0000 -6259.5106 1467.1795
v 117000.0000 -6077.9380 1320.2008
v 117000.0000 -5884.8644 1181.1769
v 117000.0000 -5679.5392 1050.5921
v 117000.0000 -5460.8856 929.0317
v 117000.0000 -5227.3212 817.2233
v 117000.0000 -4976.4160 716.1061
v 117000.0000 -4704.1580 626.9593
v 117000.0000 -4403.0576 551.6788
v 117000.0000 -4055.3182 493.5449
v 117000.0000 -3540.8428 461.7505
v 117500.0000 0.0000 492.0066
v 117500.0000 3425.0885 492.0066
v 117500.0000 3942.3897 523.5437
v 117500.0000 4292.1209 581.2070
v 117500.0000 4595.0489 655.8783
v 117500.0000 4869.0786 744.3036
v 117500.0000 5121.7503 844.6024
v 117500.0000 5357.1068 955.5058
v 117500.0000 5577.6003 1076.0823
v 117500.0000 5784.8309 1205.6103
v 117500.0000 5979.8904 1343.5089
v 117500.0000 6163.5432 1489.2980
v 117500.0000 6336.3293 1642.5715
v 117500.0000 6498.6269 1802.9802
v 117500.0000 6650.6925 1970.2199
v 117500.0000 6792.6868 2144.0222
v 117500.0000 6924.6921 2324.1480
v 117500.0000 7046.7245 2510.3826
v 117500.0000 7158.7412 2702.5318
v 117500.0000 7260.6455 2900.4190
v 117500.0000 7352.2895 3103.8822
v 117500.0000 7433.4744 3312.7727
v 117500.0000 7503.9497 3526.9530
v 117500.0000 7563.4102 3746.2955
v 117500.0000 7612.4632 3970.6815
v 117500.0000 7660.2092 4200.0000
v 117500.0000 6894.1883 4200.0000
v 117500.0000 6128.1674 4200.0000
v 117500.0000 5362.1465 4200.0000
v 117500.0000 4596.1255 4200.0000
v 117500.0000 3830.1046 4200.0000
v 117500.0000 3064.0837 4200.0000
v 117500.0000 2298.0628 4200.0000
v 117500.0000 1532.0418 4200.0000
v 117500.0000 766.0209 4200.0000
v 117500.0000 0.0000 4200.0000
v 117500.0000 -766.0209 4200.0000
v 117500.0000 -1532.0418 4200.0000
v 117500.0000 -2298.0628 4200.0000
v 117500.0000 -3064.0837 4200.0000
v 117500.0000 -3830.1046 4200.0000
v 117500.0000 -4596.1255 4200.0000
v 117500.0000 -5362.1465 4200.0000
v 117500.0000 -6128.1674 4200.0000
v 117500.0000 -6894.1883 4200.0000
v 117500.0000 -7660.2092 4200.0000
v 117500.0000 -7612.4632 3970.6815
v 117500.0000 -7563.4102 3746.2955
v 117500.0000 -7503.9497 3526.9530
v 117500.0000 -7433.4744 3312.7727
v 117500.0000 -7352.2895 3103.8822
v 117500.0000 -7260.6455 2900.4190
v 117500.0000 -7158.7412 2702.5318
v 117500.0000 -7046.7245 2510.3826
v 117500.0000 -6924.6921 2324.1480
v 117500.0000 -6792.6868 2144.0222
v 117500.0000 -6650.6925 1970.2199
v 117500.0000 -6498.6269 1802.9802
v 117500.0000 -6336.3293 1642.5715
v 117500.0000 -6163.5432 1489.2980
v 117500.0000 -5979.8904 1343.5089
v 117500.0000 -5784.8309 1205.6103
v 117500.0000 -5577.6003 1076.0823
v 117500.0000 -5357.1068 955.5058
v 117500.0000 -5121.7503 844.6024
v 117500.0000 -4869.0786 744.3036
v 117500.0000 -4595.0489 655.8783
v 117500.0000 -4292.1209 581.2070
v 117500.0000 -3942.3897 523.5437
v 117500.0000 -3425.0885 492.0066
v 118000.0000 0.0000 522.7198
v 118000.0000 3311.5342 522.7198
v 118000.0000 3831.4041 553.9957
v 118000.0000 4182.9498 611.1814
v 118000.0000 4487.5479 685.2342
v 118000.0000 4763.2019 772.9270
v 118000.0000 5017.4985 872.3950
v 118000.0000 5254.5092 982.3798
v 118000.0000 5476.7065 1101.9577
v 118000.0000 5685.7067 1230.4127
v 118000.0000 5882.6160 1367.1692
v 118000.0000 6068.2114 1511.7507
v 118000.0000 6243.0452 1663.7546
v 118000.0000 6407.5080 1822.8347
v 118000.0000 6561.8684 1988.6892
v 118000.0000 6706.3002 2161.0518
v 118000.0000 6840.8995 2339.6856
v 118000.0000 6965.6971 2524.3776
v 118000.0000 7080.6666 2714.9353
v 118000.0000 7185.7292 2911.1834
v 118000.0000 7280.7570 3112.9613
v 118000.0000 7365.5740 3320.1216
v 118000.0000 7439.9553 3532.5279
v 118000.0000 7503.6258 3750.0536
v 118000.0000 7556.2631 3972.5809
v 118000.0000 7604.1928 4200.0000
v 118000.0000 6843.7735 4200.0000
v 118000.0000 6083.3542 4200.0000
v 118000.0000 5322.9349 4200.0000
v 118000.0000 4562.5157 4200.0000
v 118000.0000 3802.0964 4200.0000
v 118000.0000 3041.6771 4200.0000
v 118000.0000 2281.2578 4200.0000
v 118000.0000 1520.8386 4200.0000
v 118000.0000 760.4193 4200.0000
v 118000.0000 0.0000 4200.0000
v 118000.0000 -760.4193 4200.0000
v 118000.0000 -1520.8386 4200.0000
v 118000.0000 -2281.2578 4200.0000
v 118000.0000 -3041.6771 4200.0000
v 118000.0000 -3802.0964 4200.0000
v 118000.0000 -4562.5157 4200.0000
v 118000.0000 -5322.9349 4200.0000
v 118000.0000 -6083.3542 4200.0000
v 118000.0000 -6843.7735 4200.0000
v 118000.0000 -7604.1928 4200.0000
v 118000.0000 -7556.2631 3972.5809
v 118000.0000 -7503.6258 3750.0536
v 118000.0000 -7439.9553 3532.5279
v 118000.0000 -7365.5740 3320.1216
v 118000.0000 -7280.7570 3112.9613
v 118000.0000 -7185.7292 2911.1834
v 118000.0000 -7080.6666 2714.9353
v 118000.0000 -6965.6971 2524.3776
v 118000.0000 -6840.8995 2339.6856
v 118000.0000 -6706.3002 2161.0518
v 118000.0000 -6561.8684 1988.6892
v 118000.0000 -6407.5080 1822.8347
v 118000.0000 -6243.0452 1663.7546
v 118000.0000 -6068.2114 1511.7507
v 118000.0000 -5882.6160 1367.1692
v 118000.0000 -5685.7067 1230.4127
v 118000.0000 -5476.7065 1101.9577
v 118000.0000 -5254.5092 982.3798
v 118000.0000 -5017.4985 872.3950
v 118000.0000 -4763.2019 772.9270
v 118000.0000 -4487.5479 685.2342
v 118000.0000 -4182.9498 611.1814
v 118000.0000 -3831.4041 553.9957
v 118000.0000 -3311.5342 522.7198
v 118150.0000 0.0000 532.0000
v 118150.0000 3278.0000 532.0000
v 118150.0000 3798.5905 563.1970
v 118150.0000 4150.6462 620.2384
v 118150.0000 4455.7146 694.1042
v 118150.0000 4731.8271 781.5758
v 118150.0000 4986.5837 880.7928
v 118150.0000 5224.0637 990.5000
v 118150.0000 5446.7455 1109.7760
v 118150.0000 5656.2502 1237.9069
v 118150.0000 5853.6877 1374.3183
v 118150.0000 6039.8389 1518.5349
v 118150.0000 6215.2597 1670.1552
v 118150.0000 6380.3438 1828.8338
v 118150.0000 6535.3638 1994.2697
v 118150.0000 6680.4968 2166.1974
v 118150.0000 6815.8430 2344.3804
v 118150.0000 6941.4375 2528.6063
v 118150.0000 7057.2583 2718.6831
v 118150.0000 7163.2319 2914.4359
v 118150.0000 7259.2359 3115.7046
v 118150.0000 7345.1007 3322.3421
v 118150.0000 7420.6088 3534.2123
v 118150.0000 7485.4930 3751.1891
v 118150.0000 7539.4335 3973.1549
v 118150.0000 7587.4348 4200.0000
v 118150.0000 6828.6913 4200.0000
v 118150.0000 6069.9478 4200.0000
v 118150.0000 5311.2044 4200.0000
v 118150.0000 4552.4609 4200.0000
v 118150.0000 3793.7174 4200.0000
v 118150.0000 3034.9739 4200.0000
v 118150.0000 2276.2304 4200.0000
v 118150.0000 1517.4870 4200.0000
v 118150.0000 758.7435 4200.0000
v 118150.0000 0.0000 4200.0000
v 118150.0000 -758.7435 4200.0000
v 118150.0000 -1517.4870 4200.0000
v 118150.0000 -2276.2304 4200.0000
v 118150.0000 -3034.9739 4200.0000
v 118150.0000 -3793.7174 4200.0000
v 118150.0000 -4552.4609 4200.0000
v 118150.0000 -5311.2044 4200.0000
v 118150.0000 -6069.9478 4200.0000
v 118150.0000 -6828.6913 4200.0000
v 118150.0000 -7587.4348 4200.0000
v 118150.0000 -7539.4335 3973.1549
v 118150.0000 -7485.4930 3751.1891
v 118150.0000 -7420.6088 3534.2123
v 118150.0000 -7345.1007 3322.3421
v 118150.0000 -7259.2359 3115.7046
v 118150.0000 -7163.2319 2914.4359
v 118150.0000 -7057.2583 2718.6831
v 118150.0000 -6941.4375 2528.6063
v 118150.0000 -6815.8430 2344.3804
v 118150.0000 -6680.4968 2166.1974
v 118150.0000 -6535.3638 1994.2697
v 118150.0000 -6380.3438 1828.8338
v 118150.0000 -6215.2597 1670.1552
v 118150.0000 -6039.8389 1518.5349
v 118150.0000 -5853.6877 1374.3183
v 118150.0000 -5656.2502 1237.9069
v 118150.0000 -5446.7455 1109.7760
v 118150.0000 -5224.0637 990.5000
v 118150.0000 -4986.5837 880.7928
v 118150.0000 -4731.8271 781.5758
v 118150.0000 -4455.7146 694.1042
v 118150.0000 -4150.6462 620.2384
v 118150.0000 -3798.5905 563.1970
v 118150.0000 -3278.0000 532.0000
v 118500.0000 0.0000 554.1979
v 118500.0000 3199.7716 554.1979
v 118500.0000 3721.9097 585.2061
v 118500.0000 4075.0638 641.9023
v 118500.0000 4381.1492 715.3211
v 118500.0000 4658.2575 802.2633
v 118500.0000 4914.0170 900.8799
v 118500.0000 5152.5249 1009.9232
v 118500.0000 5376.2723 1128.4774
v 118500.0000 5586.8905 1255.8329
v 118500.0000 5785.4984 1391.4187
v 118500.0000 5972.8852 1534.7626
v 118500.0000 6149.6143 1685.4653
v 118500.0000 6316.0877 1843.1836
v 118500.0000 6472.5855 2007.6183
v 118500.0000 6619.2934 2178.5055
v 118500.0000 6756.3203 2355.6102
v 118500.0000 6883.7108 2538.7212
v 118500.0000 7001.4532 2727.6477
v 118500.0000 7109.4853 2922.2158
v 118500.0000 7207.6975 3122.2666
v 118500.0000 7295.9345 3327.6535
v 118500.0000 7373.9947 3538.2415
v 118500.0000 7441.6297 3753.9052
v 118500.0000 7498.5407 3974.5277
v 118500.0000 7547.1997 4200.0000
v 118500.0000 6792.4797 4200.0000
v 118500.0000 6037.7598 4200.0000
v 118500.0000 5283.0398 4200.0000
v 118500.0000 4528.3198 4200.0000
v 118500.0000 3773.5998 4200.0000
v 118500.0000 3018.8799 4200.0000
v 118500.0000 2264.1599 4200.0000
v 118500.0000 1509.4399 4200.0000
v 118500.0000 754.7200 4200.0000
v 118500.0000 0.0000 4200.0000
v 118500.0000 -754.7200 4200.0000
v 118500.0000 -1509.4399 4200.0000
v 118500.0000 -2264.1599 4200.0000
v 118500.0000 -3018.8799 4200.0000
v 118500.0000 -3773.5998 4200.0000
v 118500.0000 -4528.3198 4200.0000
v 118500.0000 -5283.0398 4200.0000
v 118500.0000 -6037.7598 4200.0000
v 118500.0000 -6792.4797 4200.0000
v 118500.0000 -7547.1997 4200.0000
v 118500.0000 -7498.5407 3974.5277
v 118500.0000 -7441.6297 3753.9052
v 118500.0000 -7373.9947 3538.2415
v 118500.0000 -7295.9345 3327.6535
v 118500.0000 -7207.6975 3122.2666
v 118500.0000 -7109.4853 2922.2158
v 118500.0000 -7001.4532 2727.6477
v 118500.0000 -6883.7108 2538.7212
v 118500.0000 -6756.3203 2355.6102
v 118500.0000 -6619.2934 2178.5055
v 118500.0000 -6472.5855 2007.6183
v 118500.0000 -6316.0877 1843.1836
v 118500.0000 -6149.6143 1685.4653
v 118500.0000 -5972.8852 1534.7626
v 118500.0000 -5785.4984 1391.4187
v 118500.0000 -5586.8905 1255.8329
v 118500.0000 -5376.2723 1128.4774
v 118500.0000 -5152.5249 1009.9232
v 118500.0000 -4914.0170 900.8799
v 118500.0000 -4658.2575 802.2633
v 118500.0000 -4381.1492 715.3211
v 118500.0000 -4075.0638 641.9023
v 118500.0000 -3721.9097 585.2061
v 118500.0000 -3199.7716 554.1979
v 119000.0000 0.0000 587.6548
v 119000.0000 3087.1002 587.6548
v 119000.0000 3611.0727 618.3785
v 119000.0000 3965.5392 674.5544
v 119000.0000 4272.8520 747.2994
v 119000.0000 4551.1755 833.4438
v 119000.0000 4808.1730 931.1553
v 119000.0000 5047.9634 1039.1980
v 119000.0000 5273.0542 1156.6642
v 119000.0000 5485.0898 1282.8510
v 119000.0000 5685.2008 1417.1926
v 119000.0000 5874.1869 1559.2210
v 119000.0000 6052.6223 1708.5407
v 119000.0000 6220.9190 1864.8117
v 119000.0000 6379.3679 2027.7374
v 119000.0000 6528.1658 2197.0564
v 119000.0000 6667.4334 2372.5358
v 119000.0000 6797.2280 2553.9665
v 119000.0000 6917.5518 2741.1592
v 119000.0000 7028.3579 2933.9418
v 119000.0000 7129.5535 3132.1567
v 119000.0000 7221.0022 3335.6589
v 119000.0000 7302.5241 3544.3144
v 119000.0000 7373.8949 3757.9989
v 119000.0000 7434.8440 3976.5968
v 119000.0000 7485.6509 4200.0000
v 119000.0000 6737.0858 4200.0000
v 119000.0000 5988.5207 4200.0000
v 119000.0000 5239.9557 4200.0000
v 119000.0000 4491.3906 4200.0000
v 119000.0000 3742.8255 4200.0000
v 119000.0000 2994.2604 4200.0000
v 119000.0000 2245.6953 4200.0000
v 119000.0000 1497.1302 4200.0000
v 119000.0000 748.5651 4200.0000
v 119000.0000 0.0000 4200.0000
v 119000.0000 -748.5651 4200.0000
v 119000.0000 -1497.1302 4200.0000
v 119000.0000 -2245.6953 4200.0000
v 119000.0000 -2994.2604 4200.0000
v 119000.0000 -3742.8255 4200.0000
v 119000.0000 -4491.3906 4200.0000
v 119000.0000 -5239.9557 4200.0000
v 119000.0000 -5988.5207 4200.0000
v 119000.0000 -6737.0858 4200.0000
v 119000.0000 -7485.6509 4200.0000
v 119000.0000 -7434.8440 3976.5968
v 119000.0000 -7373.8949 3757.9989
v 119000.0000 -7302.5241 3544.3144
v 119000.0000 -7221.0022 3335.6589
v 119000.0000 -7129.5535 3132.1567
v 119000.0000 -7028.3579 2933.9418
v 119000.0000 -6917.5518 2741.1592
v 119000.0000 -6797.2280 2553.9665
v 119000.0000 -6667.4334 2372.5358
v 119000.0000 -6528.1658 2197.0564
v 119000.0000 -6379.3679 2027.7374
v 119000.0000 -6220.9190 1864.8117
v 119000.0000 -6052.6223 1708.5407
v 119000.0000 -5874.1869 1559.2210
v 119000.0000 -5685.2008 1417.1926
v 119000.0000 -5485.0898 1282.8510
v 119000.0000 -5273.0542 1156.6642
v 119000.0000 -5047.9634 1039.1980
v 119000.0000 -4808.1730 931.1553
v 119000.0000 -4551.1755 833.4438
v 119000.0000 -4272.8520 747.2994
v 119000.0000 -3965.5392 674.5544
v 119000.0000 -3611.0727 618.3785
v 119000.0000 -3087.1002 587.6548
v 119500.0000 0.0000 623.0853
v 119500.0000 2973.5805 623.0853
v 119500.0000 3498.9357 653.5076
v 119500.0000 3854.4064 709.1325
v 119500.0000 4162.6762 781.1641
v 119500.0000 4441.9662 866.4636
v 119500.0000 4699.9673 963.2167
v 119500.0000 4940.8169 1070.1997
v 119500.0000 5167.0359 1186.5138
v 119500.0000 5380.2803 1311.4629
v 119500.0000 5581.6907 1444.4868
v 119500.0000 5772.0766 1585.1222
v 119500.0000 5952.0215 1732.9774
v 119500.0000 6121.9470 1887.7156
v 119500.0000 6282.1537 2049.0434
v 119500.0000 6432.8487 2216.7017
v 119500.0000 6574.1637 2390.4599
v 119500.0000 6706.1676 2570.1111
v 119500.0000 6828.8756 2755.4678
v 119500.0000 6942.2547 2946.3596
v 119500.0000 7046.2280 3142.6303
v 119500.0000 7140.6763 3344.1365
v 119500.0000 7225.4395 3550.7455
v 119500.0000 7300.3155 3762.3341
v 119500.0000 7365.0591 3978.7880
v 119500.0000 7419.3790 4200.0000
v 119500.0000 6677.4411 4200.0000
v 119500.0000 5935.5032 4200.0000
v 119500.0000 5193.5653 4200.0000
v 119500.0000 4451.6274 4200.0000
v 119500.0000 3709.6895 4200.0000
v 119500.0000 2967.7516 4200.0000
v 119500.0000 2225.8137 4200.0000
v 119500.0000 1483.8758 4200.0000
v 119500.0000 741.9379 4200.0000
v 119500.0000 0.0000 4200.0000
v 119500.0000 -741.9379 4200.0000
v 119500.0000 -1483.8758 4200.0000
v 119500.0000 -2225.8137 4200.0000
v 119500.0000 -2967.7516 4200.0000
v 119500.0000 -3709.6895 4200.0000
v 119500.0000 -4451.6274 4200.0000
v 119500.0000 -5193.5653 4200.0000
v 119500.0000 -5935.5032 4200.0000
v 119500.0000 -6677.4411 4200.0000
v 119500.0000 -7419.3790 4200.0000
v 119500.0000 -7365.0591 3978.7880
v 119500.0000 -7300.3155 3762.3341
v 119500.0000 -7225.4395 3550.7455
v 119500.0000 -7140.6763 3344.1365
v 119500.0000 -7046.2280 3142.6303
v 119500.0000 -6942.2547 2946.3596
v 119500.0000 -6828.8756 2755.4678
v 119500.0000 -6706.1676 2570.1111
v 119500.0000 -6574.1637 2390.4599
v 119500.0000 -6432.8487 2216.7017
v 119500.0000 -6282.1537 2049.0434
v 119500.0000 -6121.9470 1887.7156
v 119500.0000 -5952.0215 1732.9774
v 119500.0000 -5772.0766 1585.1222
v 119500.0000 -5581.6907 1444.4868
v 119500.0000 -5380.2803 1311.4629
v 119500.0000 -5167.0359 1186.5138
v 119500.0000 -4940.8169 1070.1997
v 119500.0000 -4699.9673 963.2167
v 119500.0000 -4441.9662 866.4636
v 119500.0000 -4162.6762 781.1641
v 119500.0000 -3854.4064 709.1325
v 119500.0000 -3498.9357 653.5076
v 119500.0000 -2973.5805 623.0853
v 120000.0000 0.0000 660.4005
v 120000.0000 2859.4678 660.4005
v 120000.0000 3385.7466 690.5054
v 120000.0000 3741.9079 745.5500
v 120000.0000 4050.8594 816.8302
v 120000.0000 4330.8622 901.2397
v 120000.0000 4589.6284 996.9836
v 120000.0000 4831.3093 1102.8504
v 120000.0000 5058.4370 1217.9511
v 120000.0000 5272.6771 1341.5967
v 120000.0000 5475.1790 1473.2329
v 120000.0000 5666.7607 1612.4012
v 120000.0000 5848.0140 1758.7139
v 120000.0000 6019.3692 1911.8379
v 120000.0000 6181.1360 2071.4826
v 120000.0000 6333.5307 2237.3919
v 120000.0000 6476.6952 2409.3374
v 120000.0000 6610.7093 2587.1144
v 120000.0000 6735.6000 2770.5375
v 120000.0000 6851.3474 2959.4378
v 120000.0000 6957.8888 3153.6610
v 120000.0000 7055.1213 3353.0651
v 120000.0000 7142.9025 3557.5186
v 120000.0000 7221.0511 3766.9000
v 120000.0000 7289.3447 3981.0957
v 120000.0000 7347.5188 4200.0000
v 120000.0000 6612.7669 4200.0000
v 120000.0000 5878.0150 4200.0000
v 120000.0000 5143.2632 4200.0000
v 120000.0000 4408.5113 4200.0000
v 120000.0000 3673.7594 4200.0000
v 120000.0000 2939.0075 4200.0000
v 120000.0000 2204.2556 4200.0000
v 120000.0000 1469.5038 4200.0000
v 120000.0000 734.7519 4200.0000
v 120000.0000 0.0000 4200.0000
v 120000.0000 -734.7519 4200.0000
v 120000.0000 -1469.5038 4200.0000
v 120000.0000 -2204.2556 4200.0000
v 120000.0000 -2939.0075 4200.0000
v 120000.0000 -3673.7594 4200.0000
v 120000.0000 -4408.5113 4200.0000
v 120000.0000 -5143.2632 4200.0000
v 120000.0000 -5878.0150 4200.0000
v 120000.0000 -6612.7669 4200.0000
v 120000.0000 -7347.5188 4200.0000
v 120000.0000 -7289.3447 3981.0957
v 120000.0000 -7221.0511 3766.9000
v 120000.0000 -7142.9025 3557.5186
v 120000.0000 -7055.1213 3353.0651
v 120000.0000 -6957.8888 3153.6610
v 120000.0000 -6851.3474 2959.4378
v 120000.0000 -6735.6000 2770.5375
v 120000.0000 -6610.7093 2587.1144
v 120000.0000 -6476.6952 2409.3374
v 120000.0000 -6333.5307 2237.3919
v 120000.0000 -6181.1360 2071.4826
v 120000.0000 -6019.3692 1911.8379
v 120000.0000 -5848.0140 1758.7139
v 120000.0000 -5666.7607 1612.4012
v 120000.0000 -5475.1790 1473.2329
v 120000.0000 -5272.6771 1341.5967
v 120000.0000 -5058.4370 1217.9511
v 120000.0000 -4831.3093 1102.8504
v 120000.0000 -4589.6284 996.9836
v 120000.0000 -4330.8622 901.2397
v 120000.0000 -4050.8594 816.8302
v 120000.0000 -3741.9079 745.5500
v 120000.0000 -3385.7466 690.5054
v 120000.0000 -2859.4678 660.4005
v 120500.0000 0.0000 699.5113
v 120500.0000 2745.0178 699.5113
v 120500.0000 3271.7547 729.2835
v 120500.0000 3628.2890 783.7200
v 120500.0000 3937.6430 854.2125
v 120500.0000 4218.1017 937.6894
v 120500.0000 4477.3909 1032.3753
v 120500.0000 4719.6719 1137.0724
v 120500.0000 4947.4854 1250.9013
v 120500.0000 5162.5046 1373.1807
v 120500.0000 5365.8866 1503.3623
v 120500.0000 5558.4565 1640.9928
v 120500.0000 5740.8137 1785.6889
v 120500.0000 5913.3962 1937.1209
v 120500.0000 6076.5217 2095.0017
v 120500.0000 6230.4153 2259.0777
v 120500.0000 6375.2281 2429.1234
v 120500.0000 6511.0499 2604.9360
v 120500.0000 6637.9186 2786.3323
v 120500.0000 6755.8263 2973.1454
v 120500.0000 6864.7237 3165.2226
v 120500.0000 6964.5225 3362.4233
v 120500.0000 7055.0970 3564.6177
v 120500.0000 7136.2842 3771.6855
v 120500.0000 7207.8832 3983.5145
v 120500.0000 7269.6534 4200.0000
v 120500.0000 6542.6880 4200.0000
v 120500.0000 5815.7227 4200.0000
v 120500.0000 5088.7574 4200.0000
v 120500.0000 4361.7920 4200.0000
v 120500.0000 3634.8267 4200.0000
v 120500.0000 2907.8613 4200.0000
v 120500.0000 2180.8960 4200.0000
v 120500.0000 1453.9307 4200.0000
v 120500.0000 726.9653 4200.0000
v 120500.0000 0.0000 4200.0000
v 120500.0000 -726.9653 4200.0000
v 120500.0000 -1453.9307 4200.0000
v 120500.0000 -2180.8960 4200.0000
v 120500.0000 -2907.8613 4200.0000
v 120500.0000 -3634.8267 4200.0000
v 120500.0000 -4361.7920 4200.0000
v 120500.0000 -5088.7574 4200.0000
v 120500.0000 -5815.7227 4200.0000
v 120500.0000 -6542.6880 4200.0000
v 120500.0000 -7269.6534 4200.0000
v 120500.0000 -7207.8832 3983.5145
v 120500.0000 -7136.2842 3771.6855
v 120500.0000 -7055.0970 3564.6177
v 120500.0000 -6964.5225 3362.4233
v 120500.0000 -6864.7237 3165.2226
v 120500.0000 -6755.8263 2973.1454
v 120500.0000 -6637.9186 2786.3323
v 120500.0000 -6511.0499 2604.9360
v 120500.0000 -6375.2281 2429.1234
v 120500.0000 -6230.4153 2259.0777
v 120500.0000 -6076.5217 2095.0017
v 120500.0000 -5913.3962 1937.1209
v 120500.0000 -5740.8137 1785.6889
v 120500.0000 -5558.4565 1640.9928
v 120500.0000 -5365.8866 1503.3623
v 120500.0000 -5162.5046 1373.1807
v 120500.0000 -4947.4854 1250.9013
v 120500.0000 -4719.6719 1137.0724
v 120500.0000 -4477.3909 1032.3753
v 120500.0000 -4218.1017 937.6894
v 120500.0000 -3937.6430 854.2125
v 120500.0000 -3628.2890 783.7200
v 120500.0000 -3271.7547 729.2835
v 120500.0000 -2745.0178 699.5113
v 121000.0000 0.0000 740.3288
v 121000.0000 2630.4858 740.3288
v 121000.0000 3157.2113 769.7539
v 121000.0000 3513.7980 823.5556
v 121000.0000 3823.2728 893.2261
v 121000.0000 4103.9279 975.7296
v 121000.0000 4363.4953 1069.3114
v 121000.0000 4606.1427 1172.7877
v 121000.0000 4834.4165 1285.2893
v 121000.0000 5049.9959 1406.1428
v 121000.0000 5254.0439 1534.8065
v 121000.0000 5447.3920 1670.8322
v 121000.0000 5630.6459 1813.8410
v 121000.0000 5804.2505 1963.5073
v 121000.0000 5968.5309 2119.5470
v 121000.0000 6123.7200 2281.7099
v 121000.0000 6269.9772 2449.7727
v 121000.0000 6407.4017 2623.5353
v 121000.0000 6536.0415 2802.8164
v 121000.0000 6655.8995 2987.4512
v 121000.0000 6766.9388 3177.2886
v 121000.0000 6869.0846 3372.1899
v 121000.0000 6962.2264 3572.0266
v 121000.0000 7046.2183 3776.6799
v 121000.0000 7120.8784 3986.0388
v 121000.0000 7185.9881 4200.0000
v 121000.0000 6467.3893 4200.0000
v 121000.0000 5748.7905 4200.0000
v 121000.0000 5030.1917 4200.0000
v 121000.0000 4311.5929 4200.0000
v 121000.0000 3592.9941 4200.0000
v 121000.0000 2874.3953 4200.0000
v 121000.0000 2155.7964 4200.0000
v 121000.0000 1437.1976 4200.0000
v 121000.0000 718.5988 4200.0000
v 121000.0000 0.0000 4200.0000
v 121000.0000 -718.5988 4200.0000
v 121000.0000 -1437.1976 4200.0000
v 121000.0000 -2155.7964 4200.0000
v 121000.0000 -2874.3953 4200.0000
v 121000.0000 -3592.9941 4200.0000
v 121000.0000 -4311.5929 4200.0000
v 121000.0000 -5030.1917 4200.0000
v 121000.0000 -5748.7905 4200.0000
v 121000.0000 -6467.3893 4200.0000
v 121000.0000 -7185.9881 4200.0000
v 121000.0000 -7120.8784 3986.0388
v 121000.0000 -7046.2183 3776.6799
v 121000.0000 -6962.2264 3572.0266
v 121000.0000 -6869.0846 3372.1899
v 121000.0000 -6766.9388 3177.2886
v 121000.0000 -6655.8995 2987.4512
v 121000.0000 -6536.0415 2802.8164
v 121000.0000 -6407.4017 2623.5353
v 121000.0000 -6269.9772 2449.7727
v 121000.0000 -6123.7200 2281.7099
v 121000.0000 -5968.5309 2119.5470
v 121000.0000 -5804.2505 1963.5073
v 121000.0000 -5630.6459 1813.8410
v 121000.0000 -5447.3920 1670.8322
v 121000.0000 -5254.0439 1534.8065
v 121000.0000 -5049.9959 1406.1428
v 121000.0000 -4834.4165 1285.2893
v 121000.0000 -4606.1427 1172.7877
v 121000.0000 -4363.4953 1069.3114
v 121000.0000 -4103.9279 975.7296
v 121000.0000 -3823.2728 893.2261
v 121000.0000 -3513.7980 823.5556
v 121000.0000 -3157.2113 769.7539
v 121000.0000 -2630.4858 740.3288
v 121500.0000 0.0000 782.7640
v 121500.0000 2516.1274 782.7640
v 121500.0000 3042.3695 811.8282
v 121500.0000 3398.6861 864.9700
v 121500.0000 3707.9982 933.7860
v 121500.0000 3988.5883 1015.2775
v 121500.0000 4248.1878 1107.7115
v 121500.0000 4490.9661 1209.9185
v 121500.0000 4719.4731 1321.0402
v 121500.0000 4935.3920 1440.4114
v 121500.0000 5139.8903 1567.4970
v 121500.0000 5333.8045 1701.8542
v 121500.0000 5517.7462 1843.1089
v 121500.0000 5692.1660 1990.9394
v 121500.0000 5857.3955 2145.0652
v 121500.0000 6013.6748 2305.2390
v 121500.0000 6161.1710 2471.2404
v 121500.0000 6299.9916 2642.8717
v 121500.0000 6430.1938 2819.9538
v 121500.0000 6551.7909 3002.3239
v 121500.0000 6664.7569 3189.8329
v 121500.0000 6769.0297 3382.3435
v 121500.0000 6864.5126 3579.7291
v 121500.0000 6951.0752 3781.8722
v 121500.0000 7028.5534 3988.6632
v 121500.0000 7096.7483 4200.0000
v 121500.0000 6387.0735 4200.0000
v 121500.0000 5677.3987 4200.0000
v 121500.0000 4967.7238 4200.0000
v 121500.0000 4258.0490 4200.0000
v 121500.0000 3548.3742 4200.0000
v 121500.0000 2838.6993 4200.0000
v 121500.0000 2129.0245 4200.0000
v 121500.0000 1419.3497 4200.0000
v 121500.0000 709.6748 4200.0000
v 121500.0000 0.0000 4200.0000
v 121500.0000 -709.6748 4200.0000
v 121500.0000 -1419.3497 4200.0000
v 121500.0000 -2129.0245 4200.0000
v 121500.0000 -2838.6993 4200.0000
v 121500.0000 -3548.3742 4200.0000
v 121500.0000 -4258.0490 4200.0000
v 121500.0000 -4967.7238 4200.0000
v 121500.0000 -5677.3987 4200.0000
v 121500.0000 -6387.0735 4200.0000
v 121500.0000 -7096.7483 4200.0000
v 121500.0000 -7028.5534 3988.6632
v 121500.0000 -6951.0752 3781.8722
v 121500.0000 -6864.5126 3579.7291
v 121500.0000 -6769.0297 3382.3435
v 121500.0000 -6664.7569 3189.8329
v 121500.0000 -6551.7909 3002.3239
v 121500.0000 -6430.1938 2819.9538
v 121500.0000 -6299.9916 2642.8717
v 121500.0000 -6161.1710 2471.2404
v 121500.0000 -6013.6748 2305.2390
v 121500.0000 -5857.3955 2145.0652
v 121500.0000 -5692.1660 1990.9394
v 121500.0000 -5517.7462 1843.1089
v 121500.0000 -5333.8045 1701.8542
v 121500.0000 -5139.8903 1567.4970
v 121500.0000 -4935.3920 1440.4114
v 121500.0000 -4719.4731 1321.0402
v 121500.0000 -4490.9661 1209.9185
v 121500.0000 -4248.1878 1107.7115
v 121500.0000 -3988.5883 1015.2775
v 121500.0000 -3707.9982 933.7860
v 121500.0000 -3398.6861 864.9700
v 121500.0000 -3042.3695 811.8282
v 121500.0000 -2516.1274 782.7640
v 122000.0000 0.0000 826.7281
v 122000.0000 2402.1981 826.7281
v 122000.0000 2927.4834 855.4183
v 122000.0000 3283.2066 907.8764
v 122000.0000 3592.0717 975.8070
v 122000.0000 3872.3349 1056.2502
v 122000.0000 4131.7192 1147.4949
v 122000.0000 4374.3921 1248.3871
v 122000.0000 4602.9042 1358.0791
v 122000.0000 4818.9407 1475.9146
v 122000.0000 5023.6725 1601.3651
v 122000.0000 5217.9401 1733.9938
v 122000.0000 5402.3593 1873.4312
v 122000.0000 5577.3862 2019.3598
v 122000.0000 5743.3581 2171.5027
v 122000.0000 5900.5213 2329.6158
v 122000.0000 6049.0498 2493.4816
v 122000.0000 6189.0589 2662.9047
v 122000.0000 6320.6142 2837.7086
v 122000.0000 6443.7382 3017.7325
v 122000.0000 6558.4155 3202.8290
v 122000.0000 6664.5951 3392.8630
v 122000.0000 6762.1931 3587.7092
v 122000.0000 6851.0935 3787.2516
v 122000.0000 6931.1482 3991.3821
v 122000.0000 7002.1764 4200.0000
v 122000.0000 6301.9587 4200.0000
v 122000.0000 5601.7411 4200.0000
v 122000.0000 4901.5235 4200.0000
v 122000.0000 4201.3058 4200.0000
v 122000.0000 3501.0882 4200.0000
v 122000.0000 2800.8705 4200.0000
v 122000.0000 2100.6529 4200.0000
v 122000.0000 1400.4353 4200.0000
v 122000.0000 700.2176 4200.0000
v 122000.0000 0.0000 4200.0000
v 122000.0000 -700.2176 4200.0000
v 122000.0000 -1400.4353 4200.0000
v 122000.0000 -2100.6529 4200.0000
v 122000.0000 -2800.8705 4200.0000
v 122000.0000 -3501.0882 4200.0000
v 122000.0000 -4201.3058 4200.0000
v 122000.0000 -4901.5235 4200.0000
v 122000.0000 -5601.7411 4200.0000
v 122000.0000 -6301.9587 4200.0000
v 122000.0000 -7002.1764 4200.0000
v 122000.0000 -6931.1482 3991.3821
v 122000.0000 -6851.0935 3787.2516
v 122000.0000 -6762.1931 3587.7092
v 122000.0000 -6664.5951 3392.8630
v 122000.0000 -6558.4155 3202.8290
v 122000.0000 -6443.7382 3017.7325
v 122000.0000 -6320.6142 2837.7086
v 122000.0000 -6189.0589 2662.9047
v 122000.0000 -6049.0498 2493.4816
v 122000.0000 -5900.5213 2329.6158
v 122000.0000 -5743.3581 2171.5027
v 122000.0000 -5577.3862 2019.3598
v 122000.0000 -5402.3593 1873.4312
v 122000.0000 -5217.9401 1733.9938
v 122000.0000 -5023.6725 1601.3651
v 122000.0000 -4818.9407 1475.9146
v 122000.0000 -4602.9042 1358.0791
v 122000.0000 -4374.3921 1248.3871
v 122000.0000 -4131.7192 1147.4949
v 122000.0000 -3872.3349 1056.2502
v 122000.0000 -3592.0717 975.8070
v 122000.0000 -3283.2066 907.8764
v 122000.0000 -2927.4834 855.4183
v 122000.0000 -2402.1981 826.7281
v 122500.0000 0.0000 872.1319
v 122500.0000 2288.9534 872.1319
v 122500.0000 2812.8087 900.4360
v 122500.0000 3167.6152 952.1880
v 122500.0000 3475.7490 1019.2043
v 122500.0000 3755.4229 1098.5647
v 122500.0000 4014.3447 1188.5813
v 122500.0000 4256.6757 1288.1154
v 122500.0000 4484.9644 1396.3311
v 122500.0000 4700.8965 1512.5804
v 122500.0000 4905.6446 1636.3424
v 122500.0000 5100.0520 1767.1859
v 122500.0000 5284.7383 1904.7465
v 122500.0000 5460.1637 2048.7110
v 122500.0000 5626.6705 2198.8061
v 122500.0000 5784.5106 2354.7910
v 122500.0000 5933.8644 2516.4511
v 122500.0000 6074.8540 2683.5939
v 122500.0000 6207.5527 2856.0449
v 122500.0000 6331.9915 3033.6456
v 122500.0000 6448.1644 3216.2508
v 122500.0000 6556.0311 3403.7269
v 122500.0000 6655.5191 3595.9505
v 122500.0000 6746.5256 3792.8071
v 122500.0000 6828.9171 3994.1901
v 122500.0000 6902.5293 4200.0000
v 122500.0000 6212.2764 4200.0000
v 122500.0000 5522.0234 4200.0000
v 122500.0000 4831.7705 4200.0000
v 122500.0000 4141.5176 4200.0000
v 122500.0000 3451.2646 4200.0000
v 122500.0000 2761.0117 4200.0000
v 122500.0000 2070.7588 4200.0000
v 122500.0000 1380.5059 4200.0000
v 122500.0000 690.2529 4200.0000
v 122500.0000 0.0000 4200.0000
v 122500.0000 -690.2529 4200.0000
v 122500.0000 -1380.5059 4200.0000
v 122500.0000 -2070.7588 4200.0000
v 122500.0000 -2761.0117 4200.0000
v 122500.0000 -3451.2646 4200.0000
v 122500.0000 -4141.5176 4200.0000
v 122500.0000 -4831.7705 4200.0000
v 122500.0000 -5522.0234 4200.0000
v 122500.0000 -6212.2764 4200.0000
v 122500.0000 -6902.5293 4200.0000
v 122500.0000 -6828.9171 3994.1901
v 122500.0000 -6746.5256 3792.8071
v 122500.0000 -6655.5191 3595.9505
v 122500.0000 -6556.0311 3403.7269
v 122500.0000 -6448.1644 3216.2508
v 122500.0000 -6331.9915 3033.6456
v 122500.0000 -6207.5527 2856.0449
v 122500.0000 -6074.8540 2683.5939
v 122500.0000 -5933.8644 2516.4511
v 122500.0000 -5784.5106 2354.7910
v 122500.0000 -5626.6705 2198.8061
v 122500.0000 -5460.1637 2048.7110
v 122500.0000 -5284.7383 1904.7465
v 122500.0000 -5100.0520 1767.1859
v 122500.0000 -4905.6446 1636.3424
v 122500.0000 -4700.8965 1512.5804
v 122500.0000 -4484.9644 1396.3311
v 122500.0000 -4256.6757 1288.1154
v 122500.0000 -4014.3447 1188.5813
v 122500.0000 -3755.4229 1098.5647
v 122500.0000 -3475.7490 1019.2043
v 122500.0000 -3167.6152 952.1880
v 122500.0000 -2812.8087 900.4360
v 122500.0000 -2288.9534 872.1319
v 123000.0000 0.0000 918.8866
v 123000.0000 2176.6486 918.8866
v 123000.0000 2698.6021 946.7931
v 123000.0000 3052.1692 997.8179
v 123000.0000 3359.2879 1063.8927
v 123000.0000 3638.1110 1142.1381
v 123000.0000 3896.3234 1230.8901
v 123000.0000 4138.0761 1329.0258
v 123000.0000 4365.9132 1435.7211
v 123000.0000 4581.5189 1550.3372
v 123000.0000 4786.0662 1672.3604
v 123000.0000 4980.4000 1801.3656
v 123000.0000 5165.1426 1936.9936
v 123000.0000 5340.7578 2078.9354
v 123000.0000 5507.5921 2226.9217
v 123000.0000 5665.9023 2380.7151
v 123000.0000 5815.8743 2540.1041
v 123000.0000 5957.6364 2704.8985
v 123000.0000 6091.2690 2874.9267
v 123000.0000 6216.8108 3050.0323
v 123000.0000 6334.2644 3230.0720
v 123000.0000 6443.5990 3414.9141
v 123000.0000 6544.7530 3604.4371
v 123000.0000 6637.6354 3798.5279
v 123000.0000 6722.1261 3997.0816
v 123000.0000 6798.0759 4200.0000
v 123000.0000 6118.2683 4200.0000
v 123000.0000 5438.4607 4200.0000
v 123000.0000 4758.6531 4200.0000
v 123000.0000 4078.8455 4200.0000
v 123000.0000 3399.0380 4200.0000
v 123000.0000 2719.2304 4200.0000
v 123000.0000 2039.4228 4200.0000
v 123000.0000 1359.6152 4200.0000
v 123000.0000 679.8076 4200.0000
v 123000.0000 0.0000 4200.0000
v 123000.0000 -679.8076 4200.0000
v 123000.0000 -1359.6152 4200.0000
v 123000.0000 -2039.4228 4200.0000
v 123000.0000 -2719.2304 4200.0000
v 123000.0000 -3399.0380 4200.0000
v 123000.0000 -4078.8455 4200.0000
v 123000.0000 -4758.6531 4200.0000
v 123000.0000 -5438.4607 4200.0000
v 123000.0000 -6118.2683 4200.0000
v 123000.0000 -6798.0759 4200.0000
v 123000.0000 -6722.1261 3997.0816
v 123000.0000 -6637.6354 3798.5279
v 123000.0000 -6544.7530 3604.4371
v 123000.0000 -6443.5990 3414.9141
v 123000.0000 -6334.2644 3230.0720
v 123000.0000 -6216.8108 3050.0323
v 123000.0000 -6091.2690 2874.9267
v 123000.0000 -5957.6364 2704.8985
v 123000.0000 -5815.8743 2540.1041
v 123000.0000 -5665.9023 2380.7151
v 123000.0000 -5507.5921 2226.9217
v 123000.0000 -5340.7578 2078.9354
v 123000.0000 -5165.1426 1936.9936
v 123000.0000 -4980.4000 1801.3656
v 123000.0000 -4786.0662 1672.3604
v 123000.0000 -4581.5189 1550.3372
v 123000.0000 -4365.9132 1435.7211
v 123000.0000 -4138.0761 1329.0258
v 123000.0000 -3896.3234 1230.8901
v 123000.0000 -3638.1110 1142.1381
v 123000.0000 -3359.2879 1063.8927
v 123000.0000 -3052.1692 997.8179
v 123000.0000 -2698.6021 946.7931
v 123000.0000 -2176.6486 918.8866
v 123500.0000 0.0000 966.9032
v 123500.0000 2065.5395 966.9032
v 123500.0000 2585.1210 994.4013
v 123500.0000 2937.1275 1044.6794
v 123500.0000 3242.9486 1109.7873
v 123500.0000 3520.6600 1186.8876
v 123500.0000 3777.9168 1274.3407
v 123500.0000 4018.8558 1371.0403
v 123500.0000 4246.0137 1476.1742
v 123500.0000 4461.0716 1589.1130
v 123500.0000 4665.2013 1709.3505
v 123500.0000 4859.2485 1836.4678
v 123500.0000 5043.8372 1970.1109
v 123500.0000 5219.4339 2109.9755
v 123500.0000 5386.3886 2255.7962
v 123500.0000 5544.9623 2407.3390
v 123500.0000 5695.3457 2564.3954
v 123500.0000 5837.6729 2726.7782
v 123500.0000 5972.0302 2894.3182
v 123500.0000 6098.4638 3066.8612
v 123500.0000 6216.9838 3244.2661
v 123500.0000 6327.5684 3426.4033
v 123500.0000 6430.1657 3613.1527
v 123500.0000 6524.6956 3804.4032
v 123500.0000 6611.0501 4000.0512
v 123500.0000 6689.0939 4200.0000
v 123500.0000 6020.1845 4200.0000
v 123500.0000 5351.2751 4200.0000
v 123500.0000 4682.3657 4200.0000
v 123500.0000 4013.4564 4200.0000
v 123500.0000 3344.5470 4200.0000
v 123500.0000 2675.6376 4200.0000
v 123500.0000 2006.7282 4200.0000
v 123500.0000 1337.8188 4200.0000
v 123500.0000 668.9094 4200.0000
v 123500.0000 0.0000 4200.0000
v 123500.0000 -668.9094 4200.0000
v 123500.0000 -1337.8188 4200.0000
v 123500.0000 -2006.7282 4200.0000
v 123500.0000 -2675.6376 4200.0000
v 123500.0000 -3344.5470 4200.0000
v 123500.0000 -4013.4564 4200.0000
v 123500.0000 -4682.3657 4200.0000
v 123500.0000 -5351.2751 4200.0000
v 123500.0000 -6020.1845 4200.0000
v 123500.0000 -6689.0939 4200.0000
v 123500.0000 -6611.0501 4000.0512
v 123500.0000 -6524.6956 3804.4032
v 123500.0000 -6430.1657 3613.1527
v 123500.0000 -6327.5684 3426.4033
v 123500.0000 -6216.9838 3244.2661
v 123500.0000 -6098.4638 3066.8612
v 123500.0000 -5972.0302 2894.3182
v 123500.0000 -5837.6729 2726.7782
v 123500.0000 -5695.3457 2564.3954
v 123500.0000 -5544.9623 2407.3390
v 123500.0000 -5386.3886 2255.7962
v 123500.0000 -5219.4339 2109.9755
v 123500.0000 -5043.8372 1970.1109
v 123500.0000 -4859.2485 1836.4678
v 123500.0000 -4665.2013 1709.3505
v 123500.0000 -4461.0716 1589.1130
v 123500.0000 -4246.0137 1476.1742
v 123500.0000 -4018.8558 1371.0403
v 123500.0000 -3777.9168 1274.3407
v 123500.0000 -3520.6600 1186.8876
v 123500.0000 -3242.9486 1109.7873
v 123500.0000 -2937.1275 1044.6794
v 123500.0000 -2585.1210 994.4013
v 123500.0000 -2065.5395 966.9032
v 124000.0000 0.0000 1016.0927
v 124000.0000 1955.8813 1016.0927
v 124000.0000 2472.6236 1043.1724
v 124000.0000 2822.7501 1092.6856
v 124000.0000 3126.9923 1156.8029
v 124000.0000 3403.3326 1232.7302
v 124000.0000 3659.3888 1318.8528
v 124000.0000 3899.2795 1414.0811
v 124000.0000 4125.5317 1517.6155
v 124000.0000 4339.8212 1628.8360
v 124000.0000 4543.3175 1747.2441
v 124000.0000 4736.8658 1872.4274
v 124000.0000 4921.0910 2004.0373
v 124000.0000 5096.4615 2141.7739
v 124000.0000 5263.3301 2285.3761
v 124000.0000 5421.9612 2434.6132
v 124000.0000 5572.5499 2589.2801
v 124000.0000 5715.2351 2749.1923
v 124000.0000 5850.1090 2914.1833
v 124000.0000 5977.2239 3084.1012
v 124000.0000 6096.5971 3258.8070
v 124000.0000 6208.2147 3438.1731
v 124000.0000 6312.0340 3622.0812
v 124000.0000 6407.9846 3810.4219
v 124000.0000 6495.9699 4003.0933
v 124000.0000 6575.8669 4200.0000
v 124000.0000 5918.2802 4200.0000
v 124000.0000 5260.6935 4200.0000
v 124000.0000 4603.1068 4200.0000
v 124000.0000 3945.5201 4200.0000
v 124000.0000 3287.9334 4200.0000
v 124000.0000 2630.3467 4200.0000
v 124000.0000 1972.7601 4200.0000
v 124000.0000 1315.1734 4200.0000
v 124000.0000 657.5867 4200.0000
v 124000.0000 0.0000 4200.0000
v 124000.0000 -657.5867 4200.0000
v 124000.0000 -1315.1734 4200.0000
v 124000.0000 -1972.7601 4200.0000
v 124000.0000 -2630.3467 4200.0000
v 124000.0000 -3287.9334 4200.0000
v 124000.0000 -3945.5201 4200.0000
v 124000.0000 -4603.1068 4200.0000
v 124000.0000 -5260.6935 4200.0000
v 124000.0000 -5918.2802 4200.0000
v 124000.0000 -6575.8669 4200.0000
v 124000.0000 -6495.9699 4003.0933
v 124000.0000 -6407.9846 3810.4219
v 124000.0000 -6312.0340 3622.0812
v 124000.0000 -6208.2147 3438.1731
v 124000.0000 -6096.5971 3258.8070
v 124000.0000 -5977.2239 3084.1012
v 124000.0000 -5850.1090 2914.1833
v 124000.0000 -5715.2351 2749.1923
v 124000.0000 -5572.5499 2589.2801
v 124000.0000 -5421.9612 2434.6132
v 124000.0000 -5263.3301 2285.3761
v 124000.0000 -5096.4615 2141.7739
v 124000.0000 -4921.0910 2004.0373
v 124000.0000 -4736.8658 1872.4274
v 124000.0000 -4543.3175 1747.2441
v 124000.0000 -4339.8212 1628.8360
v 124000.0000 -4125.5317 1517.6155
v 124000.0000 -3899.2795 1414.0811
v 124000.0000 -3659.3888 1318.8528
v 124000.0000 -3403.3326 1232.7302
v 124000.0000 -3126.9923 1156.8029
v 124000.0000 -2822.7501 1092.6856
v 124000.0000 -2472.6236 1043.1724
v 124000.0000 -1955.8813 1016.0927
v 124500.0000 0.0000 1066.3662
v 124500.0000 1847.9297 1066.3662
v 124500.0000 2361.3683 1093.0183
v 124500.0000 2709.2974 1141.7497
v 124500.0000 3011.6813 1204.8546
v 124500.0000 3286.3925 1279.5830
v 124500.0000 3541.0047 1364.3457
v 124500.0000 3779.6138 1458.0705
v 124500.0000 4004.7348 1559.9700
v 124500.0000 4218.0362 1669.4343
v 124500.0000 4420.6842 1785.9728
v 124500.0000 4613.5222 1909.1795
v 124500.0000 4797.1751 2038.7113
v 124500.0000 4972.1124 2174.2731
v 124500.0000 5138.6890 2315.6077
v 124500.0000 5297.1723 2462.4884
v 124500.0000 5447.7608 2614.7131
v 124500.0000 5590.5980 2772.1004
v 124500.0000 5725.7808 2934.4862
v 124500.0000 5853.3673 3101.7211
v 124500.0000 5973.3815 3273.6683
v 124500.0000 6085.8165 3450.2022
v 124500.0000 6190.6378 3631.2065
v 124500.0000 6287.7841 3816.5733
v 124500.0000 6377.1691 4006.2024
v 124500.0000 6458.6810 4200.0000
v 124500.0000 5812.8129 4200.0000
v 124500.0000 5166.9448 4200.0000
v 124500.0000 4521.0767 4200.0000
v 124500.0000 3875.2086 4200.0000
v 124500.0000 3229.3405 4200.0000
v 124500.0000 2583.4724 4200.0000
v 124500.0000 1937.6043 4200.0000
v 124500.0000 1291.7362 4200.0000
v 124500.0000 645.8681 4200.0000
v 124500.0000 0.0000 4200.0000
v 124500.0000 -645.8681 4200.0000
v 124500.0000 -1291.7362 4200.0000
v 124500.0000 -1937.6043 4200.0000
v 124500.0000 -2583.4724 4200.0000
v 124500.0000 -3229.3405 4200.0000
v 124500.0000 -3875.2086 4200.0000
v 124500.0000 -4521.0767 4200.0000
v 124500.0000 -5166.9448 4200.0000
v 124500.0000 -5812.8129 4200.0000
v 124500.0000 -6458.6810 4200.0000
v 124500.0000 -6377.1691 4006.2024
v 124500.0000 -6287.7841 3816.5733
v 124500.0000 -6190.6378 3631.2065
v 124500.0000 -6085.8165 3450.2022
v 124500.0000 -5973.3815 3273.6683
v 124500.0000 -5853.3673 3101.7211
v 124500.0000 -5725.7808 2934.4862
v 124500.0000 -5590.5980 2772.1004
v 124500.0000 -5447.7608 2614.7131
v 124500.0000 -5297.1723 2462.4884
v 124500.0000 -5138.6890 2315.6077
v 124500.0000 -4972.1124 2174.2731
v 124500.0000 -4797.1751 2038.7113
v 124500.0000 -4613.5222 1909.1795
v 124500.0000 -4420.6842 1785.9728
v 124500.0000 -4218.0362 1669.4343
v 124500.0000 -4004.7348 1559.9700
v 124500.0000 -3779.6138 1458.0705
v 124500.0000 -3541.0047 1364.3457
v 124500.0000 -3286.3925 1279.5830
v 124500.0000 -3011.6813 1204.8546
v 124500.0000 -2709.2974 1141.7497
v 124500.0000 -2361.3683 1093.0183
v 124500.0000 -1847.9297 1066.3662
v 125000.0000 0.0000 1117.6347
v 125000.0000 1741.9400 1117.6347
v 125000.0000 2251.6139 1143.8508
v 125000.0000 2597.0302 1191.7849
v 125000.0000 2897.2782 1253.8573
v 125000.0000 3170.1040 1327.3631
v 125000.0000 3423.0298 1410.7391
v 125000.0000 3660.1255 1502.9304
v 125000.0000 3883.8907 1603.1628
v 125000.0000 4095.9858 1710.8362
v 125000.0000 4297.5714 1825.4681
v 125000.0000 4489.4885 1946.6590
v 125000.0000 4672.3611 2074.0715
v 125000.0000 4846.6591 2207.4154
v 125000.0000 5012.7387 2346.4377
v 125000.0000 5170.8695 2490.9154
v 125000.0000 5321.2531 2640.6495
v 125000.0000 5464.0366 2795.4619
v 125000.0000 5599.3216 2955.1909
v 125000.0000 5727.1710 3119.6897
v 125000.0000 5847.6147 3288.8238
v 125000.0000 5960.6526 3462.4694
v 125000.0000 6066.2572 3640.5123
v 125000.0000 6164.3758 3822.8465
v 125000.0000 6254.9311 4009.3731
v 125000.0000 6337.8218 4200.0000
v 125000.0000 5704.0397 4200.0000
v 125000.0000 5070.2575 4200.0000
v 125000.0000 4436.4753 4200.0000
v 125000.0000 3802.6931 4200.0000
v 125000.0000 3168.9109 4200.0000
v 125000.0000 2535.1287 4200.0000
v 125000.0000 1901.3466 4200.0000
v 125000.0000 1267.5644 4200.0000
v 125000.0000 633.7822 4200.0000
v 125000.0000 0.0000 4200.0000
v 125000.0000 -633.7822 4200.0000
v 125000.0000 -1267.5644 4200.0000
v 125000.0000 -1901.3466 4200.0000
v 125000.0000 -2535.1287 4200.0000
v 125000.0000 -3168.9109 4200.0000
v 125000.0000 -3802.6931 4200.0000
v 125000.0000 -4436.4753 4200.0000
v 125000.0000 -5070.2575 4200.0000
v 125000.0000 -5704.0397 4200.0000
v 125000.0000 -6337.8218 4200.0000
v 125000.0000 -6254.9311 4009.3731
v 125000.0000 -6164.3758 3822.8465
v 125000.0000 -6066.2572 3640.5123
v 125000.0000 -5960.6526 3462.4694
v 125000.0000 -5847.6147 3288.8238
v 125000.0000 -5727.1710 3119.6897
v 125000.0000 -5599.3216 2955.1909
v 125000.0000 -5464.0366 2795.4619
v 125000.0000 -5321.2531 2640.6495
v 125000.0000 -5170.8695 2490.9154
v 125000.0000 -5012.7387 2346.4377
v 125000.0000 -4846.6591 2207.4154
v 125000.0000 -4672.3611 2074.0715
v 125000.0000 -4489.4885 1946.6590
v 125000.0000 -4297.5714 1825.4681
v 125000.0000 -4095.9858 1710.8362
v 125000.0000 -3883.8907 1603.1628
v 125000.0000 -3660.1255 1502.9304
v 125000.0000 -3423.0298 1410.7391
v 125000.0000 -3170.1040 1327.3631
v 125000.0000 -2897.2782 1253.8573
v 125000.0000 -2597.0302 1191.7849
v 125000.0000 -2251.6139 1143.8508
v 125000.0000 -1741.9400 1117.6347
v 125100.0000 0.0000 1128.0000
v 125100.0000 1721.0000 1128.0000
v 125100.0000 2229.8659 1154.1279
v 125100.0000 2574.7419 1201.9008
v 125100.0000 2874.5296 1263.7645
v 125100.0000 3146.9477 1337.0231
v 125100.0000 3399.5073 1420.1187
v 125100.0000 3636.2725 1512.0000
v 125100.0000 3859.7398 1611.8953
v 125100.0000 4071.5674 1719.2067
v 125100.0000 4272.9150 1833.4530
v 125100.0000 4464.6228 1954.2364
v 125100.0000 4647.3144 2081.2205
v 125100.0000 4821.4599 2214.1160
v 125100.0000 4987.4155 2352.6708
v 125100.0000 5145.4512 2496.6626
v 125100.0000 5295.7694 2645.8933
v 125100.0000 5438.5176 2800.1850
v 125100.0000 5573.7982 2959.3769
v 125100.0000 5701.6753 3123.3225
v 125100.0000 5822.1796 3291.8879
v 125100.0000 5935.3123 3464.9496
v 125100.0000 6041.0474 3642.3938
v 125100.0000 6139.3337 3824.1147
v 125100.0000 6230.0957 4010.0141
v 125100.0000 6313.2341 4200.0000
v 125100.0000 5681.9107 4200.0000
v 125100.0000 5050.5873 4200.0000
v 125100.0000 4419.2639 4200.0000
v 125100.0000 3787.9405 4200.0000
v 125100.0000 3156.6171 4200.0000
v 125100.0000 2525.2936 4200.0000
v 125100.0000 1893.9702 4200.0000
v 125100.0000 1262.6468 4200.0000
v 125100.0000 631.3234 4200.0000
v 125100.0000 0.0000 4200.0000
v 125100.0000 -631.3234 4200.0000
v 125100.0000 -1262.6468 4200.0000
v 125100.0000 -1893.9702 4200.0000
v 125100.0000 -2525.2936 4200.0000
v 125100.0000 -3156.6171 4200.0000
v 125100.0000 -3787.9405 4200.0000
v 125100.0000 -4419.2639 4200.0000
v 125100.0000 -5050.5873 4200.0000
v 125100.0000 -5681.9107 4200.0000
v 125100.0000 -6313.2341 4200.0000
v 125100.0000 -6230.0957 4010.0141
v 125100.0000 -6139.3337 3824.1147
v 125100.0000 -6041.0474 3642.3938
v 125100.0000 -5935.3123 3464.9496
v 125100.0000 -5822.1796 3291.8879
v 125100.0000 -5701.6753 3123.3225
v 125100.0000 -5573.7982 2959.3769
v 125100.0000 -5438.5176 2800.1850
v 125100.0000 -5295.7694 2645.8933
v 125100.0000 -5145.4512 2496.6626
v 125100.0000 -4987.4155 2352.6708
v 125100.0000 -4821.4599 2214.1160
v 125100.0000 -4647.3144 2081.2205
v 125100.0000 -4464.6228 1954.2364
v 125100.0000 -4272.9150 1833.4530
v 125100.0000 -4071.5674 1719.2067
v 125100.0000 -3859.7398 1611.8953
v 125100.0000 -3636.2725 1512.0000
v 125100.0000 -3399.5073 1420.1187
v 125100.0000 -3146.9477 1337.0231
v 125100.0000 -2874.5296 1263.7645
v 125100.0000 -2574.7419 1201.9008
v 125100.0000 -2229.8659 1154.1279
v 125100.0000 -1721.0000 1128.0000
v 125500.0000 0.0000 1170.8680
v 125500.0000 1637.6941 1170.8680
v 125500.0000 2142.8822 1196.6312
v 125500.0000 2485.2934 1243.7375
v 125500.0000 2782.9732 1304.7379
v 125500.0000 3053.5157 1376.9743
v 125500.0000 3304.3806 1458.9103
v 125500.0000 3539.6053 1549.5095
v 125500.0000 3761.6708 1648.0108
v 125500.0000 3972.2259 1753.8247
v 125500.0000 4172.4242 1866.4768
v 125500.0000 4363.1027 1985.5748
v 125500.0000 4544.8830 2110.7868
v 125500.0000 4718.2344 2241.8279
v 125500.0000 4883.5134 2378.4492
v 125500.0000 5040.9912 2520.4317
v 125500.0000 5190.8716 2667.5799
v 125500.0000 5333.3046 2819.7186
v 125500.0000 5468.3955 2976.6891
v 125500.0000 5596.2118 3138.3469
v 125500.0000 5716.7881 3304.5600
v 125500.0000 5830.1304 3475.2068
v 125500.0000 5936.2176 3650.1748
v 125500.0000 6035.0046 3829.3600
v 125500.0000 6126.4222 4012.6653
v 125500.0000 6210.3786 4200.0000
v 125500.0000 5589.3407 4200.0000
v 125500.0000 4968.3029 4200.0000
v 125500.0000 4347.2650 4200.0000
v 125500.0000 3726.2272 4200.0000
v 125500.0000 3105.1893 4200.0000
v 125500.0000 2484.1514 4200.0000
v 125500.0000 1863.1136 4200.0000
v 125500.0000 1242.0757 4200.0000
v 125500.0000 621.0379 4200.0000
v 125500.0000 0.0000 4200.0000
v 125500.0000 -621.0379 4200.0000
v 125500.0000 -1242.0757 4200.0000
v 125500.0000 -1863.1136 4200.0000
v 125500.0000 -2484.1514 4200.0000
v 125500.0000 -3105.1893 4200.0000
v 125500.0000 -3726.2272 4200.0000
v 125500.0000 -4347.2650 4200.0000
v 125500.0000 -4968.3029 4200.0000
v 125500.0000 -5589.3407 4200.0000
v 125500.0000 -6210.3786 4200.0000
v 125500.0000 -6126.4222 4012.6653
v 125500.0000 -6035.0046 3829.3600
v 125500.0000 -5936.2176 3650.1748
v 125500.0000 -5830.1304 3475.2068
v 125500.0000 -5716.7881 3304.5600
v 125500.0000 -5596.2118 3138.3469
v 125500.0000 -5468.3955 2976.6891
v 125500.0000 -5333.3046 2819.7186
v 125500.0000 -5190.8716 2667.5799
v 125500.0000 -5040.9912 2520.4317
v 125500.0000 -4883.5134 2378.4492
v 125500.0000 -4718.2344 2241.8279
v 125500.0000 -4544.8830 2110.7868
v 125500.0000 -4363.1027 1985.5748
v 125500.0000 -4172.4242 1866.4768
v 125500.0000 -3972.2259 1753.8247
v 125500.0000 -3761.6708 1648.0108
v 125500.0000 -3539.6053 1549.5095
v 125500.0000 -3304.3806 1458.9103
v 125500.0000 -3053.5157 1376.9743
v 125500.0000 -2782.9732 1304.7379
v 125500.0000 -2485.2934 1243.7375
v 125500.0000 -2142.8822 1196.6312
v 125500.0000 -1637.6941 1170.8680
v 126000.0000 0.0000 1227.9075
v 126000.0000 1534.5113 1227.9075
v 126000.0000 2034.0167 1253.1857
v 126000.0000 2372.6068 1299.4050
v 126000.0000 2667.0028 1359.2567
v 126000.0000 2934.6049 1430.1328
v 126000.0000 3182.7919 1510.5259
v 126000.0000 3415.5588 1599.4191
v 126000.0000 3635.3615 1696.0656
v 126000.0000 3843.8330 1799.8870
v 126000.0000 4042.1168 1910.4178
v 126000.0000 4231.0430 2027.2731
v 126000.0000 4411.2292 2150.1274
v 126000.0000 4583.1423 2278.7009
v 126000.0000 4747.1381 2412.7496
v 126000.0000 4903.4877 2552.0585
v 126000.0000 5052.3964 2696.4359
v 126000.0000 5194.0158 2845.7098
v 126000.0000 5328.4542 2999.7244
v 126000.0000 5455.7824 3158.3382
v 126000.0000 5576.0394 3321.4215
v 126000.0000 5689.2357 3488.8549
v 126000.0000 5795.3562 3660.5282
v 126000.0000 5894.3618 3836.3393
v 126000.0000 5986.1909 4016.1928
v 126000.0000 6070.7598 4200.0000
v 126000.0000 5463.6838 4200.0000
v 126000.0000 4856.6078 4200.0000
v 126000.0000 4249.5319 4200.0000
v 126000.0000 3642.4559 4200.0000
v 126000.0000 3035.3799 4200.0000
v 126000.0000 2428.3039 4200.0000
v 126000.0000 1821.2279 4200.0000
v 126000.0000 1214.1520 4200.0000
v 126000.0000 607.0760 4200.0000
v 126000.0000 0.0000 4200.0000
v 126000.0000 -607.0760 4200.0000
v 126000.0000 -1214.1520 4200.0000
v 126000.0000 -1821.2279 4200.0000
v 126000.0000 -2428.3039 4200.0000
v 126000.0000 -3035.3799 4200.0000
v 126000.0000 -3642.4559 4200.0000
v 126000.0000 -4249.5319 4200.0000
v 126000.0000 -4856.6078 4200.0000
v 126000.0000 -5463.6838 4200.0000
v 126000.0000 -6070.7598 4200.0000
v 126000.0000 -5986.1909 4016.1928
v 126000.0000 -5894.3618 3836.3393
v 126000.0000 -5795.3562 3660.5282
v 126000.0000 -5689.2357 3488.8549
v 126000.0000 -5576.0394 3321.4215
v 126000.0000 -5455.7824 3158.3382
v 126000.0000 -5328.4542 2999.7244
v 126000.0000 -5194.0158 2845.7098
v 126000.0000 -5052.3964 2696.4359
v 126000.0000 -4903.4877 2552.0585
v 126000.0000 -4747.1381 2412.7496
v 126000.0000 -4583.1423 2278.7009
v 126000.0000 -4411.2292 2150.1274
v 126000.0000 -4231.0430 2027.2731
v 126000.0000 -4042.1168 1910.4178
v 126000.0000 -3843.8330 1799.8870
v 126000.0000 -3635.3615 1696.0656
v 126000.0000 -3415.5588 1599.4191
v 126000.0000 -3182.7919 1510.5259
v 126000.0000 -2934.6049 1430.1328
v 126000.0000 -2667.0028 1359.2567
v 126000.0000 -2372.6068 1299.4050
v 126000.0000 -2034.0167 1253.1857
v 126000.0000 -1534.5113 1227.9075
v 126500.0000 0.0000 1288.2654
v 126500.0000 1432.6933 1288.2654
v 126500.0000 1925.4135 1313.0302
v 126500.0000 2259.4306 1358.3108
v 126500.0000 2549.8836 1416.9471
v 126500.0000 2813.9394 1486.3838
v 126500.0000 3058.8795 1565.1443
v 126500.0000 3288.6470 1652.2322
v 126500.0000 3505.6671 1746.9160
v 126500.0000 3711.5527 1848.6290
v 126500.0000 3907.4342 1956.9151
v 126500.0000 4094.1329 2071.3973
v 126500.0000 4272.2604 2191.7566
v 126500.0000 4442.2798 2317.7190
v 126500.0000 4604.5447 2449.0455
v 126500.0000 4759.3253 2585.5252
v 126500.0000 4906.8268 2726.9706
v 126500.0000 5047.2024 2873.2130
v 126500.0000 5180.5617 3024.0999
v 126500.0000 5306.9784 3179.4925
v 126500.0000 5426.4947 3339.2638
v 126500.0000 5539.1253 3503.2970
v 126500.0000 5644.8597 3671.4839
v 126500.0000 5743.6643 3843.7246
v 126500.0000 5835.4839 4019.9256
v 126500.0000 5920.2416 4200.0000
v 126500.0000 5328.2175 4200.0000
v 126500.0000 4736.1933 4200.0000
v 126500.0000 4144.1691 4200.0000
v 126500.0000 3552.1450 4200.0000
v 126500.0000 2960.1208 4200.0000
v 126500.0000 2368.0967 4200.0000
v 126500.0000 1776.0725 4200.0000
v 126500.0000 1184.0483 4200.0000
v 126500.0000 592.0242 4200.0000
v 126500.0000 0.0000 4200.0000
v 126500.0000 -592.0242 4200.0000
v 126500.0000 -1184.0483 4200.0000
v 126500.0000 -1776.0725 4200.0000
v 126500.0000 -2368.0967 4200.0000
v 126500.0000 -2960.1208 4200.0000
v 126500.0000 -3552.1450 4200.0000
v 126500.0000 -4144.1691 4200.0000
v 126500.0000 -4736.1933 4200.0000
v 126500.0000 -5328.2175 4200.0000
v 126500.0000 -5920.2416 4200.0000
v 126500.0000 -5835.4839 4019.9256
v 126500.0000 -5743.6643 3843.7246
v 126500.0000 -5644.8597 3671.4839
v 126500.0000 -5539.1253 3503.2970
v 126500.0000 -5426.4947 3339.2638
v 126500.0000 -5306.9784 3179.4925
v 126500.0000 -5180.5617 3024.0999
v 126500.0000 -5047.2024 2873.2130
v 126500.0000 -4906.8268 2726.9706
v 126500.0000 -4759.3253 2585.5252
v 126500.0000 -4604.5447 2449.0455
v 126500.0000 -4442.2798 2317.7190
v 126500.0000 -4272.2604 2191.7566
v 126500.0000 -4094.1329 2071.3973
v 126500.0000 -3907.4342 1956.9151
v 126500.0000 -3711.5527 1848.6290
v 126500.0000 -3505.6671 1746.9160
v 126500.0000 -3288.6470 1652.2322
v 126500.0000 -3058.8795 1565.1443
v 126500.0000 -2813.9394 1486.3838
v 126500.0000 -2549.8836 1416.9471
v 126500.0000 -2259.4306 1358.3108
v 126500.0000 -1925.4135 1313.0302
v 126500.0000 -1432.6933 1288.2654
v 127000.0000 0.0000 1351.3841
v 127000.0000 1332.5718 1351.3841
v 127000.0000 1817.5085 1375.6121
v 127000.0000 2146.2717 1419.9112
v 127000.0000 2432.1841 1477.2763
v 127000.0000 2692.1443 1545.2079
v 127000.0000 2933.3209 1622.2611
v 127000.0000 3159.5971 1707.4611
v 127000.0000 3373.3617 1800.0924
v 127000.0000 3576.2042 1899.6005
v 127000.0000 3769.2391 2005.5393
v 127000.0000 3953.2768 2117.5398
v 127000.0000 4128.9212 2235.2901
v 127000.0000 4296.6303 2358.5219
v 127000.0000 4456.7541 2487.0016
v 127000.0000 4609.5612 2620.5228
v 127000.0000 4755.2559 2758.9020
v 127000.0000 4893.9914 2901.9742
v 127000.0000 5025.8787 3049.5903
v 127000.0000 5150.9930 3201.6144
v 127000.0000 5269.3793 3357.9223
v 127000.0000 5381.0554 3518.3996
v 127000.0000 5486.0149 3682.9408
v 127000.0000 5584.2288 3851.4477
v 127000.0000 5675.6471 4023.8292
v 127000.0000 5760.1994 4200.0000
v 127000.0000 5184.1794 4200.0000
v 127000.0000 4608.1595 4200.0000
v 127000.0000 4032.1395 4200.0000
v 127000.0000 3456.1196 4200.0000
v 127000.0000 2880.0997 4200.0000
v 127000.0000 2304.0797 4200.0000
v 127000.0000 1728.0598 4200.0000
v 127000.0000 1152.0399 4200.0000
v 127000.0000 576.0199 4200.0000
v 127000.0000 0.0000 4200.0000
v 127000.0000 -576.0199 4200.0000
v 127000.0000 -1152.0399 4200.0000
v 127000.0000 -1728.0598 4200.0000
v 127000.0000 -2304.0797 4200.0000
v 127000.0000 -2880.0997 4200.0000
v 127000.0000 -3456.1196 4200.0000
v 127000.0000 -4032.1395 4200.0000
v 127000.0000 -4608.1595 4200.0000
v 127000.0000 -5184.1794 4200.0000
v 127000.0000 -5760.1994 4200.0000
v 127000.0000 -5675.6471 4023.8292
v 127000.0000 -5584.2288 3851.4477
v 127000.0000 -5486.0149 3682.9408
v 127000.0000 -5381.0554 3518.3996
v 127000.0000 -5269.3793 3357.9223
v 127000.0000 -5150.9930 3201.6144
v 127000.0000 -5025.8787 3049.5903
v 127000.0000 -4893.9914 2901.9742
v 127000.0000 -4755.2559 2758.9020
v 127000.0000 -4609.5612 2620.5228
v 127000.0000 -4456.7541 2487.0016
v 127000.0000 -4296.6303 2358.5219
v 127000.0000 -4128.9212 2235.2901
v 127000.0000 -3953.2768 2117.5398
v 127000.0000 -3769.2391 2005.5393
v 127000.0000 -3576.2042 1899.6005
v 127000.0000 -3373.3617 1800.0924
v 127000.0000 -3159.5971 1707.4611
v 127000.0000 -2933.3209 1622.2611
v 127000.0000 -2692.1443 1545.2079
v 127000.0000 -2432.1841 1477.2763
v 127000.0000 -2146.2717 1419.9112
v 127000.0000 -1817.5085 1375.6121
v 127000.0000 -1332.5718 1351.3841
v 127500.0000 0.0000 1416.7064
v 127500.0000 1234.4786 1416.7064
v 127500.0000 1710.7361 1440.3788
v 127500.0000 2033.6340 1483.6620
v 127500.0000 2314.4690 1539.7117
v 127500.0000 2569.8395 1606.0855
v 127500.0000 2806.7878 1681.3718
v 127500.0000 3029.1294 1764.6181
v 127500.0000 3239.2120 1855.1252
v 127500.0000 3438.5983 1952.3515
v 127500.0000 3628.3846 2055.8610
v 127500.0000 3809.3683 2165.2932
v 127500.0000 3982.1444 2280.3433
v 127500.0000 4147.1642 2400.7493
v 127500.0000 4304.7736 2526.2827
v 127500.0000 4455.2380 2656.7422
v 127500.0000 4598.7602 2791.9481
v 127500.0000 4735.4928 2931.7395
v 127500.0000 4865.5471 3075.9706
v 127500.0000 4988.9995 3224.5086
v 127500.0000 5105.8967 3377.2322
v 127500.0000 5216.2592 3534.0296
v 127500.0000 5320.0835 3694.7976
v 127500.0000 5417.3448 3859.4404
v 127500.0000 5507.9976 4027.8690
v 127500.0000 5591.9768 4200.0000
v 127500.0000 5032.7791 4200.0000
v 127500.0000 4473.5815 4200.0000
v 127500.0000 3914.3838 4200.0000
v 127500.0000 3355.1861 4200.0000
v 127500.0000 2795.9884 4200.0000
v 127500.0000 2236.7907 4200.0000
v 127500.0000 1677.5930 4200.0000
v 127500.0000 1118.3954 4200.0000
v 127500.0000 559.1977 4200.0000
v 127500.0000 0.0000 4200.0000
v 127500.0000 -559.1977 4200.0000
v 127500.0000 -1118.3954 4200.0000
v 127500.0000 -1677.5930 4200.0000
v 127500.0000 -2236.7907 4200.0000
v 127500.0000 -2795.9884 4200.0000
v 127500.0000 -3355.1861 4200.0000
v 127500.0000 -3914.3838 4200.0000
v 127500.0000 -4473.5815 4200.0000
v 127500.0000 -5032.7791 4200.0000
v 127500.0000 -5591.9768 4200.0000
v 127500.0000 -5507.9976 4027.8690
v 127500.0000 -5417.3448 3859.4404
v 127500.0000 -5320.0835 3694.7976
v 127500.0000 -5216.2592 3534.0296
v 127500.0000 -5105.8967 3377.2322
v 127500.0000 -4988.9995 3224.5086
v 127500.0000 -4865.5471 3075.9706
v 127500.0000 -4735.4928 2931.7395
v 127500.0000 -4598.7602 2791.9481
v 127500.0000 -4455.2380 2656.7422
v 127500.0000 -4304.7736 2526.2827
v 127500.0000 -4147.1642 2400.7493
v 127500.0000 -3982.1444 2280.3433
v 127500.0000 -3809.3683 2165.2932
v 127500.0000 -3628.3846 2055.8610
v 127500.0000 -3438.5983 1952.3515
v 127500.0000 -3239.2120 1855.1252
v 127500.0000 -3029.1294 1764.6181
v 127500.0000 -2806.7878 1681.3718
v 127500.0000 -2569.8395 1606.0855
v 127500.0000 -2314.4690 1539.7117
v 127500.0000 -2033.6340 1483.6620
v 127500.0000 -1710.7361 1440.3788
v 127500.0000 -1234.4786 1416.7064
v 128000.0000 0.0000 1483.6748
v 128000.0000 1138.7452 1483.6748
v 128000.0000 1605.5334 1506.7776
v 128000.0000 1922.0262 1549.0194
v 128000.0000 2197.3095 1603.7205
v 128000.0000 2447.6532 1668.4973
v 128000.0000 2679.9615 1741.9721
v 128000.0000 2897.9752 1823.2154
v 128000.0000 3103.9968 1911.5449
v 128000.0000 3299.5592 2006.4318
v 128000.0000 3485.7383 2107.4508
v 128000.0000 3663.3170 2214.2500
v 128000.0000 3832.8798 2326.5319
v 128000.0000 3994.8704 2444.0408
v 128000.0000 4149.6293 2566.5538
v 128000.0000 4297.4182 2693.8743
v 128000.0000 4438.4375 2825.8271
v 128000.0000 4572.8385 2962.2550
v 128000.0000 4700.7319 3103.0157
v 128000.0000 4822.1948 3247.9798
v 128000.0000 4937.2751 3397.0287
v 128000.0000 5045.9948 3550.0534
v 128000.0000 5148.3534 3706.9532
v 128000.0000 5244.3290 3867.6346
v 128000.0000 5333.8800 4032.0106
v 128000.0000 5416.9458 4200.0000
v 128000.0000 4875.2512 4200.0000
v 128000.0000 4333.5566 4200.0000
v 128000.0000 3791.8620 4200.0000
v 128000.0000 3250.1675 4200.0000
v 128000.0000 2708.4729 4200.0000
v 128000.0000 2166.7783 4200.0000
v 128000.0000 1625.0837 4200.0000
v 128000.0000 1083.3892 4200.0000
v 128000.0000 541.6946 4200.0000
v 128000.0000 0.0000 4200.0000
v 128000.0000 -541.6946 4200.0000
v 128000.0000 -1083.3892 4200.0000
v 128000.0000 -1625.0837 4200.0000
v 128000.0000 -2166.7783 4200.0000
v 128000.0000 -2708.4729 4200.0000
v 128000.0000 -3250.1675 4200.0000
v 128000.0000 -3791.8620 4200.0000
v 128000.0000 -4333.5566 4200.0000
v 128000.0000 -4875.2512 4200.0000
v 128000.0000 -5416.9458 4200.0000
v 128000.0000 -5333.8800 4032.0106
v 128000.0000 -5244.3290 3867.6346
v 128000.0000 -5148.3534 3706.9532
v 128000.0000 -5045.9948 3550.0534
v 128000.0000 -4937.2751 3397.0287
v 128000.0000 -4822.1948 3247.9798
v 128000.0000 -4700.7319 3103.0157
v 128000.0000 -4572.8385 2962.2550
v 128000.0000 -4438.4375 2825.8271
v 128000.0000 -4297.4182 2693.8743
v 128000.0000 -4149.6293 2566.5538
v 128000.0000 -3994.8704 2444.0408
v 128000.0000 -3832.8798 2326.5319
v 128000.0000 -3663.3170 2214.2500
v 128000.0000 -3485.7383 2107.4508
v 128000.0000 -3299.5592 2006.4318
v 128000.0000 -3103.9968 1911.5449
v 128000.0000 -2897.9752 1823.2154
v 128000.0000 -2679.9615 1741.9721
v 128000.0000 -2447.6532 1668.4973
v 128000.0000 -2197.3095 1603.7205
v 128000.0000 -1922.0262 1549.0194
v 128000.0000 -1605.5334 1506.7776
v 128000.0000 -1138.7452 1483.6748
v 128500.0000 0.0000 1551.7320
v 128500.0000 1045.7036 1551.7320
v 128500.0000 1502.3435 1574.2559
v 128500.0000 1811.9673 1615.4394
v 128500.0000 2081.2905 1668.7700
v 128500.0000 2326.2308 1731.9238
v 128500.0000 2553.5434 1803.5577
v 128500.0000 2766.8890 1882.7655
v 128500.0000 2968.5211 1968.8819
v 128500.0000 3159.9403 2061.3914
v 128500.0000 3342.2000 2159.8793
v 128500.0000 3516.0672 2264.0027
v 128500.0000 3682.1147 2373.4714
v 128500.0000 3840.7777 2488.0361
v 128500.0000 3992.3904 2607.4796
v 128500.0000 4137.2099 2731.6100
v 128500.0000 4275.4336 2860.2568
v 128500.0000 4407.2107 2993.2665
v 128500.0000 4532.6511 3130.5005
v 128500.0000 4651.8315 3271.8325
v 128500.0000 4764.8005 3417.1470
v 128500.0000 4871.5813 3566.3377
v 128500.0000 4972.1753 3719.3064
v 128500.0000 5066.5631 3875.9619
v 128500.0000 5154.7063 4036.2195
v 128500.0000 5236.5479 4200.0000
v 128500.0000 4712.8931 4200.0000
v 128500.0000 4189.2383 4200.0000
v 128500.0000 3665.5835 4200.0000
v 128500.0000 3141.9287 4200.0000
v 128500.0000 2618.2739 4200.0000
v 128500.0000 2094.6192 4200.0000
v 128500.0000 1570.9644 4200.0000
v 128500.0000 1047.3096 4200.0000
v 128500.0000 523.6548 4200.0000
v 128500.0000 0.0000 4200.0000
v 128500.0000 -523.6548 4200.0000
v 128500.0000 -1047.3096 4200.0000
v 128500.0000 -1570.9644 4200.0000
v 128500.0000 -2094.6192 4200.0000
v 128500.0000 -2618.2739 4200.0000
v 128500.0000 -3141.9287 4200.0000
v 128500.0000 -3665.5835 4200.0000
v 128500.0000 -4189.2383 4200.0000
v 128500.0000 -4712.8931 4200.0000
v 128500.0000 -5236.5479 4200.0000
v 128500.0000 -5154.7063 4036.2195
v 128500.0000 -5066.5631 3875.9619
v 128500.0000 -4972.1753 3719.3064
v 128500.0000 -4871.5813 3566.3377
v 128500.0000 -4764.8005 3417.1470
v 128500.0000 -4651.8315 3271.8325
v 128500.0000 -4532.6511 3130.5005
v 128500.0000 -4407.2107 2993.2665
v 128500.0000 -4275.4336 2860.2568
v 128500.0000 -4137.2099 2731.6100
v 128500.0000 -3992.3904 2607.4796
v 128500.0000 -3840.7777 2488.0361
v 128500.0000 -3682.1147 2373.4714
v 128500.0000 -3516.0672 2264.0027
v 128500.0000 -3342.2000 2159.8793
v 128500.0000 -3159.9403 2061.3914
v 128500.0000 -2968.5211 1968.8819
v 128500.0000 -2766.8890 1882.7655
v 128500.0000 -2553.5434 1803.5577
v 128500.0000 -2326.2308 1731.9238
v 128500.0000 -2081.2905 1668.7700
v 128500.0000 -1811.9673 1615.4394
v 128500.0000 -1502.3435 1574.2559
v 128500.0000 -1045.7036 1551.7320
v 128575.0000 0.0000 1562.0000
v 128575.0000 1032.0000 1562.0000
v 128575.0000 1487.0664 1584.4366
v 128575.0000 1795.6248 1625.4604
v 128575.0000 2064.0230 1678.5842
v 128575.0000 2308.1243 1741.4932
v 128575.0000 2534.6606 1812.8493
v 128575.0000 2747.2801 1891.7500
v 128575.0000 2948.2287 1977.5325
v 128575.0000 3139.0021 2069.6833
v 128575.0000 3320.6500 2167.7894
v 128575.0000 3493.9369 2271.5090
v 128575.0000 3659.4339 2380.5533
v 128575.0000 3817.5748 2494.6738
v 128575.0000 3968.6927 2613.6542
v 128575.0000 4113.0440 2737.3034
v 128575.0000 4250.8256 2865.4513
v 128575.0000 4382.1864 2997.9453
v 128575.0000 4507.2360 3134.6472
v 128575.0000 4626.0511 3275.4313
v 128575.0000 4738.6802 3420.1823
v 128575.0000 4845.1468 3568.7946
v 128575.0000 4945.4525 3721.1702
v 128575.0000 5039.5782 3877.2183
v 128575.0000 5127.4858 4036.8546
v 128575.0000 5209.1190 4200.0000
v 128575.0000 4688.2071 4200.0000
v 128575.0000 4167.2952 4200.0000
v 128575.0000 3646.3833 4200.0000
v 128575.0000 3125.4714 4200.0000
v 128575.0000 2604.5595 4200.0000
v 128575.0000 2083.6476 4200.0000
v 128575.0000 1562.7357 4200.0000
v 128575.0000 1041.8238 4200.0000
v 128575.0000 520.9119 4200.0000
v 128575.0000 0.0000 4200.0000
v 128575.0000 -520.9119 4200.0000
v 128575.0000 -1041.8238 4200.0000
v 128575.0000 -1562.7357 4200.0000
v 128575.0000 -2083.6476 4200.0000
v 128575.0000 -2604.5595 4200.0000
v 128575.0000 -3125.4714 4200.0000
v 128575.0000 -3646.3833 4200.0000
v 128575.0000 -4167.2952 4200.0000
v 128575.0000 -4688.2071 4200.0000
v 128575.0000 -5209.1190 4200.0000
v 128575.0000 -5127.4858 4036.8546
v 128575.0000 -5039.5782 3877.2183
v 128575.0000 -4945.4525 3721.1702
v 128575.0000 -4845.1468 3568.7946
v 128575.0000 -4738.6802 3420.1823
v 128575.0000 -4626.0511 3275.4313
v 128575.0000 -4507.2360 3134.6472
v 128575.0000 -4382.1864 2997.9453
v 128575.0000 -4250.8256 2865.4513
v 128575.0000 -4113.0440 2737.3034
v 128575.0000 -3968.6927 2613.6542
v 128575.0000 -3817.5748 2494.6738
v 128575.0000 -3659.4339 2380.5533
v 128575.0000 -3493.9369 2271.5090
v 128575.0000 -3320.6500 2167.7894
v 128575.0000 -3139.0021 2069.6833
v 128575.0000 -2948.2287 1977.5325
v 128575.0000 -2747.2801 1891.7500
v 128575.0000 -2534.6606 1812.8493
v 128575.0000 -2308.1243 1741.4932
v 128575.0000 -2064.0230 1678.5842
v 128575.0000 -1795.6248 1625.4604
v 128575.0000 -1487.0664 1584.4366
v 128575.0000 -1032.0000 1562.0000
v 129000.0000 0.0000 1621.5832
v 129000.0000 953.6775 1621.5832
v 129000.0000 1399.5366 1643.5131
v 129000.0000 1701.8599 1683.6103
v 129000.0000 1964.8447 1735.5342
v 129000.0000 2204.0340 1797.0222
v 129000.0000 2426.0244 1866.7667
v 129000.0000 2634.3913 1943.8853
v 129000.0000 2831.3356 2027.7303
v 129000.0000 3018.3235 2117.7997
v 129000.0000 3196.3843 2213.6900
v 129000.0000 3366.2676 2315.0669
v 129000.0000 3528.5336 2421.6482
v 129000.0000 3683.6082 2533.1912
v 129000.0000 3831.8184 2649.4842
v 129000.0000 3973.4165 2770.3406
v 129000.0000 4108.5959 2895.5941
v 129000.0000 4237.5036 3025.0955
v 129000.0000 4360.2478 3158.7098
v 129000.0000 4476.9048 3296.3140
v 129000.0000 4587.5232 3437.7957
v 129000.0000 4692.1272 3583.0513
v 129000.0000 4790.7195 3731.9853
v 129000.0000 4883.2829 3884.5088
v 129000.0000 4969.7816 4040.5395
v 129000.0000 5050.1621 4200.0000
v 129000.0000 4545.1459 4200.0000
v 129000.0000 4040.1297 4200.0000
v 129000.0000 3535.1135 4200.0000
v 129000.0000 3030.0973 4200.0000
v 129000.0000 2525.0810 4200.0000
v 129000.0000 2020.0648 4200.0000
v 129000.0000 1515.0486 4200.0000
v 129000.0000 1010.0324 4200.0000
v 129000.0000 505.0162 4200.0000
v 129000.0000 0.0000 4200.0000
v 129000.0000 -505.0162 4200.0000
v 129000.0000 -1010.0324 4200.0000
v 129000.0000 -1515.0486 4200.0000
v 129000.0000 -2020.0648 4200.0000
v 129000.0000 -2525.0810 4200.0000
v 129000.0000 -3030.0973 4200.0000
v 129000.0000 -3535.1135 4200.0000
v 129000.0000 -4040.1297 4200.0000
v 129000.0000 -4545.1459 4200.0000
v 129000.0000 -5050.1621 4200.0000
v 129000.0000 -4969.7816 4040.5395
v 129000.0000 -4883.2829 3884.5088
v 129000.0000 -4790.7195 3731.9853
v 129000.0000 -4692.1272 3583.0513
v 129000.0000 -4587.5232 3437.7957
v 129000.0000 -4476.9048 3296.3140
v 129000.0000 -4360.2478 3158.7098
v 129000.0000 -4237.5036 3025.0955
v 129000.0000 -4108.5959 2895.5941
v 129000.0000 -3973.4165 2770.3406
v 129000.0000 -3831.8184 2649.4842
v 129000.0000 -3683.6082 2533.1912
v 129000.0000 -3528.5336 2421.6482
v 129000.0000 -3366.2676 2315.0669
v 129000.0000 -3196.3843 2213.6900
v 129000.0000 -3018.3235 2117.7997
v 129000.0000 -2831.3356 2027.7303
v 129000.0000 -2634.3913 1943.8853
v 129000.0000 -2426.0244 1866.7667
v 129000.0000 -2204.0340 1797.0222
v 129000.0000 -1964.8447 1735.5342
v 129000.0000 -1701.8599 1683.6103
v 129000.0000 -1399.5366 1643.5131
v 129000.0000 -953.6775 1621.5832
v 129500.0000 0.0000 1694.7129
v 129500.0000 860.5426 1694.7129
v 129500.0000 1294.8108 1716.0208
v 129500.0000 1589.2825 1754.9807
v 129500.0000 1845.4472 1805.4320
v 129500.0000 2078.4447 1865.1761
v 129500.0000 2294.7011 1932.9424
v 129500.0000 2497.6994 2007.8738
v 129500.0000 2689.5840 2089.3407
v 129500.0000 2871.7838 2176.8556
v 129500.0000 3045.3019 2270.0262
v 129500.0000 3210.8692 2368.5278
v 129500.0000 3369.0320 2472.0863
v 129500.0000 3520.2058 2580.4656
v 129500.0000 3664.7100 2693.4603
v 129500.0000 3802.7908 2810.8889
v 129500.0000 3934.6378 2932.5900
v 129500.0000 4060.3947 3058.4185
v 129500.0000 4180.1681 3188.2431
v 129500.0000 4294.0332 3321.9446
v 129500.0000 4402.0383 3459.4135
v 129500.0000 4504.2083 3600.5494
v 129500.0000 4600.5470 3745.2592
v 129500.0000 4691.0389 3893.4569
v 129500.0000 4775.6508 4045.0621
v 129500.0000 4854.3319 4200.0000
v 129500.0000 4368.8987 4200.0000
v 129500.0000 3883.4655 4200.0000
v 129500.0000 3398.0324 4200.0000
v 129500.0000 2912.5992 4200.0000
v 129500.0000 2427.1660 4200.0000
v 129500.0000 1941.7328 4200.0000
v 129500.0000 1456.2996 4200.0000
v 129500.0000 970.8664 4200.0000
v 129500.0000 485.4332 4200.0000
v 129500.0000 0.0000 4200.0000
v 129500.0000 -485.4332 4200.0000
v 129500.0000 -970.8664 4200.0000
v 129500.0000 -1456.2996 4200.0000
v 129500.0000 -1941.7328 4200.0000
v 129500.0000 -2427.1660 4200.0000
v 129500.0000 -2912.5992 4200.0000
v 129500.0000 -3398.0324 4200.0000
v 129500.0000 -3883.4655 4200.0000
v 129500.0000 -4368.8987 4200.0000
v 129500.0000 -4854.3319 4200.0000
v 129500.0000 -4775.6508 4045.0621
v 129500.0000 -4691.0389 3893.4569
v 129500.0000 -4600.5470 3745.2592
v 129500.0000 -4504.2083 3600.5494
v 129500.0000 -4402.0383 3459.4135
v 129500.0000 -4294.0332 3321.9446
v 129500.0000 -4180.1681 3188.2431
v 129500.0000 -4060.3947 3058.4185
v 129500.0000 -3934.6378 2932.5900
v 129500.0000 -3802.7908 2810.8889
v 129500.0000 -3664.7100 2693.4603
v 129500.0000 -3520.2058 2580.4656
v 129500.0000 -3369.0320 2472.0863
v 129500.0000 -3210.8692 2368.5278
v 129500.0000 -3045.3019 2270.0262
v 129500.0000 -2871.7838 2176.8556
v 129500.0000 -2689.5840 2089.3407
v 129500.0000 -2497.6994 2007.8738
v 129500.0000 -2294.7011 1932.9424
v 129500.0000 -2078.4447 1865.1761
v 129500.0000 -1845.4472 1805.4320
v 129500.0000 -1589.2825 1754.9807
v 129500.0000 -1294.8108 1716.0208
v 129500.0000 -860.5426 1694.7129
v 130000.0000 0.0000 1770.3383
v 130000.0000 768.3692 1770.3383
v 130000.0000 1190.0572 1791.0030
v 130000.0000 1476.0024 1828.7869
v 130000.0000 1724.7546 1877.7152
v 130000.0000 1951.0156 1935.6558
v 130000.0000 2161.0258 2001.3766
v 130000.0000 2358.1675 2074.0460
v 130000.0000 2544.5236 2153.0538
v 130000.0000 2721.4817 2237.9269
v 130000.0000 2890.0163 2328.2850
v 130000.0000 3050.8374 2423.8132
v 130000.0000 3204.4759 2524.2456
v 130000.0000 3351.3356 2629.3534
v 130000.0000 3491.7269 2738.9372
v 130000.0000 3625.8896 2852.8211
v 130000.0000 3754.0078 2970.8484
v 130000.0000 3876.2217 3092.8786
v 130000.0000 3992.6353 3218.7844
v 130000.0000 4103.3219 3348.4499
v 130000.0000 4208.3292 3481.7691
v 130000.0000 4307.6817 3618.6446
v 130000.0000 4401.3839 3758.9862
v 130000.0000 4489.4214 3902.7103
v 130000.0000 4571.7626 4049.7391
v 130000.0000 4648.3591 4200.0000
v 130000.0000 4183.5232 4200.0000
v 130000.0000 3718.6873 4200.0000
v 130000.0000 3253.8514 4200.0000
v 130000.0000 2789.0154 4200.0000
v 130000.0000 2324.1795 4200.0000
v 130000.0000 1859.3436 4200.0000
v 130000.0000 1394.5077 4200.0000
v 130000.0000 929.6718 4200.0000
v 130000.0000 464.8359 4200.0000
v 130000.0000 0.0000 4200.0000
v 130000.0000 -464.8359 4200.0000
v 130000.0000 -929.6718 4200.0000
v 130000.0000 -1394.5077 4200.0000
v 130000.0000 -1859.3436 4200.0000
v 130000.0000 -2324.1795 4200.0000
v 130000.0000 -2789.0154 4200.0000
v 130000.0000 -3253.8514 4200.0000
v 130000.0000 -3718.6873 4200.0000
v 130000.0000 -4183.5232 4200.0000
v 130000.0000 -4648.3591 4200.0000
v 130000.0000 -4571.7626 4049.7391
v 130000.0000 -4489.4214 3902.7103
v 130000.0000 -4401.3839 3758.9862
v 130000.0000 -4307.6817 3618.6446
v 130000.0000 -4208.3292 3481.7691
v 130000.0000 -4103.3219 3348.4499
v 130000.0000 -3992.6353 3218.7844
v 130000.0000 -3876.2217 3092.8786
v 130000.0000 -3754.0078 2970.8484
v 130000.0000 -3625.8896 2852.8211
v 130000.0000 -3491.7269 2738.9372
v 130000.0000 -3351.3356 2629.3534
v 130000.0000 -3204.4759 2524.2456
v 130000.0000 -3050.8374 2423.8132
v 130000.0000 -2890.0163 2328.2850
v 130000.0000 -2721.4817 2237.9269
v 130000.0000 -2544.5236 2153.0538
v 130000.0000 -2358.1675 2074.0460
v 130000.0000 -2161.0258 2001.3766
v 130000.0000 -1951.0156 1935.6558
v 130000.0000 -1724.7546 1877.7152
v 130000.0000 -1476.0024 1828.7869
v 130000.0000 -1190.0572 1791.0030
v 130000.0000 -768.3692 1770.3383
v 130500.0000 0.0000 1847.6365
v 130500.0000 679.2971 1847.6365
v 130500.0000 1087.2428 1867.6437
v 130500.0000 1363.8669 1904.2256
v 130500.0000 1604.5074 1951.5972
v 130500.0000 1823.3867 2007.6945
v 130500.0000 2026.5415 2071.3244
v 130500.0000 2217.2437 2141.6819
v 130500.0000 2397.5081 2218.1761
v 130500.0000 2568.6768 2300.3490
v 130500.0000 2731.6925 2387.8324
v 130500.0000 2887.2417 2480.3215
v 130500.0000 3035.8378 2577.5587
v 130500.0000 3177.8713 2679.3226
v 130500.0000 3313.6422 2785.4200
v 130500.0000 3443.3822 2895.6807
v 130500.0000 3567.2692 3009.9531
v 130500.0000 3685.4386 3128.1010
v 130500.0000 3797.9907 3250.0011
v 130500.0000 3904.9961 3375.5414
v 130500.0000 4006.5005 3504.6192
v 130500.0000 4102.5275 3637.1400
v 130500.0000 4193.0808 3773.0167
v 130500.0000 4278.1463 3912.1684
v 130500.0000 4357.6928 4054.5196
v 130500.0000 4431.6730 4200.0000
v 130500.0000 3988.5057 4200.0000
v 130500.0000 3545.3384 4200.0000
v 130500.0000 3102.1711 4200.0000
v 130500.0000 2659.0038 4200.0000
v 130500.0000 2215.8365 4200.0000
v 130500.0000 1772.6692 4200.0000
v 130500.0000 1329.5019 4200.0000
v 130500.0000 886.3346 4200.0000
v 130500.0000 443.1673 4200.0000
v 130500.0000 0.0000 4200.0000
v 130500.0000 -443.1673 4200.0000
v 130500.0000 -886.3346 4200.0000
v 130500.0000 -1329.5019 4200.0000
v 130500.0000 -1772.6692 4200.0000
v 130500.0000 -2215.8365 4200.0000
v 130500.0000 -2659.0038 4200.0000
v 130500.0000 -3102.1711 4200.0000
v 130500.0000 -3545.3384 4200.0000
v 130500.0000 -3988.5057 4200.0000
v 130500.0000 -4431.6730 4200.0000
v 130500.0000 -4357.6928 4054.5196
v 130500.0000 -4278.1463 3912.1684
v 130500.0000 -4193.0808 3773.0167
v 130500.0000 -4102.5275 3637.1400
v 130500.0000 -4006.5005 3504.6192
v 130500.0000 -3904.9961 3375.5414
v 130500.0000 -3797.9907 3250.0011
v 130500.0000 -3685.4386 3128.1010
v 130500.0000 -3567.2692 3009.9531
v 130500.0000 -3443.3822 2895.6807
v 130500.0000 -3313.6422 2785.4200
v 130500.0000 -3177.8713 2679.3226
v 130500.0000 -3035.8378 2577.5587
v 130500.0000 -2887.2417 2480.3215
v 130500.0000 -2731.6925 2387.8324
v 130500.0000 -2568.6768 2300.3490
v 130500.0000 -2397.5081 2218.1761
v 130500.0000 -2217.2437 2141.6819
v 130500.0000 -2026.5415 2071.3244
v 130500.0000 -1823.3867 2007.6945
v 130500.0000 -1604.5074 1951.5972
v 130500.0000 -1363.8669 1904.2256
v 130500.0000 -1087.2428 1867.6437
v 130500.0000 -679.2971 1847.6365
v 130980.0000 0.0000 1922.6525
v 130980.0000 598.6920 1922.6525
v 130980.0000 992.1963 1942.0218
v 130980.0000 1259.0172 1977.4370
v 130980.0000 1491.1165 2023.2980
v 130980.0000 1702.2117 2077.6064
v 130980.0000 1898.1247 2139.2071
v 130980.0000 2082.0107 2207.3210
v 130980.0000 2255.8121 2281.3757
v 130980.0000 2420.8227 2360.9282
v 130980.0000 2577.9506 2445.6218
v 130980.0000 2727.8575 2535.1615
v 130980.0000 2871.0373 2629.2978
v 130980.0000 3007.8659 2727.8164
v 130980.0000 3138.6316 2830.5305
v 130980.0000 3263.5567 2937.2750
v 130980.0000 3382.8121 3047.9033
v 130980.0000 3496.5268 3162.2835
v 130980.0000 3604.7964 3280.2963
v 130980.0000 3707.6878 3401.8331
v 130980.0000 3805.2435 3526.7946
v 130980.0000 3897.4847 3655.0894
v 130980.0000 3984.4134 3786.6331
v 130980.0000 4066.0140 3921.3472
v 130980.0000 4142.2546 4059.1589
v 130980.0000 4213.0873 4200.0000
v 130980.0000 3791.7786 4200.0000
v 130980.0000 3370.4698 4200.0000
v 130980.0000 2949.1611 4200.0000
v 130980.0000 2527.8524 4200.0000
v 130980.0000 2106.5437 4200.0000
v 130980.0000 1685.2349 4200.0000
v 130980.0000 1263.9262 4200.0000
v 130980.0000 842.6175 4200.0000
v 130980.0000 421.3087 4200.0000
v 130980.0000 0.0000 4200.0000
v 130980.0000 -421.3087 4200.0000
v 130980.0000 -842.6175 4200.0000
v 130980.0000 -1263.9262 4200.0000
v 130980.0000 -1685.2349 4200.0000
v 130980.0000 -2106.5437 4200.0000
v 130980.0000 -2527.8524 4200.0000
v 130980.0000 -2949.1611 4200.0000
v 130980.0000 -3370.4698 4200.0000
v 130980.0000 -3791.7786 4200.0000
v 130980.0000 -4213.0873 4200.0000
v 130980.0000 -4142.2546 4059.1589
v 130980.0000 -4066.0140 3921.3472
v 130980.0000 -3984.4134 3786.6331
v 130980.0000 -3897.4847 3655.0894
v 130980.0000 -3805.2435 3526.7946
v 130980.0000 -3707.6878 3401.8331
v 130980.0000 -3604.7964 3280.2963
v 130980.0000 -3496.5268 3162.2835
v 130980.0000 -3382.8121 3047.9033
v 130980.0000 -3263.5567 2937.2750
v 130980.0000 -3138.6316 2830.5305
v 130980.0000 -3007.8659 2727.8164
v 130980.0000 -2871.0373 2629.2978
v 130980.0000 -2727.8575 2535.1615
v 130980.0000 -2577.9506 2445.6218
v 130980.0000 -2420.8227 2360.9282
v 130980.0000 -2255.8121 2281.3757
v 130980.0000 -2082.0107 2207.3210
v 130980.0000 -1898.1247 2139.2071
v 130980.0000 -1702.2117 2077.6064
v 130980.0000 -1491.1165 2023.2980
v 130980.0000 -1259.0172 1977.4370
v 130980.0000 -992.1963 1942.0218
v 130980.0000 -598.6920 1922.6525
v 131000.0000 0.0000 1925.7844
v 131000.0000 595.4662 1925.7844
v 131000.0000 988.3401 1945.1270
v 131000.0000 1254.7328 1980.4936
v 131000.0000 1486.4588 2026.2915
v 131000.0000 1697.2136 2080.5252
v 131000.0000 1892.8096 2142.0412
v 131000.0000 2076.3969 2210.0614
v 131000.0000 2249.9148 2284.0143
v 131000.0000 2414.6547 2363.4574
v 131000.0000 2571.5236 2448.0345
v 131000.0000 2721.1818 2537.4510
v 131000.0000 2864.1224 2631.4579
v 131000.0000 3000.7207 2729.8411
v 131000.0000 3131.2644 2832.4138
v 131000.0000 3255.9755 2939.0116
v 131000.0000 3375.0243 3049.4877
v 131000.0000 3488.5398 3163.7106
v 131000.0000 3596.6173 3281.5611
v 131000.0000 3699.3233 3402.9308
v 131000.0000 3796.7004 3527.7205
v 131000.0000 3888.7696 3655.8388
v 131000.0000 3975.5328 3787.2016
v 131000.0000 4056.9742 3921.7304
v 131000.0000 4133.0618 4059.3526
v 131000.0000 4203.7479 4200.0000
v 131000.0000 3783.3731 4200.0000
v 131000.0000 3362.9983 4200.0000
v 131000.0000 2942.6235 4200.0000
v 131000.0000 2522.2487 4200.0000
v 131000.0000 2101.8740 4200.0000
v 131000.0000 1681.4992 4200.0000
v 131000.0000 1261.1244 4200.0000
v 131000.0000 840.7496 4200.0000
v 131000.0000 420.3748 4200.0000
v 131000.0000 0.0000 4200.0000
v 131000.0000 -420.3748 4200.0000
v 131000.0000 -840.7496 4200.0000
v 131000.0000 -1261.1244 4200.0000
v 131000.0000 -1681.4992 4200.0000
v 131000.0000 -2101.8740 4200.0000
v 131000.0000 -2522.2487 4200.0000
v 131000.0000 -2942.6235 4200.0000
v 131000.0000 -3362.9983 4200.0000
v 131000.0000 -3783.3731 4200.0000
v 131000.0000 -4203.7479 4200.0000
v 131000.0000 -4133.0618 4059.3526
v 131000.0000 -4056.9742 3921.7304
v 131000.0000 -3975.5328 3787.2016
v 131000.0000 -3888.7696 3655.8388
v 131000.0000 -3796.7004 3527.7205
v 131000.0000 -3699.3233 3402.9308
v 131000.0000 -3596.6173 3281.5611
v 131000.0000 -3488.5398 3163.7106
v 131000.0000 -3375.0243 3049.4877
v 131000.0000 -3255.9755 2939.0116
v 131000.0000 -3131.2644 2832.4138
v 131000.0000 -3000.7207 2729.8411
v 131000.0000 -2864.1224 2631.4579
v 131000.0000 -2721.1818 2537.4510
v 131000.0000 -2571.5236 2448.0345
v 131000.0000 -2414.6547 2363.4574
v 131000.0000 -2249.9148 2284.0143
v 131000.0000 -2076.3969 2210.0614
v 131000.0000 -1892.8096 2142.0412
v 131000.0000 -1697.2136 2080.5252
v 131000.0000 -1486.4588 2026.2915
v 131000.0000 -1254.7328 1980.4936
v 131000.0000 -988.3401 1945.1270
v 131000.0000 -595.4662 1925.7844
v 131020.0000 0.0000 1928.9164
v 131020.0000 592.2522 1928.9164
v 131020.0000 984.4933 1948.2323
v 131020.0000 1250.4562 1983.5502
v 131020.0000 1481.8075 2029.2850
v 131020.0000 1692.2205 2083.4440
v 131020.0000 1887.4983 2144.8754
v 131020.0000 2070.7856 2212.8018
v 131020.0000 2244.0187 2286.6529
v 131020.0000 2408.4869 2365.9866
v 131020.0000 2565.0956 2450.4473
v 131020.0000 2714.5039 2539.7406
v 131020.0000 2857.2043 2633.6180
v 131020.0000 2993.5711 2731.8657
v 131020.0000 3123.8917 2834.2972
v 131020.0000 3248.3876 2940.7482
v 131020.0000 3367.2288 3051.0722
v 131020.0000 3480.5439 3165.1377
v 131020.0000 3588.4280 3282.8259
v 131020.0000 3690.9476 3404.0285
v 131020.0000 3788.1449 3528.6463
v 131020.0000 3880.0409 3656.5882
v 131020.0000 3966.6372 3787.7701
v 131020.0000 4047.9182 3922.1137
v 131020.0000 4123.8516 4059.5463
v 131020.0000 4194.3897 4200.0000
v 131020.0000 3774.9507 4200.0000
v 131020.0000 3355.5118 4200.0000
v 131020.0000 2936.0728 4200.0000
v 131020.0000 2516.6338 4200.0000
v 131020.0000 2097.1948 4200.0000
v 131020.0000 1677.7559 4200.0000
v 131020.0000 1258.3169 4200.0000
v 131020.0000 838.8779 4200.0000
v 131020.0000 419.4390 4200.0000
v 131020.0000 0.0000 4200.0000
v 131020.0000 -419.4390 4200.0000
v 131020.0000 -838.8779 4200.0000
v 131020.0000 -1258.3169 4200.0000
v 131020.0000 -1677.7559 4200.0000
v 131020.0000 -2097.1948 4200.0000
v 131020.0000 -2516.6338 4200.0000
v 131020.0000 -2936.0728 4200.0000
v 131020.0000 -3355.5118 4200.0000
v 131020.0000 -3774.9507 4200.0000
v 131020.0000 -4194.3897 4200.0000
v 131020.0000 -4123.8516 4059.5463
v 131020.0000 -4047.9182 3922.1137
v 131020.0000 -3966.6372 3787.7701
v 131020.0000 -3880.0409 3656.5882
v 131020.0000 -3788.1449 3528.6463
v 131020.0000 -3690.9476 3404.0285
v 131020.0000 -3588.4280 3282.8259
v 131020.0000 -3480.5439 3165.1377
v 131020.0000 -3367.2288 3051.0722
v 131020.0000 -3248.3876 2940.7482
v 131020.0000 -3123.8917 2834.2972
v 131020.0000 -2993.5711 2731.8657
v 131020.0000 -2857.2043 2633.6180
v 131020.0000 -2714.5039 2539.7406
v 131020.0000 -2565.0956 2450.4473
v 131020.0000 -2408.4869 2365.9866
v 131020.0000 -2244.0187 2286.6529
v 131020.0000 -2070.7856 2212.8018
v 131020.0000 -1887.4983 2144.8754
v 131020.0000 -1692.2205 2083.4440
v 131020.0000 -1481.8075 2029.2850
v 131020.0000 -1250.4562 1983.5502
v 131020.0000 -984.4933 1948.2323
v 131020.0000 -592.2522 1928.9164
v 131500.0000 0.0000 2003.9591
v 131500.0000 519.0162 2003.9591
v 131500.0000 895.3259 2022.6369
v 131500.0000 1150.4642 2056.7877
v 131500.0000 1372.3716 2101.0114
v 131500.0000 1574.1635 2153.3808
v 131500.0000 1761.4049 2212.7823
v 131500.0000 1937.1109 2278.4643
v 131500.0000 2103.1368 2349.8751
v 131500.0000 2260.7178 2426.5874
v 131500.0000 2410.7205 2508.2572
v 131500.0000 2553.7752 2594.6001
v 131500.0000 2690.3525 2685.3755
v 131500.0000 2820.8094 2780.3768
v 131500.0000 2945.4195 2879.4237
v 131500.0000 3064.3931 2982.3573
v 131500.0000 3177.8907 3089.0359
v 131500.0000 3286.0334 3199.3324
v 131500.0000 3388.9097 3313.1318
v 131500.0000 3486.5804 3430.3295
v 131500.0000 3579.0831 3550.8296
v 131500.0000 3666.4344 3674.5440
v 131500.0000 3748.6324 3801.3913
v 131500.0000 3825.6583 3931.2958
v 131500.0000 3897.4767 4064.1872
v 131500.0000 3964.0372 4200.0000
v 131500.0000 3567.6334 4200.0000
v 131500.0000 3171.2297 4200.0000
v 131500.0000 2774.8260 4200.0000
v 131500.0000 2378.4223 4200.0000
v 131500.0000 1982.0186 4200.0000
v 131500.0000 1585.6149 4200.0000
v 131500.0000 1189.2111 4200.0000
v 131500.0000 792.8074 4200.0000
v 131500.0000 396.4037 4200.0000
v 131500.0000 0.0000 4200.0000
v 131500.0000 -396.4037 4200.0000
v 131500.0000 -792.8074 4200.0000
v 131500.0000 -1189.2111 4200.0000
v 131500.0000 -1585.6149 4200.0000
v 131500.0000 -1982.0186 4200.0000
v 131500.0000 -2378.4223 4200.0000
v 131500.0000 -2774.8260 4200.0000
v 131500.0000 -3171.2297 4200.0000
v 131500.0000 -3567.6334 4200.0000
v 131500.0000 -3964.0372 4200.0000
v 131500.0000 -3897.4767 4064.1872
v 131500.0000 -3825.6583 3931.2958
v 131500.0000 -3748.6324 3801.3913
v 131500.0000 -3666.4344 3674.5440
v 131500.0000 -3579.0831 3550.8296
v 131500.0000 -3486.5804 3430.3295
v 131500.0000 -3388.9097 3313.1318
v 131500.0000 -3286.0334 3199.3324
v 131500.0000 -3177.8907 3089.0359
v 131500.0000 -3064.3931 2982.3573
v 131500.0000 -2945.4195 2879.4237
v 131500.0000 -2820.8094 2780.3768
v 131500.0000 -2690.3525 2685.3755
v 131500.0000 -2553.7752 2594.6001
v 131500.0000 -2410.7205 2508.2572
v 131500.0000 -2260.7178 2426.5874
v 131500.0000 -2103.1368 2349.8751
v 131500.0000 -1937.1109 2278.4643
v 131500.0000 -1761.4049 2212.7823
v 131500.0000 -1574.1635 2153.3808
v 131500.0000 -1372.3716 2101.0114
v 131500.0000 -1150.4642 2056.7877
v 131500.0000 -895.3259 2022.6369
v 131500.0000 -519.0162 2003.9591
v 132000.0000 0.0000 2081.3376
v 132000.0000 452.0869 2081.3376
v 132000.0000 810.1773 2099.3572
v 132000.0000 1052.9250 2132.3047
v 132000.0000 1264.0082 2174.9702
v 132000.0000 1455.9028 2225.4943
v 132000.0000 1633.9004 2282.8028
v 132000.0000 1800.8662 2346.1704
v 132000.0000 1958.5626 2415.0651
v 132000.0000 2108.1615 2489.0744
v 132000.0000 2250.4842 2567.8665
v 132000.0000 2386.1271 2651.1671
v 132000.0000 2515.5345 2738.7440
v 132000.0000 2639.0426 2830.3979
v 132000.0000 2756.9080 2925.9548
v 132000.0000 2869.3269 3025.2614
v 132000.0000 2976.4480 3128.1812
v 132000.0000 3078.3821 3234.5914
v 132000.0000 3175.2086 3344.3810
v 132000.0000 3266.9806 3457.4492
v 132000.0000 3353.7283 3573.7034
v 132000.0000 3435.4617 3693.0587
v 132000.0000 3512.1728 3815.4364
v 132000.0000 3583.8365 3940.7637
v 132000.0000 3650.4119 4068.9727
v 132000.0000 3711.8425 4200.0000
v 132000.0000 3340.6583 4200.0000
v 132000.0000 2969.4740 4200.0000
v 132000.0000 2598.2898 4200.0000
v 132000.0000 2227.1055 4200.0000
v 132000.0000 1855.9213 4200.0000
v 132000.0000 1484.7370 4200.0000
v 132000.0000 1113.5528 4200.0000
v 132000.0000 742.3685 4200.0000
v 132000.0000 371.1843 4200.0000
v 132000.0000 0.0000 4200.0000
v 132000.0000 -371.1843 4200.0000
v 132000.0000 -742.3685 4200.0000
v 132000.0000 -1113.5528 4200.0000
v 132000.0000 -1484.7370 4200.0000
v 132000.0000 -1855.9213 4200.0000
v 132000.0000 -2227.1055 4200.0000
v 132000.0000 -2598.2898 4200.0000
v 132000.0000 -2969.4740 4200.0000
v 132000.0000 -3340.6583 4200.0000
v 132000.0000 -3711.8425 4200.0000
v 132000.0000 -3650.4119 4068.9727
v 132000.0000 -3583.8365 3940.7637
v 132000.0000 -3512.1728 3815.4364
v 132000.0000 -3435.4617 3693.0587
v 132000.0000 -3353.7283 3573.7034
v 132000.0000 -3266.9806 3457.4492
v 132000.0000 -3175.2086 3344.3810
v 132000.0000 -3078.3821 3234.5914
v 132000.0000 -2976.4480 3128.1812
v 132000.0000 -2869.3269 3025.2614
v 132000.0000 -2756.9080 2925.9548
v 132000.0000 -2639.0426 2830.3979
v 132000.0000 -2515.5345 2738.7440
v 132000.0000 -2386.1271 2651.1671
v 132000.0000 -2250.4842 2567.8665
v 132000.0000 -2108.1615 2489.0744
v 132000.0000 -1958.5626 2415.0651
v 132000.0000 -1800.8662 2346.1704
v 132000.0000 -1633.9004 2282.8028
v 132000.0000 -1455.9028 2225.4943
v 132000.0000 -1264.0082 2174.9702
v 132000.0000 -1052.9250 2132.3047
v 132000.0000 -810.1773 2099.3572
v 132000.0000 -452.0869 2081.3376
v 132050.0000 0.0000 2089.0000
v 132050.0000 446.0000 2089.0000
v 132050.0000 802.1710 2106.9544
v 132050.0000 1043.6127 2139.7828
v 132050.0000 1253.5541 2182.2939
v 132050.0000 1444.4038 2232.6354
v 132050.0000 1621.4243 2289.7365
v 132050.0000 1787.4652 2352.8750
v 132050.0000 1944.2788 2421.5205
v 132050.0000 2093.0305 2495.2621
v 132050.0000 2234.5365 2573.7693
v 132050.0000 2369.3898 2656.7686
v 132050.0000 2498.0318 2744.0288
v 132050.0000 2620.7964 2835.3512
v 132050.0000 2737.9384 2930.5625
v 132050.0000 2849.6524 3029.5100
v 132050.0000 2956.0857 3132.0575
v 132050.0000 3057.3480 3238.0829
v 132050.0000 3153.5177 3347.4755
v 132050.0000 3244.6468 3460.1347
v 132050.0000 3330.7648 3575.9685
v 132050.0000 3411.8808 3694.8921
v 132050.0000 3487.9861 3816.8272
v 132050.0000 3559.0547 3941.7012
v 132050.0000 3625.0449 4069.4465
v 132050.0000 3685.8997 4200.0000
v 132050.0000 3317.3097 4200.0000
v 132050.0000 2948.7197 4200.0000
v 132050.0000 2580.1298 4200.0000
v 132050.0000 2211.5398 4200.0000
v 132050.0000 1842.9498 4200.0000
v 132050.0000 1474.3599 4200.0000
v 132050.0000 1105.7699 4200.0000
v 132050.0000 737.1799 4200.0000
v 132050.0000 368.5900 4200.0000
v 132050.0000 0.0000 4200.0000
v 132050.0000 -368.5900 4200.0000
v 132050.0000 -737.1799 4200.0000
v 132050.0000 -1105.7699 4200.0000
v 132050.0000 -1474.3599 4200.0000
v 132050.0000 -1842.9498 4200.0000
v 132050.0000 -2211.5398 4200.0000
v 132050.0000 -2580.1298 4200.0000
v 132050.0000 -2948.7197 4200.0000
v 132050.0000 -3317.3097 4200.0000
v 132050.0000 -3685.8997 4200.0000
v 132050.0000 -3625.0449 4069.4465
v 132050.0000 -3559.0547 3941.7012
v 132050.0000 -3487.9861 3816.8272
v 132050.0000 -3411.8808 3694.8921
v 132050.0000 -3330.7648 3575.9685
v 132050.0000 -3244.6468 3460.1347
v 132050.0000 -3153.5177 3347.4755
v 132050.0000 -3057.3480 3238.0829
v 132050.0000 -2956.0857 3132.0575
v 132050.0000 -2849.6524 3029.5100
v 132050.0000 -2737.9384 2930.5625
v 132050.0000 -2620.7964 2835.3512
v 132050.0000 -2498.0318 2744.0288
v 132050.0000 -2369.3898 2656.7686
v 132050.0000 -2234.5365 2573.7693
v 132050.0000 -2093.0305 2495.2621
v 132050.0000 -1944.2788 2421.5205
v 132050.0000 -1787.4652 2352.8750
v 132050.0000 -1621.4243 2289.7365
v 132050.0000 -1444.4038 2232.6354
v 132050.0000 -1253.5541 2182.2939
v 132050.0000 -1043.6127 2139.7828
v 132050.0000 -802.1710 2106.9544
v 132050.0000 -446.0000 2089.0000
v 132500.0000 0.0000 2157.2742
v 132500.0000 392.2240 2157.2742
v 132500.0000 729.2398 2174.6480
v 132500.0000 957.6360 2206.4146
v 132500.0000 1156.1584 2247.5508
v 132500.0000 1336.5405 2296.2641
v 132500.0000 1503.7558 2351.5185
v 132500.0000 1660.4946 2412.6150
v 132500.0000 1808.4094 2479.0403
v 132500.0000 1948.5974 2550.3970
v 132500.0000 2081.8257 2626.3651
v 132500.0000 2208.6496 2706.6800
v 132500.0000 2329.4813 2791.1180
v 132500.0000 2444.6307 2879.4869
v 132500.0000 2554.3328 2971.6189
v 132500.0000 2658.7653 3067.3662
v 132500.0000 2758.0608 3166.5971
v 132500.0000 2852.3156 3269.1933
v 132500.0000 2941.5962 3375.0479
v 132500.0000 3025.9434 3484.0635
v 132500.0000 3105.3759 3596.1510
v 132500.0000 3179.8926 3711.2284
v 132500.0000 3249.4742 3829.2198
v 132500.0000 3314.0846 3950.0552
v 132500.0000 3373.6714 4073.6689
v 132500.0000 3428.1661 4200.0000
v 132500.0000 3085.3495 4200.0000
v 132500.0000 2742.5329 4200.0000
v 132500.0000 2399.7163 4200.0000
v 132500.0000 2056.8997 4200.0000
v 132500.0000 1714.0831 4200.0000
v 132500.0000 1371.2664 4200.0000
v 132500.0000 1028.4498 4200.0000
v 132500.0000 685.6332 4200.0000
v 132500.0000 342.8166 4200.0000
v 132500.0000 0.0000 4200.0000
v 132500.0000 -342.8166 4200.0000
v 132500.0000 -685.6332 4200.0000
v 132500.0000 -1028.4498 4200.0000
v 132500.0000 -1371.2664 4200.0000
v 132500.0000 -1714.0831 4200.0000
v 132500.0000 -2056.8997 4200.0000
v 132500.0000 -2399.7163 4200.0000
v 132500.0000 -2742.5329 4200.0000
v 132500.0000 -3085.3495 4200.0000
v 132500.0000 -3428.1661 4200.0000
v 132500.0000 -3373.6714 4073.6689
v 132500.0000 -3314.0846 3950.0552
v 132500.0000 -3249.4742 3829.2198
v 132500.0000 -3179.8926 3711.2284
v 132500.0000 -3105.3759 3596.1510
v 132500.0000 -3025.9434 3484.0635
v 132500.0000 -2941.5962 3375.0479
v 132500.0000 -2852.3156 3269.1933
v 132500.0000 -2758.0608 3166.5971
v 132500.0000 -2658.7653 3067.3662
v 132500.0000 -2554.3328 2971.6189
v 132500.0000 -2444.6307 2879.4869
v 132500.0000 -2329.4813 2791.1180
v 132500.0000 -2208.6496 2706.6800
v 132500.0000 -2081.8257 2626.3651
v 132500.0000 -1948.5974 2550.3970
v 132500.0000 -1808.4094 2479.0403
v 132500.0000 -1660.4946 2412.6150
v 132500.0000 -1503.7558 2351.5185
v 132500.0000 -1336.5405 2296.2641
v 132500.0000 -1156.1584 2247.5508
v 132500.0000 -957.6360 2206.4146
v 132500.0000 -729.2398 2174.6480
v 132500.0000 -392.2240 2157.2742
v 133000.0000 0.0000 2232.2125
v 133000.0000 334.3854 2232.2125
v 133000.0000 646.5576 2248.9489
v 133000.0000 858.0130 2279.5501
v 133000.0000 1041.6798 2319.1772
v 133000.0000 1208.4140 2366.1035
v 133000.0000 1362.8110 2419.3308
v 133000.0000 1507.3527 2478.1859
v 133000.0000 1643.5599 2542.1745
v 133000.0000 1772.4393 2610.9134
v 133000.0000 1894.6916 2684.0946
v 133000.0000 2010.8215 2761.4631
v 133000.0000 2121.2004 2842.8034
v 133000.0000 2226.1049 2927.9304
v 133000.0000 2325.7413 3016.6825
v 133000.0000 2420.2623 3108.9173
v 133000.0000 2509.7783 3204.5079
v 133000.0000 2594.3649 3303.3403
v 133000.0000 2674.0689 3405.3116
v 133000.0000 2748.9126 3510.3280
v 133000.0000 2818.8959 3618.3035
v 133000.0000 2883.9991 3729.1592
v 133000.0000 2944.1838 3842.8221
v 133000.0000 2999.3937 3959.2245
v 133000.0000 3049.5551 4078.3034
v 133000.0000 3094.5764 4200.0000
v 133000.0000 2785.1187 4200.0000
v 133000.0000 2475.6611 4200.0000
v 133000.0000 2166.2035 4200.0000
v 133000.0000 1856.7458 4200.0000
v 133000.0000 1547.2882 4200.0000
v 133000.0000 1237.8305 4200.0000
v 133000.0000 928.3729 4200.0000
v 133000.0000 618.9153 4200.0000
v 133000.0000 309.4576 4200.0000
v 133000.0000 0.0000 4200.0000
v 133000.0000 -309.4576 4200.0000
v 133000.0000 -618.9153 4200.0000
v 133000.0000 -928.3729 4200.0000
v 133000.0000 -1237.8305 4200.0000
v 133000.0000 -1547.2882 4200.0000
v 133000.0000 -1856.7458 4200.0000
v 133000.0000 -2166.2035 4200.0000
v 133000.0000 -2475.6611 4200.0000
v 133000.0000 -2785.1187 4200.0000
v 133000.0000 -3094.5764 4200.0000
v 133000.0000 -3049.5551 4078.3034
v 133000.0000 -2999.3937 3959.2245
v 133000.0000 -2944.1838 3842.8221
v 133000.0000 -2883.9991 3729.1592
v 133000.0000 -2818.8959 3618.3035
v 133000.0000 -2748.9126 3510.3280
v 133000.0000 -2674.0689 3405.3116
v 133000.0000 -2594.3649 3303.3403
v 133000.0000 -2509.7783 3204.5079
v 133000.0000 -2420.2623 3108.9173
v 133000.0000 -2325.7413 3016.6825
v 133000.0000 -2226.1049 2927.9304
v 133000.0000 -2121.2004 2842.8034
v 133000.0000 -2010.8215 2761.4631
v 133000.0000 -1894.6916 2684.0946
v 133000.0000 -1772.4393 2610.9134
v 133000.0000 -1643.5599 2542.1745
v 133000.0000 -1507.3527 2478.1859
v 133000.0000 -1362.8110 2419.3308
v 133000.0000 -1208.4140 2366.1035
v 133000.0000 -1041.6798 2319.1772
v 133000.0000 -858.0130 2279.5501
v 133000.0000 -646.5576 2248.9489
v 133000.0000 -334.3854 2232.2125
v 133500.0000 0.0000 2307.0045
v 133500.0000 279.8422 2307.0045
v 133500.0000 564.4726 2323.1047
v 133500.0000 757.1293 2352.5428
v 133500.0000 924.2890 2390.6638
v 133500.0000 1075.8320 2435.8065
v 133500.0000 1215.9327 2487.0108
v 133500.0000 1346.8397 2543.6289
v 133500.0000 1469.9256 2605.1853
v 133500.0000 1586.0943 2671.3116
v 133500.0000 1695.9708 2741.7113
v 133500.0000 1800.0009 2816.1392
v 133500.0000 1898.5081 2894.3880
v 133500.0000 1991.7288 2976.2794
v 133500.0000 2079.8346 3061.6582
v 133500.0000 2162.9468 3150.3873
v 133500.0000 2241.1466 3242.3447
v 133500.0000 2314.4822 3337.4207
v 133500.0000 2382.9739 3435.5163
v 133500.0000 2446.6169 3536.5411
v 133500.0000 2505.3841 3640.4127
v 133500.0000 2559.2273 3747.0550
v 133500.0000 2608.0781 3856.3977
v 133500.0000 2651.8477 3968.3759
v 133500.0000 2690.4606 4082.9289
v 133500.0000 2727.4394 4200.0000
v 133500.0000 2454.6955 4200.0000
v 133500.0000 2181.9515 4200.0000
v 133500.0000 1909.2076 4200.0000
v 133500.0000 1636.4636 4200.0000
v 133500.0000 1363.7197 4200.0000
v 133500.0000 1090.9758 4200.0000
v 133500.0000 818.2318 4200.0000
v 133500.0000 545.4879 4200.0000
v 133500.0000 272.7439 4200.0000
v 133500.0000 0.0000 4200.0000
v 133500.0000 -272.7439 4200.0000
v 133500.0000 -545.4879 4200.0000
v 133500.0000 -818.2318 4200.0000
v 133500.0000 -1090.9758 4200.0000
v 133500.0000 -1363.7197 4200.0000
v 133500.0000 -1636.4636 4200.0000
v 133500.0000 -1909.2076 4200.0000
v 133500.0000 -2181.9515 4200.0000
v 133500.0000 -2454.6955 4200.0000
v 133500.0000 -2727.4394 4200.0000
v 133500.0000 -2690.4606 4082.9289
v 133500.0000 -2651.8477 3968.3759
v 133500.0000 -2608.0781 3856.3977
v 133500.0000 -2559.2273 3747.0550
v 133500.0000 -2505.3841 3640.4127
v 133500.0000 -2446.6169 3536.5411
v 133500.0000 -2382.9739 3435.5163
v 133500.0000 -2314.4822 3337.4207
v 133500.0000 -2241.1466 3242.3447
v 133500.0000 -2162.9468 3150.3873
v 133500.0000 -2079.8346 3061.6582
v 133500.0000 -1991.7288 2976.2794
v 133500.0000 -1898.5081 2894.3880
v 133500.0000 -1800.0009 2816.1392
v 133500.0000 -1695.9708 2741.7113
v 133500.0000 -1586.0943 2671.3116
v 133500.0000 -1469.9256 2605.1853
v 133500.0000 -1346.8397 2543.6289
v 133500.0000 -1215.9327 2487.0108
v 133500.0000 -1075.8320 2435.8065
v 133500.0000 -924.2890 2390.6638
v 133500.0000 -757.1293 2352.5428
v 133500.0000 -564.4726 2323.1047
v 133500.0000 -279.8422 2307.0045
v 134000.0000 0.0000 2382.5028
v 134000.0000 229.9210 2382.5028
v 134000.0000 485.4261 2397.9609
v 134000.0000 658.1873 2426.2250
v 134000.0000 807.8566 2462.8256
v 134000.0000 943.2803 2506.1678
v 134000.0000 1068.1853 2555.3299
v 134000.0000 1184.5707 2609.6899
v 134000.0000 1293.6502 2668.7913
v 134000.0000 1396.2165 2732.2803
v 134000.0000 1492.8112 2799.8722
v 134000.0000 1583.8146 2871.3317
v 134000.0000 1669.4962 2946.4597
v 134000.0000 1750.0456 3025.0851
v 134000.0000 1825.5927 3107.0587
v 134000.0000 1896.2204 3192.2490
v 134000.0000 1961.9731 3280.5388
v 134000.0000 2022.8632 3371.8230
v 134000.0000 2078.8741 3466.0062
v 134000.0000 2129.9634 3563.0018
v 134000.0000 2176.0641 3662.7307
v 134000.0000 2217.0847 3765.1198
v 134000.0000 2252.9093 3870.1016
v 134000.0000 2285.4470 3977.6138
v 134000.0000 2318.6265 4087.5980
v 134000.0000 2352.5354 4200.0000
v 134000.0000 2117.2819 4200.0000
v 134000.0000 1882.0284 4200.0000
v 134000.0000 1646.7748 4200.0000
v 134000.0000 1411.5213 4200.0000
v 134000.0000 1176.2677 4200.0000
v 134000.0000 941.0142 4200.0000
v 134000.0000 705.7606 4200.0000
v 134000.0000 470.5071 4200.0000
v 134000.0000 235.2535 4200.0000
v 134000.0000 0.0000 4200.0000
v 134000.0000 -235.2535 4200.0000
v 134000.0000 -470.5071 4200.0000
v 134000.0000 -705.7606 4200.0000
v 134000.0000 -941.0142 4200.0000
v 134000.0000 -1176.2677 4200.0000
v 134000.0000 -1411.5213 4200.0000
v 134000.0000 -1646.7748 4200.0000
v 134000.0000 -1882.0284 4200.0000
v 134000.0000 -2117.2819 4200.0000
v 134000.0000 -2352.5354 4200.0000
v 134000.0000 -2318.6265 4087.5980
v 134000.0000 -2285.4470 3977.6138
v 134000.0000 -2252.9093 3870.1016
v 134000.0000 -2217.0847 3765.1198
v 134000.0000 -2176.0641 3662.7307
v 134000.0000 -2129.9634 3563.0018
v 134000.0000 -2078.8741 3466.0062
v 134000.0000 -2022.8632 3371.8230
v 134000.0000 -1961.9731 3280.5388
v 134000.0000 -1896.2204 3192.2490
v 134000.0000 -1825.5927 3107.0587
v 134000.0000 -1750.0456 3025.0851
v 134000.0000 -1669.4962 2946.4597
v 134000.0000 -1583.8146 2871.3317
v 134000.0000 -1492.8112 2799.8722
v 134000.0000 -1396.2165 2732.2803
v 134000.0000 -1293.6502 2668.7913
v 134000.0000 -1184.5707 2609.6899
v 134000.0000 -1068.1853 2555.3299
v 134000.0000 -943.2803 2506.1678
v 134000.0000 -807.8566 2462.8256
v 134000.0000 -658.1873 2426.2250
v 134000.0000 -485.4261 2397.9609
v 134000.0000 -229.9210 2382.5028
v 134500.0000 0.0000 2459.5601
v 134500.0000 185.9484 2459.5601
v 134500.0000 411.9627 2474.3628
v 134500.0000 564.5640 2501.4286
v 134500.0000 696.4918 2536.4774
v 134500.0000 815.5426 2577.9820
v 134500.0000 924.9876 2625.0598
v 134500.0000 1026.5707 2677.1151
v 134500.0000 1121.3413 2733.7107
v 134500.0000 1209.9758 2794.5079
v 134500.0000 1292.9277 2859.2341
v 134500.0000 1370.5061 2927.6639
v 134500.0000 1442.9203 2999.6066
v 134500.0000 1510.3067 3074.8985
v 134500.0000 1572.7456 3153.3967
v 134500.0000 1630.2725 3234.9751
v 134500.0000 1682.8846 3319.5217
v 134500.0000 1730.5455 3406.9356
v 134500.0000 1773.1876 3497.1257
v 134500.0000 1810.7129 3590.0090
v 134500.0000 1842.9930 3685.5096
v 134500.0000 1871.2926 3783.5576
v 134500.0000 1899.9789 3884.0885
v 134500.0000 1929.3566 3987.0424
v 134500.0000 1959.4098 4092.3636
v 134500.0000 1990.1236 4200.0000
v 134500.0000 1791.1112 4200.0000
v 134500.0000 1592.0989 4200.0000
v 134500.0000 1393.0865 4200.0000
v 134500.0000 1194.0741 4200.0000
v 134500.0000 995.0618 4200.0000
v 134500.0000 796.0494 4200.0000
v 134500.0000 597.0371 4200.0000
v 134500.0000 398.0247 4200.0000
v 134500.0000 199.0124 4200.0000
v 134500.0000 0.0000 4200.0000
v 134500.0000 -199.0124 4200.0000
v 134500.0000 -398.0247 4200.0000
v 134500.0000 -597.0371 4200.0000
v 134500.0000 -796.0494 4200.0000
v 134500.0000 -995.0618 4200.0000
v 134500.0000 -1194.0741 4200.0000
v 134500.0000 -1393.0865 4200.0000
v 134500.0000 -1592.0989 4200.0000
v 134500.0000 -1791.1112 4200.0000
v 134500.0000 -1990.1236 4200.0000
v 134500.0000 -1959.4098 4092.3636
v 134500.0000 -1929.3566 3987.0424
v 134500.0000 -1899.9789 3884.0885
v 134500.0000 -1871.2926 3783.5576
v 134500.0000 -1842.9930 3685.5096
v 134500.0000 -1810.7129 3590.0090
v 134500.0000 -1773.1876 3497.1257
v 134500.0000 -1730.5455 3406.9356
v 134500.0000 -1682.8846 3319.5217
v 134500.0000 -1630.2725 3234.9751
v 134500.0000 -1572.7456 3153.3967
v 134500.0000 -1510.3067 3074.8985
v 134500.0000 -1442.9203 2999.6066
v 134500.0000 -1370.5061 2927.6639
v 134500.0000 -1292.9277 2859.2341
v 134500.0000 -1209.9758 2794.5079
v 134500.0000 -1121.3413 2733.7107
v 134500.0000 -1026.5707 2677.1151
v 134500.0000 -924.9876 2625.0598
v 134500.0000 -815.5426 2577.9820
v 134500.0000 -696.4918 2536.4774
v 134500.0000 -564.5640 2501.4286
v 134500.0000 -411.9627 2474.3628
v 134500.0000 -185.9484 2459.5601
v 135000.0000 0.0000 2539.0291
v 135000.0000 149.2510 2539.0291
v 135000.0000 346.8466 2553.1559
v 135000.0000 480.0094 2578.9858
v 135000.0000 594.8151 2612.4343
v 135000.0000 698.0464 2652.0438
v 135000.0000 792.5323 2696.9720
v 135000.0000 879.7673 2746.6504
v 135000.0000 960.6386 2800.6619
v 135000.0000 1035.7060 2858.6831
v 135000.0000 1105.3327 2920.4539
v 135000.0000 1169.7527 2985.7591
v 135000.0000 1229.1096 3054.4169
v 135000.0000 1283.4788 3126.2710
v 135000.0000 1332.8819 3201.1849
v 135000.0000 1377.2948 3279.0384
v 135000.0000 1416.6522 3359.7246
v 135000.0000 1450.8503 3443.1471
v 135000.0000 1479.7461 3529.2191
v 135000.0000 1504.1112 3617.8613
v 135000.0000 1528.5169 3709.0013
v 135000.0000 1553.5736 3802.5725
v 135000.0000 1579.2649 3898.5131
v 135000.0000 1605.5754 3996.7661
v 135000.0000 1632.4908 4097.2783
v 135000.0000 1659.9980 4200.0000
v 135000.0000 1493.9982 4200.0000
v 135000.0000 1327.9984 4200.0000
v 135000.0000 1161.9986 4200.0000
v 135000.0000 995.9988 4200.0000
v 135000.0000 829.9990 4200.0000
v 135000.0000 663.9992 4200.0000
v 135000.0000 497.9994 4200.0000
v 135000.0000 331.9996 4200.0000
v 135000.0000 165.9998 4200.0000
v 135000.0000 0.0000 4200.0000
v 135000.0000 -165.9998 4200.0000
v 135000.0000 -331.9996 4200.0000
v 135000.0000 -497.9994 4200.0000
v 135000.0000 -663.9992 4200.0000
v 135000.0000 -829.9990 4200.0000
v 135000.0000 -995.9988 4200.0000
v 135000.0000 -1161.9986 4200.0000
v 135000.0000 -1327.9984 4200.0000
v 135000.0000 -1493.9982 4200.0000
v 135000.0000 -1659.9980 4200.0000
v 135000.0000 -1632.4908 4097.2783
v 135000.0000 -1605.5754 3996.7661
v 135000.0000 -1579.2649 3898.5131
v 135000.0000 -1553.5736 3802.5725
v 135000.0000 -1528.5169 3709.0013
v 135000.0000 -1504.1112 3617.8613
v 135000.0000 -1479.7461 3529.2191
v 135000.0000 -1450.8503 3443.1471
v 135000.0000 -1416.6522 3359.7246
v 135000.0000 -1377.2948 3279.0384
v 135000.0000 -1332.8819 3201.1849
v 135000.0000 -1283.4788 3126.2710
v 135000.0000 -1229.1096 3054.4169
v 135000.0000 -1169.7527 2985.7591
v 135000.0000 -1105.3327 2920.4539
v 135000.0000 -1035.7060 2858.6831
v 135000.0000 -960.6386 2800.6619
v 135000.0000 -879.7673 2746.6504
v 135000.0000 -792.5323 2696.9720
v 135000.0000 -698.0464 2652.0438
v 135000.0000 -594.8151 2612.4343
v 135000.0000 -480.0094 2578.9858
v 135000.0000 -346.8466 2553.1559
v 135000.0000 -149.2510 2539.0291
v 135500.0000 0.0000 2621.7624
v 135500.0000 121.1552 2621.7624
v 135500.0000 293.2212 2635.1855
v 135500.0000 408.9200 2659.7289
v 135500.0000 508.3403 2691.5113
v 135500.0000 597.3521 2729.1478
v 135500.0000 678.3848 2771.8381
v 135500.0000 752.7063 2819.0421
v 135500.0000 821.0542 2870.3632
v 135500.0000 883.8788 2925.4943
v 135500.0000 941.4561 2984.1883
v 135500.0000 993.9452 3046.2407
v 135500.0000 1041.4211 3111.4787
v 135500.0000 1083.8927 3179.7536
v 135500.0000 1121.3135 3250.9361
v 135500.0000 1153.5862 3324.9117
v 135500.0000 1180.5646 3401.5789
v 135500.0000 1202.2194 3480.8461
v 135500.0000 1222.6532 3562.6308
v 135500.0000 1243.6972 3646.8578
v 135500.0000 1265.3341 3733.4581
v 135500.0000 1287.5482 3822.3684
v 135500.0000 1310.3249 3913.5302
v 135500.0000 1333.6505 4006.8892
v 135500.0000 1357.5124 4102.3949
v 135500.0000 1381.8989 4200.0000
v 135500.0000 1243.7090 4200.0000
v 135500.0000 1105.5192 4200.0000
v 135500.0000 967.3293 4200.0000
v 135500.0000 829.1394 4200.0000
v 135500.0000 690.9495 4200.0000
v 135500.0000 552.7596 4200.0000
v 135500.0000 414.5697 4200.0000
v 135500.0000 276.3798 4200.0000
v 135500.0000 138.1899 4200.0000
v 135500.0000 0.0000 4200.0000
v 135500.0000 -138.1899 4200.0000
v 135500.0000 -276.3798 4200.0000
v 135500.0000 -414.5697 4200.0000
v 135500.0000 -552.7596 4200.0000
v 135500.0000 -690.9495 4200.0000
v 135500.0000 -829.1394 4200.0000
v 135500.0000 -967.3293 4200.0000
v 135500.0000 -1105.5192 4200.0000
v 135500.0000 -1243.7090 4200.0000
v 135500.0000 -1381.8989 4200.0000
v 135500.0000 -1357.5124 4102.3949
v 135500.0000 -1333.6505 4006.8892
v 135500.0000 -1310.3249 3913.5302
v 135500.0000 -1287.5482 3822.3684
v 135500.0000 -1265.3341 3733.4581
v 135500.0000 -1243.6972 3646.8578
v 135500.0000 -1222.6532 3562.6308
v 135500.0000 -1202.2194 3480.8461
v 135500.0000 -1180.5646 3401.5789
v 135500.0000 -1153.5862 3324.9117
v 135500.0000 -1121.3135 3250.9361
v 135500.0000 -1083.8927 3179.7536
v 135500.0000 -1041.4211 3111.4787
v 135500.0000 -993.9452 3046.2407
v 135500.0000 -941.4561 2984.1883
v 135500.0000 -883.8788 2925.4943
v 135500.0000 -821.0542 2870.3632
v 135500.0000 -752.7063 2819.0421
v 135500.0000 -678.3848 2771.8381
v 135500.0000 -597.3521 2729.1478
v 135500.0000 -508.3403 2691.5113
v 135500.0000 -408.9200 2659.7289
v 135500.0000 -293.2212 2635.1855
v 135500.0000 -121.1552 2621.7624
v 135525.0000 0.0000 2626.0000
v 135525.0000 120.0000 2626.0000
v 135525.0000 290.9049 2639.3871
v 135525.0000 405.8097 2663.8646
v 135525.0000 504.5310 2695.5616
v 135525.0000 592.8971 2733.0971
v 135525.0000 673.3194 2775.6728
v 135525.0000 747.0554 2822.7500
v 135525.0000 814.8357 2873.9333
v 135525.0000 877.1057 2928.9164
v 135525.0000 934.1372 2987.4528
v 135525.0000 986.0859 3049.3386
v 135525.0000 1033.0232 3114.4014
v 135525.0000 1074.9548 3182.4930
v 135525.0000 1111.8306 3253.4843
v 135525.0000 1143.5496 3327.2614
v 135525.0000 1169.9609 3403.7227
v 135525.0000 1191.1554 3482.7771
v 135525.0000 1211.4616 3564.3422
v 135525.0000 1232.3742 3648.3430
v 135525.0000 1253.8761 3734.7108
v 135525.0000 1275.9515 3823.3824
v 135525.0000 1298.5860 3914.2994
v 135525.0000 1321.7660 4007.4077
v 135525.0000 1345.4790 4102.6570
v 135525.0000 1369.7132 4200.0000
v 135525.0000 1232.7419 4200.0000
v 135525.0000 1095.7706 4200.0000
v 135525.0000 958.7993 4200.0000
v 135525.0000 821.8279 4200.0000
v 135525.0000 684.8566 4200.0000
v 135525.0000 547.8853 4200.0000
v 135525.0000 410.9140 4200.0000
v 135525.0000 273.9426 4200.0000
v 135525.0000 136.9713 4200.0000
v 135525.0000 0.0000 4200.0000
v 135525.0000 -136.9713 4200.0000
v 135525.0000 -273.9426 4200.0000
v 135525.0000 -410.9140 4200.0000
v 135525.0000 -547.8853 4200.0000
v 135525.0000 -684.8566 4200.0000
v 135525.0000 -821.8279 4200.0000
v 135525.0000 -958.7993 4200.0000
v 135525.0000 -1095.7706 4200.0000
v 135525.0000 -1232.7419 4200.0000
v 135525.0000 -1369.7132 4200.0000
v 135525.0000 -1345.4790 4102.6570
v 135525.0000 -1321.7660 4007.4077
v 135525.0000 -1298.5860 3914.2994
v 135525.0000 -1275.9515 3823.3824
v 135525.0000 -1253.8761 3734.7108
v 135525.0000 -1232.3742 3648.3430
v 135525.0000 -1211.4616 3564.3422
v 135525.0000 -1191.1554 3482.7771
v 135525.0000 -1169.9609 3403.7227
v 135525.0000 -1143.5496 3327.2614
v 135525.0000 -1111.8306 3253.4843
v 135525.0000 -1074.9548 3182.4930
v 135525.0000 -1033.0232 3114.4014
v 135525.0000 -986.0859 3049.3386
v 135525.0000 -934.1372 2987.4528
v 135525.0000 -877.1057 2928.9164
v 135525.0000 -814.8357 2873.9333
v 135525.0000 -747.0554 2822.7500
v 135525.0000 -673.3194 2775.6728
v 135525.0000 -592.8971 2733.0971
v 135525.0000 -504.5310 2695.5616
v 135525.0000 -405.8097 2663.8646
v 135525.0000 -290.9049 2639.3871
v 135525.0000 -120.0000 2626.0000
v 136000.0000 0.0000 2707.9068
v 136000.0000 98.4688 2707.9068
v 136000.0000 247.8358 2720.5974
v 136000.0000 348.0099 2743.8010
v 136000.0000 433.7556 2773.8487
v 136000.0000 510.1304 2809.4309
v 136000.0000 579.2062 2849.7911
v 136000.0000 642.0462 2894.4185
v 136000.0000 699.2508 2942.9384
v 136000.0000 751.1678 2995.0603
v 136000.0000 797.9879 3050.5506
v 136000.0000 839.7944 3109.2160
v 136000.0000 876.5885 3170.8931
v 136000.0000 908.3033 3235.4414
v 136000.0000 934.8093 3302.7385
v 136000.0000 955.9145 3372.6764
v 136000.0000 972.8730 3445.1589
v 136000.0000 990.0892 3520.0995
v 136000.0000 1007.8522 3597.4202
v 136000.0000 1026.1456 3677.0498
v 136000.0000 1044.9545 3758.9232
v 136000.0000 1064.2651 3842.9806
v 136000.0000 1084.0647 3929.1665
v 136000.0000 1104.3416 4017.4297
v 136000.0000 1125.0846 4107.7224
v 136000.0000 1146.2837 4200.0000
v 136000.0000 1031.6553 4200.0000
v 136000.0000 917.0269 4200.0000
v 136000.0000 802.3986 4200.0000
v 136000.0000 687.7702 4200.0000
v 136000.0000 573.1418 4200.0000
v 136000.0000 458.5135 4200.0000
v 136000.0000 343.8851 4200.0000
v 136000.0000 229.2567 4200.0000
v 136000.0000 114.6284 4200.0000
v 136000.0000 0.0000 4200.0000
v 136000.0000 -114.6284 4200.0000
v 136000.0000 -229.2567 4200.0000
v 136000.0000 -343.8851 4200.0000
v 136000.0000 -458.5135 4200.0000
v 136000.0000 -573.1418 4200.0000
v 136000.0000 -687.7702 4200.0000
v 136000.0000 -802.3986 4200.0000
v 136000.0000 -917.0269 4200.0000
v 136000.0000 -1031.6553 4200.0000
v 136000.0000 -1146.2837 4200.0000
v 136000.0000 -1125.0846 4107.7224
v 136000.0000 -1104.3416 4017.4297
v 136000.0000 -1084.0647 3929.1665
v 136000.0000 -1064.2651 3842.9806
v 136000.0000 -1044.9545 3758.9232
v 136000.0000 -1026.1456 3677.0498
v 136000.0000 -1007.8522 3597.4202
v 136000.0000 -990.0892 3520.0995
v 136000.0000 -972.8730 3445.1589
v 136000.0000 -955.9145 3372.6764
v 136000.0000 -934.8093 3302.7385
v 136000.0000 -908.3033 3235.4414
v 136000.0000 -876.5885 3170.8931
v 136000.0000 -839.7944 3109.2160
v 136000.0000 -797.9879 3050.5506
v 136000.0000 -751.1678 2995.0603
v 136000.0000 -699.2508 2942.9384
v 136000.0000 -642.0462 2894.4185
v 136000.0000 -579.2062 2849.7911
v 136000.0000 -510.1304 2809.4309
v 136000.0000 -433.7556 2773.8487
v 136000.0000 -348.0099 2743.8010
v 136000.0000 -247.8358 2720.5974
v 136000.0000 -98.4688 2707.9068
v 136500.0000 0.0000 2796.8535
v 136500.0000 76.7744 2796.8535
v 136500.0000 204.4070 2808.7875
v 136500.0000 289.7035 2830.6079
v 136500.0000 362.3273 2858.8644
v 136500.0000 426.5532 2892.3255
v 136500.0000 484.1054 2930.2797
v 136500.0000 535.8439 2972.2468
v 136500.0000 582.2288 3017.8743
v 136500.0000 623.4974 3066.8891
v 136500.0000 659.7438 3119.0716
v 136500.0000 690.9578 3174.2398
v 136500.0000 717.0429 3232.2402
v 136500.0000 737.8223 3292.9407
v 136500.0000 753.1002 3356.2261
v 136500.0000 766.5793 3421.9948
v 136500.0000 780.5487 3490.1564
v 136500.0000 794.9919 3560.6297
v 136500.0000 809.8939 3633.3411
v 136500.0000 825.2408 3708.2239
v 136500.0000 841.0201 3785.2167
v 136500.0000 857.2204 3864.2632
v 136500.0000 873.8309 3945.3114
v 136500.0000 890.8418 4028.3131
v 136500.0000 908.2438 4113.2233
v 136500.0000 926.0284 4200.0000
v 136500.0000 833.4255 4200.0000
v 136500.0000 740.8227 4200.0000
v 136500.0000 648.2199 4200.0000
v 136500.0000 555.6170 4200.0000
v 136500.0000 463.0142 4200.0000
v 136500.0000 370.4113 4200.0000
v 136500.0000 277.8085 4200.0000
v 136500.0000 185.2057 4200.0000
v 136500.0000 92.6028 4200.0000
v 136500.0000 0.0000 4200.0000
v 136500.0000 -92.6028 4200.0000
v 136500.0000 -185.2057 4200.0000
v 136500.0000 -277.8085 4200.0000
v 136500.0000 -370.4113 4200.0000
v 136500.0000 -463.0142 4200.0000
v 136500.0000 -555.6170 4200.0000
v 136500.0000 -648.2199 4200.0000
v 136500.0000 -740.8227 4200.0000
v 136500.0000 -833.4255 4200.0000
v 136500.0000 -926.0284 4200.0000
v 136500.0000 -908.2438 4113.2233
v 136500.0000 -890.8418 4028.3131
v 136500.0000 -873.8309 3945.3114
v 136500.0000 -857.2204 3864.2632
v 136500.0000 -841.0201 3785.2167
v 136500.0000 -825.2408 3708.2239
v 136500.0000 -809.8939 3633.3411
v 136500.0000 -794.9919 3560.6297
v 136500.0000 -780.5487 3490.1564
v 136500.0000 -766.5793 3421.9948
v 136500.0000 -753.1002 3356.2261
v 136500.0000 -737.8223 3292.9407
v 136500.0000 -717.0429 3232.2402
v 136500.0000 -690.9578 3174.2398
v 136500.0000 -659.7438 3119.0716
v 136500.0000 -623.4974 3066.8891
v 136500.0000 -582.2288 3017.8743
v 136500.0000 -535.8439 2972.2468
v 136500.0000 -484.1054 2930.2797
v 136500.0000 -426.5532 2892.3255
v 136500.0000 -362.3273 2858.8644
v 136500.0000 -289.7035 2830.6079
v 136500.0000 -204.4070 2808.7875
v 136500.0000 -76.7744 2796.8535
v 137000.0000 0.0000 2888.4979
v 137000.0000 56.9740 2888.4979
v 137000.0000 163.9111 2899.6525
v 137000.0000 235.0222 2920.0478
v 137000.0000 295.1083 2946.4587
v 137000.0000 347.6916 2977.7343
v 137000.0000 394.1557 3013.2096
v 137000.0000 435.1548 3052.4357
v 137000.0000 470.9986 3095.0831
v 137000.0000 501.7969 3140.8966
v 137000.0000 527.5209 3189.6708
v 137000.0000 548.0287 3241.2358
v 137000.0000 563.0698 3295.4480
v 137000.0000 573.5269 3352.1839
v 137000.0000 583.9462 3411.3359
v 137000.0000 594.7744 3472.8091
v 137000.0000 605.9965 3536.5188
v 137000.0000 617.5992 3602.3892
v 137000.0000 629.5704 3670.3516
v 137000.0000 641.8991 3740.3435
v 137000.0000 654.5752 3812.3076
v 137000.0000 667.5894 3886.1914
v 137000.0000 680.9331 3961.9460
v 137000.0000 694.5985 4039.5266
v 137000.0000 708.5781 4118.8910
v 137000.0000 722.8650 4200.0000
v 137000.0000 650.5785 4200.0000
v 137000.0000 578.2920 4200.0000
v 137000.0000 506.0055 4200.0000
v 137000.0000 433.7190 4200.0000
v 137000.0000 361.4325 4200.0000
v 137000.0000 289.1460 4200.0000
v 137000.0000 216.8595 4200.0000
v 137000.0000 144.5730 4200.0000
v 137000.0000 72.2865 4200.0000
v 137000.0000 0.0000 4200.0000
v 137000.0000 -72.2865 4200.0000
v 137000.0000 -144.5730 4200.0000
v 137000.0000 -216.8595 4200.0000
v 137000.0000 -289.1460 4200.0000
v 137000.0000 -361.4325 4200.0000
v 137000.0000 -433.7190 4200.0000
v 137000.0000 -506.0055 4200.0000
v 137000.0000 -578.2920 4200.0000
v 137000.0000 -650.5785 4200.0000
v 137000.0000 -722.8650 4200.0000
v 137000.0000 -708.5781 4118.8910
v 137000.0000 -694.5985 4039.5266
v 137000.0000 -680.9331 3961.9460
v 137000.0000 -667.5894 3886.1914
v 137000.0000 -654.5752 3812.3076
v 137000.0000 -641.8991 3740.3435
v 137000.0000 -629.5704 3670.3516
v 137000.0000 -617.5992 3602.3892
v 137000.0000 -605.9965 3536.5188
v 137000.0000 -594.7744 3472.8091
v 137000.0000 -583.9462 3411.3359
v 137000.0000 -573.5269 3352.1839
v 137000.0000 -563.0698 3295.4480
v 137000.0000 -548.0287 3241.2358
v 137000.0000 -527.5209 3189.6708
v 137000.0000 -501.7969 3140.8966
v 137000.0000 -470.9986 3095.0831
v 137000.0000 -435.1548 3052.4357
v 137000.0000 -394.1557 3013.2096
v 137000.0000 -347.6916 2977.7343
v 137000.0000 -295.1083 2946.4587
v 137000.0000 -235.0222 2920.0478
v 137000.0000 -163.9111 2899.6525
v 137000.0000 -56.9740 2888.4979
v 137500.0000 0.0000 2982.7375
v 137500.0000 39.9819 2982.7375
v 137500.0000 127.2854 2993.0906
v 137500.0000 184.9084 3012.0203
v 137500.0000 233.0299 3036.5334
v 137500.0000 274.4448 3065.5617
v 137500.0000 310.1961 3098.4879
v 137500.0000 340.7176 3134.8953
v 137500.0000 366.1417 3174.4783
v 137500.0000 386.4072 3216.9998
v 137500.0000 401.2953 3262.2693
v 137500.0000 410.5011 3310.1290
v 137500.0000 417.7441 3360.4457
v 137500.0000 425.3243 3413.1048
v 137500.0000 433.2272 3468.0064
v 137500.0000 441.4404 3525.0623
v 137500.0000 449.9523 3584.1941
v 137500.0000 458.7529 3645.3313
v 137500.0000 467.8330 3708.4102
v 137500.0000 477.1842 3773.3727
v 137500.0000 486.7990 3840.1657
v 137500.0000 496.6702 3908.7405
v 137500.0000 506.7914 3979.0517
v 137500.0000 517.1565 4051.0576
v 137500.0000 527.7600 4124.7192
v 137500.0000 538.5965 4200.0000
v 137500.0000 484.7369 4200.0000
v 137500.0000 430.8772 4200.0000
v 137500.0000 377.0176 4200.0000
v 137500.0000 323.1579 4200.0000
v 137500.0000 269.2983 4200.0000
v 137500.0000 215.4386 4200.0000
v 137500.0000 161.5790 4200.0000
v 137500.0000 107.7193 4200.0000
v 137500.0000 53.8597 4200.0000
v 137500.0000 0.0000 4200.0000
v 137500.0000 -53.8597 4200.0000
v 137500.0000 -107.7193 4200.0000
v 137500.0000 -161.5790 4200.0000
v 137500.0000 -215.4386 4200.0000
v 137500.0000 -269.2983 4200.0000
v 137500.0000 -323.1579 4200.0000
v 137500.0000 -377.0176 4200.0000
v 137500.0000 -430.8772 4200.0000
v 137500.0000 -484.7369 4200.0000
v 137500.0000 -538.5965 4200.0000
v 137500.0000 -527.7600 4124.7192
v 137500.0000 -517.1565 4051.0576
v 137500.0000 -506.7914 3979.0517
v 137500.0000 -496.6702 3908.7405
v 137500.0000 -486.7990 3840.1657
v 137500.0000 -477.1842 3773.3727
v 137500.0000 -467.8330 3708.4102
v 137500.0000 -458.7529 3645.3313
v 137500.0000 -449.9523 3584.1941
v 137500.0000 -441.4404 3525.0623
v 137500.0000 -433.2272 3468.0064
v 137500.0000 -425.3243 3413.1048
v 137500.0000 -417.7441 3360.4457
v 137500.0000 -410.5011 3310.1290
v 137500.0000 -401.2953 3262.2693
v 137500.0000 -386.4072 3216.9998
v 137500.0000 -366.1417 3174.4783
v 137500.0000 -340.7176 3134.8953
v 137500.0000 -310.1961 3098.4879
v 137500.0000 -274.4448 3065.5617
v 137500.0000 -233.0299 3036.5334
v 137500.0000 -184.9084 3012.0203
v 137500.0000 -127.2854 2993.0906
v 137500.0000 -39.9819 2982.7375
v 138000.0000 0.0000 3079.4695
v 138000.0000 26.7127 3079.4695
v 138000.0000 95.3934 3088.9998
v 138000.0000 140.1679 3106.4253
v 138000.0000 176.8130 3128.9905
v 138000.0000 207.4059 3155.7120
v 138000.0000 232.6259 3186.0216
v 138000.0000 252.6383 3219.5359
v 138000.0000 267.3149 3255.9733
v 138000.0000 276.2850 3295.1157
v 138000.0000 280.9989 3336.7878
v 138000.0000 285.7981 3380.8443
v 138000.0000 290.8436 3427.1625
v 138000.0000 296.1240 3475.6369
v 138000.0000 301.6293 3526.1756
v 138000.0000 307.3505 3578.6975
v 138000.0000 313.2800 3633.1302
v 138000.0000 319.4105 3689.4091
v 138000.0000 325.7358 3747.4753
v 138000.0000 332.2499 3807.2754
v 138000.0000 338.9476 3868.7606
v 138000.0000 345.8239 3931.8859
v 138000.0000 352.8744 3996.6098
v 138000.0000 360.0948 4062.8936
v 138000.0000 367.4812 4130.7015
v 138000.0000 375.0300 4200.0000
v 138000.0000 337.5270 4200.0000
v 138000.0000 300.0240 4200.0000
v 138000.0000 262.5210 4200.0000
v 138000.0000 225.0180 4200.0000
v 138000.0000 187.5150 4200.0000
v 138000.0000 150.0120 4200.0000
v 138000.0000 112.5090 4200.0000
v 138000.0000 75.0060 4200.0000
v 138000.0000 37.5030 4200.0000
v 138000.0000 0.0000 4200.0000
v 138000.0000 -37.5030 4200.0000
v 138000.0000 -75.0060 4200.0000
v 138000.0000 -112.5090 4200.0000
v 138000.0000 -150.0120 4200.0000
v 138000.0000 -187.5150 4200.0000
v 138000.0000 -225.0180 4200.0000
v 138000.0000 -262.5210 4200.0000
v 138000.0000 -300.0240 4200.0000
v 138000.0000 -337.5270 4200.0000
v 138000.0000 -375.0300 4200.0000
v 138000.0000 -367.4812 4130.7015
v 138000.0000 -360.0948 4062.8936
v 138000.0000 -352.8744 3996.6098
v 138000.0000 -345.8239 3931.8859
v 138000.0000 -338.9476 3868.7606
v 138000.0000 -332.2499 3807.2754
v 138000.0000 -325.7358 3747.4753
v 138000.0000 -319.4105 3689.4091
v 138000.0000 -313.2800 3633.1302
v 138000.0000 -307.3505 3578.6975
v 138000.0000 -301.6293 3526.1756
v 138000.0000 -296.1240 3475.6369
v 138000.0000 -290.8436 3427.1625
v 138000.0000 -285.7981 3380.8443
v 138000.0000 -280.9989 3336.7878
v 138000.0000 -276.2850 3295.1157
v 138000.0000 -267.3149 3255.9733
v 138000.0000 -252.6383 3219.5359
v 138000.0000 -232.6259 3186.0216
v 138000.0000 -207.4059 3155.7120
v 138000.0000 -176.8130 3128.9905
v 138000.0000 -140.1679 3106.4253
v 138000.0000 -95.3934 3088.9998
v 138000.0000 -26.7127 3079.4695
v 138500.0000 0.0000 3178.5913
v 138500.0000 18.0806 3178.5913
v 138500.0000 68.9600 3187.2785
v 138500.0000 101.3375 3203.1625
v 138500.0000 126.7354 3223.7316
v 138500.0000 146.4687 3248.0893
v 138500.0000 160.7444 3275.7178
v 138500.0000 169.2567 3306.2674
v 138500.0000 172.3529 3339.4815
v 138500.0000 174.9081 3375.1615
v 138500.0000 177.6285 3413.1472
v 138500.0000 180.5046 3453.3065
v 138500.0000 183.5283 3495.5274
v 138500.0000 186.6927 3539.7138
v 138500.0000 189.9920 3585.7819
v 138500.0000 193.4206 3633.6577
v 138500.0000 196.9741 3683.2753
v 138500.0000 200.6480 3734.5758
v 138500.0000 204.4386 3787.5054
v 138500.0000 208.3424 3842.0157
v 138500.0000 212.3563 3898.0620
v 138500.0000 216.4771 3955.6032
v 138500.0000 220.7024 4014.6016
v 138500.0000 225.0295 4075.0220
v 138500.0000 229.4560 4136.8316
v 138500.0000 233.9799 4200.0000
v 138500.0000 210.5819 4200.0000
v 138500.0000 187.1839 4200.0000
v 138500.0000 163.7859 4200.0000
v 138500.0000 140.3879 4200.0000
v 138500.0000 116.9899 4200.0000
v 138500.0000 93.5920 4200.0000
v 138500.0000 70.1940 4200.0000
v 138500.0000 46.7960 4200.0000
v 138500.0000 23.3980 4200.0000
v 138500.0000 0.0000 4200.0000
v 138500.0000 -23.3980 4200.0000
v 138500.0000 -46.7960 4200.0000
v 138500.0000 -70.1940 4200.0000
v 138500.0000 -93.5920 4200.0000
v 138500.0000 -116.9899 4200.0000
v 138500.0000 -140.3879 4200.0000
v 138500.0000 -163.7859 4200.0000
v 138500.0000 -187.1839 4200.0000
v 138500.0000 -210.5819 4200.0000
v 138500.0000 -233.9799 4200.0000
v 138500.0000 -229.4560 4136.8316
v 138500.0000 -225.0295 4075.0220
v 138500.0000 -220.7024 4014.6016
v 138500.0000 -216.4771 3955.6032
v 138500.0000 -212.3563 3898.0620
v 138500.0000 -208.3424 3842.0157
v 138500.0000 -204.4386 3787.5054
v 138500.0000 -200.6480 3734.5758
v 138500.0000 -196.9741 3683.2753
v 138500.0000 -193.4206 3633.6577
v 138500.0000 -189.9920 3585.7819
v 138500.0000 -186.6927 3539.7138
v 138500.0000 -183.5283 3495.5274
v 138500.0000 -180.5046 3453.3065
v 138500.0000 -177.6285 3413.1472
v 138500.0000 -174.9081 3375.1615
v 138500.0000 -172.3529 3339.4815
v 138500.0000 -169.2567 3306.2674
v 138500.0000 -160.7444 3275.7178
v 138500.0000 -146.4687 3248.0893
v 138500.0000 -126.7354 3223.7316
v 138500.0000 -101.3375 3203.1625
v 138500.0000 -68.9600 3187.2785
v 138500.0000 -18.0806 3178.5913
v 139000.0000 0.0000 3280.0000
v 139000.0000 15.0000 3280.0000
v 139000.0000 48.3024 3287.8248
v 139000.0000 68.1058 3302.1318
v 139000.0000 81.5418 3320.6586
v 139000.0000 88.7813 3342.5981
v 139000.0000 90.2322 3367.4835
v 139000.0000 91.1258 3395.0000
v 139000.0000 92.0974 3424.9166
v 139000.0000 93.1410 3457.0541
v 139000.0000 94.2521 3491.2685
v 139000.0000 95.4268 3527.4406
v 139000.0000 96.6618 3565.4697
v 139000.0000 97.9542 3605.2691
v 139000.0000 99.3017 3646.7634
v 139000.0000 100.7021 3689.8859
v 139000.0000 102.1534 3734.5774
v 139000.0000 103.6540 3780.7846
v 139000.0000 105.2022 3828.4592
v 139000.0000 106.7967 3877.5575
v 139000.0000 108.4360 3928.0393
v 139000.0000 110.1191 3979.8677
v 139000.0000 111.8449 4033.0085
v 139000.0000 113.6122 4087.4302
v 139000.0000 115.4201 4143.1032
v 139000.0000 117.2678 4200.0000
v 139000.0000 105.5410 4200.0000
v 139000.0000 93.8143 4200.0000
v 139000.0000 82.0875 4200.0000
v 139000.0000 70.3607 4200.0000
v 139000.0000 58.6339 4200.0000
v 139000.0000 46.9071 4200.0000
v 139000.0000 35.1803 4200.0000
v 139000.0000 23.4536 4200.0000
v 139000.0000 11.7268 4200.0000
v 139000.0000 0.0000 4200.0000
v 139000.0000 -11.7268 4200.0000
v 139000.0000 -23.4536 4200.0000
v 139000.0000 -35.1803 4200.0000
v 139000.0000 -46.9071 4200.0000
v 139000.0000 -58.6339 4200.0000
v 139000.0000 -70.3607 4200.0000
v 139000.0000 -82.0875 4200.0000
v 139000.0000 -93.8143 4200.0000
v 139000.0000 -105.5410 4200.0000
v 139000.0000 -117.2678 4200.0000
v 139000.0000 -115.4201 4143.1032
v 139000.0000 -113.6122 4087.4302
v 139000.0000 -111.8449 4033.0085
v 139000.0000 -110.1191 3979.8677
v 139000.0000 -108.4360 3928.0393
v 139000.0000 -106.7967 3877.5575
v 139000.0000 -105.2022 3828.4592
v 139000.0000 -103.6540 3780.7846
v 139000.0000 -102.1534 3734.5774
v 139000.0000 -100.7021 3689.8859
v 139000.0000 -99.3017 3646.7634
v 139000.0000 -97.9542 3605.2691
v 139000.0000 -96.6618 3565.4697
v 139000.0000 -95.4268 3527.4406
v 139000.0000 -94.2521 3491.2685
v 139000.0000 -93.1410 3457.0541
v 139000.0000 -92.0974 3424.9166
v 139000.0000 -91.1258 3395.0000
v 139000.0000 -90.2322 3367.4835
v 139000.0000 -88.7813 3342.5981
v 139000.0000 -81.5418 3320.6586
v 139000.0000 -68.1058 3302.1318
v 139000.0000 -48.3024 3287.8248
v 139000.0000 -15.0000 3280.0000
f 1 2 72 71
f 2 3 73 72
f 3 4 74 73
f 4 5 75 74
f 5 6 76 75
f 6 7 77 76
f 7 8 78 77
f 8 9 79 78
f 9 10 80 79
f 10 11 81 80
f 11 12 82 81
f 12 13 83 82
f 13 14 84 83
f 14 15 85 84
f 15 16 86 85
f 16 17 87 86
f 17 18 88 87
f 18 19 89 88
f 19 20 90 89
f 20 21 91 90
f 21 22 92 91
f 22 23 93 92
f 23 24 94 93
f 24 25 95 94
f 25 26 96 95
f 26 27 97 96
f 27 28 98 97
f 28 29 99 98
f 29 30 100 99
f 30 31 101 100
f 31 32 102 101
f 32 33 103 102
f 33 34 104 103
f 34 35 105 104
f 35 36 106 105
f 36 37 107 106
f 37 38 108 107
f 38 39 109 108
f 39 40 110 109
f 40 41 111 110
f 41 42 112 111
f 42 43 113 112
f 43 44 114 113
f 44 45 115 114
f 45 46 116 115
f 46 47 117 116
f 47 48 118 117
f 48 49 119 118
f 49 50 120 119
f 50 51 121 120
f 51 52 122 121
f 52 53 123 122
f 53 54 124 123
f 54 55 125 124
f 55 56 126 125
f 56 57 127 126
f 57 58 128 127
f 58 59 129 128
f 59 60 130 129
f 60 61 131 130
f 61 62 132 131
f 62 63 133 132
f 63 64 134 133
f 64 65 135 134
f 65 66 136 135
f 66 67 137 136
f 67 68 138 137
f 68 69 139 138
f 69 70 140 139
f 70 1 71 140
f 71 72 142 141
f 72 73 143 142
f 73 74 144 143
f 74 75 145 144
f 75 76 146 145
f 76 77 147 146
f 77 78 148 147
f 78 79 149 148
f 79 80 150 149
f 80 81 151 150
f 81 82 152 151
f 82 83 153 152
f 83 84 154 153
f 84 85 155 154
f 85 86 156 155
f 86 87 157 156
f 87 88 158 157
f 88 89 159 158
f 89 90 160 159
f 90 91 161 160
f 91 92 162 161
f 92 93 163 162
f 93 94 164 163
f 94 95 165 164
f 95 96 166 165
f 96 97 167 166
f 97 98 168 167
f 98 99 169 168
f 99 100 170 169
f 100 101 171 170
f 101 102 172 171
f 102 103 173 172
f 103 104 174 173
f 104 105 175 174
f 105 106 176 175
f 106 107 177 176
f 107 108 178 177
f 108 109 179 178
f 109 110 180 179
f 110 111 181 180
f 111 112 182 181
f 112 113 183 182
f 113 114 184 183
f 114 115 185 184
f 115 116 186 185
f 116 117 187 186
f 117 118 188 187
f 118 119 189 188
f 119 120 190 189
f 120 121 191 190
f 121 122 192 191
f 122 123 193 192
f 123 124 194 193
f 124 125 195 194
f 125 126 196 195
f 126 127 197 196
f 127 128 198 197
f 128 129 199 198
f 129 130 200 199
f 130 131 201 200
f 131 132 202 201
f 132 133 203 202
f 133 134 204 203
f 134 135 205 204
f 135 136 206 205
f 136 137 207 206
f 137 138 208 207
f 138 139 209 208
f 139 140 210 209
f 140 71 141 210
f 141 142 212 211
f 142 143 213 212
f 143 144 214 213
f 144 145 215 214
f 145 146 216 215
f 146 147 217 216
f 147 148 218 217
f 148 149 219 218
f 149 150 220 219
f 150 151 221 220
f 151 152 222 221
f 152 153 223 222
f 153 154 224 223
f 154 155 225 224
f 155 156 226 225
f 156 157 227 226
f 157 158 228 227
f 158 159 229 228
f 159 160 230 229
f 160 161 231 230
f 161 162 232 231
f 162 163 233 232
f 163 164 234 233
f 164 165 235 234
f 165 166 236 235
f 166 167 237 236
f 167 168 238 237
f 168 169 239 238
f 169 170 240 239
f 170 171 241 240
f 171 172 242 241
f 172 173 243 242
f 173 174 244 243
f 174 175 245 244
f 175 176 246 245
f 176 177 247 246
f 177 178 248 247
f 178 179 249 248
f 179 180 250 249
f 180 181 251 250
f 181 182 252 251
f 182 183 253 252
f 183 184 254 253
f 184 185 255 254
f 185 186 256 255
f 186 187 257 256
f 187 188 258 257
f 188 189 259 258
f 189 190 260 259
f 190 191 261 260
f 191 192 262 261
f 192 193 263 262
f 193 194 264 263
f 194 195 265 264
f 195 196 266 265
f 196 197 267 266
f 197 198 268 267
f 198 199 269 268
f 199 200 270 269
f 200 201 271 270
f 201 202 272 271
f 202 203 273 272
f 203 204 274 273
f 204 205 275 274
f 205 206 276 275
f 206 207 277 276
f 207 208 278 277
f 208 209 279 278
f 209 210 280 279
f 210 141 211 280
f 211 212 282 281
f 212 213 283 282
f 213 214 284 283
f 214 215 285 284
f 215 216 286 285
f 216 217 287 286
f 217 218 288 287
f 218 219 289 288
f 219 220 290 289
f 220 221 291 290
f 221 222 292 291
f 222 223 293 292
f 223 224 294 293
f 224 225 295 294
f 225 226 296 295
f 226 227 297 296
f 227 228 298 297
f 228 229 299 298
f 229 230 300 299
f 230 231 301 300
f 231 232 302 301
f 232 233 303 302
f 233 234 304 303
f 234 235 305 304
f 235 236 306 305
f 236 237 307 306
f 237 238 308 307
f 238 239 309 308
f 239 240 310 309
f 240 241 311 310
f 241 242 312 311
f 242 243 313 312
f 243 244 314 313
f 244 245 315 314
f 245 246 316 315
f 246 247 317 316
f 247 248 318 317
f 248 249 319 318
f 249 250 320 319
f 250 251 321 320
f 251 252 322 321
f 252 253 323 322
f 253 254 324 323
f 254 255 325 324
f 255 256 326 325
f 256 257 327 326
f 257 258 328 327
f 258 259 329 328
f 259 260 330 329
f 260 261 331 330
f 261 262 332 331
f 262 263 333 332
f 263 264 334 333
f 264 265 335 334
f 265 266 336 335
f 266 267 337 336
f 267 268 338 337
f 268 269 339 338
f 269 270 340 339
f 270 271 341 340
f 271 272 342 341
f 272 273 343 342
f 273 274 344 343
f 274 275 345 344
f 275 276 346 345
f 276 277 347 346
f 277 278 348 347
f 278 279 349 348
f 279 280 350 349
f 280 211 281 350
f 281 282 352 351
f 282 283 353 352
f 283 284 354 353
f 284 285 355 354
f 285 286 356 355
f 286 287 357 356
f 287 288 358 357
f 288 289 359 358
f 289 290 360 359
f 290 291 361 360
f 291 292 362 361
f 292 293 363 362
f 293 294 364 363
f 294 295 365 364
f 295 296 366 365
f 296 297 367 366
f 297 298 368 367
f 298 299 369 368
f 299 300 370 369
f 300 301 371 370
f 301 302 372 371
f 302 303 373 372
f 303 304 374 373
f 304 305 375 374
f 305 306 376 375
f 306 307 377 376
f 307 308 378 377
f 308 309 379 378
f 309 310 380 379
f 310 311 381 380
f 311 312 382 381
f 312 313 383 382
f 313 314 384 383
f 314 315 385 384
f 315 316 386 385
f 316 317 387 386
f 317 318 388 387
f 318 319 389 388
f 319 320 390 389
f 320 321 391 390
f 321 322 392 391
f 322 323 393 392
f 323 324 394 393
f 324 325 395 394
f 325 326 396 395
f 326 327 397 396
f 327 328 398 397
f 328 329 399 398
f 329 330 400 399
f 330 331 401 400
f 331 332 402 401
f 332 333 403 402
f 333 334 404 403
f 334 335 405 404
f 335 336 406 405
f 336 337 407 406
f 337 338 408 407
f 338 339 409 408
f 339 340 410 409
f 340 341 411 410
f 341 342 412 411
f 342 343 413 412
f 343 344 414 413
f 344 345 415 414
f 345 346 416 415
f 346 347 417 416
f 347 348 418 417
f 348 349 419 418
f 349 350 420 419
f 350 281 351 420
f 351 352 422 421
f 352 353 423 422
f 353 354 424 423
f 354 355 425 424
f 355 356 426 425
f 356 357 427 426
f 357 358 428 427
f 358 359 429 428
f 359 360 430 429
f 360 361 431 430
f 361 362 432 431
f 362 363 433 432
f 363 364 434 433
f 364 365 435 434
f 365 366 436 435
f 366 367 437 436
f 367 368 438 437
f 368 369 439 438
f 369 370 440 439
f 370 371 441 440
f 371 372 442 441
f 372 373 443 442
f 373 374 444 443
f 374 375 445 444
f 375 376 446 445
f 376 377 447 446
f 377 378 448 447
f 378 379 449 448
f 379 380 450 449
f 380 381 451 450
f 381 382 452 451
f 382 383 453 452
f 383 384 454 453
f 384 385 455 454
f 385 386 456 455
f 386 387 457 456
f 387 388 458 457
f 388 389 459 458
f 389 390 460 459
f 390 391 461 460
f 391 392 462 461
f 392 393 463 462
f 393 394 464 463
f 394 395 465 464
f 395 396 466 465
f 396 397 467 466
f 397 398 468 467
f 398 399 469 468
f 399 400 470 469
f 400 401 471 470
f 401 402 472 471
f 402 403 473 472
f 403 404 474 473
f 404 405 475 474
f 405 406 476 475
f 406 407 477 476
f 407 408 478 477
f 408 409 479 478
f 409 410 480 479
f 410 411 481 480
f 411 412 482 481
f 412 413 483 482
f 413 414 484 483
f 414 415 485 484
f 415 416 486 485
f 416 417 487 486
f 417 418 488 487
f 418 419 489 488
f 419 420 490 489
f 420 351 421 490
f 421 422 492 491
f 422 423 493 492
f 423 424 494 493
f 424 425 495 494
f 425 426 496 495
f 426 427 497 496
f 427 428 498 497
f 428 429 499 498
f 429 430 500 499
f 430 431 501 500
f 431 432 502 501
f 432 433 503 502
f 433 434 504 503
f 434 435 505 504
f 435 436 506 505
f 436 437 507 506
f 437 438 508 507
f 438 439 509 508
f 439 440 510 509
f 440 441 511 510
f 441 442 512 511
f 442 443 513 512
f 443 444 514 513
f 444 445 515 514
f 445 446 516 515
f 446 447 517 516
f 447 448 518 517
f 448 449 519 518
f 449 450 520 519
f 450 451 521 520
f 451 452 522 521
f 452 453 523 522
f 453 454 524 523
f 454 455 525 524
f 455 456 526 525
f 456 457 527 526
f 457 458 528 527
f 458 459 529 528
f 459 460 530 529
f 460 461 531 530
f 461 462 532 531
f 462 463 533 532
f 463 464 534 533
f 464 465 535 534
f 465 466 536 535
f 466 467 537 536
f 467 468 538 537
f 468 469 539 538
f 469 470 540 539
f 470 471 541 540
f 471 472 542 541
f 472 473 543 542
f 473 474 544 543
f 474 475 545 544
f 475 476 546 545
f 476 477 547 546
f 477 478 548 547
f 478 479 549 548
f 479 480 550 549
f 480 481 551 550
f 481 482 552 551
f 482 483 553 552
f 483 484 554 553
f 484 485 555 554
f 485 486 556 555
f 486 487 557 556
f 487 488 558 557
f 488 489 559 558
f 489 490 560 559
f 490 421 491 560
f 491 492 562 561
f 492 493 563 562
f 493 494 564 563
f 494 495 565 564
f 495 496 566 565
f 496 497 567 566
f 497 498 568 567
f 498 499 569 568
f 499 500 570 569
f 500 501 571 570
f 501 502 572 571
f 502 503 573 572
f 503 504 574 573
f 504 505 575 574
f 505 506 576 575
f 506 507 577 576
f 507 508 578 577
f 508 509 579 578
f 509 510 580 579
f 510 511 581 580
f 511 512 582 581
f 512 513 583 582
f 513 514 584 583
f 514 515 585 584
f 515 516 586 585
f 516 517 587 586
f 517 518 588 587
f 518 519 589 588
f 519 520 590 589
f 520 521 591 590
f 521 522 592 591
f 522 523 593 592
f 523 524 594 593
f 524 525 595 594
f 525 526 596 595
f 526 527 597 596
f 527 528 598 597
f 528 529 599 598
f 529 530 600 599
f 530 531 601 600
f 531 532 602 601
f 532 533 603 602
f 533 534 604 603
f 534 535 605 604
f 535 536 606 605
f 536 537 607 606
f 537 538 608 607
f 538 539 609 608
f 539 540 610 609
f 540 541 611 610
f 541 542 612 611
f 542 543 613 612
f 543 544 614 613
f 544 545 615 614
f 545 546 616 615
f 546 547 617 616
f 547 548 618 617
f 548 549 619 618
f 549 550 620 619
f 550 551 621 620
f 551 552 622 621
f 552 553 623 622
f 553 554 624 623
f 554 555 625 624
f 555 556 626 625
f 556 557 627 626
f 557 558 628 627
f 558 559 629 628
f 559 560 630 629
f 560 491 561 630
f 561 562 632 631
f 562 563 633 632
f 563 564 634 633
f 564 565 635 634
f 565 566 636 635
f 566 567 637 636
f 567 568 638 637
f 568 569 639 638
f 569 570 640 639
f 570 571 641 640
f 571 572 642 641
f 572 573 643 642
f 573 574 644 643
f 574 575 645 644
f 575 576 646 645
f 576 577 647 646
f 577 578 648 647
f 578 579 649 648
f 579 580 650 649
f 580 581 651 650
f 581 582 652 651
f 582 583 653 652
f 583 584 654 653
f 584 585 655 654
f 585 586 656 655
f 586 587 657 656
f 587 588 658 657
f 588 589 659 658
f 589 590 660 659
f 590 591 661 660
f 591 592 662 661
f 592 593 663 662
f 593 594 664 663
f 594 595 665 664
f 595 596 666 665
f 596 597 667 666
f 597 598 668 667
f 598 599 669 668
f 599 600 670 669
f 600 601 671 670
f 601 602 672 671
f 602 603 673 672
f 603 604 674 673
f 604 605 675 674
f 605 606 676 675
f 606 607 677 676
f 607 608 678 677
f 608 609 679 678
f 609 610 680 679
f 610 611 681 680
f 611 612 682 681
f 612 613 683 682
f 613 614 684 683
f 614 615 685 684
f 615 616 686 685
f 616 617 687 686
f 617 618 688 687
f 618 619 689 688
f 619 620 690 689
f 620 621 691 690
f 621 622 692 691
f 622 623 693 692
f 623 624 694 693
f 624 625 695 694
f 625 626 696 695
f 626 627 697 696
f 627 628 698 697
f 628 629 699 698
f 629 630 700 699
f 630 561 631 700
f 631 632 702 701
f 632 633 703 702
f 633 634 704 703
f 634 635 705 704
f 635 636 706 705
f 636 637 707 706
f 637 638 708 707
f 638 639 709 708
f 639 640 710 709
f 640 641 711 710
f 641 642 712 711
f 642 643 713 712
f 643 644 714 713
f 644 645 715 714
f 645 646 716 715
f 646 647 717 716
f 647 648 718 717
f 648 649 719 718
f 649 650 720 719
f 650 651 721 720
f 651 652 722 721
f 652 653 723 722
f 653 654 724 723
f 654 655 725 724
f 655 656 726 725
f 656 657 727 726
f 657 658 728 727
f 658 659 729 728
f 659 660 730 729
f 660 661 731 730
f 661 662 732 731
f 662 663 733 732
f 663 664 734 733
f 664 665 735 734
f 665 666 736 735
f 666 667 737 736
f 667 668 738 737
f 668 669 739 738
f 669 670 740 739
f 670 671 741 740
f 671 672 742 741
f 672 673 743 742
f 673 674 744 743
f 674 675 745 744
f 675 676 746 745
f 676 677 747 746
f 677 678 748 747
f 678 679 749 748
f 679 680 750 749
f 680 681 751 750
f 681 682 752 751
f 682 683 753 752
f 683 684 754 753
f 684 685 755 754
f 685 686 756 755
f 686 687 757 756
f 687 688 758 757
f 688 689 759 758
f 689 690 760 759
f 690 691 761 760
f 691 692 762 761
f 692 693 763 762
f 693 694 764 763
f 694 695 765 764
f 695 696 766 765
f 696 697 767 766
f 697 698 768 767
f 698 699 769 768
f 699 700 770 769
f 700 631 701 770
f 701 702 772 771
f 702 703 773 772
f 703 704 774 773
f 704 705 775 774
f 705 706 776 775
f 706 707 777 776
f 707 708 778 777
f 708 709 779 778
f 709 710 780 779
f 710 711 781 780
f 711 712 782 781
f 712 713 783 782
f 713 714 784 783
f 714 715 785 784
f 715 716 786 785
f 716 717 787 786
f 717 718 788 787
f 718 719 789 788
f 719 720 790 789
f 720 721 791 790
f 721 722 792 791
f 722 723 793 792
f 723 724 794 793
f 724 725 795 794
f 725 726 796 795
f 726 727 797 796
f 727 728 798 797
f 728 729 799 798
f 729 730 800 799
f 730 731 801 800
f 731 732 802 801
f 732 733 803 802
f 733 734 804 803
f 734 735 805 804
f 735 736 806 805
f 736 737 807 806
f 737 738 808 807
f 738 739 809 808
f 739 740 810 809
f 740 741 811 810
f 741 742 812 811
f 742 743 813 812
f 743 744 814 813
f 744 745 815 814
f 745 746 816 815
f 746 747 817 816
f 747 748 818 817
f 748 749 819 818
f 749 750 820 819
f 750 751 821 820
f 751 752 822 821
f 752 753 823 822
f 753 754 824 823
f 754 755 825 824
f 755 756 826 825
f 756 757 827 826
f 757 758 828 827
f 758 759 829 828
f 759 760 830 829
f 760 761 831 830
f 761 762 832 831
f 762 763 833 832
f 763 764 834 833
f 764 765 835 834
f 765 766 836 835
f 766 767 837 836
f 767 768 838 837
f 768 769 839 838
f 769 770 840 839
f 770 701 771 840
f 771 772 842 841
f 772 773 843 842
f 773 774 844 843
f 774 775 845 844
f 775 776 846 845
f 776 777 847 846
f 777 778 848 847
f 778 779 849 848
f 779 780 850 849
f 780 781 851 850
f 781 782 852 851
f 782 783 853 852
f 783 784 854 853
f 784 785 855 854
f 785 786 856 855
f 786 787 857 856
f 787 788 858 857
f 788 789 859 858
f 789 790 860 859
f 790 791 861 860
f 791 792 862 861
f 792 793 863 862
f 793 794 864 863
f 794 795 865 864
f 795 796 866 865
f 796 797 867 866
f 797 798 868 867
f 798 799 869 868
f 799 800 870 869
f 800 801 871 870
f 801 802 872 871
f 802 803 873 872
f 803 804 874 873
f 804 805 875 874
f 805 806 876 875
f 806 807 877 876
f 807 808 878 877
f 808 809 879 878
f 809 810 880 879
f 810 811 881 880
f 811 812 882 881
f 812 813 883 882
f 813 814 884 883
f 814 815 885 884
f 815 816 886 885
f 816 817 887 886
f 817 818 888 887
f 818 819 889 888
f 819 820 890 889
f 820 821 891 890
f 821 822 892 891
f 822 823 893 892
f 823 824 894 893
f 824 825 895 894
f 825 826 896 895
f 826 827 897 896
f 827 828 898 897
f 828 829 899 898
f 829 830 900 899
f 830 831 901 900
f 831 832 902 901
f 832 833 903 902
f 833 834 904 903
f 834 835 905 904
f 835 836 906 905
f 836 837 907 906
f 837 838 908 907
f 838 839 909 908
f 839 840 910 909
f 840 771 841 910
f 841 842 912 911
f 842 843 913 912
f 843 844 914 913
f 844 845 915 914
f 845 846 916 915
f 846 847 917 916
f 847 848 918 917
f 848 849 919 918
f 849 850 920 919
f 850 851 921 920
f 851 852 922 921
f 852 853 923 922
f 853 854 924 923
f 854 855 925 924
f 855 856 926 925
f 856 857 927 926
f 857 858 928 927
f 858 859 929 928
f 859 860 930 929
f 860 861 931 930
f 861 862 932 931
f 862 863 933 932
f 863 864 934 933
f 864 865 935 934
f 865 866 936 935
f 866 867 937 936
f 867 868 938 937
f 868 869 939 938
f 869 870 940 939
f 870 871 941 940
f 871 872 942 941
f 872 873 943 942
f 873 874 944 943
f 874 875 945 944
f 875 876 946 945
f 876 877 947 946
f 877 878 948 947
f 878 879 949 948
f 879 880 950 949
f 880 881 951 950
f 881 882 952 951
f 882 883 953 952
f 883 884 954 953
f 884 885 955 954
f 885 886 956 955
f 886 887 957 956
f 887 888 958 957
f 888 889 959 958
f 889 890 960 959
f 890 891 961 960
f 891 892 962 961
f 892 893 963 962
f 893 894 964 963
f 894 895 965 964
f 895 896 966 965
f 896 897 967 966
f 897 898 968 967
f 898 899 969 968
f 899 900 970 969
f 900 901 971 970
f 901 902 972 971
f 902 903 973 972
f 903 904 974 973
f 904 905 975 974
f 905 906 976 975
f 906 907 977 976
f 907 908 978 977
f 908 909 979 978
f 909 910 980 979
f 910 841 911 980
f 911 912 982 981
f 912 913 983 982
f 913 914 984 983
f 914 915 985 984
f 915 916 986 985
f 916 917 987 986
f 917 918 988 987
f 918 919 989 988
f 919 920 990 989
f 920 921 991 990
f 921 922 992 991
f 922 923 993 992
f 923 924 994 993
f 924 925 995 994
f 925 926 996 995
f 926 927 997 996
f 927 928 998 997
f 928 929 999 998
f 929 930 1000 999
f 930 931 1001 1000
f 931 932 1002 1001
f 932 933 1003 1002
f 933 934 1004 1003
f 934 935 1005 1004
f 935 936 1006 1005
f 936 937 1007 1006
f 937 938 1008 1007
f 938 939 1009 1008
f 939 940 1010 1009
f 940 941 1011 1010
f 941 942 1012 1011
f 942 943 1013 1012
f 943 944 1014 1013
f 944 945 1015 1014
f 945 946 1016 1015
f 946 947 1017 1016
f 947 948 1018 1017
f 948 949 1019 1018
f 949 950 1020 1019
f 950 951 1021 1020
f 951 952 1022 1021
f 952 953 1023 1022
f 953 954 1024 1023
f 954 955 1025 1024
f 955 956 1026 1025
f 956 957 1027 1026
f 957 958 1028 1027
f 958 959 1029 1028
f 959 960 1030 1029
f 960 961 1031 1030
f 961 962 1032 1031
f 962 963 1033 1032
f 963 964 1034 1033
f 964 965 1035 1034
f 965 966 1036 1035
f 966 967 1037 1036
f 967 968 1038 1037
f 968 969 1039 1038
f 969 970 1040 1039
f 970 971 1041 1040
f 971 972 1042 1041
f 972 973 1043 1042
f 973 974 1044 1043
f 974 975 1045 1044
f 975 976 1046 1045
f 976 977 1047 1046
f 977 978 1048 1047
f 978 979 1049 1048
f 979 980 1050 1049
f 980 911 981 1050
f 981 982 1052 1051
f 982 983 1053 1052
f 983 984 1054 1053
f 984 985 1055 1054
f 985 986 1056 1055
f 986 987 1057 1056
f 987 988 1058 1057
f 988 989 1059 1058
f 989 990 1060 1059
f 990 991 1061 1060
f 991 992 1062 1061
f 992 993 1063 1062
f 993 994 1064 1063
f 994 995 1065 1064
f 995 996 1066 1065
f 996 997 1067 1066
f 997 998 1068 1067
f 998 999 1069 1068
f 999 1000 1070 1069
f 1000 1001 1071 1070
f 1001 1002 1072 1071
f 1002 1003 1073 1072
f 1003 1004 1074 1073
f 1004 1005 1075 1074
f 1005 1006 1076 1075
f 1006 1007 1077 1076
f 1007 1008 1078 1077
f 1008 1009 1079 1078
f 1009 1010 1080 1079
f 1010 1011 1081 1080
f 1011 1012 1082 1081
f 1012 1013 1083 1082
f 1013 1014 1084 1083
f 1014 1015 1085 1084
f 1015 1016 1086 1085
f 1016 1017 1087 1086
f 1017 1018 1088 1087
f 1018 1019 1089 1088
f 1019 1020 1090 1089
f 1020 1021 1091 1090
f 1021 1022 1092 1091
f 1022 1023 1093 1092
f 1023 1024 1094 1093
f 1024 1025 1095 1094
f 1025 1026 1096 1095
f 1026 1027 1097 1096
f 1027 1028 1098 1097
f 1028 1029 1099 1098
f 1029 1030 1100 1099
f 1030 1031 1101 1100
f 1031 1032 1102 1101
f 1032 1033 1103 1102
f 1033 1034 1104 1103
f 1034 1035 1105 1104
f 1035 1036 1106 1105
f 1036 1037 1107 1106
f 1037 1038 1108 1107
f 1038 1039 1109 1108
f 1039 1040 1110 1109
f 1040 1041 1111 1110
f 1041 1042 1112 1111
f 1042 1043 1113 1112
f 1043 1044 1114 1113
f 1044 1045 1115 1114
f 1045 1046 1116 1115
f 1046 1047 1117 1116
f 1047 1048 1118 1117
f 1048 1049 1119 1118
f 1049 1050 1120 1119
f 1050 981 1051 1120
f 1051 1052 1122 1121
f 1052 1053 1123 1122
f 1053 1054 1124 1123
f 1054 1055 1125 1124
f 1055 1056 1126 1125
f 1056 1057 1127 1126
f 1057 1058 1128 1127
f 1058 1059 1129 1128
f 1059 1060 1130 1129
f 1060 1061 1131 1130
f 1061 1062 1132 1131
f 1062 1063 1133 1132
f 1063 1064 1134 1133
f 1064 1065 1135 1134
f 1065 1066 1136 1135
f 1066 1067 1137 1136
f 1067 1068 1138 1137
f 1068 1069 1139 1138
f 1069 1070 1140 1139
f 1070 1071 1141 1140
f 1071 1072 1142 1141
f 1072 1073 1143 1142
f 1073 1074 1144 1143
f 1074 1075 1145 1144
f 1075 1076 1146 1145
f 1076 1077 1147 1146
f 1077 1078 1148 1147
f 1078 1079 1149 1148
f 1079 1080 1150 1149
f 1080 1081 1151 1150
f 1081 1082 1152 1151
f 1082 1083 1153 1152
f 1083 1084 1154 1153
f 1084 1085 1155 1154
f 1085 1086 1156 1155
f 1086 1087 1157 1156
f 1087 1088 1158 1157
f 1088 1089 1159 1158
f 1089 1090 1160 1159
f 1090 1091 1161 1160
f 1091 1092 1162 1161
f 1092 1093 1163 1162
f 1093 1094 1164 1163
f 1094 1095 1165 1164
f 1095 1096 1166 1165
f 1096 1097 1167 1166
f 1097 1098 1168 1167
f 1098 1099 1169 1168
f 1099 1100 1170 1169
f 1100 1101 1171 1170
f 1101 1102 1172 1171
f 1102 1103 1173 1172
f 1103 1104 1174 1173
f 1104 1105 1175 1174
f 1105 1106 1176 1175
f 1106 1107 1177 1176
f 1107 1108 1178 1177
f 1108 1109 1179 1178
f 1109 1110 1180 1179
f 1110 1111 1181 1180
f 1111 1112 1182 1181
f 1112 1113 1183 1182
f 1113 1114 1184 1183
f 1114 1115 1185 1184
f 1115 1116 1186 1185
f 1116 1117 1187 1186
f 1117 1118 1188 1187
f 1118 1119 1189 1188
f 1119 1120 1190 1189
f 1120 1051 1121 1190
f 1121 1122 1192 1191
f 1122 1123 1193 1192
f 1123 1124 1194 1193
f 1124 1125 1195 1194
f 1125 1126 1196 1195
f 1126 1127 1197 1196
f 1127 1128 1198 1197
f 1128 1129 1199 1198
f 1129 1130 1200 1199
f 1130 1131 1201 1200
f 1131 1132 1202 1201
f 1132 1133 1203 1202
f 1133 1134 1204 1203
f 1134 1135 1205 1204
f 1135 1136 1206 1205
f 1136 1137 1207 1206
f 1137 1138 1208 1207
f 1138 1139 1209 1208
f 1139 1140 1210 1209
f 1140 1141 1211 1210
f 1141 1142 1212 1211
f 1142 1143 1213 1212
f 1143 1144 1214 1213
f 1144 1145 1215 1214
f 1145 1146 1216 1215
f 1146 1147 1217 1216
f 1147 1148 1218 1217
f 1148 1149 1219 1218
f 1149 1150 1220 1219
f 1150 1151 1221 1220
f 1151 1152 1222 1221
f 1152 1153 1223 1222
f 1153 1154 1224 1223
f 1154 1155 1225 1224
f 1155 1156 1226 1225
f 1156 1157 1227 1226
f 1157 1158 1228 1227
f 1158 1159 1229 1228
f 1159 1160 1230 1229
f 1160 1161 1231 1230
f 1161 1162 1232 1231
f 1162 1163 1233 1232
f 1163 1164 1234 1233
f 1164 1165 1235 1234
f 1165 1166 1236 1235
f 1166 1167 1237 1236
f 1167 1168 1238 1237
f 1168 1169 1239 1238
f 1169 1170 1240 1239
f 1170 1171 1241 1240
f 1171 1172 1242 1241
f 1172 1173 1243 1242
f 1173 1174 1244 1243
f 1174 1175 1245 1244
f 1175 1176 1246 1245
f 1176 1177 1247 1246
f 1177 1178 1248 1247
f 1178 1179 1249 1248
f 1179 1180 1250 1249
f 1180 1181 1251 1250
f 1181 1182 1252 1251
f 1182 1183 1253 1252
f 1183 1184 1254 1253
f 1184 1185 1255 1254
f 1185 1186 1256 1255
f 1186 1187 1257 1256
f 1187 1188 1258 1257
f 1188 1189 1259 1258
f 1189 1190 1260 1259
f 1190 1121 1191 1260
f 1191 1192 1262 1261
f 1192 1193 1263 1262
f 1193 1194 1264 1263
f 1194 1195 1265 1264
f 1195 1196 1266 1265
f 1196 1197 1267 1266
f 1197 1198 1268 1267
f 1198 1199 1269 1268
f 1199 1200 1270 1269
f 1200 1201 1271 1270
f 1201 1202 1272 1271
f 1202 1203 1273 1272
f 1203 1204 1274 1273
f 1204 1205 1275 1274
f 1205 1206 1276 1275
f 1206 1207 1277 1276
f 1207 1208 1278 1277
f 1208 1209 1279 1278
f 1209 1210 1280 1279
f 1210 1211 1281 1280
f 1211 1212 1282 1281
f 1212 1213 1283 1282
f 1213 1214 1284 1283
f 1214 1215 1285 1284
f 1215 1216 1286 1285
f 1216 1217 1287 1286
f 1217 1218 1288 1287
f 1218 1219 1289 1288
f 1219 1220 1290 1289
f 1220 1221 1291 1290
f 1221 1222 1292 1291
f 1222 1223 1293 1292
f 1223 1224 1294 1293
f 1224 1225 1295 1294
f 1225 1226 1296 1295
f 1226 1227 1297 1296
f 1227 1228 1298 1297
f 1228 1229 1299 1298
f 1229 1230 1300 1299
f 1230 1231 1301 1300
f 1231 1232 1302 1301
f 1232 1233 1303 1302
f 1233 1234 1304 1303
f 1234 1235 1305 1304
f 1235 1236 1306 1305
f 1236 1237 1307 1306
f 1237 1238 1308 1307
f 1238 1239 1309 1308
f 1239 1240 1310 1309
f 1240 1241 1311 1310
f 1241 1242 1312 1311
f 1242 1243 1313 1312
f 1243 1244 1314 1313
f 1244 1245 1315 1314
f 1245 1246 1316 1315
f 1246 1247 1317 1316
f 1247 1248 1318 1317
f 1248 1249 1319 1318
f 1249 1250 1320 1319
f 1250 1251 1321 1320
f 1251 1252 1322 1321
f 1252 1253 1323 1322
f 1253 1254 1324 1323
f 1254 1255 1325 1324
f 1255 1256 1326 1325
f 1256 1257 1327 1326
f 1257 1258 1328 1327
f 1258 1259 1329 1328
f 1259 1260 1330 1329
f 1260 1191 1261 1330
f 1261 1262 1332 1331
f 1262 1263 1333 1332
f 1263 1264 1334 1333
f 1264 1265 1335 1334
f 1265 1266 1336 1335
f 1266 1267 1337 1336
f 1267 1268 1338 1337
f 1268 1269 1339 1338
f 1269 1270 1340 1339
f 1270 1271 1341 1340
f 1271 1272 1342 1341
f 1272 1273 1343 1342
f 1273 1274 1344 1343
f 1274 1275 1345 1344
f 1275 1276 1346 1345
f 1276 1277 1347 1346
f 1277 1278 1348 1347
f 1278 1279 1349 1348
f 1279 1280 1350 1349
f 1280 1281 1351 1350
f 1281 1282 1352 1351
f 1282 1283 1353 1352
f 1283 1284 1354 1353
f 1284 1285 1355 1354
f 1285 1286 1356 1355
f 1286 1287 1357 1356
f 1287 1288 1358 1357
f 1288 1289 1359 1358
f 1289 1290 1360 1359
f 1290 1291 1361 1360
f 1291 1292 1362 1361
f 1292 1293 1363 1362
f 1293 1294 1364 1363
f 1294 1295 1365 1364
f 1295 1296 1366 1365
f 1296 1297 1367 1366
f 1297 1298 1368 1367
f 1298 1299 1369 1368
f 1299 1300 1370 1369
f 1300 1301 1371 1370
f 1301 1302 1372 1371
f 1302 1303 1373 1372
f 1303 1304 1374 1373
f 1304 1305 1375 1374
f 1305 1306 1376 1375
f 1306 1307 1377 1376
f 1307 1308 1378 1377
f 1308 1309 1379 1378
f 1309 1310 1380 1379
f 1310 1311 1381 1380
f 1311 1312 1382 1381
f 1312 1313 1383 1382
f 1313 1314 1384 1383
f 1314 1315 1385 1384
f 1315 1316 1386 1385
f 1316 1317 1387 1386
f 1317 1318 1388 1387
f 1318 1319 1389 1388
f 1319 1320 1390 1389
f 1320 1321 1391 1390
f 1321 1322 1392 1391
f 1322 1323 1393 1392
f 1323 1324 1394 1393
f 1324 1325 1395 1394
f 1325 1326 1396 1395
f 1326 1327 1397 1396
f 1327 1328 1398 1397
f 1328 1329 1399 1398
f 1329 1330 1400 1399
f 1330 1261 1331 1400
f 1331 1332 1402 1401
f 1332 1333 1403 1402
f 1333 1334 1404 1403
f 1334 1335 1405 1404
f 1335 1336 1406 1405
f 1336 1337 1407 1406
f 1337 1338 1408 1407
f 1338 1339 1409 1408
f 1339 1340 1410 1409
f 1340 1341 1411 1410
f 1341 1342 1412 1411
f 1342 1343 1413 1412
f 1343 1344 1414 1413
f 1344 1345 1415 1414
f 1345 1346 1416 1415
f 1346 1347 1417 1416
f 1347 1348 1418 1417
f 1348 1349 1419 1418
f 1349 1350 1420 1419
f 1350 1351 1421 1420
f 1351 1352 1422 1421
f 1352 1353 1423 1422
f 1353 1354 1424 1423
f 1354 1355 1425 1424
f 1355 1356 1426 1425
f 1356 1357 1427 1426
f 1357 1358 1428 1427
f 1358 1359 1429 1428
f 1359 1360 1430 1429
f 1360 1361 1431 1430
f 1361 1362 1432 1431
f 1362 1363 1433 1432
f 1363 1364 1434 1433
f 1364 1365 1435 1434
f 1365 1366 1436 1435
f 1366 1367 1437 1436
f 1367 1368 1438 1437
f 1368 1369 1439 1438
f 1369 1370 1440 1439
f 1370 1371 1441 1440
f 1371 1372 1442 1441
f 1372 1373 1443 1442
f 1373 1374 1444 1443
f 1374 1375 1445 1444
f 1375 1376 1446 1445
f 1376 1377 1447 1446
f 1377 1378 1448 1447
f 1378 1379 1449 1448
f 1379 1380 1450 1449
f 1380 1381 1451 1450
f 1381 1382 1452 1451
f 1382 1383 1453 1452
f 1383 1384 1454 1453
f 1384 1385 1455 1454
f 1385 1386 1456 1455
f 1386 1387 1457 1456
f 1387 1388 1458 1457
f 1388 1389 1459 1458
f 1389 1390 1460 1459
f 1390 1391 1461 1460
f 1391 1392 1462 1461
f 1392 1393 1463 1462
f 1393 1394 1464 1463
f 1394 1395 1465 1464
f 1395 1396 1466 1465
f 1396 1397 1467 1466
f 1397 1398 1468 1467
f 1398 1399 1469 1468
f 1399 1400 1470 1469
f 1400 1331 1401 1470
f 1401 1402 1472 1471
f 1402 1403 1473 1472
f 1403 1404 1474 1473
f 1404 1405 1475 1474
f 1405 1406 1476 1475
f 1406 1407 1477 1476
f 1407 1408 1478 1477
f 1408 1409 1479 1478
f 1409 1410 1480 1479
f 1410 1411 1481 1480
f 1411 1412 1482 1481
f 1412 1413 1483 1482
f 1413 1414 1484 1483
f 1414 1415 1485 1484
f 1415 1416 1486 1485
f 1416 1417 1487 1486
f 1417 1418 1488 1487
f 1418 1419 1489 1488
f 1419 1420 1490 1489
f 1420 1421 1491 1490
f 1421 1422 1492 1491
f 1422 1423 1493 1492
f 1423 1424 1494 1493
f 1424 1425 1495 1494
f 1425 1426 1496 1495
f 1426 1427 1497 1496
f 1427 1428 1498 1497
f 1428 1429 1499 1498
f 1429 1430 1500 1499
f 1430 1431 1501 1500
f 1431 1432 1502 1501
f 1432 1433 1503 1502
f 1433 1434 1504 1503
f 1434 1435 1505 1504
f 1435 1436 1506 1505
f 1436 1437 1507 1506
f 1437 1438 1508 1507
f 1438 1439 1509 1508
f 1439 1440 1510 1509
f 1440 1441 1511 1510
f 1441 1442 1512 1511
f 1442 1443 1513 1512
f 1443 1444 1514 1513
f 1444 1445 1515 1514
f 1445 1446 1516 1515
f 1446 1447 1517 1516
f 1447 1448 1518 1517
f 1448 1449 1519 1518
f 1449 1450 1520 1519
f 1450 1451 1521 1520
f 1451 1452 1522 1521
f 1452 1453 1523 1522
f 1453 1454 1524 1523
f 1454 1455 1525 1524
f 1455 1456 1526 1525
f 1456 1457 1527 1526
f 1457 1458 1528 1527
f 1458 1459 1529 1528
f 1459 1460 1530 1529
f 1460 1461 1531 1530
f 1461 1462 1532 1531
f 1462 1463 1533 1532
f 1463 1464 1534 1533
f 1464 1465 1535 1534
f 1465 1466 1536 1535
f 1466 1467 1537 1536
f 1467 1468 1538 1537
f 1468 1469 1539 1538
f 1469 1470 1540 1539
f 1470 1401 1471 1540
f 1471 1472 1542 1541
f 1472 1473 1543 1542
f 1473 1474 1544 1543
f 1474 1475 1545 1544
f 1475 1476 1546 1545
f 1476 1477 1547 1546
f 1477 1478 1548 1547
f 1478 1479 1549 1548
f 1479 1480 1550 1549
f 1480 1481 1551 1550
f 1481 1482 1552 1551
f 1482 1483 1553 1552
f 1483 1484 1554 1553
f 1484 1485 1555 1554
f 1485 1486 1556 1555
f 1486 1487 1557 1556
f 1487 1488 1558 1557
f 1488 1489 1559 1558
f 1489 1490 1560 1559
f 1490 1491 1561 1560
f 1491 1492 1562 1561
f 1492 1493 1563 1562
f 1493 1494 1564 1563
f 1494 1495 1565 1564
f 1495 1496 1566 1565
f 1496 1497 1567 1566
f 1497 1498 1568 1567
f 1498 1499 1569 1568
f 1499 1500 1570 1569
f 1500 1501 1571 1570
f 1501 1502 1572 1571
f 1502 1503 1573 1572
f 1503 1504 1574 1573
f 1504 1505 1575 1574
f 1505 1506 1576 1575
f 1506 1507 1577 1576
f 1507 1508 1578 1577
f 1508 1509 1579 1578
f 1509 1510 1580 1579
f 1510 1511 1581 1580
f 1511 1512 1582 1581
f 1512 1513 1583 1582
f 1513 1514 1584 1583
f 1514 1515 1585 1584
f 1515 1516 1586 1585
f 1516 1517 1587 1586
f 1517 1518 1588 1587
f 1518 1519 1589 1588
f 1519 1520 1590 1589
f 1520 1521 1591 1590
f 1521 1522 1592 1591
f 1522 1523 1593 1592
f 1523 1524 1594 1593
f 1524 1525 1595 1594
f 1525 1526 1596 1595
f 1526 1527 1597 1596
f 1527 1528 1598 1597
f 1528 1529 1599 1598
f 1529 1530 1600 1599
f 1530 1531 1601 1600
f 1531 1532 1602 1601
f 1532 1533 1603 1602
f 1533 1534 1604 1603
f 1534 1535 1605 1604
f 1535 1536 1606 1605
f 1536 1537 1607 1606
f 1537 1538 1608 1607
f 1538 1539 1609 1608
f 1539 1540 1610 1609
f 1540 1471 1541 1610
f 1541 1542 1612 1611
f 1542 1543 1613 1612
f 1543 1544 1614 1613
f 1544 1545 1615 1614
f 1545 1546 1616 1615
f 1546 1547 1617 1616
f 1547 1548 1618 1617
f 1548 1549 1619 1618
f 1549 1550 1620 1619
f 1550 1551 1621 1620
f 1551 1552 1622 1621
f 1552 1553 1623 1622
f 1553 1554 1624 1623
f 1554 1555 1625 1624
f 1555 1556 1626 1625
f 1556 1557 1627 1626
f 1557 1558 1628 1627
f 1558 1559 1629 1628
f 1559 1560 1630 1629
f 1560 1561 1631 1630
f 1561 1562 1632 1631
f 1562 1563 1633 1632
f 1563 1564 1634 1633
f 1564 1565 1635 1634
f 1565 1566 1636 1635
f 1566 1567 1637 1636
f 1567 1568 1638 1637
f 1568 1569 1639 1638
f 1569 1570 1640 1639
f 1570 1571 1641 1640
f 1571 1572 1642 1641
f 1572 1573 1643 1642
f 1573 1574 1644 1643
f 1574 1575 1645 1644
f 1575 1576 1646 1645
f 1576 1577 1647 1646
f 1577 1578 1648 1647
f 1578 1579 1649 1648
f 1579 1580 1650 1649
f 1580 1581 1651 1650
f 1581 1582 1652 1651
f 1582 1583 1653 1652
f 1583 1584 1654 1653
f 1584 1585 1655 1654
f 1585 1586 1656 1655
f 1586 1587 1657 1656
f 1587 1588 1658 1657
f 1588 1589 1659 1658
f 1589 1590 1660 1659
f 1590 1591 1661 1660
f 1591 1592 1662 1661
f 1592 1593 1663 1662
f 1593 1594 1664 1663
f 1594 1595 1665 1664
f 1595 1596 1666 1665
f 1596 1597 1667 1666
f 1597 1598 1668 1667
f 1598 1599 1669 1668
f 1599 1600 1670 1669
f 1600 1601 1671 1670
f 1601 1602 1672 1671
f 1602 1603 1673 1672
f 1603 1604 1674 1673
f 1604 1605 1675 1674
f 1605 1606 1676 1675
f 1606 1607 1677 1676
f 1607 1608 1678 1677
f 1608 1609 1679 1678
f 1609 1610 1680 1679
f 1610 1541 1611 1680
f 1611 1612 1682 1681
f 1612 1613 1683 1682
f 1613 1614 1684 1683
f 1614 1615 1685 1684
f 1615 1616 1686 1685
f 1616 1617 1687 1686
f 1617 1618 1688 1687
f 1618 1619 1689 1688
f 1619 1620 1690 1689
f 1620 1621 1691 1690
f 1621 1622 1692 1691
f 1622 1623 1693 1692
f 1623 1624 1694 1693
f 1624 1625 1695 1694
f 1625 1626 1696 1695
f 1626 1627 1697 1696
f 1627 1628 1698 1697
f 1628 1629 1699 1698
f 1629 1630 1700 1699
f 1630 1631 1701 1700
f 1631 1632 1702 1701
f 1632 1633 1703 1702
f 1633 1634 1704 1703
f 1634 1635 1705 1704
f 1635 1636 1706 1705
f 1636 1637 1707 1706
f 1637 1638 1708 1707
f 1638 1639 1709 1708
f 1639 1640 1710 1709
f 1640 1641 1711 1710
f 1641 1642 1712 1711
f 1642 1643 1713 1712
f 1643 1644 1714 1713
f 1644 1645 1715 1714
f 1645 1646 1716 1715
f 1646 1647 1717 1716
f 1647 1648 1718 1717
f 1648 1649 1719 1718
f 1649 1650 1720 1719
f 1650 1651 1721 1720
f 1651 1652 1722 1721
f 1652 1653 1723 1722
f 1653 1654 1724 1723
f 1654 1655 1725 1724
f 1655 1656 1726 1725
f 1656 1657 1727 1726
f 1657 1658 1728 1727
f 1658 1659 1729 1728
f 1659 1660 1730 1729
f 1660 1661 1731 1730
f 1661 1662 1732 1731
f 1662 1663 1733 1732
f 1663 1664 1734 1733
f 1664 1665 1735 1734
f 1665 1666 1736 1735
f 1666 1667 1737 1736
f 1667 1668 1738 1737
f 1668 1669 1739 1738
f 1669 1670 1740 1739
f 1670 1671 1741 1740
f 1671 1672 1742 1741
f 1672 1673 1743 1742
f 1673 1674 1744 1743
f 1674 1675 1745 1744
f 1675 1676 1746 1745
f 1676 1677 1747 1746
f 1677 1678 1748 1747
f 1678 1679 1749 1748
f 1679 1680 1750 1749
f 1680 1611 1681 1750
f 1681 1682 1752 1751
f 1682 1683 1753 1752
f 1683 1684 1754 1753
f 1684 1685 1755 1754
f 1685 1686 1756 1755
f 1686 1687 1757 1756
f 1687 1688 1758 1757
f 1688 1689 1759 1758
f 1689 1690 1760 1759
f 1690 1691 1761 1760
f 1691 1692 1762 1761
f 1692 1693 1763 1762
f 1693 1694 1764 1763
f 1694 1695 1765 1764
f 1695 1696 1766 1765
f 1696 1697 1767 1766
f 1697 1698 1768 1767
f 1698 1699 1769 1768
f 1699 1700 1770 1769
f 1700 1701 1771 1770
f 1701 1702 1772 1771
f 1702 1703 1773 1772
f 1703 1704 1774 1773
f 1704 1705 1775 1774
f 1705 1706 1776 1775
f 1706 1707 1777 1776
f 1707 1708 1778 1777
f 1708 1709 1779 1778
f 1709 1710 1780 1779
f 1710 1711 1781 1780
f 1711 1712 1782 1781
f 1712 1713 1783 1782
f 1713 1714 1784 1783
f 1714 1715 1785 1784
f 1715 1716 1786 1785
f 1716 1717 1787 1786
f 1717 1718 1788 1787
f 1718 1719 1789 1788
f 1719 1720 1790 1789
f 1720 1721 1791 1790
f 1721 1722 1792 1791
f 1722 1723 1793 1792
f 1723 1724 1794 1793
f 1724 1725 1795 1794
f 1725 1726 1796 1795
f 1726 1727 1797 1796
f 1727 1728 1798 1797
f 1728 1729 1799 1798
f 1729 1730 1800 1799
f 1730 1731 1801 1800
f 1731 1732 1802 1801
f 1732 1733 1803 1802
f 1733 1734 1804 1803
f 1734 1735 1805 1804
f 1735 1736 1806 1805
f 1736 1737 1807 1806
f 1737 1738 1808 1807
f 1738 1739 1809 1808
f 1739 1740 1810 1809
f 1740 1741 1811 1810
f 1741 1742 1812 1811
f 1742 1743 1813 1812
f 1743 1744 1814 1813
f 1744 1745 1815 1814
f 1745 1746 1816 1815
f 1746 1747 1817 1816
f 1747 1748 1818 1817
f 1748 1749 1819 1818
f 1749 1750 1820 1819
f 1750 1681 1751 1820
f 1751 1752 1822 1821
f 1752 1753 1823 1822
f 1753 1754 1824 1823
f 1754 1755 1825 1824
f 1755 1756 1826 1825
f 1756 1757 1827 1826
f 1757 1758 1828 1827
f 1758 1759 1829 1828
f 1759 1760 1830 1829
f 1760 1761 1831 1830
f 1761 1762 1832 1831
f 1762 1763 1833 1832
f 1763 1764 1834 1833
f 1764 1765 1835 1834
f 1765 1766 1836 1835
f 1766 1767 1837 1836
f 1767 1768 1838 1837
f 1768 1769 1839 1838
f 1769 1770 1840 1839
f 1770 1771 1841 1840
f 1771 1772 1842 1841
f 1772 1773 1843 1842
f 1773 1774 1844 1843
f 1774 1775 1845 1844
f 1775 1776 1846 1845
f 1776 1777 1847 1846
f 1777 1778 1848 1847
f 1778 1779 1849 1848
f 1779 1780 1850 1849
f 1780 1781 1851 1850
f 1781 1782 1852 1851
f 1782 1783 1853 1852
f 1783 1784 1854 1853
f 1784 1785 1855 1854
f 1785 1786 1856 1855
f 1786 1787 1857 1856
f 1787 1788 1858 1857
f 1788 1789 1859 1858
f 1789 1790 1860 1859
f 1790 1791 1861 1860
f 1791 1792 1862 1861
f 1792 1793 1863 1862
f 1793 1794 1864 1863
f 1794 1795 1865 1864
f 1795 1796 1866 1865
f 1796 1797 1867 1866
f 1797 1798 1868 1867
f 1798 1799 1869 1868
f 1799 1800 1870 1869
f 1800 1801 1871 1870
f 1801 1802 1872 1871
f 1802 1803 1873 1872
f 1803 1804 1874 1873
f 1804 1805 1875 1874
f 1805 1806 1876 1875
f 1806 1807 1877 1876
f 1807 1808 1878 1877
f 1808 1809 1879 1878
f 1809 1810 1880 1879
f 1810 1811 1881 1880
f 1811 1812 1882 1881
f 1812 1813 1883 1882
f 1813 1814 1884 1883
f 1814 1815 1885 1884
f 1815 1816 1886 1885
f 1816 1817 1887 1886
f 1817 1818 1888 1887
f 1818 1819 1889 1888
f 1819 1820 1890 1889
f 1820 1751 1821 1890
f 1821 1822 1892 1891
f 1822 1823 1893 1892
f 1823 1824 1894 1893
f 1824 1825 1895 1894
f 1825 1826 1896 1895
f 1826 1827 1897 1896
f 1827 1828 1898 1897
f 1828 1829 1899 1898
f 1829 1830 1900 1899
f 1830 1831 1901 1900
f 1831 1832 1902 1901
f 1832 1833 1903 1902
f 1833 1834 1904 1903
f 1834 1835 1905 1904
f 1835 1836 1906 1905
f 1836 1837 1907 1906
f 1837 1838 1908 1907
f 1838 1839 1909 1908
f 1839 1840 1910 1909
f 1840 1841 1911 1910
f 1841 1842 1912 1911
f 1842 1843 1913 1912
f 1843 1844 1914 1913
f 1844 1845 1915 1914
f 1845 1846 1916 1915
f 1846 1847 1917 1916
f 1847 1848 1918 1917
f 1848 1849 1919 1918
f 1849 1850 1920 1919
f 1850 1851 1921 1920
f 1851 1852 1922 1921
f 1852 1853 1923 1922
f 1853 1854 1924 1923
f 1854 1855 1925 1924
f 1855 1856 1926 1925
f 1856 1857 1927 1926
f 1857 1858 1928 1927
f 1858 1859 1929 1928
f 1859 1860 1930 1929
f 1860 1861 1931 1930
f 1861 1862 1932 1931
f 1862 1863 1933 1932
f 1863 1864 1934 1933
f 1864 1865 1935 1934
f 1865 1866 1936 1935
f 1866 1867 1937 1936
f 1867 1868 1938 1937
f 1868 1869 1939 1938
f 1869 1870 1940 1939
f 1870 1871 1941 1940
f 1871 1872 1942 1941
f 1872 1873 1943 1942
f 1873 1874 1944 1943
f 1874 1875 1945 1944
f 1875 1876 1946 1945
f 1876 1877 1947 1946
f 1877 1878 1948 1947
f 1878 1879 1949 1948
f 1879 1880 1950 1949
f 1880 1881 1951 1950
f 1881 1882 1952 1951
f 1882 1883 1953 1952
f 1883 1884 1954 1953
f 1884 1885 1955 1954
f 1885 1886 1956 1955
f 1886 1887 1957 1956
f 1887 1888 1958 1957
f 1888 1889 1959 1958
f 1889 1890 1960 1959
f 1890 1821 1891 1960
f 1891 1892 1962 1961
f 1892 1893 1963 1962
f 1893 1894 1964 1963
f 1894 1895 1965 1964
f 1895 1896 1966 1965
f 1896 1897 1967 1966
f 1897 1898 1968 1967
f 1898 1899 1969 1968
f 1899 1900 1970 1969
f 1900 1901 1971 1970
f 1901 1902 1972 1971
f 1902 1903 1973 1972
f 1903 1904 1974 1973
f 1904 1905 1975 1974
f 1905 1906 1976 1975
f 1906 1907 1977 1976
f 1907 1908 1978 1977
f 1908 1909 1979 1978
f 1909 1910 1980 1979
f 1910 1911 1981 1980
f 1911 1912 1982 1981
f 1912 1913 1983 1982
f 1913 1914 1984 1983
f 1914 1915 1985 1984
f 1915 1916 1986 1985
f 1916 1917 1987 1986
f 1917 1918 1988 1987
f 1918 1919 1989 1988
f 1919 1920 1990 1989
f 1920 1921 1991 1990
f 1921 1922 1992 1991
f 1922 1923 1993 1992
f 1923 1924 1994 1993
f 1924 1925 1995 1994
f 1925 1926 1996 1995
f 1926 1927 1997 1996
f 1927 1928 1998 1997
f 1928 1929 1999 1998
f 1929 1930 2000 1999
f 1930 1931 2001 2000
f 1931 1932 2002 2001
f 1932 1933 2003 2002
f 1933 1934 2004 2003
f 1934 1935 2005 2004
f 1935 1936 2006 2005
f 1936 1937 2007 2006
f 1937 1938 2008 2007
f 1938 1939 2009 2008
f 1939 1940 2010 2009
f 1940 1941 2011 2010
f 1941 1942 2012 2011
f 1942 1943 2013 2012
f 1943 1944 2014 2013
f 1944 1945 2015 2014
f 1945 1946 2016 2015
f 1946 1947 2017 2016
f 1947 1948 2018 2017
f 1948 1949 2019 2018
f 1949 1950 2020 2019
f 1950 1951 2021 2020
f 1951 1952 2022 2021
f 1952 1953 2023 2022
f 1953 1954 2024 2023
f 1954 1955 2025 2024
f 1955 1956 2026 2025
f 1956 1957 2027 2026
f 1957 1958 2028 2027
f 1958 1959 2029 2028
f 1959 1960 2030 2029
f 1960 1891 1961 2030
f 1961 1962 2032 2031
f 1962 1963 2033 2032
f 1963 1964 2034 2033
f 1964 1965 2035 2034
f 1965 1966 2036 2035
f 1966 1967 2037 2036
f 1967 1968 2038 2037
f 1968 1969 2039 2038
f 1969 1970 2040 2039
f 1970 1971 2041 2040
f 1971 1972 2042 2041
f 1972 1973 2043 2042
f 1973 1974 2044 2043
f 1974 1975 2045 2044
f 1975 1976 2046 2045
f 1976 1977 2047 2046
f 1977 1978 2048 2047
f 1978 1979 2049 2048
f 1979 1980 2050 2049
f 1980 1981 2051 2050
f 1981 1982 2052 2051
f 1982 1983 2053 2052
f 1983 1984 2054 2053
f 1984 1985 2055 2054
f 1985 1986 2056 2055
f 1986 1987 2057 2056
f 1987 1988 2058 2057
f 1988 1989 2059 2058
f 1989 1990 2060 2059
f 1990 1991 2061 2060
f 1991 1992 2062 2061
f 1992 1993 2063 2062
f 1993 1994 2064 2063
f 1994 1995 2065 2064
f 1995 1996 2066 2065
f 1996 1997 2067 2066
f 1997 1998 2068 2067
f 1998 1999 2069 2068
f 1999 2000 2070 2069
f 2000 2001 2071 2070
f 2001 2002 2072 2071
f 2002 2003 2073 2072
f 2003 2004 2074 2073
f 2004 2005 2075 2074
f 2005 2006 2076 2075
f 2006 2007 2077 2076
f 2007 2008 2078 2077
f 2008 2009 2079 2078
f 2009 2010 2080 2079
f 2010 2011 2081 2080
f 2011 2012 2082 2081
f 2012 2013 2083 2082
f 2013 2014 2084 2083
f 2014 2015 2085 2084
f 2015 2016 2086 2085
f 2016 2017 2087 2086
f 2017 2018 2088 2087
f 2018 2019 2089 2088
f 2019 2020 2090 2089
f 2020 2021 2091 2090
f 2021 2022 2092 2091
f 2022 2023 2093 2092
f 2023 2024 2094 2093
f 2024 2025 2095 2094
f 2025 2026 2096 2095
f 2026 2027 2097 2096
f 2027 2028 2098 2097
f 2028 2029 2099 2098
f 2029 2030 2100 2099
f 2030 1961 2031 2100
f 2031 2032 2102 2101
f 2032 2033 2103 2102
f 2033 2034 2104 2103
f 2034 2035 2105 2104
f 2035 2036 2106 2105
f 2036 2037 2107 2106
f 2037 2038 2108 2107
f 2038 2039 2109 2108
f 2039 2040 2110 2109
f 2040 2041 2111 2110
f 2041 2042 2112 2111
f 2042 2043 2113 2112
f 2043 2044 2114 2113
f 2044 2045 2115 2114
f 2045 2046 2116 2115
f 2046 2047 2117 2116
f 2047 2048 2118 2117
f 2048 2049 2119 2118
f 2049 2050 2120 2119
f 2050 2051 2121 2120
f 2051 2052 2122 2121
f 2052 2053 2123 2122
f 2053 2054 2124 2123
f 2054 2055 2125 2124
f 2055 2056 2126 2125
f 2056 2057 2127 2126
f 2057 2058 2128 2127
f 2058 2059 2129 2128
f 2059 2060 2130 2129
f 2060 2061 2131 2130
f 2061 2062 2132 2131
f 2062 2063 2133 2132
f 2063 2064 2134 2133
f 2064 2065 2135 2134
f 2065 2066 2136 2135
f 2066 2067 2137 2136
f 2067 2068 2138 2137
f 2068 2069 2139 2138
f 2069 2070 2140 2139
f 2070 2071 2141 2140
f 2071 2072 2142 2141
f 2072 2073 2143 2142
f 2073 2074 2144 2143
f 2074 2075 2145 2144
f 2075 2076 2146 2145
f 2076 2077 2147 2146
f 2077 2078 2148 2147
f 2078 2079 2149 2148
f 2079 2080 2150 2149
f 2080 2081 2151 2150
f 2081 2082 2152 2151
f 2082 2083 2153 2152
f 2083 2084 2154 2153
f 2084 2085 2155 2154
f 2085 2086 2156 2155
f 2086 2087 2157 2156
f 2087 2088 2158 2157
f 2088 2089 2159 2158
f 2089 2090 2160 2159
f 2090 2091 2161 2160
f 2091 2092 2162 2161
f 2092 2093 2163 2162
f 2093 2094 2164 2163
f 2094 2095 2165 2164
f 2095 2096 2166 2165
f 2096 2097 2167 2166
f 2097 2098 2168 2167
f 2098 2099 2169 2168
f 2099 2100 2170 2169
f 2100 2031 2101 2170
f 2101 2102 2172 2171
f 2102 2103 2173 2172
f 2103 2104 2174 2173
f 2104 2105 2175 2174
f 2105 2106 2176 2175
f 2106 2107 2177 2176
f 2107 2108 2178 2177
f 2108 2109 2179 2178
f 2109 2110 2180 2179
f 2110 2111 2181 2180
f 2111 2112 2182 2181
f 2112 2113 2183 2182
f 2113 2114 2184 2183
f 2114 2115 2185 2184
f 2115 2116 2186 2185
f 2116 2117 2187 2186
f 2117 2118 2188 2187
f 2118 2119 2189 2188
f 2119 2120 2190 2189
f 2120 2121 2191 2190
f 2121 2122 2192 2191
f 2122 2123 2193 2192
f 2123 2124 2194 2193
f 2124 2125 2195 2194
f 2125 2126 2196 2195
f 2126 2127 2197 2196
f 2127 2128 2198 2197
f 2128 2129 2199 2198
f 2129 2130 2200 2199
f 2130 2131 2201 2200
f 2131 2132 2202 2201
f 2132 2133 2203 2202
f 2133 2134 2204 2203
f 2134 2135 2205 2204
f 2135 2136 2206 2205
f 2136 2137 2207 2206
f 2137 2138 2208 2207
f 2138 2139 2209 2208
f 2139 2140 2210 2209
f 2140 2141 2211 2210
f 2141 2142 2212 2211
f 2142 2143 2213 2212
f 2143 2144 2214 2213
f 2144 2145 2215 2214
f 2145 2146 2216 2215
f 2146 2147 2217 2216
f 2147 2148 2218 2217
f 2148 2149 2219 2218
f 2149 2150 2220 2219
f 2150 2151 2221 2220
f 2151 2152 2222 2221
f 2152 2153 2223 2222
f 2153 2154 2224 2223
f 2154 2155 2225 2224
f 2155 2156 2226 2225
f 2156 2157 2227 2226
f 2157 2158 2228 2227
f 2158 2159 2229 2228
f 2159 2160 2230 2229
f 2160 2161 2231 2230
f 2161 2162 2232 2231
f 2162 2163 2233 2232
f 2163 2164 2234 2233
f 2164 2165 2235 2234
f 2165 2166 2236 2235
f 2166 2167 2237 2236
f 2167 2168 2238 2237
f 2168 2169 2239 2238
f 2169 2170 2240 2239
f 2170 2101 2171 2240
f 2171 2172 2242 2241
f 2172 2173 2243 2242
f 2173 2174 2244 2243
f 2174 2175 2245 2244
f 2175 2176 2246 2245
f 2176 2177 2247 2246
f 2177 2178 2248 2247
f 2178 2179 2249 2248
f 2179 2180 2250 2249
f 2180 2181 2251 2250
f 2181 2182 2252 2251
f 2182 2183 2253 2252
f 2183 2184 2254 2253
f 2184 2185 2255 2254
f 2185 2186 2256 2255
f 2186 2187 2257 2256
f 2187 2188 2258 2257
f 2188 2189 2259 2258
f 2189 2190 2260 2259
f 2190 2191 2261 2260
f 2191 2192 2262 2261
f 2192 2193 2263 2262
f 2193 2194 2264 2263
f 2194 2195 2265 2264
f 2195 2196 2266 2265
f 2196 2197 2267 2266
f 2197 2198 2268 2267
f 2198 2199 2269 2268
f 2199 2200 2270 2269
f 2200 2201 2271 2270
f 2201 2202 2272 2271
f 2202 2203 2273 2272
f 2203 2204 2274 2273
f 2204 2205 2275 2274
f 2205 2206 2276 2275
f 2206 2207 2277 2276
f 2207 2208 2278 2277
f 2208 2209 2279 2278
f 2209 2210 2280 2279
f 2210 2211 2281 2280
f 2211 2212 2282 2281
f 2212 2213 2283 2282
f 2213 2214 2284 2283
f 2214 2215 2285 2284
f 2215 2216 2286 2285
f 2216 2217 2287 2286
f 2217 2218 2288 2287
f 2218 2219 2289 2288
f 2219 2220 2290 2289
f 2220 2221 2291 2290
f 2221 2222 2292 2291
f 2222 2223 2293 2292
f 2223 2224 2294 2293
f 2224 2225 2295 2294
f 2225 2226 2296 2295
f 2226 2227 2297 2296
f 2227 2228 2298 2297
f 2228 2229 2299 2298
f 2229 2230 2300 2299
f 2230 2231 2301 2300
f 2231 2232 2302 2301
f 2232 2233 2303 2302
f 2233 2234 2304 2303
f 2234 2235 2305 2304
f 2235 2236 2306 2305
f 2236 2237 2307 2306
f 2237 2238 2308 2307
f 2238 2239 2309 2308
f 2239 2240 2310 2309
f 2240 2171 2241 2310
f 2241 2242 2312 2311
f 2242 2243 2313 2312
f 2243 2244 2314 2313
f 2244 2245 2315 2314
f 2245 2246 2316 2315
f 2246 2247 2317 2316
f 2247 2248 2318 2317
f 2248 2249 2319 2318
f 2249 2250 2320 2319
f 2250 2251 2321 2320
f 2251 2252 2322 2321
f 2252 2253 2323 2322
f 2253 2254 2324 2323
f 2254 2255 2325 2324
f 2255 2256 2326 2325
f 2256 2257 2327 2326
f 2257 2258 2328 2327
f 2258 2259 2329 2328
f 2259 2260 2330 2329
f 2260 2261 2331 2330
f 2261 2262 2332 2331
f 2262 2263 2333 2332
f 2263 2264 2334 2333
f 2264 2265 2335 2334
f 2265 2266 2336 2335
f 2266 2267 2337 2336
f 2267 2268 2338 2337
f 2268 2269 2339 2338
f 2269 2270 2340 2339
f 2270 2271 2341 2340
f 2271 2272 2342 2341
f 2272 2273 2343 2342
f 2273 2274 2344 2343
f 2274 2275 2345 2344
f 2275 2276 2346 2345
f 2276 2277 2347 2346
f 2277 2278 2348 2347
f 2278 2279 2349 2348
f 2279 2280 2350 2349
f 2280 2281 2351 2350
f 2281 2282 2352 2351
f 2282 2283 2353 2352
f 2283 2284 2354 2353
f 2284 2285 2355 2354
f 2285 2286 2356 2355
f 2286 2287 2357 2356
f 2287 2288 2358 2357
f 2288 2289 2359 2358
f 2289 2290 2360 2359
f 2290 2291 2361 2360
f 2291 2292 2362 2361
f 2292 2293 2363 2362
f 2293 2294 2364 2363
f 2294 2295 2365 2364
f 2295 2296 2366 2365
f 2296 2297 2367 2366
f 2297 2298 2368 2367
f 2298 2299 2369 2368
f 2299 2300 2370 2369
f 2300 2301 2371 2370
f 2301 2302 2372 2371
f 2302 2303 2373 2372
f 2303 2304 2374 2373
f 2304 2305 2375 2374
f 2305 2306 2376 2375
f 2306 2307 2377 2376
f 2307 2308 2378 2377
f 2308 2309 2379 2378
f 2309 2310 2380 2379
f 2310 2241 2311 2380
f 2311 2312 2382 2381
f 2312 2313 2383 2382
f 2313 2314 2384 2383
f 2314 2315 2385 2384
f 2315 2316 2386 2385
f 2316 2317 2387 2386
f 2317 2318 2388 2387
f 2318 2319 2389 2388
f 2319 2320 2390 2389
f 2320 2321 2391 2390
f 2321 2322 2392 2391
f 2322 2323 2393 2392
f 2323 2324 2394 2393
f 2324 2325 2395 2394
f 2325 2326 2396 2395
f 2326 2327 2397 2396
f 2327 2328 2398 2397
f 2328 2329 2399 2398
f 2329 2330 2400 2399
f 2330 2331 2401 2400
f 2331 2332 2402 2401
f 2332 2333 2403 2402
f 2333 2334 2404 2403
f 2334 2335 2405 2404
f 2335 2336 2406 2405
f 2336 2337 2407 2406
f 2337 2338 2408 2407
f 2338 2339 2409 2408
f 2339 2340 2410 2409
f 2340 2341 2411 2410
f 2341 2342 2412 2411
f 2342 2343 2413 2412
f 2343 2344 2414 2413
f 2344 2345 2415 2414
f 2345 2346 2416 2415
f 2346 2347 2417 2416
f 2347 2348 2418 2417
f 2348 2349 2419 2418
f 2349 2350 2420 2419
f 2350 2351 2421 2420
f 2351 2352 2422 2421
f 2352 2353 2423 2422
f 2353 2354 2424 2423
f 2354 2355 2425 2424
f 2355 2356 2426 2425
f 2356 2357 2427 2426
f 2357 2358 2428 2427
f 2358 2359 2429 2428
f 2359 2360 2430 2429
f 2360 2361 2431 2430
f 2361 2362 2432 2431
f 2362 2363 2433 2432
f 2363 2364 2434 2433
f 2364 2365 2435 2434
f 2365 2366 2436 2435
f 2366 2367 2437 2436
f 2367 2368 2438 2437
f 2368 2369 2439 2438
f 2369 2370 2440 2439
f 2370 2371 2441 2440
f 2371 2372 2442 2441
f 2372 2373 2443 2442
f 2373 2374 2444 2443
f 2374 2375 2445 2444
f 2375 2376 2446 2445
f 2376 2377 2447 2446
f 2377 2378 2448 2447
f 2378 2379 2449 2448
f 2379 2380 2450 2449
f 2380 2311 2381 2450
f 2381 2382 2452 2451
f 2382 2383 2453 2452
f 2383 2384 2454 2453
f 2384 2385 2455 2454
f 2385 2386 2456 2455
f 2386 2387 2457 2456
f 2387 2388 2458 2457
f 2388 2389 2459 2458
f 2389 2390 2460 2459
f 2390 2391 2461 2460
f 2391 2392 2462 2461
f 2392 2393 2463 2462
f 2393 2394 2464 2463
f 2394 2395 2465 2464
f 2395 2396 2466 2465
f 2396 2397 2467 2466
f 2397 2398 2468 2467
f 2398 2399 2469 2468
f 2399 2400 2470 2469
f 2400 2401 2471 2470
f 2401 2402 2472 2471
f 2402 2403 2473 2472
f 2403 2404 2474 2473
f 2404 2405 2475 2474
f 2405 2406 2476 2475
f 2406 2407 2477 2476
f 2407 2408 2478 2477
f 2408 2409 2479 2478
f 2409 2410 2480 2479
f 2410 2411 2481 2480
f 2411 2412 2482 2481
f 2412 2413 2483 2482
f 2413 2414 2484 2483
f 2414 2415 2485 2484
f 2415 2416 2486 2485
f 2416 2417 2487 2486
f 2417 2418 2488 2487
f 2418 2419 2489 2488
f 2419 2420 2490 2489
f 2420 2421 2491 2490
f 2421 2422 2492 2491
f 2422 2423 2493 2492
f 2423 2424 2494 2493
f 2424 2425 2495 2494
f 2425 2426 2496 2495
f 2426 2427 2497 2496
f 2427 2428 2498 2497
f 2428 2429 2499 2498
f 2429 2430 2500 2499
f 2430 2431 2501 2500
f 2431 2432 2502 2501
f 2432 2433 2503 2502
f 2433 2434 2504 2503
f 2434 2435 2505 2504
f 2435 2436 2506 2505
f 2436 2437 2507 2506
f 2437 2438 2508 2507
f 2438 2439 2509 2508
f 2439 2440 2510 2509
f 2440 2441 2511 2510
f 2441 2442 2512 2511
f 2442 2443 2513 2512
f 2443 2444 2514 2513
f 2444 2445 2515 2514
f 2445 2446 2516 2515
f 2446 2447 2517 2516
f 2447 2448 2518 2517
f 2448 2449 2519 2518
f 2449 2450 2520 2519
f 2450 2381 2451 2520
f 2451 2452 2522 2521
f 2452 2453 2523 2522
f 2453 2454 2524 2523
f 2454 2455 2525 2524
f 2455 2456 2526 2525
f 2456 2457 2527 2526
f 2457 2458 2528 2527
f 2458 2459 2529 2528
f 2459 2460 2530 2529
f 2460 2461 2531 2530
f 2461 2462 2532 2531
f 2462 2463 2533 2532
f 2463 2464 2534 2533
f 2464 2465 2535 2534
f 2465 2466 2536 2535
f 2466 2467 2537 2536
f 2467 2468 2538 2537
f 2468 2469 2539 2538
f 2469 2470 2540 2539
f 2470 2471 2541 2540
f 2471 2472 2542 2541
f 2472 2473 2543 2542
f 2473 2474 2544 2543
f 2474 2475 2545 2544
f 2475 2476 2546 2545
f 2476 2477 2547 2546
f 2477 2478 2548 2547
f 2478 2479 2549 2548
f 2479 2480 2550 2549
f 2480 2481 2551 2550
f 2481 2482 2552 2551
f 2482 2483 2553 2552
f 2483 2484 2554 2553
f 2484 2485 2555 2554
f 2485 2486 2556 2555
f 2486 2487 2557 2556
f 2487 2488 2558 2557
f 2488 2489 2559 2558
f 2489 2490 2560 2559
f 2490 2491 2561 2560
f 2491 2492 2562 2561
f 2492 2493 2563 2562
f 2493 2494 2564 2563
f 2494 2495 2565 2564
f 2495 2496 2566 2565
f 2496 2497 2567 2566
f 2497 2498 2568 2567
f 2498 2499 2569 2568
f 2499 2500 2570 2569
f 2500 2501 2571 2570
f 2501 2502 2572 2571
f 2502 2503 2573 2572
f 2503 2504 2574 2573
f 2504 2505 2575 2574
f 2505 2506 2576 2575
f 2506 2507 2577 2576
f 2507 2508 2578 2577
f 2508 2509 2579 2578
f 2509 2510 2580 2579
f 2510 2511 2581 2580
f 2511 2512 2582 2581
f 2512 2513 2583 2582
f 2513 2514 2584 2583
f 2514 2515 2585 2584
f 2515 2516 2586 2585
f 2516 2517 2587 2586
f 2517 2518 2588 2587
f 2518 2519 2589 2588
f 2519 2520 2590 2589
f 2520 2451 2521 2590
f 2521 2522 2592 2591
f 2522 2523 2593 2592
f 2523 2524 2594 2593
f 2524 2525 2595 2594
f 2525 2526 2596 2595
f 2526 2527 2597 2596
f 2527 2528 2598 2597
f 2528 2529 2599 2598
f 2529 2530 2600 2599
f 2530 2531 2601 2600
f 2531 2532 2602 2601
f 2532 2533 2603 2602
f 2533 2534 2604 2603
f 2534 2535 2605 2604
f 2535 2536 2606 2605
f 2536 2537 2607 2606
f 2537 2538 2608 2607
f 2538 2539 2609 2608
f 2539 2540 2610 2609
f 2540 2541 2611 2610
f 2541 2542 2612 2611
f 2542 2543 2613 2612
f 2543 2544 2614 2613
f 2544 2545 2615 2614
f 2545 2546 2616 2615
f 2546 2547 2617 2616
f 2547 2548 2618 2617
f 2548 2549 2619 2618
f 2549 2550 2620 2619
f 2550 2551 2621 2620
f 2551 2552 2622 2621
f 2552 2553 2623 2622
f 2553 2554 2624 2623
f 2554 2555 2625 2624
f 2555 2556 2626 2625
f 2556 2557 2627 2626
f 2557 2558 2628 2627
f 2558 2559 2629 2628
f 2559 2560 2630 2629
f 2560 2561 2631 2630
f 2561 2562 2632 2631
f 2562 2563 2633 2632
f 2563 2564 2634 2633
f 2564 2565 2635 2634
f 2565 2566 2636 2635
f 2566 2567 2637 2636
f 2567 2568 2638 2637
f 2568 2569 2639 2638
f 2569 2570 2640 2639
f 2570 2571 2641 2640
f 2571 2572 2642 2641
f 2572 2573 2643 2642
f 2573 2574 2644 2643
f 2574 2575 2645 2644
f 2575 2576 2646 2645
f 2576 2577 2647 2646
f 2577 2578 2648 2647
f 2578 2579 2649 2648
f 2579 2580 2650 2649
f 2580 2581 2651 2650
f 2581 2582 2652 2651
f 2582 2583 2653 2652
f 2583 2584 2654 2653
f 2584 2585 2655 2654
f 2585 2586 2656 2655
f 2586 2587 2657 2656
f 2587 2588 2658 2657
f 2588 2589 2659 2658
f 2589 2590 2660 2659
f 2590 2521 2591 2660
f 2591 2592 2662 2661
f 2592 2593 2663 2662
f 2593 2594 2664 2663
f 2594 2595 2665 2664
f 2595 2596 2666 2665
f 2596 2597 2667 2666
f 2597 2598 2668 2667
f 2598 2599 2669 2668
f 2599 2600 2670 2669
f 2600 2601 2671 2670
f 2601 2602 2672 2671
f 2602 2603 2673 2672
f 2603 2604 2674 2673
f 2604 2605 2675 2674
f 2605 2606 2676 2675
f 2606 2607 2677 2676
f 2607 2608 2678 2677
f 2608 2609 2679 2678
f 2609 2610 2680 2679
f 2610 2611 2681 2680
f 2611 2612 2682 2681
f 2612 2613 2683 2682
f 2613 2614 2684 2683
f 2614 2615 2685 2684
f 2615 2616 2686 2685
f 2616 2617 2687 2686
f 2617 2618 2688 2687
f 2618 2619 2689 2688
f 2619 2620 2690 2689
f 2620 2621 2691 2690
f 2621 2622 2692 2691
f 2622 2623 2693 2692
f 2623 2624 2694 2693
f 2624 2625 2695 2694
f 2625 2626 2696 2695
f 2626 2627 2697 2696
f 2627 2628 2698 2697
f 2628 2629 2699 2698
f 2629 2630 2700 2699
f 2630 2631 2701 2700
f 2631 2632 2702 2701
f 2632 2633 2703 2702
f 2633 2634 2704 2703
f 2634 2635 2705 2704
f 2635 2636 2706 2705
f 2636 2637 2707 2706
f 2637 2638 2708 2707
f 2638 2639 2709 2708
f 2639 2640 2710 2709
f 2640 2641 2711 2710
f 2641 2642 2712 2711
f 2642 2643 2713 2712
f 2643 2644 2714 2713
f 2644 2645 2715 2714
f 2645 2646 2716 2715
f 2646 2647 2717 2716
f 2647 2648 2718 2717
f 2648 2649 2719 2718
f 2649 2650 2720 2719
f 2650 2651 2721 2720
f 2651 2652 2722 2721
f 2652 2653 2723 2722
f 2653 2654 2724 2723
f 2654 2655 2725 2724
f 2655 2656 2726 2725
f 2656 2657 2727 2726
f 2657 2658 2728 2727
f 2658 2659 2729 2728
f 2659 2660 2730 2729
f 2660 2591 2661 2730
f 2661 2662 2732 2731
f 2662 2663 2733 2732
f 2663 2664 2734 2733
f 2664 2665 2735 2734
f 2665 2666 2736 2735
f 2666 2667 2737 2736
f 2667 2668 2738 2737
f 2668 2669 2739 2738
f 2669 2670 2740 2739
f 2670 2671 2741 2740
f 2671 2672 2742 2741
f 2672 2673 2743 2742
f 2673 2674 2744 2743
f 2674 2675 2745 2744
f 2675 2676 2746 2745
f 2676 2677 2747 2746
f 2677 2678 2748 2747
f 2678 2679 2749 2748
f 2679 2680 2750 2749
f 2680 2681 2751 2750
f 2681 2682 2752 2751
f 2682 2683 2753 2752
f 2683 2684 2754 2753
f 2684 2685 2755 2754
f 2685 2686 2756 2755
f 2686 2687 2757 2756
f 2687 2688 2758 2757
f 2688 2689 2759 2758
f 2689 2690 2760 2759
f 2690 2691 2761 2760
f 2691 2692 2762 2761
f 2692 2693 2763 2762
f 2693 2694 2764 2763
f 2694 2695 2765 2764
f 2695 2696 2766 2765
f 2696 2697 2767 2766
f 2697 2698 2768 2767
f 2698 2699 2769 2768
f 2699 2700 2770 2769
f 2700 2701 2771 2770
f 2701 2702 2772 2771
f 2702 2703 2773 2772
f 2703 2704 2774 2773
f 2704 2705 2775 2774
f 2705 2706 2776 2775
f 2706 2707 2777 2776
f 2707 2708 2778 2777
f 2708 2709 2779 2778
f 2709 2710 2780 2779
f 2710 2711 2781 2780
f 2711 2712 2782 2781
f 2712 2713 2783 2782
f 2713 2714 2784 2783
f 2714 2715 2785 2784
f 2715 2716 2786 2785
f 2716 2717 2787 2786
f 2717 2718 2788 2787
f 2718 2719 2789 2788
f 2719 2720 2790 2789
f 2720 2721 2791 2790
f 2721 2722 2792 2791
f 2722 2723 2793 2792
f 2723 2724 2794 2793
f 2724 2725 2795 2794
f 2725 2726 2796 2795
f 2726 2727 2797 2796
f 2727 2728 2798 2797
f 2728 2729 2799 2798
f 2729 2730 2800 2799
f 2730 2661 2731 2800
f 2731 2732 2802 2801
f 2732 2733 2803 2802
f 2733 2734 2804 2803
f 2734 2735 2805 2804
f 2735 2736 2806 2805
f 2736 2737 2807 2806
f 2737 2738 2808 2807
f 2738 2739 2809 2808
f 2739 2740 2810 2809
f 2740 2741 2811 2810
f 2741 2742 2812 2811
f 2742 2743 2813 2812
f 2743 2744 2814 2813
f 2744 2745 2815 2814
f 2745 2746 2816 2815
f 2746 2747 2817 2816
f 2747 2748 2818 2817
f 2748 2749 2819 2818
f 2749 2750 2820 2819
f 2750 2751 2821 2820
f 2751 2752 2822 2821
f 2752 2753 2823 2822
f 2753 2754 2824 2823
f 2754 2755 2825 2824
f 2755 2756 2826 2825
f 2756 2757 2827 2826
f 2757 2758 2828 2827
f 2758 2759 2829 2828
f 2759 2760 2830 2829
f 2760 2761 2831 2830
f 2761 2762 2832 2831
f 2762 2763 2833 2832
f 2763 2764 2834 2833
f 2764 2765 2835 2834
f 2765 2766 2836 2835
f 2766 2767 2837 2836
f 2767 2768 2838 2837
f 2768 2769 2839 2838
f 2769 2770 2840 2839
f 2770 2771 2841 2840
f 2771 2772 2842 2841
f 2772 2773 2843 2842
f 2773 2774 2844 2843
f 2774 2775 2845 2844
f 2775 2776 2846 2845
f 2776 2777 2847 2846
f 2777 2778 2848 2847
f 2778 2779 2849 2848
f 2779 2780 2850 2849
f 2780 2781 2851 2850
f 2781 2782 2852 2851
f 2782 2783 2853 2852
f 2783 2784 2854 2853
f 2784 2785 2855 2854
f 2785 2786 2856 2855
f 2786 2787 2857 2856
f 2787 2788 2858 2857
f 2788 2789 2859 2858
f 2789 2790 2860 2859
f 2790 2791 2861 2860
f 2791 2792 2862 2861
f 2792 2793 2863 2862
f 2793 2794 2864 2863
f 2794 2795 2865 2864
f 2795 2796 2866 2865
f 2796 2797 2867 2866
f 2797 2798 2868 2867
f 2798 2799 2869 2868
f 2799 2800 2870 2869
f 2800 2731 2801 2870
f 2801 2802 2872 2871
f 2802 2803 2873 2872
f 2803 2804 2874 2873
f 2804 2805 2875 2874
f 2805 2806 2876 2875
f 2806 2807 2877 2876
f 2807 2808 2878 2877
f 2808 2809 2879 2878
f 2809 2810 2880 2879
f 2810 2811 2881 2880
f 2811 2812 2882 2881
f 2812 2813 2883 2882
f 2813 2814 2884 2883
f 2814 2815 2885 2884
f 2815 2816 2886 2885
f 2816 2817 2887 2886
f 2817 2818 2888 2887
f 2818 2819 2889 2888
f 2819 2820 2890 2889
f 2820 2821 2891 2890
f 2821 2822 2892 2891
f 2822 2823 2893 2892
f 2823 2824 2894 2893
f 2824 2825 2895 2894
f 2825 2826 2896 2895
f 2826 2827 2897 2896
f 2827 2828 2898 2897
f 2828 2829 2899 2898
f 2829 2830 2900 2899
f 2830 2831 2901 2900
f 2831 2832 2902 2901
f 2832 2833 2903 2902
f 2833 2834 2904 2903
f 2834 2835 2905 2904
f 2835 2836 2906 2905
f 2836 2837 2907 2906
f 2837 2838 2908 2907
f 2838 2839 2909 2908
f 2839 2840 2910 2909
f 2840 2841 2911 2910
f 2841 2842 2912 2911
f 2842 2843 2913 2912
f 2843 2844 2914 2913
f 2844 2845 2915 2914
f 2845 2846 2916 2915
f 2846 2847 2917 2916
f 2847 2848 2918 2917
f 2848 2849 2919 2918
f 2849 2850 2920 2919
f 2850 2851 2921 2920
f 2851 2852 2922 2921
f 2852 2853 2923 2922
f 2853 2854 2924 2923
f 2854 2855 2925 2924
f 2855 2856 2926 2925
f 2856 2857 2927 2926
f 2857 2858 2928 2927
f 2858 2859 2929 2928
f 2859 2860 2930 2929
f 2860 2861 2931 2930
f 2861 2862 2932 2931
f 2862 2863 2933 2932
f 2863 2864 2934 2933
f 2864 2865 2935 2934
f 2865 2866 2936 2935
f 2866 2867 2937 2936
f 2867 2868 2938 2937
f 2868 2869 2939 2938
f 2869 2870 2940 2939
f 2870 2801 2871 2940
f 2871 2872 2942 2941
f 2872 2873 2943 2942
f 2873 2874 2944 2943
f 2874 2875 2945 2944
f 2875 2876 2946 2945
f 2876 2877 2947 2946
f 2877 2878 2948 2947
f 2878 2879 2949 2948
f 2879 2880 2950 2949
f 2880 2881 2951 2950
f 2881 2882 2952 2951
f 2882 2883 2953 2952
f 2883 2884 2954 2953
f 2884 2885 2955 2954
f 2885 2886 2956 2955
f 2886 2887 2957 2956
f 2887 2888 2958 2957
f 2888 2889 2959 2958
f 2889 2890 2960 2959
f 2890 2891 2961 2960
f 2891 2892 2962 2961
f 2892 2893 2963 2962
f 2893 2894 2964 2963
f 2894 2895 2965 2964
f 2895 2896 2966 2965
f 2896 2897 2967 2966
f 2897 2898 2968 2967
f 2898 2899 2969 2968
f 2899 2900 2970 2969
f 2900 2901 2971 2970
f 2901 2902 2972 2971
f 2902 2903 2973 2972
f 2903 2904 2974 2973
f 2904 2905 2975 2974
f 2905 2906 2976 2975
f 2906 2907 2977 2976
f 2907 2908 2978 2977
f 2908 2909 2979 2978
f 2909 2910 2980 2979
f 2910 2911 2981 2980
f 2911 2912 2982 2981
f 2912 2913 2983 2982
f 2913 2914 2984 2983
f 2914 2915 2985 2984
f 2915 2916 2986 2985
f 2916 2917 2987 2986
f 2917 2918 2988 2987
f 2918 2919 2989 2988
f 2919 2920 2990 2989
f 2920 2921 2991 2990
f 2921 2922 2992 2991
f 2922 2923 2993 2992
f 2923 2924 2994 2993
f 2924 2925 2995 2994
f 2925 2926 2996 2995
f 2926 2927 2997 2996
f 2927 2928 2998 2997
f 2928 2929 2999 2998
f 2929 2930 3000 2999
f 2930 2931 3001 3000
f 2931 2932 3002 3001
f 2932 2933 3003 3002
f 2933 2934 3004 3003
f 2934 2935 3005 3004
f 2935 2936 3006 3005
f 2936 2937 3007 3006
f 2937 2938 3008 3007
f 2938 2939 3009 3008
f 2939 2940 3010 3009
f 2940 2871 2941 3010
f 2941 2942 3012 3011
f 2942 2943 3013 3012
f 2943 2944 3014 3013
f 2944 2945 3015 3014
f 2945 2946 3016 3015
f 2946 2947 3017 3016
f 2947 2948 3018 3017
f 2948 2949 3019 3018
f 2949 2950 3020 3019
f 2950 2951 3021 3020
f 2951 2952 3022 3021
f 2952 2953 3023 3022
f 2953 2954 3024 3023
f 2954 2955 3025 3024
f 2955 2956 3026 3025
f 2956 2957 3027 3026
f 2957 2958 3028 3027
f 2958 2959 3029 3028
f 2959 2960 3030 3029
f 2960 2961 3031 3030
f 2961 2962 3032 3031
f 2962 2963 3033 3032
f 2963 2964 3034 3033
f 2964 2965 3035 3034
f 2965 2966 3036 3035
f 2966 2967 3037 3036
f 2967 2968 3038 3037
f 2968 2969 3039 3038
f 2969 2970 3040 3039
f 2970 2971 3041 3040
f 2971 2972 3042 3041
f 2972 2973 3043 3042
f 2973 2974 3044 3043
f 2974 2975 3045 3044
f 2975 2976 3046 3045
f 2976 2977 3047 3046
f 2977 2978 3048 3047
f 2978 2979 3049 3048
f 2979 2980 3050 3049
f 2980 2981 3051 3050
f 2981 2982 3052 3051
f 2982 2983 3053 3052
f 2983 2984 3054 3053
f 2984 2985 3055 3054
f 2985 2986 3056 3055
f 2986 2987 3057 3056
f 2987 2988 3058 3057
f 2988 2989 3059 3058
f 2989 2990 3060 3059
f 2990 2991 3061 3060
f 2991 2992 3062 3061
f 2992 2993 3063 3062
f 2993 2994 3064 3063
f 2994 2995 3065 3064
f 2995 2996 3066 3065
f 2996 2997 3067 3066
f 2997 2998 3068 3067
f 2998 2999 3069 3068
f 2999 3000 3070 3069
f 3000 3001 3071 3070
f 3001 3002 3072 3071
f 3002 3003 3073 3072
f 3003 3004 3074 3073
f 3004 3005 3075 3074
f 3005 3006 3076 3075
f 3006 3007 3077 3076
f 3007 3008 3078 3077
f 3008 3009 3079 3078
f 3009 3010 3080 3079
f 3010 2941 3011 3080
f 3011 3012 3082 3081
f 3012 3013 3083 3082
f 3013 3014 3084 3083
f 3014 3015 3085 3084
f 3015 3016 3086 3085
f 3016 3017 3087 3086
f 3017 3018 3088 3087
f 3018 3019 3089 3088
f 3019 3020 3090 3089
f 3020 3021 3091 3090
f 3021 3022 3092 3091
f 3022 3023 3093 3092
f 3023 3024 3094 3093
f 3024 3025 3095 3094
f 3025 3026 3096 3095
f 3026 3027 3097 3096
f 3027 3028 3098 3097
f 3028 3029 3099 3098
f 3029 3030 3100 3099
f 3030 3031 3101 3100
f 3031 3032 3102 3101
f 3032 3033 3103 3102
f 3033 3034 3104 3103
f 3034 3035 3105 3104
f 3035 3036 3106 3105
f 3036 3037 3107 3106
f 3037 3038 3108 3107
f 3038 3039 3109 3108
f 3039 3040 3110 3109
f 3040 3041 3111 3110
f 3041 3042 3112 3111
f 3042 3043 3113 3112
f 3043 3044 3114 3113
f 3044 3045 3115 3114
f 3045 3046 3116 3115
f 3046 3047 3117 3116
f 3047 3048 3118 3117
f 3048 3049 3119 3118
f 3049 3050 3120 3119
f 3050 3051 3121 3120
f 3051 3052 3122 3121
f 3052 3053 3123 3122
f 3053 3054 3124 3123
f 3054 3055 3125 3124
f 3055 3056 3126 3125
f 3056 3057 3127 3126
f 3057 3058 3128 3127
f 3058 3059 3129 3128
f 3059 3060 3130 3129
f 3060 3061 3131 3130
f 3061 3062 3132 3131
f 3062 3063 3133 3132
f 3063 3064 3134 3133
f 3064 3065 3135 3134
f 3065 3066 3136 3135
f 3066 3067 3137 3136
f 3067 3068 3138 3137
f 3068 3069 3139 3138
f 3069 3070 3140 3139
f 3070 3071 3141 3140
f 3071 3072 3142 3141
f 3072 3073 3143 3142
f 3073 3074 3144 3143
f 3074 3075 3145 3144
f 3075 3076 3146 3145
f 3076 3077 3147 3146
f 3077 3078 3148 3147
f 3078 3079 3149 3148
f 3079 3080 3150 3149
f 3080 3011 3081 3150
f 3081 3082 3152 3151
f 3082 3083 3153 3152
f 3083 3084 3154 3153
f 3084 3085 3155 3154
f 3085 3086 3156 3155
f 3086 3087 3157 3156
f 3087 3088 3158 3157
f 3088 3089 3159 3158
f 3089 3090 3160 3159
f 3090 3091 3161 3160
f 3091 3092 3162 3161
f 3092 3093 3163 3162
f 3093 3094 3164 3163
f 3094 3095 3165 3164
f 3095 3096 3166 3165
f 3096 3097 3167 3166
f 3097 3098 3168 3167
f 3098 3099 3169 3168
f 3099 3100 3170 3169
f 3100 3101 3171 3170
f 3101 3102 3172 3171
f 3102 3103 3173 3172
f 3103 3104 3174 3173
f 3104 3105 3175 3174
f 3105 3106 3176 3175
f 3106 3107 3177 3176
f 3107 3108 3178 3177
f 3108 3109 3179 3178
f 3109 3110 3180 3179
f 3110 3111 3181 3180
f 3111 3112 3182 3181
f 3112 3113 3183 3182
f 3113 3114 3184 3183
f 3114 3115 3185 3184
f 3115 3116 3186 3185
f 3116 3117 3187 3186
f 3117 3118 3188 3187
f 3118 3119 3189 3188
f 3119 3120 3190 3189
f 3120 3121 3191 3190
f 3121 3122 3192 3191
f 3122 3123 3193 3192
f 3123 3124 3194 3193
f 3124 3125 3195 3194
f 3125 3126 3196 3195
f 3126 3127 3197 3196
f 3127 3128 3198 3197
f 3128 3129 3199 3198
f 3129 3130 3200 3199
f 3130 3131 3201 3200
f 3131 3132 3202 3201
f 3132 3133 3203 3202
f 3133 3134 3204 3203
f 3134 3135 3205 3204
f 3135 3136 3206 3205
f 3136 3137 3207 3206
f 3137 3138 3208 3207
f 3138 3139 3209 3208
f 3139 3140 3210 3209
f 3140 3141 3211 3210
f 3141 3142 3212 3211
f 3142 3143 3213 3212
f 3143 3144 3214 3213
f 3144 3145 3215 3214
f 3145 3146 3216 3215
f 3146 3147 3217 3216
f 3147 3148 3218 3217
f 3148 3149 3219 3218
f 3149 3150 3220 3219
f 3150 3081 3151 3220
f 3151 3152 3222 3221
f 3152 3153 3223 3222
f 3153 3154 3224 3223
f 3154 3155 3225 3224
f 3155 3156 3226 3225
f 3156 3157 3227 3226
f 3157 3158 3228 3227
f 3158 3159 3229 3228
f 3159 3160 3230 3229
f 3160 3161 3231 3230
f 3161 3162 3232 3231
f 3162 3163 3233 3232
f 3163 3164 3234 3233
f 3164 3165 3235 3234
f 3165 3166 3236 3235
f 3166 3167 3237 3236
f 3167 3168 3238 3237
f 3168 3169 3239 3238
f 3169 3170 3240 3239
f 3170 3171 3241 3240
f 3171 3172 3242 3241
f 3172 3173 3243 3242
f 3173 3174 3244 3243
f 3174 3175 3245 3244
f 3175 3176 3246 3245
f 3176 3177 3247 3246
f 3177 3178 3248 3247
f 3178 3179 3249 3248
f 3179 3180 3250 3249
f 3180 3181 3251 3250
f 3181 3182 3252 3251
f 3182 3183 3253 3252
f 3183 3184 3254 3253
f 3184 3185 3255 3254
f 3185 3186 3256 3255
f 3186 3187 3257 3256
f 3187 3188 3258 3257
f 3188 3189 3259 3258
f 3189 3190 3260 3259
f 3190 3191 3261 3260
f 3191 3192 3262 3261
f 3192 3193 3263 3262
f 3193 3194 3264 3263
f 3194 3195 3265 3264
f 3195 3196 3266 3265
f 3196 3197 3267 3266
f 3197 3198 3268 3267
f 3198 3199 3269 3268
f 3199 3200 3270 3269
f 3200 3201 3271 3270
f 3201 3202 3272 3271
f 3202 3203 3273 3272
f 3203 3204 3274 3273
f 3204 3205 3275 3274
f 3205 3206 3276 3275
f 3206 3207 3277 3276
f 3207 3208 3278 3277
f 3208 3209 3279 3278
f 3209 3210 3280 3279
f 3210 3211 3281 3280
f 3211 3212 3282 3281
f 3212 3213 3283 3282
f 3213 3214 3284 3283
f 3214 3215 3285 3284
f 3215 3216 3286 3285
f 3216 3217 3287 3286
f 3217 3218 3288 3287
f 3218 3219 3289 3288
f 3219 3220 3290 3289
f 3220 3151 3221 3290
f 3221 3222 3292 3291
f 3222 3223 3293 3292
f 3223 3224 3294 3293
f 3224 3225 3295 3294
f 3225 3226 3296 3295
f 3226 3227 3297 3296
f 3227 3228 3298 3297
f 3228 3229 3299 3298
f 3229 3230 3300 3299
f 3230 3231 3301 3300
f 3231 3232 3302 3301
f 3232 3233 3303 3302
f 3233 3234 3304 3303
f 3234 3235 3305 3304
f 3235 3236 3306 3305
f 3236 3237 3307 3306
f 3237 3238 3308 3307
f 3238 3239 3309 3308
f 3239 3240 3310 3309
f 3240 3241 3311 3310
f 3241 3242 3312 3311
f 3242 3243 3313 3312
f 3243 3244 3314 3313
f 3244 3245 3315 3314
f 3245 3246 3316 3315
f 3246 3247 3317 3316
f 3247 3248 3318 3317
f 3248 3249 3319 3318
f 3249 3250 3320 3319
f 3250 3251 3321 3320
f 3251 3252 3322 3321
f 3252 3253 3323 3322
f 3253 3254 3324 3323
f 3254 3255 3325 3324
f 3255 3256 3326 3325
f 3256 3257 3327 3326
f 3257 3258 3328 3327
f 3258 3259 3329 3328
f 3259 3260 3330 3329
f 3260 3261 3331 3330
f 3261 3262 3332 3331
f 3262 3263 3333 3332
f 3263 3264 3334 3333
f 3264 3265 3335 3334
f 3265 3266 3336 3335
f 3266 3267 3337 3336
f 3267 3268 3338 3337
f 3268 3269 3339 3338
f 3269 3270 3340 3339
f 3270 3271 3341 3340
f 3271 3272 3342 3341
f 3272 3273 3343 3342
f 3273 3274 3344 3343
f 3274 3275 3345 3344
f 3275 3276 3346 3345
f 3276 3277 3347 3346
f 3277 3278 3348 3347
f 3278 3279 3349 3348
f 3279 3280 3350 3349
f 3280 3281 3351 3350
f 3281 3282 3352 3351
f 3282 3283 3353 3352
f 3283 3284 3354 3353
f 3284 3285 3355 3354
f 3285 3286 3356 3355
f 3286 3287 3357 3356
f 3287 3288 3358 3357
f 3288 3289 3359 3358
f 3289 3290 3360 3359
f 3290 3221 3291 3360
f 3291 3292 3362 3361
f 3292 3293 3363 3362
f 3293 3294 3364 3363
f 3294 3295 3365 3364
f 3295 3296 3366 3365
f 3296 3297 3367 3366
f 3297 3298 3368 3367
f 3298 3299 3369 3368
f 3299 3300 3370 3369
f 3300 3301 3371 3370
f 3301 3302 3372 3371
f 3302 3303 3373 3372
f 3303 3304 3374 3373
f 3304 3305 3375 3374
f 3305 3306 3376 3375
f 3306 3307 3377 3376
f 3307 3308 3378 3377
f 3308 3309 3379 3378
f 3309 3310 3380 3379
f 3310 3311 3381 3380
f 3311 3312 3382 3381
f 3312 3313 3383 3382
f 3313 3314 3384 3383
f 3314 3315 3385 3384
f 3315 3316 3386 3385
f 3316 3317 3387 3386
f 3317 3318 3388 3387
f 3318 3319 3389 3388
f 3319 3320 3390 3389
f 3320 3321 3391 3390
f 3321 3322 3392 3391
f 3322 3323 3393 3392
f 3323 3324 3394 3393
f 3324 3325 3395 3394
f 3325 3326 3396 3395
f 3326 3327 3397 3396
f 3327 3328 3398 3397
f 3328 3329 3399 3398
f 3329 3330 3400 3399
f 3330 3331 3401 3400
f 3331 3332 3402 3401
f 3332 3333 3403 3402
f 3333 3334 3404 3403
f 3334 3335 3405 3404
f 3335 3336 3406 3405
f 3336 3337 3407 3406
f 3337 3338 3408 3407
f 3338 3339 3409 3408
f 3339 3340 3410 3409
f 3340 3341 3411 3410
f 3341 3342 3412 3411
f 3342 3343 3413 3412
f 3343 3344 3414 3413
f 3344 3345 3415 3414
f 3345 3346 3416 3415
f 3346 3347 3417 3416
f 3347 3348 3418 3417
f 3348 3349 3419 3418
f 3349 3350 3420 3419
f 3350 3351 3421 3420
f 3351 3352 3422 3421
f 3352 3353 3423 3422
f 3353 3354 3424 3423
f 3354 3355 3425 3424
f 3355 3356 3426 3425
f 3356 3357 3427 3426
f 3357 3358 3428 3427
f 3358 3359 3429 3428
f 3359 3360 3430 3429
f 3360 3291 3361 3430
f 3361 3362 3432 3431
f 3362 3363 3433 3432
f 3363 3364 3434 3433
f 3364 3365 3435 3434
f 3365 3366 3436 3435
f 3366 3367 3437 3436
f 3367 3368 3438 3437
f 3368 3369 3439 3438
f 3369 3370 3440 3439
f 3370 3371 3441 3440
f 3371 3372 3442 3441
f 3372 3373 3443 3442
f 3373 3374 3444 3443
f 3374 3375 3445 3444
f 3375 3376 3446 3445
f 3376 3377 3447 3446
f 3377 3378 3448 3447
f 3378 3379 3449 3448
f 3379 3380 3450 3449
f 3380 3381 3451 3450
f 3381 3382 3452 3451
f 3382 3383 3453 3452
f 3383 3384 3454 3453
f 3384 3385 3455 3454
f 3385 3386 3456 3455
f 3386 3387 3457 3456
f 3387 3388 3458 3457
f 3388 3389 3459 3458
f 3389 3390 3460 3459
f 3390 3391 3461 3460
f 3391 3392 3462 3461
f 3392 3393 3463 3462
f 3393 3394 3464 3463
f 3394 3395 3465 3464
f 3395 3396 3466 3465
f 3396 3397 3467 3466
f 3397 3398 3468 3467
f 3398 3399 3469 3468
f 3399 3400 3470 3469
f 3400 3401 3471 3470
f 3401 3402 3472 3471
f 3402 3403 3473 3472
f 3403 3404 3474 3473
f 3404 3405 3475 3474
f 3405 3406 3476 3475
f 3406 3407 3477 3476
f 3407 3408 3478 3477
f 3408 3409 3479 3478
f 3409 3410 3480 3479
f 3410 3411 3481 3480
f 3411 3412 3482 3481
f 3412 3413 3483 3482
f 3413 3414 3484 3483
f 3414 3415 3485 3484
f 3415 3416 3486 3485
f 3416 3417 3487 3486
f 3417 3418 3488 3487
f 3418 3419 3489 3488
f 3419 3420 3490 3489
f 3420 3421 3491 3490
f 3421 3422 3492 3491
f 3422 3423 3493 3492
f 3423 3424 3494 3493
f 3424 3425 3495 3494
f 3425 3426 3496 3495
f 3426 3427 3497 3496
f 3427 3428 3498 3497
f 3428 3429 3499 3498
f 3429 3430 3500 3499
f 3430 3361 3431 3500
f 3431 3432 3502 3501
f 3432 3433 3503 3502
f 3433 3434 3504 3503
f 3434 3435 3505 3504
f 3435 3436 3506 3505
f 3436 3437 3507 3506
f 3437 3438 3508 3507
f 3438 3439 3509 3508
f 3439 3440 3510 3509
f 3440 3441 3511 3510
f 3441 3442 3512 3511
f 3442 3443 3513 3512
f 3443 3444 3514 3513
f 3444 3445 3515 3514
f 3445 3446 3516 3515
f 3446 3447 3517 3516
f 3447 3448 3518 3517
f 3448 3449 3519 3518
f 3449 3450 3520 3519
f 3450 3451 3521 3520
f 3451 3452 3522 3521
f 3452 3453 3523 3522
f 3453 3454 3524 3523
f 3454 3455 3525 3524
f 3455 3456 3526 3525
f 3456 3457 3527 3526
f 3457 3458 3528 3527
f 3458 3459 3529 3528
f 3459 3460 3530 3529
f 3460 3461 3531 3530
f 3461 3462 3532 3531
f 3462 3463 3533 3532
f 3463 3464 3534 3533
f 3464 3465 3535 3534
f 3465 3466 3536 3535
f 3466 3467 3537 3536
f 3467 3468 3538 3537
f 3468 3469 3539 3538
f 3469 3470 3540 3539
f 3470 3471 3541 3540
f 3471 3472 3542 3541
f 3472 3473 3543 3542
f 3473 3474 3544 3543
f 3474 3475 3545 3544
f 3475 3476 3546 3545
f 3476 3477 3547 3546
f 3477 3478 3548 3547
f 3478 3479 3549 3548
f 3479 3480 3550 3549
f 3480 3481 3551 3550
f 3481 3482 3552 3551
f 3482 3483 3553 3552
f 3483 3484 3554 3553
f 3484 3485 3555 3554
f 3485 3486 3556 3555
f 3486 3487 3557 3556
f 3487 3488 3558 3557
f 3488 3489 3559 3558
f 3489 3490 3560 3559
f 3490 3491 3561 3560
f 3491 3492 3562 3561
f 3492 3493 3563 3562
f 3493 3494 3564 3563
f 3494 3495 3565 3564
f 3495 3496 3566 3565
f 3496 3497 3567 3566
f 3497 3498 3568 3567
f 3498 3499 3569 3568
f 3499 3500 3570 3569
f 3500 3431 3501 3570
f 3501 3502 3572 3571
f 3502 3503 3573 3572
f 3503 3504 3574 3573
f 3504 3505 3575 3574
f 3505 3506 3576 3575
f 3506 3507 3577 3576
f 3507 3508 3578 3577
f 3508 3509 3579 3578
f 3509 3510 3580 3579
f 3510 3511 3581 3580
f 3511 3512 3582 3581
f 3512 3513 3583 3582
f 3513 3514 3584 3583
f 3514 3515 3585 3584
f 3515 3516 3586 3585
f 3516 3517 3587 3586
f 3517 3518 3588 3587
f 3518 3519 3589 3588
f 3519 3520 3590 3589
f 3520 3521 3591 3590
f 3521 3522 3592 3591
f 3522 3523 3593 3592
f 3523 3524 3594 3593
f 3524 3525 3595 3594
f 3525 3526 3596 3595
f 3526 3527 3597 3596
f 3527 3528 3598 3597
f 3528 3529 3599 3598
f 3529 3530 3600 3599
f 3530 3531 3601 3600
f 3531 3532 3602 3601
f 3532 3533 3603 3602
f 3533 3534 3604 3603
f 3534 3535 3605 3604
f 3535 3536 3606 3605
f 3536 3537 3607 3606
f 3537 3538 3608 3607
f 3538 3539 3609 3608
f 3539 3540 3610 3609
f 3540 3541 3611 3610
f 3541 3542 3612 3611
f 3542 3543 3613 3612
f 3543 3544 3614 3613
f 3544 3545 3615 3614
f 3545 3546 3616 3615
f 3546 3547 3617 3616
f 3547 3548 3618 3617
f 3548 3549 3619 3618
f 3549 3550 3620 3619
f 3550 3551 3621 3620
f 3551 3552 3622 3621
f 3552 3553 3623 3622
f 3553 3554 3624 3623
f 3554 3555 3625 3624
f 3555 3556 3626 3625
f 3556 3557 3627 3626
f 3557 3558 3628 3627
f 3558 3559 3629 3628
f 3559 3560 3630 3629
f 3560 3561 3631 3630
f 3561 3562 3632 3631
f 3562 3563 3633 3632
f 3563 3564 3634 3633
f 3564 3565 3635 3634
f 3565 3566 3636 3635
f 3566 3567 3637 3636
f 3567 3568 3638 3637
f 3568 3569 3639 3638
f 3569 3570 3640 3639
f 3570 3501 3571 3640
f 3571 3572 3642 3641
f 3572 3573 3643 3642
f 3573 3574 3644 3643
f 3574 3575 3645 3644
f 3575 3576 3646 3645
f 3576 3577 3647 3646
f 3577 3578 3648 3647
f 3578 3579 3649 3648
f 3579 3580 3650 3649
f 3580 3581 3651 3650
f 3581 3582 3652 3651
f 3582 3583 3653 3652
f 3583 3584 3654 3653
f 3584 3585 3655 3654
f 3585 3586 3656 3655
f 3586 3587 3657 3656
f 3587 3588 3658 3657
f 3588 3589 3659 3658
f 3589 3590 3660 3659
f 3590 3591 3661 3660
f 3591 3592 3662 3661
f 3592 3593 3663 3662
f 3593 3594 3664 3663
f 3594 3595 3665 3664
f 3595 3596 3666 3665
f 3596 3597 3667 3666
f 3597 3598 3668 3667
f 3598 3599 3669 3668
f 3599 3600 3670 3669
f 3600 3601 3671 3670
f 3601 3602 3672 3671
f 3602 3603 3673 3672
f 3603 3604 3674 3673
f 3604 3605 3675 3674
f 3605 3606 3676 3675
f 3606 3607 3677 3676
f 3607 3608 3678 3677
f 3608 3609 3679 3678
f 3609 3610 3680 3679
f 3610 3611 3681 3680
f 3611 3612 3682 3681
f 3612 3613 3683 3682
f 3613 3614 3684 3683
f 3614 3615 3685 3684
f 3615 3616 3686 3685
f 3616 3617 3687 3686
f 3617 3618 3688 3687
f 3618 3619 3689 3688
f 3619 3620 3690 3689
f 3620 3621 3691 3690
f 3621 3622 3692 3691
f 3622 3623 3693 3692
f 3623 3624 3694 3693
f 3624 3625 3695 3694
f 3625 3626 3696 3695
f 3626 3627 3697 3696
f 3627 3628 3698 3697
f 3628 3629 3699 3698
f 3629 3630 3700 3699
f 3630 3631 3701 3700
f 3631 3632 3702 3701
f 3632 3633 3703 3702
f 3633 3634 3704 3703
f 3634 3635 3705 3704
f 3635 3636 3706 3705
f 3636 3637 3707 3706
f 3637 3638 3708 3707
f 3638 3639 3709 3708
f 3639 3640 3710 3709
f 3640 3571 3641 3710
f 3641 3642 3712 3711
f 3642 3643 3713 3712
f 3643 3644 3714 3713
f 3644 3645 3715 3714
f 3645 3646 3716 3715
f 3646 3647 3717 3716
f 3647 3648 3718 3717
f 3648 3649 3719 3718
f 3649 3650 3720 3719
f 3650 3651 3721 3720
f 3651 3652 3722 3721
f 3652 3653 3723 3722
f 3653 3654 3724 3723
f 3654 3655 3725 3724
f 3655 3656 3726 3725
f 3656 3657 3727 3726
f 3657 3658 3728 3727
f 3658 3659 3729 3728
f 3659 3660 3730 3729
f 3660 3661 3731 3730
f 3661 3662 3732 3731
f 3662 3663 3733 3732
f 3663 3664 3734 3733
f 3664 3665 3735 3734
f 3665 3666 3736 3735
f 3666 3667 3737 3736
f 3667 3668 3738 3737
f 3668 3669 3739 3738
f 3669 3670 3740 3739
f 3670 3671 3741 3740
f 3671 3672 3742 3741
f 3672 3673 3743 3742
f 3673 3674 3744 3743
f 3674 3675 3745 3744
f 3675 3676 3746 3745
f 3676 3677 3747 3746
f 3677 3678 3748 3747
f 3678 3679 3749 3748
f 3679 3680 3750 3749
f 3680 3681 3751 3750
f 3681 3682 3752 3751
f 3682 3683 3753 3752
f 3683 3684 3754 3753
f 3684 3685 3755 3754
f 3685 3686 3756 3755
f 3686 3687 3757 3756
f 3687 3688 3758 3757
f 3688 3689 3759 3758
f 3689 3690 3760 3759
f 3690 3691 3761 3760
f 3691 3692 3762 3761
f 3692 3693 3763 3762
f 3693 3694 3764 3763
f 3694 3695 3765 3764
f 3695 3696 3766 3765
f 3696 3697 3767 3766
f 3697 3698 3768 3767
f 3698 3699 3769 3768
f 3699 3700 3770 3769
f 3700 3701 3771 3770
f 3701 3702 3772 3771
f 3702 3703 3773 3772
f 3703 3704 3774 3773
f 3704 3705 3775 3774
f 3705 3706 3776 3775
f 3706 3707 3777 3776
f 3707 3708 3778 3777
f 3708 3709 3779 3778
f 3709 3710 3780 3779
f 3710 3641 3711 3780
f 3711 3712 3782 3781
f 3712 3713 3783 3782
f 3713 3714 3784 3783
f 3714 3715 3785 3784
f 3715 3716 3786 3785
f 3716 3717 3787 3786
f 3717 3718 3788 3787
f 3718 3719 3789 3788
f 3719 3720 3790 3789
f 3720 3721 3791 3790
f 3721 3722 3792 3791
f 3722 3723 3793 3792
f 3723 3724 3794 3793
f 3724 3725 3795 3794
f 3725 3726 3796 3795
f 3726 3727 3797 3796
f 3727 3728 3798 3797
f 3728 3729 3799 3798
f 3729 3730 3800 3799
f 3730 3731 3801 3800
f 3731 3732 3802 3801
f 3732 3733 3803 3802
f 3733 3734 3804 3803
f 3734 3735 3805 3804
f 3735 3736 3806 3805
f 3736 3737 3807 3806
f 3737 3738 3808 3807
f 3738 3739 3809 3808
f 3739 3740 3810 3809
f 3740 3741 3811 3810
f 3741 3742 3812 3811
f 3742 3743 3813 3812
f 3743 3744 3814 3813
f 3744 3745 3815 3814
f 3745 3746 3816 3815
f 3746 3747 3817 3816
f 3747 3748 3818 3817
f 3748 3749 3819 3818
f 3749 3750 3820 3819
f 3750 3751 3821 3820
f 3751 3752 3822 3821
f 3752 3753 3823 3822
f 3753 3754 3824 3823
f 3754 3755 3825 3824
f 3755 3756 3826 3825
f 3756 3757 3827 3826
f 3757 3758 3828 3827
f 3758 3759 3829 3828
f 3759 3760 3830 3829
f 3760 3761 3831 3830
f 3761 3762 3832 3831
f 3762 3763 3833 3832
f 3763 3764 3834 3833
f 3764 3765 3835 3834
f 3765 3766 3836 3835
f 3766 3767 3837 3836
f 3767 3768 3838 3837
f 3768 3769 3839 3838
f 3769 3770 3840 3839
f 3770 3771 3841 3840
f 3771 3772 3842 3841
f 3772 3773 3843 3842
f 3773 3774 3844 3843
f 3774 3775 3845 3844
f 3775 3776 3846 3845
f 3776 3777 3847 3846
f 3777 3778 3848 3847
f 3778 3779 3849 3848
f 3779 3780 3850 3849
f 3780 3711 3781 3850
f 3781 3782 3852 3851
f 3782 3783 3853 3852
f 3783 3784 3854 3853
f 3784 3785 3855 3854
f 3785 3786 3856 3855
f 3786 3787 3857 3856
f 3787 3788 3858 3857
f 3788 3789 3859 3858
f 3789 3790 3860 3859
f 3790 3791 3861 3860
f 3791 3792 3862 3861
f 3792 3793 3863 3862
f 3793 3794 3864 3863
f 3794 3795 3865 3864
f 3795 3796 3866 3865
f 3796 3797 3867 3866
f 3797 3798 3868 3867
f 3798 3799 3869 3868
f 3799 3800 3870 3869
f 3800 3801 3871 3870
f 3801 3802 3872 3871
f 3802 3803 3873 3872
f 3803 3804 3874 3873
f 3804 3805 3875 3874
f 3805 3806 3876 3875
f 3806 3807 3877 3876
f 3807 3808 3878 3877
f 3808 3809 3879 3878
f 3809 3810 3880 3879
f 3810 3811 3881 3880
f 3811 3812 3882 3881
f 3812 3813 3883 3882
f 3813 3814 3884 3883
f 3814 3815 3885 3884
f 3815 3816 3886 3885
f 3816 3817 3887 3886
f 3817 3818 3888 3887
f 3818 3819 3889 3888
f 3819 3820 3890 3889
f 3820 3821 3891 3890
f 3821 3822 3892 3891
f 3822 3823 3893 3892
f 3823 3824 3894 3893
f 3824 3825 3895 3894
f 3825 3826 3896 3895
f 3826 3827 3897 3896
f 3827 3828 3898 3897
f 3828 3829 3899 3898
f 3829 3830 3900 3899
f 3830 3831 3901 3900
f 3831 3832 3902 3901
f 3832 3833 3903 3902
f 3833 3834 3904 3903
f 3834 3835 3905 3904
f 3835 3836 3906 3905
f 3836 3837 3907 3906
f 3837 3838 3908 3907
f 3838 3839 3909 3908
f 3839 3840 3910 3909
f 3840 3841 3911 3910
f 3841 3842 3912 3911
f 3842 3843 3913 3912
f 3843 3844 3914 3913
f 3844 3845 3915 3914
f 3845 3846 3916 3915
f 3846 3847 3917 3916
f 3847 3848 3918 3917
f 3848 3849 3919 3918
f 3849 3850 3920 3919
f 3850 3781 3851 3920
f 3851 3852 3922 3921
f 3852 3853 3923 3922
f 3853 3854 3924 3923
f 3854 3855 3925 3924
f 3855 3856 3926 3925
f 3856 3857 3927 3926
f 3857 3858 3928 3927
f 3858 3859 3929 3928
f 3859 3860 3930 3929
f 3860 3861 3931 3930
f 3861 3862 3932 3931
f 3862 3863 3933 3932
f 3863 3864 3934 3933
f 3864 3865 3935 3934
f 3865 3866 3936 3935
f 3866 3867 3937 3936
f 3867 3868 3938 3937
f 3868 3869 3939 3938
f 3869 3870 3940 3939
f 3870 3871 3941 3940
f 3871 3872 3942 3941
f 3872 3873 3943 3942
f 3873 3874 3944 3943
f 3874 3875 3945 3944
f 3875 3876 3946 3945
f 3876 3877 3947 3946
f 3877 3878 3948 3947
f 3878 3879 3949 3948
f 3879 3880 3950 3949
f 3880 3881 3951 3950
f 3881 3882 3952 3951
f 3882 3883 3953 3952
f 3883 3884 3954 3953
f 3884 3885 3955 3954
f 3885 3886 3956 3955
f 3886 3887 3957 3956
f 3887 3888 3958 3957
f 3888 3889 3959 3958
f 3889 3890 3960 3959
f 3890 3891 3961 3960
f 3891 3892 3962 3961
f 3892 3893 3963 3962
f 3893 3894 3964 3963
f 3894 3895 3965 3964
f 3895 3896 3966 3965
f 3896 3897 3967 3966
f 3897 3898 3968 3967
f 3898 3899 3969 3968
f 3899 3900 3970 3969
f 3900 3901 3971 3970
f 3901 3902 3972 3971
f 3902 3903 3973 3972
f 3903 3904 3974 3973
f 3904 3905 3975 3974
f 3905 3906 3976 3975
f 3906 3907 3977 3976
f 3907 3908 3978 3977
f 3908 3909 3979 3978
f 3909 3910 3980 3979
f 3910 3911 3981 3980
f 3911 3912 3982 3981
f 3912 3913 3983 3982
f 3913 3914 3984 3983
f 3914 3915 3985 3984
f 3915 3916 3986 3985
f 3916 3917 3987 3986
f 3917 3918 3988 3987
f 3918 3919 3989 3988
f 3919 3920 3990 3989
f 3920 3851 3921 3990
f 3921 3922 3992 3991
f 3922 3923 3993 3992
f 3923 3924 3994 3993
f 3924 3925 3995 3994
f 3925 3926 3996 3995
f 3926 3927 3997 3996
f 3927 3928 3998 3997
f 3928 3929 3999 3998
f 3929 3930 4000 3999
f 3930 3931 4001 4000
f 3931 3932 4002 4001
f 3932 3933 4003 4002
f 3933 3934 4004 4003
f 3934 3935 4005 4004
f 3935 3936 4006 4005
f 3936 3937 4007 4006
f 3937 3938 4008 4007
f 3938 3939 4009 4008
f 3939 3940 4010 4009
f 3940 3941 4011 4010
f 3941 3942 4012 4011
f 3942 3943 4013 4012
f 3943 3944 4014 4013
f 3944 3945 4015 4014
f 3945 3946 4016 4015
f 3946 3947 4017 4016
f 3947 3948 4018 4017
f 3948 3949 4019 4018
f 3949 3950 4020 4019
f 3950 3951 4021 4020
f 3951 3952 4022 4021
f 3952 3953 4023 4022
f 3953 3954 4024 4023
f 3954 3955 4025 4024
f 3955 3956 4026 4025
f 3956 3957 4027 4026
f 3957 3958 4028 4027
f 3958 3959 4029 4028
f 3959 3960 4030 4029
f 3960 3961 4031 4030
f 3961 3962 4032 4031
f 3962 3963 4033 4032
f 3963 3964 4034 4033
f 3964 3965 4035 4034
f 3965 3966 4036 4035
f 3966 3967 4037 4036
f 3967 3968 4038 4037
f 3968 3969 4039 4038
f 3969 3970 4040 4039
f 3970 3971 4041 4040
f 3971 3972 4042 4041
f 3972 3973 4043 4042
f 3973 3974 4044 4043
f 3974 3975 4045 4044
f 3975 3976 4046 4045
f 3976 3977 4047 4046
f 3977 3978 4048 4047
f 3978 3979 4049 4048
f 3979 3980 4050 4049
f 3980 3981 4051 4050
f 3981 3982 4052 4051
f 3982 3983 4053 4052
f 3983 3984 4054 4053
f 3984 3985 4055 4054
f 3985 3986 4056 4055
f 3986 3987 4057 4056
f 3987 3988 4058 4057
f 3988 3989 4059 4058
f 3989 3990 4060 4059
f 3990 3921 3991 4060
f 3991 3992 4062 4061
f 3992 3993 4063 4062
f 3993 3994 4064 4063
f 3994 3995 4065 4064
f 3995 3996 4066 4065
f 3996 3997 4067 4066
f 3997 3998 4068 4067
f 3998 3999 4069 4068
f 3999 4000 4070 4069
f 4000 4001 4071 4070
f 4001 4002 4072 4071
f 4002 4003 4073 4072
f 4003 4004 4074 4073
f 4004 4005 4075 4074
f 4005 4006 4076 4075
f 4006 4007 4077 4076
f 4007 4008 4078 4077
f 4008 4009 4079 4078
f 4009 4010 4080 4079
f 4010 4011 4081 4080
f 4011 4012 4082 4081
f 4012 4013 4083 4082
f 4013 4014 4084 4083
f 4014 4015 4085 4084
f 4015 4016 4086 4085
f 4016 4017 4087 4086
f 4017 4018 4088 4087
f 4018 4019 4089 4088
f 4019 4020 4090 4089
f 4020 4021 4091 4090
f 4021 4022 4092 4091
f 4022 4023 4093 4092
f 4023 4024 4094 4093
f 4024 4025 4095 4094
f 4025 4026 4096 4095
f 4026 4027 4097 4096
f 4027 4028 4098 4097
f 4028 4029 4099 4098
f 4029 4030 4100 4099
f 4030 4031 4101 4100
f 4031 4032 4102 4101
f 4032 4033 4103 4102
f 4033 4034 4104 4103
f 4034 4035 4105 4104
f 4035 4036 4106 4105
f 4036 4037 4107 4106
f 4037 4038 4108 4107
f 4038 4039 4109 4108
f 4039 4040 4110 4109
f 4040 4041 4111 4110
f 4041 4042 4112 4111
f 4042 4043 4113 4112
f 4043 4044 4114 4113
f 4044 4045 4115 4114
f 4045 4046 4116 4115
f 4046 4047 4117 4116
f 4047 4048 4118 4117
f 4048 4049 4119 4118
f 4049 4050 4120 4119
f 4050 4051 4121 4120
f 4051 4052 4122 4121
f 4052 4053 4123 4122
f 4053 4054 4124 4123
f 4054 4055 4125 4124
f 4055 4056 4126 4125
f 4056 4057 4127 4126
f 4057 4058 4128 4127
f 4058 4059 4129 4128
f 4059 4060 4130 4129
f 4060 3991 4061 4130
f 4061 4062 4132 4131
f 4062 4063 4133 4132
f 4063 4064 4134 4133
f 4064 4065 4135 4134
f 4065 4066 4136 4135
f 4066 4067 4137 4136
f 4067 4068 4138 4137
f 4068 4069 4139 4138
f 4069 4070 4140 4139
f 4070 4071 4141 4140
f 4071 4072 4142 4141
f 4072 4073 4143 4142
f 4073 4074 4144 4143
f 4074 4075 4145 4144
f 4075 4076 4146 4145
f 4076 4077 4147 4146
f 4077 4078 4148 4147
f 4078 4079 4149 4148
f 4079 4080 4150 4149
f 4080 4081 4151 4150
f 4081 4082 4152 4151
f 4082 4083 4153 4152
f 4083 4084 4154 4153
f 4084 4085 4155 4154
f 4085 4086 4156 4155
f 4086 4087 4157 4156
f 4087 4088 4158 4157
f 4088 4089 4159 4158
f 4089 4090 4160 4159
f 4090 4091 4161 4160
f 4091 4092 4162 4161
f 4092 4093 4163 4162
f 4093 4094 4164 4163
f 4094 4095 4165 4164
f 4095 4096 4166 4165
f 4096 4097 4167 4166
f 4097 4098 4168 4167
f 4098 4099 4169 4168
f 4099 4100 4170 4169
f 4100 4101 4171 4170
f 4101 4102 4172 4171
f 4102 4103 4173 4172
f 4103 4104 4174 4173
f 4104 4105 4175 4174
f 4105 4106 4176 4175
f 4106 4107 4177 4176
f 4107 4108 4178 4177
f 4108 4109 4179 4178
f 4109 4110 4180 4179
f 4110 4111 4181 4180
f 4111 4112 4182 4181
f 4112 4113 4183 4182
f 4113 4114 4184 4183
f 4114 4115 4185 4184
f 4115 4116 4186 4185
f 4116 4117 4187 4186
f 4117 4118 4188 4187
f 4118 4119 4189 4188
f 4119 4120 4190 4189
f 4120 4121 4191 4190
f 4121 4122 4192 4191
f 4122 4123 4193 4192
f 4123 4124 4194 4193
f 4124 4125 4195 4194
f 4125 4126 4196 4195
f 4126 4127 4197 4196
f 4127 4128 4198 4197
f 4128 4129 4199 4198
f 4129 4130 4200 4199
f 4130 4061 4131 4200
f 4131 4132 4202 4201
f 4132 4133 4203 4202
f 4133 4134 4204 4203
f 4134 4135 4205 4204
f 4135 4136 4206 4205
f 4136 4137 4207 4206
f 4137 4138 4208 4207
f 4138 4139 4209 4208
f 4139 4140 4210 4209
f 4140 4141 4211 4210
f 4141 4142 4212 4211
f 4142 4143 4213 4212
f 4143 4144 4214 4213
f 4144 4145 4215 4214
f 4145 4146 4216 4215
f 4146 4147 4217 4216
f 4147 4148 4218 4217
f 4148 4149 4219 4218
f 4149 4150 4220 4219
f 4150 4151 4221 4220
f 4151 4152 4222 4221
f 4152 4153 4223 4222
f 4153 4154 4224 4223
f 4154 4155 4225 4224
f 4155 4156 4226 4225
f 4156 4157 4227 4226
f 4157 4158 4228 4227
f 4158 4159 4229 4228
f 4159 4160 4230 4229
f 4160 4161 4231 4230
f 4161 4162 4232 4231
f 4162 4163 4233 4232
f 4163 4164 4234 4233
f 4164 4165 4235 4234
f 4165 4166 4236 4235
f 4166 4167 4237 4236
f 4167 4168 4238 4237
f 4168 4169 4239 4238
f 4169 4170 4240 4239
f 4170 4171 4241 4240
f 4171 4172 4242 4241
f 4172 4173 4243 4242
f 4173 4174 4244 4243
f 4174 4175 4245 4244
f 4175 4176 4246 4245
f 4176 4177 4247 4246
f 4177 4178 4248 4247
f 4178 4179 4249 4248
f 4179 4180 4250 4249
f 4180 4181 4251 4250
f 4181 4182 4252 4251
f 4182 4183 4253 4252
f 4183 4184 4254 4253
f 4184 4185 4255 4254
f 4185 4186 4256 4255
f 4186 4187 4257 4256
f 4187 4188 4258 4257
f 4188 4189 4259 4258
f 4189 4190 4260 4259
f 4190 4191 4261 4260
f 4191 4192 4262 4261
f 4192 4193 4263 4262
f 4193 4194 4264 4263
f 4194 4195 4265 4264
f 4195 4196 4266 4265
f 4196 4197 4267 4266
f 4197 4198 4268 4267
f 4198 4199 4269 4268
f 4199 4200 4270 4269
f 4200 4131 4201 4270
f 4201 4202 4272 4271
f 4202 4203 4273 4272
f 4203 4204 4274 4273
f 4204 4205 4275 4274
f 4205 4206 4276 4275
f 4206 4207 4277 4276
f 4207 4208 4278 4277
f 4208 4209 4279 4278
f 4209 4210 4280 4279
f 4210 4211 4281 4280
f 4211 4212 4282 4281
f 4212 4213 4283 4282
f 4213 4214 4284 4283
f 4214 4215 4285 4284
f 4215 4216 4286 4285
f 4216 4217 4287 4286
f 4217 4218 4288 4287
f 4218 4219 4289 4288
f 4219 4220 4290 4289
f 4220 4221 4291 4290
f 4221 4222 4292 4291
f 4222 4223 4293 4292
f 4223 4224 4294 4293
f 4224 4225 4295 4294
f 4225 4226 4296 4295
f 4226 4227 4297 4296
f 4227 4228 4298 4297
f 4228 4229 4299 4298
f 4229 4230 4300 4299
f 4230 4231 4301 4300
f 4231 4232 4302 4301
f 4232 4233 4303 4302
f 4233 4234 4304 4303
f 4234 4235 4305 4304
f 4235 4236 4306 4305
f 4236 4237 4307 4306
f 4237 4238 4308 4307
f 4238 4239 4309 4308
f 4239 4240 4310 4309
f 4240 4241 4311 4310
f 4241 4242 4312 4311
f 4242 4243 4313 4312
f 4243 4244 4314 4313
f 4244 4245 4315 4314
f 4245 4246 4316 4315
f 4246 4247 4317 4316
f 4247 4248 4318 4317
f 4248 4249 4319 4318
f 4249 4250 4320 4319
f 4250 4251 4321 4320
f 4251 4252 4322 4321
f 4252 4253 4323 4322
f 4253 4254 4324 4323
f 4254 4255 4325 4324
f 4255 4256 4326 4325
f 4256 4257 4327 4326
f 4257 4258 4328 4327
f 4258 4259 4329 4328
f 4259 4260 4330 4329
f 4260 4261 4331 4330
f 4261 4262 4332 4331
f 4262 4263 4333 4332
f 4263 4264 4334 4333
f 4264 4265 4335 4334
f 4265 4266 4336 4335
f 4266 4267 4337 4336
f 4267 4268 4338 4337
f 4268 4269 4339 4338
f 4269 4270 4340 4339
f 4270 4201 4271 4340
f 4271 4272 4342 4341
f 4272 4273 4343 4342
f 4273 4274 4344 4343
f 4274 4275 4345 4344
f 4275 4276 4346 4345
f 4276 4277 4347 4346
f 4277 4278 4348 4347
f 4278 4279 4349 4348
f 4279 4280 4350 4349
f 4280 4281 4351 4350
f 4281 4282 4352 4351
f 4282 4283 4353 4352
f 4283 4284 4354 4353
f 4284 4285 4355 4354
f 4285 4286 4356 4355
f 4286 4287 4357 4356
f 4287 4288 4358 4357
f 4288 4289 4359 4358
f 4289 4290 4360 4359
f 4290 4291 4361 4360
f 4291 4292 4362 4361
f 4292 4293 4363 4362
f 4293 4294 4364 4363
f 4294 4295 4365 4364
f 4295 4296 4366 4365
f 4296 4297 4367 4366
f 4297 4298 4368 4367
f 4298 4299 4369 4368
f 4299 4300 4370 4369
f 4300 4301 4371 4370
f 4301 4302 4372 4371
f 4302 4303 4373 4372
f 4303 4304 4374 4373
f 4304 4305 4375 4374
f 4305 4306 4376 4375
f 4306 4307 4377 4376
f 4307 4308 4378 4377
f 4308 4309 4379 4378
f 4309 4310 4380 4379
f 4310 4311 4381 4380
f 4311 4312 4382 4381
f 4312 4313 4383 4382
f 4313 4314 4384 4383
f 4314 4315 4385 4384
f 4315 4316 4386 4385
f 4316 4317 4387 4386
f 4317 4318 4388 4387
f 4318 4319 4389 4388
f 4319 4320 4390 4389
f 4320 4321 4391 4390
f 4321 4322 4392 4391
f 4322 4323 4393 4392
f 4323 4324 4394 4393
f 4324 4325 4395 4394
f 4325 4326 4396 4395
f 4326 4327 4397 4396
f 4327 4328 4398 4397
f 4328 4329 4399 4398
f 4329 4330 4400 4399
f 4330 4331 4401 4400
f 4331 4332 4402 4401
f 4332 4333 4403 4402
f 4333 4334 4404 4403
f 4334 4335 4405 4404
f 4335 4336 4406 4405
f 4336 4337 4407 4406
f 4337 4338 4408 4407
f 4338 4339 4409 4408
f 4339 4340 4410 4409
f 4340 4271 4341 4410
f 4341 4342 4412 4411
f 4342 4343 4413 4412
f 4343 4344 4414 4413
f 4344 4345 4415 4414
f 4345 4346 4416 4415
f 4346 4347 4417 4416
f 4347 4348 4418 4417
f 4348 4349 4419 4418
f 4349 4350 4420 4419
f 4350 4351 4421 4420
f 4351 4352 4422 4421
f 4352 4353 4423 4422
f 4353 4354 4424 4423
f 4354 4355 4425 4424
f 4355 4356 4426 4425
f 4356 4357 4427 4426
f 4357 4358 4428 4427
f 4358 4359 4429 4428
f 4359 4360 4430 4429
f 4360 4361 4431 4430
f 4361 4362 4432 4431
f 4362 4363 4433 4432
f 4363 4364 4434 4433
f 4364 4365 4435 4434
f 4365 4366 4436 4435
f 4366 4367 4437 4436
f 4367 4368 4438 4437
f 4368 4369 4439 4438
f 4369 4370 4440 4439
f 4370 4371 4441 4440
f 4371 4372 4442 4441
f 4372 4373 4443 4442
f 4373 4374 4444 4443
f 4374 4375 4445 4444
f 4375 4376 4446 4445
f 4376 4377 4447 4446
f 4377 4378 4448 4447
f 4378 4379 4449 4448
f 4379 4380 4450 4449
f 4380 4381 4451 4450
f 4381 4382 4452 4451
f 4382 4383 4453 4452
f 4383 4384 4454 4453
f 4384 4385 4455 4454
f 4385 4386 4456 4455
f 4386 4387 4457 4456
f 4387 4388 4458 4457
f 4388 4389 4459 4458
f 4389 4390 4460 4459
f 4390 4391 4461 4460
f 4391 4392 4462 4461
f 4392 4393 4463 4462
f 4393 4394 4464 4463
f 4394 4395 4465 4464
f 4395 4396 4466 4465
f 4396 4397 4467 4466
f 4397 4398 4468 4467
f 4398 4399 4469 4468
f 4399 4400 4470 4469
f 4400 4401 4471 4470
f 4401 4402 4472 4471
f 4402 4403 4473 4472
f 4403 4404 4474 4473
f 4404 4405 4475 4474
f 4405 4406 4476 4475
f 4406 4407 4477 4476
f 4407 4408 4478 4477
f 4408 4409 4479 4478
f 4409 4410 4480 4479
f 4410 4341 4411 4480
f 4411 4412 4482 4481
f 4412 4413 4483 4482
f 4413 4414 4484 4483
f 4414 4415 4485 4484
f 4415 4416 4486 4485
f 4416 4417 4487 4486
f 4417 4418 4488 4487
f 4418 4419 4489 4488
f 4419 4420 4490 4489
f 4420 4421 4491 4490
f 4421 4422 4492 4491
f 4422 4423 4493 4492
f 4423 4424 4494 4493
f 4424 4425 4495 4494
f 4425 4426 4496 4495
f 4426 4427 4497 4496
f 4427 4428 4498 4497
f 4428 4429 4499 4498
f 4429 4430 4500 4499
f 4430 4431 4501 4500
f 4431 4432 4502 4501
f 4432 4433 4503 4502
f 4433 4434 4504 4503
f 4434 4435 4505 4504
f 4435 4436 4506 4505
f 4436 4437 4507 4506
f 4437 4438 4508 4507
f 4438 4439 4509 4508
f 4439 4440 4510 4509
f 4440 4441 4511 4510
f 4441 4442 4512 4511
f 4442 4443 4513 4512
f 4443 4444 4514 4513
f 4444 4445 4515 4514
f 4445 4446 4516 4515
f 4446 4447 4517 4516
f 4447 4448 4518 4517
f 4448 4449 4519 4518
f 4449 4450 4520 4519
f 4450 4451 4521 4520
f 4451 4452 4522 4521
f 4452 4453 4523 4522
f 4453 4454 4524 4523
f 4454 4455 4525 4524
f 4455 4456 4526 4525
f 4456 4457 4527 4526
f 4457 4458 4528 4527
f 4458 4459 4529 4528
f 4459 4460 4530 4529
f 4460 4461 4531 4530
f 4461 4462 4532 4531
f 4462 4463 4533 4532
f 4463 4464 4534 4533
f 4464 4465 4535 4534
f 4465 4466 4536 4535
f 4466 4467 4537 4536
f 4467 4468 4538 4537
f 4468 4469 4539 4538
f 4469 4470 4540 4539
f 4470 4471 4541 4540
f 4471 4472 4542 4541
f 4472 4473 4543 4542
f 4473 4474 4544 4543
f 4474 4475 4545 4544
f 4475 4476 4546 4545
f 4476 4477 4547 4546
f 4477 4478 4548 4547
f 4478 4479 4549 4548
f 4479 4480 4550 4549
f 4480 4411 4481 4550
f 4481 4482 4552 4551
f 4482 4483 4553 4552
f 4483 4484 4554 4553
f 4484 4485 4555 4554
f 4485 4486 4556 4555
f 4486 4487 4557 4556
f 4487 4488 4558 4557
f 4488 4489 4559 4558
f 4489 4490 4560 4559
f 4490 4491 4561 4560
f 4491 4492 4562 4561
f 4492 4493 4563 4562
f 4493 4494 4564 4563
f 4494 4495 4565 4564
f 4495 4496 4566 4565
f 4496 4497 4567 4566
f 4497 4498 4568 4567
f 4498 4499 4569 4568
f 4499 4500 4570 4569
f 4500 4501 4571 4570
f 4501 4502 4572 4571
f 4502 4503 4573 4572
f 4503 4504 4574 4573
f 4504 4505 4575 4574
f 4505 4506 4576 4575
f 4506 4507 4577 4576
f 4507 4508 4578 4577
f 4508 4509 4579 4578
f 4509 4510 4580 4579
f 4510 4511 4581 4580
f 4511 4512 4582 4581
f 4512 4513 4583 4582
f 4513 4514 4584 4583
f 4514 4515 4585 4584
f 4515 4516 4586 4585
f 4516 4517 4587 4586
f 4517 4518 4588 4587
f 4518 4519 4589 4588
f 4519 4520 4590 4589
f 4520 4521 4591 4590
f 4521 4522 4592 4591
f 4522 4523 4593 4592
f 4523 4524 4594 4593
f 4524 4525 4595 4594
f 4525 4526 4596 4595
f 4526 4527 4597 4596
f 4527 4528 4598 4597
f 4528 4529 4599 4598
f 4529 4530 4600 4599
f 4530 4531 4601 4600
f 4531 4532 4602 4601
f 4532 4533 4603 4602
f 4533 4534 4604 4603
f 4534 4535 4605 4604
f 4535 4536 4606 4605
f 4536 4537 4607 4606
f 4537 4538 4608 4607
f 4538 4539 4609 4608
f 4539 4540 4610 4609
f 4540 4541 4611 4610
f 4541 4542 4612 4611
f 4542 4543 4613 4612
f 4543 4544 4614 4613
f 4544 4545 4615 4614
f 4545 4546 4616 4615
f 4546 4547 4617 4616
f 4547 4548 4618 4617
f 4548 4549 4619 4618
f 4549 4550 4620 4619
f 4550 4481 4551 4620
f 4551 4552 4622 4621
f 4552 4553 4623 4622
f 4553 4554 4624 4623
f 4554 4555 4625 4624
f 4555 4556 4626 4625
f 4556 4557 4627 4626
f 4557 4558 4628 4627
f 4558 4559 4629 4628
f 4559 4560 4630 4629
f 4560 4561 4631 4630
f 4561 4562 4632 4631
f 4562 4563 4633 4632
f 4563 4564 4634 4633
f 4564 4565 4635 4634
f 4565 4566 4636 4635
f 4566 4567 4637 4636
f 4567 4568 4638 4637
f 4568 4569 4639 4638
f 4569 4570 4640 4639
f 4570 4571 4641 4640
f 4571 4572 4642 4641
f 4572 4573 4643 4642
f 4573 4574 4644 4643
f 4574 4575 4645 4644
f 4575 4576 4646 4645
f 4576 4577 4647 4646
f 4577 4578 4648 4647
f 4578 4579 4649 4648
f 4579 4580 4650 4649
f 4580 4581 4651 4650
f 4581 4582 4652 4651
f 4582 4583 4653 4652
f 4583 4584 4654 4653
f 4584 4585 4655 4654
f 4585 4586 4656 4655
f 4586 4587 4657 4656
f 4587 4588 4658 4657
f 4588 4589 4659 4658
f 4589 4590 4660 4659
f 4590 4591 4661 4660
f 4591 4592 4662 4661
f 4592 4593 4663 4662
f 4593 4594 4664 4663
f 4594 4595 4665 4664
f 4595 4596 4666 4665
f 4596 4597 4667 4666
f 4597 4598 4668 4667
f 4598 4599 4669 4668
f 4599 4600 4670 4669
f 4600 4601 4671 4670
f 4601 4602 4672 4671
f 4602 4603 4673 4672
f 4603 4604 4674 4673
f 4604 4605 4675 4674
f 4605 4606 4676 4675
f 4606 4607 4677 4676
f 4607 4608 4678 4677
f 4608 4609 4679 4678
f 4609 4610 4680 4679
f 4610 4611 4681 4680
f 4611 4612 4682 4681
f 4612 4613 4683 4682
f 4613 4614 4684 4683
f 4614 4615 4685 4684
f 4615 4616 4686 4685
f 4616 4617 4687 4686
f 4617 4618 4688 4687
f 4618 4619 4689 4688
f 4619 4620 4690 4689
f 4620 4551 4621 4690
f 4621 4622 4692 4691
f 4622 4623 4693 4692
f 4623 4624 4694 4693
f 4624 4625 4695 4694
f 4625 4626 4696 4695
f 4626 4627 4697 4696
f 4627 4628 4698 4697
f 4628 4629 4699 4698
f 4629 4630 4700 4699
f 4630 4631 4701 4700
f 4631 4632 4702 4701
f 4632 4633 4703 4702
f 4633 4634 4704 4703
f 4634 4635 4705 4704
f 4635 4636 4706 4705
f 4636 4637 4707 4706
f 4637 4638 4708 4707
f 4638 4639 4709 4708
f 4639 4640 4710 4709
f 4640 4641 4711 4710
f 4641 4642 4712 4711
f 4642 4643 4713 4712
f 4643 4644 4714 4713
f 4644 4645 4715 4714
f 4645 4646 4716 4715
f 4646 4647 4717 4716
f 4647 4648 4718 4717
f 4648 4649 4719 4718
f 4649 4650 4720 4719
f 4650 4651 4721 4720
f 4651 4652 4722 4721
f 4652 4653 4723 4722
f 4653 4654 4724 4723
f 4654 4655 4725 4724
f 4655 4656 4726 4725
f 4656 4657 4727 4726
f 4657 4658 4728 4727
f 4658 4659 4729 4728
f 4659 4660 4730 4729
f 4660 4661 4731 4730
f 4661 4662 4732 4731
f 4662 4663 4733 4732
f 4663 4664 4734 4733
f 4664 4665 4735 4734
f 4665 4666 4736 4735
f 4666 4667 4737 4736
f 4667 4668 4738 4737
f 4668 4669 4739 4738
f 4669 4670 4740 4739
f 4670 4671 4741 4740
f 4671 4672 4742 4741
f 4672 4673 4743 4742
f 4673 4674 4744 4743
f 4674 4675 4745 4744
f 4675 4676 4746 4745
f 4676 4677 4747 4746
f 4677 4678 4748 4747
f 4678 4679 4749 4748
f 4679 4680 4750 4749
f 4680 4681 4751 4750
f 4681 4682 4752 4751
f 4682 4683 4753 4752
f 4683 4684 4754 4753
f 4684 4685 4755 4754
f 4685 4686 4756 4755
f 4686 4687 4757 4756
f 4687 4688 4758 4757
f 4688 4689 4759 4758
f 4689 4690 4760 4759
f 4690 4621 4691 4760
f 4691 4692 4762 4761
f 4692 4693 4763 4762
f 4693 4694 4764 4763
f 4694 4695 4765 4764
f 4695 4696 4766 4765
f 4696 4697 4767 4766
f 4697 4698 4768 4767
f 4698 4699 4769 4768
f 4699 4700 4770 4769
f 4700 4701 4771 4770
f 4701 4702 4772 4771
f 4702 4703 4773 4772
f 4703 4704 4774 4773
f 4704 4705 4775 4774
f 4705 4706 4776 4775
f 4706 4707 4777 4776
f 4707 4708 4778 4777
f 4708 4709 4779 4778
f 4709 4710 4780 4779
f 4710 4711 4781 4780
f 4711 4712 4782 4781
f 4712 4713 4783 4782
f 4713 4714 4784 4783
f 4714 4715 4785 4784
f 4715 4716 4786 4785
f 4716 4717 4787 4786
f 4717 4718 4788 4787
f 4718 4719 4789 4788
f 4719 4720 4790 4789
f 4720 4721 4791 4790
f 4721 4722 4792 4791
f 4722 4723 4793 4792
f 4723 4724 4794 4793
f 4724 4725 4795 4794
f 4725 4726 4796 4795
f 4726 4727 4797 4796
f 4727 4728 4798 4797
f 4728 4729 4799 4798
f 4729 4730 4800 4799
f 4730 4731 4801 4800
f 4731 4732 4802 4801
f 4732 4733 4803 4802
f 4733 4734 4804 4803
f 4734 4735 4805 4804
f 4735 4736 4806 4805
f 4736 4737 4807 4806
f 4737 4738 4808 4807
f 4738 4739 4809 4808
f 4739 4740 4810 4809
f 4740 4741 4811 4810
f 4741 4742 4812 4811
f 4742 4743 4813 4812
f 4743 4744 4814 4813
f 4744 4745 4815 4814
f 4745 4746 4816 4815
f 4746 4747 4817 4816
f 4747 4748 4818 4817
f 4748 4749 4819 4818
f 4749 4750 4820 4819
f 4750 4751 4821 4820
f 4751 4752 4822 4821
f 4752 4753 4823 4822
f 4753 4754 4824 4823
f 4754 4755 4825 4824
f 4755 4756 4826 4825
f 4756 4757 4827 4826
f 4757 4758 4828 4827
f 4758 4759 4829 4828
f 4759 4760 4830 4829
f 4760 4691 4761 4830
f 4761 4762 4832 4831
f 4762 4763 4833 4832
f 4763 4764 4834 4833
f 4764 4765 4835 4834
f 4765 4766 4836 4835
f 4766 4767 4837 4836
f 4767 4768 4838 4837
f 4768 4769 4839 4838
f 4769 4770 4840 4839
f 4770 4771 4841 4840
f 4771 4772 4842 4841
f 4772 4773 4843 4842
f 4773 4774 4844 4843
f 4774 4775 4845 4844
f 4775 4776 4846 4845
f 4776 4777 4847 4846
f 4777 4778 4848 4847
f 4778 4779 4849 4848
f 4779 4780 4850 4849
f 4780 4781 4851 4850
f 4781 4782 4852 4851
f 4782 4783 4853 4852
f 4783 4784 4854 4853
f 4784 4785 4855 4854
f 4785 4786 4856 4855
f 4786 4787 4857 4856
f 4787 4788 4858 4857
f 4788 4789 4859 4858
f 4789 4790 4860 4859
f 4790 4791 4861 4860
f 4791 4792 4862 4861
f 4792 4793 4863 4862
f 4793 4794 4864 4863
f 4794 4795 4865 4864
f 4795 4796 4866 4865
f 4796 4797 4867 4866
f 4797 4798 4868 4867
f 4798 4799 4869 4868
f 4799 4800 4870 4869
f 4800 4801 4871 4870
f 4801 4802 4872 4871
f 4802 4803 4873 4872
f 4803 4804 4874 4873
f 4804 4805 4875 4874
f 4805 4806 4876 4875
f 4806 4807 4877 4876
f 4807 4808 4878 4877
f 4808 4809 4879 4878
f 4809 4810 4880 4879
f 4810 4811 4881 4880
f 4811 4812 4882 4881
f 4812 4813 4883 4882
f 4813 4814 4884 4883
f 4814 4815 4885 4884
f 4815 4816 4886 4885
f 4816 4817 4887 4886
f 4817 4818 4888 4887
f 4818 4819 4889 4888
f 4819 4820 4890 4889
f 4820 4821 4891 4890
f 4821 4822 4892 4891
f 4822 4823 4893 4892
f 4823 4824 4894 4893
f 4824 4825 4895 4894
f 4825 4826 4896 4895
f 4826 4827 4897 4896
f 4827 4828 4898 4897
f 4828 4829 4899 4898
f 4829 4830 4900 4899
f 4830 4761 4831 4900
f 4831 4832 4902 4901
f 4832 4833 4903 4902
f 4833 4834 4904 4903
f 4834 4835 4905 4904
f 4835 4836 4906 4905
f 4836 4837 4907 4906
f 4837 4838 4908 4907
f 4838 4839 4909 4908
f 4839 4840 4910 4909
f 4840 4841 4911 4910
f 4841 4842 4912 4911
f 4842 4843 4913 4912
f 4843 4844 4914 4913
f 4844 4845 4915 4914
f 4845 4846 4916 4915
f 4846 4847 4917 4916
f 4847 4848 4918 4917
f 4848 4849 4919 4918
f 4849 4850 4920 4919
f 4850 4851 4921 4920
f 4851 4852 4922 4921
f 4852 4853 4923 4922
f 4853 4854 4924 4923
f 4854 4855 4925 4924
f 4855 4856 4926 4925
f 4856 4857 4927 4926
f 4857 4858 4928 4927
f 4858 4859 4929 4928
f 4859 4860 4930 4929
f 4860 4861 4931 4930
f 4861 4862 4932 4931
f 4862 4863 4933 4932
f 4863 4864 4934 4933
f 4864 4865 4935 4934
f 4865 4866 4936 4935
f 4866 4867 4937 4936
f 4867 4868 4938 4937
f 4868 4869 4939 4938
f 4869 4870 4940 4939
f 4870 4871 4941 4940
f 4871 4872 4942 4941
f 4872 4873 4943 4942
f 4873 4874 4944 4943
f 4874 4875 4945 4944
f 4875 4876 4946 4945
f 4876 4877 4947 4946
f 4877 4878 4948 4947
f 4878 4879 4949 4948
f 4879 4880 4950 4949
f 4880 4881 4951 4950
f 4881 4882 4952 4951
f 4882 4883 4953 4952
f 4883 4884 4954 4953
f 4884 4885 4955 4954
f 4885 4886 4956 4955
f 4886 4887 4957 4956
f 4887 4888 4958 4957
f 4888 4889 4959 4958
f 4889 4890 4960 4959
f 4890 4891 4961 4960
f 4891 4892 4962 4961
f 4892 4893 4963 4962
f 4893 4894 4964 4963
f 4894 4895 4965 4964
f 4895 4896 4966 4965
f 4896 4897 4967 4966
f 4897 4898 4968 4967
f 4898 4899 4969 4968
f 4899 4900 4970 4969
f 4900 4831 4901 4970
f 4901 4902 4972 4971
f 4902 4903 4973 4972
f 4903 4904 4974 4973
f 4904 4905 4975 4974
f 4905 4906 4976 4975
f 4906 4907 4977 4976
f 4907 4908 4978 4977
f 4908 4909 4979 4978
f 4909 4910 4980 4979
f 4910 4911 4981 4980
f 4911 4912 4982 4981
f 4912 4913 4983 4982
f 4913 4914 4984 4983
f 4914 4915 4985 4984
f 4915 4916 4986 4985
f 4916 4917 4987 4986
f 4917 4918 4988 4987
f 4918 4919 4989 4988
f 4919 4920 4990 4989
f 4920 4921 4991 4990
f 4921 4922 4992 4991
f 4922 4923 4993 4992
f 4923 4924 4994 4993
f 4924 4925 4995 4994
f 4925 4926 4996 4995
f 4926 4927 4997 4996
f 4927 4928 4998 4997
f 4928 4929 4999 4998
f 4929 4930 5000 4999
f 4930 4931 5001 5000
f 4931 4932 5002 5001
f 4932 4933 5003 5002
f 4933 4934 5004 5003
f 4934 4935 5005 5004
f 4935 4936 5006 5005
f 4936 4937 5007 5006
f 4937 4938 5008 5007
f 4938 4939 5009 5008
f 4939 4940 5010 5009
f 4940 4941 5011 5010
f 4941 4942 5012 5011
f 4942 4943 5013 5012
f 4943 4944 5014 5013
f 4944 4945 5015 5014
f 4945 4946 5016 5015
f 4946 4947 5017 5016
f 4947 4948 5018 5017
f 4948 4949 5019 5018
f 4949 4950 5020 5019
f 4950 4951 5021 5020
f 4951 4952 5022 5021
f 4952 4953 5023 5022
f 4953 4954 5024 5023
f 4954 4955 5025 5024
f 4955 4956 5026 5025
f 4956 4957 5027 5026
f 4957 4958 5028 5027
f 4958 4959 5029 5028
f 4959 4960 5030 5029
f 4960 4961 5031 5030
f 4961 4962 5032 5031
f 4962 4963 5033 5032
f 4963 4964 5034 5033
f 4964 4965 5035 5034
f 4965 4966 5036 5035
f 4966 4967 5037 5036
f 4967 4968 5038 5037
f 4968 4969 5039 5038
f 4969 4970 5040 5039
f 4970 4901 4971 5040
f 4971 4972 5042 5041
f 4972 4973 5043 5042
f 4973 4974 5044 5043
f 4974 4975 5045 5044
f 4975 4976 5046 5045
f 4976 4977 5047 5046
f 4977 4978 5048 5047
f 4978 4979 5049 5048
f 4979 4980 5050 5049
f 4980 4981 5051 5050
f 4981 4982 5052 5051
f 4982 4983 5053 5052
f 4983 4984 5054 5053
f 4984 4985 5055 5054
f 4985 4986 5056 5055
f 4986 4987 5057 5056
f 4987 4988 5058 5057
f 4988 4989 5059 5058
f 4989 4990 5060 5059
f 4990 4991 5061 5060
f 4991 4992 5062 5061
f 4992 4993 5063 5062
f 4993 4994 5064 5063
f 4994 4995 5065 5064
f 4995 4996 5066 5065
f 4996 4997 5067 5066
f 4997 4998 5068 5067
f 4998 4999 5069 5068
f 4999 5000 5070 5069
f 5000 5001 5071 5070
f 5001 5002 5072 5071
f 5002 5003 5073 5072
f 5003 5004 5074 5073
f 5004 5005 5075 5074
f 5005 5006 5076 5075
f 5006 5007 5077 5076
f 5007 5008 5078 5077
f 5008 5009 5079 5078
f 5009 5010 5080 5079
f 5010 5011 5081 5080
f 5011 5012 5082 5081
f 5012 5013 5083 5082
f 5013 5014 5084 5083
f 5014 5015 5085 5084
f 5015 5016 5086 5085
f 5016 5017 5087 5086
f 5017 5018 5088 5087
f 5018 5019 5089 5088
f 5019 5020 5090 5089
f 5020 5021 5091 5090
f 5021 5022 5092 5091
f 5022 5023 5093 5092
f 5023 5024 5094 5093
f 5024 5025 5095 5094
f 5025 5026 5096 5095
f 5026 5027 5097 5096
f 5027 5028 5098 5097
f 5028 5029 5099 5098
f 5029 5030 5100 5099
f 5030 5031 5101 5100
f 5031 5032 5102 5101
f 5032 5033 5103 5102
f 5033 5034 5104 5103
f 5034 5035 5105 5104
f 5035 5036 5106 5105
f 5036 5037 5107 5106
f 5037 5038 5108 5107
f 5038 5039 5109 5108
f 5039 5040 5110 5109
f 5040 4971 5041 5110
f 5041 5042 5112 5111
f 5042 5043 5113 5112
f 5043 5044 5114 5113
f 5044 5045 5115 5114
f 5045 5046 5116 5115
f 5046 5047 5117 5116
f 5047 5048 5118 5117
f 5048 5049 5119 5118
f 5049 5050 5120 5119
f 5050 5051 5121 5120
f 5051 5052 5122 5121
f 5052 5053 5123 5122
f 5053 5054 5124 5123
f 5054 5055 5125 5124
f 5055 5056 5126 5125
f 5056 5057 5127 5126
f 5057 5058 5128 5127
f 5058 5059 5129 5128
f 5059 5060 5130 5129
f 5060 5061 5131 5130
f 5061 5062 5132 5131
f 5062 5063 5133 5132
f 5063 5064 5134 5133
f 5064 5065 5135 5134
f 5065 5066 5136 5135
f 5066 5067 5137 5136
f 5067 5068 5138 5137
f 5068 5069 5139 5138
f 5069 5070 5140 5139
f 5070 5071 5141 5140
f 5071 5072 5142 5141
f 5072 5073 5143 5142
f 5073 5074 5144 5143
f 5074 5075 5145 5144
f 5075 5076 5146 5145
f 5076 5077 5147 5146
f 5077 5078 5148 5147
f 5078 5079 5149 5148
f 5079 5080 5150 5149
f 5080 5081 5151 5150
f 5081 5082 5152 5151
f 5082 5083 5153 5152
f 5083 5084 5154 5153
f 5084 5085 5155 5154
f 5085 5086 5156 5155
f 5086 5087 5157 5156
f 5087 5088 5158 5157
f 5088 5089 5159 5158
f 5089 5090 5160 5159
f 5090 5091 5161 5160
f 5091 5092 5162 5161
f 5092 5093 5163 5162
f 5093 5094 5164 5163
f 5094 5095 5165 5164
f 5095 5096 5166 5165
f 5096 5097 5167 5166
f 5097 5098 5168 5167
f 5098 5099 5169 5168
f 5099 5100 5170 5169
f 5100 5101 5171 5170
f 5101 5102 5172 5171
f 5102 5103 5173 5172
f 5103 5104 5174 5173
f 5104 5105 5175 5174
f 5105 5106 5176 5175
f 5106 5107 5177 5176
f 5107 5108 5178 5177
f 5108 5109 5179 5178
f 5109 5110 5180 5179
f 5110 5041 5111 5180
f 5111 5112 5182 5181
f 5112 5113 5183 5182
f 5113 5114 5184 5183
f 5114 5115 5185 5184
f 5115 5116 5186 5185
f 5116 5117 5187 5186
f 5117 5118 5188 5187
f 5118 5119 5189 5188
f 5119 5120 5190 5189
f 5120 5121 5191 5190
f 5121 5122 5192 5191
f 5122 5123 5193 5192
f 5123 5124 5194 5193
f 5124 5125 5195 5194
f 5125 5126 5196 5195
f 5126 5127 5197 5196
f 5127 5128 5198 5197
f 5128 5129 5199 5198
f 5129 5130 5200 5199
f 5130 5131 5201 5200
f 5131 5132 5202 5201
f 5132 5133 5203 5202
f 5133 5134 5204 5203
f 5134 5135 5205 5204
f 5135 5136 5206 5205
f 5136 5137 5207 5206
f 5137 5138 5208 5207
f 5138 5139 5209 5208
f 5139 5140 5210 5209
f 5140 5141 5211 5210
f 5141 5142 5212 5211
f 5142 5143 5213 5212
f 5143 5144 5214 5213
f 5144 5145 5215 5214
f 5145 5146 5216 5215
f 5146 5147 5217 5216
f 5147 5148 5218 5217
f 5148 5149 5219 5218
f 5149 5150 5220 5219
f 5150 5151 5221 5220
f 5151 5152 5222 5221
f 5152 5153 5223 5222
f 5153 5154 5224 5223
f 5154 5155 5225 5224
f 5155 5156 5226 5225
f 5156 5157 5227 5226
f 5157 5158 5228 5227
f 5158 5159 5229 5228
f 5159 5160 5230 5229
f 5160 5161 5231 5230
f 5161 5162 5232 5231
f 5162 5163 5233 5232
f 5163 5164 5234 5233
f 5164 5165 5235 5234
f 5165 5166 5236 5235
f 5166 5167 5237 5236
f 5167 5168 5238 5237
f 5168 5169 5239 5238
f 5169 5170 5240 5239
f 5170 5171 5241 5240
f 5171 5172 5242 5241
f 5172 5173 5243 5242
f 5173 5174 5244 5243
f 5174 5175 5245 5244
f 5175 5176 5246 5245
f 5176 5177 5247 5246
f 5177 5178 5248 5247
f 5178 5179 5249 5248
f 5179 5180 5250 5249
f 5180 5111 5181 5250
f 5181 5182 5252 5251
f 5182 5183 5253 5252
f 5183 5184 5254 5253
f 5184 5185 5255 5254
f 5185 5186 5256 5255
f 5186 5187 5257 5256
f 5187 5188 5258 5257
f 5188 5189 5259 5258
f 5189 5190 5260 5259
f 5190 5191 5261 5260
f 5191 5192 5262 5261
f 5192 5193 5263 5262
f 5193 5194 5264 5263
f 5194 5195 5265 5264
f 5195 5196 5266 5265
f 5196 5197 5267 5266
f 5197 5198 5268 5267
f 5198 5199 5269 5268
f 5199 5200 5270 5269
f 5200 5201 5271 5270
f 5201 5202 5272 5271
f 5202 5203 5273 5272
f 5203 5204 5274 5273
f 5204 5205 5275 5274
f 5205 5206 5276 5275
f 5206 5207 5277 5276
f 5207 5208 5278 5277
f 5208 5209 5279 5278
f 5209 5210 5280 5279
f 5210 5211 5281 5280
f 5211 5212 5282 5281
f 5212 5213 5283 5282
f 5213 5214 5284 5283
f 5214 5215 5285 5284
f 5215 5216 5286 5285
f 5216 5217 5287 5286
f 5217 5218 5288 5287
f 5218 5219 5289 5288
f 5219 5220 5290 5289
f 5220 5221 5291 5290
f 5221 5222 5292 5291
f 5222 5223 5293 5292
f 5223 5224 5294 5293
f 5224 5225 5295 5294
f 5225 5226 5296 5295
f 5226 5227 5297 5296
f 5227 5228 5298 5297
f 5228 5229 5299 5298
f 5229 5230 5300 5299
f 5230 5231 5301 5300
f 5231 5232 5302 5301
f 5232 5233 5303 5302
f 5233 5234 5304 5303
f 5234 5235 5305 5304
f 5235 5236 5306 5305
f 5236 5237 5307 5306
f 5237 5238 5308 5307
f 5238 5239 5309 5308
f 5239 5240 5310 5309
f 5240 5241 5311 5310
f 5241 5242 5312 5311
f 5242 5243 5313 5312
f 5243 5244 5314 5313
f 5244 5245 5315 5314
f 5245 5246 5316 5315
f 5246 5247 5317 5316
f 5247 5248 5318 5317
f 5248 5249 5319 5318
f 5249 5250 5320 5319
f 5250 5181 5251 5320
f 5251 5252 5322 5321
f 5252 5253 5323 5322
f 5253 5254 5324 5323
f 5254 5255 5325 5324
f 5255 5256 5326 5325
f 5256 5257 5327 5326
f 5257 5258 5328 5327
f 5258 5259 5329 5328
f 5259 5260 5330 5329
f 5260 5261 5331 5330
f 5261 5262 5332 5331
f 5262 5263 5333 5332
f 5263 5264 5334 5333
f 5264 5265 5335 5334
f 5265 5266 5336 5335
f 5266 5267 5337 5336
f 5267 5268 5338 5337
f 5268 5269 5339 5338
f 5269 5270 5340 5339
f 5270 5271 5341 5340
f 5271 5272 5342 5341
f 5272 5273 5343 5342
f 5273 5274 5344 5343
f 5274 5275 5345 5344
f 5275 5276 5346 5345
f 5276 5277 5347 5346
f 5277 5278 5348 5347
f 5278 5279 5349 5348
f 5279 5280 5350 5349
f 5280 5281 5351 5350
f 5281 5282 5352 5351
f 5282 5283 5353 5352
f 5283 5284 5354 5353
f 5284 5285 5355 5354
f 5285 5286 5356 5355
f 5286 5287 5357 5356
f 5287 5288 5358 5357
f 5288 5289 5359 5358
f 5289 5290 5360 5359
f 5290 5291 5361 5360
f 5291 5292 5362 5361
f 5292 5293 5363 5362
f 5293 5294 5364 5363
f 5294 5295 5365 5364
f 5295 5296 5366 5365
f 5296 5297 5367 5366
f 5297 5298 5368 5367
f 5298 5299 5369 5368
f 5299 5300 5370 5369
f 5300 5301 5371 5370
f 5301 5302 5372 5371
f 5302 5303 5373 5372
f 5303 5304 5374 5373
f 5304 5305 5375 5374
f 5305 5306 5376 5375
f 5306 5307 5377 5376
f 5307 5308 5378 5377
f 5308 5309 5379 5378
f 5309 5310 5380 5379
f 5310 5311 5381 5380
f 5311 5312 5382 5381
f 5312 5313 5383 5382
f 5313 5314 5384 5383
f 5314 5315 5385 5384
f 5315 5316 5386 5385
f 5316 5317 5387 5386
f 5317 5318 5388 5387
f 5318 5319 5389 5388
f 5319 5320 5390 5389
f 5320 5251 5321 5390
f 5321 5322 5392 5391
f 5322 5323 5393 5392
f 5323 5324 5394 5393
f 5324 5325 5395 5394
f 5325 5326 5396 5395
f 5326 5327 5397 5396
f 5327 5328 5398 5397
f 5328 5329 5399 5398
f 5329 5330 5400 5399
f 5330 5331 5401 5400
f 5331 5332 5402 5401
f 5332 5333 5403 5402
f 5333 5334 5404 5403
f 5334 5335 5405 5404
f 5335 5336 5406 5405
f 5336 5337 5407 5406
f 5337 5338 5408 5407
f 5338 5339 5409 5408
f 5339 5340 5410 5409
f 5340 5341 5411 5410
f 5341 5342 5412 5411
f 5342 5343 5413 5412
f 5343 5344 5414 5413
f 5344 5345 5415 5414
f 5345 5346 5416 5415
f 5346 5347 5417 5416
f 5347 5348 5418 5417
f 5348 5349 5419 5418
f 5349 5350 5420 5419
f 5350 5351 5421 5420
f 5351 5352 5422 5421
f 5352 5353 5423 5422
f 5353 5354 5424 5423
f 5354 5355 5425 5424
f 5355 5356 5426 5425
f 5356 5357 5427 5426
f 5357 5358 5428 5427
f 5358 5359 5429 5428
f 5359 5360 5430 5429
f 5360 5361 5431 5430
f 5361 5362 5432 5431
f 5362 5363 5433 5432
f 5363 5364 5434 5433
f 5364 5365 5435 5434
f 5365 5366 5436 5435
f 5366 5367 5437 5436
f 5367 5368 5438 5437
f 5368 5369 5439 5438
f 5369 5370 5440 5439
f 5370 5371 5441 5440
f 5371 5372 5442 5441
f 5372 5373 5443 5442
f 5373 5374 5444 5443
f 5374 5375 5445 5444
f 5375 5376 5446 5445
f 5376 5377 5447 5446
f 5377 5378 5448 5447
f 5378 5379 5449 5448
f 5379 5380 5450 5449
f 5380 5381 5451 5450
f 5381 5382 5452 5451
f 5382 5383 5453 5452
f 5383 5384 5454 5453
f 5384 5385 5455 5454
f 5385 5386 5456 5455
f 5386 5387 5457 5456
f 5387 5388 5458 5457
f 5388 5389 5459 5458
f 5389 5390 5460 5459
f 5390 5321 5391 5460
f 5391 5392 5462 5461
f 5392 5393 5463 5462
f 5393 5394 5464 5463
f 5394 5395 5465 5464
f 5395 5396 5466 5465
f 5396 5397 5467 5466
f 5397 5398 5468 5467
f 5398 5399 5469 5468
f 5399 5400 5470 5469
f 5400 5401 5471 5470
f 5401 5402 5472 5471
f 5402 5403 5473 5472
f 5403 5404 5474 5473
f 5404 5405 5475 5474
f 5405 5406 5476 5475
f 5406 5407 5477 5476
f 5407 5408 5478 5477
f 5408 5409 5479 5478
f 5409 5410 5480 5479
f 5410 5411 5481 5480
f 5411 5412 5482 5481
f 5412 5413 5483 5482
f 5413 5414 5484 5483
f 5414 5415 5485 5484
f 5415 5416 5486 5485
f 5416 5417 5487 5486
f 5417 5418 5488 5487
f 5418 5419 5489 5488
f 5419 5420 5490 5489
f 5420 5421 5491 5490
f 5421 5422 5492 5491
f 5422 5423 5493 5492
f 5423 5424 5494 5493
f 5424 5425 5495 5494
f 5425 5426 5496 5495
f 5426 5427 5497 5496
f 5427 5428 5498 5497
f 5428 5429 5499 5498
f 5429 5430 5500 5499
f 5430 5431 5501 5500
f 5431 5432 5502 5501
f 5432 5433 5503 5502
f 5433 5434 5504 5503
f 5434 5435 5505 5504
f 5435 5436 5506 5505
f 5436 5437 5507 5506
f 5437 5438 5508 5507
f 5438 5439 5509 5508
f 5439 5440 5510 5509
f 5440 5441 5511 5510
f 5441 5442 5512 5511
f 5442 5443 5513 5512
f 5443 5444 5514 5513
f 5444 5445 5515 5514
f 5445 5446 5516 5515
f 5446 5447 5517 5516
f 5447 5448 5518 5517
f 5448 5449 5519 5518
f 5449 5450 5520 5519
f 5450 5451 5521 5520
f 5451 5452 5522 5521
f 5452 5453 5523 5522
f 5453 5454 5524 5523
f 5454 5455 5525 5524
f 5455 5456 5526 5525
f 5456 5457 5527 5526
f 5457 5458 5528 5527
f 5458 5459 5529 5528
f 5459 5460 5530 5529
f 5460 5391 5461 5530
f 5461 5462 5532 5531
f 5462 5463 5533 5532
f 5463 5464 5534 5533
f 5464 5465 5535 5534
f 5465 5466 5536 5535
f 5466 5467 5537 5536
f 5467 5468 5538 5537
f 5468 5469 5539 5538
f 5469 5470 5540 5539
f 5470 5471 5541 5540
f 5471 5472 5542 5541
f 5472 5473 5543 5542
f 5473 5474 5544 5543
f 5474 5475 5545 5544
f 5475 5476 5546 5545
f 5476 5477 5547 5546
f 5477 5478 5548 5547
f 5478 5479 5549 5548
f 5479 5480 5550 5549
f 5480 5481 5551 5550
f 5481 5482 5552 5551
f 5482 5483 5553 5552
f 5483 5484 5554 5553
f 5484 5485 5555 5554
f 5485 5486 5556 5555
f 5486 5487 5557 5556
f 5487 5488 5558 5557
f 5488 5489 5559 5558
f 5489 5490 5560 5559
f 5490 5491 5561 5560
f 5491 5492 5562 5561
f 5492 5493 5563 5562
f 5493 5494 5564 5563
f 5494 5495 5565 5564
f 5495 5496 5566 5565
f 5496 5497 5567 5566
f 5497 5498 5568 5567
f 5498 5499 5569 5568
f 5499 5500 5570 5569
f 5500 5501 5571 5570
f 5501 5502 5572 5571
f 5502 5503 5573 5572
f 5503 5504 5574 5573
f 5504 5505 5575 5574
f 5505 5506 5576 5575
f 5506 5507 5577 5576
f 5507 5508 5578 5577
f 5508 5509 5579 5578
f 5509 5510 5580 5579
f 5510 5511 5581 5580
f 5511 5512 5582 5581
f 5512 5513 5583 5582
f 5513 5514 5584 5583
f 5514 5515 5585 5584
f 5515 5516 5586 5585
f 5516 5517 5587 5586
f 5517 5518 5588 5587
f 5518 5519 5589 5588
f 5519 5520 5590 5589
f 5520 5521 5591 5590
f 5521 5522 5592 5591
f 5522 5523 5593 5592
f 5523 5524 5594 5593
f 5524 5525 5595 5594
f 5525 5526 5596 5595
f 5526 5527 5597 5596
f 5527 5528 5598 5597
f 5528 5529 5599 5598
f 5529 5530 5600 5599
f 5530 5461 5531 5600
f 5531 5532 5602 5601
f 5532 5533 5603 5602
f 5533 5534 5604 5603
f 5534 5535 5605 5604
f 5535 5536 5606 5605
f 5536 5537 5607 5606
f 5537 5538 5608 5607
f 5538 5539 5609 5608
f 5539 5540 5610 5609
f 5540 5541 5611 5610
f 5541 5542 5612 5611
f 5542 5543 5613 5612
f 5543 5544 5614 5613
f 5544 5545 5615 5614
f 5545 5546 5616 5615
f 5546 5547 5617 5616
f 5547 5548 5618 5617
f 5548 5549 5619 5618
f 5549 5550 5620 5619
f 5550 5551 5621 5620
f 5551 5552 5622 5621
f 5552 5553 5623 5622
f 5553 5554 5624 5623
f 5554 5555 5625 5624
f 5555 5556 5626 5625
f 5556 5557 5627 5626
f 5557 5558 5628 5627
f 5558 5559 5629 5628
f 5559 5560 5630 5629
f 5560 5561 5631 5630
f 5561 5562 5632 5631
f 5562 5563 5633 5632
f 5563 5564 5634 5633
f 5564 5565 5635 5634
f 5565 5566 5636 5635
f 5566 5567 5637 5636
f 5567 5568 5638 5637
f 5568 5569 5639 5638
f 5569 5570 5640 5639
f 5570 5571 5641 5640
f 5571 5572 5642 5641
f 5572 5573 5643 5642
f 5573 5574 5644 5643
f 5574 5575 5645 5644
f 5575 5576 5646 5645
f 5576 5577 5647 5646
f 5577 5578 5648 5647
f 5578 5579 5649 5648
f 5579 5580 5650 5649
f 5580 5581 5651 5650
f 5581 5582 5652 5651
f 5582 5583 5653 5652
f 5583 5584 5654 5653
f 5584 5585 5655 5654
f 5585 5586 5656 5655
f 5586 5587 5657 5656
f 5587 5588 5658 5657
f 5588 5589 5659 5658
f 5589 5590 5660 5659
f 5590 5591 5661 5660
f 5591 5592 5662 5661
f 5592 5593 5663 5662
f 5593 5594 5664 5663
f 5594 5595 5665 5664
f 5595 5596 5666 5665
f 5596 5597 5667 5666
f 5597 5598 5668 5667
f 5598 5599 5669 5668
f 5599 5600 5670 5669
f 5600 5531 5601 5670
f 5601 5602 5672 5671
f 5602 5603 5673 5672
f 5603 5604 5674 5673
f 5604 5605 5675 5674
f 5605 5606 5676 5675
f 5606 5607 5677 5676
f 5607 5608 5678 5677
f 5608 5609 5679 5678
f 5609 5610 5680 5679
f 5610 5611 5681 5680
f 5611 5612 5682 5681
f 5612 5613 5683 5682
f 5613 5614 5684 5683
f 5614 5615 5685 5684
f 5615 5616 5686 5685
f 5616 5617 5687 5686
f 5617 5618 5688 5687
f 5618 5619 5689 5688
f 5619 5620 5690 5689
f 5620 5621 5691 5690
f 5621 5622 5692 5691
f 5622 5623 5693 5692
f 5623 5624 5694 5693
f 5624 5625 5695 5694
f 5625 5626 5696 5695
f 5626 5627 5697 5696
f 5627 5628 5698 5697
f 5628 5629 5699 5698
f 5629 5630 5700 5699
f 5630 5631 5701 5700
f 5631 5632 5702 5701
f 5632 5633 5703 5702
f 5633 5634 5704 5703
f 5634 5635 5705 5704
f 5635 5636 5706 5705
f 5636 5637 5707 5706
f 5637 5638 5708 5707
f 5638 5639 5709 5708
f 5639 5640 5710 5709
f 5640 5641 5711 5710
f 5641 5642 5712 5711
f 5642 5643 5713 5712
f 5643 5644 5714 5713
f 5644 5645 5715 5714
f 5645 5646 5716 5715
f 5646 5647 5717 5716
f 5647 5648 5718 5717
f 5648 5649 5719 5718
f 5649 5650 5720 5719
f 5650 5651 5721 5720
f 5651 5652 5722 5721
f 5652 5653 5723 5722
f 5653 5654 5724 5723
f 5654 5655 5725 5724
f 5655 5656 5726 5725
f 5656 5657 5727 5726
f 5657 5658 5728 5727
f 5658 5659 5729 5728
f 5659 5660 5730 5729
f 5660 5661 5731 5730
f 5661 5662 5732 5731
f 5662 5663 5733 5732
f 5663 5664 5734 5733
f 5664 5665 5735 5734
f 5665 5666 5736 5735
f 5666 5667 5737 5736
f 5667 5668 5738 5737
f 5668 5669 5739 5738
f 5669 5670 5740 5739
f 5670 5601 5671 5740
f 5671 5672 5742 5741
f 5672 5673 5743 5742
f 5673 5674 5744 5743
f 5674 5675 5745 5744
f 5675 5676 5746 5745
f 5676 5677 5747 5746
f 5677 5678 5748 5747
f 5678 5679 5749 5748
f 5679 5680 5750 5749
f 5680 5681 5751 5750
f 5681 5682 5752 5751
f 5682 5683 5753 5752
f 5683 5684 5754 5753
f 5684 5685 5755 5754
f 5685 5686 5756 5755
f 5686 5687 5757 5756
f 5687 5688 5758 5757
f 5688 5689 5759 5758
f 5689 5690 5760 5759
f 5690 5691 5761 5760
f 5691 5692 5762 5761
f 5692 5693 5763 5762
f 5693 5694 5764 5763
f 5694 5695 5765 5764
f 5695 5696 5766 5765
f 5696 5697 5767 5766
f 5697 5698 5768 5767
f 5698 5699 5769 5768
f 5699 5700 5770 5769
f 5700 5701 5771 5770
f 5701 5702 5772 5771
f 5702 5703 5773 5772
f 5703 5704 5774 5773
f 5704 5705 5775 5774
f 5705 5706 5776 5775
f 5706 5707 5777 5776
f 5707 5708 5778 5777
f 5708 5709 5779 5778
f 5709 5710 5780 5779
f 5710 5711 5781 5780
f 5711 5712 5782 5781
f 5712 5713 5783 5782
f 5713 5714 5784 5783
f 5714 5715 5785 5784
f 5715 5716 5786 5785
f 5716 5717 5787 5786
f 5717 5718 5788 5787
f 5718 5719 5789 5788
f 5719 5720 5790 5789
f 5720 5721 5791 5790
f 5721 5722 5792 5791
f 5722 5723 5793 5792
f 5723 5724 5794 5793
f 5724 5725 5795 5794
f 5725 5726 5796 5795
f 5726 5727 5797 5796
f 5727 5728 5798 5797
f 5728 5729 5799 5798
f 5729 5730 5800 5799
f 5730 5731 5801 5800
f 5731 5732 5802 5801
f 5732 5733 5803 5802
f 5733 5734 5804 5803
f 5734 5735 5805 5804
f 5735 5736 5806 5805
f 5736 5737 5807 5806
f 5737 5738 5808 5807
f 5738 5739 5809 5808
f 5739 5740 5810 5809
f 5740 5671 5741 5810
f 5741 5742 5812 5811
f 5742 5743 5813 5812
f 5743 5744 5814 5813
f 5744 5745 5815 5814
f 5745 5746 5816 5815
f 5746 5747 5817 5816
f 5747 5748 5818 5817
f 5748 5749 5819 5818
f 5749 5750 5820 5819
f 5750 5751 5821 5820
f 5751 5752 5822 5821
f 5752 5753 5823 5822
f 5753 5754 5824 5823
f 5754 5755 5825 5824
f 5755 5756 5826 5825
f 5756 5757 5827 5826
f 5757 5758 5828 5827
f 5758 5759 5829 5828
f 5759 5760 5830 5829
f 5760 5761 5831 5830
f 5761 5762 5832 5831
f 5762 5763 5833 5832
f 5763 5764 5834 5833
f 5764 5765 5835 5834
f 5765 5766 5836 5835
f 5766 5767 5837 5836
f 5767 5768 5838 5837
f 5768 5769 5839 5838
f 5769 5770 5840 5839
f 5770 5771 5841 5840
f 5771 5772 5842 5841
f 5772 5773 5843 5842
f 5773 5774 5844 5843
f 5774 5775 5845 5844
f 5775 5776 5846 5845
f 5776 5777 5847 5846
f 5777 5778 5848 5847
f 5778 5779 5849 5848
f 5779 5780 5850 5849
f 5780 5781 5851 5850
f 5781 5782 5852 5851
f 5782 5783 5853 5852
f 5783 5784 5854 5853
f 5784 5785 5855 5854
f 5785 5786 5856 5855
f 5786 5787 5857 5856
f 5787 5788 5858 5857
f 5788 5789 5859 5858
f 5789 5790 5860 5859
f 5790 5791 5861 5860
f 5791 5792 5862 5861
f 5792 5793 5863 5862
f 5793 5794 5864 5863
f 5794 5795 5865 5864
f 5795 5796 5866 5865
f 5796 5797 5867 5866
f 5797 5798 5868 5867
f 5798 5799 5869 5868
f 5799 5800 5870 5869
f 5800 5801 5871 5870
f 5801 5802 5872 5871
f 5802 5803 5873 5872
f 5803 5804 5874 5873
f 5804 5805 5875 5874
f 5805 5806 5876 5875
f 5806 5807 5877 5876
f 5807 5808 5878 5877
f 5808 5809 5879 5878
f 5809 5810 5880 5879
f 5810 5741 5811 5880
f 5811 5812 5882 5881
f 5812 5813 5883 5882
f 5813 5814 5884 5883
f 5814 5815 5885 5884
f 5815 5816 5886 5885
f 5816 5817 5887 5886
f 5817 5818 5888 5887
f 5818 5819 5889 5888
f 5819 5820 5890 5889
f 5820 5821 5891 5890
f 5821 5822 5892 5891
f 5822 5823 5893 5892
f 5823 5824 5894 5893
f 5824 5825 5895 5894
f 5825 5826 5896 5895
f 5826 5827 5897 5896
f 5827 5828 5898 5897
f 5828 5829 5899 5898
f 5829 5830 5900 5899
f 5830 5831 5901 5900
f 5831 5832 5902 5901
f 5832 5833 5903 5902
f 5833 5834 5904 5903
f 5834 5835 5905 5904
f 5835 5836 5906 5905
f 5836 5837 5907 5906
f 5837 5838 5908 5907
f 5838 5839 5909 5908
f 5839 5840 5910 5909
f 5840 5841 5911 5910
f 5841 5842 5912 5911
f 5842 5843 5913 5912
f 5843 5844 5914 5913
f 5844 5845 5915 5914
f 5845 5846 5916 5915
f 5846 5847 5917 5916
f 5847 5848 5918 5917
f 5848 5849 5919 5918
f 5849 5850 5920 5919
f 5850 5851 5921 5920
f 5851 5852 5922 5921
f 5852 5853 5923 5922
f 5853 5854 5924 5923
f 5854 5855 5925 5924
f 5855 5856 5926 5925
f 5856 5857 5927 5926
f 5857 5858 5928 5927
f 5858 5859 5929 5928
f 5859 5860 5930 5929
f 5860 5861 5931 5930
f 5861 5862 5932 5931
f 5862 5863 5933 5932
f 5863 5864 5934 5933
f 5864 5865 5935 5934
f 5865 5866 5936 5935
f 5866 5867 5937 5936
f 5867 5868 5938 5937
f 5868 5869 5939 5938
f 5869 5870 5940 5939
f 5870 5871 5941 5940
f 5871 5872 5942 5941
f 5872 5873 5943 5942
f 5873 5874 5944 5943
f 5874 5875 5945 5944
f 5875 5876 5946 5945
f 5876 5877 5947 5946
f 5877 5878 5948 5947
f 5878 5879 5949 5948
f 5879 5880 5950 5949
f 5880 5811 5881 5950
f 5881 5882 5952 5951
f 5882 5883 5953 5952
f 5883 5884 5954 5953
f 5884 5885 5955 5954
f 5885 5886 5956 5955
f 5886 5887 5957 5956
f 5887 5888 5958 5957
f 5888 5889 5959 5958
f 5889 5890 5960 5959
f 5890 5891 5961 5960
f 5891 5892 5962 5961
f 5892 5893 5963 5962
f 5893 5894 5964 5963
f 5894 5895 5965 5964
f 5895 5896 5966 5965
f 5896 5897 5967 5966
f 5897 5898 5968 5967
f 5898 5899 5969 5968
f 5899 5900 5970 5969
f 5900 5901 5971 5970
f 5901 5902 5972 5971
f 5902 5903 5973 5972
f 5903 5904 5974 5973
f 5904 5905 5975 5974
f 5905 5906 5976 5975
f 5906 5907 5977 5976
f 5907 5908 5978 5977
f 5908 5909 5979 5978
f 5909 5910 5980 5979
f 5910 5911 5981 5980
f 5911 5912 5982 5981
f 5912 5913 5983 5982
f 5913 5914 5984 5983
f 5914 5915 5985 5984
f 5915 5916 5986 5985
f 5916 5917 5987 5986
f 5917 5918 5988 5987
f 5918 5919 5989 5988
f 5919 5920 5990 5989
f 5920 5921 5991 5990
f 5921 5922 5992 5991
f 5922 5923 5993 5992
f 5923 5924 5994 5993
f 5924 5925 5995 5994
f 5925 5926 5996 5995
f 5926 5927 5997 5996
f 5927 5928 5998 5997
f 5928 5929 5999 5998
f 5929 5930 6000 5999
f 5930 5931 6001 6000
f 5931 5932 6002 6001
f 5932 5933 6003 6002
f 5933 5934 6004 6003
f 5934 5935 6005 6004
f 5935 5936 6006 6005
f 5936 5937 6007 6006
f 5937 5938 6008 6007
f 5938 5939 6009 6008
f 5939 5940 6010 6009
f 5940 5941 6011 6010
f 5941 5942 6012 6011
f 5942 5943 6013 6012
f 5943 5944 6014 6013
f 5944 5945 6015 6014
f 5945 5946 6016 6015
f 5946 5947 6017 6016
f 5947 5948 6018 6017
f 5948 5949 6019 6018
f 5949 5950 6020 6019
f 5950 5881 5951 6020
f 5951 5952 6022 6021
f 5952 5953 6023 6022
f 5953 5954 6024 6023
f 5954 5955 6025 6024
f 5955 5956 6026 6025
f 5956 5957 6027 6026
f 5957 5958 6028 6027
f 5958 5959 6029 6028
f 5959 5960 6030 6029
f 5960 5961 6031 6030
f 5961 5962 6032 6031
f 5962 5963 6033 6032
f 5963 5964 6034 6033
f 5964 5965 6035 6034
f 5965 5966 6036 6035
f 5966 5967 6037 6036
f 5967 5968 6038 6037
f 5968 5969 6039 6038
f 5969 5970 6040 6039
f 5970 5971 6041 6040
f 5971 5972 6042 6041
f 5972 5973 6043 6042
f 5973 5974 6044 6043
f 5974 5975 6045 6044
f 5975 5976 6046 6045
f 5976 5977 6047 6046
f 5977 5978 6048 6047
f 5978 5979 6049 6048
f 5979 5980 6050 6049
f 5980 5981 6051 6050
f 5981 5982 6052 6051
f 5982 5983 6053 6052
f 5983 5984 6054 6053
f 5984 5985 6055 6054
f 5985 5986 6056 6055
f 5986 5987 6057 6056
f 5987 5988 6058 6057
f 5988 5989 6059 6058
f 5989 5990 6060 6059
f 5990 5991 6061 6060
f 5991 5992 6062 6061
f 5992 5993 6063 6062
f 5993 5994 6064 6063
f 5994 5995 6065 6064
f 5995 5996 6066 6065
f 5996 5997 6067 6066
f 5997 5998 6068 6067
f 5998 5999 6069 6068
f 5999 6000 6070 6069
f 6000 6001 6071 6070
f 6001 6002 6072 6071
f 6002 6003 6073 6072
f 6003 6004 6074 6073
f 6004 6005 6075 6074
f 6005 6006 6076 6075
f 6006 6007 6077 6076
f 6007 6008 6078 6077
f 6008 6009 6079 6078
f 6009 6010 6080 6079
f 6010 6011 6081 6080
f 6011 6012 6082 6081
f 6012 6013 6083 6082
f 6013 6014 6084 6083
f 6014 6015 6085 6084
f 6015 6016 6086 6085
f 6016 6017 6087 6086
f 6017 6018 6088 6087
f 6018 6019 6089 6088
f 6019 6020 6090 6089
f 6020 5951 6021 6090
f 6021 6022 6092 6091
f 6022 6023 6093 6092
f 6023 6024 6094 6093
f 6024 6025 6095 6094
f 6025 6026 6096 6095
f 6026 6027 6097 6096
f 6027 6028 6098 6097
f 6028 6029 6099 6098
f 6029 6030 6100 6099
f 6030 6031 6101 6100
f 6031 6032 6102 6101
f 6032 6033 6103 6102
f 6033 6034 6104 6103
f 6034 6035 6105 6104
f 6035 6036 6106 6105
f 6036 6037 6107 6106
f 6037 6038 6108 6107
f 6038 6039 6109 6108
f 6039 6040 6110 6109
f 6040 6041 6111 6110
f 6041 6042 6112 6111
f 6042 6043 6113 6112
f 6043 6044 6114 6113
f 6044 6045 6115 6114
f 6045 6046 6116 6115
f 6046 6047 6117 6116
f 6047 6048 6118 6117
f 6048 6049 6119 6118
f 6049 6050 6120 6119
f 6050 6051 6121 6120
f 6051 6052 6122 6121
f 6052 6053 6123 6122
f 6053 6054 6124 6123
f 6054 6055 6125 6124
f 6055 6056 6126 6125
f 6056 6057 6127 6126
f 6057 6058 6128 6127
f 6058 6059 6129 6128
f 6059 6060 6130 6129
f 6060 6061 6131 6130
f 6061 6062 6132 6131
f 6062 6063 6133 6132
f 6063 6064 6134 6133
f 6064 6065 6135 6134
f 6065 6066 6136 6135
f 6066 6067 6137 6136
f 6067 6068 6138 6137
f 6068 6069 6139 6138
f 6069 6070 6140 6139
f 6070 6071 6141 6140
f 6071 6072 6142 6141
f 6072 6073 6143 6142
f 6073 6074 6144 6143
f 6074 6075 6145 6144
f 6075 6076 6146 6145
f 6076 6077 6147 6146
f 6077 6078 6148 6147
f 6078 6079 6149 6148
f 6079 6080 6150 6149
f 6080 6081 6151 6150
f 6081 6082 6152 6151
f 6082 6083 6153 6152
f 6083 6084 6154 6153
f 6084 6085 6155 6154
f 6085 6086 6156 6155
f 6086 6087 6157 6156
f 6087 6088 6158 6157
f 6088 6089 6159 6158
f 6089 6090 6160 6159
f 6090 6021 6091 6160
f 6091 6092 6162 6161
f 6092 6093 6163 6162
f 6093 6094 6164 6163
f 6094 6095 6165 6164
f 6095 6096 6166 6165
f 6096 6097 6167 6166
f 6097 6098 6168 6167
f 6098 6099 6169 6168
f 6099 6100 6170 6169
f 6100 6101 6171 6170
f 6101 6102 6172 6171
f 6102 6103 6173 6172
f 6103 6104 6174 6173
f 6104 6105 6175 6174
f 6105 6106 6176 6175
f 6106 6107 6177 6176
f 6107 6108 6178 6177
f 6108 6109 6179 6178
f 6109 6110 6180 6179
f 6110 6111 6181 6180
f 6111 6112 6182 6181
f 6112 6113 6183 6182
f 6113 6114 6184 6183
f 6114 6115 6185 6184
f 6115 6116 6186 6185
f 6116 6117 6187 6186
f 6117 6118 6188 6187
f 6118 6119 6189 6188
f 6119 6120 6190 6189
f 6120 6121 6191 6190
f 6121 6122 6192 6191
f 6122 6123 6193 6192
f 6123 6124 6194 6193
f 6124 6125 6195 6194
f 6125 6126 6196 6195
f 6126 6127 6197 6196
f 6127 6128 6198 6197
f 6128 6129 6199 6198
f 6129 6130 6200 6199
f 6130 6131 6201 6200
f 6131 6132 6202 6201
f 6132 6133 6203 6202
f 6133 6134 6204 6203
f 6134 6135 6205 6204
f 6135 6136 6206 6205
f 6136 6137 6207 6206
f 6137 6138 6208 6207
f 6138 6139 6209 6208
f 6139 6140 6210 6209
f 6140 6141 6211 6210
f 6141 6142 6212 6211
f 6142 6143 6213 6212
f 6143 6144 6214 6213
f 6144 6145 6215 6214
f 6145 6146 6216 6215
f 6146 6147 6217 6216
f 6147 6148 6218 6217
f 6148 6149 6219 6218
f 6149 6150 6220 6219
f 6150 6151 6221 6220
f 6151 6152 6222 6221
f 6152 6153 6223 6222
f 6153 6154 6224 6223
f 6154 6155 6225 6224
f 6155 6156 6226 6225
f 6156 6157 6227 6226
f 6157 6158 6228 6227
f 6158 6159 6229 6228
f 6159 6160 6230 6229
f 6160 6091 6161 6230
f 6161 6162 6232 6231
f 6162 6163 6233 6232
f 6163 6164 6234 6233
f 6164 6165 6235 6234
f 6165 6166 6236 6235
f 6166 6167 6237 6236
f 6167 6168 6238 6237
f 6168 6169 6239 6238
f 6169 6170 6240 6239
f 6170 6171 6241 6240
f 6171 6172 6242 6241
f 6172 6173 6243 6242
f 6173 6174 6244 6243
f 6174 6175 6245 6244
f 6175 6176 6246 6245
f 6176 6177 6247 6246
f 6177 6178 6248 6247
f 6178 6179 6249 6248
f 6179 6180 6250 6249
f 6180 6181 6251 6250
f 6181 6182 6252 6251
f 6182 6183 6253 6252
f 6183 6184 6254 6253
f 6184 6185 6255 6254
f 6185 6186 6256 6255
f 6186 6187 6257 6256
f 6187 6188 6258 6257
f 6188 6189 6259 6258
f 6189 6190 6260 6259
f 6190 6191 6261 6260
f 6191 6192 6262 6261
f 6192 6193 6263 6262
f 6193 6194 6264 6263
f 6194 6195 6265 6264
f 6195 6196 6266 6265
f 6196 6197 6267 6266
f 6197 6198 6268 6267
f 6198 6199 6269 6268
f 6199 6200 6270 6269
f 6200 6201 6271 6270
f 6201 6202 6272 6271
f 6202 6203 6273 6272
f 6203 6204 6274 6273
f 6204 6205 6275 6274
f 6205 6206 6276 6275
f 6206 6207 6277 6276
f 6207 6208 6278 6277
f 6208 6209 6279 6278
f 6209 6210 6280 6279
f 6210 6211 6281 6280
f 6211 6212 6282 6281
f 6212 6213 6283 6282
f 6213 6214 6284 6283
f 6214 6215 6285 6284
f 6215 6216 6286 6285
f 6216 6217 6287 6286
f 6217 6218 6288 6287
f 6218 6219 6289 6288
f 6219 6220 6290 6289
f 6220 6221 6291 6290
f 6221 6222 6292 6291
f 6222 6223 6293 6292
f 6223 6224 6294 6293
f 6224 6225 6295 6294
f 6225 6226 6296 6295
f 6226 6227 6297 6296
f 6227 6228 6298 6297
f 6228 6229 6299 6298
f 6229 6230 6300 6299
f 6230 6161 6231 6300
f 6231 6232 6302 6301
f 6232 6233 6303 6302
f 6233 6234 6304 6303
f 6234 6235 6305 6304
f 6235 6236 6306 6305
f 6236 6237 6307 6306
f 6237 6238 6308 6307
f 6238 6239 6309 6308
f 6239 6240 6310 6309
f 6240 6241 6311 6310
f 6241 6242 6312 6311
f 6242 6243 6313 6312
f 6243 6244 6314 6313
f 6244 6245 6315 6314
f 6245 6246 6316 6315
f 6246 6247 6317 6316
f 6247 6248 6318 6317
f 6248 6249 6319 6318
f 6249 6250 6320 6319
f 6250 6251 6321 6320
f 6251 6252 6322 6321
f 6252 6253 6323 6322
f 6253 6254 6324 6323
f 6254 6255 6325 6324
f 6255 6256 6326 6325
f 6256 6257 6327 6326
f 6257 6258 6328 6327
f 6258 6259 6329 6328
f 6259 6260 6330 6329
f 6260 6261 6331 6330
f 6261 6262 6332 6331
f 6262 6263 6333 6332
f 6263 6264 6334 6333
f 6264 6265 6335 6334
f 6265 6266 6336 6335
f 6266 6267 6337 6336
f 6267 6268 6338 6337
f 6268 6269 6339 6338
f 6269 6270 6340 6339
f 6270 6271 6341 6340
f 6271 6272 6342 6341
f 6272 6273 6343 6342
f 6273 6274 6344 6343
f 6274 6275 6345 6344
f 6275 6276 6346 6345
f 6276 6277 6347 6346
f 6277 6278 6348 6347
f 6278 6279 6349 6348
f 6279 6280 6350 6349
f 6280 6281 6351 6350
f 6281 6282 6352 6351
f 6282 6283 6353 6352
f 6283 6284 6354 6353
f 6284 6285 6355 6354
f 6285 6286 6356 6355
f 6286 6287 6357 6356
f 6287 6288 6358 6357
f 6288 6289 6359 6358
f 6289 6290 6360 6359
f 6290 6291 6361 6360
f 6291 6292 6362 6361
f 6292 6293 6363 6362
f 6293 6294 6364 6363
f 6294 6295 6365 6364
f 6295 6296 6366 6365
f 6296 6297 6367 6366
f 6297 6298 6368 6367
f 6298 6299 6369 6368
f 6299 6300 6370 6369
f 6300 6231 6301 6370
f 6301 6302 6372 6371
f 6302 6303 6373 6372
f 6303 6304 6374 6373
f 6304 6305 6375 6374
f 6305 6306 6376 6375
f 6306 6307 6377 6376
f 6307 6308 6378 6377
f 6308 6309 6379 6378
f 6309 6310 6380 6379
f 6310 6311 6381 6380
f 6311 6312 6382 6381
f 6312 6313 6383 6382
f 6313 6314 6384 6383
f 6314 6315 6385 6384
f 6315 6316 6386 6385
f 6316 6317 6387 6386
f 6317 6318 6388 6387
f 6318 6319 6389 6388
f 6319 6320 6390 6389
f 6320 6321 6391 6390
f 6321 6322 6392 6391
f 6322 6323 6393 6392
f 6323 6324 6394 6393
f 6324 6325 6395 6394
f 6325 6326 6396 6395
f 6326 6327 6397 6396
f 6327 6328 6398 6397
f 6328 6329 6399 6398
f 6329 6330 6400 6399
f 6330 6331 6401 6400
f 6331 6332 6402 6401
f 6332 6333 6403 6402
f 6333 6334 6404 6403
f 6334 6335 6405 6404
f 6335 6336 6406 6405
f 6336 6337 6407 6406
f 6337 6338 6408 6407
f 6338 6339 6409 6408
f 6339 6340 6410 6409
f 6340 6341 6411 6410
f 6341 6342 6412 6411
f 6342 6343 6413 6412
f 6343 6344 6414 6413
f 6344 6345 6415 6414
f 6345 6346 6416 6415
f 6346 6347 6417 6416
f 6347 6348 6418 6417
f 6348 6349 6419 6418
f 6349 6350 6420 6419
f 6350 6351 6421 6420
f 6351 6352 6422 6421
f 6352 6353 6423 6422
f 6353 6354 6424 6423
f 6354 6355 6425 6424
f 6355 6356 6426 6425
f 6356 6357 6427 6426
f 6357 6358 6428 6427
f 6358 6359 6429 6428
f 6359 6360 6430 6429
f 6360 6361 6431 6430
f 6361 6362 6432 6431
f 6362 6363 6433 6432
f 6363 6364 6434 6433
f 6364 6365 6435 6434
f 6365 6366 6436 6435
f 6366 6367 6437 6436
f 6367 6368 6438 6437
f 6368 6369 6439 6438
f 6369 6370 6440 6439
f 6370 6301 6371 6440
f 6371 6372 6442 6441
f 6372 6373 6443 6442
f 6373 6374 6444 6443
f 6374 6375 6445 6444
f 6375 6376 6446 6445
f 6376 6377 6447 6446
f 6377 6378 6448 6447
f 6378 6379 6449 6448
f 6379 6380 6450 6449
f 6380 6381 6451 6450
f 6381 6382 6452 6451
f 6382 6383 6453 6452
f 6383 6384 6454 6453
f 6384 6385 6455 6454
f 6385 6386 6456 6455
f 6386 6387 6457 6456
f 6387 6388 6458 6457
f 6388 6389 6459 6458
f 6389 6390 6460 6459
f 6390 6391 6461 6460
f 6391 6392 6462 6461
f 6392 6393 6463 6462
f 6393 6394 6464 6463
f 6394 6395 6465 6464
f 6395 6396 6466 6465
f 6396 6397 6467 6466
f 6397 6398 6468 6467
f 6398 6399 6469 6468
f 6399 6400 6470 6469
f 6400 6401 6471 6470
f 6401 6402 6472 6471
f 6402 6403 6473 6472
f 6403 6404 6474 6473
f 6404 6405 6475 6474
f 6405 6406 6476 6475
f 6406 6407 6477 6476
f 6407 6408 6478 6477
f 6408 6409 6479 6478
f 6409 6410 6480 6479
f 6410 6411 6481 6480
f 6411 6412 6482 6481
f 6412 6413 6483 6482
f 6413 6414 6484 6483
f 6414 6415 6485 6484
f 6415 6416 6486 6485
f 6416 6417 6487 6486
f 6417 6418 6488 6487
f 6418 6419 6489 6488
f 6419 6420 6490 6489
f 6420 6421 6491 6490
f 6421 6422 6492 6491
f 6422 6423 6493 6492
f 6423 6424 6494 6493
f 6424 6425 6495 6494
f 6425 6426 6496 6495
f 6426 6427 6497 6496
f 6427 6428 6498 6497
f 6428 6429 6499 6498
f 6429 6430 6500 6499
f 6430 6431 6501 6500
f 6431 6432 6502 6501
f 6432 6433 6503 6502
f 6433 6434 6504 6503
f 6434 6435 6505 6504
f 6435 6436 6506 6505
f 6436 6437 6507 6506
f 6437 6438 6508 6507
f 6438 6439 6509 6508
f 6439 6440 6510 6509
f 6440 6371 6441 6510
f 6441 6442 6512 6511
f 6442 6443 6513 6512
f 6443 6444 6514 6513
f 6444 6445 6515 6514
f 6445 6446 6516 6515
f 6446 6447 6517 6516
f 6447 6448 6518 6517
f 6448 6449 6519 6518
f 6449 6450 6520 6519
f 6450 6451 6521 6520
f 6451 6452 6522 6521
f 6452 6453 6523 6522
f 6453 6454 6524 6523
f 6454 6455 6525 6524
f 6455 6456 6526 6525
f 6456 6457 6527 6526
f 6457 6458 6528 6527
f 6458 6459 6529 6528
f 6459 6460 6530 6529
f 6460 6461 6531 6530
f 6461 6462 6532 6531
f 6462 6463 6533 6532
f 6463 6464 6534 6533
f 6464 6465 6535 6534
f 6465 6466 6536 6535
f 6466 6467 6537 6536
f 6467 6468 6538 6537
f 6468 6469 6539 6538
f 6469 6470 6540 6539
f 6470 6471 6541 6540
f 6471 6472 6542 6541
f 6472 6473 6543 6542
f 6473 6474 6544 6543
f 6474 6475 6545 6544
f 6475 6476 6546 6545
f 6476 6477 6547 6546
f 6477 6478 6548 6547
f 6478 6479 6549 6548
f 6479 6480 6550 6549
f 6480 6481 6551 6550
f 6481 6482 6552 6551
f 6482 6483 6553 6552
f 6483 6484 6554 6553
f 6484 6485 6555 6554
f 6485 6486 6556 6555
f 6486 6487 6557 6556
f 6487 6488 6558 6557
f 6488 6489 6559 6558
f 6489 6490 6560 6559
f 6490 6491 6561 6560
f 6491 6492 6562 6561
f 6492 6493 6563 6562
f 6493 6494 6564 6563
f 6494 6495 6565 6564
f 6495 6496 6566 6565
f 6496 6497 6567 6566
f 6497 6498 6568 6567
f 6498 6499 6569 6568
f 6499 6500 6570 6569
f 6500 6501 6571 6570
f 6501 6502 6572 6571
f 6502 6503 6573 6572
f 6503 6504 6574 6573
f 6504 6505 6575 6574
f 6505 6506 6576 6575
f 6506 6507 6577 6576
f 6507 6508 6578 6577
f 6508 6509 6579 6578
f 6509 6510 6580 6579
f 6510 6441 6511 6580
f 6511 6512 6582 6581
f 6512 6513 6583 6582
f 6513 6514 6584 6583
f 6514 6515 6585 6584
f 6515 6516 6586 6585
f 6516 6517 6587 6586
f 6517 6518 6588 6587
f 6518 6519 6589 6588
f 6519 6520 6590 6589
f 6520 6521 6591 6590
f 6521 6522 6592 6591
f 6522 6523 6593 6592
f 6523 6524 6594 6593
f 6524 6525 6595 6594
f 6525 6526 6596 6595
f 6526 6527 6597 6596
f 6527 6528 6598 6597
f 6528 6529 6599 6598
f 6529 6530 6600 6599
f 6530 6531 6601 6600
f 6531 6532 6602 6601
f 6532 6533 6603 6602
f 6533 6534 6604 6603
f 6534 6535 6605 6604
f 6535 6536 6606 6605
f 6536 6537 6607 6606
f 6537 6538 6608 6607
f 6538 6539 6609 6608
f 6539 6540 6610 6609
f 6540 6541 6611 6610
f 6541 6542 6612 6611
f 6542 6543 6613 6612
f 6543 6544 6614 6613
f 6544 6545 6615 6614
f 6545 6546 6616 6615
f 6546 6547 6617 6616
f 6547 6548 6618 6617
f 6548 6549 6619 6618
f 6549 6550 6620 6619
f 6550 6551 6621 6620
f 6551 6552 6622 6621
f 6552 6553 6623 6622
f 6553 6554 6624 6623
f 6554 6555 6625 6624
f 6555 6556 6626 6625
f 6556 6557 6627 6626
f 6557 6558 6628 6627
f 6558 6559 6629 6628
f 6559 6560 6630 6629
f 6560 6561 6631 6630
f 6561 6562 6632 6631
f 6562 6563 6633 6632
f 6563 6564 6634 6633
f 6564 6565 6635 6634
f 6565 6566 6636 6635
f 6566 6567 6637 6636
f 6567 6568 6638 6637
f 6568 6569 6639 6638
f 6569 6570 6640 6639
f 6570 6571 6641 6640
f 6571 6572 6642 6641
f 6572 6573 6643 6642
f 6573 6574 6644 6643
f 6574 6575 6645 6644
f 6575 6576 6646 6645
f 6576 6577 6647 6646
f 6577 6578 6648 6647
f 6578 6579 6649 6648
f 6579 6580 6650 6649
f 6580 6511 6581 6650
f 6581 6582 6652 6651
f 6582 6583 6653 6652
f 6583 6584 6654 6653
f 6584 6585 6655 6654
f 6585 6586 6656 6655
f 6586 6587 6657 6656
f 6587 6588 6658 6657
f 6588 6589 6659 6658
f 6589 6590 6660 6659
f 6590 6591 6661 6660
f 6591 6592 6662 6661
f 6592 6593 6663 6662
f 6593 6594 6664 6663
f 6594 6595 6665 6664
f 6595 6596 6666 6665
f 6596 6597 6667 6666
f 6597 6598 6668 6667
f 6598 6599 6669 6668
f 6599 6600 6670 6669
f 6600 6601 6671 6670
f 6601 6602 6672 6671
f 6602 6603 6673 6672
f 6603 6604 6674 6673
f 6604 6605 6675 6674
f 6605 6606 6676 6675
f 6606 6607 6677 6676
f 6607 6608 6678 6677
f 6608 6609 6679 6678
f 6609 6610 6680 6679
f 6610 6611 6681 6680
f 6611 6612 6682 6681
f 6612 6613 6683 6682
f 6613 6614 6684 6683
f 6614 6615 6685 6684
f 6615 6616 6686 6685
f 6616 6617 6687 6686
f 6617 6618 6688 6687
f 6618 6619 6689 6688
f 6619 6620 6690 6689
f 6620 6621 6691 6690
f 6621 6622 6692 6691
f 6622 6623 6693 6692
f 6623 6624 6694 6693
f 6624 6625 6695 6694
f 6625 6626 6696 6695
f 6626 6627 6697 6696
f 6627 6628 6698 6697
f 6628 6629 6699 6698
f 6629 6630 6700 6699
f 6630 6631 6701 6700
f 6631 6632 6702 6701
f 6632 6633 6703 6702
f 6633 6634 6704 6703
f 6634 6635 6705 6704
f 6635 6636 6706 6705
f 6636 6637 6707 6706
f 6637 6638 6708 6707
f 6638 6639 6709 6708
f 6639 6640 6710 6709
f 6640 6641 6711 6710
f 6641 6642 6712 6711
f 6642 6643 6713 6712
f 6643 6644 6714 6713
f 6644 6645 6715 6714
f 6645 6646 6716 6715
f 6646 6647 6717 6716
f 6647 6648 6718 6717
f 6648 6649 6719 6718
f 6649 6650 6720 6719
f 6650 6581 6651 6720
f 6651 6652 6722 6721
f 6652 6653 6723 6722
f 6653 6654 6724 6723
f 6654 6655 6725 6724
f 6655 6656 6726 6725
f 6656 6657 6727 6726
f 6657 6658 6728 6727
f 6658 6659 6729 6728
f 6659 6660 6730 6729
f 6660 6661 6731 6730
f 6661 6662 6732 6731
f 6662 6663 6733 6732
f 6663 6664 6734 6733
f 6664 6665 6735 6734
f 6665 6666 6736 6735
f 6666 6667 6737 6736
f 6667 6668 6738 6737
f 6668 6669 6739 6738
f 6669 6670 6740 6739
f 6670 6671 6741 6740
f 6671 6672 6742 6741
f 6672 6673 6743 6742
f 6673 6674 6744 6743
f 6674 6675 6745 6744
f 6675 6676 6746 6745
f 6676 6677 6747 6746
f 6677 6678 6748 6747
f 6678 6679 6749 6748
f 6679 6680 6750 6749
f 6680 6681 6751 6750
f 6681 6682 6752 6751
f 6682 6683 6753 6752
f 6683 6684 6754 6753
f 6684 6685 6755 6754
f 6685 6686 6756 6755
f 6686 6687 6757 6756
f 6687 6688 6758 6757
f 6688 6689 6759 6758
f 6689 6690 6760 6759
f 6690 6691 6761 6760
f 6691 6692 6762 6761
f 6692 6693 6763 6762
f 6693 6694 6764 6763
f 6694 6695 6765 6764
f 6695 6696 6766 6765
f 6696 6697 6767 6766
f 6697 6698 6768 6767
f 6698 6699 6769 6768
f 6699 6700 6770 6769
f 6700 6701 6771 6770
f 6701 6702 6772 6771
f 6702 6703 6773 6772
f 6703 6704 6774 6773
f 6704 6705 6775 6774
f 6705 6706 6776 6775
f 6706 6707 6777 6776
f 6707 6708 6778 6777
f 6708 6709 6779 6778
f 6709 6710 6780 6779
f 6710 6711 6781 6780
f 6711 6712 6782 6781
f 6712 6713 6783 6782
f 6713 6714 6784 6783
f 6714 6715 6785 6784
f 6715 6716 6786 6785
f 6716 6717 6787 6786
f 6717 6718 6788 6787
f 6718 6719 6789 6788
f 6719 6720 6790 6789
f 6720 6651 6721 6790
f 6721 6722 6792 6791
f 6722 6723 6793 6792
f 6723 6724 6794 6793
f 6724 6725 6795 6794
f 6725 6726 6796 6795
f 6726 6727 6797 6796
f 6727 6728 6798 6797
f 6728 6729 6799 6798
f 6729 6730 6800 6799
f 6730 6731 6801 6800
f 6731 6732 6802 6801
f 6732 6733 6803 6802
f 6733 6734 6804 6803
f 6734 6735 6805 6804
f 6735 6736 6806 6805
f 6736 6737 6807 6806
f 6737 6738 6808 6807
f 6738 6739 6809 6808
f 6739 6740 6810 6809
f 6740 6741 6811 6810
f 6741 6742 6812 6811
f 6742 6743 6813 6812
f 6743 6744 6814 6813
f 6744 6745 6815 6814
f 6745 6746 6816 6815
f 6746 6747 6817 6816
f 6747 6748 6818 6817
f 6748 6749 6819 6818
f 6749 6750 6820 6819
f 6750 6751 6821 6820
f 6751 6752 6822 6821
f 6752 6753 6823 6822
f 6753 6754 6824 6823
f 6754 6755 6825 6824
f 6755 6756 6826 6825
f 6756 6757 6827 6826
f 6757 6758 6828 6827
f 6758 6759 6829 6828
f 6759 6760 6830 6829
f 6760 6761 6831 6830
f 6761 6762 6832 6831
f 6762 6763 6833 6832
f 6763 6764 6834 6833
f 6764 6765 6835 6834
f 6765 6766 6836 6835
f 6766 6767 6837 6836
f 6767 6768 6838 6837
f 6768 6769 6839 6838
f 6769 6770 6840 6839
f 6770 6771 6841 6840
f 6771 6772 6842 6841
f 6772 6773 6843 6842
f 6773 6774 6844 6843
f 6774 6775 6845 6844
f 6775 6776 6846 6845
f 6776 6777 6847 6846
f 6777 6778 6848 6847
f 6778 6779 6849 6848
f 6779 6780 6850 6849
f 6780 6781 6851 6850
f 6781 6782 6852 6851
f 6782 6783 6853 6852
f 6783 6784 6854 6853
f 6784 6785 6855 6854
f 6785 6786 6856 6855
f 6786 6787 6857 6856
f 6787 6788 6858 6857
f 6788 6789 6859 6858
f 6789 6790 6860 6859
f 6790 6721 6791 6860
f 6791 6792 6862 6861
f 6792 6793 6863 6862
f 6793 6794 6864 6863
f 6794 6795 6865 6864
f 6795 6796 6866 6865
f 6796 6797 6867 6866
f 6797 6798 6868 6867
f 6798 6799 6869 6868
f 6799 6800 6870 6869
f 6800 6801 6871 6870
f 6801 6802 6872 6871
f 6802 6803 6873 6872
f 6803 6804 6874 6873
f 6804 6805 6875 6874
f 6805 6806 6876 6875
f 6806 6807 6877 6876
f 6807 6808 6878 6877
f 6808 6809 6879 6878
f 6809 6810 6880 6879
f 6810 6811 6881 6880
f 6811 6812 6882 6881
f 6812 6813 6883 6882
f 6813 6814 6884 6883
f 6814 6815 6885 6884
f 6815 6816 6886 6885
f 6816 6817 6887 6886
f 6817 6818 6888 6887
f 6818 6819 6889 6888
f 6819 6820 6890 6889
f 6820 6821 6891 6890
f 6821 6822 6892 6891
f 6822 6823 6893 6892
f 6823 6824 6894 6893
f 6824 6825 6895 6894
f 6825 6826 6896 6895
f 6826 6827 6897 6896
f 6827 6828 6898 6897
f 6828 6829 6899 6898
f 6829 6830 6900 6899
f 6830 6831 6901 6900
f 6831 6832 6902 6901
f 6832 6833 6903 6902
f 6833 6834 6904 6903
f 6834 6835 6905 6904
f 6835 6836 6906 6905
f 6836 6837 6907 6906
f 6837 6838 6908 6907
f 6838 6839 6909 6908
f 6839 6840 6910 6909
f 6840 6841 6911 6910
f 6841 6842 6912 6911
f 6842 6843 6913 6912
f 6843 6844 6914 6913
f 6844 6845 6915 6914
f 6845 6846 6916 6915
f 6846 6847 6917 6916
f 6847 6848 6918 6917
f 6848 6849 6919 6918
f 6849 6850 6920 6919
f 6850 6851 6921 6920
f 6851 6852 6922 6921
f 6852 6853 6923 6922
f 6853 6854 6924 6923
f 6854 6855 6925 6924
f 6855 6856 6926 6925
f 6856 6857 6927 6926
f 6857 6858 6928 6927
f 6858 6859 6929 6928
f 6859 6860 6930 6929
f 6860 6791 6861 6930
f 6861 6862 6932 6931
f 6862 6863 6933 6932
f 6863 6864 6934 6933
f 6864 6865 6935 6934
f 6865 6866 6936 6935
f 6866 6867 6937 6936
f 6867 6868 6938 6937
f 6868 6869 6939 6938
f 6869 6870 6940 6939
f 6870 6871 6941 6940
f 6871 6872 6942 6941
f 6872 6873 6943 6942
f 6873 6874 6944 6943
f 6874 6875 6945 6944
f 6875 6876 6946 6945
f 6876 6877 6947 6946
f 6877 6878 6948 6947
f 6878 6879 6949 6948
f 6879 6880 6950 6949
f 6880 6881 6951 6950
f 6881 6882 6952 6951
f 6882 6883 6953 6952
f 6883 6884 6954 6953
f 6884 6885 6955 6954
f 6885 6886 6956 6955
f 6886 6887 6957 6956
f 6887 6888 6958 6957
f 6888 6889 6959 6958
f 6889 6890 6960 6959
f 6890 6891 6961 6960
f 6891 6892 6962 6961
f 6892 6893 6963 6962
f 6893 6894 6964 6963
f 6894 6895 6965 6964
f 6895 6896 6966 6965
f 6896 6897 6967 6966
f 6897 6898 6968 6967
f 6898 6899 6969 6968
f 6899 6900 6970 6969
f 6900 6901 6971 6970
f 6901 6902 6972 6971
f 6902 6903 6973 6972
f 6903 6904 6974 6973
f 6904 6905 6975 6974
f 6905 6906 6976 6975
f 6906 6907 6977 6976
f 6907 6908 6978 6977
f 6908 6909 6979 6978
f 6909 6910 6980 6979
f 6910 6911 6981 6980
f 6911 6912 6982 6981
f 6912 6913 6983 6982
f 6913 6914 6984 6983
f 6914 6915 6985 6984
f 6915 6916 6986 6985
f 6916 6917 6987 6986
f 6917 6918 6988 6987
f 6918 6919 6989 6988
f 6919 6920 6990 6989
f 6920 6921 6991 6990
f 6921 6922 6992 6991
f 6922 6923 6993 6992
f 6923 6924 6994 6993
f 6924 6925 6995 6994
f 6925 6926 6996 6995
f 6926 6927 6997 6996
f 6927 6928 6998 6997
f 6928 6929 6999 6998
f 6929 6930 7000 6999
f 6930 6861 6931 7000
f 6931 6932 7002 7001
f 6932 6933 7003 7002
f 6933 6934 7004 7003
f 6934 6935 7005 7004
f 6935 6936 7006 7005
f 6936 6937 7007 7006
f 6937 6938 7008 7007
f 6938 6939 7009 7008
f 6939 6940 7010 7009
f 6940 6941 7011 7010
f 6941 6942 7012 7011
f 6942 6943 7013 7012
f 6943 6944 7014 7013
f 6944 6945 7015 7014
f 6945 6946 7016 7015
f 6946 6947 7017 7016
f 6947 6948 7018 7017
f 6948 6949 7019 7018
f 6949 6950 7020 7019
f 6950 6951 7021 7020
f 6951 6952 7022 7021
f 6952 6953 7023 7022
f 6953 6954 7024 7023
f 6954 6955 7025 7024
f 6955 6956 7026 7025
f 6956 6957 7027 7026
f 6957 6958 7028 7027
f 6958 6959 7029 7028
f 6959 6960 7030 7029
f 6960 6961 7031 7030
f 6961 6962 7032 7031
f 6962 6963 7033 7032
f 6963 6964 7034 7033
f 6964 6965 7035 7034
f 6965 6966 7036 7035
f 6966 6967 7037 7036
f 6967 6968 7038 7037
f 6968 6969 7039 7038
f 6969 6970 7040 7039
f 6970 6971 7041 7040
f 6971 6972 7042 7041
f 6972 6973 7043 7042
f 6973 6974 7044 7043
f 6974 6975 7045 7044
f 6975 6976 7046 7045
f 6976 6977 7047 7046
f 6977 6978 7048 7047
f 6978 6979 7049 7048
f 6979 6980 7050 7049
f 6980 6981 7051 7050
f 6981 6982 7052 7051
f 6982 6983 7053 7052
f 6983 6984 7054 7053
f 6984 6985 7055 7054
f 6985 6986 7056 7055
f 6986 6987 7057 7056
f 6987 6988 7058 7057
f 6988 6989 7059 7058
f 6989 6990 7060 7059
f 6990 6991 7061 7060
f 6991 6992 7062 7061
f 6992 6993 7063 7062
f 6993 6994 7064 7063
f 6994 6995 7065 7064
f 6995 6996 7066 7065
f 6996 6997 7067 7066
f 6997 6998 7068 7067
f 6998 6999 7069 7068
f 6999 7000 7070 7069
f 7000 6931 7001 7070
f 7001 7002 7072 7071
f 7002 7003 7073 7072
f 7003 7004 7074 7073
f 7004 7005 7075 7074
f 7005 7006 7076 7075
f 7006 7007 7077 7076
f 7007 7008 7078 7077
f 7008 7009 7079 7078
f 7009 7010 7080 7079
f 7010 7011 7081 7080
f 7011 7012 7082 7081
f 7012 7013 7083 7082
f 7013 7014 7084 7083
f 7014 7015 7085 7084
f 7015 7016 7086 7085
f 7016 7017 7087 7086
f 7017 7018 7088 7087
f 7018 7019 7089 7088
f 7019 7020 7090 7089
f 7020 7021 7091 7090
f 7021 7022 7092 7091
f 7022 7023 7093 7092
f 7023 7024 7094 7093
f 7024 7025 7095 7094
f 7025 7026 7096 7095
f 7026 7027 7097 7096
f 7027 7028 7098 7097
f 7028 7029 7099 7098
f 7029 7030 7100 7099
f 7030 7031 7101 7100
f 7031 7032 7102 7101
f 7032 7033 7103 7102
f 7033 7034 7104 7103
f 7034 7035 7105 7104
f 7035 7036 7106 7105
f 7036 7037 7107 7106
f 7037 7038 7108 7107
f 7038 7039 7109 7108
f 7039 7040 7110 7109
f 7040 7041 7111 7110
f 7041 7042 7112 7111
f 7042 7043 7113 7112
f 7043 7044 7114 7113
f 7044 7045 7115 7114
f 7045 7046 7116 7115
f 7046 7047 7117 7116
f 7047 7048 7118 7117
f 7048 7049 7119 7118
f 7049 7050 7120 7119
f 7050 7051 7121 7120
f 7051 7052 7122 7121
f 7052 7053 7123 7122
f 7053 7054 7124 7123
f 7054 7055 7125 7124
f 7055 7056 7126 7125
f 7056 7057 7127 7126
f 7057 7058 7128 7127
f 7058 7059 7129 7128
f 7059 7060 7130 7129
f 7060 7061 7131 7130
f 7061 7062 7132 7131
f 7062 7063 7133 7132
f 7063 7064 7134 7133
f 7064 7065 7135 7134
f 7065 7066 7136 7135
f 7066 7067 7137 7136
f 7067 7068 7138 7137
f 7068 7069 7139 7138
f 7069 7070 7140 7139
f 7070 7001 7071 7140
f 7071 7072 7142 7141
f 7072 7073 7143 7142
f 7073 7074 7144 7143
f 7074 7075 7145 7144
f 7075 7076 7146 7145
f 7076 7077 7147 7146
f 7077 7078 7148 7147
f 7078 7079 7149 7148
f 7079 7080 7150 7149
f 7080 7081 7151 7150
f 7081 7082 7152 7151
f 7082 7083 7153 7152
f 7083 7084 7154 7153
f 7084 7085 7155 7154
f 7085 7086 7156 7155
f 7086 7087 7157 7156
f 7087 7088 7158 7157
f 7088 7089 7159 7158
f 7089 7090 7160 7159
f 7090 7091 7161 7160
f 7091 7092 7162 7161
f 7092 7093 7163 7162
f 7093 7094 7164 7163
f 7094 7095 7165 7164
f 7095 7096 7166 7165
f 7096 7097 7167 7166
f 7097 7098 7168 7167
f 7098 7099 7169 7168
f 7099 7100 7170 7169
f 7100 7101 7171 7170
f 7101 7102 7172 7171
f 7102 7103 7173 7172
f 7103 7104 7174 7173
f 7104 7105 7175 7174
f 7105 7106 7176 7175
f 7106 7107 7177 7176
f 7107 7108 7178 7177
f 7108 7109 7179 7178
f 7109 7110 7180 7179
f 7110 7111 7181 7180
f 7111 7112 7182 7181
f 7112 7113 7183 7182
f 7113 7114 7184 7183
f 7114 7115 7185 7184
f 7115 7116 7186 7185
f 7116 7117 7187 7186
f 7117 7118 7188 7187
f 7118 7119 7189 7188
f 7119 7120 7190 7189
f 7120 7121 7191 7190
f 7121 7122 7192 7191
f 7122 7123 7193 7192
f 7123 7124 7194 7193
f 7124 7125 7195 7194
f 7125 7126 7196 7195
f 7126 7127 7197 7196
f 7127 7128 7198 7197
f 7128 7129 7199 7198
f 7129 7130 7200 7199
f 7130 7131 7201 7200
f 7131 7132 7202 7201
f 7132 7133 7203 7202
f 7133 7134 7204 7203
f 7134 7135 7205 7204
f 7135 7136 7206 7205
f 7136 7137 7207 7206
f 7137 7138 7208 7207
f 7138 7139 7209 7208
f 7139 7140 7210 7209
f 7140 7071 7141 7210
f 7141 7142 7212 7211
f 7142 7143 7213 7212
f 7143 7144 7214 7213
f 7144 7145 7215 7214
f 7145 7146 7216 7215
f 7146 7147 7217 7216
f 7147 7148 7218 7217
f 7148 7149 7219 7218
f 7149 7150 7220 7219
f 7150 7151 7221 7220
f 7151 7152 7222 7221
f 7152 7153 7223 7222
f 7153 7154 7224 7223
f 7154 7155 7225 7224
f 7155 7156 7226 7225
f 7156 7157 7227 7226
f 7157 7158 7228 7227
f 7158 7159 7229 7228
f 7159 7160 7230 7229
f 7160 7161 7231 7230
f 7161 7162 7232 7231
f 7162 7163 7233 7232
f 7163 7164 7234 7233
f 7164 7165 7235 7234
f 7165 7166 7236 7235
f 7166 7167 7237 7236
f 7167 7168 7238 7237
f 7168 7169 7239 7238
f 7169 7170 7240 7239
f 7170 7171 7241 7240
f 7171 7172 7242 7241
f 7172 7173 7243 7242
f 7173 7174 7244 7243
f 7174 7175 7245 7244
f 7175 7176 7246 7245
f 7176 7177 7247 7246
f 7177 7178 7248 7247
f 7178 7179 7249 7248
f 7179 7180 7250 7249
f 7180 7181 7251 7250
f 7181 7182 7252 7251
f 7182 7183 7253 7252
f 7183 7184 7254 7253
f 7184 7185 7255 7254
f 7185 7186 7256 7255
f 7186 7187 7257 7256
f 7187 7188 7258 7257
f 7188 7189 7259 7258
f 7189 7190 7260 7259
f 7190 7191 7261 7260
f 7191 7192 7262 7261
f 7192 7193 7263 7262
f 7193 7194 7264 7263
f 7194 7195 7265 7264
f 7195 7196 7266 7265
f 7196 7197 7267 7266
f 7197 7198 7268 7267
f 7198 7199 7269 7268
f 7199 7200 7270 7269
f 7200 7201 7271 7270
f 7201 7202 7272 7271
f 7202 7203 7273 7272
f 7203 7204 7274 7273
f 7204 7205 7275 7274
f 7205 7206 7276 7275
f 7206 7207 7277 7276
f 7207 7208 7278 7277
f 7208 7209 7279 7278
f 7209 7210 7280 7279
f 7210 7141 7211 7280
f 7211 7212 7282 7281
f 7212 7213 7283 7282
f 7213 7214 7284 7283
f 7214 7215 7285 7284
f 7215 7216 7286 7285
f 7216 7217 7287 7286
f 7217 7218 7288 7287
f 7218 7219 7289 7288
f 7219 7220 7290 7289
f 7220 7221 7291 7290
f 7221 7222 7292 7291
f 7222 7223 7293 7292
f 7223 7224 7294 7293
f 7224 7225 7295 7294
f 7225 7226 7296 7295
f 7226 7227 7297 7296
f 7227 7228 7298 7297
f 7228 7229 7299 7298
f 7229 7230 7300 7299
f 7230 7231 7301 7300
f 7231 7232 7302 7301
f 7232 7233 7303 7302
f 7233 7234 7304 7303
f 7234 7235 7305 7304
f 7235 7236 7306 7305
f 7236 7237 7307 7306
f 7237 7238 7308 7307
f 7238 7239 7309 7308
f 7239 7240 7310 7309
f 7240 7241 7311 7310
f 7241 7242 7312 7311
f 7242 7243 7313 7312
f 7243 7244 7314 7313
f 7244 7245 7315 7314
f 7245 7246 7316 7315
f 7246 7247 7317 7316
f 7247 7248 7318 7317
f 7248 7249 7319 7318
f 7249 7250 7320 7319
f 7250 7251 7321 7320
f 7251 7252 7322 7321
f 7252 7253 7323 7322
f 7253 7254 7324 7323
f 7254 7255 7325 7324
f 7255 7256 7326 7325
f 7256 7257 7327 7326
f 7257 7258 7328 7327
f 7258 7259 7329 7328
f 7259 7260 7330 7329
f 7260 7261 7331 7330
f 7261 7262 7332 7331
f 7262 7263 7333 7332
f 7263 7264 7334 7333
f 7264 7265 7335 7334
f 7265 7266 7336 7335
f 7266 7267 7337 7336
f 7267 7268 7338 7337
f 7268 7269 7339 7338
f 7269 7270 7340 7339
f 7270 7271 7341 7340
f 7271 7272 7342 7341
f 7272 7273 7343 7342
f 7273 7274 7344 7343
f 7274 7275 7345 7344
f 7275 7276 7346 7345
f 7276 7277 7347 7346
f 7277 7278 7348 7347
f 7278 7279 7349 7348
f 7279 7280 7350 7349
f 7280 7211 7281 7350
f 7281 7282 7352 7351
f 7282 7283 7353 7352
f 7283 7284 7354 7353
f 7284 7285 7355 7354
f 7285 7286 7356 7355
f 7286 7287 7357 7356
f 7287 7288 7358 7357
f 7288 7289 7359 7358
f 7289 7290 7360 7359
f 7290 7291 7361 7360
f 7291 7292 7362 7361
f 7292 7293 7363 7362
f 7293 7294 7364 7363
f 7294 7295 7365 7364
f 7295 7296 7366 7365
f 7296 7297 7367 7366
f 7297 7298 7368 7367
f 7298 7299 7369 7368
f 7299 7300 7370 7369
f 7300 7301 7371 7370
f 7301 7302 7372 7371
f 7302 7303 7373 7372
f 7303 7304 7374 7373
f 7304 7305 7375 7374
f 7305 7306 7376 7375
f 7306 7307 7377 7376
f 7307 7308 7378 7377
f 7308 7309 7379 7378
f 7309 7310 7380 7379
f 7310 7311 7381 7380
f 7311 7312 7382 7381
f 7312 7313 7383 7382
f 7313 7314 7384 7383
f 7314 7315 7385 7384
f 7315 7316 7386 7385
f 7316 7317 7387 7386
f 7317 7318 7388 7387
f 7318 7319 7389 7388
f 7319 7320 7390 7389
f 7320 7321 7391 7390
f 7321 7322 7392 7391
f 7322 7323 7393 7392
f 7323 7324 7394 7393
f 7324 7325 7395 7394
f 7325 7326 7396 7395
f 7326 7327 7397 7396
f 7327 7328 7398 7397
f 7328 7329 7399 7398
f 7329 7330 7400 7399
f 7330 7331 7401 7400
f 7331 7332 7402 7401
f 7332 7333 7403 7402
f 7333 7334 7404 7403
f 7334 7335 7405 7404
f 7335 7336 7406 7405
f 7336 7337 7407 7406
f 7337 7338 7408 7407
f 7338 7339 7409 7408
f 7339 7340 7410 7409
f 7340 7341 7411 7410
f 7341 7342 7412 7411
f 7342 7343 7413 7412
f 7343 7344 7414 7413
f 7344 7345 7415 7414
f 7345 7346 7416 7415
f 7346 7347 7417 7416
f 7347 7348 7418 7417
f 7348 7349 7419 7418
f 7349 7350 7420 7419
f 7350 7281 7351 7420
f 7351 7352 7422 7421
f 7352 7353 7423 7422
f 7353 7354 7424 7423
f 7354 7355 7425 7424
f 7355 7356 7426 7425
f 7356 7357 7427 7426
f 7357 7358 7428 7427
f 7358 7359 7429 7428
f 7359 7360 7430 7429
f 7360 7361 7431 7430
f 7361 7362 7432 7431
f 7362 7363 7433 7432
f 7363 7364 7434 7433
f 7364 7365 7435 7434
f 7365 7366 7436 7435
f 7366 7367 7437 7436
f 7367 7368 7438 7437
f 7368 7369 7439 7438
f 7369 7370 7440 7439
f 7370 7371 7441 7440
f 7371 7372 7442 7441
f 7372 7373 7443 7442
f 7373 7374 7444 7443
f 7374 7375 7445 7444
f 7375 7376 7446 7445
f 7376 7377 7447 7446
f 7377 7378 7448 7447
f 7378 7379 7449 7448
f 7379 7380 7450 7449
f 7380 7381 7451 7450
f 7381 7382 7452 7451
f 7382 7383 7453 7452
f 7383 7384 7454 7453
f 7384 7385 7455 7454
f 7385 7386 7456 7455
f 7386 7387 7457 7456
f 7387 7388 7458 7457
f 7388 7389 7459 7458
f 7389 7390 7460 7459
f 7390 7391 7461 7460
f 7391 7392 7462 7461
f 7392 7393 7463 7462
f 7393 7394 7464 7463
f 7394 7395 7465 7464
f 7395 7396 7466 7465
f 7396 7397 7467 7466
f 7397 7398 7468 7467
f 7398 7399 7469 7468
f 7399 7400 7470 7469
f 7400 7401 7471 7470
f 7401 7402 7472 7471
f 7402 7403 7473 7472
f 7403 7404 7474 7473
f 7404 7405 7475 7474
f 7405 7406 7476 7475
f 7406 7407 7477 7476
f 7407 7408 7478 7477
f 7408 7409 7479 7478
f 7409 7410 7480 7479
f 7410 7411 7481 7480
f 7411 7412 7482 7481
f 7412 7413 7483 7482
f 7413 7414 7484 7483
f 7414 7415 7485 7484
f 7415 7416 7486 7485
f 7416 7417 7487 7486
f 7417 7418 7488 7487
f 7418 7419 7489 7488
f 7419 7420 7490 7489
f 7420 7351 7421 7490
f 7421 7422 7492 7491
f 7422 7423 7493 7492
f 7423 7424 7494 7493
f 7424 7425 7495 7494
f 7425 7426 7496 7495
f 7426 7427 7497 7496
f 7427 7428 7498 7497
f 7428 7429 7499 7498
f 7429 7430 7500 7499
f 7430 7431 7501 7500
f 7431 7432 7502 7501
f 7432 7433 7503 7502
f 7433 7434 7504 7503
f 7434 7435 7505 7504
f 7435 7436 7506 7505
f 7436 7437 7507 7506
f 7437 7438 7508 7507
f 7438 7439 7509 7508
f 7439 7440 7510 7509
f 7440 7441 7511 7510
f 7441 7442 7512 7511
f 7442 7443 7513 7512
f 7443 7444 7514 7513
f 7444 7445 7515 7514
f 7445 7446 7516 7515
f 7446 7447 7517 7516
f 7447 7448 7518 7517
f 7448 7449 7519 7518
f 7449 7450 7520 7519
f 7450 7451 7521 7520
f 7451 7452 7522 7521
f 7452 7453 7523 7522
f 7453 7454 7524 7523
f 7454 7455 7525 7524
f 7455 7456 7526 7525
f 7456 7457 7527 7526
f 7457 7458 7528 7527
f 7458 7459 7529 7528
f 7459 7460 7530 7529
f 7460 7461 7531 7530
f 7461 7462 7532 7531
f 7462 7463 7533 7532
f 7463 7464 7534 7533
f 7464 7465 7535 7534
f 7465 7466 7536 7535
f 7466 7467 7537 7536
f 7467 7468 7538 7537
f 7468 7469 7539 7538
f 7469 7470 7540 7539
f 7470 7471 7541 7540
f 7471 7472 7542 7541
f 7472 7473 7543 7542
f 7473 7474 7544 7543
f 7474 7475 7545 7544
f 7475 7476 7546 7545
f 7476 7477 7547 7546
f 7477 7478 7548 7547
f 7478 7479 7549 7548
f 7479 7480 7550 7549
f 7480 7481 7551 7550
f 7481 7482 7552 7551
f 7482 7483 7553 7552
f 7483 7484 7554 7553
f 7484 7485 7555 7554
f 7485 7486 7556 7555
f 7486 7487 7557 7556
f 7487 7488 7558 7557
f 7488 7489 7559 7558
f 7489 7490 7560 7559
f 7490 7421 7491 7560
f 7491 7492 7562 7561
f 7492 7493 7563 7562
f 7493 7494 7564 7563
f 7494 7495 7565 7564
f 7495 7496 7566 7565
f 7496 7497 7567 7566
f 7497 7498 7568 7567
f 7498 7499 7569 7568
f 7499 7500 7570 7569
f 7500 7501 7571 7570
f 7501 7502 7572 7571
f 7502 7503 7573 7572
f 7503 7504 7574 7573
f 7504 7505 7575 7574
f 7505 7506 7576 7575
f 7506 7507 7577 7576
f 7507 7508 7578 7577
f 7508 7509 7579 7578
f 7509 7510 7580 7579
f 7510 7511 7581 7580
f 7511 7512 7582 7581
f 7512 7513 7583 7582
f 7513 7514 7584 7583
f 7514 7515 7585 7584
f 7515 7516 7586 7585
f 7516 7517 7587 7586
f 7517 7518 7588 7587
f 7518 7519 7589 7588
f 7519 7520 7590 7589
f 7520 7521 7591 7590
f 7521 7522 7592 7591
f 7522 7523 7593 7592
f 7523 7524 7594 7593
f 7524 7525 7595 7594
f 7525 7526 7596 7595
f 7526 7527 7597 7596
f 7527 7528 7598 7597
f 7528 7529 7599 7598
f 7529 7530 7600 7599
f 7530 7531 7601 7600
f 7531 7532 7602 7601
f 7532 7533 7603 7602
f 7533 7534 7604 7603
f 7534 7535 7605 7604
f 7535 7536 7606 7605
f 7536 7537 7607 7606
f 7537 7538 7608 7607
f 7538 7539 7609 7608
f 7539 7540 7610 7609
f 7540 7541 7611 7610
f 7541 7542 7612 7611
f 7542 7543 7613 7612
f 7543 7544 7614 7613
f 7544 7545 7615 7614
f 7545 7546 7616 7615
f 7546 7547 7617 7616
f 7547 7548 7618 7617
f 7548 7549 7619 7618
f 7549 7550 7620 7619
f 7550 7551 7621 7620
f 7551 7552 7622 7621
f 7552 7553 7623 7622
f 7553 7554 7624 7623
f 7554 7555 7625 7624
f 7555 7556 7626 7625
f 7556 7557 7627 7626
f 7557 7558 7628 7627
f 7558 7559 7629 7628
f 7559 7560 7630 7629
f 7560 7491 7561 7630
f 7561 7562 7632 7631
f 7562 7563 7633 7632
f 7563 7564 7634 7633
f 7564 7565 7635 7634
f 7565 7566 7636 7635
f 7566 7567 7637 7636
f 7567 7568 7638 7637
f 7568 7569 7639 7638
f 7569 7570 7640 7639
f 7570 7571 7641 7640
f 7571 7572 7642 7641
f 7572 7573 7643 7642
f 7573 7574 7644 7643
f 7574 7575 7645 7644
f 7575 7576 7646 7645
f 7576 7577 7647 7646
f 7577 7578 7648 7647
f 7578 7579 7649 7648
f 7579 7580 7650 7649
f 7580 7581 7651 7650
f 7581 7582 7652 7651
f 7582 7583 7653 7652
f 7583 7584 7654 7653
f 7584 7585 7655 7654
f 7585 7586 7656 7655
f 7586 7587 7657 7656
f 7587 7588 7658 7657
f 7588 7589 7659 7658
f 7589 7590 7660 7659
f 7590 7591 7661 7660
f 7591 7592 7662 7661
f 7592 7593 7663 7662
f 7593 7594 7664 7663
f 7594 7595 7665 7664
f 7595 7596 7666 7665
f 7596 7597 7667 7666
f 7597 7598 7668 7667
f 7598 7599 7669 7668
f 7599 7600 7670 7669
f 7600 7601 7671 7670
f 7601 7602 7672 7671
f 7602 7603 7673 7672
f 7603 7604 7674 7673
f 7604 7605 7675 7674
f 7605 7606 7676 7675
f 7606 7607 7677 7676
f 7607 7608 7678 7677
f 7608 7609 7679 7678
f 7609 7610 7680 7679
f 7610 7611 7681 7680
f 7611 7612 7682 7681
f 7612 7613 7683 7682
f 7613 7614 7684 7683
f 7614 7615 7685 7684
f 7615 7616 7686 7685
f 7616 7617 7687 7686
f 7617 7618 7688 7687
f 7618 7619 7689 7688
f 7619 7620 7690 7689
f 7620 7621 7691 7690
f 7621 7622 7692 7691
f 7622 7623 7693 7692
f 7623 7624 7694 7693
f 7624 7625 7695 7694
f 7625 7626 7696 7695
f 7626 7627 7697 7696
f 7627 7628 7698 7697
f 7628 7629 7699 7698
f 7629 7630 7700 7699
f 7630 7561 7631 7700
f 7631 7632 7702 7701
f 7632 7633 7703 7702
f 7633 7634 7704 7703
f 7634 7635 7705 7704
f 7635 7636 7706 7705
f 7636 7637 7707 7706
f 7637 7638 7708 7707
f 7638 7639 7709 7708
f 7639 7640 7710 7709
f 7640 7641 7711 7710
f 7641 7642 7712 7711
f 7642 7643 7713 7712
f 7643 7644 7714 7713
f 7644 7645 7715 7714
f 7645 7646 7716 7715
f 7646 7647 7717 7716
f 7647 7648 7718 7717
f 7648 7649 7719 7718
f 7649 7650 7720 7719
f 7650 7651 7721 7720
f 7651 7652 7722 7721
f 7652 7653 7723 7722
f 7653 7654 7724 7723
f 7654 7655 7725 7724
f 7655 7656 7726 7725
f 7656 7657 7727 7726
f 7657 7658 7728 7727
f 7658 7659 7729 7728
f 7659 7660 7730 7729
f 7660 7661 7731 7730
f 7661 7662 7732 7731
f 7662 7663 7733 7732
f 7663 7664 7734 7733
f 7664 7665 7735 7734
f 7665 7666 7736 7735
f 7666 7667 7737 7736
f 7667 7668 7738 7737
f 7668 7669 7739 7738
f 7669 7670 7740 7739
f 7670 7671 7741 7740
f 7671 7672 7742 7741
f 7672 7673 7743 7742
f 7673 7674 7744 7743
f 7674 7675 7745 7744
f 7675 7676 7746 7745
f 7676 7677 7747 7746
f 7677 7678 7748 7747
f 7678 7679 7749 7748
f 7679 7680 7750 7749
f 7680 7681 7751 7750
f 7681 7682 7752 7751
f 7682 7683 7753 7752
f 7683 7684 7754 7753
f 7684 7685 7755 7754
f 7685 7686 7756 7755
f 7686 7687 7757 7756
f 7687 7688 7758 7757
f 7688 7689 7759 7758
f 7689 7690 7760 7759
f 7690 7691 7761 7760
f 7691 7692 7762 7761
f 7692 7693 7763 7762
f 7693 7694 7764 7763
f 7694 7695 7765 7764
f 7695 7696 7766 7765
f 7696 7697 7767 7766
f 7697 7698 7768 7767
f 7698 7699 7769 7768
f 7699 7700 7770 7769
f 7700 7631 7701 7770
f 7701 7702 7772 7771
f 7702 7703 7773 7772
f 7703 7704 7774 7773
f 7704 7705 7775 7774
f 7705 7706 7776 7775
f 7706 7707 7777 7776
f 7707 7708 7778 7777
f 7708 7709 7779 7778
f 7709 7710 7780 7779
f 7710 7711 7781 7780
f 7711 7712 7782 7781
f 7712 7713 7783 7782
f 7713 7714 7784 7783
f 7714 7715 7785 7784
f 7715 7716 7786 7785
f 7716 7717 7787 7786
f 7717 7718 7788 7787
f 7718 7719 7789 7788
f 7719 7720 7790 7789
f 7720 7721 7791 7790
f 7721 7722 7792 7791
f 7722 7723 7793 7792
f 7723 7724 7794 7793
f 7724 7725 7795 7794
f 7725 7726 7796 7795
f 7726 7727 7797 7796
f 7727 7728 7798 7797
f 7728 7729 7799 7798
f 7729 7730 7800 7799
f 7730 7731 7801 7800
f 7731 7732 7802 7801
f 7732 7733 7803 7802
f 7733 7734 7804 7803
f 7734 7735 7805 7804
f 7735 7736 7806 7805
f 7736 7737 7807 7806
f 7737 7738 7808 7807
f 7738 7739 7809 7808
f 7739 7740 7810 7809
f 7740 7741 7811 7810
f 7741 7742 7812 7811
f 7742 7743 7813 7812
f 7743 7744 7814 7813
f 7744 7745 7815 7814
f 7745 7746 7816 7815
f 7746 7747 7817 7816
f 7747 7748 7818 7817
f 7748 7749 7819 7818
f 7749 7750 7820 7819
f 7750 7751 7821 7820
f 7751 7752 7822 7821
f 7752 7753 7823 7822
f 7753 7754 7824 7823
f 7754 7755 7825 7824
f 7755 7756 7826 7825
f 7756 7757 7827 7826
f 7757 7758 7828 7827
f 7758 7759 7829 7828
f 7759 7760 7830 7829
f 7760 7761 7831 7830
f 7761 7762 7832 7831
f 7762 7763 7833 7832
f 7763 7764 7834 7833
f 7764 7765 7835 7834
f 7765 7766 7836 7835
f 7766 7767 7837 7836
f 7767 7768 7838 7837
f 7768 7769 7839 7838
f 7769 7770 7840 7839
f 7770 7701 7771 7840
f 7771 7772 7842 7841
f 7772 7773 7843 7842
f 7773 7774 7844 7843
f 7774 7775 7845 7844
f 7775 7776 7846 7845
f 7776 7777 7847 7846
f 7777 7778 7848 7847
f 7778 7779 7849 7848
f 7779 7780 7850 7849
f 7780 7781 7851 7850
f 7781 7782 7852 7851
f 7782 7783 7853 7852
f 7783 7784 7854 7853
f 7784 7785 7855 7854
f 7785 7786 7856 7855
f 7786 7787 7857 7856
f 7787 7788 7858 7857
f 7788 7789 7859 7858
f 7789 7790 7860 7859
f 7790 7791 7861 7860
f 7791 7792 7862 7861
f 7792 7793 7863 7862
f 7793 7794 7864 7863
f 7794 7795 7865 7864
f 7795 7796 7866 7865
f 7796 7797 7867 7866
f 7797 7798 7868 7867
f 7798 7799 7869 7868
f 7799 7800 7870 7869
f 7800 7801 7871 7870
f 7801 7802 7872 7871
f 7802 7803 7873 7872
f 7803 7804 7874 7873
f 7804 7805 7875 7874
f 7805 7806 7876 7875
f 7806 7807 7877 7876
f 7807 7808 7878 7877
f 7808 7809 7879 7878
f 7809 7810 7880 7879
f 7810 7811 7881 7880
f 7811 7812 7882 7881
f 7812 7813 7883 7882
f 7813 7814 7884 7883
f 7814 7815 7885 7884
f 7815 7816 7886 7885
f 7816 7817 7887 7886
f 7817 7818 7888 7887
f 7818 7819 7889 7888
f 7819 7820 7890 7889
f 7820 7821 7891 7890
f 7821 7822 7892 7891
f 7822 7823 7893 7892
f 7823 7824 7894 7893
f 7824 7825 7895 7894
f 7825 7826 7896 7895
f 7826 7827 7897 7896
f 7827 7828 7898 7897
f 7828 7829 7899 7898
f 7829 7830 7900 7899
f 7830 7831 7901 7900
f 7831 7832 7902 7901
f 7832 7833 7903 7902
f 7833 7834 7904 7903
f 7834 7835 7905 7904
f 7835 7836 7906 7905
f 7836 7837 7907 7906
f 7837 7838 7908 7907
f 7838 7839 7909 7908
f 7839 7840 7910 7909
f 7840 7771 7841 7910
f 7841 7842 7912 7911
f 7842 7843 7913 7912
f 7843 7844 7914 7913
f 7844 7845 7915 7914
f 7845 7846 7916 7915
f 7846 7847 7917 7916
f 7847 7848 7918 7917
f 7848 7849 7919 7918
f 7849 7850 7920 7919
f 7850 7851 7921 7920
f 7851 7852 7922 7921
f 7852 7853 7923 7922
f 7853 7854 7924 7923
f 7854 7855 7925 7924
f 7855 7856 7926 7925
f 7856 7857 7927 7926
f 7857 7858 7928 7927
f 7858 7859 7929 7928
f 7859 7860 7930 7929
f 7860 7861 7931 7930
f 7861 7862 7932 7931
f 7862 7863 7933 7932
f 7863 7864 7934 7933
f 7864 7865 7935 7934
f 7865 7866 7936 7935
f 7866 7867 7937 7936
f 7867 7868 7938 7937
f 7868 7869 7939 7938
f 7869 7870 7940 7939
f 7870 7871 7941 7940
f 7871 7872 7942 7941
f 7872 7873 7943 7942
f 7873 7874 7944 7943
f 7874 7875 7945 7944
f 7875 7876 7946 7945
f 7876 7877 7947 7946
f 7877 7878 7948 7947
f 7878 7879 7949 7948
f 7879 7880 7950 7949
f 7880 7881 7951 7950
f 7881 7882 7952 7951
f 7882 7883 7953 7952
f 7883 7884 7954 7953
f 7884 7885 7955 7954
f 7885 7886 7956 7955
f 7886 7887 7957 7956
f 7887 7888 7958 7957
f 7888 7889 7959 7958
f 7889 7890 7960 7959
f 7890 7891 7961 7960
f 7891 7892 7962 7961
f 7892 7893 7963 7962
f 7893 7894 7964 7963
f 7894 7895 7965 7964
f 7895 7896 7966 7965
f 7896 7897 7967 7966
f 7897 7898 7968 7967
f 7898 7899 7969 7968
f 7899 7900 7970 7969
f 7900 7901 7971 7970
f 7901 7902 7972 7971
f 7902 7903 7973 7972
f 7903 7904 7974 7973
f 7904 7905 7975 7974
f 7905 7906 7976 7975
f 7906 7907 7977 7976
f 7907 7908 7978 7977
f 7908 7909 7979 7978
f 7909 7910 7980 7979
f 7910 7841 7911 7980
f 7911 7912 7982 7981
f 7912 7913 7983 7982
f 7913 7914 7984 7983
f 7914 7915 7985 7984
f 7915 7916 7986 7985
f 7916 7917 7987 7986
f 7917 7918 7988 7987
f 7918 7919 7989 7988
f 7919 7920 7990 7989
f 7920 7921 7991 7990
f 7921 7922 7992 7991
f 7922 7923 7993 7992
f 7923 7924 7994 7993
f 7924 7925 7995 7994
f 7925 7926 7996 7995
f 7926 7927 7997 7996
f 7927 7928 7998 7997
f 7928 7929 7999 7998
f 7929 7930 8000 7999
f 7930 7931 8001 8000
f 7931 7932 8002 8001
f 7932 7933 8003 8002
f 7933 7934 8004 8003
f 7934 7935 8005 8004
f 7935 7936 8006 8005
f 7936 7937 8007 8006
f 7937 7938 8008 8007
f 7938 7939 8009 8008
f 7939 7940 8010 8009
f 7940 7941 8011 8010
f 7941 7942 8012 8011
f 7942 7943 8013 8012
f 7943 7944 8014 8013
f 7944 7945 8015 8014
f 7945 7946 8016 8015
f 7946 7947 8017 8016
f 7947 7948 8018 8017
f 7948 7949 8019 8018
f 7949 7950 8020 8019
f 7950 7951 8021 8020
f 7951 7952 8022 8021
f 7952 7953 8023 8022
f 7953 7954 8024 8023
f 7954 7955 8025 8024
f 7955 7956 8026 8025
f 7956 7957 8027 8026
f 7957 7958 8028 8027
f 7958 7959 8029 8028
f 7959 7960 8030 8029
f 7960 7961 8031 8030
f 7961 7962 8032 8031
f 7962 7963 8033 8032
f 7963 7964 8034 8033
f 7964 7965 8035 8034
f 7965 7966 8036 8035
f 7966 7967 8037 8036
f 7967 7968 8038 8037
f 7968 7969 8039 8038
f 7969 7970 8040 8039
f 7970 7971 8041 8040
f 7971 7972 8042 8041
f 7972 7973 8043 8042
f 7973 7974 8044 8043
f 7974 7975 8045 8044
f 7975 7976 8046 8045
f 7976 7977 8047 8046
f 7977 7978 8048 8047
f 7978 7979 8049 8048
f 7979 7980 8050 8049
f 7980 7911 7981 8050
f 7981 7982 8052 8051
f 7982 7983 8053 8052
f 7983 7984 8054 8053
f 7984 7985 8055 8054
f 7985 7986 8056 8055
f 7986 7987 8057 8056
f 7987 7988 8058 8057
f 7988 7989 8059 8058
f 7989 7990 8060 8059
f 7990 7991 8061 8060
f 7991 7992 8062 8061
f 7992 7993 8063 8062
f 7993 7994 8064 8063
f 7994 7995 8065 8064
f 7995 7996 8066 8065
f 7996 7997 8067 8066
f 7997 7998 8068 8067
f 7998 7999 8069 8068
f 7999 8000 8070 8069
f 8000 8001 8071 8070
f 8001 8002 8072 8071
f 8002 8003 8073 8072
f 8003 8004 8074 8073
f 8004 8005 8075 8074
f 8005 8006 8076 8075
f 8006 8007 8077 8076
f 8007 8008 8078 8077
f 8008 8009 8079 8078
f 8009 8010 8080 8079
f 8010 8011 8081 8080
f 8011 8012 8082 8081
f 8012 8013 8083 8082
f 8013 8014 8084 8083
f 8014 8015 8085 8084
f 8015 8016 8086 8085
f 8016 8017 8087 8086
f 8017 8018 8088 8087
f 8018 8019 8089 8088
f 8019 8020 8090 8089
f 8020 8021 8091 8090
f 8021 8022 8092 8091
f 8022 8023 8093 8092
f 8023 8024 8094 8093
f 8024 8025 8095 8094
f 8025 8026 8096 8095
f 8026 8027 8097 8096
f 8027 8028 8098 8097
f 8028 8029 8099 8098
f 8029 8030 8100 8099
f 8030 8031 8101 8100
f 8031 8032 8102 8101
f 8032 8033 8103 8102
f 8033 8034 8104 8103
f 8034 8035 8105 8104
f 8035 8036 8106 8105
f 8036 8037 8107 8106
f 8037 8038 8108 8107
f 8038 8039 8109 8108
f 8039 8040 8110 8109
f 8040 8041 8111 8110
f 8041 8042 8112 8111
f 8042 8043 8113 8112
f 8043 8044 8114 8113
f 8044 8045 8115 8114
f 8045 8046 8116 8115
f 8046 8047 8117 8116
f 8047 8048 8118 8117
f 8048 8049 8119 8118
f 8049 8050 8120 8119
f 8050 7981 8051 8120
f 8051 8052 8122 8121
f 8052 8053 8123 8122
f 8053 8054 8124 8123
f 8054 8055 8125 8124
f 8055 8056 8126 8125
f 8056 8057 8127 8126
f 8057 8058 8128 8127
f 8058 8059 8129 8128
f 8059 8060 8130 8129
f 8060 8061 8131 8130
f 8061 8062 8132 8131
f 8062 8063 8133 8132
f 8063 8064 8134 8133
f 8064 8065 8135 8134
f 8065 8066 8136 8135
f 8066 8067 8137 8136
f 8067 8068 8138 8137
f 8068 8069 8139 8138
f 8069 8070 8140 8139
f 8070 8071 8141 8140
f 8071 8072 8142 8141
f 8072 8073 8143 8142
f 8073 8074 8144 8143
f 8074 8075 8145 8144
f 8075 8076 8146 8145
f 8076 8077 8147 8146
f 8077 8078 8148 8147
f 8078 8079 8149 8148
f 8079 8080 8150 8149
f 8080 8081 8151 8150
f 8081 8082 8152 8151
f 8082 8083 8153 8152
f 8083 8084 8154 8153
f 8084 8085 8155 8154
f 8085 8086 8156 8155
f 8086 8087 8157 8156
f 8087 8088 8158 8157
f 8088 8089 8159 8158
f 8089 8090 8160 8159
f 8090 8091 8161 8160
f 8091 8092 8162 8161
f 8092 8093 8163 8162
f 8093 8094 8164 8163
f 8094 8095 8165 8164
f 8095 8096 8166 8165
f 8096 8097 8167 8166
f 8097 8098 8168 8167
f 8098 8099 8169 8168
f 8099 8100 8170 8169
f 8100 8101 8171 8170
f 8101 8102 8172 8171
f 8102 8103 8173 8172
f 8103 8104 8174 8173
f 8104 8105 8175 8174
f 8105 8106 8176 8175
f 8106 8107 8177 8176
f 8107 8108 8178 8177
f 8108 8109 8179 8178
f 8109 8110 8180 8179
f 8110 8111 8181 8180
f 8111 8112 8182 8181
f 8112 8113 8183 8182
f 8113 8114 8184 8183
f 8114 8115 8185 8184
f 8115 8116 8186 8185
f 8116 8117 8187 8186
f 8117 8118 8188 8187
f 8118 8119 8189 8188
f 8119 8120 8190 8189
f 8120 8051 8121 8190
f 8121 8122 8192 8191
f 8122 8123 8193 8192
f 8123 8124 8194 8193
f 8124 8125 8195 8194
f 8125 8126 8196 8195
f 8126 8127 8197 8196
f 8127 8128 8198 8197
f 8128 8129 8199 8198
f 8129 8130 8200 8199
f 8130 8131 8201 8200
f 8131 8132 8202 8201
f 8132 8133 8203 8202
f 8133 8134 8204 8203
f 8134 8135 8205 8204
f 8135 8136 8206 8205
f 8136 8137 8207 8206
f 8137 8138 8208 8207
f 8138 8139 8209 8208
f 8139 8140 8210 8209
f 8140 8141 8211 8210
f 8141 8142 8212 8211
f 8142 8143 8213 8212
f 8143 8144 8214 8213
f 8144 8145 8215 8214
f 8145 8146 8216 8215
f 8146 8147 8217 8216
f 8147 8148 8218 8217
f 8148 8149 8219 8218
f 8149 8150 8220 8219
f 8150 8151 8221 8220
f 8151 8152 8222 8221
f 8152 8153 8223 8222
f 8153 8154 8224 8223
f 8154 8155 8225 8224
f 8155 8156 8226 8225
f 8156 8157 8227 8226
f 8157 8158 8228 8227
f 8158 8159 8229 8228
f 8159 8160 8230 8229
f 8160 8161 8231 8230
f 8161 8162 8232 8231
f 8162 8163 8233 8232
f 8163 8164 8234 8233
f 8164 8165 8235 8234
f 8165 8166 8236 8235
f 8166 8167 8237 8236
f 8167 8168 8238 8237
f 8168 8169 8239 8238
f 8169 8170 8240 8239
f 8170 8171 8241 8240
f 8171 8172 8242 8241
f 8172 8173 8243 8242
f 8173 8174 8244 8243
f 8174 8175 8245 8244
f 8175 8176 8246 8245
f 8176 8177 8247 8246
f 8177 8178 8248 8247
f 8178 8179 8249 8248
f 8179 8180 8250 8249
f 8180 8181 8251 8250
f 8181 8182 8252 8251
f 8182 8183 8253 8252
f 8183 8184 8254 8253
f 8184 8185 8255 8254
f 8185 8186 8256 8255
f 8186 8187 8257 8256
f 8187 8188 8258 8257
f 8188 8189 8259 8258
f 8189 8190 8260 8259
f 8190 8121 8191 8260
f 8191 8192 8262 8261
f 8192 8193 8263 8262
f 8193 8194 8264 8263
f 8194 8195 8265 8264
f 8195 8196 8266 8265
f 8196 8197 8267 8266
f 8197 8198 8268 8267
f 8198 8199 8269 8268
f 8199 8200 8270 8269
f 8200 8201 8271 8270
f 8201 8202 8272 8271
f 8202 8203 8273 8272
f 8203 8204 8274 8273
f 8204 8205 8275 8274
f 8205 8206 8276 8275
f 8206 8207 8277 8276
f 8207 8208 8278 8277
f 8208 8209 8279 8278
f 8209 8210 8280 8279
f 8210 8211 8281 8280
f 8211 8212 8282 8281
f 8212 8213 8283 8282
f 8213 8214 8284 8283
f 8214 8215 8285 8284
f 8215 8216 8286 8285
f 8216 8217 8287 8286
f 8217 8218 8288 8287
f 8218 8219 8289 8288
f 8219 8220 8290 8289
f 8220 8221 8291 8290
f 8221 8222 8292 8291
f 8222 8223 8293 8292
f 8223 8224 8294 8293
f 8224 8225 8295 8294
f 8225 8226 8296 8295
f 8226 8227 8297 8296
f 8227 8228 8298 8297
f 8228 8229 8299 8298
f 8229 8230 8300 8299
f 8230 8231 8301 8300
f 8231 8232 8302 8301
f 8232 8233 8303 8302
f 8233 8234 8304 8303
f 8234 8235 8305 8304
f 8235 8236 8306 8305
f 8236 8237 8307 8306
f 8237 8238 8308 8307
f 8238 8239 8309 8308
f 8239 8240 8310 8309
f 8240 8241 8311 8310
f 8241 8242 8312 8311
f 8242 8243 8313 8312
f 8243 8244 8314 8313
f 8244 8245 8315 8314
f 8245 8246 8316 8315
f 8246 8247 8317 8316
f 8247 8248 8318 8317
f 8248 8249 8319 8318
f 8249 8250 8320 8319
f 8250 8251 8321 8320
f 8251 8252 8322 8321
f 8252 8253 8323 8322
f 8253 8254 8324 8323
f 8254 8255 8325 8324
f 8255 8256 8326 8325
f 8256 8257 8327 8326
f 8257 8258 8328 8327
f 8258 8259 8329 8328
f 8259 8260 8330 8329
f 8260 8191 8261 8330
f 8261 8262 8332 8331
f 8262 8263 8333 8332
f 8263 8264 8334 8333
f 8264 8265 8335 8334
f 8265 8266 8336 8335
f 8266 8267 8337 8336
f 8267 8268 8338 8337
f 8268 8269 8339 8338
f 8269 8270 8340 8339
f 8270 8271 8341 8340
f 8271 8272 8342 8341
f 8272 8273 8343 8342
f 8273 8274 8344 8343
f 8274 8275 8345 8344
f 8275 8276 8346 8345
f 8276 8277 8347 8346
f 8277 8278 8348 8347
f 8278 8279 8349 8348
f 8279 8280 8350 8349
f 8280 8281 8351 8350
f 8281 8282 8352 8351
f 8282 8283 8353 8352
f 8283 8284 8354 8353
f 8284 8285 8355 8354
f 8285 8286 8356 8355
f 8286 8287 8357 8356
f 8287 8288 8358 8357
f 8288 8289 8359 8358
f 8289 8290 8360 8359
f 8290 8291 8361 8360
f 8291 8292 8362 8361
f 8292 8293 8363 8362
f 8293 8294 8364 8363
f 8294 8295 8365 8364
f 8295 8296 8366 8365
f 8296 8297 8367 8366
f 8297 8298 8368 8367
f 8298 8299 8369 8368
f 8299 8300 8370 8369
f 8300 8301 8371 8370
f 8301 8302 8372 8371
f 8302 8303 8373 8372
f 8303 8304 8374 8373
f 8304 8305 8375 8374
f 8305 8306 8376 8375
f 8306 8307 8377 8376
f 8307 8308 8378 8377
f 8308 8309 8379 8378
f 8309 8310 8380 8379
f 8310 8311 8381 8380
f 8311 8312 8382 8381
f 8312 8313 8383 8382
f 8313 8314 8384 8383
f 8314 8315 8385 8384
f 8315 8316 8386 8385
f 8316 8317 8387 8386
f 8317 8318 8388 8387
f 8318 8319 8389 8388
f 8319 8320 8390 8389
f 8320 8321 8391 8390
f 8321 8322 8392 8391
f 8322 8323 8393 8392
f 8323 8324 8394 8393
f 8324 8325 8395 8394
f 8325 8326 8396 8395
f 8326 8327 8397 8396
f 8327 8328 8398 8397
f 8328 8329 8399 8398
f 8329 8330 8400 8399
f 8330 8261 8331 8400
f 8331 8332 8402 8401
f 8332 8333 8403 8402
f 8333 8334 8404 8403
f 8334 8335 8405 8404
f 8335 8336 8406 8405
f 8336 8337 8407 8406
f 8337 8338 8408 8407
f 8338 8339 8409 8408
f 8339 8340 8410 8409
f 8340 8341 8411 8410
f 8341 8342 8412 8411
f 8342 8343 8413 8412
f 8343 8344 8414 8413
f 8344 8345 8415 8414
f 8345 8346 8416 8415
f 8346 8347 8417 8416
f 8347 8348 8418 8417
f 8348 8349 8419 8418
f 8349 8350 8420 8419
f 8350 8351 8421 8420
f 8351 8352 8422 8421
f 8352 8353 8423 8422
f 8353 8354 8424 8423
f 8354 8355 8425 8424
f 8355 8356 8426 8425
f 8356 8357 8427 8426
f 8357 8358 8428 8427
f 8358 8359 8429 8428
f 8359 8360 8430 8429
f 8360 8361 8431 8430
f 8361 8362 8432 8431
f 8362 8363 8433 8432
f 8363 8364 8434 8433
f 8364 8365 8435 8434
f 8365 8366 8436 8435
f 8366 8367 8437 8436
f 8367 8368 8438 8437
f 8368 8369 8439 8438
f 8369 8370 8440 8439
f 8370 8371 8441 8440
f 8371 8372 8442 8441
f 8372 8373 8443 8442
f 8373 8374 8444 8443
f 8374 8375 8445 8444
f 8375 8376 8446 8445
f 8376 8377 8447 8446
f 8377 8378 8448 8447
f 8378 8379 8449 8448
f 8379 8380 8450 8449
f 8380 8381 8451 8450
f 8381 8382 8452 8451
f 8382 8383 8453 8452
f 8383 8384 8454 8453
f 8384 8385 8455 8454
f 8385 8386 8456 8455
f 8386 8387 8457 8456
f 8387 8388 8458 8457
f 8388 8389 8459 8458
f 8389 8390 8460 8459
f 8390 8391 8461 8460
f 8391 8392 8462 8461
f 8392 8393 8463 8462
f 8393 8394 8464 8463
f 8394 8395 8465 8464
f 8395 8396 8466 8465
f 8396 8397 8467 8466
f 8397 8398 8468 8467
f 8398 8399 8469 8468
f 8399 8400 8470 8469
f 8400 8331 8401 8470
f 8401 8402 8472 8471
f 8402 8403 8473 8472
f 8403 8404 8474 8473
f 8404 8405 8475 8474
f 8405 8406 8476 8475
f 8406 8407 8477 8476
f 8407 8408 8478 8477
f 8408 8409 8479 8478
f 8409 8410 8480 8479
f 8410 8411 8481 8480
f 8411 8412 8482 8481
f 8412 8413 8483 8482
f 8413 8414 8484 8483
f 8414 8415 8485 8484
f 8415 8416 8486 8485
f 8416 8417 8487 8486
f 8417 8418 8488 8487
f 8418 8419 8489 8488
f 8419 8420 8490 8489
f 8420 8421 8491 8490
f 8421 8422 8492 8491
f 8422 8423 8493 8492
f 8423 8424 8494 8493
f 8424 8425 8495 8494
f 8425 8426 8496 8495
f 8426 8427 8497 8496
f 8427 8428 8498 8497
f 8428 8429 8499 8498
f 8429 8430 8500 8499
f 8430 8431 8501 8500
f 8431 8432 8502 8501
f 8432 8433 8503 8502
f 8433 8434 8504 8503
f 8434 8435 8505 8504
f 8435 8436 8506 8505
f 8436 8437 8507 8506
f 8437 8438 8508 8507
f 8438 8439 8509 8508
f 8439 8440 8510 8509
f 8440 8441 8511 8510
f 8441 8442 8512 8511
f 8442 8443 8513 8512
f 8443 8444 8514 8513
f 8444 8445 8515 8514
f 8445 8446 8516 8515
f 8446 8447 8517 8516
f 8447 8448 8518 8517
f 8448 8449 8519 8518
f 8449 8450 8520 8519
f 8450 8451 8521 8520
f 8451 8452 8522 8521
f 8452 8453 8523 8522
f 8453 8454 8524 8523
f 8454 8455 8525 8524
f 8455 8456 8526 8525
f 8456 8457 8527 8526
f 8457 8458 8528 8527
f 8458 8459 8529 8528
f 8459 8460 8530 8529
f 8460 8461 8531 8530
f 8461 8462 8532 8531
f 8462 8463 8533 8532
f 8463 8464 8534 8533
f 8464 8465 8535 8534
f 8465 8466 8536 8535
f 8466 8467 8537 8536
f 8467 8468 8538 8537
f 8468 8469 8539 8538
f 8469 8470 8540 8539
f 8470 8401 8471 8540
f 8471 8472 8542 8541
f 8472 8473 8543 8542
f 8473 8474 8544 8543
f 8474 8475 8545 8544
f 8475 8476 8546 8545
f 8476 8477 8547 8546
f 8477 8478 8548 8547
f 8478 8479 8549 8548
f 8479 8480 8550 8549
f 8480 8481 8551 8550
f 8481 8482 8552 8551
f 8482 8483 8553 8552
f 8483 8484 8554 8553
f 8484 8485 8555 8554
f 8485 8486 8556 8555
f 8486 8487 8557 8556
f 8487 8488 8558 8557
f 8488 8489 8559 8558
f 8489 8490 8560 8559
f 8490 8491 8561 8560
f 8491 8492 8562 8561
f 8492 8493 8563 8562
f 8493 8494 8564 8563
f 8494 8495 8565 8564
f 8495 8496 8566 8565
f 8496 8497 8567 8566
f 8497 8498 8568 8567
f 8498 8499 8569 8568
f 8499 8500 8570 8569
f 8500 8501 8571 8570
f 8501 8502 8572 8571
f 8502 8503 8573 8572
f 8503 8504 8574 8573
f 8504 8505 8575 8574
f 8505 8506 8576 8575
f 8506 8507 8577 8576
f 8507 8508 8578 8577
f 8508 8509 8579 8578
f 8509 8510 8580 8579
f 8510 8511 8581 8580
f 8511 8512 8582 8581
f 8512 8513 8583 8582
f 8513 8514 8584 8583
f 8514 8515 8585 8584
f 8515 8516 8586 8585
f 8516 8517 8587 8586
f 8517 8518 8588 8587
f 8518 8519 8589 8588
f 8519 8520 8590 8589
f 8520 8521 8591 8590
f 8521 8522 8592 8591
f 8522 8523 8593 8592
f 8523 8524 8594 8593
f 8524 8525 8595 8594
f 8525 8526 8596 8595
f 8526 8527 8597 8596
f 8527 8528 8598 8597
f 8528 8529 8599 8598
f 8529 8530 8600 8599
f 8530 8531 8601 8600
f 8531 8532 8602 8601
f 8532 8533 8603 8602
f 8533 8534 8604 8603
f 8534 8535 8605 8604
f 8535 8536 8606 8605
f 8536 8537 8607 8606
f 8537 8538 8608 8607
f 8538 8539 8609 8608
f 8539 8540 8610 8609
f 8540 8471 8541 8610
f 8541 8542 8612 8611
f 8542 8543 8613 8612
f 8543 8544 8614 8613
f 8544 8545 8615 8614
f 8545 8546 8616 8615
f 8546 8547 8617 8616
f 8547 8548 8618 8617
f 8548 8549 8619 8618
f 8549 8550 8620 8619
f 8550 8551 8621 8620
f 8551 8552 8622 8621
f 8552 8553 8623 8622
f 8553 8554 8624 8623
f 8554 8555 8625 8624
f 8555 8556 8626 8625
f 8556 8557 8627 8626
f 8557 8558 8628 8627
f 8558 8559 8629 8628
f 8559 8560 8630 8629
f 8560 8561 8631 8630
f 8561 8562 8632 8631
f 8562 8563 8633 8632
f 8563 8564 8634 8633
f 8564 8565 8635 8634
f 8565 8566 8636 8635
f 8566 8567 8637 8636
f 8567 8568 8638 8637
f 8568 8569 8639 8638
f 8569 8570 8640 8639
f 8570 8571 8641 8640
f 8571 8572 8642 8641
f 8572 8573 8643 8642
f 8573 8574 8644 8643
f 8574 8575 8645 8644
f 8575 8576 8646 8645
f 8576 8577 8647 8646
f 8577 8578 8648 8647
f 8578 8579 8649 8648
f 8579 8580 8650 8649
f 8580 8581 8651 8650
f 8581 8582 8652 8651
f 8582 8583 8653 8652
f 8583 8584 8654 8653
f 8584 8585 8655 8654
f 8585 8586 8656 8655
f 8586 8587 8657 8656
f 8587 8588 8658 8657
f 8588 8589 8659 8658
f 8589 8590 8660 8659
f 8590 8591 8661 8660
f 8591 8592 8662 8661
f 8592 8593 8663 8662
f 8593 8594 8664 8663
f 8594 8595 8665 8664
f 8595 8596 8666 8665
f 8596 8597 8667 8666
f 8597 8598 8668 8667
f 8598 8599 8669 8668
f 8599 8600 8670 8669
f 8600 8601 8671 8670
f 8601 8602 8672 8671
f 8602 8603 8673 8672
f 8603 8604 8674 8673
f 8604 8605 8675 8674
f 8605 8606 8676 8675
f 8606 8607 8677 8676
f 8607 8608 8678 8677
f 8608 8609 8679 8678
f 8609 8610 8680 8679
f 8610 8541 8611 8680
f 8611 8612 8682 8681
f 8612 8613 8683 8682
f 8613 8614 8684 8683
f 8614 8615 8685 8684
f 8615 8616 8686 8685
f 8616 8617 8687 8686
f 8617 8618 8688 8687
f 8618 8619 8689 8688
f 8619 8620 8690 8689
f 8620 8621 8691 8690
f 8621 8622 8692 8691
f 8622 8623 8693 8692
f 8623 8624 8694 8693
f 8624 8625 8695 8694
f 8625 8626 8696 8695
f 8626 8627 8697 8696
f 8627 8628 8698 8697
f 8628 8629 8699 8698
f 8629 8630 8700 8699
f 8630 8631 8701 8700
f 8631 8632 8702 8701
f 8632 8633 8703 8702
f 8633 8634 8704 8703
f 8634 8635 8705 8704
f 8635 8636 8706 8705
f 8636 8637 8707 8706
f 8637 8638 8708 8707
f 8638 8639 8709 8708
f 8639 8640 8710 8709
f 8640 8641 8711 8710
f 8641 8642 8712 8711
f 8642 8643 8713 8712
f 8643 8644 8714 8713
f 8644 8645 8715 8714
f 8645 8646 8716 8715
f 8646 8647 8717 8716
f 8647 8648 8718 8717
f 8648 8649 8719 8718
f 8649 8650 8720 8719
f 8650 8651 8721 8720
f 8651 8652 8722 8721
f 8652 8653 8723 8722
f 8653 8654 8724 8723
f 8654 8655 8725 8724
f 8655 8656 8726 8725
f 8656 8657 8727 8726
f 8657 8658 8728 8727
f 8658 8659 8729 8728
f 8659 8660 8730 8729
f 8660 8661 8731 8730
f 8661 8662 8732 8731
f 8662 8663 8733 8732
f 8663 8664 8734 8733
f 8664 8665 8735 8734
f 8665 8666 8736 8735
f 8666 8667 8737 8736
f 8667 8668 8738 8737
f 8668 8669 8739 8738
f 8669 8670 8740 8739
f 8670 8671 8741 8740
f 8671 8672 8742 8741
f 8672 8673 8743 8742
f 8673 8674 8744 8743
f 8674 8675 8745 8744
f 8675 8676 8746 8745
f 8676 8677 8747 8746
f 8677 8678 8748 8747
f 8678 8679 8749 8748
f 8679 8680 8750 8749
f 8680 8611 8681 8750
f 8681 8682 8752 8751
f 8682 8683 8753 8752
f 8683 8684 8754 8753
f 8684 8685 8755 8754
f 8685 8686 8756 8755
f 8686 8687 8757 8756
f 8687 8688 8758 8757
f 8688 8689 8759 8758
f 8689 8690 8760 8759
f 8690 8691 8761 8760
f 8691 8692 8762 8761
f 8692 8693 8763 8762
f 8693 8694 8764 8763
f 8694 8695 8765 8764
f 8695 8696 8766 8765
f 8696 8697 8767 8766
f 8697 8698 8768 8767
f 8698 8699 8769 8768
f 8699 8700 8770 8769
f 8700 8701 8771 8770
f 8701 8702 8772 8771
f 8702 8703 8773 8772
f 8703 8704 8774 8773
f 8704 8705 8775 8774
f 8705 8706 8776 8775
f 8706 8707 8777 8776
f 8707 8708 8778 8777
f 8708 8709 8779 8778
f 8709 8710 8780 8779
f 8710 8711 8781 8780
f 8711 8712 8782 8781
f 8712 8713 8783 8782
f 8713 8714 8784 8783
f 8714 8715 8785 8784
f 8715 8716 8786 8785
f 8716 8717 8787 8786
f 8717 8718 8788 8787
f 8718 8719 8789 8788
f 8719 8720 8790 8789
f 8720 8721 8791 8790
f 8721 8722 8792 8791
f 8722 8723 8793 8792
f 8723 8724 8794 8793
f 8724 8725 8795 8794
f 8725 8726 8796 8795
f 8726 8727 8797 8796
f 8727 8728 8798 8797
f 8728 8729 8799 8798
f 8729 8730 8800 8799
f 8730 8731 8801 8800
f 8731 8732 8802 8801
f 8732 8733 8803 8802
f 8733 8734 8804 8803
f 8734 8735 8805 8804
f 8735 8736 8806 8805
f 8736 8737 8807 8806
f 8737 8738 8808 8807
f 8738 8739 8809 8808
f 8739 8740 8810 8809
f 8740 8741 8811 8810
f 8741 8742 8812 8811
f 8742 8743 8813 8812
f 8743 8744 8814 8813
f 8744 8745 8815 8814
f 8745 8746 8816 8815
f 8746 8747 8817 8816
f 8747 8748 8818 8817
f 8748 8749 8819 8818
f 8749 8750 8820 8819
f 8750 8681 8751 8820
f 8751 8752 8822 8821
f 8752 8753 8823 8822
f 8753 8754 8824 8823
f 8754 8755 8825 8824
f 8755 8756 8826 8825
f 8756 8757 8827 8826
f 8757 8758 8828 8827
f 8758 8759 8829 8828
f 8759 8760 8830 8829
f 8760 8761 8831 8830
f 8761 8762 8832 8831
f 8762 8763 8833 8832
f 8763 8764 8834 8833
f 8764 8765 8835 8834
f 8765 8766 8836 8835
f 8766 8767 8837 8836
f 8767 8768 8838 8837
f 8768 8769 8839 8838
f 8769 8770 8840 8839
f 8770 8771 8841 8840
f 8771 8772 8842 8841
f 8772 8773 8843 8842
f 8773 8774 8844 8843
f 8774 8775 8845 8844
f 8775 8776 8846 8845
f 8776 8777 8847 8846
f 8777 8778 8848 8847
f 8778 8779 8849 8848
f 8779 8780 8850 8849
f 8780 8781 8851 8850
f 8781 8782 8852 8851
f 8782 8783 8853 8852
f 8783 8784 8854 8853
f 8784 8785 8855 8854
f 8785 8786 8856 8855
f 8786 8787 8857 8856
f 8787 8788 8858 8857
f 8788 8789 8859 8858
f 8789 8790 8860 8859
f 8790 8791 8861 8860
f 8791 8792 8862 8861
f 8792 8793 8863 8862
f 8793 8794 8864 8863
f 8794 8795 8865 8864
f 8795 8796 8866 8865
f 8796 8797 8867 8866
f 8797 8798 8868 8867
f 8798 8799 8869 8868
f 8799 8800 8870 8869
f 8800 8801 8871 8870
f 8801 8802 8872 8871
f 8802 8803 8873 8872
f 8803 8804 8874 8873
f 8804 8805 8875 8874
f 8805 8806 8876 8875
f 8806 8807 8877 8876
f 8807 8808 8878 8877
f 8808 8809 8879 8878
f 8809 8810 8880 8879
f 8810 8811 8881 8880
f 8811 8812 8882 8881
f 8812 8813 8883 8882
f 8813 8814 8884 8883
f 8814 8815 8885 8884
f 8815 8816 8886 8885
f 8816 8817 8887 8886
f 8817 8818 8888 8887
f 8818 8819 8889 8888
f 8819 8820 8890 8889
f 8820 8751 8821 8890
f 8821 8822 8892 8891
f 8822 8823 8893 8892
f 8823 8824 8894 8893
f 8824 8825 8895 8894
f 8825 8826 8896 8895
f 8826 8827 8897 8896
f 8827 8828 8898 8897
f 8828 8829 8899 8898
f 8829 8830 8900 8899
f 8830 8831 8901 8900
f 8831 8832 8902 8901
f 8832 8833 8903 8902
f 8833 8834 8904 8903
f 8834 8835 8905 8904
f 8835 8836 8906 8905
f 8836 8837 8907 8906
f 8837 8838 8908 8907
f 8838 8839 8909 8908
f 8839 8840 8910 8909
f 8840 8841 8911 8910
f 8841 8842 8912 8911
f 8842 8843 8913 8912
f 8843 8844 8914 8913
f 8844 8845 8915 8914
f 8845 8846 8916 8915
f 8846 8847 8917 8916
f 8847 8848 8918 8917
f 8848 8849 8919 8918
f 8849 8850 8920 8919
f 8850 8851 8921 8920
f 8851 8852 8922 8921
f 8852 8853 8923 8922
f 8853 8854 8924 8923
f 8854 8855 8925 8924
f 8855 8856 8926 8925
f 8856 8857 8927 8926
f 8857 8858 8928 8927
f 8858 8859 8929 8928
f 8859 8860 8930 8929
f 8860 8861 8931 8930
f 8861 8862 8932 8931
f 8862 8863 8933 8932
f 8863 8864 8934 8933
f 8864 8865 8935 8934
f 8865 8866 8936 8935
f 8866 8867 8937 8936
f 8867 8868 8938 8937
f 8868 8869 8939 8938
f 8869 8870 8940 8939
f 8870 8871 8941 8940
f 8871 8872 8942 8941
f 8872 8873 8943 8942
f 8873 8874 8944 8943
f 8874 8875 8945 8944
f 8875 8876 8946 8945
f 8876 8877 8947 8946
f 8877 8878 8948 8947
f 8878 8879 8949 8948
f 8879 8880 8950 8949
f 8880 8881 8951 8950
f 8881 8882 8952 8951
f 8882 8883 8953 8952
f 8883 8884 8954 8953
f 8884 8885 8955 8954
f 8885 8886 8956 8955
f 8886 8887 8957 8956
f 8887 8888 8958 8957
f 8888 8889 8959 8958
f 8889 8890 8960 8959
f 8890 8821 8891 8960
f 8891 8892 8962 8961
f 8892 8893 8963 8962
f 8893 8894 8964 8963
f 8894 8895 8965 8964
f 8895 8896 8966 8965
f 8896 8897 8967 8966
f 8897 8898 8968 8967
f 8898 8899 8969 8968
f 8899 8900 8970 8969
f 8900 8901 8971 8970
f 8901 8902 8972 8971
f 8902 8903 8973 8972
f 8903 8904 8974 8973
f 8904 8905 8975 8974
f 8905 8906 8976 8975
f 8906 8907 8977 8976
f 8907 8908 8978 8977
f 8908 8909 8979 8978
f 8909 8910 8980 8979
f 8910 8911 8981 8980
f 8911 8912 8982 8981
f 8912 8913 8983 8982
f 8913 8914 8984 8983
f 8914 8915 8985 8984
f 8915 8916 8986 8985
f 8916 8917 8987 8986
f 8917 8918 8988 8987
f 8918 8919 8989 8988
f 8919 8920 8990 8989
f 8920 8921 8991 8990
f 8921 8922 8992 8991
f 8922 8923 8993 8992
f 8923 8924 8994 8993
f 8924 8925 8995 8994
f 8925 8926 8996 8995
f 8926 8927 8997 8996
f 8927 8928 8998 8997
f 8928 8929 8999 8998
f 8929 8930 9000 8999
f 8930 8931 9001 9000
f 8931 8932 9002 9001
f 8932 8933 9003 9002
f 8933 8934 9004 9003
f 8934 8935 9005 9004
f 8935 8936 9006 9005
f 8936 8937 9007 9006
f 8937 8938 9008 9007
f 8938 8939 9009 9008
f 8939 8940 9010 9009
f 8940 8941 9011 9010
f 8941 8942 9012 9011
f 8942 8943 9013 9012
f 8943 8944 9014 9013
f 8944 8945 9015 9014
f 8945 8946 9016 9015
f 8946 8947 9017 9016
f 8947 8948 9018 9017
f 8948 8949 9019 9018
f 8949 8950 9020 9019
f 8950 8951 9021 9020
f 8951 8952 9022 9021
f 8952 8953 9023 9022
f 8953 8954 9024 9023
f 8954 8955 9025 9024
f 8955 8956 9026 9025
f 8956 8957 9027 9026
f 8957 8958 9028 9027
f 8958 8959 9029 9028
f 8959 8960 9030 9029
f 8960 8891 8961 9030
f 8961 8962 9032 9031
f 8962 8963 9033 9032
f 8963 8964 9034 9033
f 8964 8965 9035 9034
f 8965 8966 9036 9035
f 8966 8967 9037 9036
f 8967 8968 9038 9037
f 8968 8969 9039 9038
f 8969 8970 9040 9039
f 8970 8971 9041 9040
f 8971 8972 9042 9041
f 8972 8973 9043 9042
f 8973 8974 9044 9043
f 8974 8975 9045 9044
f 8975 8976 9046 9045
f 8976 8977 9047 9046
f 8977 8978 9048 9047
f 8978 8979 9049 9048
f 8979 8980 9050 9049
f 8980 8981 9051 9050
f 8981 8982 9052 9051
f 8982 8983 9053 9052
f 8983 8984 9054 9053
f 8984 8985 9055 9054
f 8985 8986 9056 9055
f 8986 8987 9057 9056
f 8987 8988 9058 9057
f 8988 8989 9059 9058
f 8989 8990 9060 9059
f 8990 8991 9061 9060
f 8991 8992 9062 9061
f 8992 8993 9063 9062
f 8993 8994 9064 9063
f 8994 8995 9065 9064
f 8995 8996 9066 9065
f 8996 8997 9067 9066
f 8997 8998 9068 9067
f 8998 8999 9069 9068
f 8999 9000 9070 9069
f 9000 9001 9071 9070
f 9001 9002 9072 9071
f 9002 9003 9073 9072
f 9003 9004 9074 9073
f 9004 9005 9075 9074
f 9005 9006 9076 9075
f 9006 9007 9077 9076
f 9007 9008 9078 9077
f 9008 9009 9079 9078
f 9009 9010 9080 9079
f 9010 9011 9081 9080
f 9011 9012 9082 9081
f 9012 9013 9083 9082
f 9013 9014 9084 9083
f 9014 9015 9085 9084
f 9015 9016 9086 9085
f 9016 9017 9087 9086
f 9017 9018 9088 9087
f 9018 9019 9089 9088
f 9019 9020 9090 9089
f 9020 9021 9091 9090
f 9021 9022 9092 9091
f 9022 9023 9093 9092
f 9023 9024 9094 9093
f 9024 9025 9095 9094
f 9025 9026 9096 9095
f 9026 9027 9097 9096
f 9027 9028 9098 9097
f 9028 9029 9099 9098
f 9029 9030 9100 9099
f 9030 8961 9031 9100
f 9031 9032 9102 9101
f 9032 9033 9103 9102
f 9033 9034 9104 9103
f 9034 9035 9105 9104
f 9035 9036 9106 9105
f 9036 9037 9107 9106
f 9037 9038 9108 9107
f 9038 9039 9109 9108
f 9039 9040 9110 9109
f 9040 9041 9111 9110
f 9041 9042 9112 9111
f 9042 9043 9113 9112
f 9043 9044 9114 9113
f 9044 9045 9115 9114
f 9045 9046 9116 9115
f 9046 9047 9117 9116
f 9047 9048 9118 9117
f 9048 9049 9119 9118
f 9049 9050 9120 9119
f 9050 9051 9121 9120
f 9051 9052 9122 9121
f 9052 9053 9123 9122
f 9053 9054 9124 9123
f 9054 9055 9125 9124
f 9055 9056 9126 9125
f 9056 9057 9127 9126
f 9057 9058 9128 9127
f 9058 9059 9129 9128
f 9059 9060 9130 9129
f 9060 9061 9131 9130
f 9061 9062 9132 9131
f 9062 9063 9133 9132
f 9063 9064 9134 9133
f 9064 9065 9135 9134
f 9065 9066 9136 9135
f 9066 9067 9137 9136
f 9067 9068 9138 9137
f 9068 9069 9139 9138
f 9069 9070 9140 9139
f 9070 9071 9141 9140
f 9071 9072 9142 9141
f 9072 9073 9143 9142
f 9073 9074 9144 9143
f 9074 9075 9145 9144
f 9075 9076 9146 9145
f 9076 9077 9147 9146
f 9077 9078 9148 9147
f 9078 9079 9149 9148
f 9079 9080 9150 9149
f 9080 9081 9151 9150
f 9081 9082 9152 9151
f 9082 9083 9153 9152
f 9083 9084 9154 9153
f 9084 9085 9155 9154
f 9085 9086 9156 9155
f 9086 9087 9157 9156
f 9087 9088 9158 9157
f 9088 9089 9159 9158
f 9089 9090 9160 9159
f 9090 9091 9161 9160
f 9091 9092 9162 9161
f 9092 9093 9163 9162
f 9093 9094 9164 9163
f 9094 9095 9165 9164
f 9095 9096 9166 9165
f 9096 9097 9167 9166
f 9097 9098 9168 9167
f 9098 9099 9169 9168
f 9099 9100 9170 9169
f 9100 9031 9101 9170
f 9101 9102 9172 9171
f 9102 9103 9173 9172
f 9103 9104 9174 9173
f 9104 9105 9175 9174
f 9105 9106 9176 9175
f 9106 9107 9177 9176
f 9107 9108 9178 9177
f 9108 9109 9179 9178
f 9109 9110 9180 9179
f 9110 9111 9181 9180
f 9111 9112 9182 9181
f 9112 9113 9183 9182
f 9113 9114 9184 9183
f 9114 9115 9185 9184
f 9115 9116 9186 9185
f 9116 9117 9187 9186
f 9117 9118 9188 9187
f 9118 9119 9189 9188
f 9119 9120 9190 9189
f 9120 9121 9191 9190
f 9121 9122 9192 9191
f 9122 9123 9193 9192
f 9123 9124 9194 9193
f 9124 9125 9195 9194
f 9125 9126 9196 9195
f 9126 9127 9197 9196
f 9127 9128 9198 9197
f 9128 9129 9199 9198
f 9129 9130 9200 9199
f 9130 9131 9201 9200
f 9131 9132 9202 9201
f 9132 9133 9203 9202
f 9133 9134 9204 9203
f 9134 9135 9205 9204
f 9135 9136 9206 9205
f 9136 9137 9207 9206
f 9137 9138 9208 9207
f 9138 9139 9209 9208
f 9139 9140 9210 9209
f 9140 9141 9211 9210
f 9141 9142 9212 9211
f 9142 9143 9213 9212
f 9143 9144 9214 9213
f 9144 9145 9215 9214
f 9145 9146 9216 9215
f 9146 9147 9217 9216
f 9147 9148 9218 9217
f 9148 9149 9219 9218
f 9149 9150 9220 9219
f 9150 9151 9221 9220
f 9151 9152 9222 9221
f 9152 9153 9223 9222
f 9153 9154 9224 9223
f 9154 9155 9225 9224
f 9155 9156 9226 9225
f 9156 9157 9227 9226
f 9157 9158 9228 9227
f 9158 9159 9229 9228
f 9159 9160 9230 9229
f 9160 9161 9231 9230
f 9161 9162 9232 9231
f 9162 9163 9233 9232
f 9163 9164 9234 9233
f 9164 9165 9235 9234
f 9165 9166 9236 9235
f 9166 9167 9237 9236
f 9167 9168 9238 9237
f 9168 9169 9239 9238
f 9169 9170 9240 9239
f 9170 9101 9171 9240
f 9171 9172 9242 9241
f 9172 9173 9243 9242
f 9173 9174 9244 9243
f 9174 9175 9245 9244
f 9175 9176 9246 9245
f 9176 9177 9247 9246
f 9177 9178 9248 9247
f 9178 9179 9249 9248
f 9179 9180 9250 9249
f 9180 9181 9251 9250
f 9181 9182 9252 9251
f 9182 9183 9253 9252
f 9183 9184 9254 9253
f 9184 9185 9255 9254
f 9185 9186 9256 9255
f 9186 9187 9257 9256
f 9187 9188 9258 9257
f 9188 9189 9259 9258
f 9189 9190 9260 9259
f 9190 9191 9261 9260
f 9191 9192 9262 9261
f 9192 9193 9263 9262
f 9193 9194 9264 9263
f 9194 9195 9265 9264
f 9195 9196 9266 9265
f 9196 9197 9267 9266
f 9197 9198 9268 9267
f 9198 9199 9269 9268
f 9199 9200 9270 9269
f 9200 9201 9271 9270
f 9201 9202 9272 9271
f 9202 9203 9273 9272
f 9203 9204 9274 9273
f 9204 9205 9275 9274
f 9205 9206 9276 9275
f 9206 9207 9277 9276
f 9207 9208 9278 9277
f 9208 9209 9279 9278
f 9209 9210 9280 9279
f 9210 9211 9281 9280
f 9211 9212 9282 9281
f 9212 9213 9283 9282
f 9213 9214 9284 9283
f 9214 9215 9285 9284
f 9215 9216 9286 9285
f 9216 9217 9287 9286
f 9217 9218 9288 9287
f 9218 9219 9289 9288
f 9219 9220 9290 9289
f 9220 9221 9291 9290
f 9221 9222 9292 9291
f 9222 9223 9293 9292
f 9223 9224 9294 9293
f 9224 9225 9295 9294
f 9225 9226 9296 9295
f 9226 9227 9297 9296
f 9227 9228 9298 9297
f 9228 9229 9299 9298
f 9229 9230 9300 9299
f 9230 9231 9301 9300
f 9231 9232 9302 9301
f 9232 9233 9303 9302
f 9233 9234 9304 9303
f 9234 9235 9305 9304
f 9235 9236 9306 9305
f 9236 9237 9307 9306
f 9237 9238 9308 9307
f 9238 9239 9309 9308
f 9239 9240 9310 9309
f 9240 9171 9241 9310
f 9241 9242 9312 9311
f 9242 9243 9313 9312
f 9243 9244 9314 9313
f 9244 9245 9315 9314
f 9245 9246 9316 9315
f 9246 9247 9317 9316
f 9247 9248 9318 9317
f 9248 9249 9319 9318
f 9249 9250 9320 9319
f 9250 9251 9321 9320
f 9251 9252 9322 9321
f 9252 9253 9323 9322
f 9253 9254 9324 9323
f 9254 9255 9325 9324
f 9255 9256 9326 9325
f 9256 9257 9327 9326
f 9257 9258 9328 9327
f 9258 9259 9329 9328
f 9259 9260 9330 9329
f 9260 9261 9331 9330
f 9261 9262 9332 9331
f 9262 9263 9333 9332
f 9263 9264 9334 9333
f 9264 9265 9335 9334
f 9265 9266 9336 9335
f 9266 9267 9337 9336
f 9267 9268 9338 9337
f 9268 9269 9339 9338
f 9269 9270 9340 9339
f 9270 9271 9341 9340
f 9271 9272 9342 9341
f 9272 9273 9343 9342
f 9273 9274 9344 9343
f 9274 9275 9345 9344
f 9275 9276 9346 9345
f 9276 9277 9347 9346
f 9277 9278 9348 9347
f 9278 9279 9349 9348
f 9279 9280 9350 9349
f 9280 9281 9351 9350
f 9281 9282 9352 9351
f 9282 9283 9353 9352
f 9283 9284 9354 9353
f 9284 9285 9355 9354
f 9285 9286 9356 9355
f 9286 9287 9357 9356
f 9287 9288 9358 9357
f 9288 9289 9359 9358
f 9289 9290 9360 9359
f 9290 9291 9361 9360
f 9291 9292 9362 9361
f 9292 9293 9363 9362
f 9293 9294 9364 9363
f 9294 9295 9365 9364
f 9295 9296 9366 9365
f 9296 9297 9367 9366
f 9297 9298 9368 9367
f 9298 9299 9369 9368
f 9299 9300 9370 9369
f 9300 9301 9371 9370
f 9301 9302 9372 9371
f 9302 9303 9373 9372
f 9303 9304 9374 9373
f 9304 9305 9375 9374
f 9305 9306 9376 9375
f 9306 9307 9377 9376
f 9307 9308 9378 9377
f 9308 9309 9379 9378
f 9309 9310 9380 9379
f 9310 9241 9311 9380
f 9311 9312 9382 9381
f 9312 9313 9383 9382
f 9313 9314 9384 9383
f 9314 9315 9385 9384
f 9315 9316 9386 9385
f 9316 9317 9387 9386
f 9317 9318 9388 9387
f 9318 9319 9389 9388
f 9319 9320 9390 9389
f 9320 9321 9391 9390
f 9321 9322 9392 9391
f 9322 9323 9393 9392
f 9323 9324 9394 9393
f 9324 9325 9395 9394
f 9325 9326 9396 9395
f 9326 9327 9397 9396
f 9327 9328 9398 9397
f 9328 9329 9399 9398
f 9329 9330 9400 9399
f 9330 9331 9401 9400
f 9331 9332 9402 9401
f 9332 9333 9403 9402
f 9333 9334 9404 9403
f 9334 9335 9405 9404
f 9335 9336 9406 9405
f 9336 9337 9407 9406
f 9337 9338 9408 9407
f 9338 9339 9409 9408
f 9339 9340 9410 9409
f 9340 9341 9411 9410
f 9341 9342 9412 9411
f 9342 9343 9413 9412
f 9343 9344 9414 9413
f 9344 9345 9415 9414
f 9345 9346 9416 9415
f 9346 9347 9417 9416
f 9347 9348 9418 9417
f 9348 9349 9419 9418
f 9349 9350 9420 9419
f 9350 9351 9421 9420
f 9351 9352 9422 9421
f 9352 9353 9423 9422
f 9353 9354 9424 9423
f 9354 9355 9425 9424
f 9355 9356 9426 9425
f 9356 9357 9427 9426
f 9357 9358 9428 9427
f 9358 9359 9429 9428
f 9359 9360 9430 9429
f 9360 9361 9431 9430
f 9361 9362 9432 9431
f 9362 9363 9433 9432
f 9363 9364 9434 9433
f 9364 9365 9435 9434
f 9365 9366 9436 9435
f 9366 9367 9437 9436
f 9367 9368 9438 9437
f 9368 9369 9439 9438
f 9369 9370 9440 9439
f 9370 9371 9441 9440
f 9371 9372 9442 9441
f 9372 9373 9443 9442
f 9373 9374 9444 9443
f 9374 9375 9445 9444
f 9375 9376 9446 9445
f 9376 9377 9447 9446
f 9377 9378 9448 9447
f 9378 9379 9449 9448
f 9379 9380 9450 9449
f 9380 9311 9381 9450
f 9381 9382 9452 9451
f 9382 9383 9453 9452
f 9383 9384 9454 9453
f 9384 9385 9455 9454
f 9385 9386 9456 9455
f 9386 9387 9457 9456
f 9387 9388 9458 9457
f 9388 9389 9459 9458
f 9389 9390 9460 9459
f 9390 9391 9461 9460
f 9391 9392 9462 9461
f 9392 9393 9463 9462
f 9393 9394 9464 9463
f 9394 9395 9465 9464
f 9395 9396 9466 9465
f 9396 9397 9467 9466
f 9397 9398 9468 9467
f 9398 9399 9469 9468
f 9399 9400 9470 9469
f 9400 9401 9471 9470
f 9401 9402 9472 9471
f 9402 9403 9473 9472
f 9403 9404 9474 9473
f 9404 9405 9475 9474
f 9405 9406 9476 9475
f 9406 9407 9477 9476
f 9407 9408 9478 9477
f 9408 9409 9479 9478
f 9409 9410 9480 9479
f 9410 9411 9481 9480
f 9411 9412 9482 9481
f 9412 9413 9483 9482
f 9413 9414 9484 9483
f 9414 9415 9485 9484
f 9415 9416 9486 9485
f 9416 9417 9487 9486
f 9417 9418 9488 9487
f 9418 9419 9489 9488
f 9419 9420 9490 9489
f 9420 9421 9491 9490
f 9421 9422 9492 9491
f 9422 9423 9493 9492
f 9423 9424 9494 9493
f 9424 9425 9495 9494
f 9425 9426 9496 9495
f 9426 9427 9497 9496
f 9427 9428 9498 9497
f 9428 9429 9499 9498
f 9429 9430 9500 9499
f 9430 9431 9501 9500
f 9431 9432 9502 9501
f 9432 9433 9503 9502
f 9433 9434 9504 9503
f 9434 9435 9505 9504
f 9435 9436 9506 9505
f 9436 9437 9507 9506
f 9437 9438 9508 9507
f 9438 9439 9509 9508
f 9439 9440 9510 9509
f 9440 9441 9511 9510
f 9441 9442 9512 9511
f 9442 9443 9513 9512
f 9443 9444 9514 9513
f 9444 9445 9515 9514
f 9445 9446 9516 9515
f 9446 9447 9517 9516
f 9447 9448 9518 9517
f 9448 9449 9519 9518
f 9449 9450 9520 9519
f 9450 9381 9451 9520
f 9451 9452 9522 9521
f 9452 9453 9523 9522
f 9453 9454 9524 9523
f 9454 9455 9525 9524
f 9455 9456 9526 9525
f 9456 9457 9527 9526
f 9457 9458 9528 9527
f 9458 9459 9529 9528
f 9459 9460 9530 9529
f 9460 9461 9531 9530
f 9461 9462 9532 9531
f 9462 9463 9533 9532
f 9463 9464 9534 9533
f 9464 9465 9535 9534
f 9465 9466 9536 9535
f 9466 9467 9537 9536
f 9467 9468 9538 9537
f 9468 9469 9539 9538
f 9469 9470 9540 9539
f 9470 9471 9541 9540
f 9471 9472 9542 9541
f 9472 9473 9543 9542
f 9473 9474 9544 9543
f 9474 9475 9545 9544
f 9475 9476 9546 9545
f 9476 9477 9547 9546
f 9477 9478 9548 9547
f 9478 9479 9549 9548
f 9479 9480 9550 9549
f 9480 9481 9551 9550
f 9481 9482 9552 9551
f 9482 9483 9553 9552
f 9483 9484 9554 9553
f 9484 9485 9555 9554
f 9485 9486 9556 9555
f 9486 9487 9557 9556
f 9487 9488 9558 9557
f 9488 9489 9559 9558
f 9489 9490 9560 9559
f 9490 9491 9561 9560
f 9491 9492 9562 9561
f 9492 9493 9563 9562
f 9493 9494 9564 9563
f 9494 9495 9565 9564
f 9495 9496 9566 9565
f 9496 9497 9567 9566
f 9497 9498 9568 9567
f 9498 9499 9569 9568
f 9499 9500 9570 9569
f 9500 9501 9571 9570
f 9501 9502 9572 9571
f 9502 9503 9573 9572
f 9503 9504 9574 9573
f 9504 9505 9575 9574
f 9505 9506 9576 9575
f 9506 9507 9577 9576
f 9507 9508 9578 9577
f 9508 9509 9579 9578
f 9509 9510 9580 9579
f 9510 9511 9581 9580
f 9511 9512 9582 9581
f 9512 9513 9583 9582
f 9513 9514 9584 9583
f 9514 9515 9585 9584
f 9515 9516 9586 9585
f 9516 9517 9587 9586
f 9517 9518 9588 9587
f 9518 9519 9589 9588
f 9519 9520 9590 9589
f 9520 9451 9521 9590
f 9521 9522 9592 9591
f 9522 9523 9593 9592
f 9523 9524 9594 9593
f 9524 9525 9595 9594
f 9525 9526 9596 9595
f 9526 9527 9597 9596
f 9527 9528 9598 9597
f 9528 9529 9599 9598
f 9529 9530 9600 9599
f 9530 9531 9601 9600
f 9531 9532 9602 9601
f 9532 9533 9603 9602
f 9533 9534 9604 9603
f 9534 9535 9605 9604
f 9535 9536 9606 9605
f 9536 9537 9607 9606
f 9537 9538 9608 9607
f 9538 9539 9609 9608
f 9539 9540 9610 9609
f 9540 9541 9611 9610
f 9541 9542 9612 9611
f 9542 9543 9613 9612
f 9543 9544 9614 9613
f 9544 9545 9615 9614
f 9545 9546 9616 9615
f 9546 9547 9617 9616
f 9547 9548 9618 9617
f 9548 9549 9619 9618
f 9549 9550 9620 9619
f 9550 9551 9621 9620
f 9551 9552 9622 9621
f 9552 9553 9623 9622
f 9553 9554 9624 9623
f 9554 9555 9625 9624
f 9555 9556 9626 9625
f 9556 9557 9627 9626
f 9557 9558 9628 9627
f 9558 9559 9629 9628
f 9559 9560 9630 9629
f 9560 9561 9631 9630
f 9561 9562 9632 9631
f 9562 9563 9633 9632
f 9563 9564 9634 9633
f 9564 9565 9635 9634
f 9565 9566 9636 9635
f 9566 9567 9637 9636
f 9567 9568 9638 9637
f 9568 9569 9639 9638
f 9569 9570 9640 9639
f 9570 9571 9641 9640
f 9571 9572 9642 9641
f 9572 9573 9643 9642
f 9573 9574 9644 9643
f 9574 9575 9645 9644
f 9575 9576 9646 9645
f 9576 9577 9647 9646
f 9577 9578 9648 9647
f 9578 9579 9649 9648
f 9579 9580 9650 9649
f 9580 9581 9651 9650
f 9581 9582 9652 9651
f 9582 9583 9653 9652
f 9583 9584 9654 9653
f 9584 9585 9655 9654
f 9585 9586 9656 9655
f 9586 9587 9657 9656
f 9587 9588 9658 9657
f 9588 9589 9659 9658
f 9589 9590 9660 9659
f 9590 9521 9591 9660
f 9591 9592 9662 9661
f 9592 9593 9663 9662
f 9593 9594 9664 9663
f 9594 9595 9665 9664
f 9595 9596 9666 9665
f 9596 9597 9667 9666
f 9597 9598 9668 9667
f 9598 9599 9669 9668
f 9599 9600 9670 9669
f 9600 9601 9671 9670
f 9601 9602 9672 9671
f 9602 9603 9673 9672
f 9603 9604 9674 9673
f 9604 9605 9675 9674
f 9605 9606 9676 9675
f 9606 9607 9677 9676
f 9607 9608 9678 9677
f 9608 9609 9679 9678
f 9609 9610 9680 9679
f 9610 9611 9681 9680
f 9611 9612 9682 9681
f 9612 9613 9683 9682
f 9613 9614 9684 9683
f 9614 9615 9685 9684
f 9615 9616 9686 9685
f 9616 9617 9687 9686
f 9617 9618 9688 9687
f 9618 9619 9689 9688
f 9619 9620 9690 9689
f 9620 9621 9691 9690
f 9621 9622 9692 9691
f 9622 9623 9693 9692
f 9623 9624 9694 9693
f 9624 9625 9695 9694
f 9625 9626 9696 9695
f 9626 9627 9697 9696
f 9627 9628 9698 9697
f 9628 9629 9699 9698
f 9629 9630 9700 9699
f 9630 9631 9701 9700
f 9631 9632 9702 9701
f 9632 9633 9703 9702
f 9633 9634 9704 9703
f 9634 9635 9705 9704
f 9635 9636 9706 9705
f 9636 9637 9707 9706
f 9637 9638 9708 9707
f 9638 9639 9709 9708
f 9639 9640 9710 9709
f 9640 9641 9711 9710
f 9641 9642 9712 9711
f 9642 9643 9713 9712
f 9643 9644 9714 9713
f 9644 9645 9715 9714
f 9645 9646 9716 9715
f 9646 9647 9717 9716
f 9647 9648 9718 9717
f 9648 9649 9719 9718
f 9649 9650 9720 9719
f 9650 9651 9721 9720
f 9651 9652 9722 9721
f 9652 9653 9723 9722
f 9653 9654 9724 9723
f 9654 9655 9725 9724
f 9655 9656 9726 9725
f 9656 9657 9727 9726
f 9657 9658 9728 9727
f 9658 9659 9729 9728
f 9659 9660 9730 9729
f 9660 9591 9661 9730
f 9661 9662 9732 9731
f 9662 9663 9733 9732
f 9663 9664 9734 9733
f 9664 9665 9735 9734
f 9665 9666 9736 9735
f 9666 9667 9737 9736
f 9667 9668 9738 9737
f 9668 9669 9739 9738
f 9669 9670 9740 9739
f 9670 9671 9741 9740
f 9671 9672 9742 9741
f 9672 9673 9743 9742
f 9673 9674 9744 9743
f 9674 9675 9745 9744
f 9675 9676 9746 9745
f 9676 9677 9747 9746
f 9677 9678 9748 9747
f 9678 9679 9749 9748
f 9679 9680 9750 9749
f 9680 9681 9751 9750
f 9681 9682 9752 9751
f 9682 9683 9753 9752
f 9683 9684 9754 9753
f 9684 9685 9755 9754
f 9685 9686 9756 9755
f 9686 9687 9757 9756
f 9687 9688 9758 9757
f 9688 9689 9759 9758
f 9689 9690 9760 9759
f 9690 9691 9761 9760
f 9691 9692 9762 9761
f 9692 9693 9763 9762
f 9693 9694 9764 9763
f 9694 9695 9765 9764
f 9695 9696 9766 9765
f 9696 9697 9767 9766
f 9697 9698 9768 9767
f 9698 9699 9769 9768
f 9699 9700 9770 9769
f 9700 9701 9771 9770
f 9701 9702 9772 9771
f 9702 9703 9773 9772
f 9703 9704 9774 9773
f 9704 9705 9775 9774
f 9705 9706 9776 9775
f 9706 9707 9777 9776
f 9707 9708 9778 9777
f 9708 9709 9779 9778
f 9709 9710 9780 9779
f 9710 9711 9781 9780
f 9711 9712 9782 9781
f 9712 9713 9783 9782
f 9713 9714 9784 9783
f 9714 9715 9785 9784
f 9715 9716 9786 9785
f 9716 9717 9787 9786
f 9717 9718 9788 9787
f 9718 9719 9789 9788
f 9719 9720 9790 9789
f 9720 9721 9791 9790
f 9721 9722 9792 9791
f 9722 9723 9793 9792
f 9723 9724 9794 9793
f 9724 9725 9795 9794
f 9725 9726 9796 9795
f 9726 9727 9797 9796
f 9727 9728 9798 9797
f 9728 9729 9799 9798
f 9729 9730 9800 9799
f 9730 9661 9731 9800
f 9731 9732 9802 9801
f 9732 9733 9803 9802
f 9733 9734 9804 9803
f 9734 9735 9805 9804
f 9735 9736 9806 9805
f 9736 9737 9807 9806
f 9737 9738 9808 9807
f 9738 9739 9809 9808
f 9739 9740 9810 9809
f 9740 9741 9811 9810
f 9741 9742 9812 9811
f 9742 9743 9813 9812
f 9743 9744 9814 9813
f 9744 9745 9815 9814
f 9745 9746 9816 9815
f 9746 9747 9817 9816
f 9747 9748 9818 9817
f 9748 9749 9819 9818
f 9749 9750 9820 9819
f 9750 9751 9821 9820
f 9751 9752 9822 9821
f 9752 9753 9823 9822
f 9753 9754 9824 9823
f 9754 9755 9825 9824
f 9755 9756 9826 9825
f 9756 9757 9827 9826
f 9757 9758 9828 9827
f 9758 9759 9829 9828
f 9759 9760 9830 9829
f 9760 9761 9831 9830
f 9761 9762 9832 9831
f 9762 9763 9833 9832
f 9763 9764 9834 9833
f 9764 9765 9835 9834
f 9765 9766 9836 9835
f 9766 9767 9837 9836
f 9767 9768 9838 9837
f 9768 9769 9839 9838
f 9769 9770 9840 9839
f 9770 9771 9841 9840
f 9771 9772 9842 9841
f 9772 9773 9843 9842
f 9773 9774 9844 9843
f 9774 9775 9845 9844
f 9775 9776 9846 9845
f 9776 9777 9847 9846
f 9777 9778 9848 9847
f 9778 9779 9849 9848
f 9779 9780 9850 9849
f 9780 9781 9851 9850
f 9781 9782 9852 9851
f 9782 9783 9853 9852
f 9783 9784 9854 9853
f 9784 9785 9855 9854
f 9785 9786 9856 9855
f 9786 9787 9857 9856
f 9787 9788 9858 9857
f 9788 9789 9859 9858
f 9789 9790 9860 9859
f 9790 9791 9861 9860
f 9791 9792 9862 9861
f 9792 9793 9863 9862
f 9793 9794 9864 9863
f 9794 9795 9865 9864
f 9795 9796 9866 9865
f 9796 9797 9867 9866
f 9797 9798 9868 9867
f 9798 9799 9869 9868
f 9799 9800 9870 9869
f 9800 9731 9801 9870
f 9801 9802 9872 9871
f 9802 9803 9873 9872
f 9803 9804 9874 9873
f 9804 9805 9875 9874
f 9805 9806 9876 9875
f 9806 9807 9877 9876
f 9807 9808 9878 9877
f 9808 9809 9879 9878
f 9809 9810 9880 9879
f 9810 9811 9881 9880
f 9811 9812 9882 9881
f 9812 9813 9883 9882
f 9813 9814 9884 9883
f 9814 9815 9885 9884
f 9815 9816 9886 9885
f 9816 9817 9887 9886
f 9817 9818 9888 9887
f 9818 9819 9889 9888
f 9819 9820 9890 9889
f 9820 9821 9891 9890
f 9821 9822 9892 9891
f 9822 9823 9893 9892
f 9823 9824 9894 9893
f 9824 9825 9895 9894
f 9825 9826 9896 9895
f 9826 9827 9897 9896
f 9827 9828 9898 9897
f 9828 9829 9899 9898
f 9829 9830 9900 9899
f 9830 9831 9901 9900
f 9831 9832 9902 9901
f 9832 9833 9903 9902
f 9833 9834 9904 9903
f 9834 9835 9905 9904
f 9835 9836 9906 9905
f 9836 9837 9907 9906
f 9837 9838 9908 9907
f 9838 9839 9909 9908
f 9839 9840 9910 9909
f 9840 9841 9911 9910
f 9841 9842 9912 9911
f 9842 9843 9913 9912
f 9843 9844 9914 9913
f 9844 9845 9915 9914
f 9845 9846 9916 9915
f 9846 9847 9917 9916
f 9847 9848 9918 9917
f 9848 9849 9919 9918
f 9849 9850 9920 9919
f 9850 9851 9921 9920
f 9851 9852 9922 9921
f 9852 9853 9923 9922
f 9853 9854 9924 9923
f 9854 9855 9925 9924
f 9855 9856 9926 9925
f 9856 9857 9927 9926
f 9857 9858 9928 9927
f 9858 9859 9929 9928
f 9859 9860 9930 9929
f 9860 9861 9931 9930
f 9861 9862 9932 9931
f 9862 9863 9933 9932
f 9863 9864 9934 9933
f 9864 9865 9935 9934
f 9865 9866 9936 9935
f 9866 9867 9937 9936
f 9867 9868 9938 9937
f 9868 9869 9939 9938
f 9869 9870 9940 9939
f 9870 9801 9871 9940
f 9871 9872 9942 9941
f 9872 9873 9943 9942
f 9873 9874 9944 9943
f 9874 9875 9945 9944
f 9875 9876 9946 9945
f 9876 9877 9947 9946
f 9877 9878 9948 9947
f 9878 9879 9949 9948
f 9879 9880 9950 9949
f 9880 9881 9951 9950
f 9881 9882 9952 9951
f 9882 9883 9953 9952
f 9883 9884 9954 9953
f 9884 9885 9955 9954
f 9885 9886 9956 9955
f 9886 9887 9957 9956
f 9887 9888 9958 9957
f 9888 9889 9959 9958
f 9889 9890 9960 9959
f 9890 9891 9961 9960
f 9891 9892 9962 9961
f 9892 9893 9963 9962
f 9893 9894 9964 9963
f 9894 9895 9965 9964
f 9895 9896 9966 9965
f 9896 9897 9967 9966
f 9897 9898 9968 9967
f 9898 9899 9969 9968
f 9899 9900 9970 9969
f 9900 9901 9971 9970
f 9901 9902 9972 9971
f 9902 9903 9973 9972
f 9903 9904 9974 9973
f 9904 9905 9975 9974
f 9905 9906 9976 9975
f 9906 9907 9977 9976
f 9907 9908 9978 9977
f 9908 9909 9979 9978
f 9909 9910 9980 9979
f 9910 9911 9981 9980
f 9911 9912 9982 9981
f 9912 9913 9983 9982
f 9913 9914 9984 9983
f 9914 9915 9985 9984
f 9915 9916 9986 9985
f 9916 9917 9987 9986
f 9917 9918 9988 9987
f 9918 9919 9989 9988
f 9919 9920 9990 9989
f 9920 9921 9991 9990
f 9921 9922 9992 9991
f 9922 9923 9993 9992
f 9923 9924 9994 9993
f 9924 9925 9995 9994
f 9925 9926 9996 9995
f 9926 9927 9997 9996
f 9927 9928 9998 9997
f 9928 9929 9999 9998
f 9929 9930 10000 9999
f 9930 9931 10001 10000
f 9931 9932 10002 10001
f 9932 9933 10003 10002
f 9933 9934 10004 10003
f 9934 9935 10005 10004
f 9935 9936 10006 10005
f 9936 9937 10007 10006
f 9937 9938 10008 10007
f 9938 9939 10009 10008
f 9939 9940 10010 10009
f 9940 9871 9941 10010
f 9941 9942 10012 10011
f 9942 9943 10013 10012
f 9943 9944 10014 10013
f 9944 9945 10015 10014
f 9945 9946 10016 10015
f 9946 9947 10017 10016
f 9947 9948 10018 10017
f 9948 9949 10019 10018
f 9949 9950 10020 10019
f 9950 9951 10021 10020
f 9951 9952 10022 10021
f 9952 9953 10023 10022
f 9953 9954 10024 10023
f 9954 9955 10025 10024
f 9955 9956 10026 10025
f 9956 9957 10027 10026
f 9957 9958 10028 10027
f 9958 9959 10029 10028
f 9959 9960 10030 10029
f 9960 9961 10031 10030
f 9961 9962 10032 10031
f 9962 9963 10033 10032
f 9963 9964 10034 10033
f 9964 9965 10035 10034
f 9965 9966 10036 10035
f 9966 9967 10037 10036
f 9967 9968 10038 10037
f 9968 9969 10039 10038
f 9969 9970 10040 10039
f 9970 9971 10041 10040
f 9971 9972 10042 10041
f 9972 9973 10043 10042
f 9973 9974 10044 10043
f 9974 9975 10045 10044
f 9975 9976 10046 10045
f 9976 9977 10047 10046
f 9977 9978 10048 10047
f 9978 9979 10049 10048
f 9979 9980 10050 10049
f 9980 9981 10051 10050
f 9981 9982 10052 10051
f 9982 9983 10053 10052
f 9983 9984 10054 10053
f 9984 9985 10055 10054
f 9985 9986 10056 10055
f 9986 9987 10057 10056
f 9987 9988 10058 10057
f 9988 9989 10059 10058
f 9989 9990 10060 10059
f 9990 9991 10061 10060
f 9991 9992 10062 10061
f 9992 9993 10063 10062
f 9993 9994 10064 10063
f 9994 9995 10065 10064
f 9995 9996 10066 10065
f 9996 9997 10067 10066
f 9997 9998 10068 10067
f 9998 9999 10069 10068
f 9999 10000 10070 10069
f 10000 10001 10071 10070
f 10001 10002 10072 10071
f 10002 10003 10073 10072
f 10003 10004 10074 10073
f 10004 10005 10075 10074
f 10005 10006 10076 10075
f 10006 10007 10077 10076
f 10007 10008 10078 10077
f 10008 10009 10079 10078
f 10009 10010 10080 10079
f 10010 9941 10011 10080
f 10011 10012 10082 10081
f 10012 10013 10083 10082
f 10013 10014 10084 10083
f 10014 10015 10085 10084
f 10015 10016 10086 10085
f 10016 10017 10087 10086
f 10017 10018 10088 10087
f 10018 10019 10089 10088
f 10019 10020 10090 10089
f 10020 10021 10091 10090
f 10021 10022 10092 10091
f 10022 10023 10093 10092
f 10023 10024 10094 10093
f 10024 10025 10095 10094
f 10025 10026 10096 10095
f 10026 10027 10097 10096
f 10027 10028 10098 10097
f 10028 10029 10099 10098
f 10029 10030 10100 10099
f 10030 10031 10101 10100
f 10031 10032 10102 10101
f 10032 10033 10103 10102
f 10033 10034 10104 10103
f 10034 10035 10105 10104
f 10035 10036 10106 10105
f 10036 10037 10107 10106
f 10037 10038 10108 10107
f 10038 10039 10109 10108
f 10039 10040 10110 10109
f 10040 10041 10111 10110
f 10041 10042 10112 10111
f 10042 10043 10113 10112
f 10043 10044 10114 10113
f 10044 10045 10115 10114
f 10045 10046 10116 10115
f 10046 10047 10117 10116
f 10047 10048 10118 10117
f 10048 10049 10119 10118
f 10049 10050 10120 10119
f 10050 10051 10121 10120
f 10051 10052 10122 10121
f 10052 10053 10123 10122
f 10053 10054 10124 10123
f 10054 10055 10125 10124
f 10055 10056 10126 10125
f 10056 10057 10127 10126
f 10057 10058 10128 10127
f 10058 10059 10129 10128
f 10059 10060 10130 10129
f 10060 10061 10131 10130
f 10061 10062 10132 10131
f 10062 10063 10133 10132
f 10063 10064 10134 10133
f 10064 10065 10135 10134
f 10065 10066 10136 10135
f 10066 10067 10137 10136
f 10067 10068 10138 10137
f 10068 10069 10139 10138
f 10069 10070 10140 10139
f 10070 10071 10141 10140
f 10071 10072 10142 10141
f 10072 10073 10143 10142
f 10073 10074 10144 10143
f 10074 10075 10145 10144
f 10075 10076 10146 10145
f 10076 10077 10147 10146
f 10077 10078 10148 10147
f 10078 10079 10149 10148
f 10079 10080 10150 10149
f 10080 10011 10081 10150
f 10081 10082 10152 10151
f 10082 10083 10153 10152
f 10083 10084 10154 10153
f 10084 10085 10155 10154
f 10085 10086 10156 10155
f 10086 10087 10157 10156
f 10087 10088 10158 10157
f 10088 10089 10159 10158
f 10089 10090 10160 10159
f 10090 10091 10161 10160
f 10091 10092 10162 10161
f 10092 10093 10163 10162
f 10093 10094 10164 10163
f 10094 10095 10165 10164
f 10095 10096 10166 10165
f 10096 10097 10167 10166
f 10097 10098 10168 10167
f 10098 10099 10169 10168
f 10099 10100 10170 10169
f 10100 10101 10171 10170
f 10101 10102 10172 10171
f 10102 10103 10173 10172
f 10103 10104 10174 10173
f 10104 10105 10175 10174
f 10105 10106 10176 10175
f 10106 10107 10177 10176
f 10107 10108 10178 10177
f 10108 10109 10179 10178
f 10109 10110 10180 10179
f 10110 10111 10181 10180
f 10111 10112 10182 10181
f 10112 10113 10183 10182
f 10113 10114 10184 10183
f 10114 10115 10185 10184
f 10115 10116 10186 10185
f 10116 10117 10187 10186
f 10117 10118 10188 10187
f 10118 10119 10189 10188
f 10119 10120 10190 10189
f 10120 10121 10191 10190
f 10121 10122 10192 10191
f 10122 10123 10193 10192
f 10123 10124 10194 10193
f 10124 10125 10195 10194
f 10125 10126 10196 10195
f 10126 10127 10197 10196
f 10127 10128 10198 10197
f 10128 10129 10199 10198
f 10129 10130 10200 10199
f 10130 10131 10201 10200
f 10131 10132 10202 10201
f 10132 10133 10203 10202
f 10133 10134 10204 10203
f 10134 10135 10205 10204
f 10135 10136 10206 10205
f 10136 10137 10207 10206
f 10137 10138 10208 10207
f 10138 10139 10209 10208
f 10139 10140 10210 10209
f 10140 10141 10211 10210
f 10141 10142 10212 10211
f 10142 10143 10213 10212
f 10143 10144 10214 10213
f 10144 10145 10215 10214
f 10145 10146 10216 10215
f 10146 10147 10217 10216
f 10147 10148 10218 10217
f 10148 10149 10219 10218
f 10149 10150 10220 10219
f 10150 10081 10151 10220
f 10151 10152 10222 10221
f 10152 10153 10223 10222
f 10153 10154 10224 10223
f 10154 10155 10225 10224
f 10155 10156 10226 10225
f 10156 10157 10227 10226
f 10157 10158 10228 10227
f 10158 10159 10229 10228
f 10159 10160 10230 10229
f 10160 10161 10231 10230
f 10161 10162 10232 10231
f 10162 10163 10233 10232
f 10163 10164 10234 10233
f 10164 10165 10235 10234
f 10165 10166 10236 10235
f 10166 10167 10237 10236
f 10167 10168 10238 10237
f 10168 10169 10239 10238
f 10169 10170 10240 10239
f 10170 10171 10241 10240
f 10171 10172 10242 10241
f 10172 10173 10243 10242
f 10173 10174 10244 10243
f 10174 10175 10245 10244
f 10175 10176 10246 10245
f 10176 10177 10247 10246
f 10177 10178 10248 10247
f 10178 10179 10249 10248
f 10179 10180 10250 10249
f 10180 10181 10251 10250
f 10181 10182 10252 10251
f 10182 10183 10253 10252
f 10183 10184 10254 10253
f 10184 10185 10255 10254
f 10185 10186 10256 10255
f 10186 10187 10257 10256
f 10187 10188 10258 10257
f 10188 10189 10259 10258
f 10189 10190 10260 10259
f 10190 10191 10261 10260
f 10191 10192 10262 10261
f 10192 10193 10263 10262
f 10193 10194 10264 10263
f 10194 10195 10265 10264
f 10195 10196 10266 10265
f 10196 10197 10267 10266
f 10197 10198 10268 10267
f 10198 10199 10269 10268
f 10199 10200 10270 10269
f 10200 10201 10271 10270
f 10201 10202 10272 10271
f 10202 10203 10273 10272
f 10203 10204 10274 10273
f 10204 10205 10275 10274
f 10205 10206 10276 10275
f 10206 10207 10277 10276
f 10207 10208 10278 10277
f 10208 10209 10279 10278
f 10209 10210 10280 10279
f 10210 10211 10281 10280
f 10211 10212 10282 10281
f 10212 10213 10283 10282
f 10213 10214 10284 10283
f 10214 10215 10285 10284
f 10215 10216 10286 10285
f 10216 10217 10287 10286
f 10217 10218 10288 10287
f 10218 10219 10289 10288
f 10219 10220 10290 10289
f 10220 10151 10221 10290
f 10221 10222 10292 10291
f 10222 10223 10293 10292
f 10223 10224 10294 10293
f 10224 10225 10295 10294
f 10225 10226 10296 10295
f 10226 10227 10297 10296
f 10227 10228 10298 10297
f 10228 10229 10299 10298
f 10229 10230 10300 10299
f 10230 10231 10301 10300
f 10231 10232 10302 10301
f 10232 10233 10303 10302
f 10233 10234 10304 10303
f 10234 10235 10305 10304
f 10235 10236 10306 10305
f 10236 10237 10307 10306
f 10237 10238 10308 10307
f 10238 10239 10309 10308
f 10239 10240 10310 10309
f 10240 10241 10311 10310
f 10241 10242 10312 10311
f 10242 10243 10313 10312
f 10243 10244 10314 10313
f 10244 10245 10315 10314
f 10245 10246 10316 10315
f 10246 10247 10317 10316
f 10247 10248 10318 10317
f 10248 10249 10319 10318
f 10249 10250 10320 10319
f 10250 10251 10321 10320
f 10251 10252 10322 10321
f 10252 10253 10323 10322
f 10253 10254 10324 10323
f 10254 10255 10325 10324
f 10255 10256 10326 10325
f 10256 10257 10327 10326
f 10257 10258 10328 10327
f 10258 10259 10329 10328
f 10259 10260 10330 10329
f 10260 10261 10331 10330
f 10261 10262 10332 10331
f 10262 10263 10333 10332
f 10263 10264 10334 10333
f 10264 10265 10335 10334
f 10265 10266 10336 10335
f 10266 10267 10337 10336
f 10267 10268 10338 10337
f 10268 10269 10339 10338
f 10269 10270 10340 10339
f 10270 10271 10341 10340
f 10271 10272 10342 10341
f 10272 10273 10343 10342
f 10273 10274 10344 10343
f 10274 10275 10345 10344
f 10275 10276 10346 10345
f 10276 10277 10347 10346
f 10277 10278 10348 10347
f 10278 10279 10349 10348
f 10279 10280 10350 10349
f 10280 10281 10351 10350
f 10281 10282 10352 10351
f 10282 10283 10353 10352
f 10283 10284 10354 10353
f 10284 10285 10355 10354
f 10285 10286 10356 10355
f 10286 10287 10357 10356
f 10287 10288 10358 10357
f 10288 10289 10359 10358
f 10289 10290 10360 10359
f 10290 10221 10291 10360
f 10291 10292 10362 10361
f 10292 10293 10363 10362
f 10293 10294 10364 10363
f 10294 10295 10365 10364
f 10295 10296 10366 10365
f 10296 10297 10367 10366
f 10297 10298 10368 10367
f 10298 10299 10369 10368
f 10299 10300 10370 10369
f 10300 10301 10371 10370
f 10301 10302 10372 10371
f 10302 10303 10373 10372
f 10303 10304 10374 10373
f 10304 10305 10375 10374
f 10305 10306 10376 10375
f 10306 10307 10377 10376
f 10307 10308 10378 10377
f 10308 10309 10379 10378
f 10309 10310 10380 10379
f 10310 10311 10381 10380
f 10311 10312 10382 10381
f 10312 10313 10383 10382
f 10313 10314 10384 10383
f 10314 10315 10385 10384
f 10315 10316 10386 10385
f 10316 10317 10387 10386
f 10317 10318 10388 10387
f 10318 10319 10389 10388
f 10319 10320 10390 10389
f 10320 10321 10391 10390
f 10321 10322 10392 10391
f 10322 10323 10393 10392
f 10323 10324 10394 10393
f 10324 10325 10395 10394
f 10325 10326 10396 10395
f 10326 10327 10397 10396
f 10327 10328 10398 10397
f 10328 10329 10399 10398
f 10329 10330 10400 10399
f 10330 10331 10401 10400
f 10331 10332 10402 10401
f 10332 10333 10403 10402
f 10333 10334 10404 10403
f 10334 10335 10405 10404
f 10335 10336 10406 10405
f 10336 10337 10407 10406
f 10337 10338 10408 10407
f 10338 10339 10409 10408
f 10339 10340 10410 10409
f 10340 10341 10411 10410
f 10341 10342 10412 10411
f 10342 10343 10413 10412
f 10343 10344 10414 10413
f 10344 10345 10415 10414
f 10345 10346 10416 10415
f 10346 10347 10417 10416
f 10347 10348 10418 10417
f 10348 10349 10419 10418
f 10349 10350 10420 10419
f 10350 10351 10421 10420
f 10351 10352 10422 10421
f 10352 10353 10423 10422
f 10353 10354 10424 10423
f 10354 10355 10425 10424
f 10355 10356 10426 10425
f 10356 10357 10427 10426
f 10357 10358 10428 10427
f 10358 10359 10429 10428
f 10359 10360 10430 10429
f 10360 10291 10361 10430
f 10361 10362 10432 10431
f 10362 10363 10433 10432
f 10363 10364 10434 10433
f 10364 10365 10435 10434
f 10365 10366 10436 10435
f 10366 10367 10437 10436
f 10367 10368 10438 10437
f 10368 10369 10439 10438
f 10369 10370 10440 10439
f 10370 10371 10441 10440
f 10371 10372 10442 10441
f 10372 10373 10443 10442
f 10373 10374 10444 10443
f 10374 10375 10445 10444
f 10375 10376 10446 10445
f 10376 10377 10447 10446
f 10377 10378 10448 10447
f 10378 10379 10449 10448
f 10379 10380 10450 10449
f 10380 10381 10451 10450
f 10381 10382 10452 10451
f 10382 10383 10453 10452
f 10383 10384 10454 10453
f 10384 10385 10455 10454
f 10385 10386 10456 10455
f 10386 10387 10457 10456
f 10387 10388 10458 10457
f 10388 10389 10459 10458
f 10389 10390 10460 10459
f 10390 10391 10461 10460
f 10391 10392 10462 10461
f 10392 10393 10463 10462
f 10393 10394 10464 10463
f 10394 10395 10465 10464
f 10395 10396 10466 10465
f 10396 10397 10467 10466
f 10397 10398 10468 10467
f 10398 10399 10469 10468
f 10399 10400 10470 10469
f 10400 10401 10471 10470
f 10401 10402 10472 10471
f 10402 10403 10473 10472
f 10403 10404 10474 10473
f 10404 10405 10475 10474
f 10405 10406 10476 10475
f 10406 10407 10477 10476
f 10407 10408 10478 10477
f 10408 10409 10479 10478
f 10409 10410 10480 10479
f 10410 10411 10481 10480
f 10411 10412 10482 10481
f 10412 10413 10483 10482
f 10413 10414 10484 10483
f 10414 10415 10485 10484
f 10415 10416 10486 10485
f 10416 10417 10487 10486
f 10417 10418 10488 10487
f 10418 10419 10489 10488
f 10419 10420 10490 10489
f 10420 10421 10491 10490
f 10421 10422 10492 10491
f 10422 10423 10493 10492
f 10423 10424 10494 10493
f 10424 10425 10495 10494
f 10425 10426 10496 10495
f 10426 10427 10497 10496
f 10427 10428 10498 10497
f 10428 10429 10499 10498
f 10429 10430 10500 10499
f 10430 10361 10431 10500
f 10431 10432 10502 10501
f 10432 10433 10503 10502
f 10433 10434 10504 10503
f 10434 10435 10505 10504
f 10435 10436 10506 10505
f 10436 10437 10507 10506
f 10437 10438 10508 10507
f 10438 10439 10509 10508
f 10439 10440 10510 10509
f 10440 10441 10511 10510
f 10441 10442 10512 10511
f 10442 10443 10513 10512
f 10443 10444 10514 10513
f 10444 10445 10515 10514
f 10445 10446 10516 10515
f 10446 10447 10517 10516
f 10447 10448 10518 10517
f 10448 10449 10519 10518
f 10449 10450 10520 10519
f 10450 10451 10521 10520
f 10451 10452 10522 10521
f 10452 10453 10523 10522
f 10453 10454 10524 10523
f 10454 10455 10525 10524
f 10455 10456 10526 10525
f 10456 10457 10527 10526
f 10457 10458 10528 10527
f 10458 10459 10529 10528
f 10459 10460 10530 10529
f 10460 10461 10531 10530
f 10461 10462 10532 10531
f 10462 10463 10533 10532
f 10463 10464 10534 10533
f 10464 10465 10535 10534
f 10465 10466 10536 10535
f 10466 10467 10537 10536
f 10467 10468 10538 10537
f 10468 10469 10539 10538
f 10469 10470 10540 10539
f 10470 10471 10541 10540
f 10471 10472 10542 10541
f 10472 10473 10543 10542
f 10473 10474 10544 10543
f 10474 10475 10545 10544
f 10475 10476 10546 10545
f 10476 10477 10547 10546
f 10477 10478 10548 10547
f 10478 10479 10549 10548
f 10479 10480 10550 10549
f 10480 10481 10551 10550
f 10481 10482 10552 10551
f 10482 10483 10553 10552
f 10483 10484 10554 10553
f 10484 10485 10555 10554
f 10485 10486 10556 10555
f 10486 10487 10557 10556
f 10487 10488 10558 10557
f 10488 10489 10559 10558
f 10489 10490 10560 10559
f 10490 10491 10561 10560
f 10491 10492 10562 10561
f 10492 10493 10563 10562
f 10493 10494 10564 10563
f 10494 10495 10565 10564
f 10495 10496 10566 10565
f 10496 10497 10567 10566
f 10497 10498 10568 10567
f 10498 10499 10569 10568
f 10499 10500 10570 10569
f 10500 10431 10501 10570
f 10501 10502 10572 10571
f 10502 10503 10573 10572
f 10503 10504 10574 10573
f 10504 10505 10575 10574
f 10505 10506 10576 10575
f 10506 10507 10577 10576
f 10507 10508 10578 10577
f 10508 10509 10579 10578
f 10509 10510 10580 10579
f 10510 10511 10581 10580
f 10511 10512 10582 10581
f 10512 10513 10583 10582
f 10513 10514 10584 10583
f 10514 10515 10585 10584
f 10515 10516 10586 10585
f 10516 10517 10587 10586
f 10517 10518 10588 10587
f 10518 10519 10589 10588
f 10519 10520 10590 10589
f 10520 10521 10591 10590
f 10521 10522 10592 10591
f 10522 10523 10593 10592
f 10523 10524 10594 10593
f 10524 10525 10595 10594
f 10525 10526 10596 10595
f 10526 10527 10597 10596
f 10527 10528 10598 10597
f 10528 10529 10599 10598
f 10529 10530 10600 10599
f 10530 10531 10601 10600
f 10531 10532 10602 10601
f 10532 10533 10603 10602
f 10533 10534 10604 10603
f 10534 10535 10605 10604
f 10535 10536 10606 10605
f 10536 10537 10607 10606
f 10537 10538 10608 10607
f 10538 10539 10609 10608
f 10539 10540 10610 10609
f 10540 10541 10611 10610
f 10541 10542 10612 10611
f 10542 10543 10613 10612
f 10543 10544 10614 10613
f 10544 10545 10615 10614
f 10545 10546 10616 10615
f 10546 10547 10617 10616
f 10547 10548 10618 10617
f 10548 10549 10619 10618
f 10549 10550 10620 10619
f 10550 10551 10621 10620
f 10551 10552 10622 10621
f 10552 10553 10623 10622
f 10553 10554 10624 10623
f 10554 10555 10625 10624
f 10555 10556 10626 10625
f 10556 10557 10627 10626
f 10557 10558 10628 10627
f 10558 10559 10629 10628
f 10559 10560 10630 10629
f 10560 10561 10631 10630
f 10561 10562 10632 10631
f 10562 10563 10633 10632
f 10563 10564 10634 10633
f 10564 10565 10635 10634
f 10565 10566 10636 10635
f 10566 10567 10637 10636
f 10567 10568 10638 10637
f 10568 10569 10639 10638
f 10569 10570 10640 10639
f 10570 10501 10571 10640
f 10571 10572 10642 10641
f 10572 10573 10643 10642
f 10573 10574 10644 10643
f 10574 10575 10645 10644
f 10575 10576 10646 10645
f 10576 10577 10647 10646
f 10577 10578 10648 10647
f 10578 10579 10649 10648
f 10579 10580 10650 10649
f 10580 10581 10651 10650
f 10581 10582 10652 10651
f 10582 10583 10653 10652
f 10583 10584 10654 10653
f 10584 10585 10655 10654
f 10585 10586 10656 10655
f 10586 10587 10657 10656
f 10587 10588 10658 10657
f 10588 10589 10659 10658
f 10589 10590 10660 10659
f 10590 10591 10661 10660
f 10591 10592 10662 10661
f 10592 10593 10663 10662
f 10593 10594 10664 10663
f 10594 10595 10665 10664
f 10595 10596 10666 10665
f 10596 10597 10667 10666
f 10597 10598 10668 10667
f 10598 10599 10669 10668
f 10599 10600 10670 10669
f 10600 10601 10671 10670
f 10601 10602 10672 10671
f 10602 10603 10673 10672
f 10603 10604 10674 10673
f 10604 10605 10675 10674
f 10605 10606 10676 10675
f 10606 10607 10677 10676
f 10607 10608 10678 10677
f 10608 10609 10679 10678
f 10609 10610 10680 10679
f 10610 10611 10681 10680
f 10611 10612 10682 10681
f 10612 10613 10683 10682
f 10613 10614 10684 10683
f 10614 10615 10685 10684
f 10615 10616 10686 10685
f 10616 10617 10687 10686
f 10617 10618 10688 10687
f 10618 10619 10689 10688
f 10619 10620 10690 10689
f 10620 10621 10691 10690
f 10621 10622 10692 10691
f 10622 10623 10693 10692
f 10623 10624 10694 10693
f 10624 10625 10695 10694
f 10625 10626 10696 10695
f 10626 10627 10697 10696
f 10627 10628 10698 10697
f 10628 10629 10699 10698
f 10629 10630 10700 10699
f 10630 10631 10701 10700
f 10631 10632 10702 10701
f 10632 10633 10703 10702
f 10633 10634 10704 10703
f 10634 10635 10705 10704
f 10635 10636 10706 10705
f 10636 10637 10707 10706
f 10637 10638 10708 10707
f 10638 10639 10709 10708
f 10639 10640 10710 10709
f 10640 10571 10641 10710
f 10641 10642 10712 10711
f 10642 10643 10713 10712
f 10643 10644 10714 10713
f 10644 10645 10715 10714
f 10645 10646 10716 10715
f 10646 10647 10717 10716
f 10647 10648 10718 10717
f 10648 10649 10719 10718
f 10649 10650 10720 10719
f 10650 10651 10721 10720
f 10651 10652 10722 10721
f 10652 10653 10723 10722
f 10653 10654 10724 10723
f 10654 10655 10725 10724
f 10655 10656 10726 10725
f 10656 10657 10727 10726
f 10657 10658 10728 10727
f 10658 10659 10729 10728
f 10659 10660 10730 10729
f 10660 10661 10731 10730
f 10661 10662 10732 10731
f 10662 10663 10733 10732
f 10663 10664 10734 10733
f 10664 10665 10735 10734
f 10665 10666 10736 10735
f 10666 10667 10737 10736
f 10667 10668 10738 10737
f 10668 10669 10739 10738
f 10669 10670 10740 10739
f 10670 10671 10741 10740
f 10671 10672 10742 10741
f 10672 10673 10743 10742
f 10673 10674 10744 10743
f 10674 10675 10745 10744
f 10675 10676 10746 10745
f 10676 10677 10747 10746
f 10677 10678 10748 10747
f 10678 10679 10749 10748
f 10679 10680 10750 10749
f 10680 10681 10751 10750
f 10681 10682 10752 10751
f 10682 10683 10753 10752
f 10683 10684 10754 10753
f 10684 10685 10755 10754
f 10685 10686 10756 10755
f 10686 10687 10757 10756
f 10687 10688 10758 10757
f 10688 10689 10759 10758
f 10689 10690 10760 10759
f 10690 10691 10761 10760
f 10691 10692 10762 10761
f 10692 10693 10763 10762
f 10693 10694 10764 10763
f 10694 10695 10765 10764
f 10695 10696 10766 10765
f 10696 10697 10767 10766
f 10697 10698 10768 10767
f 10698 10699 10769 10768
f 10699 10700 10770 10769
f 10700 10701 10771 10770
f 10701 10702 10772 10771
f 10702 10703 10773 10772
f 10703 10704 10774 10773
f 10704 10705 10775 10774
f 10705 10706 10776 10775
f 10706 10707 10777 10776
f 10707 10708 10778 10777
f 10708 10709 10779 10778
f 10709 10710 10780 10779
f 10710 10641 10711 10780
f 10711 10712 10782 10781
f 10712 10713 10783 10782
f 10713 10714 10784 10783
f 10714 10715 10785 10784
f 10715 10716 10786 10785
f 10716 10717 10787 10786
f 10717 10718 10788 10787
f 10718 10719 10789 10788
f 10719 10720 10790 10789
f 10720 10721 10791 10790
f 10721 10722 10792 10791
f 10722 10723 10793 10792
f 10723 10724 10794 10793
f 10724 10725 10795 10794
f 10725 10726 10796 10795
f 10726 10727 10797 10796
f 10727 10728 10798 10797
f 10728 10729 10799 10798
f 10729 10730 10800 10799
f 10730 10731 10801 10800
f 10731 10732 10802 10801
f 10732 10733 10803 10802
f 10733 10734 10804 10803
f 10734 10735 10805 10804
f 10735 10736 10806 10805
f 10736 10737 10807 10806
f 10737 10738 10808 10807
f 10738 10739 10809 10808
f 10739 10740 10810 10809
f 10740 10741 10811 10810
f 10741 10742 10812 10811
f 10742 10743 10813 10812
f 10743 10744 10814 10813
f 10744 10745 10815 10814
f 10745 10746 10816 10815
f 10746 10747 10817 10816
f 10747 10748 10818 10817
f 10748 10749 10819 10818
f 10749 10750 10820 10819
f 10750 10751 10821 10820
f 10751 10752 10822 10821
f 10752 10753 10823 10822
f 10753 10754 10824 10823
f 10754 10755 10825 10824
f 10755 10756 10826 10825
f 10756 10757 10827 10826
f 10757 10758 10828 10827
f 10758 10759 10829 10828
f 10759 10760 10830 10829
f 10760 10761 10831 10830
f 10761 10762 10832 10831
f 10762 10763 10833 10832
f 10763 10764 10834 10833
f 10764 10765 10835 10834
f 10765 10766 10836 10835
f 10766 10767 10837 10836
f 10767 10768 10838 10837
f 10768 10769 10839 10838
f 10769 10770 10840 10839
f 10770 10771 10841 10840
f 10771 10772 10842 10841
f 10772 10773 10843 10842
f 10773 10774 10844 10843
f 10774 10775 10845 10844
f 10775 10776 10846 10845
f 10776 10777 10847 10846
f 10777 10778 10848 10847
f 10778 10779 10849 10848
f 10779 10780 10850 10849
f 10780 10711 10781 10850
f 10781 10782 10852 10851
f 10782 10783 10853 10852
f 10783 10784 10854 10853
f 10784 10785 10855 10854
f 10785 10786 10856 10855
f 10786 10787 10857 10856
f 10787 10788 10858 10857
f 10788 10789 10859 10858
f 10789 10790 10860 10859
f 10790 10791 10861 10860
f 10791 10792 10862 10861
f 10792 10793 10863 10862
f 10793 10794 10864 10863
f 10794 10795 10865 10864
f 10795 10796 10866 10865
f 10796 10797 10867 10866
f 10797 10798 10868 10867
f 10798 10799 10869 10868
f 10799 10800 10870 10869
f 10800 10801 10871 10870
f 10801 10802 10872 10871
f 10802 10803 10873 10872
f 10803 10804 10874 10873
f 10804 10805 10875 10874
f 10805 10806 10876 10875
f 10806 10807 10877 10876
f 10807 10808 10878 10877
f 10808 10809 10879 10878
f 10809 10810 10880 10879
f 10810 10811 10881 10880
f 10811 10812 10882 10881
f 10812 10813 10883 10882
f 10813 10814 10884 10883
f 10814 10815 10885 10884
f 10815 10816 10886 10885
f 10816 10817 10887 10886
f 10817 10818 10888 10887
f 10818 10819 10889 10888
f 10819 10820 10890 10889
f 10820 10821 10891 10890
f 10821 10822 10892 10891
f 10822 10823 10893 10892
f 10823 10824 10894 10893
f 10824 10825 10895 10894
f 10825 10826 10896 10895
f 10826 10827 10897 10896
f 10827 10828 10898 10897
f 10828 10829 10899 10898
f 10829 10830 10900 10899
f 10830 10831 10901 10900
f 10831 10832 10902 10901
f 10832 10833 10903 10902
f 10833 10834 10904 10903
f 10834 10835 10905 10904
f 10835 10836 10906 10905
f 10836 10837 10907 10906
f 10837 10838 10908 10907
f 10838 10839 10909 10908
f 10839 10840 10910 10909
f 10840 10841 10911 10910
f 10841 10842 10912 10911
f 10842 10843 10913 10912
f 10843 10844 10914 10913
f 10844 10845 10915 10914
f 10845 10846 10916 10915
f 10846 10847 10917 10916
f 10847 10848 10918 10917
f 10848 10849 10919 10918
f 10849 10850 10920 10919
f 10850 10781 10851 10920
f 10851 10852 10922 10921
f 10852 10853 10923 10922
f 10853 10854 10924 10923
f 10854 10855 10925 10924
f 10855 10856 10926 10925
f 10856 10857 10927 10926
f 10857 10858 10928 10927
f 10858 10859 10929 10928
f 10859 10860 10930 10929
f 10860 10861 10931 10930
f 10861 10862 10932 10931
f 10862 10863 10933 10932
f 10863 10864 10934 10933
f 10864 10865 10935 10934
f 10865 10866 10936 10935
f 10866 10867 10937 10936
f 10867 10868 10938 10937
f 10868 10869 10939 10938
f 10869 10870 10940 10939
f 10870 10871 10941 10940
f 10871 10872 10942 10941
f 10872 10873 10943 10942
f 10873 10874 10944 10943
f 10874 10875 10945 10944
f 10875 10876 10946 10945
f 10876 10877 10947 10946
f 10877 10878 10948 10947
f 10878 10879 10949 10948
f 10879 10880 10950 10949
f 10880 10881 10951 10950
f 10881 10882 10952 10951
f 10882 10883 10953 10952
f 10883 10884 10954 10953
f 10884 10885 10955 10954
f 10885 10886 10956 10955
f 10886 10887 10957 10956
f 10887 10888 10958 10957
f 10888 10889 10959 10958
f 10889 10890 10960 10959
f 10890 10891 10961 10960
f 10891 10892 10962 10961
f 10892 10893 10963 10962
f 10893 10894 10964 10963
f 10894 10895 10965 10964
f 10895 10896 10966 10965
f 10896 10897 10967 10966
f 10897 10898 10968 10967
f 10898 10899 10969 10968
f 10899 10900 10970 10969
f 10900 10901 10971 10970
f 10901 10902 10972 10971
f 10902 10903 10973 10972
f 10903 10904 10974 10973
f 10904 10905 10975 10974
f 10905 10906 10976 10975
f 10906 10907 10977 10976
f 10907 10908 10978 10977
f 10908 10909 10979 10978
f 10909 10910 10980 10979
f 10910 10911 10981 10980
f 10911 10912 10982 10981
f 10912 10913 10983 10982
f 10913 10914 10984 10983
f 10914 10915 10985 10984
f 10915 10916 10986 10985
f 10916 10917 10987 10986
f 10917 10918 10988 10987
f 10918 10919 10989 10988
f 10919 10920 10990 10989
f 10920 10851 10921 10990
f 10921 10922 10992 10991
f 10922 10923 10993 10992
f 10923 10924 10994 10993
f 10924 10925 10995 10994
f 10925 10926 10996 10995
f 10926 10927 10997 10996
f 10927 10928 10998 10997
f 10928 10929 10999 10998
f 10929 10930 11000 10999
f 10930 10931 11001 11000
f 10931 10932 11002 11001
f 10932 10933 11003 11002
f 10933 10934 11004 11003
f 10934 10935 11005 11004
f 10935 10936 11006 11005
f 10936 10937 11007 11006
f 10937 10938 11008 11007
f 10938 10939 11009 11008
f 10939 10940 11010 11009
f 10940 10941 11011 11010
f 10941 10942 11012 11011
f 10942 10943 11013 11012
f 10943 10944 11014 11013
f 10944 10945 11015 11014
f 10945 10946 11016 11015
f 10946 10947 11017 11016
f 10947 10948 11018 11017
f 10948 10949 11019 11018
f 10949 10950 11020 11019
f 10950 10951 11021 11020
f 10951 10952 11022 11021
f 10952 10953 11023 11022
f 10953 10954 11024 11023
f 10954 10955 11025 11024
f 10955 10956 11026 11025
f 10956 10957 11027 11026
f 10957 10958 11028 11027
f 10958 10959 11029 11028
f 10959 10960 11030 11029
f 10960 10961 11031 11030
f 10961 10962 11032 11031
f 10962 10963 11033 11032
f 10963 10964 11034 11033
f 10964 10965 11035 11034
f 10965 10966 11036 11035
f 10966 10967 11037 11036
f 10967 10968 11038 11037
f 10968 10969 11039 11038
f 10969 10970 11040 11039
f 10970 10971 11041 11040
f 10971 10972 11042 11041
f 10972 10973 11043 11042
f 10973 10974 11044 11043
f 10974 10975 11045 11044
f 10975 10976 11046 11045
f 10976 10977 11047 11046
f 10977 10978 11048 11047
f 10978 10979 11049 11048
f 10979 10980 11050 11049
f 10980 10981 11051 11050
f 10981 10982 11052 11051
f 10982 10983 11053 11052
f 10983 10984 11054 11053
f 10984 10985 11055 11054
f 10985 10986 11056 11055
f 10986 10987 11057 11056
f 10987 10988 11058 11057
f 10988 10989 11059 11058
f 10989 10990 11060 11059
f 10990 10921 10991 11060
f 10991 10992 11062 11061
f 10992 10993 11063 11062
f 10993 10994 11064 11063
f 10994 10995 11065 11064
f 10995 10996 11066 11065
f 10996 10997 11067 11066
f 10997 10998 11068 11067
f 10998 10999 11069 11068
f 10999 11000 11070 11069
f 11000 11001 11071 11070
f 11001 11002 11072 11071
f 11002 11003 11073 11072
f 11003 11004 11074 11073
f 11004 11005 11075 11074
f 11005 11006 11076 11075
f 11006 11007 11077 11076
f 11007 11008 11078 11077
f 11008 11009 11079 11078
f 11009 11010 11080 11079
f 11010 11011 11081 11080
f 11011 11012 11082 11081
f 11012 11013 11083 11082
f 11013 11014 11084 11083
f 11014 11015 11085 11084
f 11015 11016 11086 11085
f 11016 11017 11087 11086
f 11017 11018 11088 11087
f 11018 11019 11089 11088
f 11019 11020 11090 11089
f 11020 11021 11091 11090
f 11021 11022 11092 11091
f 11022 11023 11093 11092
f 11023 11024 11094 11093
f 11024 11025 11095 11094
f 11025 11026 11096 11095
f 11026 11027 11097 11096
f 11027 11028 11098 11097
f 11028 11029 11099 11098
f 11029 11030 11100 11099
f 11030 11031 11101 11100
f 11031 11032 11102 11101
f 11032 11033 11103 11102
f 11033 11034 11104 11103
f 11034 11035 11105 11104
f 11035 11036 11106 11105
f 11036 11037 11107 11106
f 11037 11038 11108 11107
f 11038 11039 11109 11108
f 11039 11040 11110 11109
f 11040 11041 11111 11110
f 11041 11042 11112 11111
f 11042 11043 11113 11112
f 11043 11044 11114 11113
f 11044 11045 11115 11114
f 11045 11046 11116 11115
f 11046 11047 11117 11116
f 11047 11048 11118 11117
f 11048 11049 11119 11118
f 11049 11050 11120 11119
f 11050 11051 11121 11120
f 11051 11052 11122 11121
f 11052 11053 11123 11122
f 11053 11054 11124 11123
f 11054 11055 11125 11124
f 11055 11056 11126 11125
f 11056 11057 11127 11126
f 11057 11058 11128 11127
f 11058 11059 11129 11128
f 11059 11060 11130 11129
f 11060 10991 11061 11130
f 11061 11062 11132 11131
f 11062 11063 11133 11132
f 11063 11064 11134 11133
f 11064 11065 11135 11134
f 11065 11066 11136 11135
f 11066 11067 11137 11136
f 11067 11068 11138 11137
f 11068 11069 11139 11138
f 11069 11070 11140 11139
f 11070 11071 11141 11140
f 11071 11072 11142 11141
f 11072 11073 11143 11142
f 11073 11074 11144 11143
f 11074 11075 11145 11144
f 11075 11076 11146 11145
f 11076 11077 11147 11146
f 11077 11078 11148 11147
f 11078 11079 11149 11148
f 11079 11080 11150 11149
f 11080 11081 11151 11150
f 11081 11082 11152 11151
f 11082 11083 11153 11152
f 11083 11084 11154 11153
f 11084 11085 11155 11154
f 11085 11086 11156 11155
f 11086 11087 11157 11156
f 11087 11088 11158 11157
f 11088 11089 11159 11158
f 11089 11090 11160 11159
f 11090 11091 11161 11160
f 11091 11092 11162 11161
f 11092 11093 11163 11162
f 11093 11094 11164 11163
f 11094 11095 11165 11164
f 11095 11096 11166 11165
f 11096 11097 11167 11166
f 11097 11098 11168 11167
f 11098 11099 11169 11168
f 11099 11100 11170 11169
f 11100 11101 11171 11170
f 11101 11102 11172 11171
f 11102 11103 11173 11172
f 11103 11104 11174 11173
f 11104 11105 11175 11174
f 11105 11106 11176 11175
f 11106 11107 11177 11176
f 11107 11108 11178 11177
f 11108 11109 11179 11178
f 11109 11110 11180 11179
f 11110 11111 11181 11180
f 11111 11112 11182 11181
f 11112 11113 11183 11182
f 11113 11114 11184 11183
f 11114 11115 11185 11184
f 11115 11116 11186 11185
f 11116 11117 11187 11186
f 11117 11118 11188 11187
f 11118 11119 11189 11188
f 11119 11120 11190 11189
f 11120 11121 11191 11190
f 11121 11122 11192 11191
f 11122 11123 11193 11192
f 11123 11124 11194 11193
f 11124 11125 11195 11194
f 11125 11126 11196 11195
f 11126 11127 11197 11196
f 11127 11128 11198 11197
f 11128 11129 11199 11198
f 11129 11130 11200 11199
f 11130 11061 11131 11200
f 11131 11132 11202 11201
f 11132 11133 11203 11202
f 11133 11134 11204 11203
f 11134 11135 11205 11204
f 11135 11136 11206 11205
f 11136 11137 11207 11206
f 11137 11138 11208 11207
f 11138 11139 11209 11208
f 11139 11140 11210 11209
f 11140 11141 11211 11210
f 11141 11142 11212 11211
f 11142 11143 11213 11212
f 11143 11144 11214 11213
f 11144 11145 11215 11214
f 11145 11146 11216 11215
f 11146 11147 11217 11216
f 11147 11148 11218 11217
f 11148 11149 11219 11218
f 11149 11150 11220 11219
f 11150 11151 11221 11220
f 11151 11152 11222 11221
f 11152 11153 11223 11222
f 11153 11154 11224 11223
f 11154 11155 11225 11224
f 11155 11156 11226 11225
f 11156 11157 11227 11226
f 11157 11158 11228 11227
f 11158 11159 11229 11228
f 11159 11160 11230 11229
f 11160 11161 11231 11230
f 11161 11162 11232 11231
f 11162 11163 11233 11232
f 11163 11164 11234 11233
f 11164 11165 11235 11234
f 11165 11166 11236 11235
f 11166 11167 11237 11236
f 11167 11168 11238 11237
f 11168 11169 11239 11238
f 11169 11170 11240 11239
f 11170 11171 11241 11240
f 11171 11172 11242 11241
f 11172 11173 11243 11242
f 11173 11174 11244 11243
f 11174 11175 11245 11244
f 11175 11176 11246 11245
f 11176 11177 11247 11246
f 11177 11178 11248 11247
f 11178 11179 11249 11248
f 11179 11180 11250 11249
f 11180 11181 11251 11250
f 11181 11182 11252 11251
f 11182 11183 11253 11252
f 11183 11184 11254 11253
f 11184 11185 11255 11254
f 11185 11186 11256 11255
f 11186 11187 11257 11256
f 11187 11188 11258 11257
f 11188 11189 11259 11258
f 11189 11190 11260 11259
f 11190 11191 11261 11260
f 11191 11192 11262 11261
f 11192 11193 11263 11262
f 11193 11194 11264 11263
f 11194 11195 11265 11264
f 11195 11196 11266 11265
f 11196 11197 11267 11266
f 11197 11198 11268 11267
f 11198 11199 11269 11268
f 11199 11200 11270 11269
f 11200 11131 11201 11270
f 11201 11202 11272 11271
f 11202 11203 11273 11272
f 11203 11204 11274 11273
f 11204 11205 11275 11274
f 11205 11206 11276 11275
f 11206 11207 11277 11276
f 11207 11208 11278 11277
f 11208 11209 11279 11278
f 11209 11210 11280 11279
f 11210 11211 11281 11280
f 11211 11212 11282 11281
f 11212 11213 11283 11282
f 11213 11214 11284 11283
f 11214 11215 11285 11284
f 11215 11216 11286 11285
f 11216 11217 11287 11286
f 11217 11218 11288 11287
f 11218 11219 11289 11288
f 11219 11220 11290 11289
f 11220 11221 11291 11290
f 11221 11222 11292 11291
f 11222 11223 11293 11292
f 11223 11224 11294 11293
f 11224 11225 11295 11294
f 11225 11226 11296 11295
f 11226 11227 11297 11296
f 11227 11228 11298 11297
f 11228 11229 11299 11298
f 11229 11230 11300 11299
f 11230 11231 11301 11300
f 11231 11232 11302 11301
f 11232 11233 11303 11302
f 11233 11234 11304 11303
f 11234 11235 11305 11304
f 11235 11236 11306 11305
f 11236 11237 11307 11306
f 11237 11238 11308 11307
f 11238 11239 11309 11308
f 11239 11240 11310 11309
f 11240 11241 11311 11310
f 11241 11242 11312 11311
f 11242 11243 11313 11312
f 11243 11244 11314 11313
f 11244 11245 11315 11314
f 11245 11246 11316 11315
f 11246 11247 11317 11316
f 11247 11248 11318 11317
f 11248 11249 11319 11318
f 11249 11250 11320 11319
f 11250 11251 11321 11320
f 11251 11252 11322 11321
f 11252 11253 11323 11322
f 11253 11254 11324 11323
f 11254 11255 11325 11324
f 11255 11256 11326 11325
f 11256 11257 11327 11326
f 11257 11258 11328 11327
f 11258 11259 11329 11328
f 11259 11260 11330 11329
f 11260 11261 11331 11330
f 11261 11262 11332 11331
f 11262 11263 11333 11332
f 11263 11264 11334 11333
f 11264 11265 11335 11334
f 11265 11266 11336 11335
f 11266 11267 11337 11336
f 11267 11268 11338 11337
f 11268 11269 11339 11338
f 11269 11270 11340 11339
f 11270 11201 11271 11340
f 11271 11272 11342 11341
f 11272 11273 11343 11342
f 11273 11274 11344 11343
f 11274 11275 11345 11344
f 11275 11276 11346 11345
f 11276 11277 11347 11346
f 11277 11278 11348 11347
f 11278 11279 11349 11348
f 11279 11280 11350 11349
f 11280 11281 11351 11350
f 11281 11282 11352 11351
f 11282 11283 11353 11352
f 11283 11284 11354 11353
f 11284 11285 11355 11354
f 11285 11286 11356 11355
f 11286 11287 11357 11356
f 11287 11288 11358 11357
f 11288 11289 11359 11358
f 11289 11290 11360 11359
f 11290 11291 11361 11360
f 11291 11292 11362 11361
f 11292 11293 11363 11362
f 11293 11294 11364 11363
f 11294 11295 11365 11364
f 11295 11296 11366 11365
f 11296 11297 11367 11366
f 11297 11298 11368 11367
f 11298 11299 11369 11368
f 11299 11300 11370 11369
f 11300 11301 11371 11370
f 11301 11302 11372 11371
f 11302 11303 11373 11372
f 11303 11304 11374 11373
f 11304 11305 11375 11374
f 11305 11306 11376 11375
f 11306 11307 11377 11376
f 11307 11308 11378 11377
f 11308 11309 11379 11378
f 11309 11310 11380 11379
f 11310 11311 11381 11380
f 11311 11312 11382 11381
f 11312 11313 11383 11382
f 11313 11314 11384 11383
f 11314 11315 11385 11384
f 11315 11316 11386 11385
f 11316 11317 11387 11386
f 11317 11318 11388 11387
f 11318 11319 11389 11388
f 11319 11320 11390 11389
f 11320 11321 11391 11390
f 11321 11322 11392 11391
f 11322 11323 11393 11392
f 11323 11324 11394 11393
f 11324 11325 11395 11394
f 11325 11326 11396 11395
f 11326 11327 11397 11396
f 11327 11328 11398 11397
f 11328 11329 11399 11398
f 11329 11330 11400 11399
f 11330 11331 11401 11400
f 11331 11332 11402 11401
f 11332 11333 11403 11402
f 11333 11334 11404 11403
f 11334 11335 11405 11404
f 11335 11336 11406 11405
f 11336 11337 11407 11406
f 11337 11338 11408 11407
f 11338 11339 11409 11408
f 11339 11340 11410 11409
f 11340 11271 11341 11410
f 11341 11342 11412 11411
f 11342 11343 11413 11412
f 11343 11344 11414 11413
f 11344 11345 11415 11414
f 11345 11346 11416 11415
f 11346 11347 11417 11416
f 11347 11348 11418 11417
f 11348 11349 11419 11418
f 11349 11350 11420 11419
f 11350 11351 11421 11420
f 11351 11352 11422 11421
f 11352 11353 11423 11422
f 11353 11354 11424 11423
f 11354 11355 11425 11424
f 11355 11356 11426 11425
f 11356 11357 11427 11426
f 11357 11358 11428 11427
f 11358 11359 11429 11428
f 11359 11360 11430 11429
f 11360 11361 11431 11430
f 11361 11362 11432 11431
f 11362 11363 11433 11432
f 11363 11364 11434 11433
f 11364 11365 11435 11434
f 11365 11366 11436 11435
f 11366 11367 11437 11436
f 11367 11368 11438 11437
f 11368 11369 11439 11438
f 11369 11370 11440 11439
f 11370 11371 11441 11440
f 11371 11372 11442 11441
f 11372 11373 11443 11442
f 11373 11374 11444 11443
f 11374 11375 11445 11444
f 11375 11376 11446 11445
f 11376 11377 11447 11446
f 11377 11378 11448 11447
f 11378 11379 11449 11448
f 11379 11380 11450 11449
f 11380 11381 11451 11450
f 11381 11382 11452 11451
f 11382 11383 11453 11452
f 11383 11384 11454 11453
f 11384 11385 11455 11454
f 11385 11386 11456 11455
f 11386 11387 11457 11456
f 11387 11388 11458 11457
f 11388 11389 11459 11458
f 11389 11390 11460 11459
f 11390 11391 11461 11460
f 11391 11392 11462 11461
f 11392 11393 11463 11462
f 11393 11394 11464 11463
f 11394 11395 11465 11464
f 11395 11396 11466 11465
f 11396 11397 11467 11466
f 11397 11398 11468 11467
f 11398 11399 11469 11468
f 11399 11400 11470 11469
f 11400 11401 11471 11470
f 11401 11402 11472 11471
f 11402 11403 11473 11472
f 11403 11404 11474 11473
f 11404 11405 11475 11474
f 11405 11406 11476 11475
f 11406 11407 11477 11476
f 11407 11408 11478 11477
f 11408 11409 11479 11478
f 11409 11410 11480 11479
f 11410 11341 11411 11480
f 11411 11412 11482 11481
f 11412 11413 11483 11482
f 11413 11414 11484 11483
f 11414 11415 11485 11484
f 11415 11416 11486 11485
f 11416 11417 11487 11486
f 11417 11418 11488 11487
f 11418 11419 11489 11488
f 11419 11420 11490 11489
f 11420 11421 11491 11490
f 11421 11422 11492 11491
f 11422 11423 11493 11492
f 11423 11424 11494 11493
f 11424 11425 11495 11494
f 11425 11426 11496 11495
f 11426 11427 11497 11496
f 11427 11428 11498 11497
f 11428 11429 11499 11498
f 11429 11430 11500 11499
f 11430 11431 11501 11500
f 11431 11432 11502 11501
f 11432 11433 11503 11502
f 11433 11434 11504 11503
f 11434 11435 11505 11504
f 11435 11436 11506 11505
f 11436 11437 11507 11506
f 11437 11438 11508 11507
f 11438 11439 11509 11508
f 11439 11440 11510 11509
f 11440 11441 11511 11510
f 11441 11442 11512 11511
f 11442 11443 11513 11512
f 11443 11444 11514 11513
f 11444 11445 11515 11514
f 11445 11446 11516 11515
f 11446 11447 11517 11516
f 11447 11448 11518 11517
f 11448 11449 11519 11518
f 11449 11450 11520 11519
f 11450 11451 11521 11520
f 11451 11452 11522 11521
f 11452 11453 11523 11522
f 11453 11454 11524 11523
f 11454 11455 11525 11524
f 11455 11456 11526 11525
f 11456 11457 11527 11526
f 11457 11458 11528 11527
f 11458 11459 11529 11528
f 11459 11460 11530 11529
f 11460 11461 11531 11530
f 11461 11462 11532 11531
f 11462 11463 11533 11532
f 11463 11464 11534 11533
f 11464 11465 11535 11534
f 11465 11466 11536 11535
f 11466 11467 11537 11536
f 11467 11468 11538 11537
f 11468 11469 11539 11538
f 11469 11470 11540 11539
f 11470 11471 11541 11540
f 11471 11472 11542 11541
f 11472 11473 11543 11542
f 11473 11474 11544 11543
f 11474 11475 11545 11544
f 11475 11476 11546 11545
f 11476 11477 11547 11546
f 11477 11478 11548 11547
f 11478 11479 11549 11548
f 11479 11480 11550 11549
f 11480 11411 11481 11550
f 11481 11482 11552 11551
f 11482 11483 11553 11552
f 11483 11484 11554 11553
f 11484 11485 11555 11554
f 11485 11486 11556 11555
f 11486 11487 11557 11556
f 11487 11488 11558 11557
f 11488 11489 11559 11558
f 11489 11490 11560 11559
f 11490 11491 11561 11560
f 11491 11492 11562 11561
f 11492 11493 11563 11562
f 11493 11494 11564 11563
f 11494 11495 11565 11564
f 11495 11496 11566 11565
f 11496 11497 11567 11566
f 11497 11498 11568 11567
f 11498 11499 11569 11568
f 11499 11500 11570 11569
f 11500 11501 11571 11570
f 11501 11502 11572 11571
f 11502 11503 11573 11572
f 11503 11504 11574 11573
f 11504 11505 11575 11574
f 11505 11506 11576 11575
f 11506 11507 11577 11576
f 11507 11508 11578 11577
f 11508 11509 11579 11578
f 11509 11510 11580 11579
f 11510 11511 11581 11580
f 11511 11512 11582 11581
f 11512 11513 11583 11582
f 11513 11514 11584 11583
f 11514 11515 11585 11584
f 11515 11516 11586 11585
f 11516 11517 11587 11586
f 11517 11518 11588 11587
f 11518 11519 11589 11588
f 11519 11520 11590 11589
f 11520 11521 11591 11590
f 11521 11522 11592 11591
f 11522 11523 11593 11592
f 11523 11524 11594 11593
f 11524 11525 11595 11594
f 11525 11526 11596 11595
f 11526 11527 11597 11596
f 11527 11528 11598 11597
f 11528 11529 11599 11598
f 11529 11530 11600 11599
f 11530 11531 11601 11600
f 11531 11532 11602 11601
f 11532 11533 11603 11602
f 11533 11534 11604 11603
f 11534 11535 11605 11604
f 11535 11536 11606 11605
f 11536 11537 11607 11606
f 11537 11538 11608 11607
f 11538 11539 11609 11608
f 11539 11540 11610 11609
f 11540 11541 11611 11610
f 11541 11542 11612 11611
f 11542 11543 11613 11612
f 11543 11544 11614 11613
f 11544 11545 11615 11614
f 11545 11546 11616 11615
f 11546 11547 11617 11616
f 11547 11548 11618 11617
f 11548 11549 11619 11618
f 11549 11550 11620 11619
f 11550 11481 11551 11620
f 11551 11552 11622 11621
f 11552 11553 11623 11622
f 11553 11554 11624 11623
f 11554 11555 11625 11624
f 11555 11556 11626 11625
f 11556 11557 11627 11626
f 11557 11558 11628 11627
f 11558 11559 11629 11628
f 11559 11560 11630 11629
f 11560 11561 11631 11630
f 11561 11562 11632 11631
f 11562 11563 11633 11632
f 11563 11564 11634 11633
f 11564 11565 11635 11634
f 11565 11566 11636 11635
f 11566 11567 11637 11636
f 11567 11568 11638 11637
f 11568 11569 11639 11638
f 11569 11570 11640 11639
f 11570 11571 11641 11640
f 11571 11572 11642 11641
f 11572 11573 11643 11642
f 11573 11574 11644 11643
f 11574 11575 11645 11644
f 11575 11576 11646 11645
f 11576 11577 11647 11646
f 11577 11578 11648 11647
f 11578 11579 11649 11648
f 11579 11580 11650 11649
f 11580 11581 11651 11650
f 11581 11582 11652 11651
f 11582 11583 11653 11652
f 11583 11584 11654 11653
f 11584 11585 11655 11654
f 11585 11586 11656 11655
f 11586 11587 11657 11656
f 11587 11588 11658 11657
f 11588 11589 11659 11658
f 11589 11590 11660 11659
f 11590 11591 11661 11660
f 11591 11592 11662 11661
f 11592 11593 11663 11662
f 11593 11594 11664 11663
f 11594 11595 11665 11664
f 11595 11596 11666 11665
f 11596 11597 11667 11666
f 11597 11598 11668 11667
f 11598 11599 11669 11668
f 11599 11600 11670 11669
f 11600 11601 11671 11670
f 11601 11602 11672 11671
f 11602 11603 11673 11672
f 11603 11604 11674 11673
f 11604 11605 11675 11674
f 11605 11606 11676 11675
f 11606 11607 11677 11676
f 11607 11608 11678 11677
f 11608 11609 11679 11678
f 11609 11610 11680 11679
f 11610 11611 11681 11680
f 11611 11612 11682 11681
f 11612 11613 11683 11682
f 11613 11614 11684 11683
f 11614 11615 11685 11684
f 11615 11616 11686 11685
f 11616 11617 11687 11686
f 11617 11618 11688 11687
f 11618 11619 11689 11688
f 11619 11620 11690 11689
f 11620 11551 11621 11690
f 11621 11622 11692 11691
f 11622 11623 11693 11692
f 11623 11624 11694 11693
f 11624 11625 11695 11694
f 11625 11626 11696 11695
f 11626 11627 11697 11696
f 11627 11628 11698 11697
f 11628 11629 11699 11698
f 11629 11630 11700 11699
f 11630 11631 11701 11700
f 11631 11632 11702 11701
f 11632 11633 11703 11702
f 11633 11634 11704 11703
f 11634 11635 11705 11704
f 11635 11636 11706 11705
f 11636 11637 11707 11706
f 11637 11638 11708 11707
f 11638 11639 11709 11708
f 11639 11640 11710 11709
f 11640 11641 11711 11710
f 11641 11642 11712 11711
f 11642 11643 11713 11712
f 11643 11644 11714 11713
f 11644 11645 11715 11714
f 11645 11646 11716 11715
f 11646 11647 11717 11716
f 11647 11648 11718 11717
f 11648 11649 11719 11718
f 11649 11650 11720 11719
f 11650 11651 11721 11720
f 11651 11652 11722 11721
f 11652 11653 11723 11722
f 11653 11654 11724 11723
f 11654 11655 11725 11724
f 11655 11656 11726 11725
f 11656 11657 11727 11726
f 11657 11658 11728 11727
f 11658 11659 11729 11728
f 11659 11660 11730 11729
f 11660 11661 11731 11730
f 11661 11662 11732 11731
f 11662 11663 11733 11732
f 11663 11664 11734 11733
f 11664 11665 11735 11734
f 11665 11666 11736 11735
f 11666 11667 11737 11736
f 11667 11668 11738 11737
f 11668 11669 11739 11738
f 11669 11670 11740 11739
f 11670 11671 11741 11740
f 11671 11672 11742 11741
f 11672 11673 11743 11742
f 11673 11674 11744 11743
f 11674 11675 11745 11744
f 11675 11676 11746 11745
f 11676 11677 11747 11746
f 11677 11678 11748 11747
f 11678 11679 11749 11748
f 11679 11680 11750 11749
f 11680 11681 11751 11750
f 11681 11682 11752 11751
f 11682 11683 11753 11752
f 11683 11684 11754 11753
f 11684 11685 11755 11754
f 11685 11686 11756 11755
f 11686 11687 11757 11756
f 11687 11688 11758 11757
f 11688 11689 11759 11758
f 11689 11690 11760 11759
f 11690 11621 11691 11760
f 11691 11692 11762 11761
f 11692 11693 11763 11762
f 11693 11694 11764 11763
f 11694 11695 11765 11764
f 11695 11696 11766 11765
f 11696 11697 11767 11766
f 11697 11698 11768 11767
f 11698 11699 11769 11768
f 11699 11700 11770 11769
f 11700 11701 11771 11770
f 11701 11702 11772 11771
f 11702 11703 11773 11772
f 11703 11704 11774 11773
f 11704 11705 11775 11774
f 11705 11706 11776 11775
f 11706 11707 11777 11776
f 11707 11708 11778 11777
f 11708 11709 11779 11778
f 11709 11710 11780 11779
f 11710 11711 11781 11780
f 11711 11712 11782 11781
f 11712 11713 11783 11782
f 11713 11714 11784 11783
f 11714 11715 11785 11784
f 11715 11716 11786 11785
f 11716 11717 11787 11786
f 11717 11718 11788 11787
f 11718 11719 11789 11788
f 11719 11720 11790 11789
f 11720 11721 11791 11790
f 11721 11722 11792 11791
f 11722 11723 11793 11792
f 11723 11724 11794 11793
f 11724 11725 11795 11794
f 11725 11726 11796 11795
f 11726 11727 11797 11796
f 11727 11728 11798 11797
f 11728 11729 11799 11798
f 11729 11730 11800 11799
f 11730 11731 11801 11800
f 11731 11732 11802 11801
f 11732 11733 11803 11802
f 11733 11734 11804 11803
f 11734 11735 11805 11804
f 11735 11736 11806 11805
f 11736 11737 11807 11806
f 11737 11738 11808 11807
f 11738 11739 11809 11808
f 11739 11740 11810 11809
f 11740 11741 11811 11810
f 11741 11742 11812 11811
f 11742 11743 11813 11812
f 11743 11744 11814 11813
f 11744 11745 11815 11814
f 11745 11746 11816 11815
f 11746 11747 11817 11816
f 11747 11748 11818 11817
f 11748 11749 11819 11818
f 11749 11750 11820 11819
f 11750 11751 11821 11820
f 11751 11752 11822 11821
f 11752 11753 11823 11822
f 11753 11754 11824 11823
f 11754 11755 11825 11824
f 11755 11756 11826 11825
f 11756 11757 11827 11826
f 11757 11758 11828 11827
f 11758 11759 11829 11828
f 11759 11760 11830 11829
f 11760 11691 11761 11830
f 11761 11762 11832 11831
f 11762 11763 11833 11832
f 11763 11764 11834 11833
f 11764 11765 11835 11834
f 11765 11766 11836 11835
f 11766 11767 11837 11836
f 11767 11768 11838 11837
f 11768 11769 11839 11838
f 11769 11770 11840 11839
f 11770 11771 11841 11840
f 11771 11772 11842 11841
f 11772 11773 11843 11842
f 11773 11774 11844 11843
f 11774 11775 11845 11844
f 11775 11776 11846 11845
f 11776 11777 11847 11846
f 11777 11778 11848 11847
f 11778 11779 11849 11848
f 11779 11780 11850 11849
f 11780 11781 11851 11850
f 11781 11782 11852 11851
f 11782 11783 11853 11852
f 11783 11784 11854 11853
f 11784 11785 11855 11854
f 11785 11786 11856 11855
f 11786 11787 11857 11856
f 11787 11788 11858 11857
f 11788 11789 11859 11858
f 11789 11790 11860 11859
f 11790 11791 11861 11860
f 11791 11792 11862 11861
f 11792 11793 11863 11862
f 11793 11794 11864 11863
f 11794 11795 11865 11864
f 11795 11796 11866 11865
f 11796 11797 11867 11866
f 11797 11798 11868 11867
f 11798 11799 11869 11868
f 11799 11800 11870 11869
f 11800 11801 11871 11870
f 11801 11802 11872 11871
f 11802 11803 11873 11872
f 11803 11804 11874 11873
f 11804 11805 11875 11874
f 11805 11806 11876 11875
f 11806 11807 11877 11876
f 11807 11808 11878 11877
f 11808 11809 11879 11878
f 11809 11810 11880 11879
f 11810 11811 11881 11880
f 11811 11812 11882 11881
f 11812 11813 11883 11882
f 11813 11814 11884 11883
f 11814 11815 11885 11884
f 11815 11816 11886 11885
f 11816 11817 11887 11886
f 11817 11818 11888 11887
f 11818 11819 11889 11888
f 11819 11820 11890 11889
f 11820 11821 11891 11890
f 11821 11822 11892 11891
f 11822 11823 11893 11892
f 11823 11824 11894 11893
f 11824 11825 11895 11894
f 11825 11826 11896 11895
f 11826 11827 11897 11896
f 11827 11828 11898 11897
f 11828 11829 11899 11898
f 11829 11830 11900 11899
f 11830 11761 11831 11900
f 11831 11832 11902 11901
f 11832 11833 11903 11902
f 11833 11834 11904 11903
f 11834 11835 11905 11904
f 11835 11836 11906 11905
f 11836 11837 11907 11906
f 11837 11838 11908 11907
f 11838 11839 11909 11908
f 11839 11840 11910 11909
f 11840 11841 11911 11910
f 11841 11842 11912 11911
f 11842 11843 11913 11912
f 11843 11844 11914 11913
f 11844 11845 11915 11914
f 11845 11846 11916 11915
f 11846 11847 11917 11916
f 11847 11848 11918 11917
f 11848 11849 11919 11918
f 11849 11850 11920 11919
f 11850 11851 11921 11920
f 11851 11852 11922 11921
f 11852 11853 11923 11922
f 11853 11854 11924 11923
f 11854 11855 11925 11924
f 11855 11856 11926 11925
f 11856 11857 11927 11926
f 11857 11858 11928 11927
f 11858 11859 11929 11928
f 11859 11860 11930 11929
f 11860 11861 11931 11930
f 11861 11862 11932 11931
f 11862 11863 11933 11932
f 11863 11864 11934 11933
f 11864 11865 11935 11934
f 11865 11866 11936 11935
f 11866 11867 11937 11936
f 11867 11868 11938 11937
f 11868 11869 11939 11938
f 11869 11870 11940 11939
f 11870 11871 11941 11940
f 11871 11872 11942 11941
f 11872 11873 11943 11942
f 11873 11874 11944 11943
f 11874 11875 11945 11944
f 11875 11876 11946 11945
f 11876 11877 11947 11946
f 11877 11878 11948 11947
f 11878 11879 11949 11948
f 11879 11880 11950 11949
f 11880 11881 11951 11950
f 11881 11882 11952 11951
f 11882 11883 11953 11952
f 11883 11884 11954 11953
f 11884 11885 11955 11954
f 11885 11886 11956 11955
f 11886 11887 11957 11956
f 11887 11888 11958 11957
f 11888 11889 11959 11958
f 11889 11890 11960 11959
f 11890 11891 11961 11960
f 11891 11892 11962 11961
f 11892 11893 11963 11962
f 11893 11894 11964 11963
f 11894 11895 11965 11964
f 11895 11896 11966 11965
f 11896 11897 11967 11966
f 11897 11898 11968 11967
f 11898 11899 11969 11968
f 11899 11900 11970 11969
f 11900 11831 11901 11970
f 11901 11902 11972 11971
f 11902 11903 11973 11972
f 11903 11904 11974 11973
f 11904 11905 11975 11974
f 11905 11906 11976 11975
f 11906 11907 11977 11976
f 11907 11908 11978 11977
f 11908 11909 11979 11978
f 11909 11910 11980 11979
f 11910 11911 11981 11980
f 11911 11912 11982 11981
f 11912 11913 11983 11982
f 11913 11914 11984 11983
f 11914 11915 11985 11984
f 11915 11916 11986 11985
f 11916 11917 11987 11986
f 11917 11918 11988 11987
f 11918 11919 11989 11988
f 11919 11920 11990 11989
f 11920 11921 11991 11990
f 11921 11922 11992 11991
f 11922 11923 11993 11992
f 11923 11924 11994 11993
f 11924 11925 11995 11994
f 11925 11926 11996 11995
f 11926 11927 11997 11996
f 11927 11928 11998 11997
f 11928 11929 11999 11998
f 11929 11930 12000 11999
f 11930 11931 12001 12000
f 11931 11932 12002 12001
f 11932 11933 12003 12002
f 11933 11934 12004 12003
f 11934 11935 12005 12004
f 11935 11936 12006 12005
f 11936 11937 12007 12006
f 11937 11938 12008 12007
f 11938 11939 12009 12008
f 11939 11940 12010 12009
f 11940 11941 12011 12010
f 11941 11942 12012 12011
f 11942 11943 12013 12012
f 11943 11944 12014 12013
f 11944 11945 12015 12014
f 11945 11946 12016 12015
f 11946 11947 12017 12016
f 11947 11948 12018 12017
f 11948 11949 12019 12018
f 11949 11950 12020 12019
f 11950 11951 12021 12020
f 11951 11952 12022 12021
f 11952 11953 12023 12022
f 11953 11954 12024 12023
f 11954 11955 12025 12024
f 11955 11956 12026 12025
f 11956 11957 12027 12026
f 11957 11958 12028 12027
f 11958 11959 12029 12028
f 11959 11960 12030 12029
f 11960 11961 12031 12030
f 11961 11962 12032 12031
f 11962 11963 12033 12032
f 11963 11964 12034 12033
f 11964 11965 12035 12034
f 11965 11966 12036 12035
f 11966 11967 12037 12036
f 11967 11968 12038 12037
f 11968 11969 12039 12038
f 11969 11970 12040 12039
f 11970 11901 11971 12040
f 11971 11972 12042 12041
f 11972 11973 12043 12042
f 11973 11974 12044 12043
f 11974 11975 12045 12044
f 11975 11976 12046 12045
f 11976 11977 12047 12046
f 11977 11978 12048 12047
f 11978 11979 12049 12048
f 11979 11980 12050 12049
f 11980 11981 12051 12050
f 11981 11982 12052 12051
f 11982 11983 12053 12052
f 11983 11984 12054 12053
f 11984 11985 12055 12054
f 11985 11986 12056 12055
f 11986 11987 12057 12056
f 11987 11988 12058 12057
f 11988 11989 12059 12058
f 11989 11990 12060 12059
f 11990 11991 12061 12060
f 11991 11992 12062 12061
f 11992 11993 12063 12062
f 11993 11994 12064 12063
f 11994 11995 12065 12064
f 11995 11996 12066 12065
f 11996 11997 12067 12066
f 11997 11998 12068 12067
f 11998 11999 12069 12068
f 11999 12000 12070 12069
f 12000 12001 12071 12070
f 12001 12002 12072 12071
f 12002 12003 12073 12072
f 12003 12004 12074 12073
f 12004 12005 12075 12074
f 12005 12006 12076 12075
f 12006 12007 12077 12076
f 12007 12008 12078 12077
f 12008 12009 12079 12078
f 12009 12010 12080 12079
f 12010 12011 12081 12080
f 12011 12012 12082 12081
f 12012 12013 12083 12082
f 12013 12014 12084 12083
f 12014 12015 12085 12084
f 12015 12016 12086 12085
f 12016 12017 12087 12086
f 12017 12018 12088 12087
f 12018 12019 12089 12088
f 12019 12020 12090 12089
f 12020 12021 12091 12090
f 12021 12022 12092 12091
f 12022 12023 12093 12092
f 12023 12024 12094 12093
f 12024 12025 12095 12094
f 12025 12026 12096 12095
f 12026 12027 12097 12096
f 12027 12028 12098 12097
f 12028 12029 12099 12098
f 12029 12030 12100 12099
f 12030 12031 12101 12100
f 12031 12032 12102 12101
f 12032 12033 12103 12102
f 12033 12034 12104 12103
f 12034 12035 12105 12104
f 12035 12036 12106 12105
f 12036 12037 12107 12106
f 12037 12038 12108 12107
f 12038 12039 12109 12108
f 12039 12040 12110 12109
f 12040 11971 12041 12110
f 12041 12042 12112 12111
f 12042 12043 12113 12112
f 12043 12044 12114 12113
f 12044 12045 12115 12114
f 12045 12046 12116 12115
f 12046 12047 12117 12116
f 12047 12048 12118 12117
f 12048 12049 12119 12118
f 12049 12050 12120 12119
f 12050 12051 12121 12120
f 12051 12052 12122 12121
f 12052 12053 12123 12122
f 12053 12054 12124 12123
f 12054 12055 12125 12124
f 12055 12056 12126 12125
f 12056 12057 12127 12126
f 12057 12058 12128 12127
f 12058 12059 12129 12128
f 12059 12060 12130 12129
f 12060 12061 12131 12130
f 12061 12062 12132 12131
f 12062 12063 12133 12132
f 12063 12064 12134 12133
f 12064 12065 12135 12134
f 12065 12066 12136 12135
f 12066 12067 12137 12136
f 12067 12068 12138 12137
f 12068 12069 12139 12138
f 12069 12070 12140 12139
f 12070 12071 12141 12140
f 12071 12072 12142 12141
f 12072 12073 12143 12142
f 12073 12074 12144 12143
f 12074 12075 12145 12144
f 12075 12076 12146 12145
f 12076 12077 12147 12146
f 12077 12078 12148 12147
f 12078 12079 12149 12148
f 12079 12080 12150 12149
f 12080 12081 12151 12150
f 12081 12082 12152 12151
f 12082 12083 12153 12152
f 12083 12084 12154 12153
f 12084 12085 12155 12154
f 12085 12086 12156 12155
f 12086 12087 12157 12156
f 12087 12088 12158 12157
f 12088 12089 12159 12158
f 12089 12090 12160 12159
f 12090 12091 12161 12160
f 12091 12092 12162 12161
f 12092 12093 12163 12162
f 12093 12094 12164 12163
f 12094 12095 12165 12164
f 12095 12096 12166 12165
f 12096 12097 12167 12166
f 12097 12098 12168 12167
f 12098 12099 12169 12168
f 12099 12100 12170 12169
f 12100 12101 12171 12170
f 12101 12102 12172 12171
f 12102 12103 12173 12172
f 12103 12104 12174 12173
f 12104 12105 12175 12174
f 12105 12106 12176 12175
f 12106 12107 12177 12176
f 12107 12108 12178 12177
f 12108 12109 12179 12178
f 12109 12110 12180 12179
f 12110 12041 12111 12180
f 12111 12112 12182 12181
f 12112 12113 12183 12182
f 12113 12114 12184 12183
f 12114 12115 12185 12184
f 12115 12116 12186 12185
f 12116 12117 12187 12186
f 12117 12118 12188 12187
f 12118 12119 12189 12188
f 12119 12120 12190 12189
f 12120 12121 12191 12190
f 12121 12122 12192 12191
f 12122 12123 12193 12192
f 12123 12124 12194 12193
f 12124 12125 12195 12194
f 12125 12126 12196 12195
f 12126 12127 12197 12196
f 12127 12128 12198 12197
f 12128 12129 12199 12198
f 12129 12130 12200 12199
f 12130 12131 12201 12200
f 12131 12132 12202 12201
f 12132 12133 12203 12202
f 12133 12134 12204 12203
f 12134 12135 12205 12204
f 12135 12136 12206 12205
f 12136 12137 12207 12206
f 12137 12138 12208 12207
f 12138 12139 12209 12208
f 12139 12140 12210 12209
f 12140 12141 12211 12210
f 12141 12142 12212 12211
f 12142 12143 12213 12212
f 12143 12144 12214 12213
f 12144 12145 12215 12214
f 12145 12146 12216 12215
f 12146 12147 12217 12216
f 12147 12148 12218 12217
f 12148 12149 12219 12218
f 12149 12150 12220 12219
f 12150 12151 12221 12220
f 12151 12152 12222 12221
f 12152 12153 12223 12222
f 12153 12154 12224 12223
f 12154 12155 12225 12224
f 12155 12156 12226 12225
f 12156 12157 12227 12226
f 12157 12158 12228 12227
f 12158 12159 12229 12228
f 12159 12160 12230 12229
f 12160 12161 12231 12230
f 12161 12162 12232 12231
f 12162 12163 12233 12232
f 12163 12164 12234 12233
f 12164 12165 12235 12234
f 12165 12166 12236 12235
f 12166 12167 12237 12236
f 12167 12168 12238 12237
f 12168 12169 12239 12238
f 12169 12170 12240 12239
f 12170 12171 12241 12240
f 12171 12172 12242 12241
f 12172 12173 12243 12242
f 12173 12174 12244 12243
f 12174 12175 12245 12244
f 12175 12176 12246 12245
f 12176 12177 12247 12246
f 12177 12178 12248 12247
f 12178 12179 12249 12248
f 12179 12180 12250 12249
f 12180 12111 12181 12250
f 12181 12182 12252 12251
f 12182 12183 12253 12252
f 12183 12184 12254 12253
f 12184 12185 12255 12254
f 12185 12186 12256 12255
f 12186 12187 12257 12256
f 12187 12188 12258 12257
f 12188 12189 12259 12258
f 12189 12190 12260 12259
f 12190 12191 12261 12260
f 12191 12192 12262 12261
f 12192 12193 12263 12262
f 12193 12194 12264 12263
f 12194 12195 12265 12264
f 12195 12196 12266 12265
f 12196 12197 12267 12266
f 12197 12198 12268 12267
f 12198 12199 12269 12268
f 12199 12200 12270 12269
f 12200 12201 12271 12270
f 12201 12202 12272 12271
f 12202 12203 12273 12272
f 12203 12204 12274 12273
f 12204 12205 12275 12274
f 12205 12206 12276 12275
f 12206 12207 12277 12276
f 12207 12208 12278 12277
f 12208 12209 12279 12278
f 12209 12210 12280 12279
f 12210 12211 12281 12280
f 12211 12212 12282 12281
f 12212 12213 12283 12282
f 12213 12214 12284 12283
f 12214 12215 12285 12284
f 12215 12216 12286 12285
f 12216 12217 12287 12286
f 12217 12218 12288 12287
f 12218 12219 12289 12288
f 12219 12220 12290 12289
f 12220 12221 12291 12290
f 12221 12222 12292 12291
f 12222 12223 12293 12292
f 12223 12224 12294 12293
f 12224 12225 12295 12294
f 12225 12226 12296 12295
f 12226 12227 12297 12296
f 12227 12228 12298 12297
f 12228 12229 12299 12298
f 12229 12230 12300 12299
f 12230 12231 12301 12300
f 12231 12232 12302 12301
f 12232 12233 12303 12302
f 12233 12234 12304 12303
f 12234 12235 12305 12304
f 12235 12236 12306 12305
f 12236 12237 12307 12306
f 12237 12238 12308 12307
f 12238 12239 12309 12308
f 12239 12240 12310 12309
f 12240 12241 12311 12310
f 12241 12242 12312 12311
f 12242 12243 12313 12312
f 12243 12244 12314 12313
f 12244 12245 12315 12314
f 12245 12246 12316 12315
f 12246 12247 12317 12316
f 12247 12248 12318 12317
f 12248 12249 12319 12318
f 12249 12250 12320 12319
f 12250 12181 12251 12320
f 12251 12252 12322 12321
f 12252 12253 12323 12322
f 12253 12254 12324 12323
f 12254 12255 12325 12324
f 12255 12256 12326 12325
f 12256 12257 12327 12326
f 12257 12258 12328 12327
f 12258 12259 12329 12328
f 12259 12260 12330 12329
f 12260 12261 12331 12330
f 12261 12262 12332 12331
f 12262 12263 12333 12332
f 12263 12264 12334 12333
f 12264 12265 12335 12334
f 12265 12266 12336 12335
f 12266 12267 12337 12336
f 12267 12268 12338 12337
f 12268 12269 12339 12338
f 12269 12270 12340 12339
f 12270 12271 12341 12340
f 12271 12272 12342 12341
f 12272 12273 12343 12342
f 12273 12274 12344 12343
f 12274 12275 12345 12344
f 12275 12276 12346 12345
f 12276 12277 12347 12346
f 12277 12278 12348 12347
f 12278 12279 12349 12348
f 12279 12280 12350 12349
f 12280 12281 12351 12350
f 12281 12282 12352 12351
f 12282 12283 12353 12352
f 12283 12284 12354 12353
f 12284 12285 12355 12354
f 12285 12286 12356 12355
f 12286 12287 12357 12356
f 12287 12288 12358 12357
f 12288 12289 12359 12358
f 12289 12290 12360 12359
f 12290 12291 12361 12360
f 12291 12292 12362 12361
f 12292 12293 12363 12362
f 12293 12294 12364 12363
f 12294 12295 12365 12364
f 12295 12296 12366 12365
f 12296 12297 12367 12366
f 12297 12298 12368 12367
f 12298 12299 12369 12368
f 12299 12300 12370 12369
f 12300 12301 12371 12370
f 12301 12302 12372 12371
f 12302 12303 12373 12372
f 12303 12304 12374 12373
f 12304 12305 12375 12374
f 12305 12306 12376 12375
f 12306 12307 12377 12376
f 12307 12308 12378 12377
f 12308 12309 12379 12378
f 12309 12310 12380 12379
f 12310 12311 12381 12380
f 12311 12312 12382 12381
f 12312 12313 12383 12382
f 12313 12314 12384 12383
f 12314 12315 12385 12384
f 12315 12316 12386 12385
f 12316 12317 12387 12386
f 12317 12318 12388 12387
f 12318 12319 12389 12388
f 12319 12320 12390 12389
f 12320 12251 12321 12390
f 12321 12322 12392 12391
f 12322 12323 12393 12392
f 12323 12324 12394 12393
f 12324 12325 12395 12394
f 12325 12326 12396 12395
f 12326 12327 12397 12396
f 12327 12328 12398 12397
f 12328 12329 12399 12398
f 12329 12330 12400 12399
f 12330 12331 12401 12400
f 12331 12332 12402 12401
f 12332 12333 12403 12402
f 12333 12334 12404 12403
f 12334 12335 12405 12404
f 12335 12336 12406 12405
f 12336 12337 12407 12406
f 12337 12338 12408 12407
f 12338 12339 12409 12408
f 12339 12340 12410 12409
f 12340 12341 12411 12410
f 12341 12342 12412 12411
f 12342 12343 12413 12412
f 12343 12344 12414 12413
f 12344 12345 12415 12414
f 12345 12346 12416 12415
f 12346 12347 12417 12416
f 12347 12348 12418 12417
f 12348 12349 12419 12418
f 12349 12350 12420 12419
f 12350 12351 12421 12420
f 12351 12352 12422 12421
f 12352 12353 12423 12422
f 12353 12354 12424 12423
f 12354 12355 12425 12424
f 12355 12356 12426 12425
f 12356 12357 12427 12426
f 12357 12358 12428 12427
f 12358 12359 12429 12428
f 12359 12360 12430 12429
f 12360 12361 12431 12430
f 12361 12362 12432 12431
f 12362 12363 12433 12432
f 12363 12364 12434 12433
f 12364 12365 12435 12434
f 12365 12366 12436 12435
f 12366 12367 12437 12436
f 12367 12368 12438 12437
f 12368 12369 12439 12438
f 12369 12370 12440 12439
f 12370 12371 12441 12440
f 12371 12372 12442 12441
f 12372 12373 12443 12442
f 12373 12374 12444 12443
f 12374 12375 12445 12444
f 12375 12376 12446 12445
f 12376 12377 12447 12446
f 12377 12378 12448 12447
f 12378 12379 12449 12448
f 12379 12380 12450 12449
f 12380 12381 12451 12450
f 12381 12382 12452 12451
f 12382 12383 12453 12452
f 12383 12384 12454 12453
f 12384 12385 12455 12454
f 12385 12386 12456 12455
f 12386 12387 12457 12456
f 12387 12388 12458 12457
f 12388 12389 12459 12458
f 12389 12390 12460 12459
f 12390 12321 12391 12460
f 12391 12392 12462 12461
f 12392 12393 12463 12462
f 12393 12394 12464 12463
f 12394 12395 12465 12464
f 12395 12396 12466 12465
f 12396 12397 12467 12466
f 12397 12398 12468 12467
f 12398 12399 12469 12468
f 12399 12400 12470 12469
f 12400 12401 12471 12470
f 12401 12402 12472 12471
f 12402 12403 12473 12472
f 12403 12404 12474 12473
f 12404 12405 12475 12474
f 12405 12406 12476 12475
f 12406 12407 12477 12476
f 12407 12408 12478 12477
f 12408 12409 12479 12478
f 12409 12410 12480 12479
f 12410 12411 12481 12480
f 12411 12412 12482 12481
f 12412 12413 12483 12482
f 12413 12414 12484 12483
f 12414 12415 12485 12484
f 12415 12416 12486 12485
f 12416 12417 12487 12486
f 12417 12418 12488 12487
f 12418 12419 12489 12488
f 12419 12420 12490 12489
f 12420 12421 12491 12490
f 12421 12422 12492 12491
f 12422 12423 12493 12492
f 12423 12424 12494 12493
f 12424 12425 12495 12494
f 12425 12426 12496 12495
f 12426 12427 12497 12496
f 12427 12428 12498 12497
f 12428 12429 12499 12498
f 12429 12430 12500 12499
f 12430 12431 12501 12500
f 12431 12432 12502 12501
f 12432 12433 12503 12502
f 12433 12434 12504 12503
f 12434 12435 12505 12504
f 12435 12436 12506 12505
f 12436 12437 12507 12506
f 12437 12438 12508 12507
f 12438 12439 12509 12508
f 12439 12440 12510 12509
f 12440 12441 12511 12510
f 12441 12442 12512 12511
f 12442 12443 12513 12512
f 12443 12444 12514 12513
f 12444 12445 12515 12514
f 12445 12446 12516 12515
f 12446 12447 12517 12516
f 12447 12448 12518 12517
f 12448 12449 12519 12518
f 12449 12450 12520 12519
f 12450 12451 12521 12520
f 12451 12452 12522 12521
f 12452 12453 12523 12522
f 12453 12454 12524 12523
f 12454 12455 12525 12524
f 12455 12456 12526 12525
f 12456 12457 12527 12526
f 12457 12458 12528 12527
f 12458 12459 12529 12528
f 12459 12460 12530 12529
f 12460 12391 12461 12530
f 12461 12462 12532 12531
f 12462 12463 12533 12532
f 12463 12464 12534 12533
f 12464 12465 12535 12534
f 12465 12466 12536 12535
f 12466 12467 12537 12536
f 12467 12468 12538 12537
f 12468 12469 12539 12538
f 12469 12470 12540 12539
f 12470 12471 12541 12540
f 12471 12472 12542 12541
f 12472 12473 12543 12542
f 12473 12474 12544 12543
f 12474 12475 12545 12544
f 12475 12476 12546 12545
f 12476 12477 12547 12546
f 12477 12478 12548 12547
f 12478 12479 12549 12548
f 12479 12480 12550 12549
f 12480 12481 12551 12550
f 12481 12482 12552 12551
f 12482 12483 12553 12552
f 12483 12484 12554 12553
f 12484 12485 12555 12554
f 12485 12486 12556 12555
f 12486 12487 12557 12556
f 12487 12488 12558 12557
f 12488 12489 12559 12558
f 12489 12490 12560 12559
f 12490 12491 12561 12560
f 12491 12492 12562 12561
f 12492 12493 12563 12562
f 12493 12494 12564 12563
f 12494 12495 12565 12564
f 12495 12496 12566 12565
f 12496 12497 12567 12566
f 12497 12498 12568 12567
f 12498 12499 12569 12568
f 12499 12500 12570 12569
f 12500 12501 12571 12570
f 12501 12502 12572 12571
f 12502 12503 12573 12572
f 12503 12504 12574 12573
f 12504 12505 12575 12574
f 12505 12506 12576 12575
f 12506 12507 12577 12576
f 12507 12508 12578 12577
f 12508 12509 12579 12578
f 12509 12510 12580 12579
f 12510 12511 12581 12580
f 12511 12512 12582 12581
f 12512 12513 12583 12582
f 12513 12514 12584 12583
f 12514 12515 12585 12584
f 12515 12516 12586 12585
f 12516 12517 12587 12586
f 12517 12518 12588 12587
f 12518 12519 12589 12588
f 12519 12520 12590 12589
f 12520 12521 12591 12590
f 12521 12522 12592 12591
f 12522 12523 12593 12592
f 12523 12524 12594 12593
f 12524 12525 12595 12594
f 12525 12526 12596 12595
f 12526 12527 12597 12596
f 12527 12528 12598 12597
f 12528 12529 12599 12598
f 12529 12530 12600 12599
f 12530 12461 12531 12600
f 12531 12532 12602 12601
f 12532 12533 12603 12602
f 12533 12534 12604 12603
f 12534 12535 12605 12604
f 12535 12536 12606 12605
f 12536 12537 12607 12606
f 12537 12538 12608 12607
f 12538 12539 12609 12608
f 12539 12540 12610 12609
f 12540 12541 12611 12610
f 12541 12542 12612 12611
f 12542 12543 12613 12612
f 12543 12544 12614 12613
f 12544 12545 12615 12614
f 12545 12546 12616 12615
f 12546 12547 12617 12616
f 12547 12548 12618 12617
f 12548 12549 12619 12618
f 12549 12550 12620 12619
f 12550 12551 12621 12620
f 12551 12552 12622 12621
f 12552 12553 12623 12622
f 12553 12554 12624 12623
f 12554 12555 12625 12624
f 12555 12556 12626 12625
f 12556 12557 12627 12626
f 12557 12558 12628 12627
f 12558 12559 12629 12628
f 12559 12560 12630 12629
f 12560 12561 12631 12630
f 12561 12562 12632 12631
f 12562 12563 12633 12632
f 12563 12564 12634 12633
f 12564 12565 12635 12634
f 12565 12566 12636 12635
f 12566 12567 12637 12636
f 12567 12568 12638 12637
f 12568 12569 12639 12638
f 12569 12570 12640 12639
f 12570 12571 12641 12640
f 12571 12572 12642 12641
f 12572 12573 12643 12642
f 12573 12574 12644 12643
f 12574 12575 12645 12644
f 12575 12576 12646 12645
f 12576 12577 12647 12646
f 12577 12578 12648 12647
f 12578 12579 12649 12648
f 12579 12580 12650 12649
f 12580 12581 12651 12650
f 12581 12582 12652 12651
f 12582 12583 12653 12652
f 12583 12584 12654 12653
f 12584 12585 12655 12654
f 12585 12586 12656 12655
f 12586 12587 12657 12656
f 12587 12588 12658 12657
f 12588 12589 12659 12658
f 12589 12590 12660 12659
f 12590 12591 12661 12660
f 12591 12592 12662 12661
f 12592 12593 12663 12662
f 12593 12594 12664 12663
f 12594 12595 12665 12664
f 12595 12596 12666 12665
f 12596 12597 12667 12666
f 12597 12598 12668 12667
f 12598 12599 12669 12668
f 12599 12600 12670 12669
f 12600 12531 12601 12670
f 12601 12602 12672 12671
f 12602 12603 12673 12672
f 12603 12604 12674 12673
f 12604 12605 12675 12674
f 12605 12606 12676 12675
f 12606 12607 12677 12676
f 12607 12608 12678 12677
f 12608 12609 12679 12678
f 12609 12610 12680 12679
f 12610 12611 12681 12680
f 12611 12612 12682 12681
f 12612 12613 12683 12682
f 12613 12614 12684 12683
f 12614 12615 12685 12684
f 12615 12616 12686 12685
f 12616 12617 12687 12686
f 12617 12618 12688 12687
f 12618 12619 12689 12688
f 12619 12620 12690 12689
f 12620 12621 12691 12690
f 12621 12622 12692 12691
f 12622 12623 12693 12692
f 12623 12624 12694 12693
f 12624 12625 12695 12694
f 12625 12626 12696 12695
f 12626 12627 12697 12696
f 12627 12628 12698 12697
f 12628 12629 12699 12698
f 12629 12630 12700 12699
f 12630 12631 12701 12700
f 12631 12632 12702 12701
f 12632 12633 12703 12702
f 12633 12634 12704 12703
f 12634 12635 12705 12704
f 12635 12636 12706 12705
f 12636 12637 12707 12706
f 12637 12638 12708 12707
f 12638 12639 12709 12708
f 12639 12640 12710 12709
f 12640 12641 12711 12710
f 12641 12642 12712 12711
f 12642 12643 12713 12712
f 12643 12644 12714 12713
f 12644 12645 12715 12714
f 12645 12646 12716 12715
f 12646 12647 12717 12716
f 12647 12648 12718 12717
f 12648 12649 12719 12718
f 12649 12650 12720 12719
f 12650 12651 12721 12720
f 12651 12652 12722 12721
f 12652 12653 12723 12722
f 12653 12654 12724 12723
f 12654 12655 12725 12724
f 12655 12656 12726 12725
f 12656 12657 12727 12726
f 12657 12658 12728 12727
f 12658 12659 12729 12728
f 12659 12660 12730 12729
f 12660 12661 12731 12730
f 12661 12662 12732 12731
f 12662 12663 12733 12732
f 12663 12664 12734 12733
f 12664 12665 12735 12734
f 12665 12666 12736 12735
f 12666 12667 12737 12736
f 12667 12668 12738 12737
f 12668 12669 12739 12738
f 12669 12670 12740 12739
f 12670 12601 12671 12740
f 12671 12672 12742 12741
f 12672 12673 12743 12742
f 12673 12674 12744 12743
f 12674 12675 12745 12744
f 12675 12676 12746 12745
f 12676 12677 12747 12746
f 12677 12678 12748 12747
f 12678 12679 12749 12748
f 12679 12680 12750 12749
f 12680 12681 12751 12750
f 12681 12682 12752 12751
f 12682 12683 12753 12752
f 12683 12684 12754 12753
f 12684 12685 12755 12754
f 12685 12686 12756 12755
f 12686 12687 12757 12756
f 12687 12688 12758 12757
f 12688 12689 12759 12758
f 12689 12690 12760 12759
f 12690 12691 12761 12760
f 12691 12692 12762 12761
f 12692 12693 12763 12762
f 12693 12694 12764 12763
f 12694 12695 12765 12764
f 12695 12696 12766 12765
f 12696 12697 12767 12766
f 12697 12698 12768 12767
f 12698 12699 12769 12768
f 12699 12700 12770 12769
f 12700 12701 12771 12770
f 12701 12702 12772 12771
f 12702 12703 12773 12772
f 12703 12704 12774 12773
f 12704 12705 12775 12774
f 12705 12706 12776 12775
f 12706 12707 12777 12776
f 12707 12708 12778 12777
f 12708 12709 12779 12778
f 12709 12710 12780 12779
f 12710 12711 12781 12780
f 12711 12712 12782 12781
f 12712 12713 12783 12782
f 12713 12714 12784 12783
f 12714 12715 12785 12784
f 12715 12716 12786 12785
f 12716 12717 12787 12786
f 12717 12718 12788 12787
f 12718 12719 12789 12788
f 12719 12720 12790 12789
f 12720 12721 12791 12790
f 12721 12722 12792 12791
f 12722 12723 12793 12792
f 12723 12724 12794 12793
f 12724 12725 12795 12794
f 12725 12726 12796 12795
f 12726 12727 12797 12796
f 12727 12728 12798 12797
f 12728 12729 12799 12798
f 12729 12730 12800 12799
f 12730 12731 12801 12800
f 12731 12732 12802 12801
f 12732 12733 12803 12802
f 12733 12734 12804 12803
f 12734 12735 12805 12804
f 12735 12736 12806 12805
f 12736 12737 12807 12806
f 12737 12738 12808 12807
f 12738 12739 12809 12808
f 12739 12740 12810 12809
f 12740 12671 12741 12810
f 12741 12742 12812 12811
f 12742 12743 12813 12812
f 12743 12744 12814 12813
f 12744 12745 12815 12814
f 12745 12746 12816 12815
f 12746 12747 12817 12816
f 12747 12748 12818 12817
f 12748 12749 12819 12818
f 12749 12750 12820 12819
f 12750 12751 12821 12820
f 12751 12752 12822 12821
f 12752 12753 12823 12822
f 12753 12754 12824 12823
f 12754 12755 12825 12824
f 12755 12756 12826 12825
f 12756 12757 12827 12826
f 12757 12758 12828 12827
f 12758 12759 12829 12828
f 12759 12760 12830 12829
f 12760 12761 12831 12830
f 12761 12762 12832 12831
f 12762 12763 12833 12832
f 12763 12764 12834 12833
f 12764 12765 12835 12834
f 12765 12766 12836 12835
f 12766 12767 12837 12836
f 12767 12768 12838 12837
f 12768 12769 12839 12838
f 12769 12770 12840 12839
f 12770 12771 12841 12840
f 12771 12772 12842 12841
f 12772 12773 12843 12842
f 12773 12774 12844 12843
f 12774 12775 12845 12844
f 12775 12776 12846 12845
f 12776 12777 12847 12846
f 12777 12778 12848 12847
f 12778 12779 12849 12848
f 12779 12780 12850 12849
f 12780 12781 12851 12850
f 12781 12782 12852 12851
f 12782 12783 12853 12852
f 12783 12784 12854 12853
f 12784 12785 12855 12854
f 12785 12786 12856 12855
f 12786 12787 12857 12856
f 12787 12788 12858 12857
f 12788 12789 12859 12858
f 12789 12790 12860 12859
f 12790 12791 12861 12860
f 12791 12792 12862 12861
f 12792 12793 12863 12862
f 12793 12794 12864 12863
f 12794 12795 12865 12864
f 12795 12796 12866 12865
f 12796 12797 12867 12866
f 12797 12798 12868 12867
f 12798 12799 12869 12868
f 12799 12800 12870 12869
f 12800 12801 12871 12870
f 12801 12802 12872 12871
f 12802 12803 12873 12872
f 12803 12804 12874 12873
f 12804 12805 12875 12874
f 12805 12806 12876 12875
f 12806 12807 12877 12876
f 12807 12808 12878 12877
f 12808 12809 12879 12878
f 12809 12810 12880 12879
f 12810 12741 12811 12880
f 12811 12812 12882 12881
f 12812 12813 12883 12882
f 12813 12814 12884 12883
f 12814 12815 12885 12884
f 12815 12816 12886 12885
f 12816 12817 12887 12886
f 12817 12818 12888 12887
f 12818 12819 12889 12888
f 12819 12820 12890 12889
f 12820 12821 12891 12890
f 12821 12822 12892 12891
f 12822 12823 12893 12892
f 12823 12824 12894 12893
f 12824 12825 12895 12894
f 12825 12826 12896 12895
f 12826 12827 12897 12896
f 12827 12828 12898 12897
f 12828 12829 12899 12898
f 12829 12830 12900 12899
f 12830 12831 12901 12900
f 12831 12832 12902 12901
f 12832 12833 12903 12902
f 12833 12834 12904 12903
f 12834 12835 12905 12904
f 12835 12836 12906 12905
f 12836 12837 12907 12906
f 12837 12838 12908 12907
f 12838 12839 12909 12908
f 12839 12840 12910 12909
f 12840 12841 12911 12910
f 12841 12842 12912 12911
f 12842 12843 12913 12912
f 12843 12844 12914 12913
f 12844 12845 12915 12914
f 12845 12846 12916 12915
f 12846 12847 12917 12916
f 12847 12848 12918 12917
f 12848 12849 12919 12918
f 12849 12850 12920 12919
f 12850 12851 12921 12920
f 12851 12852 12922 12921
f 12852 12853 12923 12922
f 12853 12854 12924 12923
f 12854 12855 12925 12924
f 12855 12856 12926 12925
f 12856 12857 12927 12926
f 12857 12858 12928 12927
f 12858 12859 12929 12928
f 12859 12860 12930 12929
f 12860 12861 12931 12930
f 12861 12862 12932 12931
f 12862 12863 12933 12932
f 12863 12864 12934 12933
f 12864 12865 12935 12934
f 12865 12866 12936 12935
f 12866 12867 12937 12936
f 12867 12868 12938 12937
f 12868 12869 12939 12938
f 12869 12870 12940 12939
f 12870 12871 12941 12940
f 12871 12872 12942 12941
f 12872 12873 12943 12942
f 12873 12874 12944 12943
f 12874 12875 12945 12944
f 12875 12876 12946 12945
f 12876 12877 12947 12946
f 12877 12878 12948 12947
f 12878 12879 12949 12948
f 12879 12880 12950 12949
f 12880 12811 12881 12950
f 12881 12882 12952 12951
f 12882 12883 12953 12952
f 12883 12884 12954 12953
f 12884 12885 12955 12954
f 12885 12886 12956 12955
f 12886 12887 12957 12956
f 12887 12888 12958 12957
f 12888 12889 12959 12958
f 12889 12890 12960 12959
f 12890 12891 12961 12960
f 12891 12892 12962 12961
f 12892 12893 12963 12962
f 12893 12894 12964 12963
f 12894 12895 12965 12964
f 12895 12896 12966 12965
f 12896 12897 12967 12966
f 12897 12898 12968 12967
f 12898 12899 12969 12968
f 12899 12900 12970 12969
f 12900 12901 12971 12970
f 12901 12902 12972 12971
f 12902 12903 12973 12972
f 12903 12904 12974 12973
f 12904 12905 12975 12974
f 12905 12906 12976 12975
f 12906 12907 12977 12976
f 12907 12908 12978 12977
f 12908 12909 12979 12978
f 12909 12910 12980 12979
f 12910 12911 12981 12980
f 12911 12912 12982 12981
f 12912 12913 12983 12982
f 12913 12914 12984 12983
f 12914 12915 12985 12984
f 12915 12916 12986 12985
f 12916 12917 12987 12986
f 12917 12918 12988 12987
f 12918 12919 12989 12988
f 12919 12920 12990 12989
f 12920 12921 12991 12990
f 12921 12922 12992 12991
f 12922 12923 12993 12992
f 12923 12924 12994 12993
f 12924 12925 12995 12994
f 12925 12926 12996 12995
f 12926 12927 12997 12996
f 12927 12928 12998 12997
f 12928 12929 12999 12998
f 12929 12930 13000 12999
f 12930 12931 13001 13000
f 12931 12932 13002 13001
f 12932 12933 13003 13002
f 12933 12934 13004 13003
f 12934 12935 13005 13004
f 12935 12936 13006 13005
f 12936 12937 13007 13006
f 12937 12938 13008 13007
f 12938 12939 13009 13008
f 12939 12940 13010 13009
f 12940 12941 13011 13010
f 12941 12942 13012 13011
f 12942 12943 13013 13012
f 12943 12944 13014 13013
f 12944 12945 13015 13014
f 12945 12946 13016 13015
f 12946 12947 13017 13016
f 12947 12948 13018 13017
f 12948 12949 13019 13018
f 12949 12950 13020 13019
f 12950 12881 12951 13020
f 12951 12952 13022 13021
f 12952 12953 13023 13022
f 12953 12954 13024 13023
f 12954 12955 13025 13024
f 12955 12956 13026 13025
f 12956 12957 13027 13026
f 12957 12958 13028 13027
f 12958 12959 13029 13028
f 12959 12960 13030 13029
f 12960 12961 13031 13030
f 12961 12962 13032 13031
f 12962 12963 13033 13032
f 12963 12964 13034 13033
f 12964 12965 13035 13034
f 12965 12966 13036 13035
f 12966 12967 13037 13036
f 12967 12968 13038 13037
f 12968 12969 13039 13038
f 12969 12970 13040 13039
f 12970 12971 13041 13040
f 12971 12972 13042 13041
f 12972 12973 13043 13042
f 12973 12974 13044 13043
f 12974 12975 13045 13044
f 12975 12976 13046 13045
f 12976 12977 13047 13046
f 12977 12978 13048 13047
f 12978 12979 13049 13048
f 12979 12980 13050 13049
f 12980 12981 13051 13050
f 12981 12982 13052 13051
f 12982 12983 13053 13052
f 12983 12984 13054 13053
f 12984 12985 13055 13054
f 12985 12986 13056 13055
f 12986 12987 13057 13056
f 12987 12988 13058 13057
f 12988 12989 13059 13058
f 12989 12990 13060 13059
f 12990 12991 13061 13060
f 12991 12992 13062 13061
f 12992 12993 13063 13062
f 12993 12994 13064 13063
f 12994 12995 13065 13064
f 12995 12996 13066 13065
f 12996 12997 13067 13066
f 12997 12998 13068 13067
f 12998 12999 13069 13068
f 12999 13000 13070 13069
f 13000 13001 13071 13070
f 13001 13002 13072 13071
f 13002 13003 13073 13072
f 13003 13004 13074 13073
f 13004 13005 13075 13074
f 13005 13006 13076 13075
f 13006 13007 13077 13076
f 13007 13008 13078 13077
f 13008 13009 13079 13078
f 13009 13010 13080 13079
f 13010 13011 13081 13080
f 13011 13012 13082 13081
f 13012 13013 13083 13082
f 13013 13014 13084 13083
f 13014 13015 13085 13084
f 13015 13016 13086 13085
f 13016 13017 13087 13086
f 13017 13018 13088 13087
f 13018 13019 13089 13088
f 13019 13020 13090 13089
f 13020 12951 13021 13090
f 13021 13022 13092 13091
f 13022 13023 13093 13092
f 13023 13024 13094 13093
f 13024 13025 13095 13094
f 13025 13026 13096 13095
f 13026 13027 13097 13096
f 13027 13028 13098 13097
f 13028 13029 13099 13098
f 13029 13030 13100 13099
f 13030 13031 13101 13100
f 13031 13032 13102 13101
f 13032 13033 13103 13102
f 13033 13034 13104 13103
f 13034 13035 13105 13104
f 13035 13036 13106 13105
f 13036 13037 13107 13106
f 13037 13038 13108 13107
f 13038 13039 13109 13108
f 13039 13040 13110 13109
f 13040 13041 13111 13110
f 13041 13042 13112 13111
f 13042 13043 13113 13112
f 13043 13044 13114 13113
f 13044 13045 13115 13114
f 13045 13046 13116 13115
f 13046 13047 13117 13116
f 13047 13048 13118 13117
f 13048 13049 13119 13118
f 13049 13050 13120 13119
f 13050 13051 13121 13120
f 13051 13052 13122 13121
f 13052 13053 13123 13122
f 13053 13054 13124 13123
f 13054 13055 13125 13124
f 13055 13056 13126 13125
f 13056 13057 13127 13126
f 13057 13058 13128 13127
f 13058 13059 13129 13128
f 13059 13060 13130 13129
f 13060 13061 13131 13130
f 13061 13062 13132 13131
f 13062 13063 13133 13132
f 13063 13064 13134 13133
f 13064 13065 13135 13134
f 13065 13066 13136 13135
f 13066 13067 13137 13136
f 13067 13068 13138 13137
f 13068 13069 13139 13138
f 13069 13070 13140 13139
f 13070 13071 13141 13140
f 13071 13072 13142 13141
f 13072 13073 13143 13142
f 13073 13074 13144 13143
f 13074 13075 13145 13144
f 13075 13076 13146 13145
f 13076 13077 13147 13146
f 13077 13078 13148 13147
f 13078 13079 13149 13148
f 13079 13080 13150 13149
f 13080 13081 13151 13150
f 13081 13082 13152 13151
f 13082 13083 13153 13152
f 13083 13084 13154 13153
f 13084 13085 13155 13154
f 13085 13086 13156 13155
f 13086 13087 13157 13156
f 13087 13088 13158 13157
f 13088 13089 13159 13158
f 13089 13090 13160 13159
f 13090 13021 13091 13160
f 13091 13092 13162 13161
f 13092 13093 13163 13162
f 13093 13094 13164 13163
f 13094 13095 13165 13164
f 13095 13096 13166 13165
f 13096 13097 13167 13166
f 13097 13098 13168 13167
f 13098 13099 13169 13168
f 13099 13100 13170 13169
f 13100 13101 13171 13170
f 13101 13102 13172 13171
f 13102 13103 13173 13172
f 13103 13104 13174 13173
f 13104 13105 13175 13174
f 13105 13106 13176 13175
f 13106 13107 13177 13176
f 13107 13108 13178 13177
f 13108 13109 13179 13178
f 13109 13110 13180 13179
f 13110 13111 13181 13180
f 13111 13112 13182 13181
f 13112 13113 13183 13182
f 13113 13114 13184 13183
f 13114 13115 13185 13184
f 13115 13116 13186 13185
f 13116 13117 13187 13186
f 13117 13118 13188 13187
f 13118 13119 13189 13188
f 13119 13120 13190 13189
f 13120 13121 13191 13190
f 13121 13122 13192 13191
f 13122 13123 13193 13192
f 13123 13124 13194 13193
f 13124 13125 13195 13194
f 13125 13126 13196 13195
f 13126 13127 13197 13196
f 13127 13128 13198 13197
f 13128 13129 13199 13198
f 13129 13130 13200 13199
f 13130 13131 13201 13200
f 13131 13132 13202 13201
f 13132 13133 13203 13202
f 13133 13134 13204 13203
f 13134 13135 13205 13204
f 13135 13136 13206 13205
f 13136 13137 13207 13206
f 13137 13138 13208 13207
f 13138 13139 13209 13208
f 13139 13140 13210 13209
f 13140 13141 13211 13210
f 13141 13142 13212 13211
f 13142 13143 13213 13212
f 13143 13144 13214 13213
f 13144 13145 13215 13214
f 13145 13146 13216 13215
f 13146 13147 13217 13216
f 13147 13148 13218 13217
f 13148 13149 13219 13218
f 13149 13150 13220 13219
f 13150 13151 13221 13220
f 13151 13152 13222 13221
f 13152 13153 13223 13222
f 13153 13154 13224 13223
f 13154 13155 13225 13224
f 13155 13156 13226 13225
f 13156 13157 13227 13226
f 13157 13158 13228 13227
f 13158 13159 13229 13228
f 13159 13160 13230 13229
f 13160 13091 13161 13230
f 13161 13162 13232 13231
f 13162 13163 13233 13232
f 13163 13164 13234 13233
f 13164 13165 13235 13234
f 13165 13166 13236 13235
f 13166 13167 13237 13236
f 13167 13168 13238 13237
f 13168 13169 13239 13238
f 13169 13170 13240 13239
f 13170 13171 13241 13240
f 13171 13172 13242 13241
f 13172 13173 13243 13242
f 13173 13174 13244 13243
f 13174 13175 13245 13244
f 13175 13176 13246 13245
f 13176 13177 13247 13246
f 13177 13178 13248 13247
f 13178 13179 13249 13248
f 13179 13180 13250 13249
f 13180 13181 13251 13250
f 13181 13182 13252 13251
f 13182 13183 13253 13252
f 13183 13184 13254 13253
f 13184 13185 13255 13254
f 13185 13186 13256 13255
f 13186 13187 13257 13256
f 13187 13188 13258 13257
f 13188 13189 13259 13258
f 13189 13190 13260 13259
f 13190 13191 13261 13260
f 13191 13192 13262 13261
f 13192 13193 13263 13262
f 13193 13194 13264 13263
f 13194 13195 13265 13264
f 13195 13196 13266 13265
f 13196 13197 13267 13266
f 13197 13198 13268 13267
f 13198 13199 13269 13268
f 13199 13200 13270 13269
f 13200 13201 13271 13270
f 13201 13202 13272 13271
f 13202 13203 13273 13272
f 13203 13204 13274 13273
f 13204 13205 13275 13274
f 13205 13206 13276 13275
f 13206 13207 13277 13276
f 13207 13208 13278 13277
f 13208 13209 13279 13278
f 13209 13210 13280 13279
f 13210 13211 13281 13280
f 13211 13212 13282 13281
f 13212 13213 13283 13282
f 13213 13214 13284 13283
f 13214 13215 13285 13284
f 13215 13216 13286 13285
f 13216 13217 13287 13286
f 13217 13218 13288 13287
f 13218 13219 13289 13288
f 13219 13220 13290 13289
f 13220 13221 13291 13290
f 13221 13222 13292 13291
f 13222 13223 13293 13292
f 13223 13224 13294 13293
f 13224 13225 13295 13294
f 13225 13226 13296 13295
f 13226 13227 13297 13296
f 13227 13228 13298 13297
f 13228 13229 13299 13298
f 13229 13230 13300 13299
f 13230 13161 13231 13300
f 13231 13232 13302 13301
f 13232 13233 13303 13302
f 13233 13234 13304 13303
f 13234 13235 13305 13304
f 13235 13236 13306 13305
f 13236 13237 13307 13306
f 13237 13238 13308 13307
f 13238 13239 13309 13308
f 13239 13240 13310 13309
f 13240 13241 13311 13310
f 13241 13242 13312 13311
f 13242 13243 13313 13312
f 13243 13244 13314 13313
f 13244 13245 13315 13314
f 13245 13246 13316 13315
f 13246 13247 13317 13316
f 13247 13248 13318 13317
f 13248 13249 13319 13318
f 13249 13250 13320 13319
f 13250 13251 13321 13320
f 13251 13252 13322 13321
f 13252 13253 13323 13322
f 13253 13254 13324 13323
f 13254 13255 13325 13324
f 13255 13256 13326 13325
f 13256 13257 13327 13326
f 13257 13258 13328 13327
f 13258 13259 13329 13328
f 13259 13260 13330 13329
f 13260 13261 13331 13330
f 13261 13262 13332 13331
f 13262 13263 13333 13332
f 13263 13264 13334 13333
f 13264 13265 13335 13334
f 13265 13266 13336 13335
f 13266 13267 13337 13336
f 13267 13268 13338 13337
f 13268 13269 13339 13338
f 13269 13270 13340 13339
f 13270 13271 13341 13340
f 13271 13272 13342 13341
f 13272 13273 13343 13342
f 13273 13274 13344 13343
f 13274 13275 13345 13344
f 13275 13276 13346 13345
f 13276 13277 13347 13346
f 13277 13278 13348 13347
f 13278 13279 13349 13348
f 13279 13280 13350 13349
f 13280 13281 13351 13350
f 13281 13282 13352 13351
f 13282 13283 13353 13352
f 13283 13284 13354 13353
f 13284 13285 13355 13354
f 13285 13286 13356 13355
f 13286 13287 13357 13356
f 13287 13288 13358 13357
f 13288 13289 13359 13358
f 13289 13290 13360 13359
f 13290 13291 13361 13360
f 13291 13292 13362 13361
f 13292 13293 13363 13362
f 13293 13294 13364 13363
f 13294 13295 13365 13364
f 13295 13296 13366 13365
f 13296 13297 13367 13366
f 13297 13298 13368 13367
f 13298 13299 13369 13368
f 13299 13300 13370 13369
f 13300 13231 13301 13370
f 13301 13302 13372 13371
f 13302 13303 13373 13372
f 13303 13304 13374 13373
f 13304 13305 13375 13374
f 13305 13306 13376 13375
f 13306 13307 13377 13376
f 13307 13308 13378 13377
f 13308 13309 13379 13378
f 13309 13310 13380 13379
f 13310 13311 13381 13380
f 13311 13312 13382 13381
f 13312 13313 13383 13382
f 13313 13314 13384 13383
f 13314 13315 13385 13384
f 13315 13316 13386 13385
f 13316 13317 13387 13386
f 13317 13318 13388 13387
f 13318 13319 13389 13388
f 13319 13320 13390 13389
f 13320 13321 13391 13390
f 13321 13322 13392 13391
f 13322 13323 13393 13392
f 13323 13324 13394 13393
f 13324 13325 13395 13394
f 13325 13326 13396 13395
f 13326 13327 13397 13396
f 13327 13328 13398 13397
f 13328 13329 13399 13398
f 13329 13330 13400 13399
f 13330 13331 13401 13400
f 13331 13332 13402 13401
f 13332 13333 13403 13402
f 13333 13334 13404 13403
f 13334 13335 13405 13404
f 13335 13336 13406 13405
f 13336 13337 13407 13406
f 13337 13338 13408 13407
f 13338 13339 13409 13408
f 13339 13340 13410 13409
f 13340 13341 13411 13410
f 13341 13342 13412 13411
f 13342 13343 13413 13412
f 13343 13344 13414 13413
f 13344 13345 13415 13414
f 13345 13346 13416 13415
f 13346 13347 13417 13416
f 13347 13348 13418 13417
f 13348 13349 13419 13418
f 13349 13350 13420 13419
f 13350 13351 13421 13420
f 13351 13352 13422 13421
f 13352 13353 13423 13422
f 13353 13354 13424 13423
f 13354 13355 13425 13424
f 13355 13356 13426 13425
f 13356 13357 13427 13426
f 13357 13358 13428 13427
f 13358 13359 13429 13428
f 13359 13360 13430 13429
f 13360 13361 13431 13430
f 13361 13362 13432 13431
f 13362 13363 13433 13432
f 13363 13364 13434 13433
f 13364 13365 13435 13434
f 13365 13366 13436 13435
f 13366 13367 13437 13436
f 13367 13368 13438 13437
f 13368 13369 13439 13438
f 13369 13370 13440 13439
f 13370 13301 13371 13440
f 13371 13372 13442 13441
f 13372 13373 13443 13442
f 13373 13374 13444 13443
f 13374 13375 13445 13444
f 13375 13376 13446 13445
f 13376 13377 13447 13446
f 13377 13378 13448 13447
f 13378 13379 13449 13448
f 13379 13380 13450 13449
f 13380 13381 13451 13450
f 13381 13382 13452 13451
f 13382 13383 13453 13452
f 13383 13384 13454 13453
f 13384 13385 13455 13454
f 13385 13386 13456 13455
f 13386 13387 13457 13456
f 13387 13388 13458 13457
f 13388 13389 13459 13458
f 13389 13390 13460 13459
f 13390 13391 13461 13460
f 13391 13392 13462 13461
f 13392 13393 13463 13462
f 13393 13394 13464 13463
f 13394 13395 13465 13464
f 13395 13396 13466 13465
f 13396 13397 13467 13466
f 13397 13398 13468 13467
f 13398 13399 13469 13468
f 13399 13400 13470 13469
f 13400 13401 13471 13470
f 13401 13402 13472 13471
f 13402 13403 13473 13472
f 13403 13404 13474 13473
f 13404 13405 13475 13474
f 13405 13406 13476 13475
f 13406 13407 13477 13476
f 13407 13408 13478 13477
f 13408 13409 13479 13478
f 13409 13410 13480 13479
f 13410 13411 13481 13480
f 13411 13412 13482 13481
f 13412 13413 13483 13482
f 13413 13414 13484 13483
f 13414 13415 13485 13484
f 13415 13416 13486 13485
f 13416 13417 13487 13486
f 13417 13418 13488 13487
f 13418 13419 13489 13488
f 13419 13420 13490 13489
f 13420 13421 13491 13490
f 13421 13422 13492 13491
f 13422 13423 13493 13492
f 13423 13424 13494 13493
f 13424 13425 13495 13494
f 13425 13426 13496 13495
f 13426 13427 13497 13496
f 13427 13428 13498 13497
f 13428 13429 13499 13498
f 13429 13430 13500 13499
f 13430 13431 13501 13500
f 13431 13432 13502 13501
f 13432 13433 13503 13502
f 13433 13434 13504 13503
f 13434 13435 13505 13504
f 13435 13436 13506 13505
f 13436 13437 13507 13506
f 13437 13438 13508 13507
f 13438 13439 13509 13508
f 13439 13440 13510 13509
f 13440 13371 13441 13510
f 13441 13442 13512 13511
f 13442 13443 13513 13512
f 13443 13444 13514 13513
f 13444 13445 13515 13514
f 13445 13446 13516 13515
f 13446 13447 13517 13516
f 13447 13448 13518 13517
f 13448 13449 13519 13518
f 13449 13450 13520 13519
f 13450 13451 13521 13520
f 13451 13452 13522 13521
f 13452 13453 13523 13522
f 13453 13454 13524 13523
f 13454 13455 13525 13524
f 13455 13456 13526 13525
f 13456 13457 13527 13526
f 13457 13458 13528 13527
f 13458 13459 13529 13528
f 13459 13460 13530 13529
f 13460 13461 13531 13530
f 13461 13462 13532 13531
f 13462 13463 13533 13532
f 13463 13464 13534 13533
f 13464 13465 13535 13534
f 13465 13466 13536 13535
f 13466 13467 13537 13536
f 13467 13468 13538 13537
f 13468 13469 13539 13538
f 13469 13470 13540 13539
f 13470 13471 13541 13540
f 13471 13472 13542 13541
f 13472 13473 13543 13542
f 13473 13474 13544 13543
f 13474 13475 13545 13544
f 13475 13476 13546 13545
f 13476 13477 13547 13546
f 13477 13478 13548 13547
f 13478 13479 13549 13548
f 13479 13480 13550 13549
f 13480 13481 13551 13550
f 13481 13482 13552 13551
f 13482 13483 13553 13552
f 13483 13484 13554 13553
f 13484 13485 13555 13554
f 13485 13486 13556 13555
f 13486 13487 13557 13556
f 13487 13488 13558 13557
f 13488 13489 13559 13558
f 13489 13490 13560 13559
f 13490 13491 13561 13560
f 13491 13492 13562 13561
f 13492 13493 13563 13562
f 13493 13494 13564 13563
f 13494 13495 13565 13564
f 13495 13496 13566 13565
f 13496 13497 13567 13566
f 13497 13498 13568 13567
f 13498 13499 13569 13568
f 13499 13500 13570 13569
f 13500 13501 13571 13570
f 13501 13502 13572 13571
f 13502 13503 13573 13572
f 13503 13504 13574 13573
f 13504 13505 13575 13574
f 13505 13506 13576 13575
f 13506 13507 13577 13576
f 13507 13508 13578 13577
f 13508 13509 13579 13578
f 13509 13510 13580 13579
f 13510 13441 13511 13580
f 13511 13512 13582 13581
f 13512 13513 13583 13582
f 13513 13514 13584 13583
f 13514 13515 13585 13584
f 13515 13516 13586 13585
f 13516 13517 13587 13586
f 13517 13518 13588 13587
f 13518 13519 13589 13588
f 13519 13520 13590 13589
f 13520 13521 13591 13590
f 13521 13522 13592 13591
f 13522 13523 13593 13592
f 13523 13524 13594 13593
f 13524 13525 13595 13594
f 13525 13526 13596 13595
f 13526 13527 13597 13596
f 13527 13528 13598 13597
f 13528 13529 13599 13598
f 13529 13530 13600 13599
f 13530 13531 13601 13600
f 13531 13532 13602 13601
f 13532 13533 13603 13602
f 13533 13534 13604 13603
f 13534 13535 13605 13604
f 13535 13536 13606 13605
f 13536 13537 13607 13606
f 13537 13538 13608 13607
f 13538 13539 13609 13608
f 13539 13540 13610 13609
f 13540 13541 13611 13610
f 13541 13542 13612 13611
f 13542 13543 13613 13612
f 13543 13544 13614 13613
f 13544 13545 13615 13614
f 13545 13546 13616 13615
f 13546 13547 13617 13616
f 13547 13548 13618 13617
f 13548 13549 13619 13618
f 13549 13550 13620 13619
f 13550 13551 13621 13620
f 13551 13552 13622 13621
f 13552 13553 13623 13622
f 13553 13554 13624 13623
f 13554 13555 13625 13624
f 13555 13556 13626 13625
f 13556 13557 13627 13626
f 13557 13558 13628 13627
f 13558 13559 13629 13628
f 13559 13560 13630 13629
f 13560 13561 13631 13630
f 13561 13562 13632 13631
f 13562 13563 13633 13632
f 13563 13564 13634 13633
f 13564 13565 13635 13634
f 13565 13566 13636 13635
f 13566 13567 13637 13636
f 13567 13568 13638 13637
f 13568 13569 13639 13638
f 13569 13570 13640 13639
f 13570 13571 13641 13640
f 13571 13572 13642 13641
f 13572 13573 13643 13642
f 13573 13574 13644 13643
f 13574 13575 13645 13644
f 13575 13576 13646 13645
f 13576 13577 13647 13646
f 13577 13578 13648 13647
f 13578 13579 13649 13648
f 13579 13580 13650 13649
f 13580 13511 13581 13650
f 13581 13582 13652 13651
f 13582 13583 13653 13652
f 13583 13584 13654 13653
f 13584 13585 13655 13654
f 13585 13586 13656 13655
f 13586 13587 13657 13656
f 13587 13588 13658 13657
f 13588 13589 13659 13658
f 13589 13590 13660 13659
f 13590 13591 13661 13660
f 13591 13592 13662 13661
f 13592 13593 13663 13662
f 13593 13594 13664 13663
f 13594 13595 13665 13664
f 13595 13596 13666 13665
f 13596 13597 13667 13666
f 13597 13598 13668 13667
f 13598 13599 13669 13668
f 13599 13600 13670 13669
f 13600 13601 13671 13670
f 13601 13602 13672 13671
f 13602 13603 13673 13672
f 13603 13604 13674 13673
f 13604 13605 13675 13674
f 13605 13606 13676 13675
f 13606 13607 13677 13676
f 13607 13608 13678 13677
f 13608 13609 13679 13678
f 13609 13610 13680 13679
f 13610 13611 13681 13680
f 13611 13612 13682 13681
f 13612 13613 13683 13682
f 13613 13614 13684 13683
f 13614 13615 13685 13684
f 13615 13616 13686 13685
f 13616 13617 13687 13686
f 13617 13618 13688 13687
f 13618 13619 13689 13688
f 13619 13620 13690 13689
f 13620 13621 13691 13690
f 13621 13622 13692 13691
f 13622 13623 13693 13692
f 13623 13624 13694 13693
f 13624 13625 13695 13694
f 13625 13626 13696 13695
f 13626 13627 13697 13696
f 13627 13628 13698 13697
f 13628 13629 13699 13698
f 13629 13630 13700 13699
f 13630 13631 13701 13700
f 13631 13632 13702 13701
f 13632 13633 13703 13702
f 13633 13634 13704 13703
f 13634 13635 13705 13704
f 13635 13636 13706 13705
f 13636 13637 13707 13706
f 13637 13638 13708 13707
f 13638 13639 13709 13708
f 13639 13640 13710 13709
f 13640 13641 13711 13710
f 13641 13642 13712 13711
f 13642 13643 13713 13712
f 13643 13644 13714 13713
f 13644 13645 13715 13714
f 13645 13646 13716 13715
f 13646 13647 13717 13716
f 13647 13648 13718 13717
f 13648 13649 13719 13718
f 13649 13650 13720 13719
f 13650 13581 13651 13720
f 13651 13652 13722 13721
f 13652 13653 13723 13722
f 13653 13654 13724 13723
f 13654 13655 13725 13724
f 13655 13656 13726 13725
f 13656 13657 13727 13726
f 13657 13658 13728 13727
f 13658 13659 13729 13728
f 13659 13660 13730 13729
f 13660 13661 13731 13730
f 13661 13662 13732 13731
f 13662 13663 13733 13732
f 13663 13664 13734 13733
f 13664 13665 13735 13734
f 13665 13666 13736 13735
f 13666 13667 13737 13736
f 13667 13668 13738 13737
f 13668 13669 13739 13738
f 13669 13670 13740 13739
f 13670 13671 13741 13740
f 13671 13672 13742 13741
f 13672 13673 13743 13742
f 13673 13674 13744 13743
f 13674 13675 13745 13744
f 13675 13676 13746 13745
f 13676 13677 13747 13746
f 13677 13678 13748 13747
f 13678 13679 13749 13748
f 13679 13680 13750 13749
f 13680 13681 13751 13750
f 13681 13682 13752 13751
f 13682 13683 13753 13752
f 13683 13684 13754 13753
f 13684 13685 13755 13754
f 13685 13686 13756 13755
f 13686 13687 13757 13756
f 13687 13688 13758 13757
f 13688 13689 13759 13758
f 13689 13690 13760 13759
f 13690 13691 13761 13760
f 13691 13692 13762 13761
f 13692 13693 13763 13762
f 13693 13694 13764 13763
f 13694 13695 13765 13764
f 13695 13696 13766 13765
f 13696 13697 13767 13766
f 13697 13698 13768 13767
f 13698 13699 13769 13768
f 13699 13700 13770 13769
f 13700 13701 13771 13770
f 13701 13702 13772 13771
f 13702 13703 13773 13772
f 13703 13704 13774 13773
f 13704 13705 13775 13774
f 13705 13706 13776 13775
f 13706 13707 13777 13776
f 13707 13708 13778 13777
f 13708 13709 13779 13778
f 13709 13710 13780 13779
f 13710 13711 13781 13780
f 13711 13712 13782 13781
f 13712 13713 13783 13782
f 13713 13714 13784 13783
f 13714 13715 13785 13784
f 13715 13716 13786 13785
f 13716 13717 13787 13786
f 13717 13718 13788 13787
f 13718 13719 13789 13788
f 13719 13720 13790 13789
f 13720 13651 13721 13790
f 13721 13722 13792 13791
f 13722 13723 13793 13792
f 13723 13724 13794 13793
f 13724 13725 13795 13794
f 13725 13726 13796 13795
f 13726 13727 13797 13796
f 13727 13728 13798 13797
f 13728 13729 13799 13798
f 13729 13730 13800 13799
f 13730 13731 13801 13800
f 13731 13732 13802 13801
f 13732 13733 13803 13802
f 13733 13734 13804 13803
f 13734 13735 13805 13804
f 13735 13736 13806 13805
f 13736 13737 13807 13806
f 13737 13738 13808 13807
f 13738 13739 13809 13808
f 13739 13740 13810 13809
f 13740 13741 13811 13810
f 13741 13742 13812 13811
f 13742 13743 13813 13812
f 13743 13744 13814 13813
f 13744 13745 13815 13814
f 13745 13746 13816 13815
f 13746 13747 13817 13816
f 13747 13748 13818 13817
f 13748 13749 13819 13818
f 13749 13750 13820 13819
f 13750 13751 13821 13820
f 13751 13752 13822 13821
f 13752 13753 13823 13822
f 13753 13754 13824 13823
f 13754 13755 13825 13824
f 13755 13756 13826 13825
f 13756 13757 13827 13826
f 13757 13758 13828 13827
f 13758 13759 13829 13828
f 13759 13760 13830 13829
f 13760 13761 13831 13830
f 13761 13762 13832 13831
f 13762 13763 13833 13832
f 13763 13764 13834 13833
f 13764 13765 13835 13834
f 13765 13766 13836 13835
f 13766 13767 13837 13836
f 13767 13768 13838 13837
f 13768 13769 13839 13838
f 13769 13770 13840 13839
f 13770 13771 13841 13840
f 13771 13772 13842 13841
f 13772 13773 13843 13842
f 13773 13774 13844 13843
f 13774 13775 13845 13844
f 13775 13776 13846 13845
f 13776 13777 13847 13846
f 13777 13778 13848 13847
f 13778 13779 13849 13848
f 13779 13780 13850 13849
f 13780 13781 13851 13850
f 13781 13782 13852 13851
f 13782 13783 13853 13852
f 13783 13784 13854 13853
f 13784 13785 13855 13854
f 13785 13786 13856 13855
f 13786 13787 13857 13856
f 13787 13788 13858 13857
f 13788 13789 13859 13858
f 13789 13790 13860 13859
f 13790 13721 13791 13860
f 13791 13792 13862 13861
f 13792 13793 13863 13862
f 13793 13794 13864 13863
f 13794 13795 13865 13864
f 13795 13796 13866 13865
f 13796 13797 13867 13866
f 13797 13798 13868 13867
f 13798 13799 13869 13868
f 13799 13800 13870 13869
f 13800 13801 13871 13870
f 13801 13802 13872 13871
f 13802 13803 13873 13872
f 13803 13804 13874 13873
f 13804 13805 13875 13874
f 13805 13806 13876 13875
f 13806 13807 13877 13876
f 13807 13808 13878 13877
f 13808 13809 13879 13878
f 13809 13810 13880 13879
f 13810 13811 13881 13880
f 13811 13812 13882 13881
f 13812 13813 13883 13882
f 13813 13814 13884 13883
f 13814 13815 13885 13884
f 13815 13816 13886 13885
f 13816 13817 13887 13886
f 13817 13818 13888 13887
f 13818 13819 13889 13888
f 13819 13820 13890 13889
f 13820 13821 13891 13890
f 13821 13822 13892 13891
f 13822 13823 13893 13892
f 13823 13824 13894 13893
f 13824 13825 13895 13894
f 13825 13826 13896 13895
f 13826 13827 13897 13896
f 13827 13828 13898 13897
f 13828 13829 13899 13898
f 13829 13830 13900 13899
f 13830 13831 13901 13900
f 13831 13832 13902 13901
f 13832 13833 13903 13902
f 13833 13834 13904 13903
f 13834 13835 13905 13904
f 13835 13836 13906 13905
f 13836 13837 13907 13906
f 13837 13838 13908 13907
f 13838 13839 13909 13908
f 13839 13840 13910 13909
f 13840 13841 13911 13910
f 13841 13842 13912 13911
f 13842 13843 13913 13912
f 13843 13844 13914 13913
f 13844 13845 13915 13914
f 13845 13846 13916 13915
f 13846 13847 13917 13916
f 13847 13848 13918 13917
f 13848 13849 13919 13918
f 13849 13850 13920 13919
f 13850 13851 13921 13920
f 13851 13852 13922 13921
f 13852 13853 13923 13922
f 13853 13854 13924 13923
f 13854 13855 13925 13924
f 13855 13856 13926 13925
f 13856 13857 13927 13926
f 13857 13858 13928 13927
f 13858 13859 13929 13928
f 13859 13860 13930 13929
f 13860 13791 13861 13930
f 13861 13862 13932 13931
f 13862 13863 13933 13932
f 13863 13864 13934 13933
f 13864 13865 13935 13934
f 13865 13866 13936 13935
f 13866 13867 13937 13936
f 13867 13868 13938 13937
f 13868 13869 13939 13938
f 13869 13870 13940 13939
f 13870 13871 13941 13940
f 13871 13872 13942 13941
f 13872 13873 13943 13942
f 13873 13874 13944 13943
f 13874 13875 13945 13944
f 13875 13876 13946 13945
f 13876 13877 13947 13946
f 13877 13878 13948 13947
f 13878 13879 13949 13948
f 13879 13880 13950 13949
f 13880 13881 13951 13950
f 13881 13882 13952 13951
f 13882 13883 13953 13952
f 13883 13884 13954 13953
f 13884 13885 13955 13954
f 13885 13886 13956 13955
f 13886 13887 13957 13956
f 13887 13888 13958 13957
f 13888 13889 13959 13958
f 13889 13890 13960 13959
f 13890 13891 13961 13960
f 13891 13892 13962 13961
f 13892 13893 13963 13962
f 13893 13894 13964 13963
f 13894 13895 13965 13964
f 13895 13896 13966 13965
f 13896 13897 13967 13966
f 13897 13898 13968 13967
f 13898 13899 13969 13968
f 13899 13900 13970 13969
f 13900 13901 13971 13970
f 13901 13902 13972 13971
f 13902 13903 13973 13972
f 13903 13904 13974 13973
f 13904 13905 13975 13974
f 13905 13906 13976 13975
f 13906 13907 13977 13976
f 13907 13908 13978 13977
f 13908 13909 13979 13978
f 13909 13910 13980 13979
f 13910 13911 13981 13980
f 13911 13912 13982 13981
f 13912 13913 13983 13982
f 13913 13914 13984 13983
f 13914 13915 13985 13984
f 13915 13916 13986 13985
f 13916 13917 13987 13986
f 13917 13918 13988 13987
f 13918 13919 13989 13988
f 13919 13920 13990 13989
f 13920 13921 13991 13990
f 13921 13922 13992 13991
f 13922 13923 13993 13992
f 13923 13924 13994 13993
f 13924 13925 13995 13994
f 13925 13926 13996 13995
f 13926 13927 13997 13996
f 13927 13928 13998 13997
f 13928 13929 13999 13998
f 13929 13930 14000 13999
f 13930 13861 13931 14000
f 13931 13932 14002 14001
f 13932 13933 14003 14002
f 13933 13934 14004 14003
f 13934 13935 14005 14004
f 13935 13936 14006 14005
f 13936 13937 14007 14006
f 13937 13938 14008 14007
f 13938 13939 14009 14008
f 13939 13940 14010 14009
f 13940 13941 14011 14010
f 13941 13942 14012 14011
f 13942 13943 14013 14012
f 13943 13944 14014 14013
f 13944 13945 14015 14014
f 13945 13946 14016 14015
f 13946 13947 14017 14016
f 13947 13948 14018 14017
f 13948 13949 14019 14018
f 13949 13950 14020 14019
f 13950 13951 14021 14020
f 13951 13952 14022 14021
f 13952 13953 14023 14022
f 13953 13954 14024 14023
f 13954 13955 14025 14024
f 13955 13956 14026 14025
f 13956 13957 14027 14026
f 13957 13958 14028 14027
f 13958 13959 14029 14028
f 13959 13960 14030 14029
f 13960 13961 14031 14030
f 13961 13962 14032 14031
f 13962 13963 14033 14032
f 13963 13964 14034 14033
f 13964 13965 14035 14034
f 13965 13966 14036 14035
f 13966 13967 14037 14036
f 13967 13968 14038 14037
f 13968 13969 14039 14038
f 13969 13970 14040 14039
f 13970 13971 14041 14040
f 13971 13972 14042 14041
f 13972 13973 14043 14042
f 13973 13974 14044 14043
f 13974 13975 14045 14044
f 13975 13976 14046 14045
f 13976 13977 14047 14046
f 13977 13978 14048 14047
f 13978 13979 14049 14048
f 13979 13980 14050 14049
f 13980 13981 14051 14050
f 13981 13982 14052 14051
f 13982 13983 14053 14052
f 13983 13984 14054 14053
f 13984 13985 14055 14054
f 13985 13986 14056 14055
f 13986 13987 14057 14056
f 13987 13988 14058 14057
f 13988 13989 14059 14058
f 13989 13990 14060 14059
f 13990 13991 14061 14060
f 13991 13992 14062 14061
f 13992 13993 14063 14062
f 13993 13994 14064 14063
f 13994 13995 14065 14064
f 13995 13996 14066 14065
f 13996 13997 14067 14066
f 13997 13998 14068 14067
f 13998 13999 14069 14068
f 13999 14000 14070 14069
f 14000 13931 14001 14070
f 14001 14002 14072 14071
f 14002 14003 14073 14072
f 14003 14004 14074 14073
f 14004 14005 14075 14074
f 14005 14006 14076 14075
f 14006 14007 14077 14076
f 14007 14008 14078 14077
f 14008 14009 14079 14078
f 14009 14010 14080 14079
f 14010 14011 14081 14080
f 14011 14012 14082 14081
f 14012 14013 14083 14082
f 14013 14014 14084 14083
f 14014 14015 14085 14084
f 14015 14016 14086 14085
f 14016 14017 14087 14086
f 14017 14018 14088 14087
f 14018 14019 14089 14088
f 14019 14020 14090 14089
f 14020 14021 14091 14090
f 14021 14022 14092 14091
f 14022 14023 14093 14092
f 14023 14024 14094 14093
f 14024 14025 14095 14094
f 14025 14026 14096 14095
f 14026 14027 14097 14096
f 14027 14028 14098 14097
f 14028 14029 14099 14098
f 14029 14030 14100 14099
f 14030 14031 14101 14100
f 14031 14032 14102 14101
f 14032 14033 14103 14102
f 14033 14034 14104 14103
f 14034 14035 14105 14104
f 14035 14036 14106 14105
f 14036 14037 14107 14106
f 14037 14038 14108 14107
f 14038 14039 14109 14108
f 14039 14040 14110 14109
f 14040 14041 14111 14110
f 14041 14042 14112 14111
f 14042 14043 14113 14112
f 14043 14044 14114 14113
f 14044 14045 14115 14114
f 14045 14046 14116 14115
f 14046 14047 14117 14116
f 14047 14048 14118 14117
f 14048 14049 14119 14118
f 14049 14050 14120 14119
f 14050 14051 14121 14120
f 14051 14052 14122 14121
f 14052 14053 14123 14122
f 14053 14054 14124 14123
f 14054 14055 14125 14124
f 14055 14056 14126 14125
f 14056 14057 14127 14126
f 14057 14058 14128 14127
f 14058 14059 14129 14128
f 14059 14060 14130 14129
f 14060 14061 14131 14130
f 14061 14062 14132 14131
f 14062 14063 14133 14132
f 14063 14064 14134 14133
f 14064 14065 14135 14134
f 14065 14066 14136 14135
f 14066 14067 14137 14136
f 14067 14068 14138 14137
f 14068 14069 14139 14138
f 14069 14070 14140 14139
f 14070 14001 14071 14140
f 14071 14072 14142 14141
f 14072 14073 14143 14142
f 14073 14074 14144 14143
f 14074 14075 14145 14144
f 14075 14076 14146 14145
f 14076 14077 14147 14146
f 14077 14078 14148 14147
f 14078 14079 14149 14148
f 14079 14080 14150 14149
f 14080 14081 14151 14150
f 14081 14082 14152 14151
f 14082 14083 14153 14152
f 14083 14084 14154 14153
f 14084 14085 14155 14154
f 14085 14086 14156 14155
f 14086 14087 14157 14156
f 14087 14088 14158 14157
f 14088 14089 14159 14158
f 14089 14090 14160 14159
f 14090 14091 14161 14160
f 14091 14092 14162 14161
f 14092 14093 14163 14162
f 14093 14094 14164 14163
f 14094 14095 14165 14164
f 14095 14096 14166 14165
f 14096 14097 14167 14166
f 14097 14098 14168 14167
f 14098 14099 14169 14168
f 14099 14100 14170 14169
f 14100 14101 14171 14170
f 14101 14102 14172 14171
f 14102 14103 14173 14172
f 14103 14104 14174 14173
f 14104 14105 14175 14174
f 14105 14106 14176 14175
f 14106 14107 14177 14176
f 14107 14108 14178 14177
f 14108 14109 14179 14178
f 14109 14110 14180 14179
f 14110 14111 14181 14180
f 14111 14112 14182 14181
f 14112 14113 14183 14182
f 14113 14114 14184 14183
f 14114 14115 14185 14184
f 14115 14116 14186 14185
f 14116 14117 14187 14186
f 14117 14118 14188 14187
f 14118 14119 14189 14188
f 14119 14120 14190 14189
f 14120 14121 14191 14190
f 14121 14122 14192 14191
f 14122 14123 14193 14192
f 14123 14124 14194 14193
f 14124 14125 14195 14194
f 14125 14126 14196 14195
f 14126 14127 14197 14196
f 14127 14128 14198 14197
f 14128 14129 14199 14198
f 14129 14130 14200 14199
f 14130 14131 14201 14200
f 14131 14132 14202 14201
f 14132 14133 14203 14202
f 14133 14134 14204 14203
f 14134 14135 14205 14204
f 14135 14136 14206 14205
f 14136 14137 14207 14206
f 14137 14138 14208 14207
f 14138 14139 14209 14208
f 14139 14140 14210 14209
f 14140 14071 14141 14210
f 14141 14142 14212 14211
f 14142 14143 14213 14212
f 14143 14144 14214 14213
f 14144 14145 14215 14214
f 14145 14146 14216 14215
f 14146 14147 14217 14216
f 14147 14148 14218 14217
f 14148 14149 14219 14218
f 14149 14150 14220 14219
f 14150 14151 14221 14220
f 14151 14152 14222 14221
f 14152 14153 14223 14222
f 14153 14154 14224 14223
f 14154 14155 14225 14224
f 14155 14156 14226 14225
f 14156 14157 14227 14226
f 14157 14158 14228 14227
f 14158 14159 14229 14228
f 14159 14160 14230 14229
f 14160 14161 14231 14230
f 14161 14162 14232 14231
f 14162 14163 14233 14232
f 14163 14164 14234 14233
f 14164 14165 14235 14234
f 14165 14166 14236 14235
f 14166 14167 14237 14236
f 14167 14168 14238 14237
f 14168 14169 14239 14238
f 14169 14170 14240 14239
f 14170 14171 14241 14240
f 14171 14172 14242 14241
f 14172 14173 14243 14242
f 14173 14174 14244 14243
f 14174 14175 14245 14244
f 14175 14176 14246 14245
f 14176 14177 14247 14246
f 14177 14178 14248 14247
f 14178 14179 14249 14248
f 14179 14180 14250 14249
f 14180 14181 14251 14250
f 14181 14182 14252 14251
f 14182 14183 14253 14252
f 14183 14184 14254 14253
f 14184 14185 14255 14254
f 14185 14186 14256 14255
f 14186 14187 14257 14256
f 14187 14188 14258 14257
f 14188 14189 14259 14258
f 14189 14190 14260 14259
f 14190 14191 14261 14260
f 14191 14192 14262 14261
f 14192 14193 14263 14262
f 14193 14194 14264 14263
f 14194 14195 14265 14264
f 14195 14196 14266 14265
f 14196 14197 14267 14266
f 14197 14198 14268 14267
f 14198 14199 14269 14268
f 14199 14200 14270 14269
f 14200 14201 14271 14270
f 14201 14202 14272 14271
f 14202 14203 14273 14272
f 14203 14204 14274 14273
f 14204 14205 14275 14274
f 14205 14206 14276 14275
f 14206 14207 14277 14276
f 14207 14208 14278 14277
f 14208 14209 14279 14278
f 14209 14210 14280 14279
f 14210 14141 14211 14280
f 14211 14212 14282 14281
f 14212 14213 14283 14282
f 14213 14214 14284 14283
f 14214 14215 14285 14284
f 14215 14216 14286 14285
f 14216 14217 14287 14286
f 14217 14218 14288 14287
f 14218 14219 14289 14288
f 14219 14220 14290 14289
f 14220 14221 14291 14290
f 14221 14222 14292 14291
f 14222 14223 14293 14292
f 14223 14224 14294 14293
f 14224 14225 14295 14294
f 14225 14226 14296 14295
f 14226 14227 14297 14296
f 14227 14228 14298 14297
f 14228 14229 14299 14298
f 14229 14230 14300 14299
f 14230 14231 14301 14300
f 14231 14232 14302 14301
f 14232 14233 14303 14302
f 14233 14234 14304 14303
f 14234 14235 14305 14304
f 14235 14236 14306 14305
f 14236 14237 14307 14306
f 14237 14238 14308 14307
f 14238 14239 14309 14308
f 14239 14240 14310 14309
f 14240 14241 14311 14310
f 14241 14242 14312 14311
f 14242 14243 14313 14312
f 14243 14244 14314 14313
f 14244 14245 14315 14314
f 14245 14246 14316 14315
f 14246 14247 14317 14316
f 14247 14248 14318 14317
f 14248 14249 14319 14318
f 14249 14250 14320 14319
f 14250 14251 14321 14320
f 14251 14252 14322 14321
f 14252 14253 14323 14322
f 14253 14254 14324 14323
f 14254 14255 14325 14324
f 14255 14256 14326 14325
f 14256 14257 14327 14326
f 14257 14258 14328 14327
f 14258 14259 14329 14328
f 14259 14260 14330 14329
f 14260 14261 14331 14330
f 14261 14262 14332 14331
f 14262 14263 14333 14332
f 14263 14264 14334 14333
f 14264 14265 14335 14334
f 14265 14266 14336 14335
f 14266 14267 14337 14336
f 14267 14268 14338 14337
f 14268 14269 14339 14338
f 14269 14270 14340 14339
f 14270 14271 14341 14340
f 14271 14272 14342 14341
f 14272 14273 14343 14342
f 14273 14274 14344 14343
f 14274 14275 14345 14344
f 14275 14276 14346 14345
f 14276 14277 14347 14346
f 14277 14278 14348 14347
f 14278 14279 14349 14348
f 14279 14280 14350 14349
f 14280 14211 14281 14350
f 14281 14282 14352 14351
f 14282 14283 14353 14352
f 14283 14284 14354 14353
f 14284 14285 14355 14354
f 14285 14286 14356 14355
f 14286 14287 14357 14356
f 14287 14288 14358 14357
f 14288 14289 14359 14358
f 14289 14290 14360 14359
f 14290 14291 14361 14360
f 14291 14292 14362 14361
f 14292 14293 14363 14362
f 14293 14294 14364 14363
f 14294 14295 14365 14364
f 14295 14296 14366 14365
f 14296 14297 14367 14366
f 14297 14298 14368 14367
f 14298 14299 14369 14368
f 14299 14300 14370 14369
f 14300 14301 14371 14370
f 14301 14302 14372 14371
f 14302 14303 14373 14372
f 14303 14304 14374 14373
f 14304 14305 14375 14374
f 14305 14306 14376 14375
f 14306 14307 14377 14376
f 14307 14308 14378 14377
f 14308 14309 14379 14378
f 14309 14310 14380 14379
f 14310 14311 14381 14380
f 14311 14312 14382 14381
f 14312 14313 14383 14382
f 14313 14314 14384 14383
f 14314 14315 14385 14384
f 14315 14316 14386 14385
f 14316 14317 14387 14386
f 14317 14318 14388 14387
f 14318 14319 14389 14388
f 14319 14320 14390 14389
f 14320 14321 14391 14390
f 14321 14322 14392 14391
f 14322 14323 14393 14392
f 14323 14324 14394 14393
f 14324 14325 14395 14394
f 14325 14326 14396 14395
f 14326 14327 14397 14396
f 14327 14328 14398 14397
f 14328 14329 14399 14398
f 14329 14330 14400 14399
f 14330 14331 14401 14400
f 14331 14332 14402 14401
f 14332 14333 14403 14402
f 14333 14334 14404 14403
f 14334 14335 14405 14404
f 14335 14336 14406 14405
f 14336 14337 14407 14406
f 14337 14338 14408 14407
f 14338 14339 14409 14408
f 14339 14340 14410 14409
f 14340 14341 14411 14410
f 14341 14342 14412 14411
f 14342 14343 14413 14412
f 14343 14344 14414 14413
f 14344 14345 14415 14414
f 14345 14346 14416 14415
f 14346 14347 14417 14416
f 14347 14348 14418 14417
f 14348 14349 14419 14418
f 14349 14350 14420 14419
f 14350 14281 14351 14420
f 14351 14352 14422 14421
f 14352 14353 14423 14422
f 14353 14354 14424 14423
f 14354 14355 14425 14424
f 14355 14356 14426 14425
f 14356 14357 14427 14426
f 14357 14358 14428 14427
f 14358 14359 14429 14428
f 14359 14360 14430 14429
f 14360 14361 14431 14430
f 14361 14362 14432 14431
f 14362 14363 14433 14432
f 14363 14364 14434 14433
f 14364 14365 14435 14434
f 14365 14366 14436 14435
f 14366 14367 14437 14436
f 14367 14368 14438 14437
f 14368 14369 14439 14438
f 14369 14370 14440 14439
f 14370 14371 14441 14440
f 14371 14372 14442 14441
f 14372 14373 14443 14442
f 14373 14374 14444 14443
f 14374 14375 14445 14444
f 14375 14376 14446 14445
f 14376 14377 14447 14446
f 14377 14378 14448 14447
f 14378 14379 14449 14448
f 14379 14380 14450 14449
f 14380 14381 14451 14450
f 14381 14382 14452 14451
f 14382 14383 14453 14452
f 14383 14384 14454 14453
f 14384 14385 14455 14454
f 14385 14386 14456 14455
f 14386 14387 14457 14456
f 14387 14388 14458 14457
f 14388 14389 14459 14458
f 14389 14390 14460 14459
f 14390 14391 14461 14460
f 14391 14392 14462 14461
f 14392 14393 14463 14462
f 14393 14394 14464 14463
f 14394 14395 14465 14464
f 14395 14396 14466 14465
f 14396 14397 14467 14466
f 14397 14398 14468 14467
f 14398 14399 14469 14468
f 14399 14400 14470 14469
f 14400 14401 14471 14470
f 14401 14402 14472 14471
f 14402 14403 14473 14472
f 14403 14404 14474 14473
f 14404 14405 14475 14474
f 14405 14406 14476 14475
f 14406 14407 14477 14476
f 14407 14408 14478 14477
f 14408 14409 14479 14478
f 14409 14410 14480 14479
f 14410 14411 14481 14480
f 14411 14412 14482 14481
f 14412 14413 14483 14482
f 14413 14414 14484 14483
f 14414 14415 14485 14484
f 14415 14416 14486 14485
f 14416 14417 14487 14486
f 14417 14418 14488 14487
f 14418 14419 14489 14488
f 14419 14420 14490 14489
f 14420 14351 14421 14490
f 14421 14422 14492 14491
f 14422 14423 14493 14492
f 14423 14424 14494 14493
f 14424 14425 14495 14494
f 14425 14426 14496 14495
f 14426 14427 14497 14496
f 14427 14428 14498 14497
f 14428 14429 14499 14498
f 14429 14430 14500 14499
f 14430 14431 14501 14500
f 14431 14432 14502 14501
f 14432 14433 14503 14502
f 14433 14434 14504 14503
f 14434 14435 14505 14504
f 14435 14436 14506 14505
f 14436 14437 14507 14506
f 14437 14438 14508 14507
f 14438 14439 14509 14508
f 14439 14440 14510 14509
f 14440 14441 14511 14510
f 14441 14442 14512 14511
f 14442 14443 14513 14512
f 14443 14444 14514 14513
f 14444 14445 14515 14514
f 14445 14446 14516 14515
f 14446 14447 14517 14516
f 14447 14448 14518 14517
f 14448 14449 14519 14518
f 14449 14450 14520 14519
f 14450 14451 14521 14520
f 14451 14452 14522 14521
f 14452 14453 14523 14522
f 14453 14454 14524 14523
f 14454 14455 14525 14524
f 14455 14456 14526 14525
f 14456 14457 14527 14526
f 14457 14458 14528 14527
f 14458 14459 14529 14528
f 14459 14460 14530 14529
f 14460 14461 14531 14530
f 14461 14462 14532 14531
f 14462 14463 14533 14532
f 14463 14464 14534 14533
f 14464 14465 14535 14534
f 14465 14466 14536 14535
f 14466 14467 14537 14536
f 14467 14468 14538 14537
f 14468 14469 14539 14538
f 14469 14470 14540 14539
f 14470 14471 14541 14540
f 14471 14472 14542 14541
f 14472 14473 14543 14542
f 14473 14474 14544 14543
f 14474 14475 14545 14544
f 14475 14476 14546 14545
f 14476 14477 14547 14546
f 14477 14478 14548 14547
f 14478 14479 14549 14548
f 14479 14480 14550 14549
f 14480 14481 14551 14550
f 14481 14482 14552 14551
f 14482 14483 14553 14552
f 14483 14484 14554 14553
f 14484 14485 14555 14554
f 14485 14486 14556 14555
f 14486 14487 14557 14556
f 14487 14488 14558 14557
f 14488 14489 14559 14558
f 14489 14490 14560 14559
f 14490 14421 14491 14560
f 14491 14492 14562 14561
f 14492 14493 14563 14562
f 14493 14494 14564 14563
f 14494 14495 14565 14564
f 14495 14496 14566 14565
f 14496 14497 14567 14566
f 14497 14498 14568 14567
f 14498 14499 14569 14568
f 14499 14500 14570 14569
f 14500 14501 14571 14570
f 14501 14502 14572 14571
f 14502 14503 14573 14572
f 14503 14504 14574 14573
f 14504 14505 14575 14574
f 14505 14506 14576 14575
f 14506 14507 14577 14576
f 14507 14508 14578 14577
f 14508 14509 14579 14578
f 14509 14510 14580 14579
f 14510 14511 14581 14580
f 14511 14512 14582 14581
f 14512 14513 14583 14582
f 14513 14514 14584 14583
f 14514 14515 14585 14584
f 14515 14516 14586 14585
f 14516 14517 14587 14586
f 14517 14518 14588 14587
f 14518 14519 14589 14588
f 14519 14520 14590 14589
f 14520 14521 14591 14590
f 14521 14522 14592 14591
f 14522 14523 14593 14592
f 14523 14524 14594 14593
f 14524 14525 14595 14594
f 14525 14526 14596 14595
f 14526 14527 14597 14596
f 14527 14528 14598 14597
f 14528 14529 14599 14598
f 14529 14530 14600 14599
f 14530 14531 14601 14600
f 14531 14532 14602 14601
f 14532 14533 14603 14602
f 14533 14534 14604 14603
f 14534 14535 14605 14604
f 14535 14536 14606 14605
f 14536 14537 14607 14606
f 14537 14538 14608 14607
f 14538 14539 14609 14608
f 14539 14540 14610 14609
f 14540 14541 14611 14610
f 14541 14542 14612 14611
f 14542 14543 14613 14612
f 14543 14544 14614 14613
f 14544 14545 14615 14614
f 14545 14546 14616 14615
f 14546 14547 14617 14616
f 14547 14548 14618 14617
f 14548 14549 14619 14618
f 14549 14550 14620 14619
f 14550 14551 14621 14620
f 14551 14552 14622 14621
f 14552 14553 14623 14622
f 14553 14554 14624 14623
f 14554 14555 14625 14624
f 14555 14556 14626 14625
f 14556 14557 14627 14626
f 14557 14558 14628 14627
f 14558 14559 14629 14628
f 14559 14560 14630 14629
f 14560 14491 14561 14630
f 14561 14562 14632 14631
f 14562 14563 14633 14632
f 14563 14564 14634 14633
f 14564 14565 14635 14634
f 14565 14566 14636 14635
f 14566 14567 14637 14636
f 14567 14568 14638 14637
f 14568 14569 14639 14638
f 14569 14570 14640 14639
f 14570 14571 14641 14640
f 14571 14572 14642 14641
f 14572 14573 14643 14642
f 14573 14574 14644 14643
f 14574 14575 14645 14644
f 14575 14576 14646 14645
f 14576 14577 14647 14646
f 14577 14578 14648 14647
f 14578 14579 14649 14648
f 14579 14580 14650 14649
f 14580 14581 14651 14650
f 14581 14582 14652 14651
f 14582 14583 14653 14652
f 14583 14584 14654 14653
f 14584 14585 14655 14654
f 14585 14586 14656 14655
f 14586 14587 14657 14656
f 14587 14588 14658 14657
f 14588 14589 14659 14658
f 14589 14590 14660 14659
f 14590 14591 14661 14660
f 14591 14592 14662 14661
f 14592 14593 14663 14662
f 14593 14594 14664 14663
f 14594 14595 14665 14664
f 14595 14596 14666 14665
f 14596 14597 14667 14666
f 14597 14598 14668 14667
f 14598 14599 14669 14668
f 14599 14600 14670 14669
f 14600 14601 14671 14670
f 14601 14602 14672 14671
f 14602 14603 14673 14672
f 14603 14604 14674 14673
f 14604 14605 14675 14674
f 14605 14606 14676 14675
f 14606 14607 14677 14676
f 14607 14608 14678 14677
f 14608 14609 14679 14678
f 14609 14610 14680 14679
f 14610 14611 14681 14680
f 14611 14612 14682 14681
f 14612 14613 14683 14682
f 14613 14614 14684 14683
f 14614 14615 14685 14684
f 14615 14616 14686 14685
f 14616 14617 14687 14686
f 14617 14618 14688 14687
f 14618 14619 14689 14688
f 14619 14620 14690 14689
f 14620 14621 14691 14690
f 14621 14622 14692 14691
f 14622 14623 14693 14692
f 14623 14624 14694 14693
f 14624 14625 14695 14694
f 14625 14626 14696 14695
f 14626 14627 14697 14696
f 14627 14628 14698 14697
f 14628 14629 14699 14698
f 14629 14630 14700 14699
f 14630 14561 14631 14700
f 14631 14632 14702 14701
f 14632 14633 14703 14702
f 14633 14634 14704 14703
f 14634 14635 14705 14704
f 14635 14636 14706 14705
f 14636 14637 14707 14706
f 14637 14638 14708 14707
f 14638 14639 14709 14708
f 14639 14640 14710 14709
f 14640 14641 14711 14710
f 14641 14642 14712 14711
f 14642 14643 14713 14712
f 14643 14644 14714 14713
f 14644 14645 14715 14714
f 14645 14646 14716 14715
f 14646 14647 14717 14716
f 14647 14648 14718 14717
f 14648 14649 14719 14718
f 14649 14650 14720 14719
f 14650 14651 14721 14720
f 14651 14652 14722 14721
f 14652 14653 14723 14722
f 14653 14654 14724 14723
f 14654 14655 14725 14724
f 14655 14656 14726 14725
f 14656 14657 14727 14726
f 14657 14658 14728 14727
f 14658 14659 14729 14728
f 14659 14660 14730 14729
f 14660 14661 14731 14730
f 14661 14662 14732 14731
f 14662 14663 14733 14732
f 14663 14664 14734 14733
f 14664 14665 14735 14734
f 14665 14666 14736 14735
f 14666 14667 14737 14736
f 14667 14668 14738 14737
f 14668 14669 14739 14738
f 14669 14670 14740 14739
f 14670 14671 14741 14740
f 14671 14672 14742 14741
f 14672 14673 14743 14742
f 14673 14674 14744 14743
f 14674 14675 14745 14744
f 14675 14676 14746 14745
f 14676 14677 14747 14746
f 14677 14678 14748 14747
f 14678 14679 14749 14748
f 14679 14680 14750 14749
f 14680 14681 14751 14750
f 14681 14682 14752 14751
f 14682 14683 14753 14752
f 14683 14684 14754 14753
f 14684 14685 14755 14754
f 14685 14686 14756 14755
f 14686 14687 14757 14756
f 14687 14688 14758 14757
f 14688 14689 14759 14758
f 14689 14690 14760 14759
f 14690 14691 14761 14760
f 14691 14692 14762 14761
f 14692 14693 14763 14762
f 14693 14694 14764 14763
f 14694 14695 14765 14764
f 14695 14696 14766 14765
f 14696 14697 14767 14766
f 14697 14698 14768 14767
f 14698 14699 14769 14768
f 14699 14700 14770 14769
f 14700 14631 14701 14770
f 14701 14702 14772 14771
f 14702 14703 14773 14772
f 14703 14704 14774 14773
f 14704 14705 14775 14774
f 14705 14706 14776 14775
f 14706 14707 14777 14776
f 14707 14708 14778 14777
f 14708 14709 14779 14778
f 14709 14710 14780 14779
f 14710 14711 14781 14780
f 14711 14712 14782 14781
f 14712 14713 14783 14782
f 14713 14714 14784 14783
f 14714 14715 14785 14784
f 14715 14716 14786 14785
f 14716 14717 14787 14786
f 14717 14718 14788 14787
f 14718 14719 14789 14788
f 14719 14720 14790 14789
f 14720 14721 14791 14790
f 14721 14722 14792 14791
f 14722 14723 14793 14792
f 14723 14724 14794 14793
f 14724 14725 14795 14794
f 14725 14726 14796 14795
f 14726 14727 14797 14796
f 14727 14728 14798 14797
f 14728 14729 14799 14798
f 14729 14730 14800 14799
f 14730 14731 14801 14800
f 14731 14732 14802 14801
f 14732 14733 14803 14802
f 14733 14734 14804 14803
f 14734 14735 14805 14804
f 14735 14736 14806 14805
f 14736 14737 14807 14806
f 14737 14738 14808 14807
f 14738 14739 14809 14808
f 14739 14740 14810 14809
f 14740 14741 14811 14810
f 14741 14742 14812 14811
f 14742 14743 14813 14812
f 14743 14744 14814 14813
f 14744 14745 14815 14814
f 14745 14746 14816 14815
f 14746 14747 14817 14816
f 14747 14748 14818 14817
f 14748 14749 14819 14818
f 14749 14750 14820 14819
f 14750 14751 14821 14820
f 14751 14752 14822 14821
f 14752 14753 14823 14822
f 14753 14754 14824 14823
f 14754 14755 14825 14824
f 14755 14756 14826 14825
f 14756 14757 14827 14826
f 14757 14758 14828 14827
f 14758 14759 14829 14828
f 14759 14760 14830 14829
f 14760 14761 14831 14830
f 14761 14762 14832 14831
f 14762 14763 14833 14832
f 14763 14764 14834 14833
f 14764 14765 14835 14834
f 14765 14766 14836 14835
f 14766 14767 14837 14836
f 14767 14768 14838 14837
f 14768 14769 14839 14838
f 14769 14770 14840 14839
f 14770 14701 14771 14840
f 14771 14772 14842 14841
f 14772 14773 14843 14842
f 14773 14774 14844 14843
f 14774 14775 14845 14844
f 14775 14776 14846 14845
f 14776 14777 14847 14846
f 14777 14778 14848 14847
f 14778 14779 14849 14848
f 14779 14780 14850 14849
f 14780 14781 14851 14850
f 14781 14782 14852 14851
f 14782 14783 14853 14852
f 14783 14784 14854 14853
f 14784 14785 14855 14854
f 14785 14786 14856 14855
f 14786 14787 14857 14856
f 14787 14788 14858 14857
f 14788 14789 14859 14858
f 14789 14790 14860 14859
f 14790 14791 14861 14860
f 14791 14792 14862 14861
f 14792 14793 14863 14862
f 14793 14794 14864 14863
f 14794 14795 14865 14864
f 14795 14796 14866 14865
f 14796 14797 14867 14866
f 14797 14798 14868 14867
f 14798 14799 14869 14868
f 14799 14800 14870 14869
f 14800 14801 14871 14870
f 14801 14802 14872 14871
f 14802 14803 14873 14872
f 14803 14804 14874 14873
f 14804 14805 14875 14874
f 14805 14806 14876 14875
f 14806 14807 14877 14876
f 14807 14808 14878 14877
f 14808 14809 14879 14878
f 14809 14810 14880 14879
f 14810 14811 14881 14880
f 14811 14812 14882 14881
f 14812 14813 14883 14882
f 14813 14814 14884 14883
f 14814 14815 14885 14884
f 14815 14816 14886 14885
f 14816 14817 14887 14886
f 14817 14818 14888 14887
f 14818 14819 14889 14888
f 14819 14820 14890 14889
f 14820 14821 14891 14890
f 14821 14822 14892 14891
f 14822 14823 14893 14892
f 14823 14824 14894 14893
f 14824 14825 14895 14894
f 14825 14826 14896 14895
f 14826 14827 14897 14896
f 14827 14828 14898 14897
f 14828 14829 14899 14898
f 14829 14830 14900 14899
f 14830 14831 14901 14900
f 14831 14832 14902 14901
f 14832 14833 14903 14902
f 14833 14834 14904 14903
f 14834 14835 14905 14904
f 14835 14836 14906 14905
f 14836 14837 14907 14906
f 14837 14838 14908 14907
f 14838 14839 14909 14908
f 14839 14840 14910 14909
f 14840 14771 14841 14910
f 14841 14842 14912 14911
f 14842 14843 14913 14912
f 14843 14844 14914 14913
f 14844 14845 14915 14914
f 14845 14846 14916 14915
f 14846 14847 14917 14916
f 14847 14848 14918 14917
f 14848 14849 14919 14918
f 14849 14850 14920 14919
f 14850 14851 14921 14920
f 14851 14852 14922 14921
f 14852 14853 14923 14922
f 14853 14854 14924 14923
f 14854 14855 14925 14924
f 14855 14856 14926 14925
f 14856 14857 14927 14926
f 14857 14858 14928 14927
f 14858 14859 14929 14928
f 14859 14860 14930 14929
f 14860 14861 14931 14930
f 14861 14862 14932 14931
f 14862 14863 14933 14932
f 14863 14864 14934 14933
f 14864 14865 14935 14934
f 14865 14866 14936 14935
f 14866 14867 14937 14936
f 14867 14868 14938 14937
f 14868 14869 14939 14938
f 14869 14870 14940 14939
f 14870 14871 14941 14940
f 14871 14872 14942 14941
f 14872 14873 14943 14942
f 14873 14874 14944 14943
f 14874 14875 14945 14944
f 14875 14876 14946 14945
f 14876 14877 14947 14946
f 14877 14878 14948 14947
f 14878 14879 14949 14948
f 14879 14880 14950 14949
f 14880 14881 14951 14950
f 14881 14882 14952 14951
f 14882 14883 14953 14952
f 14883 14884 14954 14953
f 14884 14885 14955 14954
f 14885 14886 14956 14955
f 14886 14887 14957 14956
f 14887 14888 14958 14957
f 14888 14889 14959 14958
f 14889 14890 14960 14959
f 14890 14891 14961 14960
f 14891 14892 14962 14961
f 14892 14893 14963 14962
f 14893 14894 14964 14963
f 14894 14895 14965 14964
f 14895 14896 14966 14965
f 14896 14897 14967 14966
f 14897 14898 14968 14967
f 14898 14899 14969 14968
f 14899 14900 14970 14969
f 14900 14901 14971 14970
f 14901 14902 14972 14971
f 14902 14903 14973 14972
f 14903 14904 14974 14973
f 14904 14905 14975 14974
f 14905 14906 14976 14975
f 14906 14907 14977 14976
f 14907 14908 14978 14977
f 14908 14909 14979 14978
f 14909 14910 14980 14979
f 14910 14841 14911 14980
f 14911 14912 14982 14981
f 14912 14913 14983 14982
f 14913 14914 14984 14983
f 14914 14915 14985 14984
f 14915 14916 14986 14985
f 14916 14917 14987 14986
f 14917 14918 14988 14987
f 14918 14919 14989 14988
f 14919 14920 14990 14989
f 14920 14921 14991 14990
f 14921 14922 14992 14991
f 14922 14923 14993 14992
f 14923 14924 14994 14993
f 14924 14925 14995 14994
f 14925 14926 14996 14995
f 14926 14927 14997 14996
f 14927 14928 14998 14997
f 14928 14929 14999 14998
f 14929 14930 15000 14999
f 14930 14931 15001 15000
f 14931 14932 15002 15001
f 14932 14933 15003 15002
f 14933 14934 15004 15003
f 14934 14935 15005 15004
f 14935 14936 15006 15005
f 14936 14937 15007 15006
f 14937 14938 15008 15007
f 14938 14939 15009 15008
f 14939 14940 15010 15009
f 14940 14941 15011 15010
f 14941 14942 15012 15011
f 14942 14943 15013 15012
f 14943 14944 15014 15013
f 14944 14945 15015 15014
f 14945 14946 15016 15015
f 14946 14947 15017 15016
f 14947 14948 15018 15017
f 14948 14949 15019 15018
f 14949 14950 15020 15019
f 14950 14951 15021 15020
f 14951 14952 15022 15021
f 14952 14953 15023 15022
f 14953 14954 15024 15023
f 14954 14955 15025 15024
f 14955 14956 15026 15025
f 14956 14957 15027 15026
f 14957 14958 15028 15027
f 14958 14959 15029 15028
f 14959 14960 15030 15029
f 14960 14961 15031 15030
f 14961 14962 15032 15031
f 14962 14963 15033 15032
f 14963 14964 15034 15033
f 14964 14965 15035 15034
f 14965 14966 15036 15035
f 14966 14967 15037 15036
f 14967 14968 15038 15037
f 14968 14969 15039 15038
f 14969 14970 15040 15039
f 14970 14971 15041 15040
f 14971 14972 15042 15041
f 14972 14973 15043 15042
f 14973 14974 15044 15043
f 14974 14975 15045 15044
f 14975 14976 15046 15045
f 14976 14977 15047 15046
f 14977 14978 15048 15047
f 14978 14979 15049 15048
f 14979 14980 15050 15049
f 14980 14911 14981 15050
f 14981 14982 15052 15051
f 14982 14983 15053 15052
f 14983 14984 15054 15053
f 14984 14985 15055 15054
f 14985 14986 15056 15055
f 14986 14987 15057 15056
f 14987 14988 15058 15057
f 14988 14989 15059 15058
f 14989 14990 15060 15059
f 14990 14991 15061 15060
f 14991 14992 15062 15061
f 14992 14993 15063 15062
f 14993 14994 15064 15063
f 14994 14995 15065 15064
f 14995 14996 15066 15065
f 14996 14997 15067 15066
f 14997 14998 15068 15067
f 14998 14999 15069 15068
f 14999 15000 15070 15069
f 15000 15001 15071 15070
f 15001 15002 15072 15071
f 15002 15003 15073 15072
f 15003 15004 15074 15073
f 15004 15005 15075 15074
f 15005 15006 15076 15075
f 15006 15007 15077 15076
f 15007 15008 15078 15077
f 15008 15009 15079 15078
f 15009 15010 15080 15079
f 15010 15011 15081 15080
f 15011 15012 15082 15081
f 15012 15013 15083 15082
f 15013 15014 15084 15083
f 15014 15015 15085 15084
f 15015 15016 15086 15085
f 15016 15017 15087 15086
f 15017 15018 15088 15087
f 15018 15019 15089 15088
f 15019 15020 15090 15089
f 15020 15021 15091 15090
f 15021 15022 15092 15091
f 15022 15023 15093 15092
f 15023 15024 15094 15093
f 15024 15025 15095 15094
f 15025 15026 15096 15095
f 15026 15027 15097 15096
f 15027 15028 15098 15097
f 15028 15029 15099 15098
f 15029 15030 15100 15099
f 15030 15031 15101 15100
f 15031 15032 15102 15101
f 15032 15033 15103 15102
f 15033 15034 15104 15103
f 15034 15035 15105 15104
f 15035 15036 15106 15105
f 15036 15037 15107 15106
f 15037 15038 15108 15107
f 15038 15039 15109 15108
f 15039 15040 15110 15109
f 15040 15041 15111 15110
f 15041 15042 15112 15111
f 15042 15043 15113 15112
f 15043 15044 15114 15113
f 15044 15045 15115 15114
f 15045 15046 15116 15115
f 15046 15047 15117 15116
f 15047 15048 15118 15117
f 15048 15049 15119 15118
f 15049 15050 15120 15119
f 15050 14981 15051 15120
f 15051 15052 15122 15121
f 15052 15053 15123 15122
f 15053 15054 15124 15123
f 15054 15055 15125 15124
f 15055 15056 15126 15125
f 15056 15057 15127 15126
f 15057 15058 15128 15127
f 15058 15059 15129 15128
f 15059 15060 15130 15129
f 15060 15061 15131 15130
f 15061 15062 15132 15131
f 15062 15063 15133 15132
f 15063 15064 15134 15133
f 15064 15065 15135 15134
f 15065 15066 15136 15135
f 15066 15067 15137 15136
f 15067 15068 15138 15137
f 15068 15069 15139 15138
f 15069 15070 15140 15139
f 15070 15071 15141 15140
f 15071 15072 15142 15141
f 15072 15073 15143 15142
f 15073 15074 15144 15143
f 15074 15075 15145 15144
f 15075 15076 15146 15145
f 15076 15077 15147 15146
f 15077 15078 15148 15147
f 15078 15079 15149 15148
f 15079 15080 15150 15149
f 15080 15081 15151 15150
f 15081 15082 15152 15151
f 15082 15083 15153 15152
f 15083 15084 15154 15153
f 15084 15085 15155 15154
f 15085 15086 15156 15155
f 15086 15087 15157 15156
f 15087 15088 15158 15157
f 15088 15089 15159 15158
f 15089 15090 15160 15159
f 15090 15091 15161 15160
f 15091 15092 15162 15161
f 15092 15093 15163 15162
f 15093 15094 15164 15163
f 15094 15095 15165 15164
f 15095 15096 15166 15165
f 15096 15097 15167 15166
f 15097 15098 15168 15167
f 15098 15099 15169 15168
f 15099 15100 15170 15169
f 15100 15101 15171 15170
f 15101 15102 15172 15171
f 15102 15103 15173 15172
f 15103 15104 15174 15173
f 15104 15105 15175 15174
f 15105 15106 15176 15175
f 15106 15107 15177 15176
f 15107 15108 15178 15177
f 15108 15109 15179 15178
f 15109 15110 15180 15179
f 15110 15111 15181 15180
f 15111 15112 15182 15181
f 15112 15113 15183 15182
f 15113 15114 15184 15183
f 15114 15115 15185 15184
f 15115 15116 15186 15185
f 15116 15117 15187 15186
f 15117 15118 15188 15187
f 15118 15119 15189 15188
f 15119 15120 15190 15189
f 15120 15051 15121 15190
f 15121 15122 15192 15191
f 15122 15123 15193 15192
f 15123 15124 15194 15193
f 15124 15125 15195 15194
f 15125 15126 15196 15195
f 15126 15127 15197 15196
f 15127 15128 15198 15197
f 15128 15129 15199 15198
f 15129 15130 15200 15199
f 15130 15131 15201 15200
f 15131 15132 15202 15201
f 15132 15133 15203 15202
f 15133 15134 15204 15203
f 15134 15135 15205 15204
f 15135 15136 15206 15205
f 15136 15137 15207 15206
f 15137 15138 15208 15207
f 15138 15139 15209 15208
f 15139 15140 15210 15209
f 15140 15141 15211 15210
f 15141 15142 15212 15211
f 15142 15143 15213 15212
f 15143 15144 15214 15213
f 15144 15145 15215 15214
f 15145 15146 15216 15215
f 15146 15147 15217 15216
f 15147 15148 15218 15217
f 15148 15149 15219 15218
f 15149 15150 15220 15219
f 15150 15151 15221 15220
f 15151 15152 15222 15221
f 15152 15153 15223 15222
f 15153 15154 15224 15223
f 15154 15155 15225 15224
f 15155 15156 15226 15225
f 15156 15157 15227 15226
f 15157 15158 15228 15227
f 15158 15159 15229 15228
f 15159 15160 15230 15229
f 15160 15161 15231 15230
f 15161 15162 15232 15231
f 15162 15163 15233 15232
f 15163 15164 15234 15233
f 15164 15165 15235 15234
f 15165 15166 15236 15235
f 15166 15167 15237 15236
f 15167 15168 15238 15237
f 15168 15169 15239 15238
f 15169 15170 15240 15239
f 15170 15171 15241 15240
f 15171 15172 15242 15241
f 15172 15173 15243 15242
f 15173 15174 15244 15243
f 15174 15175 15245 15244
f 15175 15176 15246 15245
f 15176 15177 15247 15246
f 15177 15178 15248 15247
f 15178 15179 15249 15248
f 15179 15180 15250 15249
f 15180 15181 15251 15250
f 15181 15182 15252 15251
f 15182 15183 15253 15252
f 15183 15184 15254 15253
f 15184 15185 15255 15254
f 15185 15186 15256 15255
f 15186 15187 15257 15256
f 15187 15188 15258 15257
f 15188 15189 15259 15258
f 15189 15190 15260 15259
f 15190 15121 15191 15260
f 15191 15192 15262 15261
f 15192 15193 15263 15262
f 15193 15194 15264 15263
f 15194 15195 15265 15264
f 15195 15196 15266 15265
f 15196 15197 15267 15266
f 15197 15198 15268 15267
f 15198 15199 15269 15268
f 15199 15200 15270 15269
f 15200 15201 15271 15270
f 15201 15202 15272 15271
f 15202 15203 15273 15272
f 15203 15204 15274 15273
f 15204 15205 15275 15274
f 15205 15206 15276 15275
f 15206 15207 15277 15276
f 15207 15208 15278 15277
f 15208 15209 15279 15278
f 15209 15210 15280 15279
f 15210 15211 15281 15280
f 15211 15212 15282 15281
f 15212 15213 15283 15282
f 15213 15214 15284 15283
f 15214 15215 15285 15284
f 15215 15216 15286 15285
f 15216 15217 15287 15286
f 15217 15218 15288 15287
f 15218 15219 15289 15288
f 15219 15220 15290 15289
f 15220 15221 15291 15290
f 15221 15222 15292 15291
f 15222 15223 15293 15292
f 15223 15224 15294 15293
f 15224 15225 15295 15294
f 15225 15226 15296 15295
f 15226 15227 15297 15296
f 15227 15228 15298 15297
f 15228 15229 15299 15298
f 15229 15230 15300 15299
f 15230 15231 15301 15300
f 15231 15232 15302 15301
f 15232 15233 15303 15302
f 15233 15234 15304 15303
f 15234 15235 15305 15304
f 15235 15236 15306 15305
f 15236 15237 15307 15306
f 15237 15238 15308 15307
f 15238 15239 15309 15308
f 15239 15240 15310 15309
f 15240 15241 15311 15310
f 15241 15242 15312 15311
f 15242 15243 15313 15312
f 15243 15244 15314 15313
f 15244 15245 15315 15314
f 15245 15246 15316 15315
f 15246 15247 15317 15316
f 15247 15248 15318 15317
f 15248 15249 15319 15318
f 15249 15250 15320 15319
f 15250 15251 15321 15320
f 15251 15252 15322 15321
f 15252 15253 15323 15322
f 15253 15254 15324 15323
f 15254 15255 15325 15324
f 15255 15256 15326 15325
f 15256 15257 15327 15326
f 15257 15258 15328 15327
f 15258 15259 15329 15328
f 15259 15260 15330 15329
f 15260 15191 15261 15330
f 15261 15262 15332 15331
f 15262 15263 15333 15332
f 15263 15264 15334 15333
f 15264 15265 15335 15334
f 15265 15266 15336 15335
f 15266 15267 15337 15336
f 15267 15268 15338 15337
f 15268 15269 15339 15338
f 15269 15270 15340 15339
f 15270 15271 15341 15340
f 15271 15272 15342 15341
f 15272 15273 15343 15342
f 15273 15274 15344 15343
f 15274 15275 15345 15344
f 15275 15276 15346 15345
f 15276 15277 15347 15346
f 15277 15278 15348 15347
f 15278 15279 15349 15348
f 15279 15280 15350 15349
f 15280 15281 15351 15350
f 15281 15282 15352 15351
f 15282 15283 15353 15352
f 15283 15284 15354 15353
f 15284 15285 15355 15354
f 15285 15286 15356 15355
f 15286 15287 15357 15356
f 15287 15288 15358 15357
f 15288 15289 15359 15358
f 15289 15290 15360 15359
f 15290 15291 15361 15360
f 15291 15292 15362 15361
f 15292 15293 15363 15362
f 15293 15294 15364 15363
f 15294 15295 15365 15364
f 15295 15296 15366 15365
f 15296 15297 15367 15366
f 15297 15298 15368 15367
f 15298 15299 15369 15368
f 15299 15300 15370 15369
f 15300 15301 15371 15370
f 15301 15302 15372 15371
f 15302 15303 15373 15372
f 15303 15304 15374 15373
f 15304 15305 15375 15374
f 15305 15306 15376 15375
f 15306 15307 15377 15376
f 15307 15308 15378 15377
f 15308 15309 15379 15378
f 15309 15310 15380 15379
f 15310 15311 15381 15380
f 15311 15312 15382 15381
f 15312 15313 15383 15382
f 15313 15314 15384 15383
f 15314 15315 15385 15384
f 15315 15316 15386 15385
f 15316 15317 15387 15386
f 15317 15318 15388 15387
f 15318 15319 15389 15388
f 15319 15320 15390 15389
f 15320 15321 15391 15390
f 15321 15322 15392 15391
f 15322 15323 15393 15392
f 15323 15324 15394 15393
f 15324 15325 15395 15394
f 15325 15326 15396 15395
f 15326 15327 15397 15396
f 15327 15328 15398 15397
f 15328 15329 15399 15398
f 15329 15330 15400 15399
f 15330 15261 15331 15400
f 15331 15332 15402 15401
f 15332 15333 15403 15402
f 15333 15334 15404 15403
f 15334 15335 15405 15404
f 15335 15336 15406 15405
f 15336 15337 15407 15406
f 15337 15338 15408 15407
f 15338 15339 15409 15408
f 15339 15340 15410 15409
f 15340 15341 15411 15410
f 15341 15342 15412 15411
f 15342 15343 15413 15412
f 15343 15344 15414 15413
f 15344 15345 15415 15414
f 15345 15346 15416 15415
f 15346 15347 15417 15416
f 15347 15348 15418 15417
f 15348 15349 15419 15418
f 15349 15350 15420 15419
f 15350 15351 15421 15420
f 15351 15352 15422 15421
f 15352 15353 15423 15422
f 15353 15354 15424 15423
f 15354 15355 15425 15424
f 15355 15356 15426 15425
f 15356 15357 15427 15426
f 15357 15358 15428 15427
f 15358 15359 15429 15428
f 15359 15360 15430 15429
f 15360 15361 15431 15430
f 15361 15362 15432 15431
f 15362 15363 15433 15432
f 15363 15364 15434 15433
f 15364 15365 15435 15434
f 15365 15366 15436 15435
f 15366 15367 15437 15436
f 15367 15368 15438 15437
f 15368 15369 15439 15438
f 15369 15370 15440 15439
f 15370 15371 15441 15440
f 15371 15372 15442 15441
f 15372 15373 15443 15442
f 15373 15374 15444 15443
f 15374 15375 15445 15444
f 15375 15376 15446 15445
f 15376 15377 15447 15446
f 15377 15378 15448 15447
f 15378 15379 15449 15448
f 15379 15380 15450 15449
f 15380 15381 15451 15450
f 15381 15382 15452 15451
f 15382 15383 15453 15452
f 15383 15384 15454 15453
f 15384 15385 15455 15454
f 15385 15386 15456 15455
f 15386 15387 15457 15456
f 15387 15388 15458 15457
f 15388 15389 15459 15458
f 15389 15390 15460 15459
f 15390 15391 15461 15460
f 15391 15392 15462 15461
f 15392 15393 15463 15462
f 15393 15394 15464 15463
f 15394 15395 15465 15464
f 15395 15396 15466 15465
f 15396 15397 15467 15466
f 15397 15398 15468 15467
f 15398 15399 15469 15468
f 15399 15400 15470 15469
f 15400 15331 15401 15470
f 70 69 68 67 66 65 64 63 62 61 60 59 58 57 56 55 54 53 52 51 50 49 48 47 46 45 44 43 42 41 40 39 38 37 36 35 34 33 32 31 30 29 28 27 26 25 24 23 22 21 20 19 18 17 16 15 14 13 12 11 10 9 8 7 6 5 4 3 2 1
f 15401 15402 15403 15404 15405 15406 15407 15408 15409 15410 15411 15412 15413 15414 15415 15416 15417 15418 15419 15420 15421 15422 15423 15424 15425 15426 15427 15428 15429 15430 15431 15432 15433 15434 15435 15436 15437 15438 15439 15440 15441 15442 15443 15444 15445 15446 15447 15448 15449 15450 15451 15452 15453 15454 15455 15456 15457 15458 15459 15460 15461 15462 15463 15464 15465 15466 15467 15468 15469 15470
