  0
SECTION
  2
HEADER
  9
$ACADVER
  1
AC1027
  9
$ACADMAINTVER
 70
105
  9
$DWGCODEPAGE
  3
ANSI_1252
  9
$LASTSAVEDBY
  1
ezdxf
  9
$REQUIREDVERSIONS
160
0
  9
$INSBASE
 10
0.0
 20
0.0
 30
0.0
  9
$EXTMIN
 10
1e+20
 20
1e+20
 30
1e+20
  9
$EXTMAX
 10
-1e+20
 20
-1e+20
 30
-1e+20
  9
$LIMMIN
 10
0.0
 20
0.0
  9
$LIMMAX
 10
420.0
 20
297.0
  9
$ORTHOMODE
 70
0
  9
$REGENMODE
 70
1
  9
$FILLMODE
 70
1
  9
$QTEXTMODE
 70
0
  9
$MIRRTEXT
 70
1
  9
$LTSCALE
 40
0.7
  9
$ATTMODE
 70
1
  9
$TEXTSIZE
 40
2.5
  9
$TRACEWID
 40
1.0
  9
$TEXTSTYLE
  7
OpenSans
  9
$CLAYER
  8
0
  9
$CELTYPE
  6
ByLayer
  9
$CECOLOR
 62
256
  9
$CELTSCALE
 40
1.0
  9
$DISPSILH
 70
0
  9
$DIMSCALE
 40
1.0
  9
$DIMASZ
 40
0.175
  9
$DIMEXO
 40
0.125
  9
$DIMDLI
 40
3.75
  9
$DIMRND
 40
0.0
  9
$DIMDLE
 40
0.0
  9
$DIMEXE
 40
0.375
  9
$DIMTP
 40
0.0
  9
$DIMTM
 40
0.0
  9
$DIMTXT
 40
0.25
  9
$DIMCEN
 40
2.5
  9
$DIMTSZ
 40
0.0
  9
$DIMTOL
 70
0
  9
$DIMLIM
 70
0
  9
$DIMTIH
 70
0
  9
$DIMTOH
 70
0
  9
$DIMSE1
 70
0
  9
$DIMSE2
 70
0
  9
$DIMTAD
 70
1
  9
$DIMZIN
 70
12
  9
$DIMBLK
  1
ARCHTICK
  9
$DIMASO
 70
1
  9
$DIMSHO
 70
1
  9
$DIMPOST
  1

  9
$DIMAPOST
  1

  9
$DIMALT
 70
0
  9
$DIMALTD
 70
3
  9
$DIMALTF
 40
0.03937007874
  9
$DIMLFAC
 40
100.0
  9
$DIMTOFL
 70
1
  9
$DIMTVP
 40
0.0
  9
$DIMTIX
 70
0
  9
$DIMSOXD
 70
0
  9
$DIMSAH
 70
0
  9
$DIMBLK1
  1

  9
$DIMBLK2
  1

  9
$DIMSTYLE
  2
EZDXF
  9
$DIMCLRD
 70
0
  9
$DIMCLRE
 70
0
  9
$DIMCLRT
 70
0
  9
$DIMTFAC
 40
0.5
  9
$DIMGAP
 40
0.1
  9
$DIMJUST
 70
0
  9
$DIMSD1
 70
0
  9
$DIMSD2
 70
0
  9
$DIMTOLJ
 70
0
  9
$DIMTZIN
 70
8
  9
$DIMALTZ
 70
0
  9
$DIMALTTZ
 70
0
  9
$DIMUPT
 70
1
  9
$DIMDEC
 70
2
  9
$DIMTDEC
 70
2
  9
$DIMALTU
 70
2
  9
$DIMALTTD
 70
3
  9
$DIMTXSTY
  7
OpenSansCondensed-Light
  9
$DIMAUNIT
 70
0
  9
$DIMADEC
 70
2
  9
$DIMALTRND
 40
0.0
  9
$DIMAZIN
 70
3
  9
$DIMDSEP
 70
46
  9
$DIMATFIT
 70
3
  9
$DIMFRAC
 70
0
  9
$DIMLDRBLK
  1

  9
$DIMLUNIT
 70
2
  9
$DIMLWD
 70
-2
  9
$DIMLWE
 70
-2
  9
$DIMTMOVE
 70
2
  9
$DIMFXL
 40
1.0
  9
$DIMFXLON
 70
0
  9
$DIMJOGANG
 40
0.785398163397
  9
$DIMTFILL
 70
0
  9
$DIMTFILLCLR
 70
0
  9
$DIMARCSYM
 70
0
  9
$DIMLTYPE
  6

  9
$DIMLTEX1
  6

  9
$DIMLTEX2
  6

  9
$DIMTXTDIRECTION
 70
0
  9
$LUNITS
 70
2
  9
$LUPREC
 70
4
  9
$SKETCHINC
 40
1.0
  9
$FILLETRAD
 40
10.0
  9
$AUNITS
 70
0
  9
$AUPREC
 70
2
  9
$MENU
  1
.
  9
$ELEVATION
 40
0.0
  9
$PELEVATION
 40
0.0
  9
$THICKNESS
 40
0.0
  9
$LIMCHECK
 70
0
  9
$CHAMFERA
 40
0.0
  9
$CHAMFERB
 40
0.0
  9
$CHAMFERC
 40
0.0
  9
$CHAMFERD
 40
0.0
  9
$SKPOLY
 70
0
  9
$TDCREATE
 40
2461306.835752315
  9
$TDUCREATE
 40
2458532.153996898
  9
$TDUPDATE
 40
2461306.835752315
  9
$TDUUPDATE
 40
2458532.1544311
  9
$TDINDWG
 40
0.0
  9
$TDUSRTIMER
 40
0.0
  9
$USRTIMER
 70
1
  9
$ANGBASE
 50
0.0
  9
$ANGDIR
 70
0
  9
$PDMODE
 70
0
  9
$PDSIZE
 40
0.0
  9
$PLINEWID
 40
0.0
  9
$SPLFRAME
 70
0
  9
$SPLINETYPE
 70
6
  9
$SPLINESEGS
 70
8
  9
$HANDSEED
  5
1A8
  9
$SURFTAB1
 70
6
  9
$SURFTAB2
 70
6
  9
$SURFTYPE
 70
6
  9
$SURFU
 70
6
  9
$SURFV
 70
6
  9
$UCSBASE
  2

  9
$UCSNAME
  2

  9
$UCSORG
 10
0.0
 20
0.0
 30
0.0
  9
$UCSXDIR
 10
1.0
 20
0.0
 30
0.0
  9
$UCSYDIR
 10
0.0
 20
1.0
 30
0.0
  9
$UCSORTHOREF
  2

  9
$UCSORTHOVIEW
 70
0
  9
$UCSORGTOP
 10
0.0
 20
0.0
 30
0.0
  9
$UCSORGBOTTOM
 10
0.0
 20
0.0
 30
0.0
  9
$UCSORGLEFT
 10
0.0
 20
0.0
 30
0.0
  9
$UCSORGRIGHT
 10
0.0
 20
0.0
 30
0.0
  9
$UCSORGFRONT
 10
0.0
 20
0.0
 30
0.0
  9
$UCSORGBACK
 10
0.0
 20
0.0
 30
0.0
  9
$PUCSBASE
  2

  9
$PUCSNAME
  2

  9
$PUCSORG
 10
0.0
 20
0.0
 30
0.0
  9
$PUCSXDIR
 10
1.0
 20
0.0
 30
0.0
  9
$PUCSYDIR
 10
0.0
 20
1.0
 30
0.0
  9
$PUCSORTHOREF
  2

  9
$PUCSORTHOVIEW
 70
0
  9
$PUCSORGTOP
 10
0.0
 20
0.0
 30
0.0
  9
$PUCSORGBOTTOM
 10
0.0
 20
0.0
 30
0.0
  9
$PUCSORGLEFT
 10
0.0
 20
0.0
 30
0.0
  9
$PUCSORGRIGHT
 10
0.0
 20
0.0
 30
0.0
  9
$PUCSORGFRONT
 10
0.0
 20
0.0
 30
0.0
  9
$PUCSORGBACK
 10
0.0
 20
0.0
 30
0.0
  9
$USERI1
 70
0
  9
$USERI2
 70
0
  9
$USERI3
 70
0
  9
$USERI4
 70
0
  9
$USERI5
 70
0
  9
$USERR1
 40
0.0
  9
$USERR2
 40
0.0
  9
$USERR3
 40
0.0
  9
$USERR4
 40
0.0
  9
$USERR5
 40
0.0
  9
$WORLDVIEW
 70
1
  9
$SHADEDGE
 70
3
  9
$SHADEDIF
 70
70
  9
$TILEMODE
 70
1
  9
$MAXACTVP
 70
64
  9
$PINSBASE
 10
0.0
 20
0.0
 30
0.0
  9
$PLIMCHECK
 70
0
  9
$PEXTMIN
 10
1e+20
 20
1e+20
 30
1e+20
  9
$PEXTMAX
 10
-1e+20
 20
-1e+20
 30
-1e+20
  9
$PLIMMIN
 10
0.0
 20
0.0
  9
$PLIMMAX
 10
420.0
 20
297.0
  9
$UNITMODE
 70
0
  9
$VISRETAIN
 70
1
  9
$PLINEGEN
 70
0
  9
$PSLTSCALE
 70
1
  9
$TREEDEPTH
 70
3020
  9
$CMLSTYLE
  2
Standard
  9
$CMLJUST
 70
0
  9
$CMLSCALE
 40
20.0
  9
$PROXYGRAPHICS
 70
1
  9
$MEASUREMENT
 70
1
  9
$CELWEIGHT
370
-1
  9
$ENDCAPS
280
0
  9
$JOINSTYLE
280
0
  9
$LWDISPLAY
290
0
  9
$INSUNITS
 70
4
  9
$HYPERLINKBASE
  1

  9
$STYLESHEET
  1

  9
$XEDIT
290
1
  9
$CEPSNTYPE
380
0
  9
$PSTYLEMODE
290
1
  9
$FINGERPRINTGUID
  2
{98720AEC-ABBD-4052-9F20-127B47288849}
  9
$VERSIONGUID
  2
{524834A0-9742-4CBE-8B3F-D98C604ECF35}
  9
$EXTNAMES
290
1
  9
$PSVPSCALE
 40
0.0
  9
$OLESTARTUP
290
0
  9
$SORTENTS
280
127
  9
$INDEXCTL
280
0
  9
$HIDETEXT
280
1
  9
$XCLIPFRAME
280
1
  9
$HALOGAP
280
0
  9
$OBSCOLOR
 70
257
  9
$OBSLTYPE
280
0
  9
$INTERSECTIONDISPLAY
280
0
  9
$INTERSECTIONCOLOR
 70
257
  9
$DIMASSOC
280
2
  9
$PROJECTNAME
  1

  9
$CAMERADISPLAY
290
0
  9
$LENSLENGTH
 40
50.0
  9
$CAMERAHEIGHT
 40
0.0
  9
$STEPSPERSEC
 40
24.0
  9
$STEPSIZE
 40
100.0
  9
$3DDWFPREC
 40
2.0
  9
$PSOLWIDTH
 40
0.005
  9
$PSOLHEIGHT
 40
0.08
  9
$LOFTANG1
 40
1.570796326795
  9
$LOFTANG2
 40
1.570796326795
  9
$LOFTMAG1
 40
0.0
  9
$LOFTMAG2
 40
0.0
  9
$LOFTPARAM
 70
7
  9
$LOFTNORMALS
280
1
  9
$LATITUDE
 40
37.795
  9
$LONGITUDE
 40
-122.394
  9
$NORTHDIRECTION
 40
0.0
  9
$TIMEZONE
 70
-8000
  9
$LIGHTGLYPHDISPLAY
280
1
  9
$TILEMODELIGHTSYNCH
280
1
  9
$CMATERIAL
347
20
  9
$SOLIDHIST
280
0
  9
$SHOWHIST
280
1
  9
$DWFFRAME
280
2
  9
$DGNFRAME
280
2
  9
$REALWORLDSCALE
290
1
  9
$INTERFERECOLOR
 62
256
  9
$CSHADOW
280
0
  9
$SHADOWPLANELOCATION
 40
0.0
  0
ENDSEC
  0
SECTION
  2
CLASSES
  0
CLASS
  1
ACDBDICTIONARYWDFLT
  2
AcDbDictionaryWithDefault
  3
ObjectDBX Classes
 90
0
 91
0
280
0
281
0
  0
CLASS
  1
SUN
  2
AcDbSun
  3
SCENEOE
 90
1153
 91
0
280
0
281
0
  0
CLASS
  1
VISUALSTYLE
  2
AcDbVisualStyle
  3
ObjectDBX Classes
 90
4095
 91
0
280
0
281
0
  0
CLASS
  1
MATERIAL
  2
AcDbMaterial
  3
ObjectDBX Classes
 90
1153
 91
0
280
0
281
0
  0
CLASS
  1
SCALE
  2
AcDbScale
  3
ObjectDBX Classes
 90
1153
 91
0
280
0
281
0
  0
CLASS
  1
TABLESTYLE
  2
AcDbTableStyle
  3
ObjectDBX Classes
 90
4095
 91
0
280
0
281
0
  0
CLASS
  1
MLEADERSTYLE
  2
AcDbMLeaderStyle
  3
ACDB_MLEADERSTYLE_CLASS
 90
4095
 91
0
280
0
281
0
  0
CLASS
  1
DICTIONARYVAR
  2
AcDbDictionaryVar
  3
ObjectDBX Classes
 90
0
 91
0
280
0
281
0
  0
CLASS
  1
CELLSTYLEMAP
  2
AcDbCellStyleMap
  3
ObjectDBX Classes
 90
1152
 91
0
280
0
281
0
  0
CLASS
  1
MENTALRAYRENDERSETTINGS
  2
AcDbMentalRayRenderSettings
  3
SCENEOE
 90
1024
 91
0
280
0
281
0
  0
CLASS
  1
ACDBDETAILVIEWSTYLE
  2
AcDbDetailViewStyle
  3
ObjectDBX Classes
 90
1025
 91
0
280
0
281
0
  0
CLASS
  1
ACDBSECTIONVIEWSTYLE
  2
AcDbSectionViewStyle
  3
ObjectDBX Classes
 90
1025
 91
0
280
0
281
0
  0
CLASS
  1
RASTERVARIABLES
  2
AcDbRasterVariables
  3
ISM
 90
0
 91
0
280
0
281
0
  0
CLASS
  1
LAYOUT
  2
AcDbLayout
  3
ObjectDBX Classes
 90
0
 91
0
280
0
281
0
  0
CLASS
  1
ACDBPLACEHOLDER
  2
AcDbPlaceHolder
  3
ObjectDBX Classes
 90
0
 91
0
280
0
281
0
  0
ENDSEC
  0
SECTION
  2
TABLES
  0
TABLE
  2
VPORT
  5
8
330
0
100
AcDbSymbolTable
 70
1
  0
VPORT
  5
23
330
8
100
AcDbSymbolTableRecord
100
AcDbViewportTableRecord
  2
*Active
 70
0
 10
0.0
 20
0.0
 11
1.0
 21
1.0
 12
0.0
 22
0.0
 13
0.0
 23
0.0
 14
0.5
 24
0.5
 15
0.5
 25
0.5
 16
0.0
 26
0.0
 36
1.0
 17
0.0
 27
0.0
 37
0.0
 40
1000.0
 41
1.34
 42
50.0
 43
0.0
 44
0.0
 50
0.0
 51
0.0
 71
0
 72
1000
 73
1
 74
3
 75
0
 76
0
 77
0
 78
0
281
0
 65
0
146
0.0
  0
ENDTAB
  0
TABLE
  2
LTYPE
  5
2
330
0
100
AcDbSymbolTable
 70
21
  0
LTYPE
  5
24
330
2
100
AcDbSymbolTableRecord
100
AcDbLinetypeTableRecord
  2
ByBlock
 70
0
  3

 72
65
 73
0
 40
0.0
  0
LTYPE
  5
25
330
2
100
AcDbSymbolTableRecord
100
AcDbLinetypeTableRecord
  2
ByLayer
 70
0
  3

 72
65
 73
0
 40
0.0
  0
LTYPE
  5
26
330
2
100
AcDbSymbolTableRecord
100
AcDbLinetypeTableRecord
  2
Continuous
 70
0
  3

 72
65
 73
0
 40
0.0
  0
LTYPE
  5
2F
330
2
100
AcDbSymbolTableRecord
100
AcDbLinetypeTableRecord
  2
CENTER
 70
0
  3
Center ____ _ ____ _ ____ _ ____ _ ____ _ ____
 72
65
 73
4
 40
5.08
 49
3.175
 74
0
 49
-0.635
 74
0
 49
0.635
 74
0
 49
-0.635
 74
0
  0
LTYPE
  5
30
330
2
100
AcDbSymbolTableRecord
100
AcDbLinetypeTableRecord
  2
CENTERX2
 70
0
  3
Center (2x) ________  __  ________  __  ________
 72
65
 73
4
 40
8.89
 49
6.35
 74
0
 49
-0.635
 74
0
 49
1.27
 74
0
 49
-0.635
 74
0
  0
LTYPE
  5
31
330
2
100
AcDbSymbolTableRecord
100
AcDbLinetypeTableRecord
  2
CENTER2
 70
0
  3
Center (.5x) ____ _ ____ _ ____ _ ____ _ ____
 72
65
 73
4
 40
2.54
 49
1.587
 74
0
 49
-0.318
 74
0
 49
0.318
 74
0
 49
-0.318
 74
0
  0
LTYPE
  5
32
330
2
100
AcDbSymbolTableRecord
100
AcDbLinetypeTableRecord
  2
DASHED
 70
0
  3
Dashed __ __ __ __ __ __ __ __ __ __ __ __ __ _
 72
65
 73
2
 40
1.524
 49
1.27
 74
0
 49
-0.254
 74
0
  0
LTYPE
  5
33
330
2
100
AcDbSymbolTableRecord
100
AcDbLinetypeTableRecord
  2
DASHEDX2
 70
0
  3
Dashed (2x) ____  ____  ____  ____  ____  ____
 72
65
 73
2
 40
3.048
 49
2.54
 74
0
 49
-0.508
 74
0
  0
LTYPE
  5
34
330
2
100
AcDbSymbolTableRecord
100
AcDbLinetypeTableRecord
  2
DASHED2
 70
0
  3
Dashed (.5x) _ _ _ _ _ _ _ _ _ _ _ _ _ _
 72
65
 73
2
 40
0.762
 49
0.635
 74
0
 49
-0.127
 74
0
  0
LTYPE
  5
35
330
2
100
AcDbSymbolTableRecord
100
AcDbLinetypeTableRecord
  2
PHANTOM
 70
0
  3
Phantom ______  __  __  ______  __  __  ______
 72
65
 73
6
 40
6.35
 49
3.175
 74
0
 49
-0.635
 74
0
 49
0.635
 74
0
 49
-0.635
 74
0
 49
0.635
 74
0
 49
-0.635
 74
0
  0
LTYPE
  5
36
330
2
100
AcDbSymbolTableRecord
100
AcDbLinetypeTableRecord
  2
PHANTOMX2
 70
0
  3
Phantom (2x)____________    ____    ____    ____________
 72
65
 73
6
 40
10.795
 49
6.35
 74
0
 49
-0.635
 74
0
 49
1.27
 74
0
 49
-0.635
 74
0
 49
1.27
 74
0
 49
-0.635
 74
0
  0
LTYPE
  5
37
330
2
100
AcDbSymbolTableRecord
100
AcDbLinetypeTableRecord
  2
PHANTOM2
 70
0
  3
Phantom (.5x) ___ _ _ ___ _ _ ___ _ _ ___ _ _ ___
 72
65
 73
6
 40
3.175
 49
1.587
 74
0
 49
-0.318
 74
0
 49
0.318
 74
0
 49
-0.318
 74
0
 49
0.318
 74
0
 49
-0.318
 74
0
  0
LTYPE
  5
38
330
2
100
AcDbSymbolTableRecord
100
AcDbLinetypeTableRecord
  2
DASHDOT
 70
0
  3
Dash dot __ . __ . __ . __ . __ . __ . __ . __
 72
65
 73
4
 40
3.556
 49
2.54
 74
0
 49
-0.508
 74
0
 49
0.0
 74
0
 49
-0.508
 74
0
  0
LTYPE
  5
39
330
2
100
AcDbSymbolTableRecord
100
AcDbLinetypeTableRecord
  2
DASHDOTX2
 70
0
  3
Dash dot (2x) ____  .  ____  .  ____  .  ____
 72
65
 73
4
 40
6.096
 49
5.08
 74
0
 49
-0.508
 74
0
 49
0.0
 74
0
 49
-0.508
 74
0
  0
LTYPE
  5
3A
330
2
100
AcDbSymbolTableRecord
100
AcDbLinetypeTableRecord
  2
DASHDOT2
 70
0
  3
Dash dot (.5x) _ . _ . _ . _ . _ . _ . _ . _
 72
65
 73
4
 40
1.778
 49
1.27
 74
0
 49
-0.254
 74
0
 49
0.0
 74
0
 49
-0.254
 74
0
  0
LTYPE
  5
3B
330
2
100
AcDbSymbolTableRecord
100
AcDbLinetypeTableRecord
  2
DOT
 70
0
  3
Dot .  .  .  .  .  .  .  .  .  .  .  .  .  .  .  .
 72
65
 73
2
 40
0.508
 49
0.0
 74
0
 49
-0.508
 74
0
  0
LTYPE
  5
3C
330
2
100
AcDbSymbolTableRecord
100
AcDbLinetypeTableRecord
  2
DOTX2
 70
0
  3
Dot (2x) .    .    .    .    .    .    .    . 
 72
65
 73
2
 40
1.016
 49
0.0
 74
0
 49
-1.016
 74
0
  0
LTYPE
  5
3D
330
2
100
AcDbSymbolTableRecord
100
AcDbLinetypeTableRecord
  2
DOT2
 70
0
  3
Dot (.5) . . . . . . . . . . . . . . . . . . . 
 72
65
 73
2
 40
0.254
 49
0.0
 74
0
 49
-0.254
 74
0
  0
LTYPE
  5
3E
330
2
100
AcDbSymbolTableRecord
100
AcDbLinetypeTableRecord
  2
DIVIDE
 70
0
  3
Divide __ . . __ . . __ . . __ . . __ . . __
 72
65
 73
6
 40
4.064
 49
2.54
 74
0
 49
-0.508
 74
0
 49
0.0
 74
0
 49
-0.508
 74
0
 49
0.0
 74
0
 49
-0.508
 74
0
  0
LTYPE
  5
3F
330
2
100
AcDbSymbolTableRecord
100
AcDbLinetypeTableRecord
  2
DIVIDEX2
 70
0
  3
Divide (2x) ____  . .  ____  . .  ____  . .  ____
 72
65
 73
6
 40
6.604
 49
5.08
 74
0
 49
-0.508
 74
0
 49
0.0
 74
0
 49
-0.508
 74
0
 49
0.0
 74
0
 49
-0.508
 74
0
  0
LTYPE
  5
40
330
2
100
AcDbSymbolTableRecord
100
AcDbLinetypeTableRecord
  2
DIVIDE2
 70
0
  3
Divide(.5x) _ . _ . _ . _ . _ . _ . _ . _
 72
65
 73
6
 40
2.032
 49
1.27
 74
0
 49
-0.254
 74
0
 49
0.0
 74
0
 49
-0.254
 74
0
 49
0.0
 74
0
 49
-0.254
 74
0
  0
ENDTAB
  0
TABLE
  2
LAYER
  5
1
330
0
100
AcDbSymbolTable
 70
24
  0
LAYER
  5
27
330
1
100
AcDbSymbolTableRecord
100
AcDbLayerTableRecord
  2
0
 70
0
 62
7
  6
Continuous
370
-3
390
13
347
21
  0
LAYER
  5
28
330
1
100
AcDbSymbolTableRecord
100
AcDbLayerTableRecord
  2
Defpoints
 70
0
 62
7
  6
Continuous
290
0
370
-3
390
13
347
21
  0
LAYER
  5
8A
330
1
100
AcDbSymbolTableRecord
100
AcDbLayerTableRecord
  2
00_РАМКА
 70
0
 62
7
  6
CONTINUOUS
370
-3
390
13
347
21
  0
LAYER
  5
8B
330
1
100
AcDbSymbolTableRecord
100
AcDbLayerTableRecord
  2
01_ОБШИВКА
 70
0
 62
7
  6
CONTINUOUS
370
-3
390
13
347
21
  0
LAYER
  5
8C
330
1
100
AcDbSymbolTableRecord
100
AcDbLayerTableRecord
  2
02_ПАЛУБЫ
 70
0
 62
4
  6
CONTINUOUS
370
-3
390
13
347
21
  0
LAYER
  5
8D
330
1
100
AcDbSymbolTableRecord
100
AcDbLayerTableRecord
  2
03_ПЕРЕБОРКИ
 70
0
 62
1
  6
CONTINUOUS
370
-3
390
13
347
21
  0
LAYER
  5
8E
330
1
100
AcDbSymbolTableRecord
100
AcDbLayerTableRecord
  2
04_ЦИСТЕРНЫ
 70
0
 62
3
  6
CONTINUOUS
370
-3
390
13
347
21
  0
LAYER
  5
8F
330
1
100
AcDbSymbolTableRecord
100
AcDbLayerTableRecord
  2
05_ОБОРУДОВАНИЕ
 70
0
 62
5
  6
CONTINUOUS
370
-3
390
13
347
21
  0
LAYER
  5
90
330
1
100
AcDbSymbolTableRecord
100
AcDbLayerTableRecord
  2
06_ПОМЕЩЕНИЯ
 70
0
 62
8
  6
CONTINUOUS
370
-3
390
13
347
21
  0
LAYER
  5
91
330
1
100
AcDbSymbolTableRecord
100
AcDbLayerTableRecord
  2
07_ОСИ
 70
0
 62
2
  6
CENTER
370
18
390
13
347
21
  0
LAYER
  5
92
330
1
100
AcDbSymbolTableRecord
100
AcDbLayerTableRecord
  2
08_ТЕКСТ
 70
0
 62
7
  6
CONTINUOUS
370
-3
390
13
347
21
  0
LAYER
  5
93
330
1
100
AcDbSymbolTableRecord
100
AcDbLayerTableRecord
  2
09_РАЗМЕРЫ
 70
0
 62
6
  6
CONTINUOUS
370
-3
390
13
347
21
  0
LAYER
  5
94
330
1
100
AcDbSymbolTableRecord
100
AcDbLayerTableRecord
  2
10_НАБОР
 70
0
 62
9
  6
CONTINUOUS
370
-3
390
13
347
21
  0
LAYER
  5
95
330
1
100
AcDbSymbolTableRecord
100
AcDbLayerTableRecord
  2
11_КАЮТЫ
 70
0
 62
30
  6
CONTINUOUS
370
-3
390
13
347
21
  0
LAYER
  5
96
330
1
100
AcDbSymbolTableRecord
100
AcDbLayerTableRecord
  2
12_ТРАПЫ_ЛИФТЫ
 70
0
 62
6
  6
CONTINUOUS
370
-3
390
13
347
21
  0
LAYER
  5
97
330
1
100
AcDbSymbolTableRecord
100
AcDbLayerTableRecord
  2
13_КОЛЁСА
 70
0
 62
1
  6
CONTINUOUS
370
-3
390
13
347
21
  0
LAYER
  5
98
330
1
100
AcDbSymbolTableRecord
100
AcDbLayerTableRecord
  2
14_МЕБЕЛЬ
 70
0
 62
252
  6
CONTINUOUS
370
-3
390
13
347
21
  0
LAYER
  5
9A
330
1
100
AcDbSymbolTableRecord
100
AcDbLayerTableRecord
  2
20_ВИДИМЫЕ
 70
0
 62
7
  6
CONTINUOUS
370
50
390
13
347
21
  0
LAYER
  5
9B
330
1
100
AcDbSymbolTableRecord
100
AcDbLayerTableRecord
  2
21_НЕВИДИМЫЕ
 70
0
 62
8
  6
DASHED
370
25
390
13
347
21
  0
LAYER
  5
9C
330
1
100
AcDbSymbolTableRecord
100
AcDbLayerTableRecord
  2
22_ТОНКИЕ
 70
0
 62
8
  6
CONTINUOUS
370
18
390
13
347
21
  0
LAYER
  5
9D
330
1
100
AcDbSymbolTableRecord
100
AcDbLayerTableRecord
  2
23_ШТРИХОВКА
 70
0
 62
8
  6
CONTINUOUS
370
18
390
13
347
21
  0
LAYER
  5
9E
330
1
100
AcDbSymbolTableRecord
100
AcDbLayerTableRecord
  2
24_ФАНТОМ
 70
0
 62
8
  6
PHANTOM
370
18
390
13
347
21
  0
LAYER
  5
9F
330
1
100
AcDbSymbolTableRecord
100
AcDbLayerTableRecord
  2
25_ЛИТЬЁ
 70
0
 62
1
  6
CONTINUOUS
370
25
390
13
347
21
  0
LAYER
  5
A0
330
1
100
AcDbSymbolTableRecord
100
AcDbLayerTableRecord
  2
26_ЛИТЬЁ_ТОНКИЕ
 70
0
 62
1
  6
DASHED
370
18
390
13
347
21
  0
ENDTAB
  0
TABLE
  2
STYLE
  5
5
330
0
100
AcDbSymbolTable
 70
27
  0
STYLE
  5
29
330
5
100
AcDbSymbolTableRecord
100
AcDbTextStyleTableRecord
  2
Standard
 70
0
 40
0.0
 41
1.0
 50
0.0
 71
0
 42
2.5
  3
txt
  4

  0
STYLE
  5
41
330
5
100
AcDbSymbolTableRecord
100
AcDbTextStyleTableRecord
  2
OpenSans-Light
 70
0
 40
0.0
 41
1.0
 50
0.0
 71
0
 42
2.5
  3
OpenSans-Light.ttf
  4

  0
STYLE
  5
42
330
5
100
AcDbSymbolTableRecord
100
AcDbTextStyleTableRecord
  2
OpenSans-Light-Italic
 70
0
 40
0.0
 41
1.0
 50
0.0
 71
0
 42
2.5
  3
OpenSans-LightItalic.ttf
  4

  0
STYLE
  5
43
330
5
100
AcDbSymbolTableRecord
100
AcDbTextStyleTableRecord
  2
OpenSans
 70
0
 40
0.0
 41
1.0
 50
0.0
 71
0
 42
2.5
  3
OpenSans-Regular.ttf
  4

  0
STYLE
  5
44
330
5
100
AcDbSymbolTableRecord
100
AcDbTextStyleTableRecord
  2
OpenSans-Italic
 70
0
 40
0.0
 41
1.0
 50
0.0
 71
0
 42
2.5
  3
OpenSans-Italic.ttf
  4

  0
STYLE
  5
45
330
5
100
AcDbSymbolTableRecord
100
AcDbTextStyleTableRecord
  2
OpenSans-SemiBold
 70
0
 40
0.0
 41
1.0
 50
0.0
 71
0
 42
2.5
  3
OpenSans-SemiBold.ttf
  4

  0
STYLE
  5
46
330
5
100
AcDbSymbolTableRecord
100
AcDbTextStyleTableRecord
  2
OpenSans-SemiBoldItalic
 70
0
 40
0.0
 41
1.0
 50
0.0
 71
0
 42
2.5
  3
OpenSans-SemiBoldItalic.ttf
  4

  0
STYLE
  5
47
330
5
100
AcDbSymbolTableRecord
100
AcDbTextStyleTableRecord
  2
OpenSans-Bold
 70
0
 40
0.0
 41
1.0
 50
0.0
 71
0
 42
2.5
  3
OpenSans-Bold.ttf
  4

  0
STYLE
  5
48
330
5
100
AcDbSymbolTableRecord
100
AcDbTextStyleTableRecord
  2
OpenSans-BoldItalic
 70
0
 40
0.0
 41
1.0
 50
0.0
 71
0
 42
2.5
  3
OpenSans-BoldItalic.ttf
  4

  0
STYLE
  5
49
330
5
100
AcDbSymbolTableRecord
100
AcDbTextStyleTableRecord
  2
OpenSans-ExtraBold
 70
0
 40
0.0
 41
1.0
 50
0.0
 71
0
 42
2.5
  3
OpenSans-ExtraBold.ttf
  4

  0
STYLE
  5
4A
330
5
100
AcDbSymbolTableRecord
100
AcDbTextStyleTableRecord
  2
OpenSans-ExtraBoldItalic
 70
0
 40
0.0
 41
1.0
 50
0.0
 71
0
 42
2.5
  3
OpenSans-ExtraBoldItalic.ttf
  4

  0
STYLE
  5
4B
330
5
100
AcDbSymbolTableRecord
100
AcDbTextStyleTableRecord
  2
OpenSansCondensed-Bold
 70
0
 40
0.0
 41
1.0
 50
0.0
 71
0
 42
2.5
  3
OpenSansCondensed-Bold.ttf
  4

  0
STYLE
  5
4C
330
5
100
AcDbSymbolTableRecord
100
AcDbTextStyleTableRecord
  2
OpenSansCondensed-Light
 70
0
 40
0.0
 41
1.0
 50
0.0
 71
0
 42
2.5
  3
OpenSansCondensed-Light.ttf
  4

  0
STYLE
  5
4D
330
5
100
AcDbSymbolTableRecord
100
AcDbTextStyleTableRecord
  2
OpenSansCondensed-Italic
 70
0
 40
0.0
 41
1.0
 50
0.0
 71
0
 42
2.5
  3
OpenSansCondensed-LightItalic.ttf
  4

  0
STYLE
  5
4E
330
5
100
AcDbSymbolTableRecord
100
AcDbTextStyleTableRecord
  2
LiberationSans
 70
0
 40
0.0
 41
1.0
 50
0.0
 71
0
 42
2.5
  3
LiberationSans-Regular.ttf
  4

  0
STYLE
  5
4F
330
5
100
AcDbSymbolTableRecord
100
AcDbTextStyleTableRecord
  2
LiberationSans-Bold
 70
0
 40
0.0
 41
1.0
 50
0.0
 71
0
 42
2.5
  3
LiberationSans-Bold.ttf
  4

  0
STYLE
  5
50
330
5
100
AcDbSymbolTableRecord
100
AcDbTextStyleTableRecord
  2
LiberationSans-BoldItalic
 70
0
 40
0.0
 41
1.0
 50
0.0
 71
0
 42
2.5
  3
LiberationSans-BoldItalic.ttf
  4

  0
STYLE
  5
51
330
5
100
AcDbSymbolTableRecord
100
AcDbTextStyleTableRecord
  2
LiberationSans-Italic
 70
0
 40
0.0
 41
1.0
 50
0.0
 71
0
 42
2.5
  3
LiberationSans-Italic.ttf
  4

  0
STYLE
  5
52
330
5
100
AcDbSymbolTableRecord
100
AcDbTextStyleTableRecord
  2
LiberationSerif
 70
0
 40
0.0
 41
1.0
 50
0.0
 71
0
 42
2.5
  3
LiberationSerif-Regular.ttf
  4

  0
STYLE
  5
53
330
5
100
AcDbSymbolTableRecord
100
AcDbTextStyleTableRecord
  2
LiberationSerif-Bold
 70
0
 40
0.0
 41
1.0
 50
0.0
 71
0
 42
2.5
  3
LiberationSerif-Bold.ttf
  4

  0
STYLE
  5
54
330
5
100
AcDbSymbolTableRecord
100
AcDbTextStyleTableRecord
  2
LiberationSerif-BoldItalic
 70
0
 40
0.0
 41
1.0
 50
0.0
 71
0
 42
2.5
  3
LiberationSerif-BoldItalic.ttf
  4

  0
STYLE
  5
55
330
5
100
AcDbSymbolTableRecord
100
AcDbTextStyleTableRecord
  2
LiberationSerif-Italic
 70
0
 40
0.0
 41
1.0
 50
0.0
 71
0
 42
2.5
  3
LiberationSerif-Italic.ttf
  4

  0
STYLE
  5
56
330
5
100
AcDbSymbolTableRecord
100
AcDbTextStyleTableRecord
  2
LiberationMono
 70
0
 40
0.0
 41
1.0
 50
0.0
 71
0
 42
2.5
  3
LiberationMono-Regular.ttf
  4

  0
STYLE
  5
57
330
5
100
AcDbSymbolTableRecord
100
AcDbTextStyleTableRecord
  2
LiberationMono-Bold
 70
0
 40
0.0
 41
1.0
 50
0.0
 71
0
 42
2.5
  3
LiberationMono-Bold.ttf
  4

  0
STYLE
  5
58
330
5
100
AcDbSymbolTableRecord
100
AcDbTextStyleTableRecord
  2
LiberationMono-BoldItalic
 70
0
 40
0.0
 41
1.0
 50
0.0
 71
0
 42
2.5
  3
LiberationMono-BoldItalic.ttf
  4

  0
STYLE
  5
59
330
5
100
AcDbSymbolTableRecord
100
AcDbTextStyleTableRecord
  2
LiberationMono-Italic
 70
0
 40
0.0
 41
1.0
 50
0.0
 71
0
 42
2.5
  3
LiberationMono-Italic.ttf
  4

  0
STYLE
  5
99
330
5
100
AcDbSymbolTableRecord
100
AcDbTextStyleTableRecord
  2
ГОСТ
 70
0
 40
0.0
 41
1.0
 50
0.0
 71
0
 42
2.5
  3
ISOCPEUR.TTF
  4

  0
ENDTAB
  0
TABLE
  2
VIEW
  5
7
330
0
100
AcDbSymbolTable
 70
0
  0
ENDTAB
  0
TABLE
  2
UCS
  5
6
330
0
100
AcDbSymbolTable
 70
0
  0
ENDTAB
  0
TABLE
  2
APPID
  5
3
330
0
100
AcDbSymbolTable
 70
3
  0
APPID
  5
2A
330
3
100
AcDbSymbolTableRecord
100
AcDbRegAppTableRecord
  2
ACAD
 70
0
  0
APPID
  5
1A5
330
3
100
AcDbSymbolTableRecord
100
AcDbRegAppTableRecord
  2
HATCHBACKGROUNDCOLOR
 70
0
  0
APPID
  5
1A6
330
3
100
AcDbSymbolTableRecord
100
AcDbRegAppTableRecord
  2
EZDXF
 70
0
  0
ENDTAB
  0
TABLE
  2
DIMSTYLE
  5
4
330
0
100
AcDbSymbolTable
 70
13
100
AcDbDimStyleTable
  0
DIMSTYLE
105
2B
330
4
100
AcDbSymbolTableRecord
100
AcDbDimStyleTableRecord
  2
Standard
 70
0
 40
1.0
 41
2.5
 42
0.625
 43
3.75
 44
1.25
 45
0.0
 46
0.0
 47
0.0
 48
0.0
 49
2.5
140
2.5
141
2.5
142
0.0
143
0.03937007874
144
1.0
145
0.0
146
1.0
147
0.625
148
0.0
 69
0
 70
0
 71
0
 72
0
 73
0
 74
0
 75
0
 76
0
 77
1
 78
8
 79
3
170
0
171
3
172
1
173
0
174
0
175
0
176
0
177
0
178
0
179
2
271
2
272
2
273
2
274
3
275
0
276
0
277
2
278
44
279
0
280
0
281
0
282
0
283
0
284
8
285
0
286
0
288
0
289
3
290
0
371
-2
372
-2
  0
DIMSTYLE
105
73
330
4
100
AcDbSymbolTableRecord
100
AcDbDimStyleTableRecord
  2
EZDXF
 70
0
 40
1.0
 41
0.175
 42
0.125
 43
3.75
 44
0.375
 45
0.0
 46
0.0
 47
0.0
 48
0.0
 49
2.5
140
0.25
141
2.5
142
0.0
143
0.03937007874
144
100.0
145
0.0
146
0.5
147
0.1
148
0.0
 69
0
 70
0
 71
0
 72
0
 73
0
 74
0
 75
0
 76
0
 77
1
 78
12
 79
3
170
0
171
3
172
1
173
0
174
0
175
0
176
0
177
0
178
0
179
2
271
2
272
2
273
2
274
3
275
0
276
0
277
2
278
46
279
2
280
0
281
0
282
0
283
0
284
8
285
0
286
0
288
1
289
3
290
0
340
4C
342
74
371
-2
372
-2
  0
DIMSTYLE
105
7C
330
4
100
AcDbSymbolTableRecord
100
AcDbDimStyleTableRecord
  2
EZ_M_100_H25_CM
 70
0
 40
1.0
 41
0.25
 42
0.125
 43
3.75
 44
0.375
 45
0.0
 46
0.0
 47
0.0
 48
0.0
 49
2.5
140
0.25
141
2.5
142
0.125
143
0.03937007874
144
100.0
145
0.0
146
0.5
147
0.1
148
0.0
 69
0
 70
0
 71
0
 72
0
 73
0
 74
0
 75
0
 76
0
 77
1
 78
12
 79
3
170
0
171
3
172
1
173
0
174
0
175
0
176
0
177
0
178
0
179
2
271
2
272
2
273
2
274
3
275
0
276
0
277
2
278
46
279
2
280
0
281
0
282
0
283
0
284
8
285
0
286
0
288
1
289
3
290
0
340
4C
371
-2
372
-2
  0
DIMSTYLE
105
7D
330
4
100
AcDbSymbolTableRecord
100
AcDbDimStyleTableRecord
  2
EZ_M_50_H25_CM
 70
0
 40
1.0
 41
0.125
 42
0.0625
 43
3.75
 44
0.1875
 45
0.0
 46
0.0
 47
0.0
 48
0.0
 49
2.5
140
0.125
141
2.5
142
0.0625
143
0.03937007874
144
100.0
145
0.0
146
0.5
147
0.05
148
0.0
 69
0
 70
0
 71
0
 72
0
 73
0
 74
0
 75
0
 76
0
 77
1
 78
12
 79
3
170
0
171
3
172
1
173
0
174
0
175
0
176
0
177
0
178
0
179
2
271
2
272
2
273
2
274
3
275
0
276
0
277
2
278
46
279
2
280
0
281
0
282
0
283
0
284
8
285
0
286
0
288
1
289
3
290
0
340
4C
371
-2
372
-2
  0
DIMSTYLE
105
7E
330
4
100
AcDbSymbolTableRecord
100
AcDbDimStyleTableRecord
  2
EZ_M_25_H25_CM
 70
0
 40
1.0
 41
0.0625
 42
0.03125
 43
3.75
 44
0.09375
 45
0.0
 46
0.0
 47
0.0
 48
0.0
 49
2.5
140
0.0625
141
2.5
142
0.03125
143
0.03937007874
144
100.0
145
0.0
146
0.5
147
0.025
148
0.0
 69
0
 70
0
 71
0
 72
0
 73
0
 74
0
 75
0
 76
0
 77
1
 78
12
 79
3
170
0
171
3
172
1
173
0
174
0
175
0
176
0
177
0
178
0
179
2
271
2
272
2
273
2
274
3
275
0
276
0
277
2
278
46
279
2
280
0
281
0
282
0
283
0
284
8
285
0
286
0
288
1
289
3
290
0
340
4C
371
-2
372
-2
  0
DIMSTYLE
105
7F
330
4
100
AcDbSymbolTableRecord
100
AcDbDimStyleTableRecord
  2
EZ_M_20_H25_CM
 70
0
 40
1.0
 41
0.05
 42
0.025
 43
3.75
 44
0.07500000000000001
 45
0.0
 46
0.0
 47
0.0
 48
0.0
 49
2.5
140
0.05
141
2.5
142
0.025
143
0.03937007874
144
100.0
145
0.0
146
0.5
147
0.020000000000000004
148
0.0
 69
0
 70
0
 71
0
 72
0
 73
0
 74
0
 75
0
 76
0
 77
1
 78
12
 79
3
170
0
171
3
172
1
173
0
174
0
175
0
176
0
177
0
178
0
179
2
271
2
272
2
273
2
274
3
275
0
276
0
277
2
278
46
279
2
280
0
281
0
282
0
283
0
284
8
285
0
286
0
288
1
289
3
290
0
340
4C
371
-2
372
-2
  0
DIMSTYLE
105
80
330
4
100
AcDbSymbolTableRecord
100
AcDbDimStyleTableRecord
  2
EZ_M_10_H25_CM
 70
0
 40
1.0
 41
0.025
 42
0.0125
 43
3.75
 44
0.037500000000000006
 45
0.0
 46
0.0
 47
0.0
 48
0.0
 49
2.5
140
0.025
141
2.5
142
0.0125
143
0.03937007874
144
100.0
145
0.0
146
0.5
147
0.010000000000000002
148
0.0
 69
0
 70
0
 71
0
 72
0
 73
0
 74
0
 75
0
 76
0
 77
1
 78
12
 79
3
170
0
171
3
172
1
173
0
174
0
175
0
176
0
177
0
178
0
179
2
271
2
272
2
273
2
274
3
275
0
276
0
277
2
278
46
279
2
280
0
281
0
282
0
283
0
284
8
285
0
286
0
288
1
289
3
290
0
340
4C
371
-2
372
-2
  0
DIMSTYLE
105
81
330
4
100
AcDbSymbolTableRecord
100
AcDbDimStyleTableRecord
  2
EZ_M_5_H25_CM
 70
0
 40
1.0
 41
0.0125
 42
0.00625
 43
3.75
 44
0.018750000000000003
 45
0.0
 46
0.0
 47
0.0
 48
0.0
 49
2.5
140
0.0125
141
2.5
142
0.00625
143
0.03937007874
144
100.0
145
0.0
146
0.5
147
0.005000000000000001
148
0.0
 69
0
 70
0
 71
0
 72
0
 73
0
 74
0
 75
0
 76
0
 77
1
 78
12
 79
3
170
0
171
3
172
1
173
0
174
0
175
0
176
0
177
0
178
0
179
2
271
2
272
2
273
2
274
3
275
0
276
0
277
2
278
46
279
2
280
0
281
0
282
0
283
0
284
8
285
0
286
0
288
1
289
3
290
0
340
4C
371
-2
372
-2
  0
DIMSTYLE
105
82
330
4
100
AcDbSymbolTableRecord
100
AcDbDimStyleTableRecord
  2
EZ_M_1_H25_CM
 70
0
 40
1.0
 41
0.0025
 42
0.00125
 43
3.75
 44
0.00375
 45
0.0
 46
0.0
 47
0.0
 48
0.0
 49
2.5
140
0.0025
141
2.5
142
0.00125
143
0.03937007874
144
100.0
145
0.0
146
0.5
147
0.001
148
0.0
 69
0
 70
0
 71
0
 72
0
 73
0
 74
0
 75
0
 76
0
 77
1
 78
12
 79
3
170
0
171
3
172
1
173
0
174
0
175
0
176
0
177
0
178
0
179
2
271
2
272
2
273
2
274
3
275
0
276
0
277
2
278
46
279
2
280
0
281
0
282
0
283
0
284
8
285
0
286
0
288
1
289
3
290
0
340
4C
371
-2
372
-2
  0
DIMSTYLE
105
83
330
4
100
AcDbSymbolTableRecord
100
AcDbDimStyleTableRecord
  2
EZ_RADIUS
 70
0
 40
1.0
 41
0.25
 42
0.125
 43
3.75
 44
0.375
 45
0.0
 46
0.0
 47
0.0
 48
0.0
 49
2.5
140
0.25
141
0.0
142
0.0
143
0.03937007874
144
100.0
145
0.0
146
0.5
147
0.1
148
0.0
 69
0
 70
0
 71
0
 72
0
 73
0
 74
0
 75
0
 76
0
 77
1
 78
12
 79
3
170
0
171
3
172
0
173
0
174
0
175
0
176
0
177
0
178
0
179
2
271
2
272
2
273
2
274
3
275
0
276
0
277
2
278
46
279
1
280
0
281
0
282
0
283
0
284
8
285
0
286
0
288
1
289
3
290
0
340
4C
342
84
371
-2
372
-2
  0
DIMSTYLE
105
88
330
4
100
AcDbSymbolTableRecord
100
AcDbDimStyleTableRecord
  2
EZ_RADIUS_INSIDE
 70
0
 40
1.0
 41
0.25
 42
0.125
 43
3.75
 44
0.375
 45
0.0
 46
0.0
 47
0.0
 48
0.0
 49
2.5
140
0.25
141
0.0
142
0.0
143
0.03937007874
144
100.0
145
0.0
146
0.5
147
0.1
148
0.0
 69
0
 70
0
 71
0
 72
0
 73
0
 74
0
 75
0
 76
0
 77
0
 78
12
 79
3
170
0
171
3
172
0
173
0
174
1
175
0
176
0
177
0
178
0
179
2
271
2
272
2
273
2
274
3
275
0
276
0
277
2
278
46
279
0
280
0
281
0
282
0
283
0
284
8
285
0
286
0
288
1
289
0
290
0
340
4C
342
84
371
-2
372
-2
  0
DIMSTYLE
105
89
330
4
100
AcDbSymbolTableRecord
100
AcDbDimStyleTableRecord
  2
EZ_CURVED
 70
0
 40
1.0
 41
0.25
 42
0.125
 43
3.75
 44
0.375
 45
0.0
 46
0.0
 47
0.0
 48
0.0
 49
2.5
140
0.25
141
2.5
142
0.0
143
0.03937007874
144
100.0
145
0.0
146
0.5
147
0.1
148
0.0
 69
0
 70
0
 71
0
 72
0
 73
0
 74
0
 75
0
 76
0
 77
1
 78
12
 79
2
 90
2
170
0
171
3
172
1
173
0
174
0
175
0
176
0
177
0
178
0
179
2
271
2
272
2
273
2
274
3
275
0
276
0
277
2
278
46
279
2
280
0
281
0
282
0
283
0
284
8
285
0
286
0
288
1
289
3
290
0
340
4C
371
-2
372
-2
  0
DIMSTYLE
105
A1
330
4
100
AcDbSymbolTableRecord
100
AcDbDimStyleTableRecord
  2
ГОСТ
 70
0
 40
2.0
 41
3.0
 42
0.0
 43
3.75
 44
2.0
 45
0.0
 46
0.0
 47
0.0
 48
0.0
 49
2.5
140
3.5
141
2.5
142
0.0
143
0.03937007874
144
1.0
145
0.0
146
1.0
147
1.0
148
0.0
 69
0
 70
0
 71
0
 72
0
 73
0
 74
0
 75
0
 76
0
 77
1
 78
8
 79
3
170
0
171
3
172
1
173
0
174
0
175
0
176
6
177
6
178
7
179
2
271
1
272
2
273
2
274
3
275
0
276
0
277
2
278
44
279
0
280
0
281
0
282
0
283
0
284
8
285
0
286
0
288
0
289
3
290
0
340
99
371
-2
372
-2
  0
ENDTAB
  0
TABLE
  2
BLOCK_RECORD
  5
9
330
0
100
AcDbSymbolTable
 70
9
  0
BLOCK_RECORD
  5
17
330
9
100
AcDbSymbolTableRecord
100
AcDbBlockTableRecord
  2
*Model_Space
340
1A
 70
0
280
1
281
0
  0
BLOCK_RECORD
  5
1B
330
9
100
AcDbSymbolTableRecord
100
AcDbBlockTableRecord
  2
*Paper_Space
340
1E
 70
0
280
1
281
0
  0
BLOCK_RECORD
  5
74
330
9
100
AcDbSymbolTableRecord
100
AcDbBlockTableRecord
  2
_ARCHTICK
340
0
 70
0
280
1
281
0
  0
BLOCK_RECORD
  5
78
330
9
100
AcDbSymbolTableRecord
100
AcDbBlockTableRecord
  2
_CLOSEDFILLED
340
0
 70
0
280
1
281
0
  0
BLOCK_RECORD
  5
84
330
9
100
AcDbSymbolTableRecord
100
AcDbBlockTableRecord
  2
_CLOSEDBLANK
340
0
 70
0
280
1
281
0
  0
BLOCK_RECORD
  5
E5
330
9
100
AcDbSymbolTableRecord
100
AcDbBlockTableRecord
  2
*D1
340
0
 70
0
280
1
281
0
  0
BLOCK_RECORD
  5
14A
330
9
100
AcDbSymbolTableRecord
100
AcDbBlockTableRecord
  2
*D2
340
0
 70
0
280
1
281
0
  0
BLOCK_RECORD
  5
159
330
9
100
AcDbSymbolTableRecord
100
AcDbBlockTableRecord
  2
*D3
340
0
 70
0
280
1
281
0
  0
BLOCK_RECORD
  5
168
330
9
100
AcDbSymbolTableRecord
100
AcDbBlockTableRecord
  2
*D4
340
0
 70
0
280
1
281
0
  0
ENDTAB
  0
ENDSEC
  0
SECTION
  2
BLOCKS
  0
BLOCK
  5
18
330
17
100
AcDbEntity
  8
0
100
AcDbBlockBegin
  2
*Model_Space
 70
0
 10
0.0
 20
0.0
 30
0.0
  3
*Model_Space
  1

  0
ENDBLK
  5
19
330
17
100
AcDbEntity
  8
0
100
AcDbBlockEnd
  0
BLOCK
  5
1C
330
1B
100
AcDbEntity
  8
0
100
AcDbBlockBegin
  2
*Paper_Space
 70
0
 10
0.0
 20
0.0
 30
0.0
  3
*Paper_Space
  1

  0
ENDBLK
  5
1D
330
1B
100
AcDbEntity
  8
0
100
AcDbBlockEnd
  0
BLOCK
  5
75
330
74
100
AcDbEntity
  8
0
100
AcDbBlockBegin
  2
_ARCHTICK
 70
0
 10
0.0
 20
0.0
 30
0.0
  3
_ARCHTICK
  1

  0
LWPOLYLINE
  5
77
330
74
100
AcDbEntity
  8
0
  6
BYBLOCK
 62
0
100
AcDbPolyline
 90
2
 70
0
 43
0.15
 10
-0.5
 20
-0.5
 10
0.5
 20
0.5
  0
ENDBLK
  5
76
330
74
100
AcDbEntity
  8
0
100
AcDbBlockEnd
  0
BLOCK
  5
79
330
78
100
AcDbEntity
  8
0
100
AcDbBlockBegin
  2
_CLOSEDFILLED
 70
0
 10
0.0
 20
0.0
 30
0.0
  3
_CLOSEDFILLED
  1

  0
SOLID
  5
7B
330
78
100
AcDbEntity
  8
0
  6
BYBLOCK
 62
0
100
AcDbTrace
 10
-1.0
 20
0.16439898372402537
 30
0.0
 11
0.0
 21
0.0
 31
0.0
 12
-1.0
 22
-0.16439898372402537
 32
0.0
 13
-1.0
 23
-0.16439898372402537
 33
0.0
  0
ENDBLK
  5
7A
330
78
100
AcDbEntity
  8
0
100
AcDbBlockEnd
  0
BLOCK
  5
85
330
84
100
AcDbEntity
  8
0
100
AcDbBlockBegin
  2
_CLOSEDBLANK
 70
0
 10
0.0
 20
0.0
 30
0.0
  3
_CLOSEDBLANK
  1

  0
LWPOLYLINE
  5
87
330
84
100
AcDbEntity
  8
0
  6
BYBLOCK
 62
0
100
AcDbPolyline
 90
3
 70
1
 10
-1.0
 20
0.16439898372402537
 10
0.0
 20
0.0
 10
-1.0
 20
-0.16439898372402537
  0
ENDBLK
  5
86
330
84
100
AcDbEntity
  8
0
100
AcDbBlockEnd
  0
BLOCK
  5
E6
330
E5
100
AcDbEntity
  8
0
100
AcDbBlockBegin
  2
*D1
 70
1
 10
0.0
 20
0.0
 30
0.0
  3
*D1
  1

  0
LINE
  5
E8
330
E5
100
AcDbEntity
  8
0
 62
6
100
AcDbLine
 10
50.0
 20
-241.0
 30
0.0
 11
244.0
 21
-241.0
 31
0.0
  0
LINE
  5
E9
330
E5
100
AcDbEntity
  8
0
 62
6
100
AcDbLine
 10
50.0
 20
-106.0
 30
0.0
 11
244.0
 21
-106.0
 31
0.0
  0
INSERT
  5
EA
330
E5
100
AcDbEntity
  8
09_РАЗМЕРЫ
 62
6
100
AcDbBlockReference
  2
_CLOSEDFILLED
 10
240.0
 20
-241.0
 30
0.0
 41
6.0
 42
6.0
 50
270.0
  0
INSERT
  5
EC
330
E5
100
AcDbEntity
  8
09_РАЗМЕРЫ
 62
6
100
AcDbBlockReference
  2
_CLOSEDFILLED
 10
240.0
 20
-106.0
 30
0.0
 41
6.0
 42
6.0
 50
90.0
  0
LINE
  5
EE
330
E5
100
AcDbEntity
  8
0
 62
6
100
AcDbLine
 10
240.0
 20
-235.0
 30
0.0
 11
240.0
 21
-112.0
 31
0.0
  0
MTEXT
  5
EF
330
E5
100
AcDbEntity
  8
09_РАЗМЕРЫ
 62
7
100
AcDbMText
 10
234.5
 20
-173.5
 30
0.0
 40
7.0
 71
5
  1
135
  7
ГОСТ
 50
90.0
  0
POINT
  5
F0
330
E5
100
AcDbEntity
  8
Defpoints
100
AcDbPoint
 10
240.0
 20
-241.0
 30
0.0
  0
POINT
  5
F1
330
E5
100
AcDbEntity
  8
Defpoints
100
AcDbPoint
 10
50.0
 20
-241.0
 30
0.0
  0
POINT
  5
F2
330
E5
100
AcDbEntity
  8
Defpoints
100
AcDbPoint
 10
50.0
 20
-106.0
 30
0.0
  0
ENDBLK
  5
E7
330
E5
100
AcDbEntity
  8
0
100
AcDbBlockEnd
  0
BLOCK
  5
14B
330
14A
100
AcDbEntity
  8
0
100
AcDbBlockBegin
  2
*D2
 70
1
 10
0.0
 20
0.0
 30
0.0
  3
*D2
  1

  0
LINE
  5
14D
330
14A
100
AcDbEntity
  8
0
 62
6
100
AcDbLine
 10
-352.65000000000003
 20
-892.95
 30
0.0
 11
-352.65000000000003
 21
-935.9
 31
0.0
  0
LINE
  5
14E
330
14A
100
AcDbEntity
  8
0
 62
6
100
AcDbLine
 10
232.65000000000003
 20
-892.95
 30
0.0
 11
232.65000000000003
 21
-935.9
 31
0.0
  0
INSERT
  5
14F
330
14A
100
AcDbEntity
  8
09_РАЗМЕРЫ
 62
6
100
AcDbBlockReference
  2
_CLOSEDFILLED
 10
-352.65000000000003
 20
-931.9
 30
0.0
 41
6.0
 42
6.0
 50
180.0
  0
INSERT
  5
151
330
14A
100
AcDbEntity
  8
09_РАЗМЕРЫ
 62
6
100
AcDbBlockReference
  2
_CLOSEDFILLED
 10
232.65000000000003
 20
-931.9
 30
0.0
 41
6.0
 42
6.0
  0
LINE
  5
153
330
14A
100
AcDbEntity
  8
0
 62
6
100
AcDbLine
 10
-346.65000000000003
 20
-931.9
 30
0.0
 11
226.65000000000003
 21
-931.9
 31
0.0
  0
MTEXT
  5
154
330
14A
100
AcDbEntity
  8
09_РАЗМЕРЫ
 62
7
100
AcDbMText
 10
-60.0
 20
-926.4
 30
0.0
 40
7.0
 71
5
  1
5853
  7
ГОСТ
  0
POINT
  5
155
330
14A
100
AcDbEntity
  8
Defpoints
100
AcDbPoint
 10
-352.65000000000003
 20
-931.9
 30
0.0
  0
POINT
  5
156
330
14A
100
AcDbEntity
  8
Defpoints
100
AcDbPoint
 10
-352.65000000000003
 20
-892.95
 30
0.0
  0
POINT
  5
157
330
14A
100
AcDbEntity
  8
Defpoints
100
AcDbPoint
 10
232.65000000000003
 20
-892.95
 30
0.0
  0
ENDBLK
  5
14C
330
14A
100
AcDbEntity
  8
0
100
AcDbBlockEnd
  0
BLOCK
  5
15A
330
159
100
AcDbEntity
  8
0
100
AcDbBlockBegin
  2
*D3
 70
1
 10
0.0
 20
0.0
 30
0.0
  3
*D3
  1

  0
LINE
  5
15C
330
159
100
AcDbEntity
  8
0
 62
6
100
AcDbLine
 10
232.65000000000003
 20
-892.95
 30
0.0
 11
276.90000000000003
 21
-892.95
 31
0.0
  0
LINE
  5
15D
330
159
100
AcDbEntity
  8
0
 62
6
100
AcDbLine
 10
232.65000000000003
 20
-667.05
 30
0.0
 11
276.90000000000003
 21
-667.05
 31
0.0
  0
INSERT
  5
15E
330
159
100
AcDbEntity
  8
09_РАЗМЕРЫ
 62
6
100
AcDbBlockReference
  2
_CLOSEDFILLED
 10
272.90000000000003
 20
-892.95
 30
0.0
 41
6.0
 42
6.0
 50
270.0
  0
INSERT
  5
160
330
159
100
AcDbEntity
  8
09_РАЗМЕРЫ
 62
6
100
AcDbBlockReference
  2
_CLOSEDFILLED
 10
272.90000000000003
 20
-667.05
 30
0.0
 41
6.0
 42
6.0
 50
90.0
  0
LINE
  5
162
330
159
100
AcDbEntity
  8
0
 62
6
100
AcDbLine
 10
272.90000000000003
 20
-886.95
 30
0.0
 11
272.90000000000003
 21
-673.05
 31
0.0
  0
MTEXT
  5
163
330
159
100
AcDbEntity
  8
09_РАЗМЕРЫ
 62
7
100
AcDbMText
 10
267.40000000000003
 20
-780.0
 30
0.0
 40
7.0
 71
5
  1
2259
  7
ГОСТ
 50
90.0
  0
POINT
  5
164
330
159
100
AcDbEntity
  8
Defpoints
100
AcDbPoint
 10
272.90000000000003
 20
-892.95
 30
0.0
  0
POINT
  5
165
330
159
100
AcDbEntity
  8
Defpoints
100
AcDbPoint
 10
232.65000000000003
 20
-892.95
 30
0.0
  0
POINT
  5
166
330
159
100
AcDbEntity
  8
Defpoints
100
AcDbPoint
 10
232.65000000000003
 20
-667.05
 30
0.0
  0
ENDBLK
  5
15B
330
159
100
AcDbEntity
  8
0
100
AcDbBlockEnd
  0
BLOCK
  5
169
330
168
100
AcDbEntity
  8
0
100
AcDbBlockBegin
  2
*D4
 70
1
 10
0.0
 20
0.0
 30
0.0
  3
*D4
  1

  0
LINE
  5
16B
330
168
100
AcDbEntity
  8
0
 62
6
100
AcDbLine
 10
-362.90000000000003
 20
-658.1
 30
0.0
 11
-362.90000000000003
 21
-629.1
 31
0.0
  0
LINE
  5
16C
330
168
100
AcDbEntity
  8
0
 62
6
100
AcDbLine
 10
242.90000000000003
 20
-658.1
 30
0.0
 11
242.90000000000003
 21
-629.1
 31
0.0
  0
INSERT
  5
16D
330
168
100
AcDbEntity
  8
09_РАЗМЕРЫ
 62
6
100
AcDbBlockReference
  2
_CLOSEDFILLED
 10
-362.90000000000003
 20
-633.1
 30
0.0
 41
6.0
 42
6.0
 50
180.0
  0
INSERT
  5
16F
330
168
100
AcDbEntity
  8
09_РАЗМЕРЫ
 62
6
100
AcDbBlockReference
  2
_CLOSEDFILLED
 10
242.90000000000003
 20
-633.1
 30
0.0
 41
6.0
 42
6.0
  0
LINE
  5
171
330
168
100
AcDbEntity
  8
0
 62
6
100
AcDbLine
 10
-356.90000000000003
 20
-633.1
 30
0.0
 11
236.90000000000003
 21
-633.1
 31
0.0
  0
MTEXT
  5
172
330
168
100
AcDbEntity
  8
09_РАЗМЕРЫ
 62
7
100
AcDbMText
 10
-60.0
 20
-627.6
 30
0.0
 40
7.0
 71
5
  1
6058
  7
ГОСТ
  0
POINT
  5
173
330
168
100
AcDbEntity
  8
Defpoints
100
AcDbPoint
 10
-362.90000000000003
 20
-633.1
 30
0.0
  0
POINT
  5
174
330
168
100
AcDbEntity
  8
Defpoints
100
AcDbPoint
 10
-362.90000000000003
 20
-658.1
 30
0.0
  0
POINT
  5
175
330
168
100
AcDbEntity
  8
Defpoints
100
AcDbPoint
 10
242.90000000000003
 20
-658.1
 30
0.0
  0
ENDBLK
  5
16A
330
168
100
AcDbEntity
  8
0
100
AcDbBlockEnd
  0
ENDSEC
  0
SECTION
  2
ENTITIES
  0
HATCH
  5
A2
330
17
100
AcDbEntity
  8
23_ШТРИХОВКА
 62
7
100
AcDbHatch
 10
0.0
 20
0.0
 30
0.0
210
0.0
220
0.0
230
1.0
  2
ANSI31
 70
0
 71
0
 91
1
 92
3
 72
0
 73
1
 93
4
 10
190.0
 20
-247.0
 10
190.0
 20
-241.0
 10
-390.0
 20
-241.0
 10
-390.0
 20
-247.0
 97
0
 75
1
 76
1
 52
90.0
 41
0.6
 77
0
 78
1
 53
135.0
 43
0.0
 44
0.0
 45
-1.3470384182
 46
-1.3470384182
 79
0
 98
0
  0
LWPOLYLINE
  5
A3
330
17
100
AcDbEntity
  8
20_ВИДИМЫЕ
100
AcDbPolyline
 90
5
 70
1
 10
190.0
 20
-247.0
 10
190.0
 20
-241.0
 10
-390.0
 20
-241.0
 10
-390.0
 20
-247.0
 10
190.0
 20
-247.0
  0
HATCH
  5
A4
330
17
100
AcDbEntity
  8
23_ШТРИХОВКА
 62
7
100
AcDbHatch
 10
0.0
 20
0.0
 30
0.0
210
0.0
220
0.0
230
1.0
  2
ANSI31
 70
0
 71
0
 91
1
 92
3
 72
0
 73
1
 93
4
 10
130.0
 20
-241.0
 10
130.0
 20
-233.0
 10
-250.0
 20
-233.0
 10
-250.0
 20
-241.0
 97
0
 75
1
 76
1
 52
0.0
 41
0.6
 77
0
 78
1
 53
45.0
 43
0.0
 44
0.0
 45
-1.3470384182
 46
1.3470384182
 79
0
 98
0
  0
LWPOLYLINE
  5
A5
330
17
100
AcDbEntity
  8
20_ВИДИМЫЕ
100
AcDbPolyline
 90
5
 70
1
 10
130.0
 20
-241.0
 10
130.0
 20
-233.0
 10
-250.0
 20
-233.0
 10
-250.0
 20
-241.0
 10
130.0
 20
-241.0
  0
HATCH
  5
A6
330
17
100
AcDbEntity
  8
23_ШТРИХОВКА
 62
7
100
AcDbHatch
 10
0.0
 20
0.0
 30
0.0
210
0.0
220
0.0
230
1.0
  2
ANSI37
 70
0
 71
0
 91
1
 92
3
 72
0
 73
1
 93
4
 10
60.0
 20
-233.0
 10
60.0
 20
-230.0
 10
-180.0
 20
-230.0
 10
-180.0
 20
-233.0
 97
0
 75
1
 76
1
 52
0.0
 41
0.35
 77
0
 78
2
 53
45.0
 43
0.0
 44
0.0
 45
-0.7857724106
 46
0.7857724106
 79
0
 53
135.0
 43
0.0
 44
0.0
 45
-0.7857724106
 46
-0.7857724106
 79
0
 98
0
  0
LWPOLYLINE
  5
A7
330
17
100
AcDbEntity
  8
20_ВИДИМЫЕ
100
AcDbPolyline
 90
5
 70
1
 10
60.0
 20
-233.0
 10
60.0
 20
-230.0
 10
-180.0
 20
-230.0
 10
-180.0
 20
-233.0
 10
60.0
 20
-233.0
  0
HATCH
  5
A8
330
17
100
AcDbEntity
  8
23_ШТРИХОВКА
 62
7
100
AcDbHatch
 10
0.0
 20
0.0
 30
0.0
210
0.0
220
0.0
230
1.0
  2
ANSI31
 70
0
 71
0
 91
1
 92
3
 72
0
 73
1
 93
4
 10
190.0
 20
-307.0
 10
190.0
 20
-247.0
 10
-390.0
 20
-247.0
 10
-390.0
 20
-307.0
 97
0
 75
1
 76
1
 52
90.0
 41
1.8
 77
0
 78
1
 53
135.0
 43
0.0
 44
0.0
 45
-4.0411152545
 46
-4.0411152545
 79
0
 98
0
  0
LWPOLYLINE
  5
A9
330
17
100
AcDbEntity
  8
20_ВИДИМЫЕ
100
AcDbPolyline
 90
5
 70
1
 10
190.0
 20
-307.0
 10
190.0
 20
-247.0
 10
-390.0
 20
-247.0
 10
-390.0
 20
-307.0
 10
190.0
 20
-307.0
  0
LWPOLYLINE
  5
AA
330
17
100
AcDbEntity
  8
22_ТОНКИЕ
100
AcDbPolyline
 90
6
 70
0
 10
-390.0
 20
-307.0
 10
-106.0
 20
-307.0
 10
-102.0
 20
-312.0
 10
-98.0
 20
-302.0
 10
-94.0
 20
-307.0
 10
190.0
 20
-307.0
  0
LWPOLYLINE
  5
AB
330
17
100
AcDbEntity
  8
22_ТОНКИЕ
100
AcDbPolyline
 90
6
 70
0
 10
-390.0
 20
-313.0
 10
-390.0
 20
-280.0
 10
-395.0
 20
-276.0
 10
-385.0
 20
-272.0
 10
-390.0
 20
-268.0
 10
-390.0
 20
-235.0
  0
LWPOLYLINE
  5
AC
330
17
100
AcDbEntity
  8
22_ТОНКИЕ
100
AcDbPolyline
 90
6
 70
0
 10
190.0
 20
-313.0
 10
190.0
 20
-280.0
 10
185.0
 20
-276.0
 10
195.0
 20
-272.0
 10
190.0
 20
-268.0
 10
190.0
 20
-235.0
  0
HATCH
  5
AD
330
17
100
AcDbEntity
  8
23_ШТРИХОВКА
 62
7
100
AcDbHatch
 10
0.0
 20
0.0
 30
0.0
210
0.0
220
0.0
230
1.0
  2
ANSI31
 70
0
 71
0
 91
1
 92
3
 72
0
 73
1
 93
7
 10
-121.0
 20
-182.0
 10
-121.0
 20
-230.0
 10
-145.0
 20
-230.0
 10
-180.0
 20
-230.0
 10
-180.0
 20
-204.0
 10
-145.0
 20
-204.0
 10
-145.0
 20
-182.0
 97
0
 75
1
 76
1
 52
0.0
 41
1.0
 77
0
 78
1
 53
45.0
 43
0.0
 44
0.0
 45
-2.2450640303
 46
2.2450640303
 79
0
 98
0
  0
LWPOLYLINE
  5
AE
330
17
100
AcDbEntity
  8
20_ВИДИМЫЕ
100
AcDbPolyline
 90
8
 70
1
 10
-121.0
 20
-182.0
 10
-121.0
 20
-230.0
 10
-145.0
 20
-230.0
 10
-180.0
 20
-230.0
 10
-180.0
 20
-204.0
 10
-145.0
 20
-204.0
 10
-145.0
 20
-182.0
 10
-121.0
 20
-182.0
  0
HATCH
  5
AF
330
17
100
AcDbEntity
  8
23_ШТРИХОВКА
 62
7
100
AcDbHatch
 10
0.0
 20
0.0
 30
0.0
210
0.0
220
0.0
230
1.0
  2
ANSI31
 70
0
 71
0
 91
1
 92
3
 72
0
 73
1
 93
10
 10
-1.0
 20
-90.0
 10
-1.0
 20
-106.0
 10
25.0
 20
-106.0
 10
25.0
 20
-116.5
 10
-2.0
 20
-116.5
 10
-2.0
 20
-118.5
 10
-42.0
 20
-118.5
 10
-42.0
 20
-95.0
 10
-38.0
 20
-95.0
 10
-38.0
 20
-90.0
 97
0
 75
1
 76
1
 52
0.0
 41
1.0
 77
0
 78
1
 53
45.0
 43
0.0
 44
0.0
 45
-2.2450640303
 46
2.2450640303
 79
0
 98
0
  0
LWPOLYLINE
  5
B0
330
17
100
AcDbEntity
  8
20_ВИДИМЫЕ
100
AcDbPolyline
 90
11
 70
1
 10
-1.0
 20
-90.0
 10
-1.0
 20
-106.0
 10
25.0
 20
-106.0
 10
25.0
 20
-116.5
 10
-2.0
 20
-116.5
 10
-2.0
 20
-118.5
 10
-42.0
 20
-118.5
 10
-42.0
 20
-95.0
 10
-38.0
 20
-95.0
 10
-38.0
 20
-90.0
 10
-1.0
 20
-90.0
  0
HATCH
  5
B1
330
17
100
AcDbEntity
  8
23_ШТРИХОВКА
 62
7
100
AcDbHatch
 10
0.0
 20
0.0
 30
0.0
210
0.0
220
0.0
230
1.0
  2
ANSI31
 70
0
 71
0
 91
1
 92
3
 72
0
 73
1
 93
10
 10
-2.0
 20
-125.5
 10
25.0
 20
-125.5
 10
25.0
 20
-204.0
 10
60.0
 20
-204.0
 10
60.0
 20
-224.0
 10
1.0
 20
-224.0
 10
1.0
 20
-136.0
 10
-42.0
 20
-136.0
 10
-42.0
 20
-123.5
 10
-2.0
 20
-123.5
 97
0
 75
1
 76
1
 52
0.0
 41
1.0
 77
0
 78
1
 53
45.0
 43
0.0
 44
0.0
 45
-2.2450640303
 46
2.2450640303
 79
0
 98
0
  0
LWPOLYLINE
  5
B2
330
17
100
AcDbEntity
  8
20_ВИДИМЫЕ
100
AcDbPolyline
 90
11
 70
1
 10
-2.0
 20
-125.5
 10
25.0
 20
-125.5
 10
25.0
 20
-204.0
 10
60.0
 20
-204.0
 10
60.0
 20
-224.0
 10
1.0
 20
-224.0
 10
1.0
 20
-136.0
 10
-42.0
 20
-136.0
 10
-42.0
 20
-123.5
 10
-2.0
 20
-123.5
 10
-2.0
 20
-125.5
  0
HATCH
  5
B3
330
17
100
AcDbEntity
  8
23_ШТРИХОВКА
 62
7
100
AcDbHatch
 10
0.0
 20
0.0
 30
0.0
210
0.0
220
0.0
230
1.0
  2
ANSI31
 70
0
 71
0
 91
1
 92
3
 72
0
 73
1
 93
10
 10
-119.0
 20
-106.0
 10
-119.0
 20
-90.0
 10
-82.0
 20
-90.0
 10
-82.0
 20
-95.0
 10
-78.0
 20
-95.0
 10
-78.0
 20
-136.0
 10
-121.0
 20
-136.0
 10
-121.0
 20
-154.0
 10
-145.0
 20
-154.0
 10
-145.0
 20
-106.0
 97
0
 75
1
 76
1
 52
0.0
 41
1.0
 77
0
 78
1
 53
45.0
 43
0.0
 44
0.0
 45
-2.2450640303
 46
2.2450640303
 79
0
 98
0
  0
LWPOLYLINE
  5
B4
330
17
100
AcDbEntity
  8
20_ВИДИМЫЕ
100
AcDbPolyline
 90
11
 70
1
 10
-119.0
 20
-106.0
 10
-119.0
 20
-90.0
 10
-82.0
 20
-90.0
 10
-82.0
 20
-95.0
 10
-78.0
 20
-95.0
 10
-78.0
 20
-136.0
 10
-121.0
 20
-136.0
 10
-121.0
 20
-154.0
 10
-145.0
 20
-154.0
 10
-145.0
 20
-106.0
 10
-119.0
 20
-106.0
  0
LWPOLYLINE
  5
B5
330
17
100
AcDbEntity
  8
20_ВИДИМЫЕ
100
AcDbPolyline
 90
7
 70
1
 10
-87.0
 20
-77.0
 10
-33.0
 20
-77.0
 10
-33.0
 20
-59.0
 10
-47.0
 20
-32.0
 10
-73.0
 20
-32.0
 10
-87.0
 20
-59.0
 10
-87.0
 20
-77.0
  0
LWPOLYLINE
  5
B6
330
17
100
AcDbEntity
  8
20_ВИДИМЫЕ
100
AcDbPolyline
 90
5
 70
1
 10
-38.0
 20
-95.0
 10
-38.0
 20
-77.0
 10
-82.0
 20
-77.0
 10
-82.0
 20
-95.0
 10
-38.0
 20
-95.0
  0
LWPOLYLINE
  5
B7
330
17
100
AcDbEntity
  8
20_ВИДИМЫЕ
100
AcDbPolyline
 90
5
 70
1
 10
-42.0
 20
-136.0
 10
-42.0
 20
-95.0
 10
-78.0
 20
-95.0
 10
-78.0
 20
-136.0
 10
-42.0
 20
-136.0
  0
LWPOLYLINE
  5
B8
330
17
100
AcDbEntity
  8
20_ВИДИМЫЕ
100
AcDbPolyline
 90
5
 70
1
 10
-43.5
 20
-154.0
 10
-43.5
 20
-136.0
 10
-76.5
 20
-136.0
 10
-76.5
 20
-154.0
 10
-43.5
 20
-154.0
  0
LWPOLYLINE
  5
B9
330
17
100
AcDbEntity
  8
20_ВИДИМЫЕ
100
AcDbPolyline
 90
5
 70
1
 10
-49.0
 20
-184.0
 10
-49.0
 20
-154.0
 10
-71.0
 20
-154.0
 10
-71.0
 20
-184.0
 10
-49.0
 20
-184.0
  0
LWPOLYLINE
  5
BA
330
17
100
AcDbEntity
  8
20_ВИДИМЫЕ
100
AcDbPolyline
 90
5
 70
1
 10
-31.0
 20
-138.0
 10
-31.0
 20
-136.0
 10
-89.0
 20
-136.0
 10
-89.0
 20
-138.0
 10
-31.0
 20
-138.0
  0
LWPOLYLINE
  5
BB
330
17
100
AcDbEntity
  8
20_ВИДИМЫЕ
100
AcDbPolyline
 90
5
 70
1
 10
-32.0
 20
-139.5
 10
-32.0
 20
-138.0
 10
-88.0
 20
-138.0
 10
-88.0
 20
-139.5
 10
-32.0
 20
-139.5
  0
LWPOLYLINE
  5
BC
330
17
100
AcDbEntity
  8
20_ВИДИМЫЕ
100
AcDbPolyline
 90
5
 70
1
 10
-34.0
 20
-149.5
 10
-34.0
 20
-139.5
 10
-86.0
 20
-139.5
 10
-86.0
 20
-149.5
 10
-34.0
 20
-149.5
  0
LWPOLYLINE
  5
BD
330
17
100
AcDbEntity
  8
20_ВИДИМЫЕ
100
AcDbPolyline
 90
5
 70
1
 10
-40.0
 20
-188.0
 10
-40.0
 20
-184.0
 10
-80.0
 20
-184.0
 10
-80.0
 20
-188.0
 10
-40.0
 20
-188.0
  0
LWPOLYLINE
  5
BE
330
17
100
AcDbEntity
  8
20_ВИДИМЫЕ
100
AcDbPolyline
 90
5
 70
1
 10
-53.5
 20
-196.0
 10
-53.5
 20
-188.0
 10
-66.5
 20
-188.0
 10
-66.5
 20
-196.0
 10
-53.5
 20
-196.0
  0
LWPOLYLINE
  5
BF
330
17
100
AcDbEntity
  8
20_ВИДИМЫЕ
100
AcDbPolyline
 90
5
 70
1
 10
-34.0
 20
-184.0
 10
-34.0
 20
-154.0
 10
-86.0
 20
-154.0
 10
-86.0
 20
-184.0
 10
-34.0
 20
-184.0
  0
LWPOLYLINE
  5
C0
330
17
100
AcDbEntity
  8
20_ВИДИМЫЕ
100
AcDbPolyline
 90
5
 70
1
 10
-86.0
 20
-176.0
 10
-86.0
 20
-160.0
 10
-320.0
 20
-160.0
 10
-320.0
 20
-176.0
 10
-86.0
 20
-176.0
  0
LWPOLYLINE
  5
C1
330
17
100
AcDbEntity
  8
20_ВИДИМЫЕ
100
AcDbPolyline
 90
5
 70
1
 10
-302.0
 20
-160.0
 10
-302.0
 20
-110.0
 10
-326.0
 20
-110.0
 10
-326.0
 20
-160.0
 10
-302.0
 20
-160.0
  0
LWPOLYLINE
  5
C2
330
17
100
AcDbEntity
  8
20_ВИДИМЫЕ
100
AcDbPolyline
 90
5
 70
0
 10
-195.0
 20
-204.0
 10
-195.0
 20
-182.0
 10
-225.0
 20
-182.0
 10
-225.0
 20
-204.0
 10
-195.0
 20
-204.0
  0
LWPOLYLINE
  5
C3
330
17
100
AcDbEntity
  8
20_ВИДИМЫЕ
100
AcDbPolyline
 90
5
 70
1
 10
-198.0
 20
-160.0
 10
-198.0
 20
-148.0
 10
-222.0
 20
-148.0
 10
-222.0
 20
-160.0
 10
-198.0
 20
-160.0
  0
LWPOLYLINE
  5
C4
330
17
100
AcDbEntity
  8
20_ВИДИМЫЕ
100
AcDbPolyline
 90
5
 70
1
 10
-202.0
 20
-148.0
 10
-202.0
 20
-130.0
 10
-218.0
 20
-130.0
 10
-218.0
 20
-148.0
 10
-202.0
 20
-148.0
  0
LWPOLYLINE
  5
C5
330
17
100
AcDbEntity
  8
21_НЕВИДИМЫЕ
100
AcDbPolyline
 90
5
 70
1
 10
-205.0
 20
-190.0
 10
-205.0
 20
-176.0
 10
-215.0
 20
-176.0
 10
-215.0
 20
-190.0
 10
-205.0
 20
-190.0
  0
CIRCLE
  5
C6
330
17
100
AcDbEntity
  8
20_ВИДИМЫЕ
100
AcDbCircle
 10
-210.0
 20
-126.0
 30
0.0
 40
10.0
  0
LWPOLYLINE
  5
C7
330
17
100
AcDbEntity
  8
20_ВИДИМЫЕ
100
AcDbPolyline
 90
3
 70
0
 10
-118.0
 20
-206.0
 10
-118.0
 20
-202.0
 10
-121.05
 20
-202.0
  0
LWPOLYLINE
  5
C8
330
17
100
AcDbEntity
  8
20_ВИДИМЫЕ
100
AcDbPolyline
 90
3
 70
0
 10
-144.95
 20
-202.0
 10
-162.0
 20
-202.0
 10
-162.0
 20
-204.05
  0
LWPOLYLINE
  5
C9
330
17
100
AcDbEntity
  8
20_ВИДИМЫЕ
100
AcDbPolyline
 90
2
 70
0
 10
-121.05
 20
-206.0
 10
-118.0
 20
-206.0
  0
LWPOLYLINE
  5
CA
330
17
100
AcDbEntity
  8
20_ВИДИМЫЕ
100
AcDbPolyline
 90
3
 70
0
 10
-119.2
 20
-202.0
 10
-119.2
 20
-187.0
 10
-121.05
 20
-187.0
  0
LWPOLYLINE
  5
CB
330
17
100
AcDbEntity
  8
20_ВИДИМЫЕ
100
AcDbPolyline
 90
4
 70
0
 10
-144.95
 20
-187.0
 10
-160.8
 20
-187.0
 10
-160.8
 20
-202.0
 10
-144.95
 20
-202.0
  0
LWPOLYLINE
  5
CC
330
17
100
AcDbEntity
  8
20_ВИДИМЫЕ
100
AcDbPolyline
 90
2
 70
0
 10
-121.05
 20
-202.0
 10
-119.2
 20
-202.0
  0
LWPOLYLINE
  5
CD
330
17
100
AcDbEntity
  8
20_ВИДИМЫЕ
100
AcDbPolyline
 90
4
 70
0
 10
-144.95
 20
-187.0
 10
-147.0
 20
-187.0
 10
-147.0
 20
-202.0
 10
-144.95
 20
-202.0
  0
LWPOLYLINE
  5
CE
330
17
100
AcDbEntity
  8
20_ВИДИМЫЕ
100
AcDbPolyline
 90
5
 70
0
 10
-115.0
 20
-250.0
 10
-115.0
 20
-247.0
 10
-165.0
 20
-247.0
 10
-165.0
 20
-250.0
 10
-115.0
 20
-250.0
  0
LWPOLYLINE
  5
CF
330
17
100
AcDbEntity
  8
20_ВИДИМЫЕ
100
AcDbPolyline
 90
5
 70
0
 10
-118.0
 20
-254.0
 10
-118.0
 20
-250.0
 10
-162.0
 20
-250.0
 10
-162.0
 20
-254.0
 10
-118.0
 20
-254.0
  0
LWPOLYLINE
  5
D0
330
17
100
AcDbEntity
  8
20_ВИДИМЫЕ
100
AcDbPolyline
 90
5
 70
0
 10
-119.2
 20
-278.0
 10
-119.2
 20
-254.0
 10
-160.8
 20
-254.0
 10
-160.8
 20
-278.0
 10
-119.2
 20
-278.0
  0
LWPOLYLINE
  5
D1
330
17
100
AcDbEntity
  8
20_ВИДИМЫЕ
100
AcDbPolyline
 90
5
 70
0
 10
-133.0
 20
-278.0
 10
-133.0
 20
-254.0
 10
-147.0
 20
-254.0
 10
-147.0
 20
-278.0
 10
-133.0
 20
-278.0
  0
LWPOLYLINE
  5
D2
330
17
100
AcDbEntity
  8
20_ВИДИМЫЕ
100
AcDbPolyline
 90
5
 70
0
 10
-128.0
 20
-281.0
 10
-128.0
 20
-278.0
 10
-152.0
 20
-278.0
 10
-152.0
 20
-281.0
 10
-128.0
 20
-281.0
  0
LINE
  5
D3
330
17
100
AcDbEntity
  8
07_ОСИ
100
AcDbLine
 10
-140.0
 20
-181.0
 30
0.0
 11
-140.0
 21
-286.0
 31
0.0
  0
LWPOLYLINE
  5
D4
330
17
100
AcDbEntity
  8
20_ВИДИМЫЕ
100
AcDbPolyline
 90
3
 70
0
 10
42.0
 20
-204.05
 10
42.0
 20
-202.0
 10
24.950000000000003
 20
-202.0
  0
LWPOLYLINE
  5
D5
330
17
100
AcDbEntity
  8
20_ВИДИМЫЕ
100
AcDbPolyline
 90
4
 70
0
 10
1.0499999999999972
 20
-202.0
 10
-2.0
 20
-202.0
 10
-2.0
 20
-206.0
 10
1.0499999999999972
 20
-206.0
  0
LWPOLYLINE
  5
D6
330
17
100
AcDbEntity
  8
20_ВИДИМЫЕ
100
AcDbPolyline
 90
3
 70
0
 10
40.8
 20
-202.0
 10
40.8
 20
-187.0
 10
24.950000000000003
 20
-187.0
  0
LWPOLYLINE
  5
D7
330
17
100
AcDbEntity
  8
20_ВИДИМЫЕ
100
AcDbPolyline
 90
4
 70
0
 10
1.0499999999999972
 20
-187.0
 10
-0.7999999999999972
 20
-187.0
 10
-0.7999999999999972
 20
-202.0
 10
1.0499999999999972
 20
-202.0
  0
LWPOLYLINE
  5
D8
330
17
100
AcDbEntity
  8
20_ВИДИМЫЕ
100
AcDbPolyline
 90
2
 70
0
 10
24.950000000000003
 20
-202.0
 10
40.8
 20
-202.0
  0
LWPOLYLINE
  5
D9
330
17
100
AcDbEntity
  8
20_ВИДИМЫЕ
100
AcDbPolyline
 90
3
 70
0
 10
27.0
 20
-202.0
 10
27.0
 20
-187.0
 10
24.950000000000003
 20
-187.0
  0
LWPOLYLINE
  5
DA
330
17
100
AcDbEntity
  8
20_ВИДИМЫЕ
100
AcDbPolyline
 90
2
 70
0
 10
24.950000000000003
 20
-202.0
 10
27.0
 20
-202.0
  0
LWPOLYLINE
  5
DB
330
17
100
AcDbEntity
  8
20_ВИДИМЫЕ
100
AcDbPolyline
 90
5
 70
0
 10
45.0
 20
-250.0
 10
45.0
 20
-247.0
 10
-5.0
 20
-247.0
 10
-5.0
 20
-250.0
 10
45.0
 20
-250.0
  0
LWPOLYLINE
  5
DC
330
17
100
AcDbEntity
  8
20_ВИДИМЫЕ
100
AcDbPolyline
 90
5
 70
0
 10
42.0
 20
-254.0
 10
42.0
 20
-250.0
 10
-2.0
 20
-250.0
 10
-2.0
 20
-254.0
 10
42.0
 20
-254.0
  0
LWPOLYLINE
  5
DD
330
17
100
AcDbEntity
  8
20_ВИДИМЫЕ
100
AcDbPolyline
 90
5
 70
0
 10
40.8
 20
-278.0
 10
40.8
 20
-254.0
 10
-0.7999999999999972
 20
-254.0
 10
-0.7999999999999972
 20
-278.0
 10
40.8
 20
-278.0
  0
LWPOLYLINE
  5
DE
330
17
100
AcDbEntity
  8
20_ВИДИМЫЕ
100
AcDbPolyline
 90
5
 70
0
 10
27.0
 20
-278.0
 10
27.0
 20
-254.0
 10
13.0
 20
-254.0
 10
13.0
 20
-278.0
 10
27.0
 20
-278.0
  0
LWPOLYLINE
  5
DF
330
17
100
AcDbEntity
  8
20_ВИДИМЫЕ
100
AcDbPolyline
 90
5
 70
0
 10
32.0
 20
-281.0
 10
32.0
 20
-278.0
 10
8.0
 20
-278.0
 10
8.0
 20
-281.0
 10
32.0
 20
-281.0
  0
LINE
  5
E0
330
17
100
AcDbEntity
  8
07_ОСИ
100
AcDbLine
 10
20.0
 20
-181.0
 30
0.0
 11
20.0
 21
-286.0
 31
0.0
  0
LWPOLYLINE
  5
E1
330
17
100
AcDbEntity
  8
24_ФАНТОМ
100
AcDbPolyline
 90
13
 70
0
 10
-161.5
 20
-106.0
 10
-122.25
 20
-106.0
 10
-122.25
 20
-78.0
 10
-149.5
 20
-78.0
 10
-149.5
 20
0.0
 10
4.5
 20
0.0
 10
4.5
 20
-78.0
 10
2.25
 20
-78.0
 10
2.25
 20
-106.0
 10
16.5
 20
-106.0
 10
16.5
 20
12.0
 10
-161.5
 20
12.0
 10
-161.5
 20
-106.0
  0
LINE
  5
E2
330
17
100
AcDbEntity
  8
07_ОСИ
100
AcDbLine
 10
-60.0
 20
-322.0
 30
0.0
 11
-60.0
 21
-7.0
 31
0.0
  0
TEXT
  5
E3
330
17
100
AcDbEntity
  8
08_ТЕКСТ
100
AcDbText
 10
-120.0
 20
55.0
 30
0.0
 40
14.0
  1
Разрез по оси опоры, М 1:2
  7
ГОСТ
 72
1
 11
-120.0
 21
55.0
 31
0.0
100
AcDbText
 73
1
  0
DIMENSION
  5
E4
330
17
100
AcDbEntity
  8
09_РАЗМЕРЫ
100
AcDbDimension
280
0
  2
*D1
  3
ГОСТ
 10
240.0
 20
-241.0
 30
0.0
 11
234.5
 21
-173.5
 31
0.0
 70
32
 71
5
  1
<>
100
AcDbAlignedDimension
 13
50.0
 23
-241.0
 33
0.0
 14
50.0
 24
-106.0
 34
0.0
 50
90.0
100
AcDbRotatedDimension
1001
ACAD
1000
DSTYLE
1002
{
1070
340
1005
99
1002
}
  0
LWPOLYLINE
  5
F3
330
17
100
AcDbEntity
  8
24_ФАНТОМ
100
AcDbPolyline
 90
4
 70
1
 10
-362.90000000000003
 20
-901.9
 10
242.90000000000003
 20
-901.9
 10
242.90000000000003
 20
-658.1
 10
-362.90000000000003
 20
-658.1
  0
LINE
  5
F4
330
17
100
AcDbEntity
  8
07_ОСИ
100
AcDbLine
 10
-392.90000000000003
 20
-780.0
 30
0.0
 11
272.90000000000003
 21
-780.0
 31
0.0
  0
LINE
  5
F5
330
17
100
AcDbEntity
  8
07_ОСИ
100
AcDbLine
 10
-60.0
 20
-931.9
 30
0.0
 11
-60.0
 21
-628.1
 31
0.0
  0
LINE
  5
F6
330
17
100
AcDbEntity
  8
22_ТОНКИЕ
100
AcDbLine
 10
-402.90000000000003
 20
-892.95
 30
0.0
 11
282.90000000000003
 21
-892.95
 31
0.0
  0
LWPOLYLINE
  5
F7
330
17
100
AcDbEntity
  8
20_ВИДИМЫЕ
100
AcDbPolyline
 90
133
 70
1
 10
-340.65000000000003
 20
-906.45
 10
-340.65361363138453
 20
-906.5972030229823
 10
-340.6644458199834
 20
-906.7440514209886
 10
-340.68247047010567
 20
-906.8901914233661
 10
-340.70764415879034
 20
-907.0352709660484
 10
-340.7399062404164
 20
-907.1789405397099
 10
-340.7791789928034
 20
-907.3208540317634
 10
-340.825367804451
 20
-907.4606695601767
 10
-340.87836140246617
 20
-907.5980502970953
 10
-340.9380321206297
 20
-907.7326652802908
 10
-341.00423620695494
 20
-907.864190210478
 10
-341.07681416999924
 20
-907.9923082325797
 10
-341.1555911630924
 20
-908.1167106990588
 10
-341.2403774055581
 20
-908.2370979134773
 10
-341.3309686399118
 20
-908.3531798524909
 10
-341.42714662393513
 20
-908.464676864541
 10
-341.5286796564404
 20
-908.5713203435596
 10
-341.635323135459
 20
-908.672853376065
 10
-341.7468201475091
 20
-908.7690313600882
 10
-341.86290208652275
 20
-908.8596225944419
 10
-341.98328930094124
 20
-908.9444088369077
 10
-342.10769176742036
 20
-909.0231858300008
 10
-342.235809789522
 20
-909.0957637930451
 10
-342.36733471970916
 20
-909.1619678793703
 10
-342.50194970290477
 20
-909.2216385975339
 10
-342.63933043982337
 20
-909.2746321955491
 10
-342.77914596823666
 20
-909.3208210071966
 10
-342.9210594602902
 20
-909.3600937595836
 10
-343.06472903395166
 20
-909.3923558412097
 10
-343.209808576634
 20
-909.4175295298944
 10
-343.35594857901134
 20
-909.4355541800167
 10
-343.5027969770178
 20
-909.4463863686155
 10
-343.65000000000003
 20
-909.45
 10
-361.65000000000003
 20
-909.45
 10
-361.7972030229823
 20
-909.4463863686155
 10
-361.9440514209887
 20
-909.4355541800167
 10
-362.09019142336615
 20
-909.4175295298944
 10
-362.2352709660484
 20
-909.3923558412097
 10
-362.37894053970984
 20
-909.3600937595836
 10
-362.5208540317634
 20
-909.3208210071966
 10
-362.6606695601767
 20
-909.2746321955491
 10
-362.7980502970953
 20
-909.2216385975339
 10
-362.9326652802909
 20
-909.1619678793703
 10
-363.06419021047805
 20
-909.0957637930451
 10
-363.1923082325797
 20
-909.0231858300008
 10
-363.31671069905883
 20
-908.9444088369077
 10
-363.4370979134773
 20
-908.8596225944419
 10
-363.553179852491
 20
-908.7690313600882
 10
-363.6646768645411
 20
-908.672853376065
 10
-363.7713203435597
 20
-908.5713203435596
 10
-363.87285337606494
 20
-908.464676864541
 10
-363.96903136008825
 20
-908.3531798524909
 10
-364.059622594442
 20
-908.2370979134773
 10
-364.1444088369077
 20
-908.1167106990588
 10
-364.22318583000083
 20
-907.9923082325797
 10
-364.2957637930451
 20
-907.864190210478
 10
-364.36196787937035
 20
-907.7326652802908
 10
-364.4216385975339
 20
-907.5980502970953
 10
-364.4746321955491
 20
-907.4606695601767
 10
-364.5208210071967
 20
-907.3208540317634
 10
-364.56009375958365
 20
-907.1789405397099
 10
-364.5923558412097
 20
-907.0352709660484
 10
-364.6175295298944
 20
-906.8901914233661
 10
-364.63555418001664
 20
-906.7440514209886
 10
-364.64638636861554
 20
-906.5972030229823
 10
-364.65000000000003
 20
-906.45
 10
-364.65000000000003
 20
-879.45
 10
-364.64638636861554
 20
-879.3027969770178
 10
-364.63555418001664
 20
-879.1559485790114
 10
-364.6175295298944
 20
-879.0098085766339
 10
-364.5923558412097
 20
-878.8647290339516
 10
-364.56009375958365
 20
-878.7210594602902
 10
-364.5208210071967
 20
-878.5791459682366
 10
-364.4746321955491
 20
-878.4393304398234
 10
-364.4216385975339
 20
-878.3019497029047
 10
-364.36196787937035
 20
-878.1673347197092
 10
-364.2957637930451
 20
-878.035809789522
 10
-364.22318583000083
 20
-877.9076917674204
 10
-364.14440883690764
 20
-877.7832893009412
 10
-364.059622594442
 20
-877.6629020865228
 10
-363.96903136008825
 20
-877.546820147509
 10
-363.8728533760649
 20
-877.4353231354589
 10
-363.7713203435597
 20
-877.3286796564404
 10
-363.6646768645411
 20
-877.2271466239351
 10
-363.553179852491
 20
-877.1309686399118
 10
-363.4370979134773
 20
-877.040377405558
 10
-363.31671069905883
 20
-876.9555911630923
 10
-363.1923082325797
 20
-876.8768141699992
 10
-363.06419021047805
 20
-876.8042362069549
 10
-362.9326652802909
 20
-876.7380321206297
 10
-362.7980502970953
 20
-876.6783614024662
 10
-362.6606695601767
 20
-876.6253678044509
 10
-362.5208540317634
 20
-876.5791789928033
 10
-362.37894053970984
 20
-876.5399062404164
 10
-362.2352709660484
 20
-876.5076441587903
 10
-362.0901914233661
 20
-876.4824704701057
 10
-361.9440514209887
 20
-876.4644458199834
 10
-361.7972030229823
 20
-876.4536136313845
 10
-361.65000000000003
 20
-876.45
 10
-343.65000000000003
 20
-876.45
 10
-343.5027969770178
 20
-876.4536136313845
 10
-343.35594857901134
 20
-876.4644458199834
 10
-343.209808576634
 20
-876.4824704701057
 10
-343.06472903395166
 20
-876.5076441587903
 10
-342.9210594602902
 20
-876.5399062404164
 10
-342.77914596823666
 20
-876.5791789928033
 10
-342.63933043982337
 20
-876.6253678044509
 10
-342.50194970290477
 20
-876.6783614024662
 10
-342.36733471970916
 20
-876.7380321206297
 10
-342.235809789522
 20
-876.8042362069549
 10
-342.10769176742036
 20
-876.8768141699992
 10
-341.98328930094124
 20
-876.9555911630923
 10
-341.86290208652275
 20
-877.040377405558
 10
-341.7468201475091
 20
-877.1309686399118
 10
-341.635323135459
 20
-877.2271466239351
 10
-341.5286796564404
 20
-877.3286796564404
 10
-341.42714662393513
 20
-877.4353231354589
 10
-341.3309686399118
 20
-877.546820147509
 10
-341.2403774055581
 20
-877.6629020865228
 10
-341.1555911630924
 20
-877.7832893009412
 10
-341.07681416999924
 20
-877.9076917674204
 10
-341.00423620695494
 20
-878.035809789522
 10
-340.9380321206297
 20
-878.1673347197092
 10
-340.87836140246617
 20
-878.3019497029047
 10
-340.825367804451
 20
-878.4393304398234
 10
-340.7791789928034
 20
-878.5791459682366
 10
-340.7399062404164
 20
-878.7210594602902
 10
-340.70764415879034
 20
-878.8647290339516
 10
-340.68247047010567
 20
-879.0098085766339
 10
-340.6644458199834
 20
-879.1559485790114
 10
-340.65361363138453
 20
-879.3027969770178
 10
-340.65000000000003
 20
-879.45
 10
-340.65000000000003
 20
-906.45
  0
LWPOLYLINE
  5
F8
330
17
100
AcDbEntity
  8
20_ВИДИМЫЕ
100
AcDbPolyline
 90
513
 70
1
 10
-344.15000000000003
 20
-892.95
 10
-344.1506400343673
 20
-893.0543080754286
 10
-344.1525600410823
 20
-893.1586004424447
 10
-344.1557597309991
 20
-893.2628613950016
 10
-344.1602386222561
 20
-893.367075231783
 10
-344.1659960403488
 20
-893.4712262585688
 10
-344.17303111823117
 20
-893.5752987905971
 10
-344.1813427964464
 20
-893.6792771549277
 10
-344.19092982328635
 20
-893.7831456928013
 10
-344.20179075498
 20
-893.886888761998
 10
-344.213923955911
 20
-893.9904907391933
 10
-344.2273275988639
 20
-894.0939360223106
 10
-344.2419996652994
 20
-894.1972090328705
 10
-344.2579379456582
 20
-894.3002942183379
 10
-344.275140039694
 20
-894.4031760544626
 10
-344.2936033568347
 20
-894.5058390476187
 10
-344.31332511657257
 20
-894.6082677371371
 10
-344.33430234888317
 20
-894.7104466976339
 10
-344.3565318946725
 20
-894.8123605413334
 10
-344.3800104062528
 20
-894.9139939203857
 10
-344.4047343478464
 20
-895.0153315291777
 10
-344.4306999961188
 20
-895.1163581066384
 10
-344.4579034407388
 20
-895.2170584385367
 10
-344.4863405849677
 20
-895.317417359773
 10
-344.51600714627625
 20
-895.417419756663
 10
-344.5468986569894
 20
-895.5170505692134
 10
-344.5790104649592
 20
-895.6162947933906
 10
-344.6123377342656
 20
-895.7151374833793
 10
-344.6468754459444
 20
-895.8135637538339
 10
-344.68261839874316
 20
-895.9115587821202
 10
-344.7195612099047
 20
-896.0091078105474
 10
-344.7576983159777
 20
-896.1061961485906
 10
-344.7970239736541
 20
-896.2028091751033
 10
-344.83753226063453
 20
-896.298932340519
 10
-344.87921707652004
 20
-896.3945511690424
 10
-344.9220721437306
 20
-896.4896512608299
 10
-344.96609100845075
 20
-896.5842182941574
 10
-345.0112670416014
 20
-896.6782380275774
 10
-345.0575934398382
 20
-896.7716963020641
 10
-345.1050632265758
 20
-896.864579043145
 10
-345.153669253039
 20
-896.956872263021
 10
-345.2034041993391
 20
-897.0485620626725
 10
-345.254260575576
 20
-897.1396346339532
 10
-345.3062307229666
 20
-897.2300762616686
 10
-345.3593068149977
 20
-897.3198733256424
 10
-345.4134808586053
 20
-897.409012302767
 10
-345.4687446953775
 20
-897.4974797690403
 10
-345.5250900027839
 20
-897.5852624015874
 10
-345.5825082954284
 20
-897.6723469806666
 10
-345.64099092632733
 20
-897.7587203916607
 10
-345.70052908821157
 20
-897.8443696270517
 10
-345.761113814853
 20
-897.9292817883797
 10
-345.82273598241454
 20
-898.0134440881857
 10
-345.8853863108245
 20
-898.0968438519368
 10
-345.9490553651739
 20
-898.1794685199353
 10
-346.01373355713724
 20
-898.2613056492103
 10
-346.07941114641676
 20
-898.342342915391
 10
-346.1460782422091
 20
-898.4225681145632
 10
-346.2137248046949
 20
-898.5019691651071
 10
-346.2823406465506
 20
-898.5805341095165
 10
-346.35191543448286
 20
-898.6582511161996
 10
-346.42243869078453
 20
-898.7351084812614
 10
-346.4938997949126
 20
-898.8110946302651
 10
-346.56628798508757
 20
-898.8861981199763
 10
-346.6395923599144
 20
-898.9604076400857
 10
-346.71380188002377
 20
-899.0337120149125
 10
-346.78890536973495
 20
-899.1061002050875
 10
-346.86489151873866
 20
-899.1775613092155
 10
-346.94174888380036
 20
-899.2480845655172
 10
-347.01946589048356
 20
-899.3176593534495
 10
-347.09803083489294
 20
-899.3862751953051
 10
-347.1774318854368
 20
-899.4539217577909
 10
-347.25765708460904
 20
-899.5205888535833
 10
-347.33869435078975
 20
-899.5862664428628
 10
-347.4205314800647
 20
-899.6509446348261
 10
-347.5031561480633
 20
-899.7146136891755
 10
-347.58655591181434
 20
-899.7772640175855
 10
-347.6707182116203
 20
-899.8388861851471
 10
-347.75563037294836
 20
-899.8994709117885
 10
-347.84127960833933
 20
-899.9590090736727
 10
-347.92765301933343
 20
-900.0174917045716
 10
-348.01473759841264
 20
-900.0749099972161
 10
-348.1025202309597
 20
-900.1312553046225
 10
-348.190987697233
 20
-900.1865191413948
 10
-348.28012667435763
 20
-900.2406931850023
 10
-348.3699237383314
 20
-900.2937692770334
 10
-348.46036536604686
 20
-900.3457394244241
 10
-348.5514379373275
 20
-900.396595800661
 10
-348.64312773697907
 20
-900.446330746961
 10
-348.73542095685497
 20
-900.4949367734242
 10
-348.8283036979359
 20
-900.5424065601619
 10
-348.92176197242253
 20
-900.5887329583986
 10
-349.01578170584264
 20
-900.6339089915493
 10
-349.1103487391701
 20
-900.6779278562694
 10
-349.2054488309576
 20
-900.72078292348
 10
-349.30106765948113
 20
-900.7624677393655
 10
-349.39719082489677
 20
-900.802976026346
 10
-349.49380385140944
 20
-900.8423016840223
 10
-349.59089218945263
 20
-900.8804387900952
 10
-349.6884412178798
 20
-900.9173816012569
 10
-349.78643624616615
 20
-900.9531245540556
 10
-349.8848625166208
 20
-900.9876622657345
 10
-349.98370520660944
 20
-901.0209895350408
 10
-350.0829494307866
 20
-901.0531013430107
 10
-350.1825802433371
 20
-901.0839928537238
 10
-350.2825826402271
 20
-901.1136594150323
 10
-350.3829415614634
 20
-901.1420965592613
 10
-350.48364189336166
 20
-901.1693000038813
 10
-350.5846684708223
 20
-901.1952656521536
 10
-350.68600607961434
 20
-901.2199895937473
 10
-350.78763945866666
 20
-901.2434681053275
 10
-350.88955330236615
 20
-901.2656976511169
 10
-350.99173226286297
 20
-901.2866748834275
 10
-351.09416095238134
 20
-901.3063966431654
 10
-351.19682394553746
 20
-901.324859960306
 10
-351.2997057816622
 20
-901.3420620543418
 10
-351.4027909671295
 20
-901.3580003347006
 10
-351.50606397768945
 20
-901.3726724011361
 10
-351.6095092608067
 20
-901.386076044089
 10
-351.713111238002
 20
-901.39820924502
 10
-351.81685430719875
 20
-901.4090701767136
 10
-351.9207228450723
 20
-901.4186572035536
 10
-352.02470120940285
 20
-901.4269688817689
 10
-352.12877374143125
 20
-901.4340039596512
 10
-352.232924768217
 20
-901.4397613777439
 10
-352.3371386049985
 20
-901.4442402690009
 10
-352.44139955755526
 20
-901.4474399589177
 10
-352.54569192457143
 20
-901.4493599656328
 10
-352.65000000000003
 20
-901.45
 10
-352.75430807542864
 20
-901.4493599656328
 10
-352.8586004424448
 20
-901.4474399589177
 10
-352.9628613950016
 20
-901.4442402690009
 10
-353.06707523178306
 20
-901.4397613777439
 10
-353.1712262585688
 20
-901.4340039596512
 10
-353.2752987905972
 20
-901.4269688817689
 10
-353.37927715492776
 20
-901.4186572035536
 10
-353.4831456928013
 20
-901.4090701767136
 10
-353.58688876199807
 20
-901.39820924502
 10
-353.69049073919336
 20
-901.386076044089
 10
-353.7939360223106
 20
-901.3726724011361
 10
-353.8972090328706
 20
-901.3580003347006
 10
-354.00029421833784
 20
-901.3420620543418
 10
-354.1031760544626
 20
-901.324859960306
 10
-354.2058390476187
 20
-901.3063966431654
 10
-354.3082677371371
 20
-901.2866748834275
 10
-354.4104466976339
 20
-901.2656976511169
 10
-354.5123605413334
 20
-901.2434681053275
 10
-354.6139939203857
 20
-901.2199895937473
 10
-354.7153315291778
 20
-901.1952656521536
 10
-354.8163581066384
 20
-901.1693000038813
 10
-354.9170584385367
 20
-901.1420965592613
 10
-355.017417359773
 20
-901.1136594150323
 10
-355.11741975666297
 20
-901.0839928537238
 10
-355.2170505692135
 20
-901.0531013430107
 10
-355.3162947933906
 20
-901.0209895350408
 10
-355.4151374833793
 20
-900.9876622657345
 10
-355.5135637538339
 20
-900.9531245540556
 10
-355.61155878212026
 20
-900.9173816012569
 10
-355.70910781054744
 20
-900.8804387900952
 10
-355.80619614859063
 20
-900.8423016840223
 10
-355.9028091751033
 20
-900.802976026346
 10
-355.99893234051893
 20
-900.7624677393655
 10
-356.09455116904246
 20
-900.72078292348
 10
-356.18965126083
 20
-900.6779278562694
 10
-356.2842182941574
 20
-900.6339089915493
 10
-356.37823802757754
 20
-900.5887329583986
 10
-356.4716963020642
 20
-900.5424065601619
 10
-356.5645790431451
 20
-900.4949367734242
 10
-356.656872263021
 20
-900.446330746961
 10
-356.7485620626726
 20
-900.396595800661
 10
-356.8396346339532
 20
-900.3457394244241
 10
-356.93007626166866
 20
-900.2937692770334
 10
-357.01987332564244
 20
-900.2406931850023
 10
-357.10901230276704
 20
-900.1865191413948
 10
-357.19747976904034
 20
-900.1312553046225
 10
-357.28526240158743
 20
-900.0749099972161
 10
-357.37234698066663
 20
-900.0174917045716
 10
-357.45872039166073
 20
-899.9590090736727
 10
-357.5443696270517
 20
-899.8994709117885
 10
-357.6292817883798
 20
-899.8388861851471
 10
-357.7134440881857
 20
-899.7772640175855
 10
-357.7968438519368
 20
-899.7146136891755
 10
-357.87946851993536
 20
-899.6509446348261
 10
-357.9613056492103
 20
-899.5862664428628
 10
-358.04234291539103
 20
-899.5205888535833
 10
-358.12256811456325
 20
-899.4539217577909
 10
-358.20196916510713
 20
-899.3862751953051
 10
-358.2805341095165
 20
-899.3176593534495
 10
-358.3582511161997
 20
-899.2480845655172
 10
-358.4351084812614
 20
-899.1775613092155
 10
-358.5110946302651
 20
-899.1061002050875
 10
-358.5861981199763
 20
-899.0337120149125
 10
-358.6604076400857
 20
-898.9604076400857
 10
-358.7337120149125
 20
-898.8861981199763
 10
-358.8061002050875
 20
-898.8110946302651
 10
-358.87756130921554
 20
-898.7351084812614
 10
-358.9480845655172
 20
-898.6582511161996
 10
-359.01765935344946
 20
-898.5805341095165
 10
-359.0862751953052
 20
-898.5019691651071
 10
-359.15392175779095
 20
-898.4225681145632
 10
-359.2205888535833
 20
-898.342342915391
 10
-359.2862664428628
 20
-898.2613056492103
 10
-359.3509446348262
 20
-898.1794685199353
 10
-359.41461368917555
 20
-898.0968438519368
 10
-359.4772640175855
 20
-898.0134440881857
 10
-359.5388861851471
 20
-897.9292817883797
 10
-359.5994709117885
 20
-897.8443696270517
 10
-359.65900907367273
 20
-897.7587203916607
 10
-359.71749170457167
 20
-897.6723469806666
 10
-359.7749099972162
 20
-897.5852624015874
 10
-359.8312553046226
 20
-897.4974797690403
 10
-359.8865191413948
 20
-897.409012302767
 10
-359.9406931850024
 20
-897.3198733256424
 10
-359.9937692770335
 20
-897.2300762616686
 10
-360.0457394244241
 20
-897.1396346339532
 10
-360.09659580066096
 20
-897.0485620626725
 10
-360.14633074696104
 20
-896.956872263021
 10
-360.1949367734243
 20
-896.864579043145
 10
-360.2424065601619
 20
-896.7716963020641
 10
-360.28873295839867
 20
-896.6782380275774
 10
-360.3339089915493
 20
-896.5842182941574
 10
-360.3779278562695
 20
-896.4896512608299
 10
-360.42078292348003
 20
-896.3945511690424
 10
-360.46246773936554
 20
-896.298932340519
 10
-360.50297602634595
 20
-896.2028091751033
 10
-360.5423016840224
 20
-896.1061961485906
 10
-360.5804387900953
 20
-896.0091078105474
 10
-360.6173816012569
 20
-895.9115587821202
 10
-360.6531245540557
 20
-895.8135637538339
 10
-360.68766226573445
 20
-895.7151374833793
 10
-360.72098953504087
 20
-895.6162947933906
 10
-360.75310134301066
 20
-895.5170505692134
 10
-360.7839928537238
 20
-895.417419756663
 10
-360.81365941503236
 20
-895.317417359773
 10
-360.8420965592613
 20
-895.2170584385367
 10
-360.8693000038813
 20
-895.1163581066384
 10
-360.8952656521537
 20
-895.0153315291777
 10
-360.9199895937473
 20
-894.9139939203857
 10
-360.9434681053275
 20
-894.8123605413334
 10
-360.96569765111684
 20
-894.7104466976339
 10
-360.9866748834275
 20
-894.6082677371371
 10
-361.0063966431654
 20
-894.5058390476187
 10
-361.02485996030606
 20
-894.4031760544626
 10
-361.04206205434184
 20
-894.3002942183379
 10
-361.0580003347007
 20
-894.1972090328705
 10
-361.0726724011362
 20
-894.0939360223106
 10
-361.08607604408905
 20
-893.9904907391933
 10
-361.0982092450201
 20
-893.886888761998
 10
-361.1090701767137
 20
-893.7831456928013
 10
-361.11865720355365
 20
-893.6792771549277
 10
-361.1269688817689
 20
-893.5752987905971
 10
-361.1340039596513
 20
-893.4712262585688
 10
-361.139761377744
 20
-893.367075231783
 10
-361.144240269001
 20
-893.2628613950016
 10
-361.14743995891774
 20
-893.1586004424447
 10
-361.14935996563275
 20
-893.0543080754286
 10
-361.15000000000003
 20
-892.95
 10
-361.14935996563275
 20
-892.8456919245714
 10
-361.14743995891774
 20
-892.7413995575553
 10
-361.144240269001
 20
-892.6371386049984
 10
-361.139761377744
 20
-892.532924768217
 10
-361.1340039596513
 20
-892.4287737414312
 10
-361.1269688817689
 20
-892.3247012094029
 10
-361.11865720355365
 20
-892.2207228450723
 10
-361.1090701767137
 20
-892.1168543071988
 10
-361.0982092450201
 20
-892.013111238002
 10
-361.08607604408905
 20
-891.9095092608067
 10
-361.0726724011362
 20
-891.8060639776894
 10
-361.0580003347007
 20
-891.7027909671294
 10
-361.04206205434184
 20
-891.5997057816621
 10
-361.02485996030606
 20
-891.4968239455375
 10
-361.0063966431654
 20
-891.3941609523813
 10
-360.9866748834275
 20
-891.2917322628629
 10
-360.9656976511169
 20
-891.1895533023661
 10
-360.94346810532755
 20
-891.0876394586667
 10
-360.9199895937473
 20
-890.9860060796143
 10
-360.8952656521537
 20
-890.8846684708222
 10
-360.8693000038813
 20
-890.7836418933616
 10
-360.8420965592613
 20
-890.6829415614634
 10
-360.81365941503236
 20
-890.5825826402271
 10
-360.7839928537238
 20
-890.4825802433371
 10
-360.75310134301066
 20
-890.3829494307865
 10
-360.72098953504087
 20
-890.2837052066094
 10
-360.68766226573445
 20
-890.1848625166208
 10
-360.6531245540557
 20
-890.0864362461662
 10
-360.6173816012569
 20
-889.9884412178798
 10
-360.58043879009534
 20
-889.8908921894526
 10
-360.5423016840224
 20
-889.7938038514094
 10
-360.50297602634595
 20
-889.6971908248968
 10
-360.46246773936554
 20
-889.601067659481
 10
-360.42078292348003
 20
-889.5054488309576
 10
-360.3779278562695
 20
-889.4103487391701
 10
-360.3339089915493
 20
-889.3157817058426
 10
-360.28873295839867
 20
-889.2217619724225
 10
-360.2424065601619
 20
-889.1283036979358
 10
-360.1949367734243
 20
-889.035420956855
 10
-360.14633074696104
 20
-888.943127736979
 10
-360.09659580066096
 20
-888.8514379373274
 10
-360.0457394244241
 20
-888.7603653660468
 10
-359.9937692770335
 20
-888.6699237383314
 10
-359.9406931850024
 20
-888.5801266743576
 10
-359.8865191413948
 20
-888.490987697233
 10
-359.8312553046226
 20
-888.4025202309597
 10
-359.7749099972162
 20
-888.3147375984126
 10
-359.71749170457167
 20
-888.2276530193334
 10
-359.65900907367273
 20
-888.1412796083393
 10
-359.5994709117885
 20
-888.0556303729484
 10
-359.5388861851471
 20
-887.9707182116202
 10
-359.4772640175855
 20
-887.8865559118143
 10
-359.41461368917555
 20
-887.8031561480632
 10
-359.3509446348262
 20
-887.7205314800647
 10
-359.2862664428628
 20
-887.6386943507897
 10
-359.2205888535833
 20
-887.557657084609
 10
-359.15392175779095
 20
-887.4774318854368
 10
-359.0862751953052
 20
-887.3980308348929
 10
-359.01765935344946
 20
-887.3194658904836
 10
-358.9480845655172
 20
-887.2417488838004
 10
-358.87756130921554
 20
-887.1648915187386
 10
-358.8061002050875
 20
-887.0889053697349
 10
-358.7337120149125
 20
-887.0138018800237
 10
-358.6604076400857
 20
-886.9395923599143
 10
-358.5861981199763
 20
-886.8662879850875
 10
-358.5110946302651
 20
-886.7938997949125
 10
-358.4351084812614
 20
-886.7224386907845
 10
-358.3582511161997
 20
-886.6519154344828
 10
-358.2805341095165
 20
-886.5823406465506
 10
-358.20196916510713
 20
-886.5137248046949
 10
-358.12256811456325
 20
-886.4460782422091
 10
-358.04234291539103
 20
-886.3794111464167
 10
-357.9613056492103
 20
-886.3137335571372
 10
-357.87946851993536
 20
-886.2490553651738
 10
-357.7968438519368
 20
-886.1853863108245
 10
-357.7134440881857
 20
-886.1227359824145
 10
-357.6292817883798
 20
-886.0611138148529
 10
-357.5443696270517
 20
-886.0005290882116
 10
-357.45872039166073
 20
-885.9409909263272
 10
-357.37234698066663
 20
-885.8825082954284
 10
-357.28526240158743
 20
-885.8250900027839
 10
-357.19747976904034
 20
-885.7687446953774
 10
-357.10901230276704
 20
-885.7134808586053
 10
-357.01987332564244
 20
-885.6593068149976
 10
-356.93007626166866
 20
-885.6062307229665
 10
-356.8396346339532
 20
-885.554260575576
 10
-356.7485620626726
 20
-885.503404199339
 10
-356.656872263021
 20
-885.4536692530389
 10
-356.56457904314505
 20
-885.4050632265757
 10
-356.4716963020642
 20
-885.3575934398382
 10
-356.37823802757754
 20
-885.3112670416014
 10
-356.2842182941574
 20
-885.2660910084508
 10
-356.18965126083
 20
-885.2220721437305
 10
-356.09455116904246
 20
-885.17921707652
 10
-355.99893234051893
 20
-885.1375322606345
 10
-355.9028091751033
 20
-885.0970239736541
 10
-355.80619614859063
 20
-885.0576983159776
 10
-355.70910781054744
 20
-885.0195612099047
 10
-355.61155878212026
 20
-884.9826183987432
 10
-355.5135637538339
 20
-884.9468754459443
 10
-355.4151374833793
 20
-884.9123377342655
 10
-355.3162947933906
 20
-884.8790104649592
 10
-355.2170505692135
 20
-884.8468986569893
 10
-355.11741975666297
 20
-884.8160071462762
 10
-355.017417359773
 20
-884.7863405849677
 10
-354.9170584385367
 20
-884.7579034407388
 10
-354.8163581066384
 20
-884.7306999961188
 10
-354.7153315291778
 20
-884.7047343478464
 10
-354.6139939203857
 20
-884.6800104062527
 10
-354.5123605413334
 20
-884.6565318946725
 10
-354.4104466976339
 20
-884.6343023488831
 10
-354.3082677371371
 20
-884.6133251165726
 10
-354.2058390476187
 20
-884.5936033568347
 10
-354.1031760544626
 20
-884.575140039694
 10
-354.00029421833784
 20
-884.5579379456582
 10
-353.8972090328706
 20
-884.5419996652994
 10
-353.7939360223106
 20
-884.5273275988638
 10
-353.69049073919336
 20
-884.513923955911
 10
-353.58688876199807
 20
-884.50179075498
 10
-353.4831456928013
 20
-884.4909298232864
 10
-353.37927715492776
 20
-884.4813427964464
 10
-353.2752987905972
 20
-884.4730311182311
 10
-353.1712262585688
 20
-884.4659960403487
 10
-353.06707523178306
 20
-884.460238622256
 10
-352.9628613950016
 20
-884.455759730999
 10
-352.8586004424448
 20
-884.4525600410823
 10
-352.75430807542864
 20
-884.4506400343673
 10
-352.65000000000003
 20
-884.45
 10
-352.54569192457143
 20
-884.4506400343673
 10
-352.44139955755526
 20
-884.4525600410823
 10
-352.3371386049985
 20
-884.455759730999
 10
-352.232924768217
 20
-884.460238622256
 10
-352.12877374143125
 20
-884.4659960403487
 10
-352.02470120940285
 20
-884.4730311182311
 10
-351.9207228450723
 20
-884.4813427964464
 10
-351.81685430719875
 20
-884.4909298232864
 10
-351.71311123800206
 20
-884.50179075498
 10
-351.6095092608067
 20
-884.513923955911
 10
-351.50606397768945
 20
-884.5273275988638
 10
-351.4027909671295
 20
-884.5419996652994
 10
-351.2997057816622
 20
-884.5579379456582
 10
-351.19682394553746
 20
-884.575140039694
 10
-351.09416095238134
 20
-884.5936033568347
 10
-350.99173226286297
 20
-884.6133251165726
 10
-350.88955330236615
 20
-884.6343023488831
 10
-350.78763945866666
 20
-884.6565318946725
 10
-350.68600607961434
 20
-884.6800104062527
 10
-350.5846684708223
 20
-884.7047343478464
 10
-350.48364189336166
 20
-884.7306999961188
 10
-350.3829415614634
 20
-884.7579034407388
 10
-350.2825826402271
 20
-884.7863405849677
 10
-350.1825802433371
 20
-884.8160071462762
 10
-350.0829494307866
 20
-884.8468986569893
 10
-349.98370520660944
 20
-884.8790104649592
 10
-349.8848625166208
 20
-884.9123377342655
 10
-349.78643624616615
 20
-884.9468754459443
 10
-349.6884412178798
 20
-884.9826183987432
 10
-349.59089218945263
 20
-885.0195612099047
 10
-349.49380385140944
 20
-885.0576983159776
 10
-349.39719082489677
 20
-885.097023973654
 10
-349.30106765948113
 20
-885.1375322606345
 10
-349.2054488309576
 20
-885.17921707652
 10
-349.11034873917015
 20
-885.2220721437305
 10
-349.01578170584264
 20
-885.2660910084508
 10
-348.92176197242253
 20
-885.3112670416014
 10
-348.8283036979359
 20
-885.3575934398382
 10
-348.735420956855
 20
-885.4050632265757
 10
-348.64312773697907
 20
-885.4536692530389
 10
-348.5514379373275
 20
-885.503404199339
 10
-348.46036536604686
 20
-885.554260575576
 10
-348.3699237383314
 20
-885.6062307229665
 10
-348.28012667435763
 20
-885.6593068149976
 10
-348.190987697233
 20
-885.7134808586053
 10
-348.1025202309597
 20
-885.7687446953774
 10
-348.01473759841264
 20
-885.8250900027839
 10
-347.92765301933343
 20
-885.8825082954284
 10
-347.84127960833933
 20
-885.9409909263272
 10
-347.75563037294836
 20
-886.0005290882116
 10
-347.6707182116203
 20
-886.0611138148529
 10
-347.58655591181434
 20
-886.1227359824145
 10
-347.5031561480633
 20
-886.1853863108245
 10
-347.4205314800647
 20
-886.2490553651738
 10
-347.33869435078975
 20
-886.3137335571372
 10
-347.25765708460904
 20
-886.3794111464167
 10
-347.1774318854368
 20
-886.4460782422091
 10
-347.09803083489294
 20
-886.5137248046949
 10
-347.01946589048356
 20
-886.5823406465506
 10
-346.94174888380036
 20
-886.6519154344828
 10
-346.86489151873866
 20
-886.7224386907844
 10
-346.78890536973495
 20
-886.7938997949125
 10
-346.71380188002377
 20
-886.8662879850875
 10
-346.6395923599144
 20
-886.9395923599143
 10
-346.56628798508757
 20
-887.0138018800237
 10
-346.4938997949126
 20
-887.0889053697349
 10
-346.42243869078453
 20
-887.1648915187386
 10
-346.35191543448286
 20
-887.2417488838004
 10
-346.2823406465506
 20
-887.3194658904836
 10
-346.2137248046949
 20
-887.3980308348929
 10
-346.1460782422091
 20
-887.4774318854368
 10
-346.07941114641676
 20
-887.557657084609
 10
-346.01373355713724
 20
-887.6386943507897
 10
-345.9490553651739
 20
-887.7205314800647
 10
-345.8853863108245
 20
-887.8031561480632
 10
-345.82273598241454
 20
-887.8865559118143
 10
-345.761113814853
 20
-887.9707182116202
 10
-345.70052908821157
 20
-888.0556303729484
 10
-345.64099092632733
 20
-888.1412796083393
 10
-345.5825082954284
 20
-888.2276530193334
 10
-345.52509000278394
 20
-888.3147375984126
 10
-345.46874469537755
 20
-888.4025202309597
 10
-345.4134808586053
 20
-888.490987697233
 10
-345.3593068149977
 20
-888.5801266743576
 10
-345.3062307229666
 20
-888.6699237383314
 10
-345.254260575576
 20
-888.7603653660468
 10
-345.2034041993391
 20
-888.8514379373274
 10
-345.153669253039
 20
-888.943127736979
 10
-345.1050632265758
 20
-889.035420956855
 10
-345.0575934398382
 20
-889.1283036979358
 10
-345.0112670416014
 20
-889.2217619724225
 10
-344.96609100845075
 20
-889.3157817058426
 10
-344.9220721437306
 20
-889.4103487391701
 10
-344.87921707652004
 20
-889.5054488309576
 10
-344.83753226063453
 20
-889.601067659481
 10
-344.7970239736541
 20
-889.6971908248968
 10
-344.7576983159777
 20
-889.7938038514094
 10
-344.7195612099047
 20
-889.8908921894526
 10
-344.68261839874316
 20
-889.9884412178798
 10
-344.6468754459444
 20
-890.0864362461662
 10
-344.6123377342656
 20
-890.1848625166208
 10
-344.5790104649592
 20
-890.2837052066094
 10
-344.5468986569894
 20
-890.3829494307865
 10
-344.51600714627625
 20
-890.4825802433371
 10
-344.4863405849677
 20
-890.5825826402271
 10
-344.4579034407388
 20
-890.6829415614634
 10
-344.4306999961188
 20
-890.7836418933616
 10
-344.4047343478464
 20
-890.8846684708222
 10
-344.3800104062528
 20
-890.9860060796143
 10
-344.35653189467257
 20
-891.0876394586666
 10
-344.33430234888317
 20
-891.1895533023661
 10
-344.31332511657257
 20
-891.2917322628629
 10
-344.2936033568347
 20
-891.3941609523813
 10
-344.275140039694
 20
-891.4968239455375
 10
-344.2579379456582
 20
-891.5997057816621
 10
-344.2419996652994
 20
-891.7027909671294
 10
-344.2273275988639
 20
-891.8060639776894
 10
-344.213923955911
 20
-891.9095092608067
 10
-344.20179075498
 20
-892.013111238002
 10
-344.19092982328635
 20
-892.1168543071988
 10
-344.1813427964464
 20
-892.2207228450723
 10
-344.17303111823117
 20
-892.3247012094029
 10
-344.1659960403488
 20
-892.4287737414312
 10
-344.1602386222561
 20
-892.532924768217
 10
-344.1557597309991
 20
-892.6371386049984
 10
-344.1525600410823
 20
-892.7413995575553
 10
-344.1506400343673
 20
-892.8456919245714
 10
-344.15000000000003
 20
-892.95
  0
LWPOLYLINE
  5
F9
330
17
100
AcDbEntity
  8
20_ВИДИМЫЕ
100
AcDbPolyline
 90
5
 70
1
 10
-351.65000000000003
 20
-884.535
 10
-351.65000000000003
 20
-876.95
 10
-353.65000000000003
 20
-876.95
 10
-353.65000000000003
 20
-884.535
 10
-351.65000000000003
 20
-884.535
  0
LWPOLYLINE
  5
FA
330
17
100
AcDbEntity
  8
20_ВИДИМЫЕ
100
AcDbPolyline
 90
5
 70
1
 10
-351.65000000000003
 20
-908.95
 10
-351.65000000000003
 20
-901.365
 10
-353.65000000000003
 20
-901.365
 10
-353.65000000000003
 20
-908.95
 10
-351.65000000000003
 20
-908.95
  0
LWPOLYLINE
  5
FB
330
17
100
AcDbEntity
  8
20_ВИДИМЫЕ
100
AcDbPolyline
 90
257
 70
1
 10
-361.7566017177982
 20
-882.3433982822017
 10
-361.75705348975396
 20
-882.3802101249862
 10
-361.75840853349047
 20
-882.4169997936929
 10
-361.7606660327802
 20
-882.4537451276013
 10
-361.76382462779
 20
-882.4904239926962
 10
-361.7678824159002
 20
-882.5270142950006
 10
-361.7728369528511
 20
-882.5634939938848
 10
-361.77868525421485
 20
-882.5998411153422
 10
-361.7854237971934
 20
-882.636033765226
 10
-361.79304852274043
 20
-882.6720501424371
 10
-361.80155483800644
 20
-882.7078685520567
 10
-361.81093761910506
 20
-882.7434674184142
 10
-361.8211912141999
 20
-882.7788252980835
 10
-361.8323094469087
 20
-882.8139208928001
 10
-361.8442856200237
 20
-882.8487330622901
 10
-361.85711251954615
 20
-882.8832408370042
 10
-361.87078241903134
 20
-882.9174234307494
 10
-361.885287084243
 20
-882.9512602532093
 10
-361.9006177781131
 20
-882.9847309223472
 10
-361.916765266005
 20
-883.0178152766837
 10
-361.9337198212757
 20
-883.0504933874408
 10
-361.9514712311352
 20
-883.0827455705464
 10
-361.97000880279785
 20
-883.1145523984916
 10
-361.9893213699237
 20
-883.1458947120325
 10
-362.0093972993444
 20
-883.1767536317312
 10
-362.0302244980709
 20
-883.2071105693285
 10
-362.0517904205773
 20
-883.2369472389405
 10
-362.0740820763583
 20
-883.2662456680728
 10
-362.09708603775414
 20
-883.2949882084472
 10
-362.1207884480385
 20
-883.3231575466325
 10
-362.1451750297658
 20
-883.3507367144723
 10
-362.17023109337106
 20
-883.3777090993074
 10
-362.19594154601845
 20
-883.4040584539816
 10
-362.22229090069266
 20
-883.429768906629
 10
-362.2492632855277
 20
-883.4548249702342
 10
-362.2768424533676
 20
-883.4792115519615
 10
-362.3050117915528
 20
-883.5029139622459
 10
-362.3337543319273
 20
-883.5259179236417
 10
-362.3630527610596
 20
-883.5482095794227
 10
-362.39288943067146
 20
-883.5697755019291
 10
-362.42324636826885
 20
-883.5906027006556
 10
-362.4541052879676
 20
-883.6106786300763
 10
-362.48544760150844
 20
-883.6299911972022
 10
-362.51725442945354
 20
-883.6485287688648
 10
-362.54950661255924
 20
-883.6662801787243
 10
-362.58218472331635
 20
-883.683234733995
 10
-362.61526907765284
 20
-883.6993822218869
 10
-362.64873974679074
 20
-883.7147129157571
 10
-362.6825765692506
 20
-883.7292175809687
 10
-362.71675916299574
 20
-883.7428874804539
 10
-362.75126693770994
 20
-883.7557143799763
 10
-362.7860791071999
 20
-883.7676905530914
 10
-362.82117470191656
 20
-883.7788087858002
 10
-362.8565325815859
 20
-883.789062380895
 10
-362.89213144794337
 20
-883.7984451619936
 10
-362.92794985756296
 20
-883.8069514772596
 10
-362.96396623477403
 20
-883.8145762028066
 10
-363.0001588846578
 20
-883.8213147457852
 10
-363.0365060061152
 20
-883.8271630471489
 10
-363.07298570499944
 20
-883.8321175840998
 10
-363.10957600730393
 20
-883.83617537221
 10
-363.14625487239874
 20
-883.8393339672198
 10
-363.1830002063071
 20
-883.8415914665095
 10
-363.2197898750139
 20
-883.8429465102461
 10
-363.2566017177983
 20
-883.8433982822017
 10
-363.2934135605826
 20
-883.8429465102461
 10
-363.3302032292894
 20
-883.8415914665095
 10
-363.36694856319775
 20
-883.8393339672198
 10
-363.40362742829257
 20
-883.83617537221
 10
-363.44021773059706
 20
-883.8321175840998
 10
-363.4766974294813
 20
-883.8271630471489
 10
-363.5130445509387
 20
-883.8213147457852
 10
-363.54923720082246
 20
-883.8145762028066
 10
-363.58525357803353
 20
-883.8069514772596
 10
-363.6210719876531
 20
-883.7984451619936
 10
-363.6566708540106
 20
-883.789062380895
 10
-363.69202873367993
 20
-883.7788087858002
 10
-363.7271243283966
 20
-883.7676905530914
 10
-363.76193649788655
 20
-883.7557143799763
 10
-363.79644427260075
 20
-883.7428874804539
 10
-363.8306268663459
 20
-883.7292175809687
 10
-363.86446368880576
 20
-883.7147129157571
 10
-363.89793435794365
 20
-883.6993822218869
 10
-363.93101871228015
 20
-883.683234733995
 10
-363.96369682303725
 20
-883.6662801787243
 10
-363.99594900614295
 20
-883.6485287688648
 10
-364.02775583408805
 20
-883.6299911972022
 10
-364.0590981476289
 20
-883.6106786300763
 10
-364.08995706732765
 20
-883.5906027006556
 10
-364.12031400492504
 20
-883.5697755019291
 10
-364.1501506745369
 20
-883.5482095794227
 10
-364.1794491036692
 20
-883.5259179236417
 10
-364.2081916440437
 20
-883.5029139622459
 10
-364.2363609822289
 20
-883.4792115519615
 10
-364.2639401500688
 20
-883.4548249702342
 10
-364.29091253490384
 20
-883.429768906629
 10
-364.31726188957805
 20
-883.4040584539816
 10
-364.34297234222544
 20
-883.3777090993074
 10
-364.36802840583067
 20
-883.3507367144723
 10
-364.39241498755797
 20
-883.3231575466325
 10
-364.41611739784236
 20
-883.2949882084472
 10
-364.43912135923813
 20
-883.2662456680728
 10
-364.4614130150192
 20
-883.2369472389405
 10
-364.4829789375256
 20
-883.2071105693285
 10
-364.5038061362521
 20
-883.1767536317312
 10
-364.5238820656728
 20
-883.1458947120325
 10
-364.54319463279865
 20
-883.1145523984916
 10
-364.5617322044613
 20
-883.0827455705464
 10
-364.5794836143208
 20
-883.0504933874408
 10
-364.5964381695915
 20
-883.0178152766837
 10
-364.6125856574834
 20
-882.9847309223472
 10
-364.6279163513535
 20
-882.9512602532093
 10
-364.64242101656515
 20
-882.9174234307494
 10
-364.65609091605035
 20
-882.8832408370042
 10
-364.6689178155728
 20
-882.8487330622901
 10
-364.6808939886878
 20
-882.8139208928001
 10
-364.69201222139657
 20
-882.7788252980835
 10
-364.70226581649143
 20
-882.7434674184142
 10
-364.71164859759006
 20
-882.7078685520567
 10
-364.72015491285606
 20
-882.6720501424371
 10
-364.7277796384031
 20
-882.636033765226
 10
-364.73451818138165
 20
-882.5998411153422
 10
-364.7403664827454
 20
-882.5634939938848
 10
-364.7453210196963
 20
-882.5270142950006
 10
-364.7493788078065
 20
-882.4904239926962
 10
-364.7525374028163
 20
-882.4537451276013
 10
-364.754794902106
 20
-882.4169997936929
 10
-364.75614994584254
 20
-882.3802101249862
 10
-364.7566017177983
 20
-882.3433982822017
 10
-364.75614994584254
 20
-882.3065864394174
 10
-364.754794902106
 20
-882.2697967707106
 10
-364.7525374028163
 20
-882.2330514368023
 10
-364.7493788078065
 20
-882.1963725717075
 10
-364.7453210196963
 20
-882.159782269403
 10
-364.7403664827454
 20
-882.1233025705187
 10
-364.73451818138165
 20
-882.0869554490613
 10
-364.7277796384031
 20
-882.0507627991776
 10
-364.72015491285606
 20
-882.0147464219665
 10
-364.71164859759006
 20
-881.9789280123468
 10
-364.70226581649143
 20
-881.9433291459894
 10
-364.69201222139657
 20
-881.9079712663201
 10
-364.6808939886878
 20
-881.8728756716034
 10
-364.6689178155728
 20
-881.8380635021134
 10
-364.65609091605035
 20
-881.8035557273993
 10
-364.64242101656515
 20
-881.7693731336542
 10
-364.6279163513535
 20
-881.7355363111943
 10
-364.6125856574834
 20
-881.7020656420564
 10
-364.5964381695915
 20
-881.6689812877198
 10
-364.5794836143208
 20
-881.6363031769628
 10
-364.5617322044613
 20
-881.6040509938571
 10
-364.54319463279865
 20
-881.5722441659119
 10
-364.5238820656728
 20
-881.5409018523711
 10
-364.5038061362521
 20
-881.5100429326724
 10
-364.4829789375256
 20
-881.479685995075
 10
-364.4614130150192
 20
-881.4498493254631
 10
-364.43912135923813
 20
-881.4205508963308
 10
-364.41611739784236
 20
-881.3918083559563
 10
-364.39241498755797
 20
-881.3636390177711
 10
-364.36802840583067
 20
-881.3360598499313
 10
-364.34297234222544
 20
-881.3090874650961
 10
-364.31726188957805
 20
-881.282738110422
 10
-364.29091253490384
 20
-881.2570276577746
 10
-364.2639401500688
 20
-881.2319715941694
 10
-364.2363609822289
 20
-881.2075850124421
 10
-364.2081916440437
 20
-881.1838826021577
 10
-364.1794491036692
 20
-881.1608786407619
 10
-364.1501506745369
 20
-881.1385869849809
 10
-364.12031400492504
 20
-881.1170210624744
 10
-364.08995706732765
 20
-881.096193863748
 10
-364.0590981476289
 20
-881.0761179343273
 10
-364.02775583408805
 20
-881.0568053672014
 10
-363.99594900614295
 20
-881.0382677955388
 10
-363.96369682303725
 20
-881.0205163856792
 10
-363.93101871228015
 20
-881.0035618304086
 10
-363.89793435794365
 20
-880.9874143425167
 10
-363.86446368880576
 20
-880.9720836486465
 10
-363.8306268663459
 20
-880.9575789834348
 10
-363.79644427260075
 20
-880.9439090839496
 10
-363.76193649788655
 20
-880.9310821844273
 10
-363.7271243283966
 20
-880.9191060113122
 10
-363.69202873367993
 20
-880.9079877786035
 10
-363.6566708540106
 20
-880.8977341835086
 10
-363.6210719876531
 20
-880.88835140241
 10
-363.58525357803353
 20
-880.879845087144
 10
-363.54923720082246
 20
-880.872220361597
 10
-363.5130445509387
 20
-880.8654818186184
 10
-363.4766974294813
 20
-880.8596335172547
 10
-363.44021773059706
 20
-880.8546789803038
 10
-363.40362742829257
 20
-880.8506211921936
 10
-363.36694856319775
 20
-880.8474625971837
 10
-363.3302032292894
 20
-880.845205097894
 10
-363.2934135605826
 20
-880.8438500541574
 10
-363.2566017177983
 20
-880.8433982822017
 10
-363.2197898750139
 20
-880.8438500541574
 10
-363.1830002063071
 20
-880.845205097894
 10
-363.14625487239874
 20
-880.8474625971837
 10
-363.10957600730393
 20
-880.8506211921936
 10
-363.07298570499944
 20
-880.8546789803038
 10
-363.0365060061152
 20
-880.8596335172547
 10
-363.0001588846578
 20
-880.8654818186184
 10
-362.96396623477403
 20
-880.872220361597
 10
-362.92794985756296
 20
-880.879845087144
 10
-362.89213144794337
 20
-880.88835140241
 10
-362.8565325815859
 20
-880.8977341835086
 10
-362.82117470191656
 20
-880.9079877786035
 10
-362.7860791071999
 20
-880.9191060113122
 10
-362.75126693770994
 20
-880.9310821844273
 10
-362.71675916299574
 20
-880.9439090839496
 10
-362.6825765692506
 20
-880.9575789834348
 10
-362.64873974679074
 20
-880.9720836486465
 10
-362.61526907765284
 20
-880.9874143425166
 10
-362.58218472331635
 20
-881.0035618304086
 10
-362.54950661255924
 20
-881.0205163856792
 10
-362.51725442945354
 20
-881.0382677955388
 10
-362.48544760150844
 20
-881.0568053672014
 10
-362.4541052879676
 20
-881.0761179343273
 10
-362.42324636826885
 20
-881.096193863748
 10
-362.39288943067146
 20
-881.1170210624744
 10
-362.3630527610596
 20
-881.1385869849809
 10
-362.3337543319273
 20
-881.1608786407619
 10
-362.3050117915528
 20
-881.1838826021577
 10
-362.2768424533676
 20
-881.2075850124421
 10
-362.2492632855277
 20
-881.2319715941694
 10
-362.22229090069266
 20
-881.2570276577746
 10
-362.19594154601845
 20
-881.282738110422
 10
-362.17023109337106
 20
-881.3090874650961
 10
-362.1451750297658
 20
-881.3360598499313
 10
-362.1207884480385
 20
-881.3636390177711
 10
-362.09708603775414
 20
-881.3918083559563
 10
-362.0740820763583
 20
-881.4205508963308
 10
-362.0517904205773
 20
-881.4498493254631
 10
-362.0302244980709
 20
-881.479685995075
 10
-362.0093972993444
 20
-881.5100429326724
 10
-361.9893213699237
 20
-881.5409018523711
 10
-361.97000880279785
 20
-881.5722441659119
 10
-361.9514712311352
 20
-881.6040509938571
 10
-361.9337198212757
 20
-881.6363031769628
 10
-361.916765266005
 20
-881.6689812877198
 10
-361.9006177781131
 20
-881.7020656420564
 10
-361.885287084243
 20
-881.7355363111943
 10
-361.87078241903134
 20
-881.7693731336542
 10
-361.85711251954615
 20
-881.8035557273993
 10
-361.8442856200237
 20
-881.8380635021134
 10
-361.8323094469087
 20
-881.8728756716034
 10
-361.8211912141999
 20
-881.9079712663201
 10
-361.81093761910506
 20
-881.9433291459894
 10
-361.80155483800644
 20
-881.9789280123468
 10
-361.79304852274043
 20
-882.0147464219665
 10
-361.7854237971934
 20
-882.0507627991776
 10
-361.77868525421485
 20
-882.0869554490613
 10
-361.7728369528511
 20
-882.1233025705187
 10
-361.7678824159002
 20
-882.159782269403
 10
-361.76382462779
 20
-882.1963725717075
 10
-361.7606660327802
 20
-882.2330514368023
 10
-361.75840853349047
 20
-882.2697967707106
 10
-361.75705348975396
 20
-882.3065864394174
 10
-361.7566017177982
 20
-882.3433982822017
  0
LWPOLYLINE
  5
FC
330
17
100
AcDbEntity
  8
20_ВИДИМЫЕ
100
AcDbPolyline
 90
129
 70
1
 10
-362.73160171779824
 20
-882.3433982822017
 10
-362.7322341032905
 20
-882.3691588112237
 10
-362.73412973629536
 20
-882.3948572808748
 10
-362.73728405006676
 20
-882.4204317812909
 10
-362.74168944558653
 20
-882.4458207012602
 10
-362.7473353098711
 20
-882.470962876651
 10
-362.75420804153885
 20
-882.4957977377604
 10
-362.76229108357717
 20
-882.5202654552327
 10
-362.7715649632298
 20
-882.5443070841934
 10
-362.78200733890844
 20
-882.5678647062527
 10
-362.79359305401533
 20
-882.5908815690354
 10
-362.8062941975481
 20
-882.6133022229033
 10
-362.8200801713394
 20
-882.6350726545371
 10
-362.83491776377093
 20
-882.6561404170603
 10
-362.8507712297828
 20
-882.6764547563877
 10
-362.8676023769869
 20
-882.6959667334964
 10
-362.8853706576753
 20
-882.7146293423248
 10
-362.9040332665036
 20
-882.7323976230132
 10
-362.92354524361235
 20
-882.7492287702172
 10
-362.9438595829397
 20
-882.7650822362291
 10
-362.96492734546297
 20
-882.7799198286606
 10
-362.9866977770968
 20
-882.793705802452
 10
-363.0091184309646
 20
-882.8064069459847
 10
-363.03213529374733
 20
-882.8179926610916
 10
-363.05569291580656
 20
-882.8284350367702
 10
-363.07973454476735
 20
-882.8377089164229
 10
-363.10420226223965
 20
-882.8457919584612
 10
-363.129037123349
 20
-882.8526646901289
 10
-363.1541792987398
 20
-882.8583105544135
 10
-363.17956821870916
 20
-882.8627159499333
 10
-363.2051427191252
 20
-882.8658702637047
 10
-363.23084118877637
 20
-882.8677658967094
 10
-363.2566017177983
 20
-882.8683982822017
 10
-363.2823622468201
 20
-882.8677658967094
 10
-363.3080607164713
 20
-882.8658702637047
 10
-363.33363521688733
 20
-882.8627159499333
 10
-363.3590241368567
 20
-882.8583105544135
 10
-363.3841663122475
 20
-882.8526646901289
 10
-363.40900117335684
 20
-882.8457919584612
 10
-363.43346889082915
 20
-882.8377089164229
 10
-363.45751051978993
 20
-882.8284350367702
 10
-363.48106814184916
 20
-882.8179926610916
 10
-363.5040850046319
 20
-882.8064069459847
 10
-363.5265056584997
 20
-882.793705802452
 10
-363.5482760901335
 20
-882.7799198286606
 10
-363.5693438526568
 20
-882.7650822362291
 10
-363.58965819198414
 20
-882.7492287702172
 10
-363.6091701690929
 20
-882.7323976230132
 10
-363.6278327779212
 20
-882.7146293423248
 10
-363.6456010586096
 20
-882.6959667334964
 10
-363.6624322058137
 20
-882.6764547563877
 10
-363.67828567182556
 20
-882.6561404170603
 10
-363.6931232642571
 20
-882.6350726545371
 10
-363.7069092380484
 20
-882.6133022229033
 10
-363.7196103815811
 20
-882.5908815690354
 10
-363.73119609668805
 20
-882.5678647062527
 10
-363.7416384723667
 20
-882.5443070841934
 10
-363.7509123520193
 20
-882.5202654552327
 10
-363.75899539405765
 20
-882.4957977377604
 10
-363.7658681257254
 20
-882.470962876651
 10
-363.77151399000996
 20
-882.4458207012602
 10
-363.77591938552973
 20
-882.4204317812909
 10
-363.77907369930114
 20
-882.3948572808748
 10
-363.780969332306
 20
-882.3691588112237
 10
-363.78160171779825
 20
-882.3433982822017
 10
-363.780969332306
 20
-882.31763775318
 10
-363.77907369930114
 20
-882.2919392835288
 10
-363.77591938552973
 20
-882.2663647831127
 10
-363.77151399000996
 20
-882.2409758631434
 10
-363.7658681257254
 20
-882.2158336877526
 10
-363.75899539405765
 20
-882.1909988266432
 10
-363.7509123520193
 20
-882.1665311091708
 10
-363.7416384723667
 20
-882.1424894802101
 10
-363.73119609668805
 20
-882.1189318581509
 10
-363.7196103815811
 20
-882.0959149953682
 10
-363.7069092380484
 20
-882.0734943415003
 10
-363.6931232642571
 20
-882.0517239098665
 10
-363.67828567182556
 20
-882.0306561473433
 10
-363.6624322058137
 20
-882.0103418080159
 10
-363.6456010586096
 20
-881.9908298309072
 10
-363.6278327779212
 20
-881.9721672220788
 10
-363.6091701690929
 20
-881.9543989413904
 10
-363.58965819198414
 20
-881.9375677941864
 10
-363.5693438526568
 20
-881.9217143281744
 10
-363.5482760901335
 20
-881.9068767357429
 10
-363.5265056584997
 20
-881.8930907619516
 10
-363.5040850046319
 20
-881.8803896184189
 10
-363.48106814184916
 20
-881.868803903312
 10
-363.45751051978993
 20
-881.8583615276334
 10
-363.43346889082915
 20
-881.8490876479807
 10
-363.40900117335684
 20
-881.8410046059423
 10
-363.3841663122475
 20
-881.8341318742746
 10
-363.3590241368567
 20
-881.8284860099901
 10
-363.33363521688733
 20
-881.8240806144703
 10
-363.3080607164713
 20
-881.8209263006988
 10
-363.2823622468201
 20
-881.819030667694
 10
-363.2566017177983
 20
-881.8183982822018
 10
-363.23084118877637
 20
-881.819030667694
 10
-363.2051427191252
 20
-881.8209263006988
 10
-363.17956821870916
 20
-881.8240806144703
 10
-363.1541792987398
 20
-881.8284860099901
 10
-363.129037123349
 20
-881.8341318742746
 10
-363.10420226223965
 20
-881.8410046059423
 10
-363.07973454476735
 20
-881.8490876479807
 10
-363.05569291580656
 20
-881.8583615276334
 10
-363.03213529374733
 20
-881.868803903312
 10
-363.0091184309646
 20
-881.8803896184189
 10
-362.9866977770968
 20
-881.8930907619516
 10
-362.96492734546297
 20
-881.9068767357429
 10
-362.9438595829397
 20
-881.9217143281744
 10
-362.92354524361235
 20
-881.9375677941864
 10
-362.9040332665036
 20
-881.9543989413904
 10
-362.8853706576753
 20
-881.9721672220788
 10
-362.8676023769869
 20
-881.9908298309072
 10
-362.8507712297828
 20
-882.0103418080159
 10
-362.83491776377093
 20
-882.0306561473433
 10
-362.8200801713394
 20
-882.0517239098665
 10
-362.8062941975481
 20
-882.0734943415003
 10
-362.79359305401533
 20
-882.0959149953682
 10
-362.78200733890844
 20
-882.1189318581509
 10
-362.7715649632298
 20
-882.1424894802101
 10
-362.76229108357717
 20
-882.1665311091708
 10
-362.75420804153885
 20
-882.1909988266432
 10
-362.7473353098711
 20
-882.2158336877526
 10
-362.74168944558653
 20
-882.2409758631434
 10
-362.73728405006676
 20
-882.2663647831127
 10
-362.73412973629536
 20
-882.2919392835288
 10
-362.7322341032905
 20
-882.31763775318
 10
-362.73160171779824
 20
-882.3433982822017
  0
LWPOLYLINE
  5
FD
330
17
100
AcDbEntity
  8
20_ВИДИМЫЕ
100
AcDbPolyline
 90
257
 70
1
 10
-361.7566017177983
 20
-903.5566017177982
 10
-361.75705348975396
 20
-903.5934135605826
 10
-361.75840853349047
 20
-903.6302032292894
 10
-361.7606660327802
 20
-903.6669485631977
 10
-361.76382462779
 20
-903.7036274282925
 10
-361.7678824159002
 20
-903.740217730597
 10
-361.7728369528511
 20
-903.7766974294813
 10
-361.77868525421485
 20
-903.8130445509387
 10
-361.7854237971934
 20
-903.8492372008225
 10
-361.79304852274043
 20
-903.8852535780335
 10
-361.80155483800644
 20
-903.9210719876531
 10
-361.81093761910506
 20
-903.9566708540106
 10
-361.8211912141999
 20
-903.99202873368
 10
-361.8323094469087
 20
-904.0271243283966
 10
-361.8442856200237
 20
-904.0619364978866
 10
-361.85711251954615
 20
-904.0964442726007
 10
-361.87078241903134
 20
-904.1306268663459
 10
-361.885287084243
 20
-904.1644636888057
 10
-361.9006177781131
 20
-904.1979343579436
 10
-361.916765266005
 20
-904.2310187122802
 10
-361.9337198212757
 20
-904.2636968230372
 10
-361.9514712311352
 20
-904.2959490061429
 10
-361.97000880279785
 20
-904.3277558340881
 10
-361.9893213699237
 20
-904.3590981476289
 10
-362.0093972993444
 20
-904.3899570673276
 10
-362.0302244980709
 20
-904.420314004925
 10
-362.0517904205773
 20
-904.4501506745369
 10
-362.07408207635837
 20
-904.4794491036691
 10
-362.09708603775414
 20
-904.5081916440437
 10
-362.1207884480385
 20
-904.5363609822289
 10
-362.1451750297658
 20
-904.5639401500688
 10
-362.17023109337106
 20
-904.5909125349039
 10
-362.19594154601845
 20
-904.617261889578
 10
-362.22229090069266
 20
-904.6429723422254
 10
-362.2492632855277
 20
-904.6680284058307
 10
-362.2768424533676
 20
-904.692414987558
 10
-362.3050117915528
 20
-904.7161173978424
 10
-362.3337543319273
 20
-904.7391213592381
 10
-362.3630527610596
 20
-904.7614130150192
 10
-362.39288943067146
 20
-904.7829789375256
 10
-362.42324636826885
 20
-904.803806136252
 10
-362.4541052879676
 20
-904.8238820656728
 10
-362.48544760150844
 20
-904.8431946327986
 10
-362.5172544294536
 20
-904.8617322044613
 10
-362.54950661255924
 20
-904.8794836143207
 10
-362.58218472331635
 20
-904.8964381695915
 10
-362.61526907765284
 20
-904.9125856574834
 10
-362.64873974679074
 20
-904.9279163513535
 10
-362.6825765692506
 20
-904.9424210165652
 10
-362.71675916299574
 20
-904.9560909160504
 10
-362.75126693770994
 20
-904.9689178155727
 10
-362.7860791071999
 20
-904.9808939886877
 10
-362.82117470191656
 20
-904.9920122213965
 10
-362.8565325815859
 20
-905.0022658164913
 10
-362.89213144794337
 20
-905.01164859759
 10
-362.92794985756296
 20
-905.020154912856
 10
-362.96396623477403
 20
-905.0277796384031
 10
-363.0001588846578
 20
-905.0345181813816
 10
-363.0365060061152
 20
-905.0403664827454
 10
-363.07298570499944
 20
-905.0453210196963
 10
-363.10957600730393
 20
-905.0493788078065
 10
-363.14625487239874
 20
-905.0525374028163
 10
-363.1830002063071
 20
-905.054794902106
 10
-363.2197898750139
 20
-905.0561499458425
 10
-363.2566017177983
 20
-905.0566017177982
 10
-363.2934135605826
 20
-905.0561499458425
 10
-363.3302032292894
 20
-905.054794902106
 10
-363.36694856319775
 20
-905.0525374028163
 10
-363.40362742829257
 20
-905.0493788078065
 10
-363.44021773059706
 20
-905.0453210196963
 10
-363.4766974294813
 20
-905.0403664827454
 10
-363.51304455093873
 20
-905.0345181813816
 10
-363.54923720082246
 20
-905.0277796384031
 10
-363.58525357803353
 20
-905.020154912856
 10
-363.6210719876531
 20
-905.01164859759
 10
-363.6566708540106
 20
-905.0022658164913
 10
-363.69202873367993
 20
-904.9920122213965
 10
-363.7271243283966
 20
-904.9808939886877
 10
-363.7619364978866
 20
-904.9689178155727
 10
-363.79644427260075
 20
-904.9560909160504
 10
-363.8306268663459
 20
-904.9424210165652
 10
-363.86446368880576
 20
-904.9279163513535
 10
-363.89793435794365
 20
-904.9125856574834
 10
-363.93101871228015
 20
-904.8964381695915
 10
-363.96369682303725
 20
-904.8794836143207
 10
-363.99594900614295
 20
-904.8617322044613
 10
-364.0277558340881
 20
-904.8431946327986
 10
-364.0590981476289
 20
-904.8238820656728
 10
-364.08995706732765
 20
-904.803806136252
 10
-364.12031400492504
 20
-904.7829789375256
 10
-364.1501506745369
 20
-904.7614130150192
 10
-364.1794491036692
 20
-904.7391213592381
 10
-364.2081916440437
 20
-904.7161173978424
 10
-364.2363609822289
 20
-904.692414987558
 10
-364.2639401500688
 20
-904.6680284058307
 10
-364.29091253490384
 20
-904.6429723422254
 10
-364.31726188957805
 20
-904.617261889578
 10
-364.34297234222544
 20
-904.5909125349039
 10
-364.36802840583067
 20
-904.5639401500688
 10
-364.39241498755797
 20
-904.5363609822289
 10
-364.41611739784236
 20
-904.5081916440437
 10
-364.43912135923813
 20
-904.4794491036691
 10
-364.4614130150192
 20
-904.4501506745369
 10
-364.4829789375256
 20
-904.420314004925
 10
-364.5038061362521
 20
-904.3899570673276
 10
-364.5238820656728
 20
-904.3590981476289
 10
-364.54319463279865
 20
-904.3277558340881
 10
-364.5617322044613
 20
-904.2959490061429
 10
-364.5794836143208
 20
-904.2636968230372
 10
-364.5964381695915
 20
-904.2310187122802
 10
-364.6125856574834
 20
-904.1979343579436
 10
-364.6279163513535
 20
-904.1644636888057
 10
-364.6424210165652
 20
-904.1306268663459
 10
-364.65609091605035
 20
-904.0964442726007
 10
-364.6689178155728
 20
-904.0619364978866
 10
-364.6808939886878
 20
-904.0271243283966
 10
-364.69201222139657
 20
-903.99202873368
 10
-364.70226581649143
 20
-903.9566708540106
 10
-364.71164859759006
 20
-903.9210719876531
 10
-364.72015491285606
 20
-903.8852535780335
 10
-364.7277796384031
 20
-903.8492372008225
 10
-364.73451818138165
 20
-903.8130445509387
 10
-364.7403664827454
 20
-903.7766974294813
 10
-364.7453210196963
 20
-903.740217730597
 10
-364.7493788078065
 20
-903.7036274282925
 10
-364.7525374028163
 20
-903.6669485631977
 10
-364.754794902106
 20
-903.6302032292894
 10
-364.75614994584254
 20
-903.5934135605826
 10
-364.7566017177983
 20
-903.5566017177982
 10
-364.75614994584254
 20
-903.5197898750139
 10
-364.754794902106
 20
-903.4830002063071
 10
-364.7525374028163
 20
-903.4462548723988
 10
-364.7493788078065
 20
-903.4095760073038
 10
-364.7453210196963
 20
-903.3729857049993
 10
-364.7403664827454
 20
-903.3365060061152
 10
-364.73451818138165
 20
-903.3001588846578
 10
-364.7277796384031
 20
-903.263966234774
 10
-364.72015491285606
 20
-903.2279498575629
 10
-364.71164859759006
 20
-903.1921314479433
 10
-364.70226581649143
 20
-903.1565325815859
 10
-364.69201222139657
 20
-903.1211747019165
 10
-364.6808939886878
 20
-903.0860791071999
 10
-364.6689178155728
 20
-903.0512669377099
 10
-364.65609091605035
 20
-903.0167591629958
 10
-364.6424210165652
 20
-902.9825765692506
 10
-364.6279163513535
 20
-902.9487397467907
 10
-364.6125856574834
 20
-902.9152690776527
 10
-364.5964381695915
 20
-902.8821847233163
 10
-364.5794836143208
 20
-902.8495066125593
 10
-364.5617322044613
 20
-902.8172544294536
 10
-364.54319463279865
 20
-902.7854476015084
 10
-364.5238820656728
 20
-902.7541052879676
 10
-364.5038061362521
 20
-902.7232463682689
 10
-364.4829789375256
 20
-902.6928894306715
 10
-364.4614130150192
 20
-902.6630527610596
 10
-364.43912135923813
 20
-902.6337543319273
 10
-364.41611739784236
 20
-902.6050117915528
 10
-364.39241498755797
 20
-902.5768424533676
 10
-364.36802840583067
 20
-902.5492632855277
 10
-364.34297234222544
 20
-902.5222909006926
 10
-364.31726188957805
 20
-902.4959415460185
 10
-364.29091253490384
 20
-902.470231093371
 10
-364.2639401500688
 20
-902.4451750297658
 10
-364.2363609822289
 20
-902.4207884480385
 10
-364.2081916440437
 20
-902.3970860377541
 10
-364.1794491036692
 20
-902.3740820763583
 10
-364.1501506745369
 20
-902.3517904205772
 10
-364.12031400492504
 20
-902.3302244980708
 10
-364.08995706732765
 20
-902.3093972993444
 10
-364.0590981476289
 20
-902.2893213699236
 10
-364.0277558340881
 20
-902.2700088027977
 10
-363.99594900614295
 20
-902.2514712311352
 10
-363.96369682303725
 20
-902.2337198212757
 10
-363.93101871228015
 20
-902.2167652660049
 10
-363.89793435794365
 20
-902.200617778113
 10
-363.86446368880576
 20
-902.1852870842429
 10
-363.8306268663459
 20
-902.1707824190313
 10
-363.79644427260075
 20
-902.1571125195461
 10
-363.7619364978866
 20
-902.1442856200237
 10
-363.7271243283966
 20
-902.1323094469087
 10
-363.69202873367993
 20
-902.1211912141999
 10
-363.6566708540106
 20
-902.110937619105
 10
-363.6210719876531
 20
-902.1015548380065
 10
-363.58525357803353
 20
-902.0930485227404
 10
-363.54923720082246
 20
-902.0854237971934
 10
-363.51304455093873
 20
-902.0786852542149
 10
-363.4766974294813
 20
-902.072836952851
 10
-363.44021773059706
 20
-902.0678824159002
 10
-363.40362742829257
 20
-902.0638246277899
 10
-363.36694856319775
 20
-902.0606660327802
 10
-363.3302032292894
 20
-902.0584085334905
 10
-363.2934135605826
 20
-902.0570534897539
 10
-363.2566017177983
 20
-902.0566017177982
 10
-363.2197898750139
 20
-902.0570534897539
 10
-363.1830002063071
 20
-902.0584085334905
 10
-363.14625487239874
 20
-902.0606660327802
 10
-363.10957600730393
 20
-902.0638246277899
 10
-363.07298570499944
 20
-902.0678824159002
 10
-363.0365060061152
 20
-902.072836952851
 10
-363.0001588846578
 20
-902.0786852542149
 10
-362.96396623477403
 20
-902.0854237971934
 10
-362.92794985756296
 20
-902.0930485227404
 10
-362.89213144794337
 20
-902.1015548380065
 10
-362.8565325815859
 20
-902.110937619105
 10
-362.82117470191656
 20
-902.1211912141999
 10
-362.7860791071999
 20
-902.1323094469087
 10
-362.75126693770994
 20
-902.1442856200237
 10
-362.71675916299574
 20
-902.1571125195461
 10
-362.6825765692506
 20
-902.1707824190313
 10
-362.64873974679074
 20
-902.1852870842429
 10
-362.61526907765284
 20
-902.200617778113
 10
-362.58218472331635
 20
-902.2167652660049
 10
-362.54950661255924
 20
-902.2337198212757
 10
-362.5172544294536
 20
-902.2514712311352
 10
-362.48544760150844
 20
-902.2700088027977
 10
-362.4541052879676
 20
-902.2893213699236
 10
-362.42324636826885
 20
-902.3093972993444
 10
-362.39288943067146
 20
-902.3302244980708
 10
-362.3630527610596
 20
-902.3517904205772
 10
-362.3337543319273
 20
-902.3740820763583
 10
-362.3050117915528
 20
-902.3970860377541
 10
-362.2768424533676
 20
-902.4207884480385
 10
-362.2492632855277
 20
-902.4451750297658
 10
-362.22229090069266
 20
-902.470231093371
 10
-362.19594154601845
 20
-902.4959415460185
 10
-362.17023109337106
 20
-902.5222909006926
 10
-362.1451750297658
 20
-902.5492632855277
 10
-362.1207884480385
 20
-902.5768424533676
 10
-362.09708603775414
 20
-902.6050117915528
 10
-362.07408207635837
 20
-902.6337543319273
 10
-362.0517904205773
 20
-902.6630527610596
 10
-362.0302244980709
 20
-902.6928894306715
 10
-362.0093972993444
 20
-902.7232463682689
 10
-361.9893213699237
 20
-902.7541052879676
 10
-361.97000880279785
 20
-902.7854476015084
 10
-361.9514712311352
 20
-902.8172544294536
 10
-361.9337198212757
 20
-902.8495066125593
 10
-361.916765266005
 20
-902.8821847233163
 10
-361.9006177781131
 20
-902.9152690776527
 10
-361.885287084243
 20
-902.9487397467907
 10
-361.87078241903134
 20
-902.9825765692506
 10
-361.85711251954615
 20
-903.0167591629958
 10
-361.8442856200237
 20
-903.0512669377099
 10
-361.8323094469087
 20
-903.0860791071999
 10
-361.8211912141999
 20
-903.1211747019165
 10
-361.81093761910506
 20
-903.1565325815859
 10
-361.80155483800644
 20
-903.1921314479433
 10
-361.79304852274043
 20
-903.2279498575629
 10
-361.7854237971934
 20
-903.263966234774
 10
-361.77868525421485
 20
-903.3001588846578
 10
-361.7728369528511
 20
-903.3365060061152
 10
-361.7678824159002
 20
-903.3729857049993
 10
-361.76382462779
 20
-903.4095760073038
 10
-361.7606660327802
 20
-903.4462548723988
 10
-361.75840853349047
 20
-903.4830002063071
 10
-361.75705348975396
 20
-903.5197898750139
 10
-361.7566017177983
 20
-903.5566017177982
  0
LWPOLYLINE
  5
FE
330
17
100
AcDbEntity
  8
20_ВИДИМЫЕ
100
AcDbPolyline
 90
129
 70
1
 10
-362.73160171779824
 20
-903.5566017177982
 10
-362.7322341032905
 20
-903.5823622468201
 10
-362.73412973629536
 20
-903.6080607164712
 10
-362.73728405006676
 20
-903.6336352168873
 10
-362.74168944558653
 20
-903.6590241368567
 10
-362.7473353098711
 20
-903.6841663122474
 10
-362.75420804153885
 20
-903.7090011733568
 10
-362.76229108357717
 20
-903.7334688908292
 10
-362.7715649632298
 20
-903.7575105197899
 10
-362.78200733890844
 20
-903.7810681418491
 10
-362.7935930540154
 20
-903.8040850046318
 10
-362.8062941975481
 20
-903.8265056584996
 10
-362.82008017133944
 20
-903.8482760901335
 10
-362.83491776377093
 20
-903.8693438526567
 10
-362.8507712297828
 20
-903.8896581919842
 10
-362.8676023769869
 20
-903.9091701690929
 10
-362.8853706576753
 20
-903.9278327779211
 10
-362.9040332665036
 20
-903.9456010586096
 10
-362.92354524361235
 20
-903.9624322058137
 10
-362.9438595829397
 20
-903.9782856718256
 10
-362.96492734546297
 20
-903.9931232642571
 10
-362.9866977770968
 20
-904.0069092380484
 10
-363.0091184309646
 20
-904.0196103815811
 10
-363.03213529374733
 20
-904.0311960966881
 10
-363.05569291580656
 20
-904.0416384723667
 10
-363.07973454476735
 20
-904.0509123520193
 10
-363.10420226223965
 20
-904.0589953940577
 10
-363.129037123349
 20
-904.0658681257254
 10
-363.1541792987398
 20
-904.0715139900099
 10
-363.17956821870916
 20
-904.0759193855297
 10
-363.2051427191252
 20
-904.0790736993011
 10
-363.23084118877637
 20
-904.0809693323059
 10
-363.2566017177983
 20
-904.0816017177982
 10
-363.2823622468201
 20
-904.0809693323059
 10
-363.3080607164713
 20
-904.0790736993011
 10
-363.33363521688733
 20
-904.0759193855297
 10
-363.3590241368567
 20
-904.0715139900099
 10
-363.3841663122475
 20
-904.0658681257254
 10
-363.40900117335684
 20
-904.0589953940577
 10
-363.43346889082915
 20
-904.0509123520193
 10
-363.45751051978993
 20
-904.0416384723667
 10
-363.48106814184916
 20
-904.0311960966881
 10
-363.5040850046319
 20
-904.0196103815811
 10
-363.5265056584997
 20
-904.0069092380484
 10
-363.5482760901335
 20
-903.9931232642571
 10
-363.5693438526568
 20
-903.9782856718256
 10
-363.58965819198414
 20
-903.9624322058137
 10
-363.6091701690929
 20
-903.9456010586096
 10
-363.6278327779212
 20
-903.9278327779211
 10
-363.6456010586096
 20
-903.9091701690929
 10
-363.6624322058137
 20
-903.8896581919842
 10
-363.67828567182556
 20
-903.8693438526567
 10
-363.6931232642571
 20
-903.8482760901335
 10
-363.7069092380484
 20
-903.8265056584996
 10
-363.71961038158116
 20
-903.8040850046318
 10
-363.73119609668805
 20
-903.7810681418491
 10
-363.7416384723667
 20
-903.7575105197899
 10
-363.7509123520193
 20
-903.7334688908292
 10
-363.75899539405765
 20
-903.7090011733568
 10
-363.7658681257254
 20
-903.6841663122474
 10
-363.77151399000996
 20
-903.6590241368567
 10
-363.77591938552973
 20
-903.6336352168873
 10
-363.77907369930114
 20
-903.6080607164713
 10
-363.780969332306
 20
-903.5823622468201
 10
-363.78160171779825
 20
-903.5566017177982
 10
-363.780969332306
 20
-903.5308411887763
 10
-363.77907369930114
 20
-903.5051427191252
 10
-363.77591938552973
 20
-903.4795682187091
 10
-363.77151399000996
 20
-903.4541792987397
 10
-363.7658681257254
 20
-903.429037123349
 10
-363.75899539405765
 20
-903.4042022622397
 10
-363.7509123520193
 20
-903.3797345447673
 10
-363.7416384723667
 20
-903.3556929158066
 10
-363.73119609668805
 20
-903.3321352937473
 10
-363.71961038158116
 20
-903.3091184309645
 10
-363.7069092380484
 20
-903.2866977770968
 10
-363.6931232642571
 20
-903.2649273454629
 10
-363.67828567182556
 20
-903.2438595829396
 10
-363.6624322058137
 20
-903.2235452436123
 10
-363.6456010586096
 20
-903.2040332665035
 10
-363.6278327779212
 20
-903.1853706576753
 10
-363.6091701690929
 20
-903.1676023769869
 10
-363.58965819198414
 20
-903.1507712297828
 10
-363.5693438526568
 20
-903.1349177637709
 10
-363.5482760901335
 20
-903.1200801713394
 10
-363.5265056584997
 20
-903.1062941975481
 10
-363.5040850046319
 20
-903.0935930540153
 10
-363.48106814184916
 20
-903.0820073389084
 10
-363.45751051978993
 20
-903.0715649632298
 10
-363.43346889082915
 20
-903.0622910835771
 10
-363.40900117335684
 20
-903.0542080415388
 10
-363.3841663122475
 20
-903.0473353098711
 10
-363.3590241368567
 20
-903.0416894455865
 10
-363.33363521688733
 20
-903.0372840500667
 10
-363.3080607164713
 20
-903.0341297362953
 10
-363.2823622468201
 20
-903.0322341032905
 10
-363.2566017177983
 20
-903.0316017177983
 10
-363.23084118877637
 20
-903.0322341032905
 10
-363.2051427191252
 20
-903.0341297362953
 10
-363.17956821870916
 20
-903.0372840500667
 10
-363.1541792987398
 20
-903.0416894455865
 10
-363.129037123349
 20
-903.0473353098711
 10
-363.10420226223965
 20
-903.0542080415388
 10
-363.07973454476735
 20
-903.0622910835771
 10
-363.05569291580656
 20
-903.0715649632298
 10
-363.03213529374733
 20
-903.0820073389084
 10
-363.0091184309646
 20
-903.0935930540153
 10
-362.9866977770968
 20
-903.1062941975481
 10
-362.96492734546297
 20
-903.1200801713394
 10
-362.9438595829397
 20
-903.1349177637709
 10
-362.92354524361235
 20
-903.1507712297828
 10
-362.9040332665036
 20
-903.1676023769869
 10
-362.8853706576753
 20
-903.1853706576753
 10
-362.8676023769869
 20
-903.2040332665035
 10
-362.8507712297828
 20
-903.2235452436123
 10
-362.83491776377093
 20
-903.2438595829396
 10
-362.82008017133944
 20
-903.2649273454629
 10
-362.8062941975481
 20
-903.2866977770968
 10
-362.7935930540154
 20
-903.3091184309645
 10
-362.78200733890844
 20
-903.3321352937473
 10
-362.7715649632298
 20
-903.3556929158066
 10
-362.76229108357717
 20
-903.3797345447673
 10
-362.75420804153885
 20
-903.4042022622397
 10
-362.7473353098711
 20
-903.429037123349
 10
-362.74168944558653
 20
-903.4541792987397
 10
-362.73728405006676
 20
-903.4795682187091
 10
-362.73412973629536
 20
-903.5051427191252
 10
-362.7322341032905
 20
-903.5308411887763
 10
-362.73160171779824
 20
-903.5566017177982
  0
LWPOLYLINE
  5
FF
330
17
100
AcDbEntity
  8
20_ВИДИМЫЕ
100
AcDbPolyline
 90
259
 70
1
 10
-355.72116956271645
 20
-895.849126574219
 10
-355.79229625554956
 20
-895.846506822995
 10
-355.8633372344391
 20
-895.8421423243682
 10
-355.93424970695577
 20
-895.8360357073493
 10
-356.00499095807777
 20
-895.8281906503363
 10
-356.0755183759206
 20
-895.8186118788979
 10
-356.1457894774049
 20
-895.807305162928
 10
-356.2157619338468
 20
-895.7942773131693
 10
-356.285393596455
 20
-895.7795361771117
 10
-356.3546425217195
 20
-895.7630906342642
 10
-356.42346699667723
 20
-895.7449505908068
 10
-356.491825564038
 20
-895.7251269736234
 10
-356.5596770471568
 20
-895.7036317237198
 10
-356.6269805748375
 20
-895.6804777890308
 10
-356.6936956059515
 20
-895.6556791166207
 10
-356.7597819538588
 20
-895.6292506442827
 10
-356.8251998106145
 20
-895.6012082915403
 10
-356.88990977094784
 20
-895.571568950058
 10
-356.9538728559984
 20
-895.540350473467
 10
-357.0170505367954
 20
-895.5075716666103
 10
-357.0794047574664
 20
-895.4732522742153
 10
-357.1408979581604
 20
-895.4374129690008
 10
-357.2014930976726
 20
-895.4000753392241
 10
-357.2611536757569
 20
-895.3612618756774
 10
-357.3198437551118
 20
-895.3209959581396
 10
-357.3775279830281
 20
-895.2793018412939
 10
-357.4341716126838
 20
-895.2362046401172
 10
-357.4897405240746
 20
-895.1917303147519
 10
-357.544201244566
 20
-895.1459056548688
 10
-357.5975209690564
 20
-895.0987582635294
 10
-357.6496675797375
 20
-895.0503165405593
 10
-357.700609665441
 20
-895.000609665441
 10
-357.7503165405593
 20
-894.9496675797375
 10
-357.7987582635294
 20
-894.8975209690564
 10
-357.84590565486883
 20
-894.844201244566
 10
-357.89173031475195
 20
-894.7897405240745
 10
-357.9362046401172
 20
-894.7341716126838
 10
-357.97930184129393
 20
-894.6775279830281
 10
-358.0209959581396
 20
-894.6198437551118
 10
-358.0612618756774
 20
-894.5611536757568
 10
-358.1000753392242
 20
-894.5014930976726
 10
-358.1374129690008
 20
-894.4408979581603
 10
-358.1732522742153
 20
-894.3794047574663
 10
-358.20757166661025
 20
-894.3170505367954
 10
-358.240350473467
 20
-894.2538728559983
 10
-358.271568950058
 20
-894.1899097709478
 10
-358.30120829154026
 20
-894.1251998106145
 10
-358.32925064428275
 20
-894.0597819538588
 10
-358.35567911662076
 20
-893.9936956059514
 10
-358.3804777890308
 20
-893.9269805748374
 10
-358.40363172371985
 20
-893.8596770471568
 10
-358.42512697362343
 20
-893.7918255640379
 10
-358.4449505908068
 20
-893.7234669966772
 10
-358.46309063426423
 20
-893.6546425217194
 10
-358.47953617711175
 20
-893.5853935964549
 10
-358.4942773131694
 20
-893.5157619338468
 10
-358.507305162928
 20
-893.4457894774049
 10
-358.5186118788979
 20
-893.3755183759206
 10
-358.5281906503363
 20
-893.3049909580777
 10
-358.5360357073494
 20
-893.2342497069558
 10
-358.5421423243682
 20
-893.163337234439
 10
-358.546506822995
 20
-893.0922962555495
 10
-358.54912657421903
 20
-893.0211695627164
 10
-358.55
 20
-892.95
 10
-358.54912657421903
 20
-892.8788304372836
 10
-358.546506822995
 20
-892.8077037444505
 10
-358.5421423243682
 20
-892.7366627655609
 10
-358.5360357073494
 20
-892.6657502930443
 10
-358.5281906503363
 20
-892.5950090419223
 10
-358.5186118788979
 20
-892.5244816240795
 10
-358.507305162928
 20
-892.4542105225951
 10
-358.4942773131694
 20
-892.3842380661532
 10
-358.47953617711175
 20
-892.3146064035451
 10
-358.46309063426423
 20
-892.2453574782805
 10
-358.4449505908068
 20
-892.1765330033228
 10
-358.42512697362343
 20
-892.108174435962
 10
-358.40363172371985
 20
-892.0403229528432
 10
-358.3804777890308
 20
-891.9730194251625
 10
-358.35567911662076
 20
-891.9063043940486
 10
-358.32925064428275
 20
-891.8402180461412
 10
-358.30120829154026
 20
-891.7748001893856
 10
-358.271568950058
 20
-891.7100902290522
 10
-358.240350473467
 20
-891.6461271440016
 10
-358.20757166661025
 20
-891.5829494632046
 10
-358.1732522742153
 20
-891.5205952425337
 10
-358.1374129690008
 20
-891.4591020418396
 10
-358.1000753392242
 20
-891.3985069023274
 10
-358.0612618756774
 20
-891.3388463242431
 10
-358.0209959581396
 20
-891.2801562448883
 10
-357.97930184129393
 20
-891.222472016972
 10
-357.9362046401172
 20
-891.1658283873162
 10
-357.89173031475195
 20
-891.1102594759254
 10
-357.84590565486883
 20
-891.055798755434
 10
-357.7987582635294
 20
-891.0024790309436
 10
-357.7503165405593
 20
-890.9503324202625
 10
-357.70060966544105
 20
-890.899390334559
 10
-357.6496675797375
 20
-890.8496834594407
 10
-357.5975209690564
 20
-890.8012417364706
 10
-357.544201244566
 20
-890.7540943451312
 10
-357.4897405240746
 20
-890.7082696852481
 10
-357.4341716126838
 20
-890.6637953598829
 10
-357.3775279830281
 20
-890.6206981587061
 10
-357.3198437551118
 20
-890.5790040418605
 10
-357.2611536757569
 20
-890.5387381243227
 10
-357.2014930976726
 20
-890.4999246607758
 10
-357.1408979581604
 20
-890.4625870309992
 10
-357.0794047574664
 20
-890.4267477257847
 10
-357.0170505367954
 20
-890.3924283333897
 10
-356.9538728559984
 20
-890.359649526533
 10
-356.88990977094784
 20
-890.328431049942
 10
-356.8251998106145
 20
-890.2987917084597
 10
-356.7597819538588
 20
-890.2707493557173
 10
-356.6936956059515
 20
-890.2443208833793
 10
-356.6269805748375
 20
-890.2195222109692
 10
-356.5596770471568
 20
-890.1963682762802
 10
-356.491825564038
 20
-890.1748730263766
 10
-356.42346699667723
 20
-890.1550494091932
 10
-356.3546425217195
 20
-890.1369093657358
 10
-356.285393596455
 20
-890.1204638228883
 10
-356.2157619338468
 20
-890.1057226868306
 10
-356.1457894774049
 20
-890.092694837072
 10
-356.0755183759206
 20
-890.0813881211021
 10
-356.00499095807777
 20
-890.0718093496637
 10
-355.93424970695577
 20
-890.0639642926507
 10
-355.8633372344391
 20
-890.0578576756318
 10
-355.79229625554956
 20
-890.0534931770051
 10
-355.72116956271645
 20
-890.050873425781
 10
-355.65000000000003
 20
-890.05
 10
-349.65000000000003
 20
-890.05
 10
-349.5788304372836
 20
-890.050873425781
 10
-349.5077037444505
 20
-890.0534931770051
 10
-349.436662765561
 20
-890.0578576756318
 10
-349.3657502930443
 20
-890.0639642926507
 10
-349.2950090419223
 20
-890.0718093496637
 10
-349.2244816240795
 20
-890.0813881211021
 10
-349.1542105225952
 20
-890.092694837072
 10
-349.08423806615326
 20
-890.1057226868306
 10
-349.0146064035451
 20
-890.1204638228883
 10
-348.9453574782806
 20
-890.1369093657358
 10
-348.87653300332283
 20
-890.1550494091932
 10
-348.8081744359621
 20
-890.1748730263766
 10
-348.74032295284326
 20
-890.1963682762802
 10
-348.6730194251626
 20
-890.2195222109692
 10
-348.60630439404855
 20
-890.2443208833793
 10
-348.54021804614126
 20
-890.2707493557173
 10
-348.4748001893856
 20
-890.2987917084597
 10
-348.41009022905223
 20
-890.328431049942
 10
-348.3461271440017
 20
-890.359649526533
 10
-348.28294946320466
 20
-890.3924283333897
 10
-348.22059524253365
 20
-890.4267477257847
 10
-348.1591020418397
 20
-890.4625870309992
 10
-348.0985069023275
 20
-890.4999246607758
 10
-348.0388463242432
 20
-890.5387381243227
 10
-347.9801562448883
 20
-890.5790040418605
 10
-347.922472016972
 20
-890.6206981587061
 10
-347.86582838731624
 20
-890.6637953598829
 10
-347.8102594759255
 20
-890.7082696852481
 10
-347.75579875543406
 20
-890.7540943451312
 10
-347.70247903094366
 20
-890.8012417364706
 10
-347.65033242026254
 20
-890.8496834594407
 10
-347.5993903345591
 20
-890.899390334559
 10
-347.54968345944076
 20
-890.9503324202625
 10
-347.50124173647066
 20
-891.0024790309436
 10
-347.45409434513124
 20
-891.055798755434
 10
-347.4082696852481
 20
-891.1102594759254
 10
-347.3637953598829
 20
-891.1658283873162
 10
-347.32069815870614
 20
-891.222472016972
 10
-347.27900404186045
 20
-891.2801562448883
 10
-347.23873812432265
 20
-891.3388463242431
 10
-347.1999246607759
 20
-891.3985069023274
 10
-347.16258703099925
 20
-891.4591020418396
 10
-347.12674772578475
 20
-891.5205952425337
 10
-347.0924283333898
 20
-891.5829494632046
 10
-347.05964952653306
 20
-891.6461271440016
 10
-347.02843104994207
 20
-891.7100902290522
 10
-346.9987917084598
 20
-891.7748001893856
 10
-346.9707493557173
 20
-891.8402180461412
 10
-346.9443208833793
 20
-891.9063043940486
 10
-346.91952221096926
 20
-891.9730194251625
 10
-346.8963682762802
 20
-892.0403229528432
 10
-346.87487302637663
 20
-892.108174435962
 10
-346.85504940919327
 20
-892.1765330033228
 10
-346.83690936573583
 20
-892.2453574782805
 10
-346.8204638228883
 20
-892.3146064035451
 10
-346.8057226868307
 20
-892.3842380661532
 10
-346.7926948370721
 20
-892.4542105225951
 10
-346.78138812110217
 20
-892.5244816240795
 10
-346.7718093496638
 20
-892.5950090419223
 10
-346.76396429265066
 20
-892.6657502930443
 10
-346.75785767563184
 20
-892.7366627655609
 10
-346.75349317700505
 20
-892.8077037444505
 10
-346.75087342578104
 20
-892.8788304372836
 10
-346.75000000000006
 20
-892.95
 10
-346.75087342578104
 20
-893.0211695627164
 10
-346.75349317700505
 20
-893.0922962555495
 10
-346.75785767563184
 20
-893.163337234439
 10
-346.76396429265066
 20
-893.2342497069558
 10
-346.7718093496638
 20
-893.3049909580777
 10
-346.78138812110217
 20
-893.3755183759206
 10
-346.7926948370721
 20
-893.4457894774049
 10
-346.8057226868307
 20
-893.5157619338468
 10
-346.8204638228883
 20
-893.5853935964549
 10
-346.83690936573583
 20
-893.6546425217194
 10
-346.85504940919327
 20
-893.7234669966772
 10
-346.87487302637663
 20
-893.7918255640379
 10
-346.8963682762802
 20
-893.8596770471568
 10
-346.91952221096926
 20
-893.9269805748374
 10
-346.9443208833793
 20
-893.9936956059514
 10
-346.9707493557173
 20
-894.0597819538588
 10
-346.9987917084598
 20
-894.1251998106145
 10
-347.02843104994207
 20
-894.1899097709478
 10
-347.05964952653306
 20
-894.2538728559983
 10
-347.0924283333898
 20
-894.3170505367954
 10
-347.12674772578475
 20
-894.3794047574663
 10
-347.16258703099925
 20
-894.4408979581603
 10
-347.1999246607759
 20
-894.5014930976726
 10
-347.23873812432265
 20
-894.5611536757568
 10
-347.27900404186045
 20
-894.6198437551118
 10
-347.32069815870614
 20
-894.6775279830281
 10
-347.3637953598829
 20
-894.7341716126838
 10
-347.4082696852481
 20
-894.7897405240745
 10
-347.45409434513124
 20
-894.844201244566
 10
-347.50124173647066
 20
-894.8975209690564
 10
-347.54968345944076
 20
-894.9496675797375
 10
-347.599390334559
 20
-895.000609665441
 10
-347.65033242026254
 20
-895.0503165405593
 10
-347.70247903094366
 20
-895.0987582635294
 10
-347.75579875543406
 20
-895.1459056548688
 10
-347.8102594759255
 20
-895.1917303147519
 10
-347.86582838731624
 20
-895.2362046401172
 10
-347.922472016972
 20
-895.2793018412939
 10
-347.9801562448883
 20
-895.3209959581396
 10
-348.0388463242432
 20
-895.3612618756774
 10
-348.0985069023275
 20
-895.4000753392241
 10
-348.1591020418397
 20
-895.4374129690008
 10
-348.22059524253365
 20
-895.4732522742153
 10
-348.28294946320466
 20
-895.5075716666103
 10
-348.3461271440017
 20
-895.540350473467
 10
-348.41009022905223
 20
-895.571568950058
 10
-348.4748001893856
 20
-895.6012082915403
 10
-348.54021804614126
 20
-895.6292506442827
 10
-348.60630439404855
 20
-895.6556791166207
 10
-348.6730194251626
 20
-895.6804777890308
 10
-348.74032295284326
 20
-895.7036317237198
 10
-348.8081744359621
 20
-895.7251269736234
 10
-348.87653300332283
 20
-895.7449505908068
 10
-348.9453574782806
 20
-895.7630906342642
 10
-349.0146064035451
 20
-895.7795361771117
 10
-349.08423806615326
 20
-895.7942773131693
 10
-349.1542105225952
 20
-895.807305162928
 10
-349.2244816240795
 20
-895.8186118788979
 10
-349.2950090419223
 20
-895.8281906503363
 10
-349.3657502930443
 20
-895.8360357073493
 10
-349.436662765561
 20
-895.8421423243682
 10
-349.5077037444505
 20
-895.846506822995
 10
-349.5788304372836
 20
-895.849126574219
 10
-349.65000000000003
 20
-895.85
 10
-355.65000000000003
 20
-895.85
 10
-355.72116956271645
 20
-895.849126574219
  0
LWPOLYLINE
  5
100
330
17
100
AcDbEntity
  8
20_ВИДИМЫЕ
100
AcDbPolyline
 90
257
 70
1
 10
-350.85
 20
-892.95
 10
-350.85054212634685
 20
-892.9941742113413
 10
-350.8521681788307
 20
-893.0383218137894
 10
-350.8548771779784
 20
-893.0824162144794
 10
-350.8586674919901
 20
-893.1264308525932
 10
-350.86353683772234
 20
-893.1703392153586
 10
-350.8694822820634
 20
-893.2141148540196
 10
-350.8765002436999
 20
-893.2577313997685
 10
-350.8845864952742
 20
-893.301162579629
 10
-350.8937361659307
 20
-893.3443822322823
 10
-350.90394374424983
 20
-893.3873643238259
 10
-350.9152030815682
 20
-893.4300829634549
 10
-350.9275073956821
 20
-893.472512419058
 10
-350.9408492749326
 20
-893.514627132718
 10
-350.9552206826706
 20
-893.556401736106
 10
-350.9706129620975
 20
-893.5978110657629
 10
-350.9870168414797
 20
-893.6388301782572
 10
-351.0044224397337
 20
-893.679434365209
 10
-351.02281927237783
 20
-893.7195991681745
 10
-351.0421962578481
 20
-893.7593003933783
 10
-351.062541724173
 20
-893.7985141262868
 10
-351.08384341600436
 20
-893.8372167460136
 10
-351.1060885019995
 20
-893.8753849395478
 10
-351.12926358255055
 20
-893.9129957157968
 10
-351.15335469785543
 20
-893.9500264194353
 10
-351.1783473363272
 20
-893.9864547445521
 10
-351.20422644333485
 20
-894.0222587480864
 10
-351.23097643027216
 20
-894.0574168630451
 10
-351.2585811839471
 20
-894.0919079114946
 10
-351.2870240762884
 20
-894.1257111173168
 10
-351.3162879743611
 20
-894.1588061187247
 10
-351.3463552506874
 20
-894.1911729805267
 10
-351.3772077938643
 20
-894.2227922061358
 10
-351.40882701947334
 20
-894.2536447493127
 10
-351.4411938812754
 20
-894.2837120256389
 10
-351.47428888268325
 20
-894.3129759237116
 10
-351.50809208850546
 20
-894.341418816053
 10
-351.54258313695493
 20
-894.3690235697279
 10
-351.57774125191366
 20
-894.3957735566652
 10
-351.6135452554479
 20
-894.4216526636728
 10
-351.64997358056473
 20
-894.4466453021446
 10
-351.6870042842033
 20
-894.4707364174494
 10
-351.7246150604522
 20
-894.4939114980004
 10
-351.7627832539864
 20
-894.5161565839957
 10
-351.80148587371326
 20
-894.537458275827
 10
-351.84069960662174
 20
-894.5578037421519
 10
-351.8804008318255
 20
-894.5771807276222
 10
-351.92056563479105
 20
-894.5955775602664
 10
-351.9611698217429
 20
-894.6129831585204
 10
-352.00218893423704
 20
-894.6293870379026
 10
-352.043598263894
 20
-894.6447793173295
 10
-352.08537286728205
 20
-894.6591507250674
 10
-352.127487580942
 20
-894.672492604318
 10
-352.1699170365452
 20
-894.6847969184319
 10
-352.21263567617416
 20
-894.6960562557501
 10
-352.2556177677177
 20
-894.7062638340693
 10
-352.298837420371
 20
-894.7154135047258
 10
-352.3422686002315
 20
-894.7234997563
 10
-352.3858851459804
 20
-894.7305177179367
 10
-352.42966078464144
 20
-894.7364631622777
 10
-352.4735691474068
 20
-894.7413325080099
 10
-352.5175837855206
 20
-894.7451228220216
 10
-352.56167818621066
 20
-894.7478318211693
 10
-352.6058257886588
 20
-894.7494578736532
 10
-352.65000000000003
 20
-894.75
 10
-352.69417421134125
 20
-894.7494578736532
 10
-352.7383218137894
 20
-894.7478318211693
 10
-352.78241621447944
 20
-894.7451228220216
 10
-352.82643085259326
 20
-894.7413325080099
 10
-352.8703392153586
 20
-894.7364631622777
 10
-352.91411485401966
 20
-894.7305177179367
 10
-352.9577313997686
 20
-894.7234997563
 10
-353.00116257962907
 20
-894.7154135047258
 10
-353.0443822322824
 20
-894.7062638340693
 10
-353.0873643238259
 20
-894.6960562557501
 10
-353.13008296345487
 20
-894.6847969184319
 10
-353.1725124190581
 20
-894.672492604318
 10
-353.214627132718
 20
-894.6591507250674
 10
-353.25640173610606
 20
-894.6447793173295
 10
-353.297811065763
 20
-894.6293870379026
 10
-353.3388301782572
 20
-894.6129831585204
 10
-353.379434365209
 20
-894.5955775602664
 10
-353.41959916817456
 20
-894.5771807276222
 10
-353.4593003933783
 20
-894.5578037421519
 10
-353.4985141262868
 20
-894.537458275827
 10
-353.53721674601366
 20
-894.5161565839957
 10
-353.57538493954786
 20
-894.4939114980004
 10
-353.6129957157968
 20
-894.4707364174494
 10
-353.65002641943533
 20
-894.4466453021446
 10
-353.6864547445522
 20
-894.4216526636728
 10
-353.7222587480864
 20
-894.3957735566652
 10
-353.75741686304514
 20
-894.3690235697279
 10
-353.7919079114946
 20
-894.341418816053
 10
-353.8257111173168
 20
-894.3129759237116
 10
-353.85880611872466
 20
-894.2837120256389
 10
-353.89117298052673
 20
-894.2536447493127
 10
-353.9227922061358
 20
-894.2227922061358
 10
-353.9536447493127
 20
-894.1911729805267
 10
-353.98371202563897
 20
-894.1588061187247
 10
-354.0129759237117
 20
-894.1257111173168
 10
-354.04141881605295
 20
-894.0919079114946
 10
-354.0690235697279
 20
-894.0574168630451
 10
-354.0957735566652
 20
-894.0222587480864
 10
-354.1216526636729
 20
-893.9864547445521
 10
-354.14664530214463
 20
-893.9500264194353
 10
-354.1707364174495
 20
-893.9129957157968
 10
-354.19391149800055
 20
-893.8753849395478
 10
-354.2161565839957
 20
-893.8372167460136
 10
-354.23745827582707
 20
-893.7985141262868
 10
-354.25780374215196
 20
-893.7593003933783
 10
-354.27718072762224
 20
-893.7195991681745
 10
-354.2955775602664
 20
-893.679434365209
 10
-354.31298315852035
 20
-893.6388301782572
 10
-354.32938703790256
 20
-893.5978110657629
 10
-354.3447793173295
 20
-893.556401736106
 10
-354.3591507250675
 20
-893.514627132718
 10
-354.372492604318
 20
-893.472512419058
 10
-354.38479691843185
 20
-893.4300829634549
 10
-354.39605625575024
 20
-893.3873643238259
 10
-354.40626383406936
 20
-893.3443822322823
 10
-354.41541350472585
 20
-893.301162579629
 10
-354.42349975630015
 20
-893.2577313997685
 10
-354.43051771793665
 20
-893.2141148540196
 10
-354.43646316227773
 20
-893.1703392153586
 10
-354.44133250800996
 20
-893.1264308525932
 10
-354.4451228220217
 20
-893.0824162144794
 10
-354.44783182116936
 20
-893.0383218137894
 10
-354.4494578736532
 20
-892.9941742113413
 10
-354.45000000000005
 20
-892.95
 10
-354.4494578736532
 20
-892.9058257886587
 10
-354.44783182116936
 20
-892.8616781862106
 10
-354.4451228220217
 20
-892.8175837855206
 10
-354.44133250800996
 20
-892.7735691474068
 10
-354.43646316227773
 20
-892.7296607846414
 10
-354.43051771793665
 20
-892.6858851459804
 10
-354.42349975630015
 20
-892.6422686002314
 10
-354.41541350472585
 20
-892.598837420371
 10
-354.40626383406936
 20
-892.5556177677176
 10
-354.39605625575024
 20
-892.5126356761741
 10
-354.38479691843185
 20
-892.4699170365452
 10
-354.372492604318
 20
-892.4274875809419
 10
-354.3591507250675
 20
-892.3853728672821
 10
-354.3447793173295
 20
-892.343598263894
 10
-354.32938703790256
 20
-892.302188934237
 10
-354.31298315852035
 20
-892.2611698217429
 10
-354.2955775602664
 20
-892.220565634791
 10
-354.27718072762224
 20
-892.1804008318255
 10
-354.25780374215196
 20
-892.1406996066218
 10
-354.23745827582707
 20
-892.1014858737132
 10
-354.2161565839957
 20
-892.0627832539864
 10
-354.19391149800055
 20
-892.0246150604522
 10
-354.1707364174495
 20
-891.9870042842032
 10
-354.14664530214463
 20
-891.9499735805647
 10
-354.1216526636729
 20
-891.9135452554478
 10
-354.0957735566652
 20
-891.8777412519137
 10
-354.0690235697279
 20
-891.8425831369549
 10
-354.04141881605295
 20
-891.8080920885054
 10
-354.0129759237117
 20
-891.7742888826832
 10
-353.98371202563897
 20
-891.7411938812754
 10
-353.9536447493127
 20
-891.7088270194732
 10
-353.9227922061358
 20
-891.6772077938642
 10
-353.89117298052673
 20
-891.6463552506874
 10
-353.85880611872466
 20
-891.6162879743611
 10
-353.8257111173168
 20
-891.5870240762883
 10
-353.7919079114946
 20
-891.5585811839471
 10
-353.75741686304514
 20
-891.5309764302722
 10
-353.7222587480864
 20
-891.5042264433348
 10
-353.6864547445522
 20
-891.4783473363271
 10
-353.65002641943533
 20
-891.4533546978554
 10
-353.6129957157968
 20
-891.4292635825506
 10
-353.57538493954786
 20
-891.4060885019995
 10
-353.53721674601366
 20
-891.3838434160043
 10
-353.4985141262868
 20
-891.362541724173
 10
-353.4593003933783
 20
-891.3421962578481
 10
-353.41959916817456
 20
-891.3228192723778
 10
-353.379434365209
 20
-891.3044224397337
 10
-353.3388301782572
 20
-891.2870168414797
 10
-353.297811065763
 20
-891.2706129620975
 10
-353.25640173610606
 20
-891.2552206826706
 10
-353.214627132718
 20
-891.2408492749325
 10
-353.1725124190581
 20
-891.227507395682
 10
-353.13008296345487
 20
-891.2152030815682
 10
-353.0873643238259
 20
-891.2039437442498
 10
-353.0443822322824
 20
-891.1937361659307
 10
-353.00116257962907
 20
-891.1845864952742
 10
-352.9577313997686
 20
-891.1765002436999
 10
-352.91411485401966
 20
-891.1694822820634
 10
-352.8703392153586
 20
-891.1635368377223
 10
-352.82643085259326
 20
-891.1586674919901
 10
-352.78241621447944
 20
-891.1548771779784
 10
-352.7383218137894
 20
-891.1521681788307
 10
-352.69417421134125
 20
-891.1505421263469
 10
-352.65000000000003
 20
-891.15
 10
-352.6058257886588
 20
-891.1505421263469
 10
-352.56167818621066
 20
-891.1521681788307
 10
-352.5175837855206
 20
-891.1548771779784
 10
-352.4735691474068
 20
-891.1586674919901
 10
-352.42966078464144
 20
-891.1635368377223
 10
-352.3858851459804
 20
-891.1694822820634
 10
-352.3422686002315
 20
-891.1765002436999
 10
-352.298837420371
 20
-891.1845864952742
 10
-352.2556177677177
 20
-891.1937361659307
 10
-352.21263567617416
 20
-891.2039437442498
 10
-352.1699170365452
 20
-891.2152030815682
 10
-352.127487580942
 20
-891.227507395682
 10
-352.08537286728205
 20
-891.2408492749325
 10
-352.043598263894
 20
-891.2552206826706
 10
-352.00218893423704
 20
-891.2706129620975
 10
-351.9611698217429
 20
-891.2870168414797
 10
-351.92056563479105
 20
-891.3044224397337
 10
-351.8804008318255
 20
-891.3228192723778
 10
-351.84069960662174
 20
-891.3421962578481
 10
-351.80148587371326
 20
-891.362541724173
 10
-351.7627832539864
 20
-891.3838434160043
 10
-351.7246150604522
 20
-891.4060885019995
 10
-351.6870042842033
 20
-891.4292635825506
 10
-351.64997358056473
 20
-891.4533546978554
 10
-351.6135452554479
 20
-891.4783473363271
 10
-351.57774125191366
 20
-891.5042264433348
 10
-351.54258313695493
 20
-891.5309764302721
 10
-351.50809208850546
 20
-891.5585811839471
 10
-351.47428888268325
 20
-891.5870240762883
 10
-351.4411938812754
 20
-891.6162879743611
 10
-351.40882701947334
 20
-891.6463552506874
 10
-351.3772077938643
 20
-891.6772077938642
 10
-351.3463552506874
 20
-891.7088270194732
 10
-351.3162879743611
 20
-891.7411938812754
 10
-351.2870240762884
 20
-891.7742888826832
 10
-351.2585811839471
 20
-891.8080920885054
 10
-351.23097643027216
 20
-891.8425831369549
 10
-351.20422644333485
 20
-891.8777412519137
 10
-351.1783473363272
 20
-891.9135452554478
 10
-351.15335469785543
 20
-891.9499735805647
 10
-351.12926358255055
 20
-891.9870042842032
 10
-351.1060885019995
 20
-892.0246150604522
 10
-351.08384341600436
 20
-892.0627832539864
 10
-351.062541724173
 20
-892.1014858737132
 10
-351.0421962578481
 20
-892.1406996066218
 10
-351.02281927237783
 20
-892.1804008318255
 10
-351.0044224397337
 20
-892.220565634791
 10
-350.9870168414797
 20
-892.2611698217429
 10
-350.9706129620975
 20
-892.302188934237
 10
-350.9552206826706
 20
-892.343598263894
 10
-350.9408492749326
 20
-892.3853728672821
 10
-350.9275073956821
 20
-892.4274875809419
 10
-350.9152030815682
 20
-892.4699170365452
 10
-350.90394374424983
 20
-892.5126356761741
 10
-350.8937361659307
 20
-892.5556177677176
 10
-350.8845864952742
 20
-892.598837420371
 10
-350.8765002436999
 20
-892.6422686002314
 10
-350.8694822820634
 20
-892.6858851459804
 10
-350.86353683772234
 20
-892.7296607846414
 10
-350.8586674919901
 20
-892.7735691474068
 10
-350.8548771779784
 20
-892.8175837855206
 10
-350.8521681788307
 20
-892.8616781862106
 10
-350.85054212634685
 20
-892.9058257886587
 10
-350.85
 20
-892.95
  0
LWPOLYLINE
  5
101
330
17
100
AcDbEntity
  8
20_ВИДИМЫЕ
100
AcDbPolyline
 90
257
 70
1
 10
-350.45000000000005
 20
-892.95
 10
-350.4506625988684
 20
-893.0039907027505
 10
-350.45264999634867
 20
-893.0579488835203
 10
-350.4559609953069
 20
-893.1118420399192
 10
-350.4605936013212
 20
-893.1656377087251
 10
-350.4665450238829
 20
-893.2193034854383
 10
-350.47381167807754
 20
-893.2728070438018
 10
-350.48238918674434
 20
-893.3261161552726
 10
-350.49227238311295
 20
-893.3791987084355
 10
-350.50345531391525
 20
-893.4320227283451
 10
-350.51593124297204
 20
-893.4845563957872
 10
-350.5296926552501
 20
-893.5367680664448
 10
-350.5447312613892
 20
-893.5886262899598
 10
-350.56103800269534
 20
-893.6400998288775
 10
-350.5786030565974
 20
-893.6911576774629
 10
-350.59741584256363
 20
-893.741769080377
 10
-350.6174650284752
 20
-893.7919035512032
 10
-350.63873853745224
 20
-893.841530890811
 10
-350.66122355512846
 20
-893.8906212055466
 10
-350.6849065373699
 20
-893.9391449252402
 10
-350.70977321843367
 20
-893.9870728210171
 10
-350.7358086195609
 20
-894.0343760229056
 10
-350.7629970579994
 20
-894.0810260372251
 10
-350.7913221564507
 20
-894.1269947637516
 10
-350.8207668529344
 20
-894.1722545126431
 10
-350.85131341106654
 20
-894.2167780211192
 10
-350.8829434307426
 20
-894.2605384698834
 10
-350.9156378592215
 20
-894.3035094992774
 10
-350.94937700260203
 20
-894.34566522516
 10
-350.9841405376858
 20
-894.3869802544983
 10
-351.01990752421915
 20
-894.4274297006634
 10
-351.0566564175068
 20
-894.4669891984215
 10
-351.09436508138964
 20
-894.5056349186104
 10
-351.1330108015785
 20
-894.5433435824932
 10
-351.1725702993366
 20
-894.5800924757809
 10
-351.2130197455017
 20
-894.6158594623142
 10
-351.25433477484
 20
-894.650622997398
 10
-351.29649050072265
 20
-894.6843621407785
 10
-351.3394615301167
 20
-894.7170565692575
 10
-351.3832219788808
 20
-894.7486865889334
 10
-351.4277454873569
 20
-894.7792331470656
 10
-351.4730052362484
 20
-894.8086778435494
 10
-351.51897396277496
 20
-894.8370029420006
 10
-351.5656239770945
 20
-894.8641913804391
 10
-351.61292717898283
 20
-894.8902267815664
 10
-351.6608550747599
 20
-894.9150934626301
 10
-351.7093787944534
 20
-894.9387764448716
 10
-351.75846910918904
 20
-894.9612614625478
 10
-351.80809644879685
 20
-894.9825349715248
 10
-351.85823091962305
 20
-895.0025841574364
 10
-351.90884232253717
 20
-895.0213969434027
 10
-351.95990017112246
 20
-895.0389619973047
 10
-352.01137371004023
 20
-895.0552687386108
 10
-352.06323193355524
 20
-895.07030734475
 10
-352.1154436042128
 20
-895.084068757028
 10
-352.16797727165493
 20
-895.0965446860848
 10
-352.22080129156456
 20
-895.1077276168871
 10
-352.2738838447274
 20
-895.1176108132556
 10
-352.32719295619825
 20
-895.1261883219225
 10
-352.38069651456175
 20
-895.1334549761172
 10
-352.434362291275
 20
-895.1394063986788
 10
-352.48815796008074
 20
-895.1440390046931
 10
-352.54205111647974
 20
-895.1473500036514
 10
-352.5960092972496
 20
-895.1493374011317
 10
-352.65000000000003
 20
-895.15
 10
-352.70399070275045
 20
-895.1493374011317
 10
-352.7579488835203
 20
-895.1473500036514
 10
-352.8118420399193
 20
-895.1440390046931
 10
-352.86563770872505
 20
-895.1394063986788
 10
-352.9193034854383
 20
-895.1334549761172
 10
-352.9728070438018
 20
-895.1261883219225
 10
-353.0261161552727
 20
-895.1176108132556
 10
-353.0791987084355
 20
-895.1077276168871
 10
-353.13202272834513
 20
-895.0965446860848
 10
-353.18455639578724
 20
-895.084068757028
 10
-353.2367680664448
 20
-895.07030734475
 10
-353.28862628995984
 20
-895.0552687386108
 10
-353.3400998288776
 20
-895.0389619973047
 10
-353.3911576774629
 20
-895.0213969434027
 10
-353.441769080377
 20
-895.0025841574364
 10
-353.4919035512032
 20
-894.9825349715248
 10
-353.54153089081103
 20
-894.9612614625478
 10
-353.59062120554665
 20
-894.9387764448716
 10
-353.63914492524015
 20
-894.9150934626301
 10
-353.68707282101724
 20
-894.8902267815664
 10
-353.73437602290556
 20
-894.8641913804391
 10
-353.7810260372251
 20
-894.8370029420006
 10
-353.82699476375166
 20
-894.8086778435494
 10
-353.87225451264317
 20
-894.7792331470656
 10
-353.9167780211193
 20
-894.7486865889334
 10
-353.9605384698834
 20
-894.7170565692575
 10
-354.0035094992774
 20
-894.6843621407785
 10
-354.04566522516006
 20
-894.650622997398
 10
-354.0869802544983
 20
-894.6158594623142
 10
-354.12742970066347
 20
-894.5800924757809
 10
-354.16698919842156
 20
-894.5433435824932
 10
-354.20563491861043
 20
-894.5056349186104
 10
-354.24334358249325
 20
-894.4669891984215
 10
-354.2800924757809
 20
-894.4274297006634
 10
-354.3158594623143
 20
-894.3869802544983
 10
-354.35062299739803
 20
-894.34566522516
 10
-354.3843621407786
 20
-894.3035094992774
 10
-354.41705656925745
 20
-894.2605384698834
 10
-354.4486865889335
 20
-894.2167780211192
 10
-354.47923314706566
 20
-894.1722545126431
 10
-354.5086778435494
 20
-894.1269947637516
 10
-354.53700294200064
 20
-894.0810260372251
 10
-354.5641913804392
 20
-894.0343760229056
 10
-354.5902267815664
 20
-893.9870728210171
 10
-354.61509346263017
 20
-893.9391449252402
 10
-354.6387764448716
 20
-893.8906212055466
 10
-354.6612614625478
 20
-893.841530890811
 10
-354.6825349715249
 20
-893.7919035512032
 10
-354.70258415743643
 20
-893.741769080377
 10
-354.7213969434027
 20
-893.6911576774629
 10
-354.7389619973047
 20
-893.6400998288775
 10
-354.7552687386109
 20
-893.5886262899598
 10
-354.77030734475
 20
-893.5367680664448
 10
-354.784068757028
 20
-893.4845563957872
 10
-354.7965446860848
 20
-893.4320227283451
 10
-354.8077276168871
 20
-893.3791987084355
 10
-354.8176108132557
 20
-893.3261161552726
 10
-354.82618832192253
 20
-893.2728070438018
 10
-354.8334549761172
 20
-893.2193034854383
 10
-354.8394063986789
 20
-893.1656377087251
 10
-354.8440390046932
 20
-893.1118420399192
 10
-354.8473500036514
 20
-893.0579488835203
 10
-354.84933740113166
 20
-893.0039907027505
 10
-354.85
 20
-892.95
 10
-354.84933740113166
 20
-892.8960092972496
 10
-354.8473500036514
 20
-892.8420511164796
 10
-354.8440390046932
 20
-892.7881579600808
 10
-354.8394063986789
 20
-892.7343622912749
 10
-354.8334549761172
 20
-892.6806965145618
 10
-354.82618832192253
 20
-892.6271929561982
 10
-354.8176108132557
 20
-892.5738838447273
 10
-354.8077276168871
 20
-892.5208012915646
 10
-354.7965446860848
 20
-892.467977271655
 10
-354.784068757028
 20
-892.4154436042128
 10
-354.77030734475
 20
-892.3632319335552
 10
-354.7552687386109
 20
-892.3113737100402
 10
-354.7389619973047
 20
-892.2599001711225
 10
-354.7213969434027
 20
-892.2088423225371
 10
-354.70258415743643
 20
-892.1582309196231
 10
-354.6825349715249
 20
-892.1080964487968
 10
-354.6612614625478
 20
-892.058469109189
 10
-354.6387764448716
 20
-892.0093787944534
 10
-354.61509346263017
 20
-891.9608550747598
 10
-354.5902267815664
 20
-891.9129271789828
 10
-354.5641913804392
 20
-891.8656239770945
 10
-354.53700294200064
 20
-891.8189739627749
 10
-354.5086778435494
 20
-891.7730052362484
 10
-354.47923314706566
 20
-891.7277454873569
 10
-354.4486865889335
 20
-891.6832219788807
 10
-354.41705656925745
 20
-891.6394615301167
 10
-354.3843621407786
 20
-891.5964905007227
 10
-354.35062299739803
 20
-891.55433477484
 10
-354.3158594623143
 20
-891.5130197455017
 10
-354.2800924757809
 20
-891.4725702993366
 10
-354.24334358249325
 20
-891.4330108015785
 10
-354.20563491861043
 20
-891.3943650813897
 10
-354.16698919842156
 20
-891.3566564175068
 10
-354.12742970066347
 20
-891.319907524219
 10
-354.08698025449837
 20
-891.2841405376857
 10
-354.04566522516006
 20
-891.2493770026019
 10
-354.0035094992774
 20
-891.2156378592215
 10
-353.9605384698834
 20
-891.1829434307426
 10
-353.9167780211193
 20
-891.1513134110666
 10
-353.87225451264317
 20
-891.1207668529344
 10
-353.82699476375166
 20
-891.0913221564506
 10
-353.7810260372251
 20
-891.0629970579994
 10
-353.73437602290556
 20
-891.0358086195608
 10
-353.68707282101724
 20
-891.0097732184336
 10
-353.63914492524015
 20
-890.9849065373699
 10
-353.59062120554665
 20
-890.9612235551284
 10
-353.54153089081103
 20
-890.9387385374522
 10
-353.4919035512032
 20
-890.9174650284751
 10
-353.441769080377
 20
-890.8974158425635
 10
-353.3911576774629
 20
-890.8786030565974
 10
-353.3400998288776
 20
-890.8610380026953
 10
-353.28862628995984
 20
-890.8447312613891
 10
-353.2367680664448
 20
-890.82969265525
 10
-353.18455639578724
 20
-890.815931242972
 10
-353.13202272834513
 20
-890.8034553139153
 10
-353.0791987084355
 20
-890.792272383113
 10
-353.0261161552727
 20
-890.7823891867444
 10
-352.9728070438018
 20
-890.7738116780774
 10
-352.9193034854383
 20
-890.7665450238828
 10
-352.86563770872505
 20
-890.7605936013211
 10
-352.8118420399193
 20
-890.7559609953069
 10
-352.7579488835203
 20
-890.7526499963486
 10
-352.70399070275045
 20
-890.7506625988683
 10
-352.65000000000003
 20
-890.75
 10
-352.5960092972496
 20
-890.7506625988683
 10
-352.54205111647974
 20
-890.7526499963486
 10
-352.48815796008074
 20
-890.7559609953069
 10
-352.434362291275
 20
-890.7605936013211
 10
-352.38069651456175
 20
-890.7665450238828
 10
-352.32719295619825
 20
-890.7738116780774
 10
-352.2738838447274
 20
-890.7823891867444
 10
-352.22080129156456
 20
-890.792272383113
 10
-352.16797727165493
 20
-890.8034553139153
 10
-352.1154436042128
 20
-890.815931242972
 10
-352.06323193355524
 20
-890.82969265525
 10
-352.01137371004023
 20
-890.8447312613891
 10
-351.95990017112246
 20
-890.8610380026953
 10
-351.90884232253717
 20
-890.8786030565974
 10
-351.85823091962305
 20
-890.8974158425635
 10
-351.80809644879685
 20
-890.9174650284751
 10
-351.75846910918904
 20
-890.9387385374522
 10
-351.7093787944534
 20
-890.9612235551284
 10
-351.6608550747599
 20
-890.9849065373699
 10
-351.61292717898283
 20
-891.0097732184336
 10
-351.5656239770945
 20
-891.0358086195608
 10
-351.51897396277496
 20
-891.0629970579994
 10
-351.4730052362484
 20
-891.0913221564506
 10
-351.4277454873569
 20
-891.1207668529344
 10
-351.3832219788808
 20
-891.1513134110666
 10
-351.3394615301167
 20
-891.1829434307426
 10
-351.29649050072265
 20
-891.2156378592215
 10
-351.25433477484
 20
-891.2493770026019
 10
-351.2130197455017
 20
-891.2841405376857
 10
-351.1725702993366
 20
-891.319907524219
 10
-351.1330108015785
 20
-891.3566564175068
 10
-351.09436508138964
 20
-891.3943650813897
 10
-351.0566564175068
 20
-891.4330108015785
 10
-351.01990752421915
 20
-891.4725702993366
 10
-350.9841405376858
 20
-891.5130197455017
 10
-350.94937700260203
 20
-891.55433477484
 10
-350.9156378592215
 20
-891.5964905007227
 10
-350.8829434307426
 20
-891.6394615301167
 10
-350.85131341106654
 20
-891.6832219788807
 10
-350.8207668529344
 20
-891.7277454873569
 10
-350.7913221564507
 20
-891.7730052362484
 10
-350.7629970579994
 20
-891.8189739627749
 10
-350.7358086195609
 20
-891.8656239770945
 10
-350.70977321843367
 20
-891.9129271789828
 10
-350.6849065373699
 20
-891.9608550747598
 10
-350.66122355512846
 20
-892.0093787944534
 10
-350.63873853745224
 20
-892.058469109189
 10
-350.6174650284752
 20
-892.1080964487968
 10
-350.59741584256363
 20
-892.1582309196231
 10
-350.5786030565974
 20
-892.2088423225371
 10
-350.56103800269534
 20
-892.2599001711225
 10
-350.5447312613892
 20
-892.3113737100402
 10
-350.5296926552501
 20
-892.3632319335552
 10
-350.51593124297204
 20
-892.4154436042128
 10
-350.50345531391525
 20
-892.467977271655
 10
-350.49227238311295
 20
-892.5208012915646
 10
-350.48238918674434
 20
-892.5738838447273
 10
-350.47381167807754
 20
-892.6271929561982
 10
-350.4665450238829
 20
-892.6806965145618
 10
-350.4605936013212
 20
-892.7343622912749
 10
-350.4559609953069
 20
-892.7881579600808
 10
-350.45264999634867
 20
-892.8420511164796
 10
-350.4506625988684
 20
-892.8960092972496
 10
-350.45000000000005
 20
-892.95
  0
LWPOLYLINE
  5
102
330
17
100
AcDbEntity
  8
20_ВИДИМЫЕ
100
AcDbPolyline
 90
193
 70
1
 10
-359.35
 20
-905.45
 10
-359.35069603628074
 20
-905.4925348076683
 10
-359.35278339978987
 20
-905.5350240679992
 10
-359.3562598553262
 20
-905.5774222824284
 10
-359.36112168021407
 20
-905.619684049886
 10
-359.36736366828967
 20
-905.661764115413
 10
-359.3749791354758
 20
-905.703617418621
 10
-359.3839599269395
 20
-905.7451991419447
 10
-359.3942964258242
 20
-905.7864647586333
 10
-359.40597756354816
 20
-905.8273700804308
 10
-359.4189908316564
 20
-905.8678713048942
 10
-359.43332229521553
 20
-905.9079250622976
 10
-359.44895660773534
 20
-905.9474884620746
 10
-359.4658770276025
 20
-905.9865191387457
 10
-359.48406543600754
 20
-906.0249752972848
 10
-359.50350235634716
 20
-906.0628157578738
 10
-359.5241669750803
 20
-906.1
 10
-359.5460371640155
 20
-906.1364882058455
 10
-359.56908950400674
 20
-906.1722413029255
 10
-359.59329931003094
 20
-906.2072210059282
 10
-359.6186406576214
 20
-906.2413898577113
 10
-359.6450864106285
 20
-906.2747112694127
 10
-359.67260825027734
 20
-906.30714955963
 10
-359.70117670549286
 20
-906.3386699926298
 10
-359.73076118445755
 20
-906.3692388155425
 10
-359.7613300073703
 20
-906.3988232945072
 10
-359.79285044036993
 20
-906.4273917497227
 10
-359.8252887305873
 20
-906.4549135893716
 10
-359.8586101422887
 20
-906.4813593423786
 10
-359.8927789940719
 20
-906.5067006899691
 10
-359.9277586970745
 20
-906.5309104959933
 10
-359.96351179415456
 20
-906.5539628359845
 10
-360.00000000000006
 20
-906.5758330249198
 10
-360.0371842421262
 20
-906.5964976436528
 10
-360.0750247027153
 20
-906.6159345639925
 10
-360.11348086125435
 20
-906.6341229723976
 10
-360.1525115379254
 20
-906.6510433922647
 10
-360.19207493770244
 20
-906.6666777047845
 10
-360.2321286951059
 20
-906.6810091683436
 10
-360.2726299195692
 20
-906.6940224364519
 10
-360.31353524136676
 20
-906.7057035741758
 10
-360.35480085805534
 20
-906.7160400730605
 10
-360.39638258137904
 20
-906.7250208645241
 10
-360.4382358845871
 20
-906.7326363317104
 10
-360.48031595011395
 20
-906.738878319786
 10
-360.5225777175716
 20
-906.7437401446739
 10
-360.56497593200083
 20
-906.7472166002102
 10
-360.60746519233174
 20
-906.7493039637193
 10
-360.65000000000003
 20
-906.75
 10
-360.6925348076683
 20
-906.7493039637193
 10
-360.73502406799923
 20
-906.7472166002102
 10
-360.77742228242846
 20
-906.7437401446739
 10
-360.8196840498861
 20
-906.738878319786
 10
-360.861764115413
 20
-906.7326363317104
 10
-360.903617418621
 20
-906.7250208645241
 10
-360.9451991419447
 20
-906.7160400730605
 10
-360.9864647586333
 20
-906.7057035741758
 10
-361.02737008043084
 20
-906.6940224364519
 10
-361.06787130489414
 20
-906.6810091683436
 10
-361.1079250622976
 20
-906.6666777047845
 10
-361.14748846207465
 20
-906.6510433922647
 10
-361.1865191387457
 20
-906.6341229723976
 10
-361.22497529728474
 20
-906.6159345639925
 10
-361.26281575787385
 20
-906.5964976436528
 10
-361.3
 20
-906.5758330249198
 10
-361.3364882058455
 20
-906.5539628359845
 10
-361.37224130292554
 20
-906.5309104959933
 10
-361.4072210059282
 20
-906.5067006899691
 10
-361.4413898577114
 20
-906.4813593423786
 10
-361.47471126941275
 20
-906.4549135893716
 10
-361.50714955963014
 20
-906.4273917497227
 10
-361.53866999262976
 20
-906.3988232945072
 10
-361.5692388155425
 20
-906.3692388155425
 10
-361.5988232945072
 20
-906.3386699926298
 10
-361.62739174972273
 20
-906.30714955963
 10
-361.6549135893716
 20
-906.2747112694127
 10
-361.68135934237864
 20
-906.2413898577113
 10
-361.7067006899691
 20
-906.2072210059282
 10
-361.7309104959933
 20
-906.1722413029255
 10
-361.75396283598457
 20
-906.1364882058455
 10
-361.7758330249198
 20
-906.1
 10
-361.7964976436529
 20
-906.0628157578738
 10
-361.8159345639925
 20
-906.0249752972848
 10
-361.83412297239755
 20
-905.9865191387457
 10
-361.8510433922647
 20
-905.9474884620746
 10
-361.86667770478454
 20
-905.9079250622976
 10
-361.88100916834367
 20
-905.8678713048942
 10
-361.8940224364519
 20
-905.8273700804308
 10
-361.90570357417585
 20
-905.7864647586333
 10
-361.91604007306057
 20
-905.7451991419447
 10
-361.92502086452424
 20
-905.703617418621
 10
-361.9326363317104
 20
-905.661764115413
 10
-361.938878319786
 20
-905.619684049886
 10
-361.9437401446739
 20
-905.5774222824284
 10
-361.9472166002102
 20
-905.5350240679992
 10
-361.94930396371933
 20
-905.4925348076683
 10
-361.95000000000005
 20
-905.45
 10
-361.94930396371933
 20
-905.4074651923318
 10
-361.9472166002102
 20
-905.3649759320008
 10
-361.9437401446739
 20
-905.3225777175716
 10
-361.938878319786
 20
-905.280315950114
 10
-361.9326363317104
 20
-905.2382358845871
 10
-361.92502086452424
 20
-905.196382581379
 10
-361.91604007306057
 20
-905.1548008580553
 10
-361.90570357417585
 20
-905.1135352413667
 10
-361.8940224364519
 20
-905.0726299195692
 10
-361.88100916834367
 20
-905.0321286951059
 10
-361.86667770478454
 20
-904.9920749377025
 10
-361.8510433922647
 20
-904.9525115379254
 10
-361.83412297239755
 20
-904.9134808612542
 10
-361.8159345639925
 20
-904.8750247027153
 10
-361.7964976436529
 20
-904.8371842421262
 10
-361.7758330249198
 20
-904.8
 10
-361.75396283598457
 20
-904.7635117941545
 10
-361.7309104959933
 20
-904.7277586970745
 10
-361.7067006899691
 20
-904.6927789940719
 10
-361.68135934237864
 20
-904.6586101422887
 10
-361.6549135893716
 20
-904.6252887305873
 10
-361.62739174972273
 20
-904.59285044037
 10
-361.5988232945072
 20
-904.5613300073703
 10
-361.5692388155425
 20
-904.5307611844574
 10
-361.53866999262976
 20
-904.5011767054928
 10
-361.50714955963014
 20
-904.4726082502773
 10
-361.47471126941275
 20
-904.4450864106284
 10
-361.4413898577114
 20
-904.4186406576214
 10
-361.4072210059282
 20
-904.3932993100309
 10
-361.37224130292554
 20
-904.3690895040068
 10
-361.3364882058455
 20
-904.3460371640155
 10
-361.3
 20
-904.3241669750803
 10
-361.26281575787385
 20
-904.3035023563472
 10
-361.22497529728474
 20
-904.2840654360075
 10
-361.1865191387457
 20
-904.2658770276025
 10
-361.14748846207465
 20
-904.2489566077353
 10
-361.1079250622976
 20
-904.2333222952154
 10
-361.06787130489414
 20
-904.2189908316564
 10
-361.02737008043084
 20
-904.2059775635481
 10
-360.9864647586333
 20
-904.1942964258242
 10
-360.9451991419447
 20
-904.1839599269395
 10
-360.903617418621
 20
-904.1749791354758
 10
-360.861764115413
 20
-904.1673636682897
 10
-360.8196840498861
 20
-904.161121680214
 10
-360.77742228242846
 20
-904.1562598553262
 10
-360.73502406799923
 20
-904.1527833997898
 10
-360.6925348076683
 20
-904.1506960362807
 10
-360.65000000000003
 20
-904.15
 10
-360.60746519233174
 20
-904.1506960362807
 10
-360.56497593200083
 20
-904.1527833997898
 10
-360.5225777175716
 20
-904.1562598553262
 10
-360.48031595011395
 20
-904.161121680214
 10
-360.4382358845871
 20
-904.1673636682897
 10
-360.39638258137904
 20
-904.1749791354758
 10
-360.35480085805534
 20
-904.1839599269395
 10
-360.31353524136676
 20
-904.1942964258242
 10
-360.2726299195692
 20
-904.2059775635481
 10
-360.2321286951059
 20
-904.2189908316564
 10
-360.19207493770244
 20
-904.2333222952154
 10
-360.1525115379254
 20
-904.2489566077353
 10
-360.11348086125435
 20
-904.2658770276025
 10
-360.0750247027153
 20
-904.2840654360075
 10
-360.0371842421262
 20
-904.3035023563472
 10
-360.00000000000006
 20
-904.3241669750803
 10
-359.96351179415456
 20
-904.3460371640155
 10
-359.9277586970745
 20
-904.3690895040068
 10
-359.8927789940719
 20
-904.3932993100309
 10
-359.8586101422887
 20
-904.4186406576214
 10
-359.8252887305873
 20
-904.4450864106284
 10
-359.79285044036993
 20
-904.4726082502773
 10
-359.7613300073703
 20
-904.5011767054928
 10
-359.73076118445755
 20
-904.5307611844574
 10
-359.70117670549286
 20
-904.5613300073703
 10
-359.67260825027734
 20
-904.59285044037
 10
-359.6450864106285
 20
-904.6252887305873
 10
-359.6186406576214
 20
-904.6586101422887
 10
-359.59329931003094
 20
-904.6927789940719
 10
-359.56908950400674
 20
-904.7277586970745
 10
-359.5460371640155
 20
-904.7635117941545
 10
-359.5241669750803
 20
-904.8
 10
-359.50350235634716
 20
-904.8371842421262
 10
-359.48406543600754
 20
-904.8750247027153
 10
-359.4658770276025
 20
-904.9134808612542
 10
-359.44895660773534
 20
-904.9525115379254
 10
-359.43332229521553
 20
-904.9920749377025
 10
-359.4189908316564
 20
-905.0321286951059
 10
-359.40597756354816
 20
-905.0726299195692
 10
-359.3942964258242
 20
-905.1135352413667
 10
-359.3839599269395
 20
-905.1548008580553
 10
-359.3749791354758
 20
-905.196382581379
 10
-359.36736366828967
 20
-905.2382358845871
 10
-359.36112168021407
 20
-905.280315950114
 10
-359.3562598553262
 20
-905.3225777175716
 10
-359.35278339978987
 20
-905.3649759320008
 10
-359.35069603628074
 20
-905.4074651923318
 10
-359.35
 20
-905.45
  0
LWPOLYLINE
  5
103
330
17
100
AcDbEntity
  8
20_ВИДИМЫЕ
100
AcDbPolyline
 90
193
 70
1
 10
-358.35
 20
-905.45
 10
-358.3512314488044
 20
-905.5252538904901
 10
-358.3549244765512
 20
-905.6004271972294
 10
-358.36107512865397
 20
-905.675439422758
 10
-358.3696768188403
 20
-905.7502102421062
 10
-358.38072033620483
 20
-905.8246595888075
 10
-358.3941938550726
 20
-905.8987077406371
 10
-358.41008294766215
 20
-905.9722754049791
 10
-358.4283705995352
 20
-906.0452838037359
 10
-358.44903722781595
 20
-906.1176547576853
 10
-358.4720607021613
 20
-906.1893107701973
 10
-358.4974163684582
 20
-906.2601751102188
 10
-358.5250770752241
 20
-906.3301718944397
 10
-358.5550132026813
 20
-906.3992261685501
 10
-358.5871926944749
 20
-906.4672639875037
 10
-358.6215810919988
 20
-906.5342124946998
 10
-358.6581415712958
 20
-906.6
 10
-358.6968349824889
 20
-906.6645560564958
 10
-358.7376198917042
 20
-906.7278115359451
 10
-358.7804526254393
 20
-906.7896987027959
 10
-358.8252873173302
 20
-906.8501512867201
 10
-358.87207595726574
 20
-906.9091045535764
 10
-358.92076844279836
 20
-906.9664953747301
 10
-358.971312632795
 20
-907.0222622946526
 10
-359.023654403271
 20
-907.0763455967291
 10
-359.07773770534743
 20
-907.128687367205
 10
-359.1335046252699
 20
-907.1792315572017
 10
-359.19089544642367
 20
-907.2279240427343
 10
-359.24984871327996
 20
-907.2747126826698
 10
-359.3103012972041
 20
-907.3195473745607
 10
-359.37218846405494
 20
-907.3623801082958
 10
-359.4354439435042
 20
-907.4031650175111
 10
-359.50000000000006
 20
-907.4418584287042
 10
-359.56578750530025
 20
-907.4784189080012
 10
-359.6327360124963
 20
-907.5128073055251
 10
-359.7007738314499
 20
-907.5449867973188
 10
-359.76982810556035
 20
-907.5749229247759
 10
-359.8398248897812
 20
-907.6025836315418
 10
-359.91068922980276
 20
-907.6279392978388
 10
-359.98234524231475
 20
-907.6509627721841
 10
-360.0547161962642
 20
-907.6716294004649
 10
-360.127724595021
 20
-907.6899170523379
 10
-360.20129225936296
 20
-907.7058061449275
 10
-360.2753404111925
 20
-907.7192796637952
 10
-360.3497897578939
 20
-907.7303231811597
 10
-360.42456057724206
 20
-907.7389248713461
 10
-360.49957280277073
 20
-907.7450755234488
 10
-360.57474610950993
 20
-907.7487685511957
 10
-360.65000000000003
 20
-907.75
 10
-360.72525389049014
 20
-907.7487685511957
 10
-360.80042719722934
 20
-907.7450755234488
 10
-360.875439422758
 20
-907.7389248713461
 10
-360.95021024210615
 20
-907.7303231811597
 10
-361.0246595888076
 20
-907.7192796637952
 10
-361.0987077406371
 20
-907.7058061449275
 10
-361.1722754049791
 20
-907.6899170523379
 10
-361.24528380373584
 20
-907.6716294004649
 10
-361.3176547576853
 20
-907.6509627721841
 10
-361.3893107701973
 20
-907.6279392978388
 10
-361.46017511021887
 20
-907.6025836315418
 10
-361.5301718944397
 20
-907.5749229247759
 10
-361.59922616855016
 20
-907.5449867973188
 10
-361.66726398750376
 20
-907.5128073055251
 10
-361.7342124946998
 20
-907.4784189080012
 10
-361.8
 20
-907.4418584287042
 10
-361.86455605649587
 20
-907.4031650175111
 10
-361.9278115359451
 20
-907.3623801082958
 10
-361.989698702796
 20
-907.3195473745607
 10
-362.0501512867201
 20
-907.2747126826698
 10
-362.1091045535764
 20
-907.2279240427343
 10
-362.1664953747302
 20
-907.1792315572017
 10
-362.22226229465264
 20
-907.128687367205
 10
-362.2763455967291
 20
-907.0763455967291
 10
-362.3286873672051
 20
-907.0222622946526
 10
-362.3792315572017
 20
-906.9664953747301
 10
-362.42792404273433
 20
-906.9091045535764
 10
-362.47471268266986
 20
-906.8501512867201
 10
-362.5195473745608
 20
-906.7896987027959
 10
-362.5623801082959
 20
-906.7278115359451
 10
-362.6031650175112
 20
-906.6645560564958
 10
-362.64185842870427
 20
-906.6
 10
-362.6784189080013
 20
-906.5342124946998
 10
-362.7128073055252
 20
-906.4672639875037
 10
-362.74498679731875
 20
-906.3992261685501
 10
-362.774922924776
 20
-906.3301718944397
 10
-362.8025836315419
 20
-906.2601751102188
 10
-362.8279392978388
 20
-906.1893107701973
 10
-362.8509627721841
 20
-906.1176547576853
 10
-362.8716294004649
 20
-906.0452838037359
 10
-362.8899170523379
 20
-905.9722754049791
 10
-362.90580614492745
 20
-905.8987077406371
 10
-362.91927966379524
 20
-905.8246595888075
 10
-362.9303231811598
 20
-905.7502102421062
 10
-362.9389248713461
 20
-905.675439422758
 10
-362.94507552344885
 20
-905.6004271972294
 10
-362.94876855119566
 20
-905.5252538904901
 10
-362.95000000000005
 20
-905.45
 10
-362.94876855119566
 20
-905.3747461095099
 10
-362.94507552344885
 20
-905.2995728027706
 10
-362.9389248713461
 20
-905.2245605772421
 10
-362.9303231811598
 20
-905.1497897578939
 10
-362.91927966379524
 20
-905.0753404111924
 10
-362.90580614492745
 20
-905.0012922593629
 10
-362.8899170523379
 20
-904.9277245950209
 10
-362.8716294004649
 20
-904.8547161962642
 10
-362.8509627721841
 20
-904.7823452423147
 10
-362.8279392978388
 20
-904.7106892298027
 10
-362.8025836315419
 20
-904.6398248897812
 10
-362.774922924776
 20
-904.5698281055603
 10
-362.74498679731875
 20
-904.5007738314499
 10
-362.7128073055252
 20
-904.4327360124963
 10
-362.6784189080013
 20
-904.3657875053002
 10
-362.64185842870427
 20
-904.3
 10
-362.6031650175112
 20
-904.2354439435042
 10
-362.5623801082959
 20
-904.1721884640549
 10
-362.5195473745608
 20
-904.110301297204
 10
-362.47471268266986
 20
-904.04984871328
 10
-362.42792404273433
 20
-903.9908954464236
 10
-362.3792315572017
 20
-903.9335046252698
 10
-362.3286873672051
 20
-903.8777377053474
 10
-362.2763455967291
 20
-903.8236544032709
 10
-362.22226229465264
 20
-903.771312632795
 10
-362.1664953747302
 20
-903.7207684427983
 10
-362.1091045535764
 20
-903.6720759572657
 10
-362.0501512867201
 20
-903.6252873173302
 10
-361.989698702796
 20
-903.5804526254393
 10
-361.9278115359451
 20
-903.5376198917041
 10
-361.86455605649587
 20
-903.4968349824888
 10
-361.8
 20
-903.4581415712958
 10
-361.7342124946998
 20
-903.4215810919987
 10
-361.66726398750376
 20
-903.3871926944748
 10
-361.59922616855016
 20
-903.3550132026813
 10
-361.5301718944397
 20
-903.325077075224
 10
-361.46017511021887
 20
-903.2974163684581
 10
-361.3893107701973
 20
-903.2720607021613
 10
-361.3176547576853
 20
-903.249037227816
 10
-361.24528380373584
 20
-903.2283705995351
 10
-361.1722754049791
 20
-903.2100829476622
 10
-361.0987077406371
 20
-903.1941938550726
 10
-361.0246595888076
 20
-903.1807203362048
 10
-360.95021024210615
 20
-903.1696768188402
 10
-360.875439422758
 20
-903.1610751286539
 10
-360.80042719722934
 20
-903.1549244765512
 10
-360.72525389049014
 20
-903.1512314488043
 10
-360.65000000000003
 20
-903.15
 10
-360.57474610950993
 20
-903.1512314488043
 10
-360.49957280277073
 20
-903.1549244765512
 10
-360.42456057724206
 20
-903.1610751286539
 10
-360.3497897578939
 20
-903.1696768188402
 10
-360.2753404111925
 20
-903.1807203362048
 10
-360.20129225936296
 20
-903.1941938550726
 10
-360.127724595021
 20
-903.2100829476622
 10
-360.0547161962642
 20
-903.2283705995351
 10
-359.98234524231475
 20
-903.249037227816
 10
-359.91068922980276
 20
-903.2720607021613
 10
-359.8398248897812
 20
-903.2974163684581
 10
-359.76982810556035
 20
-903.325077075224
 10
-359.7007738314499
 20
-903.3550132026813
 10
-359.6327360124963
 20
-903.3871926944748
 10
-359.56578750530025
 20
-903.4215810919987
 10
-359.50000000000006
 20
-903.4581415712958
 10
-359.4354439435042
 20
-903.4968349824888
 10
-359.37218846405494
 20
-903.5376198917041
 10
-359.3103012972041
 20
-903.5804526254393
 10
-359.24984871327996
 20
-903.6252873173302
 10
-359.19089544642367
 20
-903.6720759572657
 10
-359.1335046252699
 20
-903.7207684427983
 10
-359.07773770534743
 20
-903.771312632795
 10
-359.023654403271
 20
-903.8236544032709
 10
-358.971312632795
 20
-903.8777377053474
 10
-358.92076844279836
 20
-903.9335046252698
 10
-358.87207595726574
 20
-903.9908954464236
 10
-358.8252873173302
 20
-904.04984871328
 10
-358.7804526254393
 20
-904.110301297204
 10
-358.7376198917042
 20
-904.1721884640549
 10
-358.6968349824889
 20
-904.2354439435042
 10
-358.6581415712958
 20
-904.3
 10
-358.6215810919988
 20
-904.3657875053002
 10
-358.5871926944749
 20
-904.4327360124963
 10
-358.5550132026813
 20
-904.5007738314499
 10
-358.5250770752241
 20
-904.5698281055603
 10
-358.4974163684582
 20
-904.6398248897812
 10
-358.4720607021613
 20
-904.7106892298027
 10
-358.44903722781595
 20
-904.7823452423147
 10
-358.4283705995352
 20
-904.8547161962642
 10
-358.41008294766215
 20
-904.9277245950209
 10
-358.3941938550726
 20
-905.0012922593629
 10
-358.38072033620483
 20
-905.0753404111924
 10
-358.3696768188403
 20
-905.1497897578939
 10
-358.36107512865397
 20
-905.2245605772421
 10
-358.3549244765512
 20
-905.2995728027706
 10
-358.3512314488044
 20
-905.3747461095099
 10
-358.35
 20
-905.45
  0
LWPOLYLINE
  5
104
330
17
100
AcDbEntity
  8
20_ВИДИМЫЕ
100
AcDbPolyline
 90
193
 70
1
 10
-359.35
 20
-880.45
 10
-359.35069603628074
 20
-880.4925348076683
 10
-359.35278339978987
 20
-880.5350240679992
 10
-359.3562598553262
 20
-880.5774222824284
 10
-359.36112168021407
 20
-880.619684049886
 10
-359.36736366828967
 20
-880.661764115413
 10
-359.3749791354758
 20
-880.703617418621
 10
-359.3839599269395
 20
-880.7451991419447
 10
-359.3942964258242
 20
-880.7864647586333
 10
-359.40597756354816
 20
-880.8273700804308
 10
-359.4189908316564
 20
-880.8678713048942
 10
-359.43332229521553
 20
-880.9079250622976
 10
-359.44895660773534
 20
-880.9474884620746
 10
-359.4658770276025
 20
-880.9865191387457
 10
-359.48406543600754
 20
-881.0249752972848
 10
-359.50350235634716
 20
-881.0628157578738
 10
-359.5241669750803
 20
-881.1
 10
-359.5460371640155
 20
-881.1364882058455
 10
-359.56908950400674
 20
-881.1722413029255
 10
-359.59329931003094
 20
-881.2072210059282
 10
-359.6186406576214
 20
-881.2413898577113
 10
-359.6450864106285
 20
-881.2747112694127
 10
-359.67260825027734
 20
-881.30714955963
 10
-359.70117670549286
 20
-881.3386699926298
 10
-359.73076118445755
 20
-881.3692388155425
 10
-359.7613300073703
 20
-881.3988232945072
 10
-359.79285044036993
 20
-881.4273917497227
 10
-359.8252887305873
 20
-881.4549135893716
 10
-359.8586101422887
 20
-881.4813593423786
 10
-359.8927789940719
 20
-881.5067006899691
 10
-359.9277586970745
 20
-881.5309104959933
 10
-359.96351179415456
 20
-881.5539628359845
 10
-360.00000000000006
 20
-881.5758330249198
 10
-360.0371842421262
 20
-881.5964976436528
 10
-360.0750247027153
 20
-881.6159345639925
 10
-360.11348086125435
 20
-881.6341229723976
 10
-360.1525115379254
 20
-881.6510433922647
 10
-360.19207493770244
 20
-881.6666777047845
 10
-360.2321286951059
 20
-881.6810091683436
 10
-360.2726299195692
 20
-881.6940224364519
 10
-360.31353524136676
 20
-881.7057035741758
 10
-360.35480085805534
 20
-881.7160400730605
 10
-360.39638258137904
 20
-881.7250208645241
 10
-360.4382358845871
 20
-881.7326363317104
 10
-360.48031595011395
 20
-881.738878319786
 10
-360.5225777175716
 20
-881.7437401446739
 10
-360.56497593200083
 20
-881.7472166002102
 10
-360.60746519233174
 20
-881.7493039637193
 10
-360.65000000000003
 20
-881.75
 10
-360.6925348076683
 20
-881.7493039637193
 10
-360.73502406799923
 20
-881.7472166002102
 10
-360.77742228242846
 20
-881.7437401446739
 10
-360.8196840498861
 20
-881.738878319786
 10
-360.861764115413
 20
-881.7326363317104
 10
-360.903617418621
 20
-881.7250208645241
 10
-360.9451991419447
 20
-881.7160400730605
 10
-360.9864647586333
 20
-881.7057035741758
 10
-361.02737008043084
 20
-881.6940224364519
 10
-361.06787130489414
 20
-881.6810091683436
 10
-361.1079250622976
 20
-881.6666777047845
 10
-361.14748846207465
 20
-881.6510433922647
 10
-361.1865191387457
 20
-881.6341229723976
 10
-361.22497529728474
 20
-881.6159345639925
 10
-361.26281575787385
 20
-881.5964976436528
 10
-361.3
 20
-881.5758330249198
 10
-361.3364882058455
 20
-881.5539628359845
 10
-361.37224130292554
 20
-881.5309104959933
 10
-361.4072210059282
 20
-881.5067006899691
 10
-361.4413898577114
 20
-881.4813593423786
 10
-361.47471126941275
 20
-881.4549135893716
 10
-361.50714955963014
 20
-881.4273917497227
 10
-361.53866999262976
 20
-881.3988232945072
 10
-361.5692388155425
 20
-881.3692388155425
 10
-361.5988232945072
 20
-881.3386699926298
 10
-361.62739174972273
 20
-881.30714955963
 10
-361.6549135893716
 20
-881.2747112694127
 10
-361.68135934237864
 20
-881.2413898577113
 10
-361.7067006899691
 20
-881.2072210059282
 10
-361.7309104959933
 20
-881.1722413029255
 10
-361.75396283598457
 20
-881.1364882058455
 10
-361.7758330249198
 20
-881.1
 10
-361.7964976436529
 20
-881.0628157578738
 10
-361.8159345639925
 20
-881.0249752972848
 10
-361.83412297239755
 20
-880.9865191387457
 10
-361.8510433922647
 20
-880.9474884620746
 10
-361.86667770478454
 20
-880.9079250622976
 10
-361.88100916834367
 20
-880.8678713048942
 10
-361.8940224364519
 20
-880.8273700804308
 10
-361.90570357417585
 20
-880.7864647586333
 10
-361.91604007306057
 20
-880.7451991419447
 10
-361.92502086452424
 20
-880.703617418621
 10
-361.9326363317104
 20
-880.661764115413
 10
-361.938878319786
 20
-880.619684049886
 10
-361.9437401446739
 20
-880.5774222824284
 10
-361.9472166002102
 20
-880.5350240679992
 10
-361.94930396371933
 20
-880.4925348076683
 10
-361.95000000000005
 20
-880.45
 10
-361.94930396371933
 20
-880.4074651923318
 10
-361.9472166002102
 20
-880.3649759320008
 10
-361.9437401446739
 20
-880.3225777175716
 10
-361.938878319786
 20
-880.280315950114
 10
-361.9326363317104
 20
-880.2382358845871
 10
-361.92502086452424
 20
-880.196382581379
 10
-361.91604007306057
 20
-880.1548008580553
 10
-361.90570357417585
 20
-880.1135352413667
 10
-361.8940224364519
 20
-880.0726299195692
 10
-361.88100916834367
 20
-880.0321286951059
 10
-361.86667770478454
 20
-879.9920749377025
 10
-361.8510433922647
 20
-879.9525115379254
 10
-361.83412297239755
 20
-879.9134808612542
 10
-361.8159345639925
 20
-879.8750247027153
 10
-361.7964976436529
 20
-879.8371842421262
 10
-361.7758330249198
 20
-879.8
 10
-361.75396283598457
 20
-879.7635117941545
 10
-361.7309104959933
 20
-879.7277586970745
 10
-361.7067006899691
 20
-879.6927789940719
 10
-361.68135934237864
 20
-879.6586101422887
 10
-361.6549135893716
 20
-879.6252887305873
 10
-361.62739174972273
 20
-879.59285044037
 10
-361.5988232945072
 20
-879.5613300073703
 10
-361.5692388155425
 20
-879.5307611844574
 10
-361.53866999262976
 20
-879.5011767054928
 10
-361.50714955963014
 20
-879.4726082502773
 10
-361.47471126941275
 20
-879.4450864106284
 10
-361.4413898577114
 20
-879.4186406576214
 10
-361.4072210059282
 20
-879.3932993100309
 10
-361.37224130292554
 20
-879.3690895040068
 10
-361.3364882058455
 20
-879.3460371640155
 10
-361.3
 20
-879.3241669750803
 10
-361.26281575787385
 20
-879.3035023563472
 10
-361.22497529728474
 20
-879.2840654360075
 10
-361.1865191387457
 20
-879.2658770276025
 10
-361.14748846207465
 20
-879.2489566077353
 10
-361.1079250622976
 20
-879.2333222952154
 10
-361.06787130489414
 20
-879.2189908316564
 10
-361.02737008043084
 20
-879.2059775635481
 10
-360.9864647586333
 20
-879.1942964258242
 10
-360.9451991419447
 20
-879.1839599269395
 10
-360.903617418621
 20
-879.1749791354758
 10
-360.861764115413
 20
-879.1673636682897
 10
-360.8196840498861
 20
-879.161121680214
 10
-360.77742228242846
 20
-879.1562598553262
 10
-360.73502406799923
 20
-879.1527833997898
 10
-360.6925348076683
 20
-879.1506960362807
 10
-360.65000000000003
 20
-879.15
 10
-360.60746519233174
 20
-879.1506960362807
 10
-360.56497593200083
 20
-879.1527833997898
 10
-360.5225777175716
 20
-879.1562598553262
 10
-360.48031595011395
 20
-879.161121680214
 10
-360.4382358845871
 20
-879.1673636682897
 10
-360.39638258137904
 20
-879.1749791354758
 10
-360.35480085805534
 20
-879.1839599269395
 10
-360.31353524136676
 20
-879.1942964258242
 10
-360.2726299195692
 20
-879.2059775635481
 10
-360.2321286951059
 20
-879.2189908316564
 10
-360.19207493770244
 20
-879.2333222952154
 10
-360.1525115379254
 20
-879.2489566077353
 10
-360.11348086125435
 20
-879.2658770276025
 10
-360.0750247027153
 20
-879.2840654360075
 10
-360.0371842421262
 20
-879.3035023563472
 10
-360.00000000000006
 20
-879.3241669750803
 10
-359.96351179415456
 20
-879.3460371640155
 10
-359.9277586970745
 20
-879.3690895040068
 10
-359.8927789940719
 20
-879.3932993100309
 10
-359.8586101422887
 20
-879.4186406576214
 10
-359.8252887305873
 20
-879.4450864106284
 10
-359.79285044036993
 20
-879.4726082502773
 10
-359.7613300073703
 20
-879.5011767054928
 10
-359.73076118445755
 20
-879.5307611844574
 10
-359.70117670549286
 20
-879.5613300073703
 10
-359.67260825027734
 20
-879.59285044037
 10
-359.6450864106285
 20
-879.6252887305873
 10
-359.6186406576214
 20
-879.6586101422887
 10
-359.59329931003094
 20
-879.6927789940719
 10
-359.56908950400674
 20
-879.7277586970745
 10
-359.5460371640155
 20
-879.7635117941545
 10
-359.5241669750803
 20
-879.8
 10
-359.50350235634716
 20
-879.8371842421262
 10
-359.48406543600754
 20
-879.8750247027153
 10
-359.4658770276025
 20
-879.9134808612542
 10
-359.44895660773534
 20
-879.9525115379254
 10
-359.43332229521553
 20
-879.9920749377025
 10
-359.4189908316564
 20
-880.0321286951059
 10
-359.40597756354816
 20
-880.0726299195692
 10
-359.3942964258242
 20
-880.1135352413667
 10
-359.3839599269395
 20
-880.1548008580553
 10
-359.3749791354758
 20
-880.196382581379
 10
-359.36736366828967
 20
-880.2382358845871
 10
-359.36112168021407
 20
-880.280315950114
 10
-359.3562598553262
 20
-880.3225777175716
 10
-359.35278339978987
 20
-880.3649759320008
 10
-359.35069603628074
 20
-880.4074651923318
 10
-359.35
 20
-880.45
  0
LWPOLYLINE
  5
105
330
17
100
AcDbEntity
  8
20_ВИДИМЫЕ
100
AcDbPolyline
 90
193
 70
1
 10
-358.35
 20
-880.45
 10
-358.3512314488044
 20
-880.5252538904901
 10
-358.3549244765512
 20
-880.6004271972294
 10
-358.36107512865397
 20
-880.675439422758
 10
-358.3696768188403
 20
-880.7502102421062
 10
-358.38072033620483
 20
-880.8246595888075
 10
-358.3941938550726
 20
-880.8987077406371
 10
-358.41008294766215
 20
-880.9722754049791
 10
-358.4283705995352
 20
-881.0452838037359
 10
-358.44903722781595
 20
-881.1176547576853
 10
-358.4720607021613
 20
-881.1893107701973
 10
-358.4974163684582
 20
-881.2601751102188
 10
-358.5250770752241
 20
-881.3301718944397
 10
-358.5550132026813
 20
-881.3992261685501
 10
-358.5871926944749
 20
-881.4672639875037
 10
-358.6215810919988
 20
-881.5342124946998
 10
-358.6581415712958
 20
-881.6
 10
-358.6968349824889
 20
-881.6645560564958
 10
-358.7376198917042
 20
-881.7278115359451
 10
-358.7804526254393
 20
-881.7896987027959
 10
-358.8252873173302
 20
-881.8501512867201
 10
-358.87207595726574
 20
-881.9091045535764
 10
-358.92076844279836
 20
-881.9664953747301
 10
-358.971312632795
 20
-882.0222622946526
 10
-359.023654403271
 20
-882.0763455967291
 10
-359.07773770534743
 20
-882.128687367205
 10
-359.1335046252699
 20
-882.1792315572017
 10
-359.19089544642367
 20
-882.2279240427343
 10
-359.24984871327996
 20
-882.2747126826698
 10
-359.3103012972041
 20
-882.3195473745607
 10
-359.37218846405494
 20
-882.3623801082958
 10
-359.4354439435042
 20
-882.4031650175111
 10
-359.50000000000006
 20
-882.4418584287042
 10
-359.56578750530025
 20
-882.4784189080012
 10
-359.6327360124963
 20
-882.5128073055251
 10
-359.7007738314499
 20
-882.5449867973186
 10
-359.76982810556035
 20
-882.5749229247759
 10
-359.8398248897812
 20
-882.6025836315418
 10
-359.91068922980276
 20
-882.6279392978388
 10
-359.98234524231475
 20
-882.6509627721841
 10
-360.0547161962642
 20
-882.6716294004649
 10
-360.127724595021
 20
-882.6899170523379
 10
-360.20129225936296
 20
-882.7058061449275
 10
-360.2753404111925
 20
-882.7192796637952
 10
-360.3497897578939
 20
-882.7303231811597
 10
-360.42456057724206
 20
-882.7389248713461
 10
-360.49957280277073
 20
-882.7450755234488
 10
-360.57474610950993
 20
-882.7487685511957
 10
-360.65000000000003
 20
-882.75
 10
-360.72525389049014
 20
-882.7487685511957
 10
-360.80042719722934
 20
-882.7450755234488
 10
-360.875439422758
 20
-882.7389248713461
 10
-360.95021024210615
 20
-882.7303231811597
 10
-361.0246595888076
 20
-882.7192796637952
 10
-361.0987077406371
 20
-882.7058061449275
 10
-361.1722754049791
 20
-882.6899170523379
 10
-361.24528380373584
 20
-882.6716294004649
 10
-361.3176547576853
 20
-882.6509627721841
 10
-361.3893107701973
 20
-882.6279392978388
 10
-361.46017511021887
 20
-882.6025836315418
 10
-361.5301718944397
 20
-882.5749229247759
 10
-361.59922616855016
 20
-882.5449867973186
 10
-361.66726398750376
 20
-882.5128073055251
 10
-361.7342124946998
 20
-882.4784189080012
 10
-361.8
 20
-882.4418584287042
 10
-361.86455605649587
 20
-882.4031650175111
 10
-361.9278115359451
 20
-882.3623801082958
 10
-361.989698702796
 20
-882.3195473745607
 10
-362.0501512867201
 20
-882.2747126826698
 10
-362.1091045535764
 20
-882.2279240427343
 10
-362.1664953747302
 20
-882.1792315572017
 10
-362.22226229465264
 20
-882.128687367205
 10
-362.2763455967291
 20
-882.0763455967291
 10
-362.3286873672051
 20
-882.0222622946526
 10
-362.3792315572017
 20
-881.9664953747301
 10
-362.42792404273433
 20
-881.9091045535764
 10
-362.47471268266986
 20
-881.8501512867201
 10
-362.5195473745608
 20
-881.7896987027959
 10
-362.5623801082959
 20
-881.7278115359451
 10
-362.6031650175112
 20
-881.6645560564958
 10
-362.64185842870427
 20
-881.6
 10
-362.6784189080013
 20
-881.5342124946998
 10
-362.7128073055252
 20
-881.4672639875037
 10
-362.74498679731875
 20
-881.3992261685501
 10
-362.774922924776
 20
-881.3301718944397
 10
-362.8025836315419
 20
-881.2601751102188
 10
-362.8279392978388
 20
-881.1893107701973
 10
-362.8509627721841
 20
-881.1176547576853
 10
-362.8716294004649
 20
-881.0452838037359
 10
-362.8899170523379
 20
-880.9722754049791
 10
-362.90580614492745
 20
-880.8987077406371
 10
-362.91927966379524
 20
-880.8246595888075
 10
-362.9303231811598
 20
-880.7502102421062
 10
-362.9389248713461
 20
-880.675439422758
 10
-362.94507552344885
 20
-880.6004271972294
 10
-362.94876855119566
 20
-880.5252538904901
 10
-362.95000000000005
 20
-880.45
 10
-362.94876855119566
 20
-880.3747461095099
 10
-362.94507552344885
 20
-880.2995728027706
 10
-362.9389248713461
 20
-880.2245605772421
 10
-362.9303231811598
 20
-880.1497897578939
 10
-362.91927966379524
 20
-880.0753404111924
 10
-362.90580614492745
 20
-880.0012922593629
 10
-362.8899170523379
 20
-879.9277245950209
 10
-362.8716294004649
 20
-879.8547161962642
 10
-362.8509627721841
 20
-879.7823452423147
 10
-362.8279392978388
 20
-879.7106892298027
 10
-362.8025836315419
 20
-879.6398248897812
 10
-362.774922924776
 20
-879.5698281055603
 10
-362.74498679731875
 20
-879.5007738314499
 10
-362.7128073055252
 20
-879.4327360124963
 10
-362.6784189080013
 20
-879.3657875053002
 10
-362.64185842870427
 20
-879.3
 10
-362.6031650175112
 20
-879.2354439435042
 10
-362.5623801082959
 20
-879.1721884640549
 10
-362.5195473745608
 20
-879.110301297204
 10
-362.47471268266986
 20
-879.04984871328
 10
-362.42792404273433
 20
-878.9908954464236
 10
-362.3792315572017
 20
-878.9335046252698
 10
-362.3286873672051
 20
-878.8777377053474
 10
-362.2763455967291
 20
-878.8236544032709
 10
-362.22226229465264
 20
-878.771312632795
 10
-362.1664953747302
 20
-878.7207684427983
 10
-362.1091045535764
 20
-878.6720759572657
 10
-362.0501512867201
 20
-878.6252873173302
 10
-361.989698702796
 20
-878.5804526254393
 10
-361.9278115359451
 20
-878.5376198917041
 10
-361.86455605649587
 20
-878.4968349824888
 10
-361.8
 20
-878.4581415712958
 10
-361.7342124946998
 20
-878.4215810919987
 10
-361.66726398750376
 20
-878.3871926944748
 10
-361.59922616855016
 20
-878.3550132026813
 10
-361.5301718944397
 20
-878.325077075224
 10
-361.46017511021887
 20
-878.2974163684581
 10
-361.3893107701973
 20
-878.2720607021613
 10
-361.3176547576853
 20
-878.249037227816
 10
-361.24528380373584
 20
-878.2283705995351
 10
-361.1722754049791
 20
-878.2100829476622
 10
-361.0987077406371
 20
-878.1941938550726
 10
-361.0246595888076
 20
-878.1807203362048
 10
-360.95021024210615
 20
-878.1696768188402
 10
-360.875439422758
 20
-878.1610751286539
 10
-360.80042719722934
 20
-878.1549244765512
 10
-360.72525389049014
 20
-878.1512314488043
 10
-360.65000000000003
 20
-878.15
 10
-360.57474610950993
 20
-878.1512314488043
 10
-360.49957280277073
 20
-878.1549244765512
 10
-360.42456057724206
 20
-878.1610751286539
 10
-360.3497897578939
 20
-878.1696768188402
 10
-360.2753404111925
 20
-878.1807203362048
 10
-360.20129225936296
 20
-878.1941938550726
 10
-360.127724595021
 20
-878.2100829476622
 10
-360.0547161962642
 20
-878.2283705995351
 10
-359.98234524231475
 20
-878.249037227816
 10
-359.91068922980276
 20
-878.2720607021613
 10
-359.8398248897812
 20
-878.2974163684581
 10
-359.76982810556035
 20
-878.325077075224
 10
-359.7007738314499
 20
-878.3550132026813
 10
-359.6327360124963
 20
-878.3871926944748
 10
-359.56578750530025
 20
-878.4215810919987
 10
-359.50000000000006
 20
-878.4581415712958
 10
-359.4354439435042
 20
-878.4968349824888
 10
-359.37218846405494
 20
-878.5376198917041
 10
-359.3103012972041
 20
-878.5804526254393
 10
-359.24984871327996
 20
-878.6252873173302
 10
-359.19089544642367
 20
-878.6720759572657
 10
-359.1335046252699
 20
-878.7207684427983
 10
-359.07773770534743
 20
-878.771312632795
 10
-359.023654403271
 20
-878.8236544032709
 10
-358.971312632795
 20
-878.8777377053474
 10
-358.92076844279836
 20
-878.9335046252698
 10
-358.87207595726574
 20
-878.9908954464236
 10
-358.8252873173302
 20
-879.04984871328
 10
-358.7804526254393
 20
-879.110301297204
 10
-358.7376198917042
 20
-879.1721884640549
 10
-358.6968349824889
 20
-879.2354439435042
 10
-358.6581415712958
 20
-879.3
 10
-358.6215810919988
 20
-879.3657875053002
 10
-358.5871926944749
 20
-879.4327360124963
 10
-358.5550132026813
 20
-879.5007738314499
 10
-358.5250770752241
 20
-879.5698281055603
 10
-358.4974163684582
 20
-879.6398248897812
 10
-358.4720607021613
 20
-879.7106892298027
 10
-358.44903722781595
 20
-879.7823452423147
 10
-358.4283705995352
 20
-879.8547161962642
 10
-358.41008294766215
 20
-879.9277245950209
 10
-358.3941938550726
 20
-880.0012922593629
 10
-358.38072033620483
 20
-880.0753404111924
 10
-358.3696768188403
 20
-880.1497897578939
 10
-358.36107512865397
 20
-880.2245605772421
 10
-358.3549244765512
 20
-880.2995728027706
 10
-358.3512314488044
 20
-880.3747461095099
 10
-358.35
 20
-880.45
  0
LWPOLYLINE
  5
106
330
17
100
AcDbEntity
  8
20_ВИДИМЫЕ
100
AcDbPolyline
 90
193
 70
1
 10
-343.35
 20
-905.45
 10
-343.35069603628074
 20
-905.4925348076683
 10
-343.35278339978987
 20
-905.5350240679992
 10
-343.3562598553262
 20
-905.5774222824284
 10
-343.36112168021407
 20
-905.619684049886
 10
-343.36736366828967
 20
-905.661764115413
 10
-343.3749791354758
 20
-905.703617418621
 10
-343.3839599269395
 20
-905.7451991419447
 10
-343.3942964258242
 20
-905.7864647586333
 10
-343.40597756354816
 20
-905.8273700804308
 10
-343.4189908316564
 20
-905.8678713048942
 10
-343.43332229521553
 20
-905.9079250622976
 10
-343.44895660773534
 20
-905.9474884620746
 10
-343.4658770276025
 20
-905.9865191387457
 10
-343.48406543600754
 20
-906.0249752972848
 10
-343.50350235634716
 20
-906.0628157578738
 10
-343.5241669750803
 20
-906.1
 10
-343.5460371640155
 20
-906.1364882058455
 10
-343.56908950400674
 20
-906.1722413029255
 10
-343.59329931003094
 20
-906.2072210059282
 10
-343.6186406576214
 20
-906.2413898577113
 10
-343.6450864106285
 20
-906.2747112694127
 10
-343.67260825027734
 20
-906.30714955963
 10
-343.70117670549286
 20
-906.3386699926298
 10
-343.73076118445755
 20
-906.3692388155425
 10
-343.7613300073703
 20
-906.3988232945072
 10
-343.79285044036993
 20
-906.4273917497227
 10
-343.8252887305873
 20
-906.4549135893716
 10
-343.8586101422887
 20
-906.4813593423786
 10
-343.8927789940719
 20
-906.5067006899691
 10
-343.9277586970745
 20
-906.5309104959933
 10
-343.96351179415456
 20
-906.5539628359845
 10
-344.00000000000006
 20
-906.5758330249198
 10
-344.0371842421262
 20
-906.5964976436528
 10
-344.0750247027153
 20
-906.6159345639925
 10
-344.11348086125435
 20
-906.6341229723976
 10
-344.1525115379254
 20
-906.6510433922647
 10
-344.19207493770244
 20
-906.6666777047845
 10
-344.2321286951059
 20
-906.6810091683436
 10
-344.2726299195692
 20
-906.6940224364519
 10
-344.31353524136676
 20
-906.7057035741758
 10
-344.35480085805534
 20
-906.7160400730605
 10
-344.39638258137904
 20
-906.7250208645241
 10
-344.4382358845871
 20
-906.7326363317104
 10
-344.48031595011395
 20
-906.738878319786
 10
-344.5225777175716
 20
-906.7437401446739
 10
-344.56497593200083
 20
-906.7472166002102
 10
-344.60746519233174
 20
-906.7493039637193
 10
-344.65000000000003
 20
-906.75
 10
-344.6925348076683
 20
-906.7493039637193
 10
-344.73502406799923
 20
-906.7472166002102
 10
-344.77742228242846
 20
-906.7437401446739
 10
-344.8196840498861
 20
-906.738878319786
 10
-344.861764115413
 20
-906.7326363317104
 10
-344.903617418621
 20
-906.7250208645241
 10
-344.9451991419447
 20
-906.7160400730605
 10
-344.9864647586333
 20
-906.7057035741758
 10
-345.02737008043084
 20
-906.6940224364519
 10
-345.06787130489414
 20
-906.6810091683436
 10
-345.1079250622976
 20
-906.6666777047845
 10
-345.14748846207465
 20
-906.6510433922647
 10
-345.1865191387457
 20
-906.6341229723976
 10
-345.22497529728474
 20
-906.6159345639925
 10
-345.26281575787385
 20
-906.5964976436528
 10
-345.3
 20
-906.5758330249198
 10
-345.3364882058455
 20
-906.5539628359845
 10
-345.37224130292554
 20
-906.5309104959933
 10
-345.4072210059282
 20
-906.5067006899691
 10
-345.4413898577114
 20
-906.4813593423786
 10
-345.47471126941275
 20
-906.4549135893716
 10
-345.50714955963014
 20
-906.4273917497227
 10
-345.53866999262976
 20
-906.3988232945072
 10
-345.5692388155425
 20
-906.3692388155425
 10
-345.5988232945072
 20
-906.3386699926298
 10
-345.62739174972273
 20
-906.30714955963
 10
-345.6549135893716
 20
-906.2747112694127
 10
-345.68135934237864
 20
-906.2413898577113
 10
-345.7067006899691
 20
-906.2072210059282
 10
-345.7309104959933
 20
-906.1722413029255
 10
-345.75396283598457
 20
-906.1364882058455
 10
-345.7758330249198
 20
-906.1
 10
-345.7964976436529
 20
-906.0628157578738
 10
-345.8159345639925
 20
-906.0249752972848
 10
-345.83412297239755
 20
-905.9865191387457
 10
-345.8510433922647
 20
-905.9474884620746
 10
-345.86667770478454
 20
-905.9079250622976
 10
-345.88100916834367
 20
-905.8678713048942
 10
-345.8940224364519
 20
-905.8273700804308
 10
-345.90570357417585
 20
-905.7864647586333
 10
-345.91604007306057
 20
-905.7451991419447
 10
-345.92502086452424
 20
-905.703617418621
 10
-345.9326363317104
 20
-905.661764115413
 10
-345.938878319786
 20
-905.619684049886
 10
-345.9437401446739
 20
-905.5774222824284
 10
-345.9472166002102
 20
-905.5350240679992
 10
-345.94930396371933
 20
-905.4925348076683
 10
-345.95000000000005
 20
-905.45
 10
-345.94930396371933
 20
-905.4074651923318
 10
-345.9472166002102
 20
-905.3649759320008
 10
-345.9437401446739
 20
-905.3225777175716
 10
-345.938878319786
 20
-905.280315950114
 10
-345.9326363317104
 20
-905.2382358845871
 10
-345.92502086452424
 20
-905.196382581379
 10
-345.91604007306057
 20
-905.1548008580553
 10
-345.90570357417585
 20
-905.1135352413667
 10
-345.8940224364519
 20
-905.0726299195692
 10
-345.88100916834367
 20
-905.0321286951059
 10
-345.86667770478454
 20
-904.9920749377025
 10
-345.8510433922647
 20
-904.9525115379254
 10
-345.83412297239755
 20
-904.9134808612542
 10
-345.8159345639925
 20
-904.8750247027153
 10
-345.7964976436529
 20
-904.8371842421262
 10
-345.7758330249198
 20
-904.8
 10
-345.75396283598457
 20
-904.7635117941545
 10
-345.7309104959933
 20
-904.7277586970745
 10
-345.7067006899691
 20
-904.6927789940719
 10
-345.68135934237864
 20
-904.6586101422887
 10
-345.6549135893716
 20
-904.6252887305873
 10
-345.62739174972273
 20
-904.59285044037
 10
-345.5988232945072
 20
-904.5613300073703
 10
-345.5692388155425
 20
-904.5307611844574
 10
-345.53866999262976
 20
-904.5011767054928
 10
-345.50714955963014
 20
-904.4726082502773
 10
-345.47471126941275
 20
-904.4450864106284
 10
-345.4413898577114
 20
-904.4186406576214
 10
-345.4072210059282
 20
-904.3932993100309
 10
-345.37224130292554
 20
-904.3690895040068
 10
-345.3364882058455
 20
-904.3460371640155
 10
-345.3
 20
-904.3241669750803
 10
-345.26281575787385
 20
-904.3035023563472
 10
-345.22497529728474
 20
-904.2840654360075
 10
-345.1865191387457
 20
-904.2658770276025
 10
-345.14748846207465
 20
-904.2489566077353
 10
-345.1079250622976
 20
-904.2333222952154
 10
-345.06787130489414
 20
-904.2189908316564
 10
-345.02737008043084
 20
-904.2059775635481
 10
-344.9864647586333
 20
-904.1942964258242
 10
-344.9451991419447
 20
-904.1839599269395
 10
-344.903617418621
 20
-904.1749791354758
 10
-344.861764115413
 20
-904.1673636682897
 10
-344.8196840498861
 20
-904.161121680214
 10
-344.77742228242846
 20
-904.1562598553262
 10
-344.73502406799923
 20
-904.1527833997898
 10
-344.6925348076683
 20
-904.1506960362807
 10
-344.65000000000003
 20
-904.15
 10
-344.60746519233174
 20
-904.1506960362807
 10
-344.56497593200083
 20
-904.1527833997898
 10
-344.5225777175716
 20
-904.1562598553262
 10
-344.48031595011395
 20
-904.161121680214
 10
-344.4382358845871
 20
-904.1673636682897
 10
-344.39638258137904
 20
-904.1749791354758
 10
-344.35480085805534
 20
-904.1839599269395
 10
-344.31353524136676
 20
-904.1942964258242
 10
-344.2726299195692
 20
-904.2059775635481
 10
-344.2321286951059
 20
-904.2189908316564
 10
-344.19207493770244
 20
-904.2333222952154
 10
-344.1525115379254
 20
-904.2489566077353
 10
-344.11348086125435
 20
-904.2658770276025
 10
-344.0750247027153
 20
-904.2840654360075
 10
-344.0371842421262
 20
-904.3035023563472
 10
-344.00000000000006
 20
-904.3241669750803
 10
-343.96351179415456
 20
-904.3460371640155
 10
-343.9277586970745
 20
-904.3690895040068
 10
-343.8927789940719
 20
-904.3932993100309
 10
-343.8586101422887
 20
-904.4186406576214
 10
-343.8252887305873
 20
-904.4450864106284
 10
-343.79285044036993
 20
-904.4726082502773
 10
-343.7613300073703
 20
-904.5011767054928
 10
-343.73076118445755
 20
-904.5307611844574
 10
-343.70117670549286
 20
-904.5613300073703
 10
-343.67260825027734
 20
-904.59285044037
 10
-343.6450864106285
 20
-904.6252887305873
 10
-343.6186406576214
 20
-904.6586101422887
 10
-343.59329931003094
 20
-904.6927789940719
 10
-343.56908950400674
 20
-904.7277586970745
 10
-343.5460371640155
 20
-904.7635117941545
 10
-343.5241669750803
 20
-904.8
 10
-343.50350235634716
 20
-904.8371842421262
 10
-343.48406543600754
 20
-904.8750247027153
 10
-343.4658770276025
 20
-904.9134808612542
 10
-343.44895660773534
 20
-904.9525115379254
 10
-343.43332229521553
 20
-904.9920749377025
 10
-343.4189908316564
 20
-905.0321286951059
 10
-343.40597756354816
 20
-905.0726299195692
 10
-343.3942964258242
 20
-905.1135352413667
 10
-343.3839599269395
 20
-905.1548008580553
 10
-343.3749791354758
 20
-905.196382581379
 10
-343.36736366828967
 20
-905.2382358845871
 10
-343.36112168021407
 20
-905.280315950114
 10
-343.3562598553262
 20
-905.3225777175716
 10
-343.35278339978987
 20
-905.3649759320008
 10
-343.35069603628074
 20
-905.4074651923318
 10
-343.35
 20
-905.45
  0
LWPOLYLINE
  5
107
330
17
100
AcDbEntity
  8
20_ВИДИМЫЕ
100
AcDbPolyline
 90
193
 70
1
 10
-342.35
 20
-905.45
 10
-342.3512314488044
 20
-905.5252538904901
 10
-342.3549244765512
 20
-905.6004271972294
 10
-342.36107512865397
 20
-905.675439422758
 10
-342.3696768188403
 20
-905.7502102421062
 10
-342.38072033620483
 20
-905.8246595888075
 10
-342.3941938550726
 20
-905.8987077406371
 10
-342.41008294766215
 20
-905.9722754049791
 10
-342.4283705995352
 20
-906.0452838037359
 10
-342.44903722781595
 20
-906.1176547576853
 10
-342.4720607021613
 20
-906.1893107701973
 10
-342.4974163684582
 20
-906.2601751102188
 10
-342.5250770752241
 20
-906.3301718944397
 10
-342.5550132026813
 20
-906.3992261685501
 10
-342.5871926944749
 20
-906.4672639875037
 10
-342.6215810919988
 20
-906.5342124946998
 10
-342.6581415712958
 20
-906.6
 10
-342.6968349824889
 20
-906.6645560564958
 10
-342.7376198917042
 20
-906.7278115359451
 10
-342.7804526254393
 20
-906.7896987027959
 10
-342.8252873173302
 20
-906.8501512867201
 10
-342.87207595726574
 20
-906.9091045535764
 10
-342.92076844279836
 20
-906.9664953747301
 10
-342.971312632795
 20
-907.0222622946526
 10
-343.023654403271
 20
-907.0763455967291
 10
-343.07773770534743
 20
-907.128687367205
 10
-343.1335046252699
 20
-907.1792315572017
 10
-343.19089544642367
 20
-907.2279240427343
 10
-343.24984871327996
 20
-907.2747126826698
 10
-343.3103012972041
 20
-907.3195473745607
 10
-343.37218846405494
 20
-907.3623801082958
 10
-343.4354439435042
 20
-907.4031650175111
 10
-343.50000000000006
 20
-907.4418584287042
 10
-343.56578750530025
 20
-907.4784189080012
 10
-343.6327360124963
 20
-907.5128073055251
 10
-343.7007738314499
 20
-907.5449867973188
 10
-343.76982810556035
 20
-907.5749229247759
 10
-343.8398248897812
 20
-907.6025836315418
 10
-343.91068922980276
 20
-907.6279392978388
 10
-343.98234524231475
 20
-907.6509627721841
 10
-344.0547161962642
 20
-907.6716294004649
 10
-344.127724595021
 20
-907.6899170523379
 10
-344.20129225936296
 20
-907.7058061449275
 10
-344.2753404111925
 20
-907.7192796637952
 10
-344.3497897578939
 20
-907.7303231811597
 10
-344.42456057724206
 20
-907.7389248713461
 10
-344.49957280277073
 20
-907.7450755234488
 10
-344.57474610950993
 20
-907.7487685511957
 10
-344.65000000000003
 20
-907.75
 10
-344.72525389049014
 20
-907.7487685511957
 10
-344.80042719722934
 20
-907.7450755234488
 10
-344.875439422758
 20
-907.7389248713461
 10
-344.95021024210615
 20
-907.7303231811597
 10
-345.0246595888076
 20
-907.7192796637952
 10
-345.0987077406371
 20
-907.7058061449275
 10
-345.1722754049791
 20
-907.6899170523379
 10
-345.24528380373584
 20
-907.6716294004649
 10
-345.3176547576853
 20
-907.6509627721841
 10
-345.3893107701973
 20
-907.6279392978388
 10
-345.46017511021887
 20
-907.6025836315418
 10
-345.5301718944397
 20
-907.5749229247759
 10
-345.59922616855016
 20
-907.5449867973188
 10
-345.66726398750376
 20
-907.5128073055251
 10
-345.7342124946998
 20
-907.4784189080012
 10
-345.8
 20
-907.4418584287042
 10
-345.86455605649587
 20
-907.4031650175111
 10
-345.9278115359451
 20
-907.3623801082958
 10
-345.989698702796
 20
-907.3195473745607
 10
-346.0501512867201
 20
-907.2747126826698
 10
-346.1091045535764
 20
-907.2279240427343
 10
-346.1664953747302
 20
-907.1792315572017
 10
-346.22226229465264
 20
-907.128687367205
 10
-346.2763455967291
 20
-907.0763455967291
 10
-346.3286873672051
 20
-907.0222622946526
 10
-346.3792315572017
 20
-906.9664953747301
 10
-346.42792404273433
 20
-906.9091045535764
 10
-346.47471268266986
 20
-906.8501512867201
 10
-346.5195473745608
 20
-906.7896987027959
 10
-346.5623801082959
 20
-906.7278115359451
 10
-346.6031650175112
 20
-906.6645560564958
 10
-346.64185842870427
 20
-906.6
 10
-346.6784189080013
 20
-906.5342124946998
 10
-346.7128073055252
 20
-906.4672639875037
 10
-346.74498679731875
 20
-906.3992261685501
 10
-346.774922924776
 20
-906.3301718944397
 10
-346.8025836315419
 20
-906.2601751102188
 10
-346.8279392978388
 20
-906.1893107701973
 10
-346.8509627721841
 20
-906.1176547576853
 10
-346.8716294004649
 20
-906.0452838037359
 10
-346.8899170523379
 20
-905.9722754049791
 10
-346.90580614492745
 20
-905.8987077406371
 10
-346.91927966379524
 20
-905.8246595888075
 10
-346.9303231811598
 20
-905.7502102421062
 10
-346.9389248713461
 20
-905.675439422758
 10
-346.94507552344885
 20
-905.6004271972294
 10
-346.94876855119566
 20
-905.5252538904901
 10
-346.95000000000005
 20
-905.45
 10
-346.94876855119566
 20
-905.3747461095099
 10
-346.94507552344885
 20
-905.2995728027706
 10
-346.9389248713461
 20
-905.2245605772421
 10
-346.9303231811598
 20
-905.1497897578939
 10
-346.91927966379524
 20
-905.0753404111924
 10
-346.90580614492745
 20
-905.0012922593629
 10
-346.8899170523379
 20
-904.9277245950209
 10
-346.8716294004649
 20
-904.8547161962642
 10
-346.8509627721841
 20
-904.7823452423147
 10
-346.8279392978388
 20
-904.7106892298027
 10
-346.8025836315419
 20
-904.6398248897812
 10
-346.774922924776
 20
-904.5698281055603
 10
-346.74498679731875
 20
-904.5007738314499
 10
-346.7128073055252
 20
-904.4327360124963
 10
-346.6784189080013
 20
-904.3657875053002
 10
-346.64185842870427
 20
-904.3
 10
-346.6031650175112
 20
-904.2354439435042
 10
-346.5623801082959
 20
-904.1721884640549
 10
-346.5195473745608
 20
-904.110301297204
 10
-346.47471268266986
 20
-904.04984871328
 10
-346.42792404273433
 20
-903.9908954464236
 10
-346.3792315572017
 20
-903.9335046252698
 10
-346.3286873672051
 20
-903.8777377053474
 10
-346.2763455967291
 20
-903.8236544032709
 10
-346.22226229465264
 20
-903.771312632795
 10
-346.1664953747302
 20
-903.7207684427983
 10
-346.1091045535764
 20
-903.6720759572657
 10
-346.0501512867201
 20
-903.6252873173302
 10
-345.989698702796
 20
-903.5804526254393
 10
-345.9278115359451
 20
-903.5376198917041
 10
-345.86455605649587
 20
-903.4968349824888
 10
-345.8
 20
-903.4581415712958
 10
-345.7342124946998
 20
-903.4215810919987
 10
-345.66726398750376
 20
-903.3871926944748
 10
-345.59922616855016
 20
-903.3550132026813
 10
-345.5301718944397
 20
-903.325077075224
 10
-345.46017511021887
 20
-903.2974163684581
 10
-345.3893107701973
 20
-903.2720607021613
 10
-345.3176547576853
 20
-903.249037227816
 10
-345.24528380373584
 20
-903.2283705995351
 10
-345.1722754049791
 20
-903.2100829476622
 10
-345.0987077406371
 20
-903.1941938550726
 10
-345.0246595888076
 20
-903.1807203362048
 10
-344.95021024210615
 20
-903.1696768188402
 10
-344.875439422758
 20
-903.1610751286539
 10
-344.80042719722934
 20
-903.1549244765512
 10
-344.72525389049014
 20
-903.1512314488043
 10
-344.65000000000003
 20
-903.15
 10
-344.57474610950993
 20
-903.1512314488043
 10
-344.49957280277073
 20
-903.1549244765512
 10
-344.42456057724206
 20
-903.1610751286539
 10
-344.3497897578939
 20
-903.1696768188402
 10
-344.2753404111925
 20
-903.1807203362048
 10
-344.20129225936296
 20
-903.1941938550726
 10
-344.127724595021
 20
-903.2100829476622
 10
-344.0547161962642
 20
-903.2283705995351
 10
-343.98234524231475
 20
-903.249037227816
 10
-343.91068922980276
 20
-903.2720607021613
 10
-343.8398248897812
 20
-903.2974163684581
 10
-343.76982810556035
 20
-903.325077075224
 10
-343.7007738314499
 20
-903.3550132026813
 10
-343.6327360124963
 20
-903.3871926944748
 10
-343.56578750530025
 20
-903.4215810919987
 10
-343.50000000000006
 20
-903.4581415712958
 10
-343.4354439435042
 20
-903.4968349824888
 10
-343.37218846405494
 20
-903.5376198917041
 10
-343.3103012972041
 20
-903.5804526254393
 10
-343.24984871327996
 20
-903.6252873173302
 10
-343.19089544642367
 20
-903.6720759572657
 10
-343.1335046252699
 20
-903.7207684427983
 10
-343.07773770534743
 20
-903.771312632795
 10
-343.023654403271
 20
-903.8236544032709
 10
-342.971312632795
 20
-903.8777377053474
 10
-342.92076844279836
 20
-903.9335046252698
 10
-342.87207595726574
 20
-903.9908954464236
 10
-342.8252873173302
 20
-904.04984871328
 10
-342.7804526254393
 20
-904.110301297204
 10
-342.7376198917042
 20
-904.1721884640549
 10
-342.6968349824889
 20
-904.2354439435042
 10
-342.6581415712958
 20
-904.3
 10
-342.6215810919988
 20
-904.3657875053002
 10
-342.5871926944749
 20
-904.4327360124963
 10
-342.5550132026813
 20
-904.5007738314499
 10
-342.5250770752241
 20
-904.5698281055603
 10
-342.4974163684582
 20
-904.6398248897812
 10
-342.4720607021613
 20
-904.7106892298027
 10
-342.44903722781595
 20
-904.7823452423147
 10
-342.4283705995352
 20
-904.8547161962642
 10
-342.41008294766215
 20
-904.9277245950209
 10
-342.3941938550726
 20
-905.0012922593629
 10
-342.38072033620483
 20
-905.0753404111924
 10
-342.3696768188403
 20
-905.1497897578939
 10
-342.36107512865397
 20
-905.2245605772421
 10
-342.3549244765512
 20
-905.2995728027706
 10
-342.3512314488044
 20
-905.3747461095099
 10
-342.35
 20
-905.45
  0
LWPOLYLINE
  5
108
330
17
100
AcDbEntity
  8
20_ВИДИМЫЕ
100
AcDbPolyline
 90
193
 70
1
 10
-343.35
 20
-880.45
 10
-343.35069603628074
 20
-880.4925348076683
 10
-343.35278339978987
 20
-880.5350240679992
 10
-343.3562598553262
 20
-880.5774222824284
 10
-343.36112168021407
 20
-880.619684049886
 10
-343.36736366828967
 20
-880.661764115413
 10
-343.3749791354758
 20
-880.703617418621
 10
-343.3839599269395
 20
-880.7451991419447
 10
-343.3942964258242
 20
-880.7864647586333
 10
-343.40597756354816
 20
-880.8273700804308
 10
-343.4189908316564
 20
-880.8678713048942
 10
-343.43332229521553
 20
-880.9079250622976
 10
-343.44895660773534
 20
-880.9474884620746
 10
-343.4658770276025
 20
-880.9865191387457
 10
-343.48406543600754
 20
-881.0249752972848
 10
-343.50350235634716
 20
-881.0628157578738
 10
-343.5241669750803
 20
-881.1
 10
-343.5460371640155
 20
-881.1364882058455
 10
-343.56908950400674
 20
-881.1722413029255
 10
-343.59329931003094
 20
-881.2072210059282
 10
-343.6186406576214
 20
-881.2413898577113
 10
-343.6450864106285
 20
-881.2747112694127
 10
-343.67260825027734
 20
-881.30714955963
 10
-343.70117670549286
 20
-881.3386699926298
 10
-343.73076118445755
 20
-881.3692388155425
 10
-343.7613300073703
 20
-881.3988232945072
 10
-343.79285044036993
 20
-881.4273917497227
 10
-343.8252887305873
 20
-881.4549135893716
 10
-343.8586101422887
 20
-881.4813593423786
 10
-343.8927789940719
 20
-881.5067006899691
 10
-343.9277586970745
 20
-881.5309104959933
 10
-343.96351179415456
 20
-881.5539628359845
 10
-344.00000000000006
 20
-881.5758330249198
 10
-344.0371842421262
 20
-881.5964976436528
 10
-344.0750247027153
 20
-881.6159345639925
 10
-344.11348086125435
 20
-881.6341229723976
 10
-344.1525115379254
 20
-881.6510433922647
 10
-344.19207493770244
 20
-881.6666777047845
 10
-344.2321286951059
 20
-881.6810091683436
 10
-344.2726299195692
 20
-881.6940224364519
 10
-344.31353524136676
 20
-881.7057035741758
 10
-344.35480085805534
 20
-881.7160400730605
 10
-344.39638258137904
 20
-881.7250208645241
 10
-344.4382358845871
 20
-881.7326363317104
 10
-344.48031595011395
 20
-881.738878319786
 10
-344.5225777175716
 20
-881.7437401446739
 10
-344.56497593200083
 20
-881.7472166002102
 10
-344.60746519233174
 20
-881.7493039637193
 10
-344.65000000000003
 20
-881.75
 10
-344.6925348076683
 20
-881.7493039637193
 10
-344.73502406799923
 20
-881.7472166002102
 10
-344.77742228242846
 20
-881.7437401446739
 10
-344.8196840498861
 20
-881.738878319786
 10
-344.861764115413
 20
-881.7326363317104
 10
-344.903617418621
 20
-881.7250208645241
 10
-344.9451991419447
 20
-881.7160400730605
 10
-344.9864647586333
 20
-881.7057035741758
 10
-345.02737008043084
 20
-881.6940224364519
 10
-345.06787130489414
 20
-881.6810091683436
 10
-345.1079250622976
 20
-881.6666777047845
 10
-345.14748846207465
 20
-881.6510433922647
 10
-345.1865191387457
 20
-881.6341229723976
 10
-345.22497529728474
 20
-881.6159345639925
 10
-345.26281575787385
 20
-881.5964976436528
 10
-345.3
 20
-881.5758330249198
 10
-345.3364882058455
 20
-881.5539628359845
 10
-345.37224130292554
 20
-881.5309104959933
 10
-345.4072210059282
 20
-881.5067006899691
 10
-345.4413898577114
 20
-881.4813593423786
 10
-345.47471126941275
 20
-881.4549135893716
 10
-345.50714955963014
 20
-881.4273917497227
 10
-345.53866999262976
 20
-881.3988232945072
 10
-345.5692388155425
 20
-881.3692388155425
 10
-345.5988232945072
 20
-881.3386699926298
 10
-345.62739174972273
 20
-881.30714955963
 10
-345.6549135893716
 20
-881.2747112694127
 10
-345.68135934237864
 20
-881.2413898577113
 10
-345.7067006899691
 20
-881.2072210059282
 10
-345.7309104959933
 20
-881.1722413029255
 10
-345.75396283598457
 20
-881.1364882058455
 10
-345.7758330249198
 20
-881.1
 10
-345.7964976436529
 20
-881.0628157578738
 10
-345.8159345639925
 20
-881.0249752972848
 10
-345.83412297239755
 20
-880.9865191387457
 10
-345.8510433922647
 20
-880.9474884620746
 10
-345.86667770478454
 20
-880.9079250622976
 10
-345.88100916834367
 20
-880.8678713048942
 10
-345.8940224364519
 20
-880.8273700804308
 10
-345.90570357417585
 20
-880.7864647586333
 10
-345.91604007306057
 20
-880.7451991419447
 10
-345.92502086452424
 20
-880.703617418621
 10
-345.9326363317104
 20
-880.661764115413
 10
-345.938878319786
 20
-880.619684049886
 10
-345.9437401446739
 20
-880.5774222824284
 10
-345.9472166002102
 20
-880.5350240679992
 10
-345.94930396371933
 20
-880.4925348076683
 10
-345.95000000000005
 20
-880.45
 10
-345.94930396371933
 20
-880.4074651923318
 10
-345.9472166002102
 20
-880.3649759320008
 10
-345.9437401446739
 20
-880.3225777175716
 10
-345.938878319786
 20
-880.280315950114
 10
-345.9326363317104
 20
-880.2382358845871
 10
-345.92502086452424
 20
-880.196382581379
 10
-345.91604007306057
 20
-880.1548008580553
 10
-345.90570357417585
 20
-880.1135352413667
 10
-345.8940224364519
 20
-880.0726299195692
 10
-345.88100916834367
 20
-880.0321286951059
 10
-345.86667770478454
 20
-879.9920749377025
 10
-345.8510433922647
 20
-879.9525115379254
 10
-345.83412297239755
 20
-879.9134808612542
 10
-345.8159345639925
 20
-879.8750247027153
 10
-345.7964976436529
 20
-879.8371842421262
 10
-345.7758330249198
 20
-879.8
 10
-345.75396283598457
 20
-879.7635117941545
 10
-345.7309104959933
 20
-879.7277586970745
 10
-345.7067006899691
 20
-879.6927789940719
 10
-345.68135934237864
 20
-879.6586101422887
 10
-345.6549135893716
 20
-879.6252887305873
 10
-345.62739174972273
 20
-879.59285044037
 10
-345.5988232945072
 20
-879.5613300073703
 10
-345.5692388155425
 20
-879.5307611844574
 10
-345.53866999262976
 20
-879.5011767054928
 10
-345.50714955963014
 20
-879.4726082502773
 10
-345.47471126941275
 20
-879.4450864106284
 10
-345.4413898577114
 20
-879.4186406576214
 10
-345.4072210059282
 20
-879.3932993100309
 10
-345.37224130292554
 20
-879.3690895040068
 10
-345.3364882058455
 20
-879.3460371640155
 10
-345.3
 20
-879.3241669750803
 10
-345.26281575787385
 20
-879.3035023563472
 10
-345.22497529728474
 20
-879.2840654360075
 10
-345.1865191387457
 20
-879.2658770276025
 10
-345.14748846207465
 20
-879.2489566077353
 10
-345.1079250622976
 20
-879.2333222952154
 10
-345.06787130489414
 20
-879.2189908316564
 10
-345.02737008043084
 20
-879.2059775635481
 10
-344.9864647586333
 20
-879.1942964258242
 10
-344.9451991419447
 20
-879.1839599269395
 10
-344.903617418621
 20
-879.1749791354758
 10
-344.861764115413
 20
-879.1673636682897
 10
-344.8196840498861
 20
-879.161121680214
 10
-344.77742228242846
 20
-879.1562598553262
 10
-344.73502406799923
 20
-879.1527833997898
 10
-344.6925348076683
 20
-879.1506960362807
 10
-344.65000000000003
 20
-879.15
 10
-344.60746519233174
 20
-879.1506960362807
 10
-344.56497593200083
 20
-879.1527833997898
 10
-344.5225777175716
 20
-879.1562598553262
 10
-344.48031595011395
 20
-879.161121680214
 10
-344.4382358845871
 20
-879.1673636682897
 10
-344.39638258137904
 20
-879.1749791354758
 10
-344.35480085805534
 20
-879.1839599269395
 10
-344.31353524136676
 20
-879.1942964258242
 10
-344.2726299195692
 20
-879.2059775635481
 10
-344.2321286951059
 20
-879.2189908316564
 10
-344.19207493770244
 20
-879.2333222952154
 10
-344.1525115379254
 20
-879.2489566077353
 10
-344.11348086125435
 20
-879.2658770276025
 10
-344.0750247027153
 20
-879.2840654360075
 10
-344.0371842421262
 20
-879.3035023563472
 10
-344.00000000000006
 20
-879.3241669750803
 10
-343.96351179415456
 20
-879.3460371640155
 10
-343.9277586970745
 20
-879.3690895040068
 10
-343.8927789940719
 20
-879.3932993100309
 10
-343.8586101422887
 20
-879.4186406576214
 10
-343.8252887305873
 20
-879.4450864106284
 10
-343.79285044036993
 20
-879.4726082502773
 10
-343.7613300073703
 20
-879.5011767054928
 10
-343.73076118445755
 20
-879.5307611844574
 10
-343.70117670549286
 20
-879.5613300073703
 10
-343.67260825027734
 20
-879.59285044037
 10
-343.6450864106285
 20
-879.6252887305873
 10
-343.6186406576214
 20
-879.6586101422887
 10
-343.59329931003094
 20
-879.6927789940719
 10
-343.56908950400674
 20
-879.7277586970745
 10
-343.5460371640155
 20
-879.7635117941545
 10
-343.5241669750803
 20
-879.8
 10
-343.50350235634716
 20
-879.8371842421262
 10
-343.48406543600754
 20
-879.8750247027153
 10
-343.4658770276025
 20
-879.9134808612542
 10
-343.44895660773534
 20
-879.9525115379254
 10
-343.43332229521553
 20
-879.9920749377025
 10
-343.4189908316564
 20
-880.0321286951059
 10
-343.40597756354816
 20
-880.0726299195692
 10
-343.3942964258242
 20
-880.1135352413667
 10
-343.3839599269395
 20
-880.1548008580553
 10
-343.3749791354758
 20
-880.196382581379
 10
-343.36736366828967
 20
-880.2382358845871
 10
-343.36112168021407
 20
-880.280315950114
 10
-343.3562598553262
 20
-880.3225777175716
 10
-343.35278339978987
 20
-880.3649759320008
 10
-343.35069603628074
 20
-880.4074651923318
 10
-343.35
 20
-880.45
  0
LWPOLYLINE
  5
109
330
17
100
AcDbEntity
  8
20_ВИДИМЫЕ
100
AcDbPolyline
 90
193
 70
1
 10
-342.35
 20
-880.45
 10
-342.3512314488044
 20
-880.5252538904901
 10
-342.3549244765512
 20
-880.6004271972294
 10
-342.36107512865397
 20
-880.675439422758
 10
-342.3696768188403
 20
-880.7502102421062
 10
-342.38072033620483
 20
-880.8246595888075
 10
-342.3941938550726
 20
-880.8987077406371
 10
-342.41008294766215
 20
-880.9722754049791
 10
-342.4283705995352
 20
-881.0452838037359
 10
-342.44903722781595
 20
-881.1176547576853
 10
-342.4720607021613
 20
-881.1893107701973
 10
-342.4974163684582
 20
-881.2601751102188
 10
-342.5250770752241
 20
-881.3301718944397
 10
-342.5550132026813
 20
-881.3992261685501
 10
-342.5871926944749
 20
-881.4672639875037
 10
-342.6215810919988
 20
-881.5342124946998
 10
-342.6581415712958
 20
-881.6
 10
-342.6968349824889
 20
-881.6645560564958
 10
-342.7376198917042
 20
-881.7278115359451
 10
-342.7804526254393
 20
-881.7896987027959
 10
-342.8252873173302
 20
-881.8501512867201
 10
-342.87207595726574
 20
-881.9091045535764
 10
-342.92076844279836
 20
-881.9664953747301
 10
-342.971312632795
 20
-882.0222622946526
 10
-343.023654403271
 20
-882.0763455967291
 10
-343.07773770534743
 20
-882.128687367205
 10
-343.1335046252699
 20
-882.1792315572017
 10
-343.19089544642367
 20
-882.2279240427343
 10
-343.24984871327996
 20
-882.2747126826698
 10
-343.3103012972041
 20
-882.3195473745607
 10
-343.37218846405494
 20
-882.3623801082958
 10
-343.4354439435042
 20
-882.4031650175111
 10
-343.50000000000006
 20
-882.4418584287042
 10
-343.56578750530025
 20
-882.4784189080012
 10
-343.6327360124963
 20
-882.5128073055251
 10
-343.7007738314499
 20
-882.5449867973186
 10
-343.76982810556035
 20
-882.5749229247759
 10
-343.8398248897812
 20
-882.6025836315418
 10
-343.91068922980276
 20
-882.6279392978388
 10
-343.98234524231475
 20
-882.6509627721841
 10
-344.0547161962642
 20
-882.6716294004649
 10
-344.127724595021
 20
-882.6899170523379
 10
-344.20129225936296
 20
-882.7058061449275
 10
-344.2753404111925
 20
-882.7192796637952
 10
-344.3497897578939
 20
-882.7303231811597
 10
-344.42456057724206
 20
-882.7389248713461
 10
-344.49957280277073
 20
-882.7450755234488
 10
-344.57474610950993
 20
-882.7487685511957
 10
-344.65000000000003
 20
-882.75
 10
-344.72525389049014
 20
-882.7487685511957
 10
-344.80042719722934
 20
-882.7450755234488
 10
-344.875439422758
 20
-882.7389248713461
 10
-344.95021024210615
 20
-882.7303231811597
 10
-345.0246595888076
 20
-882.7192796637952
 10
-345.0987077406371
 20
-882.7058061449275
 10
-345.1722754049791
 20
-882.6899170523379
 10
-345.24528380373584
 20
-882.6716294004649
 10
-345.3176547576853
 20
-882.6509627721841
 10
-345.3893107701973
 20
-882.6279392978388
 10
-345.46017511021887
 20
-882.6025836315418
 10
-345.5301718944397
 20
-882.5749229247759
 10
-345.59922616855016
 20
-882.5449867973186
 10
-345.66726398750376
 20
-882.5128073055251
 10
-345.7342124946998
 20
-882.4784189080012
 10
-345.8
 20
-882.4418584287042
 10
-345.86455605649587
 20
-882.4031650175111
 10
-345.9278115359451
 20
-882.3623801082958
 10
-345.989698702796
 20
-882.3195473745607
 10
-346.0501512867201
 20
-882.2747126826698
 10
-346.1091045535764
 20
-882.2279240427343
 10
-346.1664953747302
 20
-882.1792315572017
 10
-346.22226229465264
 20
-882.128687367205
 10
-346.2763455967291
 20
-882.0763455967291
 10
-346.3286873672051
 20
-882.0222622946526
 10
-346.3792315572017
 20
-881.9664953747301
 10
-346.42792404273433
 20
-881.9091045535764
 10
-346.47471268266986
 20
-881.8501512867201
 10
-346.5195473745608
 20
-881.7896987027959
 10
-346.5623801082959
 20
-881.7278115359451
 10
-346.6031650175112
 20
-881.6645560564958
 10
-346.64185842870427
 20
-881.6
 10
-346.6784189080013
 20
-881.5342124946998
 10
-346.7128073055252
 20
-881.4672639875037
 10
-346.74498679731875
 20
-881.3992261685501
 10
-346.774922924776
 20
-881.3301718944397
 10
-346.8025836315419
 20
-881.2601751102188
 10
-346.8279392978388
 20
-881.1893107701973
 10
-346.8509627721841
 20
-881.1176547576853
 10
-346.8716294004649
 20
-881.0452838037359
 10
-346.8899170523379
 20
-880.9722754049791
 10
-346.90580614492745
 20
-880.8987077406371
 10
-346.91927966379524
 20
-880.8246595888075
 10
-346.9303231811598
 20
-880.7502102421062
 10
-346.9389248713461
 20
-880.675439422758
 10
-346.94507552344885
 20
-880.6004271972294
 10
-346.94876855119566
 20
-880.5252538904901
 10
-346.95000000000005
 20
-880.45
 10
-346.94876855119566
 20
-880.3747461095099
 10
-346.94507552344885
 20
-880.2995728027706
 10
-346.9389248713461
 20
-880.2245605772421
 10
-346.9303231811598
 20
-880.1497897578939
 10
-346.91927966379524
 20
-880.0753404111924
 10
-346.90580614492745
 20
-880.0012922593629
 10
-346.8899170523379
 20
-879.9277245950209
 10
-346.8716294004649
 20
-879.8547161962642
 10
-346.8509627721841
 20
-879.7823452423147
 10
-346.8279392978388
 20
-879.7106892298027
 10
-346.8025836315419
 20
-879.6398248897812
 10
-346.774922924776
 20
-879.5698281055603
 10
-346.74498679731875
 20
-879.5007738314499
 10
-346.7128073055252
 20
-879.4327360124963
 10
-346.6784189080013
 20
-879.3657875053002
 10
-346.64185842870427
 20
-879.3
 10
-346.6031650175112
 20
-879.2354439435042
 10
-346.5623801082959
 20
-879.1721884640549
 10
-346.5195473745608
 20
-879.110301297204
 10
-346.47471268266986
 20
-879.04984871328
 10
-346.42792404273433
 20
-878.9908954464236
 10
-346.3792315572017
 20
-878.9335046252698
 10
-346.3286873672051
 20
-878.8777377053474
 10
-346.2763455967291
 20
-878.8236544032709
 10
-346.22226229465264
 20
-878.771312632795
 10
-346.1664953747302
 20
-878.7207684427983
 10
-346.1091045535764
 20
-878.6720759572657
 10
-346.0501512867201
 20
-878.6252873173302
 10
-345.989698702796
 20
-878.5804526254393
 10
-345.9278115359451
 20
-878.5376198917041
 10
-345.86455605649587
 20
-878.4968349824888
 10
-345.8
 20
-878.4581415712958
 10
-345.7342124946998
 20
-878.4215810919987
 10
-345.66726398750376
 20
-878.3871926944748
 10
-345.59922616855016
 20
-878.3550132026813
 10
-345.5301718944397
 20
-878.325077075224
 10
-345.46017511021887
 20
-878.2974163684581
 10
-345.3893107701973
 20
-878.2720607021613
 10
-345.3176547576853
 20
-878.249037227816
 10
-345.24528380373584
 20
-878.2283705995351
 10
-345.1722754049791
 20
-878.2100829476622
 10
-345.0987077406371
 20
-878.1941938550726
 10
-345.0246595888076
 20
-878.1807203362048
 10
-344.95021024210615
 20
-878.1696768188402
 10
-344.875439422758
 20
-878.1610751286539
 10
-344.80042719722934
 20
-878.1549244765512
 10
-344.72525389049014
 20
-878.1512314488043
 10
-344.65000000000003
 20
-878.15
 10
-344.57474610950993
 20
-878.1512314488043
 10
-344.49957280277073
 20
-878.1549244765512
 10
-344.42456057724206
 20
-878.1610751286539
 10
-344.3497897578939
 20
-878.1696768188402
 10
-344.2753404111925
 20
-878.1807203362048
 10
-344.20129225936296
 20
-878.1941938550726
 10
-344.127724595021
 20
-878.2100829476622
 10
-344.0547161962642
 20
-878.2283705995351
 10
-343.98234524231475
 20
-878.249037227816
 10
-343.91068922980276
 20
-878.2720607021613
 10
-343.8398248897812
 20
-878.2974163684581
 10
-343.76982810556035
 20
-878.325077075224
 10
-343.7007738314499
 20
-878.3550132026813
 10
-343.6327360124963
 20
-878.3871926944748
 10
-343.56578750530025
 20
-878.4215810919987
 10
-343.50000000000006
 20
-878.4581415712958
 10
-343.4354439435042
 20
-878.4968349824888
 10
-343.37218846405494
 20
-878.5376198917041
 10
-343.3103012972041
 20
-878.5804526254393
 10
-343.24984871327996
 20
-878.6252873173302
 10
-343.19089544642367
 20
-878.6720759572657
 10
-343.1335046252699
 20
-878.7207684427983
 10
-343.07773770534743
 20
-878.771312632795
 10
-343.023654403271
 20
-878.8236544032709
 10
-342.971312632795
 20
-878.8777377053474
 10
-342.92076844279836
 20
-878.9335046252698
 10
-342.87207595726574
 20
-878.9908954464236
 10
-342.8252873173302
 20
-879.04984871328
 10
-342.7804526254393
 20
-879.110301297204
 10
-342.7376198917042
 20
-879.1721884640549
 10
-342.6968349824889
 20
-879.2354439435042
 10
-342.6581415712958
 20
-879.3
 10
-342.6215810919988
 20
-879.3657875053002
 10
-342.5871926944749
 20
-879.4327360124963
 10
-342.5550132026813
 20
-879.5007738314499
 10
-342.5250770752241
 20
-879.5698281055603
 10
-342.4974163684582
 20
-879.6398248897812
 10
-342.4720607021613
 20
-879.7106892298027
 10
-342.44903722781595
 20
-879.7823452423147
 10
-342.4283705995352
 20
-879.8547161962642
 10
-342.41008294766215
 20
-879.9277245950209
 10
-342.3941938550726
 20
-880.0012922593629
 10
-342.38072033620483
 20
-880.0753404111924
 10
-342.3696768188403
 20
-880.1497897578939
 10
-342.36107512865397
 20
-880.2245605772421
 10
-342.3549244765512
 20
-880.2995728027706
 10
-342.3512314488044
 20
-880.3747461095099
 10
-342.35
 20
-880.45
  0
LWPOLYLINE
  5
10A
330
17
100
AcDbEntity
  8
20_ВИДИМЫЕ
100
AcDbPolyline
 90
5
 70
1
 10
-372.02472580451143
 20
-910.3448268171891
 10
-370.0448268171891
 20
-912.3247258045114
 10
-351.66005050633885
 20
-893.9399494936612
 10
-353.6399494936612
 20
-891.9600505063388
 10
-372.02472580451143
 20
-910.3448268171891
  0
LWPOLYLINE
  5
10B
330
17
100
AcDbEntity
  8
20_ВИДИМЫЕ
100
AcDbPolyline
 90
133
 70
1
 10
-340.65000000000003
 20
-680.55
 10
-340.65361363138453
 20
-680.6972030229822
 10
-340.6644458199834
 20
-680.8440514209886
 10
-340.68247047010567
 20
-680.9901914233661
 10
-340.70764415879034
 20
-681.1352709660484
 10
-340.7399062404164
 20
-681.2789405397098
 10
-340.7791789928034
 20
-681.4208540317634
 10
-340.825367804451
 20
-681.5606695601766
 10
-340.87836140246617
 20
-681.6980502970953
 10
-340.9380321206297
 20
-681.8326652802908
 10
-341.00423620695494
 20
-681.964190210478
 10
-341.07681416999924
 20
-682.0923082325796
 10
-341.1555911630924
 20
-682.2167106990588
 10
-341.2403774055581
 20
-682.3370979134772
 10
-341.3309686399118
 20
-682.453179852491
 10
-341.42714662393513
 20
-682.5646768645411
 10
-341.5286796564404
 20
-682.6713203435596
 10
-341.635323135459
 20
-682.7728533760649
 10
-341.7468201475091
 20
-682.8690313600882
 10
-341.86290208652275
 20
-682.959622594442
 10
-341.98328930094124
 20
-683.0444088369077
 10
-342.10769176742036
 20
-683.1231858300008
 10
-342.235809789522
 20
-683.1957637930451
 10
-342.36733471970916
 20
-683.2619678793703
 10
-342.50194970290477
 20
-683.3216385975338
 10
-342.63933043982337
 20
-683.3746321955491
 10
-342.77914596823666
 20
-683.4208210071967
 10
-342.9210594602902
 20
-683.4600937595836
 10
-343.06472903395166
 20
-683.4923558412097
 10
-343.209808576634
 20
-683.5175295298943
 10
-343.35594857901134
 20
-683.5355541800166
 10
-343.5027969770178
 20
-683.5463863686155
 10
-343.65000000000003
 20
-683.55
 10
-361.65000000000003
 20
-683.55
 10
-361.7972030229823
 20
-683.5463863686155
 10
-361.9440514209887
 20
-683.5355541800166
 10
-362.09019142336615
 20
-683.5175295298943
 10
-362.2352709660484
 20
-683.4923558412097
 10
-362.37894053970984
 20
-683.4600937595836
 10
-362.5208540317634
 20
-683.4208210071967
 10
-362.6606695601767
 20
-683.3746321955491
 10
-362.7980502970953
 20
-683.3216385975338
 10
-362.9326652802909
 20
-683.2619678793703
 10
-363.06419021047805
 20
-683.1957637930451
 10
-363.1923082325797
 20
-683.1231858300008
 10
-363.31671069905883
 20
-683.0444088369077
 10
-363.4370979134773
 20
-682.959622594442
 10
-363.553179852491
 20
-682.8690313600882
 10
-363.6646768645411
 20
-682.7728533760649
 10
-363.7713203435597
 20
-682.6713203435596
 10
-363.87285337606494
 20
-682.5646768645411
 10
-363.96903136008825
 20
-682.453179852491
 10
-364.059622594442
 20
-682.3370979134772
 10
-364.1444088369077
 20
-682.2167106990588
 10
-364.22318583000083
 20
-682.0923082325796
 10
-364.2957637930451
 20
-681.964190210478
 10
-364.36196787937035
 20
-681.8326652802908
 10
-364.4216385975339
 20
-681.6980502970953
 10
-364.4746321955491
 20
-681.5606695601766
 10
-364.5208210071967
 20
-681.4208540317634
 10
-364.56009375958365
 20
-681.2789405397098
 10
-364.5923558412097
 20
-681.1352709660484
 10
-364.6175295298944
 20
-680.9901914233661
 10
-364.63555418001664
 20
-680.8440514209886
 10
-364.64638636861554
 20
-680.6972030229822
 10
-364.65000000000003
 20
-680.55
 10
-364.65000000000003
 20
-653.55
 10
-364.64638636861554
 20
-653.4027969770177
 10
-364.63555418001664
 20
-653.2559485790114
 10
-364.6175295298944
 20
-653.1098085766339
 10
-364.5923558412097
 20
-652.9647290339516
 10
-364.56009375958365
 20
-652.8210594602901
 10
-364.5208210071967
 20
-652.6791459682366
 10
-364.4746321955491
 20
-652.5393304398233
 10
-364.4216385975339
 20
-652.4019497029047
 10
-364.36196787937035
 20
-652.2673347197092
 10
-364.2957637930451
 20
-652.135809789522
 10
-364.22318583000083
 20
-652.0076917674203
 10
-364.14440883690764
 20
-651.8832893009412
 10
-364.059622594442
 20
-651.7629020865227
 10
-363.96903136008825
 20
-651.6468201475091
 10
-363.8728533760649
 20
-651.535323135459
 10
-363.7713203435597
 20
-651.4286796564404
 10
-363.6646768645411
 20
-651.327146623935
 10
-363.553179852491
 20
-651.2309686399118
 10
-363.4370979134773
 20
-651.1403774055581
 10
-363.31671069905883
 20
-651.0555911630923
 10
-363.1923082325797
 20
-650.9768141699992
 10
-363.06419021047805
 20
-650.9042362069549
 10
-362.9326652802909
 20
-650.8380321206297
 10
-362.7980502970953
 20
-650.7783614024661
 10
-362.6606695601767
 20
-650.7253678044509
 10
-362.5208540317634
 20
-650.6791789928034
 10
-362.37894053970984
 20
-650.6399062404164
 10
-362.2352709660484
 20
-650.6076441587903
 10
-362.0901914233661
 20
-650.5824704701056
 10
-361.9440514209887
 20
-650.5644458199833
 10
-361.7972030229823
 20
-650.5536136313845
 10
-361.65000000000003
 20
-650.55
 10
-343.65000000000003
 20
-650.55
 10
-343.5027969770178
 20
-650.5536136313845
 10
-343.35594857901134
 20
-650.5644458199833
 10
-343.209808576634
 20
-650.5824704701056
 10
-343.06472903395166
 20
-650.6076441587903
 10
-342.9210594602902
 20
-650.6399062404164
 10
-342.77914596823666
 20
-650.6791789928034
 10
-342.63933043982337
 20
-650.7253678044509
 10
-342.50194970290477
 20
-650.7783614024661
 10
-342.36733471970916
 20
-650.8380321206297
 10
-342.235809789522
 20
-650.9042362069549
 10
-342.10769176742036
 20
-650.9768141699992
 10
-341.98328930094124
 20
-651.0555911630923
 10
-341.86290208652275
 20
-651.1403774055581
 10
-341.7468201475091
 20
-651.2309686399118
 10
-341.635323135459
 20
-651.327146623935
 10
-341.5286796564404
 20
-651.4286796564404
 10
-341.42714662393513
 20
-651.535323135459
 10
-341.3309686399118
 20
-651.6468201475091
 10
-341.2403774055581
 20
-651.7629020865227
 10
-341.1555911630924
 20
-651.8832893009412
 10
-341.07681416999924
 20
-652.0076917674203
 10
-341.00423620695494
 20
-652.135809789522
 10
-340.9380321206297
 20
-652.2673347197092
 10
-340.87836140246617
 20
-652.4019497029047
 10
-340.825367804451
 20
-652.5393304398233
 10
-340.7791789928034
 20
-652.6791459682366
 10
-340.7399062404164
 20
-652.8210594602901
 10
-340.70764415879034
 20
-652.9647290339516
 10
-340.68247047010567
 20
-653.1098085766339
 10
-340.6644458199834
 20
-653.2559485790114
 10
-340.65361363138453
 20
-653.4027969770177
 10
-340.65000000000003
 20
-653.55
 10
-340.65000000000003
 20
-680.55
  0
LWPOLYLINE
  5
10C
330
17
100
AcDbEntity
  8
20_ВИДИМЫЕ
100
AcDbPolyline
 90
513
 70
1
 10
-344.15000000000003
 20
-667.05
 10
-344.1506400343673
 20
-667.1543080754286
 10
-344.1525600410823
 20
-667.2586004424447
 10
-344.1557597309991
 20
-667.3628613950016
 10
-344.1602386222561
 20
-667.467075231783
 10
-344.1659960403488
 20
-667.5712262585688
 10
-344.17303111823117
 20
-667.6752987905971
 10
-344.1813427964464
 20
-667.7792771549277
 10
-344.19092982328635
 20
-667.8831456928012
 10
-344.20179075498
 20
-667.986888761998
 10
-344.213923955911
 20
-668.0904907391933
 10
-344.2273275988639
 20
-668.1939360223106
 10
-344.2419996652994
 20
-668.2972090328706
 10
-344.2579379456582
 20
-668.4002942183379
 10
-344.275140039694
 20
-668.5031760544625
 10
-344.2936033568347
 20
-668.6058390476187
 10
-344.31332511657257
 20
-668.7082677371371
 10
-344.33430234888317
 20
-668.8104466976339
 10
-344.3565318946725
 20
-668.9123605413333
 10
-344.3800104062528
 20
-669.0139939203857
 10
-344.4047343478464
 20
-669.1153315291778
 10
-344.4306999961188
 20
-669.2163581066384
 10
-344.4579034407388
 20
-669.3170584385366
 10
-344.4863405849677
 20
-669.4174173597729
 10
-344.51600714627625
 20
-669.5174197566629
 10
-344.5468986569894
 20
-669.6170505692135
 10
-344.5790104649592
 20
-669.7162947933906
 10
-344.6123377342656
 20
-669.8151374833792
 10
-344.6468754459444
 20
-669.9135637538338
 10
-344.68261839874316
 20
-670.0115587821202
 10
-344.7195612099047
 20
-670.1091078105474
 10
-344.7576983159777
 20
-670.2061961485906
 10
-344.7970239736541
 20
-670.3028091751032
 10
-344.83753226063453
 20
-670.398932340519
 10
-344.87921707652004
 20
-670.4945511690424
 10
-344.9220721437306
 20
-670.5896512608299
 10
-344.96609100845075
 20
-670.6842182941574
 10
-345.0112670416014
 20
-670.7782380275775
 10
-345.0575934398382
 20
-670.8716963020642
 10
-345.1050632265758
 20
-670.964579043145
 10
-345.153669253039
 20
-671.056872263021
 10
-345.2034041993391
 20
-671.1485620626726
 10
-345.254260575576
 20
-671.2396346339532
 10
-345.3062307229666
 20
-671.3300762616686
 10
-345.3593068149977
 20
-671.4198733256424
 10
-345.4134808586053
 20
-671.509012302767
 10
-345.4687446953775
 20
-671.5974797690403
 10
-345.5250900027839
 20
-671.6852624015874
 10
-345.5825082954284
 20
-671.7723469806666
 10
-345.64099092632733
 20
-671.8587203916607
 10
-345.70052908821157
 20
-671.9443696270516
 10
-345.761113814853
 20
-672.0292817883798
 10
-345.82273598241454
 20
-672.1134440881857
 10
-345.8853863108245
 20
-672.1968438519368
 10
-345.9490553651739
 20
-672.2794685199353
 10
-346.01373355713724
 20
-672.3613056492103
 10
-346.07941114641676
 20
-672.442342915391
 10
-346.1460782422091
 20
-672.5225681145632
 10
-346.2137248046949
 20
-672.6019691651071
 10
-346.2823406465506
 20
-672.6805341095164
 10
-346.35191543448286
 20
-672.7582511161996
 10
-346.42243869078453
 20
-672.8351084812614
 10
-346.4938997949126
 20
-672.9110946302651
 10
-346.56628798508757
 20
-672.9861981199763
 10
-346.6395923599144
 20
-673.0604076400857
 10
-346.71380188002377
 20
-673.1337120149125
 10
-346.78890536973495
 20
-673.2061002050875
 10
-346.86489151873866
 20
-673.2775613092156
 10
-346.94174888380036
 20
-673.3480845655172
 10
-347.01946589048356
 20
-673.4176593534494
 10
-347.09803083489294
 20
-673.4862751953051
 10
-347.1774318854368
 20
-673.5539217577909
 10
-347.25765708460904
 20
-673.6205888535833
 10
-347.33869435078975
 20
-673.6862664428628
 10
-347.4205314800647
 20
-673.7509446348262
 10
-347.5031561480633
 20
-673.8146136891755
 10
-347.58655591181434
 20
-673.8772640175855
 10
-347.6707182116203
 20
-673.9388861851471
 10
-347.75563037294836
 20
-673.9994709117884
 10
-347.84127960833933
 20
-674.0590090736728
 10
-347.92765301933343
 20
-674.1174917045716
 10
-348.01473759841264
 20
-674.1749099972161
 10
-348.1025202309597
 20
-674.2312553046226
 10
-348.190987697233
 20
-674.2865191413947
 10
-348.28012667435763
 20
-674.3406931850024
 10
-348.3699237383314
 20
-674.3937692770335
 10
-348.46036536604686
 20
-674.445739424424
 10
-348.5514379373275
 20
-674.496595800661
 10
-348.64312773697907
 20
-674.5463307469611
 10
-348.73542095685497
 20
-674.5949367734243
 10
-348.8283036979359
 20
-674.6424065601618
 10
-348.92176197242253
 20
-674.6887329583986
 10
-349.01578170584264
 20
-674.7339089915492
 10
-349.1103487391701
 20
-674.7779278562695
 10
-349.2054488309576
 20
-674.82078292348
 10
-349.30106765948113
 20
-674.8624677393655
 10
-349.39719082489677
 20
-674.902976026346
 10
-349.49380385140944
 20
-674.9423016840224
 10
-349.59089218945263
 20
-674.9804387900953
 10
-349.6884412178798
 20
-675.0173816012568
 10
-349.78643624616615
 20
-675.0531245540557
 10
-349.8848625166208
 20
-675.0876622657345
 10
-349.98370520660944
 20
-675.1209895350408
 10
-350.0829494307866
 20
-675.1531013430107
 10
-350.1825802433371
 20
-675.1839928537238
 10
-350.2825826402271
 20
-675.2136594150323
 10
-350.3829415614634
 20
-675.2420965592612
 10
-350.48364189336166
 20
-675.2693000038812
 10
-350.5846684708223
 20
-675.2952656521536
 10
-350.68600607961434
 20
-675.3199895937472
 10
-350.78763945866666
 20
-675.3434681053275
 10
-350.88955330236615
 20
-675.3656976511169
 10
-350.99173226286297
 20
-675.3866748834274
 10
-351.09416095238134
 20
-675.4063966431653
 10
-351.19682394553746
 20
-675.424859960306
 10
-351.2997057816622
 20
-675.4420620543418
 10
-351.4027909671295
 20
-675.4580003347006
 10
-351.50606397768945
 20
-675.4726724011362
 10
-351.6095092608067
 20
-675.486076044089
 10
-351.713111238002
 20
-675.49820924502
 10
-351.81685430719875
 20
-675.5090701767136
 10
-351.9207228450723
 20
-675.5186572035536
 10
-352.02470120940285
 20
-675.5269688817689
 10
-352.12877374143125
 20
-675.5340039596513
 10
-352.232924768217
 20
-675.539761377744
 10
-352.3371386049985
 20
-675.544240269001
 10
-352.44139955755526
 20
-675.5474399589177
 10
-352.54569192457143
 20
-675.5493599656327
 10
-352.65000000000003
 20
-675.55
 10
-352.75430807542864
 20
-675.5493599656327
 10
-352.8586004424448
 20
-675.5474399589177
 10
-352.9628613950016
 20
-675.544240269001
 10
-353.06707523178306
 20
-675.539761377744
 10
-353.1712262585688
 20
-675.5340039596513
 10
-353.2752987905972
 20
-675.5269688817689
 10
-353.37927715492776
 20
-675.5186572035536
 10
-353.4831456928013
 20
-675.5090701767136
 10
-353.58688876199807
 20
-675.49820924502
 10
-353.69049073919336
 20
-675.486076044089
 10
-353.7939360223106
 20
-675.4726724011362
 10
-353.8972090328706
 20
-675.4580003347006
 10
-354.00029421833784
 20
-675.4420620543418
 10
-354.1031760544626
 20
-675.424859960306
 10
-354.2058390476187
 20
-675.4063966431653
 10
-354.3082677371371
 20
-675.3866748834274
 10
-354.4104466976339
 20
-675.3656976511169
 10
-354.5123605413334
 20
-675.3434681053275
 10
-354.6139939203857
 20
-675.3199895937473
 10
-354.7153315291778
 20
-675.2952656521536
 10
-354.8163581066384
 20
-675.2693000038812
 10
-354.9170584385367
 20
-675.2420965592612
 10
-355.017417359773
 20
-675.2136594150323
 10
-355.11741975666297
 20
-675.1839928537238
 10
-355.2170505692135
 20
-675.1531013430107
 10
-355.3162947933906
 20
-675.1209895350408
 10
-355.4151374833793
 20
-675.0876622657345
 10
-355.5135637538339
 20
-675.0531245540557
 10
-355.61155878212026
 20
-675.0173816012568
 10
-355.70910781054744
 20
-674.9804387900953
 10
-355.80619614859063
 20
-674.9423016840224
 10
-355.9028091751033
 20
-674.902976026346
 10
-355.99893234051893
 20
-674.8624677393655
 10
-356.09455116904246
 20
-674.82078292348
 10
-356.18965126083
 20
-674.7779278562695
 10
-356.2842182941574
 20
-674.7339089915492
 10
-356.37823802757754
 20
-674.6887329583986
 10
-356.4716963020642
 20
-674.6424065601618
 10
-356.5645790431451
 20
-674.5949367734243
 10
-356.656872263021
 20
-674.5463307469611
 10
-356.7485620626726
 20
-674.496595800661
 10
-356.8396346339532
 20
-674.445739424424
 10
-356.93007626166866
 20
-674.3937692770335
 10
-357.01987332564244
 20
-674.3406931850024
 10
-357.10901230276704
 20
-674.2865191413947
 10
-357.19747976904034
 20
-674.2312553046226
 10
-357.28526240158743
 20
-674.1749099972161
 10
-357.37234698066663
 20
-674.1174917045716
 10
-357.45872039166073
 20
-674.0590090736728
 10
-357.5443696270517
 20
-673.9994709117884
 10
-357.6292817883798
 20
-673.9388861851471
 10
-357.7134440881857
 20
-673.8772640175855
 10
-357.7968438519368
 20
-673.8146136891755
 10
-357.87946851993536
 20
-673.7509446348262
 10
-357.9613056492103
 20
-673.6862664428628
 10
-358.04234291539103
 20
-673.6205888535833
 10
-358.12256811456325
 20
-673.5539217577909
 10
-358.20196916510713
 20
-673.4862751953051
 10
-358.2805341095165
 20
-673.4176593534494
 10
-358.3582511161997
 20
-673.3480845655172
 10
-358.4351084812614
 20
-673.2775613092156
 10
-358.5110946302651
 20
-673.2061002050875
 10
-358.5861981199763
 20
-673.1337120149125
 10
-358.6604076400857
 20
-673.0604076400857
 10
-358.7337120149125
 20
-672.9861981199763
 10
-358.8061002050875
 20
-672.9110946302651
 10
-358.87756130921554
 20
-672.8351084812614
 10
-358.9480845655172
 20
-672.7582511161996
 10
-359.01765935344946
 20
-672.6805341095164
 10
-359.0862751953052
 20
-672.6019691651071
 10
-359.15392175779095
 20
-672.5225681145632
 10
-359.2205888535833
 20
-672.442342915391
 10
-359.2862664428628
 20
-672.3613056492103
 10
-359.3509446348262
 20
-672.2794685199353
 10
-359.41461368917555
 20
-672.1968438519368
 10
-359.4772640175855
 20
-672.1134440881857
 10
-359.5388861851471
 20
-672.0292817883798
 10
-359.5994709117885
 20
-671.9443696270516
 10
-359.65900907367273
 20
-671.8587203916607
 10
-359.71749170457167
 20
-671.7723469806666
 10
-359.7749099972162
 20
-671.6852624015874
 10
-359.8312553046226
 20
-671.5974797690403
 10
-359.8865191413948
 20
-671.509012302767
 10
-359.9406931850024
 20
-671.4198733256424
 10
-359.9937692770335
 20
-671.3300762616686
 10
-360.0457394244241
 20
-671.2396346339532
 10
-360.09659580066096
 20
-671.1485620626726
 10
-360.14633074696104
 20
-671.056872263021
 10
-360.1949367734243
 20
-670.964579043145
 10
-360.2424065601619
 20
-670.8716963020642
 10
-360.28873295839867
 20
-670.7782380275775
 10
-360.3339089915493
 20
-670.6842182941574
 10
-360.3779278562695
 20
-670.5896512608299
 10
-360.42078292348003
 20
-670.4945511690424
 10
-360.46246773936554
 20
-670.398932340519
 10
-360.50297602634595
 20
-670.3028091751032
 10
-360.5423016840224
 20
-670.2061961485906
 10
-360.5804387900953
 20
-670.1091078105474
 10
-360.6173816012569
 20
-670.0115587821202
 10
-360.6531245540557
 20
-669.9135637538338
 10
-360.68766226573445
 20
-669.8151374833792
 10
-360.72098953504087
 20
-669.7162947933906
 10
-360.75310134301066
 20
-669.6170505692135
 10
-360.7839928537238
 20
-669.5174197566629
 10
-360.81365941503236
 20
-669.4174173597729
 10
-360.8420965592613
 20
-669.3170584385366
 10
-360.8693000038813
 20
-669.2163581066384
 10
-360.8952656521537
 20
-669.1153315291778
 10
-360.9199895937473
 20
-669.0139939203857
 10
-360.9434681053275
 20
-668.9123605413334
 10
-360.96569765111684
 20
-668.8104466976339
 10
-360.9866748834275
 20
-668.7082677371371
 10
-361.0063966431654
 20
-668.6058390476187
 10
-361.02485996030606
 20
-668.5031760544625
 10
-361.04206205434184
 20
-668.4002942183379
 10
-361.0580003347007
 20
-668.2972090328706
 10
-361.0726724011362
 20
-668.1939360223106
 10
-361.08607604408905
 20
-668.0904907391933
 10
-361.0982092450201
 20
-667.986888761998
 10
-361.1090701767137
 20
-667.8831456928012
 10
-361.11865720355365
 20
-667.7792771549277
 10
-361.1269688817689
 20
-667.6752987905971
 10
-361.1340039596513
 20
-667.5712262585688
 10
-361.139761377744
 20
-667.467075231783
 10
-361.144240269001
 20
-667.3628613950016
 10
-361.14743995891774
 20
-667.2586004424447
 10
-361.14935996563275
 20
-667.1543080754286
 10
-361.15000000000003
 20
-667.05
 10
-361.14935996563275
 20
-666.9456919245714
 10
-361.14743995891774
 20
-666.8413995575553
 10
-361.144240269001
 20
-666.7371386049984
 10
-361.139761377744
 20
-666.632924768217
 10
-361.1340039596513
 20
-666.5287737414312
 10
-361.1269688817689
 20
-666.4247012094029
 10
-361.11865720355365
 20
-666.3207228450723
 10
-361.1090701767137
 20
-666.2168543071987
 10
-361.0982092450201
 20
-666.113111238002
 10
-361.08607604408905
 20
-666.0095092608067
 10
-361.0726724011362
 20
-665.9060639776894
 10
-361.0580003347007
 20
-665.8027909671295
 10
-361.04206205434184
 20
-665.6997057816621
 10
-361.02485996030606
 20
-665.5968239455374
 10
-361.0063966431654
 20
-665.4941609523813
 10
-360.9866748834275
 20
-665.3917322628629
 10
-360.9656976511169
 20
-665.2895533023661
 10
-360.94346810532755
 20
-665.1876394586666
 10
-360.9199895937473
 20
-665.0860060796143
 10
-360.8952656521537
 20
-664.9846684708223
 10
-360.8693000038813
 20
-664.8836418933616
 10
-360.8420965592613
 20
-664.7829415614633
 10
-360.81365941503236
 20
-664.6825826402271
 10
-360.7839928537238
 20
-664.582580243337
 10
-360.75310134301066
 20
-664.4829494307866
 10
-360.72098953504087
 20
-664.3837052066094
 10
-360.68766226573445
 20
-664.2848625166207
 10
-360.6531245540557
 20
-664.1864362461661
 10
-360.6173816012569
 20
-664.0884412178798
 10
-360.58043879009534
 20
-663.9908921894526
 10
-360.5423016840224
 20
-663.8938038514094
 10
-360.50297602634595
 20
-663.7971908248967
 10
-360.46246773936554
 20
-663.701067659481
 10
-360.42078292348003
 20
-663.6054488309576
 10
-360.3779278562695
 20
-663.5103487391701
 10
-360.3339089915493
 20
-663.4157817058426
 10
-360.28873295839867
 20
-663.3217619724226
 10
-360.2424065601619
 20
-663.2283036979359
 10
-360.1949367734243
 20
-663.135420956855
 10
-360.14633074696104
 20
-663.043127736979
 10
-360.09659580066096
 20
-662.9514379373275
 10
-360.0457394244241
 20
-662.8603653660468
 10
-359.9937692770335
 20
-662.7699237383314
 10
-359.9406931850024
 20
-662.6801266743576
 10
-359.8865191413948
 20
-662.590987697233
 10
-359.8312553046226
 20
-662.5025202309597
 10
-359.7749099972162
 20
-662.4147375984126
 10
-359.71749170457167
 20
-662.3276530193334
 10
-359.65900907367273
 20
-662.2412796083393
 10
-359.5994709117885
 20
-662.1556303729483
 10
-359.5388861851471
 20
-662.0707182116203
 10
-359.4772640175855
 20
-661.9865559118143
 10
-359.41461368917555
 20
-661.9031561480632
 10
-359.3509446348262
 20
-661.8205314800647
 10
-359.2862664428628
 20
-661.7386943507897
 10
-359.2205888535833
 20
-661.657657084609
 10
-359.15392175779095
 20
-661.5774318854368
 10
-359.0862751953052
 20
-661.4980308348929
 10
-359.01765935344946
 20
-661.4194658904835
 10
-358.9480845655172
 20
-661.3417488838004
 10
-358.87756130921554
 20
-661.2648915187386
 10
-358.8061002050875
 20
-661.1889053697349
 10
-358.7337120149125
 20
-661.1138018800237
 10
-358.6604076400857
 20
-661.0395923599143
 10
-358.5861981199763
 20
-660.9662879850875
 10
-358.5110946302651
 20
-660.8938997949125
 10
-358.4351084812614
 20
-660.8224386907845
 10
-358.3582511161997
 20
-660.7519154344828
 10
-358.2805341095165
 20
-660.6823406465506
 10
-358.20196916510713
 20
-660.6137248046949
 10
-358.12256811456325
 20
-660.5460782422091
 10
-358.04234291539103
 20
-660.4794111464167
 10
-357.9613056492103
 20
-660.4137335571372
 10
-357.87946851993536
 20
-660.3490553651739
 10
-357.7968438519368
 20
-660.2853863108245
 10
-357.7134440881857
 20
-660.2227359824145
 10
-357.6292817883798
 20
-660.1611138148529
 10
-357.5443696270517
 20
-660.1005290882115
 10
-357.45872039166073
 20
-660.0409909263273
 10
-357.37234698066663
 20
-659.9825082954284
 10
-357.28526240158743
 20
-659.9250900027839
 10
-357.19747976904034
 20
-659.8687446953775
 10
-357.10901230276704
 20
-659.8134808586052
 10
-357.01987332564244
 20
-659.7593068149977
 10
-356.93007626166866
 20
-659.7062307229666
 10
-356.8396346339532
 20
-659.6542605755759
 10
-356.7485620626726
 20
-659.603404199339
 10
-356.656872263021
 20
-659.553669253039
 10
-356.56457904314505
 20
-659.5050632265758
 10
-356.4716963020642
 20
-659.4575934398381
 10
-356.37823802757754
 20
-659.4112670416014
 10
-356.2842182941574
 20
-659.3660910084507
 10
-356.18965126083
 20
-659.3220721437306
 10
-356.09455116904246
 20
-659.27921707652
 10
-355.99893234051893
 20
-659.2375322606345
 10
-355.9028091751033
 20
-659.197023973654
 10
-355.80619614859063
 20
-659.1576983159777
 10
-355.70910781054744
 20
-659.1195612099048
 10
-355.61155878212026
 20
-659.0826183987431
 10
-355.5135637538339
 20
-659.0468754459444
 10
-355.4151374833793
 20
-659.0123377342655
 10
-355.3162947933906
 20
-658.9790104649592
 10
-355.2170505692135
 20
-658.9468986569893
 10
-355.11741975666297
 20
-658.9160071462762
 10
-355.017417359773
 20
-658.8863405849677
 10
-354.9170584385367
 20
-658.8579034407387
 10
-354.8163581066384
 20
-658.8306999961187
 10
-354.7153315291778
 20
-658.8047343478464
 10
-354.6139939203857
 20
-658.7800104062527
 10
-354.5123605413334
 20
-658.7565318946725
 10
-354.4104466976339
 20
-658.7343023488831
 10
-354.3082677371371
 20
-658.7133251165725
 10
-354.2058390476187
 20
-658.6936033568346
 10
-354.1031760544626
 20
-658.675140039694
 10
-354.00029421833784
 20
-658.6579379456582
 10
-353.8972090328706
 20
-658.6419996652994
 10
-353.7939360223106
 20
-658.6273275988639
 10
-353.69049073919336
 20
-658.613923955911
 10
-353.58688876199807
 20
-658.60179075498
 10
-353.4831456928013
 20
-658.5909298232864
 10
-353.37927715492776
 20
-658.5813427964464
 10
-353.2752987905972
 20
-658.5730311182311
 10
-353.1712262585688
 20
-658.5659960403488
 10
-353.06707523178306
 20
-658.5602386222561
 10
-352.9628613950016
 20
-658.5557597309991
 10
-352.8586004424448
 20
-658.5525600410823
 10
-352.75430807542864
 20
-658.5506400343672
 10
-352.65000000000003
 20
-658.55
 10
-352.54569192457143
 20
-658.5506400343672
 10
-352.44139955755526
 20
-658.5525600410823
 10
-352.3371386049985
 20
-658.5557597309991
 10
-352.232924768217
 20
-658.5602386222561
 10
-352.12877374143125
 20
-658.5659960403488
 10
-352.02470120940285
 20
-658.5730311182311
 10
-351.9207228450723
 20
-658.5813427964464
 10
-351.81685430719875
 20
-658.5909298232864
 10
-351.71311123800206
 20
-658.60179075498
 10
-351.6095092608067
 20
-658.613923955911
 10
-351.50606397768945
 20
-658.6273275988639
 10
-351.4027909671295
 20
-658.6419996652994
 10
-351.2997057816622
 20
-658.6579379456582
 10
-351.19682394553746
 20
-658.675140039694
 10
-351.09416095238134
 20
-658.6936033568346
 10
-350.99173226286297
 20
-658.7133251165725
 10
-350.88955330236615
 20
-658.7343023488831
 10
-350.78763945866666
 20
-658.7565318946725
 10
-350.68600607961434
 20
-658.7800104062527
 10
-350.5846684708223
 20
-658.8047343478464
 10
-350.48364189336166
 20
-658.8306999961187
 10
-350.3829415614634
 20
-658.8579034407387
 10
-350.2825826402271
 20
-658.8863405849677
 10
-350.1825802433371
 20
-658.9160071462762
 10
-350.0829494307866
 20
-658.9468986569893
 10
-349.98370520660944
 20
-658.9790104649592
 10
-349.8848625166208
 20
-659.0123377342655
 10
-349.78643624616615
 20
-659.0468754459444
 10
-349.6884412178798
 20
-659.0826183987431
 10
-349.59089218945263
 20
-659.1195612099048
 10
-349.49380385140944
 20
-659.1576983159777
 10
-349.39719082489677
 20
-659.197023973654
 10
-349.30106765948113
 20
-659.2375322606345
 10
-349.2054488309576
 20
-659.27921707652
 10
-349.11034873917015
 20
-659.3220721437306
 10
-349.01578170584264
 20
-659.3660910084507
 10
-348.92176197242253
 20
-659.4112670416014
 10
-348.8283036979359
 20
-659.4575934398381
 10
-348.735420956855
 20
-659.5050632265758
 10
-348.64312773697907
 20
-659.553669253039
 10
-348.5514379373275
 20
-659.603404199339
 10
-348.46036536604686
 20
-659.6542605755759
 10
-348.3699237383314
 20
-659.7062307229666
 10
-348.28012667435763
 20
-659.7593068149977
 10
-348.190987697233
 20
-659.8134808586052
 10
-348.1025202309597
 20
-659.8687446953775
 10
-348.01473759841264
 20
-659.9250900027839
 10
-347.92765301933343
 20
-659.9825082954284
 10
-347.84127960833933
 20
-660.0409909263273
 10
-347.75563037294836
 20
-660.1005290882115
 10
-347.6707182116203
 20
-660.1611138148529
 10
-347.58655591181434
 20
-660.2227359824145
 10
-347.5031561480633
 20
-660.2853863108245
 10
-347.4205314800647
 20
-660.3490553651739
 10
-347.33869435078975
 20
-660.4137335571372
 10
-347.25765708460904
 20
-660.4794111464167
 10
-347.1774318854368
 20
-660.5460782422091
 10
-347.09803083489294
 20
-660.6137248046949
 10
-347.01946589048356
 20
-660.6823406465505
 10
-346.94174888380036
 20
-660.7519154344828
 10
-346.86489151873866
 20
-660.8224386907845
 10
-346.78890536973495
 20
-660.8938997949125
 10
-346.71380188002377
 20
-660.9662879850875
 10
-346.6395923599144
 20
-661.0395923599143
 10
-346.56628798508757
 20
-661.1138018800237
 10
-346.4938997949126
 20
-661.1889053697349
 10
-346.42243869078453
 20
-661.2648915187386
 10
-346.35191543448286
 20
-661.3417488838004
 10
-346.2823406465506
 20
-661.4194658904835
 10
-346.2137248046949
 20
-661.4980308348929
 10
-346.1460782422091
 20
-661.5774318854368
 10
-346.07941114641676
 20
-661.657657084609
 10
-346.01373355713724
 20
-661.7386943507897
 10
-345.9490553651739
 20
-661.8205314800647
 10
-345.8853863108245
 20
-661.9031561480632
 10
-345.82273598241454
 20
-661.9865559118143
 10
-345.761113814853
 20
-662.0707182116203
 10
-345.70052908821157
 20
-662.1556303729483
 10
-345.64099092632733
 20
-662.2412796083393
 10
-345.5825082954284
 20
-662.3276530193334
 10
-345.52509000278394
 20
-662.4147375984126
 10
-345.46874469537755
 20
-662.5025202309597
 10
-345.4134808586053
 20
-662.590987697233
 10
-345.3593068149977
 20
-662.6801266743576
 10
-345.3062307229666
 20
-662.7699237383314
 10
-345.254260575576
 20
-662.8603653660468
 10
-345.2034041993391
 20
-662.9514379373275
 10
-345.153669253039
 20
-663.043127736979
 10
-345.1050632265758
 20
-663.135420956855
 10
-345.0575934398382
 20
-663.2283036979359
 10
-345.0112670416014
 20
-663.3217619724226
 10
-344.96609100845075
 20
-663.4157817058426
 10
-344.9220721437306
 20
-663.5103487391701
 10
-344.87921707652004
 20
-663.6054488309576
 10
-344.83753226063453
 20
-663.701067659481
 10
-344.7970239736541
 20
-663.7971908248967
 10
-344.7576983159777
 20
-663.8938038514094
 10
-344.7195612099047
 20
-663.9908921894526
 10
-344.68261839874316
 20
-664.0884412178798
 10
-344.6468754459444
 20
-664.1864362461661
 10
-344.6123377342656
 20
-664.2848625166207
 10
-344.5790104649592
 20
-664.3837052066094
 10
-344.5468986569894
 20
-664.4829494307866
 10
-344.51600714627625
 20
-664.582580243337
 10
-344.4863405849677
 20
-664.682582640227
 10
-344.4579034407388
 20
-664.7829415614633
 10
-344.4306999961188
 20
-664.8836418933616
 10
-344.4047343478464
 20
-664.9846684708223
 10
-344.3800104062528
 20
-665.0860060796143
 10
-344.35653189467257
 20
-665.1876394586666
 10
-344.33430234888317
 20
-665.2895533023661
 10
-344.31332511657257
 20
-665.3917322628629
 10
-344.2936033568347
 20
-665.4941609523813
 10
-344.275140039694
 20
-665.5968239455374
 10
-344.2579379456582
 20
-665.6997057816621
 10
-344.2419996652994
 20
-665.8027909671295
 10
-344.2273275988639
 20
-665.9060639776894
 10
-344.213923955911
 20
-666.0095092608067
 10
-344.20179075498
 20
-666.113111238002
 10
-344.19092982328635
 20
-666.2168543071987
 10
-344.1813427964464
 20
-666.3207228450723
 10
-344.17303111823117
 20
-666.4247012094029
 10
-344.1659960403488
 20
-666.5287737414312
 10
-344.1602386222561
 20
-666.632924768217
 10
-344.1557597309991
 20
-666.7371386049984
 10
-344.1525600410823
 20
-666.8413995575552
 10
-344.1506400343673
 20
-666.9456919245714
 10
-344.15000000000003
 20
-667.05
  0
LWPOLYLINE
  5
10D
330
17
100
AcDbEntity
  8
20_ВИДИМЫЕ
100
AcDbPolyline
 90
5
 70
1
 10
-351.65000000000003
 20
-658.635
 10
-351.65000000000003
 20
-651.05
 10
-353.65000000000003
 20
-651.05
 10
-353.65000000000003
 20
-658.635
 10
-351.65000000000003
 20
-658.635
  0
LWPOLYLINE
  5
10E
330
17
100
AcDbEntity
  8
20_ВИДИМЫЕ
100
AcDbPolyline
 90
5
 70
1
 10
-351.65000000000003
 20
-683.05
 10
-351.65000000000003
 20
-675.465
 10
-353.65000000000003
 20
-675.465
 10
-353.65000000000003
 20
-683.05
 10
-351.65000000000003
 20
-683.05
  0
LWPOLYLINE
  5
10F
330
17
100
AcDbEntity
  8
20_ВИДИМЫЕ
100
AcDbPolyline
 90
257
 70
1
 10
-361.7566017177982
 20
-656.4433982822018
 10
-361.75705348975396
 20
-656.4802101249861
 10
-361.75840853349047
 20
-656.5169997936929
 10
-361.7606660327802
 20
-656.5537451276012
 10
-361.76382462779
 20
-656.5904239926961
 10
-361.7678824159002
 20
-656.6270142950007
 10
-361.7728369528511
 20
-656.6634939938848
 10
-361.77868525421485
 20
-656.6998411153422
 10
-361.7854237971934
 20
-656.736033765226
 10
-361.79304852274043
 20
-656.7720501424371
 10
-361.80155483800644
 20
-656.8078685520567
 10
-361.81093761910506
 20
-656.8434674184141
 10
-361.8211912141999
 20
-656.8788252980835
 10
-361.8323094469087
 20
-656.9139208928001
 10
-361.8442856200237
 20
-656.9487330622901
 10
-361.85711251954615
 20
-656.9832408370042
 10
-361.87078241903134
 20
-657.0174234307494
 10
-361.885287084243
 20
-657.0512602532093
 10
-361.9006177781131
 20
-657.0847309223473
 10
-361.916765266005
 20
-657.1178152766837
 10
-361.9337198212757
 20
-657.1504933874407
 10
-361.9514712311352
 20
-657.1827455705464
 10
-361.97000880279785
 20
-657.2145523984916
 10
-361.9893213699237
 20
-657.2458947120324
 10
-362.0093972993444
 20
-657.2767536317311
 10
-362.0302244980709
 20
-657.3071105693285
 10
-362.0517904205773
 20
-657.3369472389404
 10
-362.0740820763583
 20
-657.3662456680727
 10
-362.09708603775414
 20
-657.3949882084472
 10
-362.1207884480385
 20
-657.4231575466324
 10
-362.1451750297658
 20
-657.4507367144723
 10
-362.17023109337106
 20
-657.4777090993074
 10
-362.19594154601845
 20
-657.5040584539815
 10
-362.22229090069266
 20
-657.529768906629
 10
-362.2492632855277
 20
-657.5548249702342
 10
-362.2768424533676
 20
-657.5792115519615
 10
-362.3050117915528
 20
-657.6029139622459
 10
-362.3337543319273
 20
-657.6259179236417
 10
-362.3630527610596
 20
-657.6482095794228
 10
-362.39288943067146
 20
-657.6697755019292
 10
-362.42324636826885
 20
-657.6906027006556
 10
-362.4541052879676
 20
-657.7106786300764
 10
-362.48544760150844
 20
-657.7299911972023
 10
-362.51725442945354
 20
-657.7485287688648
 10
-362.54950661255924
 20
-657.7662801787243
 10
-362.58218472331635
 20
-657.7832347339951
 10
-362.61526907765284
 20
-657.799382221887
 10
-362.64873974679074
 20
-657.8147129157571
 10
-362.6825765692506
 20
-657.8292175809687
 10
-362.71675916299574
 20
-657.8428874804539
 10
-362.75126693770994
 20
-657.8557143799763
 10
-362.7860791071999
 20
-657.8676905530913
 10
-362.82117470191656
 20
-657.8788087858001
 10
-362.8565325815859
 20
-657.889062380895
 10
-362.89213144794337
 20
-657.8984451619935
 10
-362.92794985756296
 20
-657.9069514772596
 10
-362.96396623477403
 20
-657.9145762028066
 10
-363.0001588846578
 20
-657.9213147457851
 10
-363.0365060061152
 20
-657.927163047149
 10
-363.07298570499944
 20
-657.9321175840998
 10
-363.10957600730393
 20
-657.9361753722101
 10
-363.14625487239874
 20
-657.9393339672198
 10
-363.1830002063071
 20
-657.9415914665095
 10
-363.2197898750139
 20
-657.9429465102461
 10
-363.2566017177983
 20
-657.9433982822018
 10
-363.2934135605826
 20
-657.9429465102461
 10
-363.3302032292894
 20
-657.9415914665095
 10
-363.36694856319775
 20
-657.9393339672198
 10
-363.40362742829257
 20
-657.9361753722101
 10
-363.44021773059706
 20
-657.9321175840998
 10
-363.4766974294813
 20
-657.927163047149
 10
-363.5130445509387
 20
-657.9213147457851
 10
-363.54923720082246
 20
-657.9145762028066
 10
-363.58525357803353
 20
-657.9069514772596
 10
-363.6210719876531
 20
-657.8984451619935
 10
-363.6566708540106
 20
-657.889062380895
 10
-363.69202873367993
 20
-657.8788087858001
 10
-363.7271243283966
 20
-657.8676905530913
 10
-363.76193649788655
 20
-657.8557143799763
 10
-363.79644427260075
 20
-657.8428874804539
 10
-363.8306268663459
 20
-657.8292175809687
 10
-363.86446368880576
 20
-657.8147129157571
 10
-363.89793435794365
 20
-657.799382221887
 10
-363.93101871228015
 20
-657.7832347339951
 10
-363.96369682303725
 20
-657.7662801787243
 10
-363.99594900614295
 20
-657.7485287688648
 10
-364.02775583408805
 20
-657.7299911972023
 10
-364.0590981476289
 20
-657.7106786300764
 10
-364.08995706732765
 20
-657.6906027006556
 10
-364.12031400492504
 20
-657.6697755019292
 10
-364.1501506745369
 20
-657.6482095794228
 10
-364.1794491036692
 20
-657.6259179236417
 10
-364.2081916440437
 20
-657.6029139622459
 10
-364.2363609822289
 20
-657.5792115519615
 10
-364.2639401500688
 20
-657.5548249702342
 10
-364.29091253490384
 20
-657.529768906629
 10
-364.31726188957805
 20
-657.5040584539815
 10
-364.34297234222544
 20
-657.4777090993074
 10
-364.36802840583067
 20
-657.4507367144723
 10
-364.39241498755797
 20
-657.4231575466324
 10
-364.41611739784236
 20
-657.3949882084472
 10
-364.43912135923813
 20
-657.3662456680727
 10
-364.4614130150192
 20
-657.3369472389404
 10
-364.4829789375256
 20
-657.3071105693285
 10
-364.5038061362521
 20
-657.2767536317311
 10
-364.5238820656728
 20
-657.2458947120324
 10
-364.54319463279865
 20
-657.2145523984916
 10
-364.5617322044613
 20
-657.1827455705464
 10
-364.5794836143208
 20
-657.1504933874407
 10
-364.5964381695915
 20
-657.1178152766837
 10
-364.6125856574834
 20
-657.0847309223473
 10
-364.6279163513535
 20
-657.0512602532093
 10
-364.64242101656515
 20
-657.0174234307494
 10
-364.65609091605035
 20
-656.9832408370042
 10
-364.6689178155728
 20
-656.9487330622901
 10
-364.6808939886878
 20
-656.9139208928001
 10
-364.69201222139657
 20
-656.8788252980835
 10
-364.70226581649143
 20
-656.8434674184141
 10
-364.71164859759006
 20
-656.8078685520567
 10
-364.72015491285606
 20
-656.7720501424371
 10
-364.7277796384031
 20
-656.736033765226
 10
-364.73451818138165
 20
-656.6998411153422
 10
-364.7403664827454
 20
-656.6634939938848
 10
-364.7453210196963
 20
-656.6270142950007
 10
-364.7493788078065
 20
-656.5904239926961
 10
-364.7525374028163
 20
-656.5537451276012
 10
-364.754794902106
 20
-656.5169997936929
 10
-364.75614994584254
 20
-656.4802101249861
 10
-364.7566017177983
 20
-656.4433982822018
 10
-364.75614994584254
 20
-656.4065864394174
 10
-364.754794902106
 20
-656.3697967707106
 10
-364.7525374028163
 20
-656.3330514368023
 10
-364.7493788078065
 20
-656.2963725717075
 10
-364.7453210196963
 20
-656.259782269403
 10
-364.7403664827454
 20
-656.2233025705187
 10
-364.73451818138165
 20
-656.1869554490613
 10
-364.7277796384031
 20
-656.1507627991775
 10
-364.72015491285606
 20
-656.1147464219665
 10
-364.71164859759006
 20
-656.0789280123469
 10
-364.70226581649143
 20
-656.0433291459894
 10
-364.69201222139657
 20
-656.00797126632
 10
-364.6808939886878
 20
-655.9728756716034
 10
-364.6689178155728
 20
-655.9380635021134
 10
-364.65609091605035
 20
-655.9035557273993
 10
-364.64242101656515
 20
-655.8693731336541
 10
-364.6279163513535
 20
-655.8355363111943
 10
-364.6125856574834
 20
-655.8020656420564
 10
-364.5964381695915
 20
-655.7689812877198
 10
-364.5794836143208
 20
-655.7363031769628
 10
-364.5617322044613
 20
-655.7040509938571
 10
-364.54319463279865
 20
-655.6722441659119
 10
-364.5238820656728
 20
-655.6409018523711
 10
-364.5038061362521
 20
-655.6100429326724
 10
-364.4829789375256
 20
-655.579685995075
 10
-364.4614130150192
 20
-655.5498493254631
 10
-364.43912135923813
 20
-655.5205508963309
 10
-364.41611739784236
 20
-655.4918083559563
 10
-364.39241498755797
 20
-655.4636390177711
 10
-364.36802840583067
 20
-655.4360598499312
 10
-364.34297234222544
 20
-655.4090874650961
 10
-364.31726188957805
 20
-655.382738110422
 10
-364.29091253490384
 20
-655.3570276577746
 10
-364.2639401500688
 20
-655.3319715941693
 10
-364.2363609822289
 20
-655.307585012442
 10
-364.2081916440437
 20
-655.2838826021576
 10
-364.1794491036692
 20
-655.2608786407619
 10
-364.1501506745369
 20
-655.2385869849808
 10
-364.12031400492504
 20
-655.2170210624744
 10
-364.08995706732765
 20
-655.196193863748
 10
-364.0590981476289
 20
-655.1761179343272
 10
-364.02775583408805
 20
-655.1568053672014
 10
-363.99594900614295
 20
-655.1382677955387
 10
-363.96369682303725
 20
-655.1205163856793
 10
-363.93101871228015
 20
-655.1035618304085
 10
-363.89793435794365
 20
-655.0874143425166
 10
-363.86446368880576
 20
-655.0720836486465
 10
-363.8306268663459
 20
-655.0575789834348
 10
-363.79644427260075
 20
-655.0439090839496
 10
-363.76193649788655
 20
-655.0310821844273
 10
-363.7271243283966
 20
-655.0191060113123
 10
-363.69202873367993
 20
-655.0079877786035
 10
-363.6566708540106
 20
-654.9977341835087
 10
-363.6210719876531
 20
-654.98835140241
 10
-363.58525357803353
 20
-654.979845087144
 10
-363.54923720082246
 20
-654.9722203615969
 10
-363.5130445509387
 20
-654.9654818186184
 10
-363.4766974294813
 20
-654.9596335172546
 10
-363.44021773059706
 20
-654.9546789803037
 10
-363.40362742829257
 20
-654.9506211921935
 10
-363.36694856319775
 20
-654.9474625971837
 10
-363.3302032292894
 20
-654.945205097894
 10
-363.2934135605826
 20
-654.9438500541575
 10
-363.2566017177983
 20
-654.9433982822018
 10
-363.2197898750139
 20
-654.9438500541575
 10
-363.1830002063071
 20
-654.945205097894
 10
-363.14625487239874
 20
-654.9474625971837
 10
-363.10957600730393
 20
-654.9506211921935
 10
-363.07298570499944
 20
-654.9546789803037
 10
-363.0365060061152
 20
-654.9596335172546
 10
-363.0001588846578
 20
-654.9654818186184
 10
-362.96396623477403
 20
-654.9722203615969
 10
-362.92794985756296
 20
-654.979845087144
 10
-362.89213144794337
 20
-654.98835140241
 10
-362.8565325815859
 20
-654.9977341835087
 10
-362.82117470191656
 20
-655.0079877786035
 10
-362.7860791071999
 20
-655.0191060113123
 10
-362.75126693770994
 20
-655.0310821844273
 10
-362.71675916299574
 20
-655.0439090839496
 10
-362.6825765692506
 20
-655.0575789834348
 10
-362.64873974679074
 20
-655.0720836486465
 10
-362.61526907765284
 20
-655.0874143425166
 10
-362.58218472331635
 20
-655.1035618304085
 10
-362.54950661255924
 20
-655.1205163856793
 10
-362.51725442945354
 20
-655.1382677955387
 10
-362.48544760150844
 20
-655.1568053672014
 10
-362.4541052879676
 20
-655.1761179343272
 10
-362.42324636826885
 20
-655.196193863748
 10
-362.39288943067146
 20
-655.2170210624744
 10
-362.3630527610596
 20
-655.2385869849808
 10
-362.3337543319273
 20
-655.2608786407619
 10
-362.3050117915528
 20
-655.2838826021576
 10
-362.2768424533676
 20
-655.307585012442
 10
-362.2492632855277
 20
-655.3319715941693
 10
-362.22229090069266
 20
-655.3570276577746
 10
-362.19594154601845
 20
-655.382738110422
 10
-362.17023109337106
 20
-655.4090874650961
 10
-362.1451750297658
 20
-655.4360598499312
 10
-362.1207884480385
 20
-655.4636390177711
 10
-362.09708603775414
 20
-655.4918083559563
 10
-362.0740820763583
 20
-655.5205508963309
 10
-362.0517904205773
 20
-655.5498493254631
 10
-362.0302244980709
 20
-655.579685995075
 10
-362.0093972993444
 20
-655.6100429326724
 10
-361.9893213699237
 20
-655.6409018523711
 10
-361.97000880279785
 20
-655.6722441659119
 10
-361.9514712311352
 20
-655.7040509938571
 10
-361.9337198212757
 20
-655.7363031769628
 10
-361.916765266005
 20
-655.7689812877198
 10
-361.9006177781131
 20
-655.8020656420564
 10
-361.885287084243
 20
-655.8355363111943
 10
-361.87078241903134
 20
-655.8693731336541
 10
-361.85711251954615
 20
-655.9035557273993
 10
-361.8442856200237
 20
-655.9380635021134
 10
-361.8323094469087
 20
-655.9728756716034
 10
-361.8211912141999
 20
-656.00797126632
 10
-361.81093761910506
 20
-656.0433291459894
 10
-361.80155483800644
 20
-656.0789280123469
 10
-361.79304852274043
 20
-656.1147464219665
 10
-361.7854237971934
 20
-656.1507627991775
 10
-361.77868525421485
 20
-656.1869554490613
 10
-361.7728369528511
 20
-656.2233025705187
 10
-361.7678824159002
 20
-656.259782269403
 10
-361.76382462779
 20
-656.2963725717075
 10
-361.7606660327802
 20
-656.3330514368023
 10
-361.75840853349047
 20
-656.3697967707106
 10
-361.75705348975396
 20
-656.4065864394174
 10
-361.7566017177982
 20
-656.4433982822018
  0
LWPOLYLINE
  5
110
330
17
100
AcDbEntity
  8
20_ВИДИМЫЕ
100
AcDbPolyline
 90
129
 70
1
 10
-362.73160171779824
 20
-656.4433982822018
 10
-362.7322341032905
 20
-656.4691588112237
 10
-362.73412973629536
 20
-656.4948572808748
 10
-362.73728405006676
 20
-656.5204317812909
 10
-362.74168944558653
 20
-656.5458207012603
 10
-362.7473353098711
 20
-656.570962876651
 10
-362.75420804153885
 20
-656.5957977377603
 10
-362.76229108357717
 20
-656.6202654552327
 10
-362.7715649632298
 20
-656.6443070841934
 10
-362.78200733890844
 20
-656.6678647062527
 10
-362.79359305401533
 20
-656.6908815690355
 10
-362.8062941975481
 20
-656.7133022229032
 10
-362.8200801713394
 20
-656.7350726545371
 10
-362.83491776377093
 20
-656.7561404170604
 10
-362.8507712297828
 20
-656.7764547563877
 10
-362.8676023769869
 20
-656.7959667334965
 10
-362.8853706576753
 20
-656.8146293423247
 10
-362.9040332665036
 20
-656.8323976230131
 10
-362.92354524361235
 20
-656.8492287702172
 10
-362.9438595829397
 20
-656.8650822362291
 10
-362.96492734546297
 20
-656.8799198286606
 10
-362.9866977770968
 20
-656.8937058024519
 10
-363.0091184309646
 20
-656.9064069459847
 10
-363.03213529374733
 20
-656.9179926610916
 10
-363.05569291580656
 20
-656.9284350367702
 10
-363.07973454476735
 20
-656.9377089164228
 10
-363.10420226223965
 20
-656.9457919584612
 10
-363.129037123349
 20
-656.9526646901289
 10
-363.1541792987398
 20
-656.9583105544135
 10
-363.17956821870916
 20
-656.9627159499333
 10
-363.2051427191252
 20
-656.9658702637047
 10
-363.23084118877637
 20
-656.9677658967095
 10
-363.2566017177983
 20
-656.9683982822017
 10
-363.2823622468201
 20
-656.9677658967095
 10
-363.3080607164713
 20
-656.9658702637047
 10
-363.33363521688733
 20
-656.9627159499333
 10
-363.3590241368567
 20
-656.9583105544135
 10
-363.3841663122475
 20
-656.9526646901289
 10
-363.40900117335684
 20
-656.9457919584612
 10
-363.43346889082915
 20
-656.9377089164228
 10
-363.45751051978993
 20
-656.9284350367702
 10
-363.48106814184916
 20
-656.9179926610916
 10
-363.5040850046319
 20
-656.9064069459847
 10
-363.5265056584997
 20
-656.8937058024519
 10
-363.5482760901335
 20
-656.8799198286606
 10
-363.5693438526568
 20
-656.8650822362291
 10
-363.58965819198414
 20
-656.8492287702172
 10
-363.6091701690929
 20
-656.8323976230131
 10
-363.6278327779212
 20
-656.8146293423247
 10
-363.6456010586096
 20
-656.7959667334965
 10
-363.6624322058137
 20
-656.7764547563877
 10
-363.67828567182556
 20
-656.7561404170604
 10
-363.6931232642571
 20
-656.7350726545371
 10
-363.7069092380484
 20
-656.7133022229032
 10
-363.7196103815811
 20
-656.6908815690355
 10
-363.73119609668805
 20
-656.6678647062527
 10
-363.7416384723667
 20
-656.6443070841934
 10
-363.7509123520193
 20
-656.6202654552327
 10
-363.75899539405765
 20
-656.5957977377603
 10
-363.7658681257254
 20
-656.570962876651
 10
-363.77151399000996
 20
-656.5458207012603
 10
-363.77591938552973
 20
-656.5204317812909
 10
-363.77907369930114
 20
-656.4948572808748
 10
-363.780969332306
 20
-656.4691588112237
 10
-363.78160171779825
 20
-656.4433982822018
 10
-363.780969332306
 20
-656.4176377531799
 10
-363.77907369930114
 20
-656.3919392835287
 10
-363.77591938552973
 20
-656.3663647831127
 10
-363.77151399000996
 20
-656.3409758631433
 10
-363.7658681257254
 20
-656.3158336877526
 10
-363.75899539405765
 20
-656.2909988266432
 10
-363.7509123520193
 20
-656.2665311091708
 10
-363.7416384723667
 20
-656.2424894802101
 10
-363.73119609668805
 20
-656.2189318581509
 10
-363.7196103815811
 20
-656.1959149953682
 10
-363.7069092380484
 20
-656.1734943415004
 10
-363.6931232642571
 20
-656.1517239098665
 10
-363.67828567182556
 20
-656.1306561473433
 10
-363.6624322058137
 20
-656.1103418080158
 10
-363.6456010586096
 20
-656.0908298309071
 10
-363.6278327779212
 20
-656.0721672220789
 10
-363.6091701690929
 20
-656.0543989413904
 10
-363.58965819198414
 20
-656.0375677941863
 10
-363.5693438526568
 20
-656.0217143281744
 10
-363.5482760901335
 20
-656.0068767357429
 10
-363.5265056584997
 20
-655.9930907619516
 10
-363.5040850046319
 20
-655.9803896184189
 10
-363.48106814184916
 20
-655.9688039033119
 10
-363.45751051978993
 20
-655.9583615276333
 10
-363.43346889082915
 20
-655.9490876479807
 10
-363.40900117335684
 20
-655.9410046059423
 10
-363.3841663122475
 20
-655.9341318742746
 10
-363.3590241368567
 20
-655.9284860099901
 10
-363.33363521688733
 20
-655.9240806144703
 10
-363.3080607164713
 20
-655.9209263006989
 10
-363.2823622468201
 20
-655.9190306676941
 10
-363.2566017177983
 20
-655.9183982822018
 10
-363.23084118877637
 20
-655.9190306676941
 10
-363.2051427191252
 20
-655.9209263006989
 10
-363.17956821870916
 20
-655.9240806144703
 10
-363.1541792987398
 20
-655.9284860099901
 10
-363.129037123349
 20
-655.9341318742746
 10
-363.10420226223965
 20
-655.9410046059423
 10
-363.07973454476735
 20
-655.9490876479807
 10
-363.05569291580656
 20
-655.9583615276333
 10
-363.03213529374733
 20
-655.9688039033119
 10
-363.0091184309646
 20
-655.9803896184189
 10
-362.9866977770968
 20
-655.9930907619516
 10
-362.96492734546297
 20
-656.0068767357429
 10
-362.9438595829397
 20
-656.0217143281744
 10
-362.92354524361235
 20
-656.0375677941863
 10
-362.9040332665036
 20
-656.0543989413904
 10
-362.8853706576753
 20
-656.0721672220789
 10
-362.8676023769869
 20
-656.0908298309071
 10
-362.8507712297828
 20
-656.1103418080158
 10
-362.83491776377093
 20
-656.1306561473433
 10
-362.8200801713394
 20
-656.1517239098665
 10
-362.8062941975481
 20
-656.1734943415004
 10
-362.79359305401533
 20
-656.1959149953682
 10
-362.78200733890844
 20
-656.2189318581509
 10
-362.7715649632298
 20
-656.2424894802101
 10
-362.76229108357717
 20
-656.2665311091708
 10
-362.75420804153885
 20
-656.2909988266432
 10
-362.7473353098711
 20
-656.3158336877526
 10
-362.74168944558653
 20
-656.3409758631433
 10
-362.73728405006676
 20
-656.3663647831127
 10
-362.73412973629536
 20
-656.3919392835287
 10
-362.7322341032905
 20
-656.4176377531799
 10
-362.73160171779824
 20
-656.4433982822018
  0
LWPOLYLINE
  5
111
330
17
100
AcDbEntity
  8
20_ВИДИМЫЕ
100
AcDbPolyline
 90
257
 70
1
 10
-361.7566017177983
 20
-677.6566017177983
 10
-361.75705348975396
 20
-677.6934135605826
 10
-361.75840853349047
 20
-677.7302032292894
 10
-361.7606660327802
 20
-677.7669485631977
 10
-361.76382462779
 20
-677.8036274282925
 10
-361.7678824159002
 20
-677.840217730597
 10
-361.7728369528511
 20
-677.8766974294813
 10
-361.77868525421485
 20
-677.9130445509387
 10
-361.7854237971934
 20
-677.9492372008224
 10
-361.79304852274043
 20
-677.9852535780335
 10
-361.80155483800644
 20
-678.0210719876532
 10
-361.81093761910506
 20
-678.0566708540106
 10
-361.8211912141999
 20
-678.0920287336799
 10
-361.8323094469087
 20
-678.1271243283966
 10
-361.8442856200237
 20
-678.1619364978866
 10
-361.85711251954615
 20
-678.1964442726007
 10
-361.87078241903134
 20
-678.2306268663458
 10
-361.885287084243
 20
-678.2644636888057
 10
-361.9006177781131
 20
-678.2979343579436
 10
-361.916765266005
 20
-678.3310187122802
 10
-361.9337198212757
 20
-678.3636968230372
 10
-361.9514712311352
 20
-678.3959490061429
 10
-361.97000880279785
 20
-678.4277558340881
 10
-361.9893213699237
 20
-678.4590981476289
 10
-362.0093972993444
 20
-678.4899570673276
 10
-362.0302244980709
 20
-678.520314004925
 10
-362.0517904205773
 20
-678.5501506745369
 10
-362.07408207635837
 20
-678.5794491036692
 10
-362.09708603775414
 20
-678.6081916440437
 10
-362.1207884480385
 20
-678.6363609822289
 10
-362.1451750297658
 20
-678.6639401500687
 10
-362.17023109337106
 20
-678.6909125349039
 10
-362.19594154601845
 20
-678.717261889578
 10
-362.22229090069266
 20
-678.7429723422254
 10
-362.2492632855277
 20
-678.7680284058306
 10
-362.2768424533676
 20
-678.7924149875579
 10
-362.3050117915528
 20
-678.8161173978423
 10
-362.3337543319273
 20
-678.8391213592381
 10
-362.3630527610596
 20
-678.8614130150191
 10
-362.39288943067146
 20
-678.8829789375256
 10
-362.42324636826885
 20
-678.903806136252
 10
-362.4541052879676
 20
-678.9238820656727
 10
-362.48544760150844
 20
-678.9431946327986
 10
-362.5172544294536
 20
-678.9617322044612
 10
-362.54950661255924
 20
-678.9794836143208
 10
-362.58218472331635
 20
-678.9964381695914
 10
-362.61526907765284
 20
-679.0125856574833
 10
-362.64873974679074
 20
-679.0279163513535
 10
-362.6825765692506
 20
-679.0424210165652
 10
-362.71675916299574
 20
-679.0560909160504
 10
-362.75126693770994
 20
-679.0689178155727
 10
-362.7860791071999
 20
-679.0808939886878
 10
-362.82117470191656
 20
-679.0920122213965
 10
-362.8565325815859
 20
-679.1022658164914
 10
-362.89213144794337
 20
-679.11164859759
 10
-362.92794985756296
 20
-679.120154912856
 10
-362.96396623477403
 20
-679.127779638403
 10
-363.0001588846578
 20
-679.1345181813816
 10
-363.0365060061152
 20
-679.1403664827453
 10
-363.07298570499944
 20
-679.1453210196962
 10
-363.10957600730393
 20
-679.1493788078064
 10
-363.14625487239874
 20
-679.1525374028163
 10
-363.1830002063071
 20
-679.154794902106
 10
-363.2197898750139
 20
-679.1561499458426
 10
-363.2566017177983
 20
-679.1566017177983
 10
-363.2934135605826
 20
-679.1561499458426
 10
-363.3302032292894
 20
-679.154794902106
 10
-363.36694856319775
 20
-679.1525374028163
 10
-363.40362742829257
 20
-679.1493788078064
 10
-363.44021773059706
 20
-679.1453210196962
 10
-363.4766974294813
 20
-679.1403664827453
 10
-363.51304455093873
 20
-679.1345181813816
 10
-363.54923720082246
 20
-679.127779638403
 10
-363.58525357803353
 20
-679.120154912856
 10
-363.6210719876531
 20
-679.11164859759
 10
-363.6566708540106
 20
-679.1022658164914
 10
-363.69202873367993
 20
-679.0920122213965
 10
-363.7271243283966
 20
-679.0808939886878
 10
-363.7619364978866
 20
-679.0689178155727
 10
-363.79644427260075
 20
-679.0560909160504
 10
-363.8306268663459
 20
-679.0424210165652
 10
-363.86446368880576
 20
-679.0279163513535
 10
-363.89793435794365
 20
-679.0125856574833
 10
-363.93101871228015
 20
-678.9964381695914
 10
-363.96369682303725
 20
-678.9794836143208
 10
-363.99594900614295
 20
-678.9617322044612
 10
-364.0277558340881
 20
-678.9431946327986
 10
-364.0590981476289
 20
-678.9238820656727
 10
-364.08995706732765
 20
-678.903806136252
 10
-364.12031400492504
 20
-678.8829789375256
 10
-364.1501506745369
 20
-678.8614130150191
 10
-364.1794491036692
 20
-678.8391213592381
 10
-364.2081916440437
 20
-678.8161173978423
 10
-364.2363609822289
 20
-678.7924149875579
 10
-364.2639401500688
 20
-678.7680284058306
 10
-364.29091253490384
 20
-678.7429723422254
 10
-364.31726188957805
 20
-678.717261889578
 10
-364.34297234222544
 20
-678.6909125349039
 10
-364.36802840583067
 20
-678.6639401500687
 10
-364.39241498755797
 20
-678.6363609822289
 10
-364.41611739784236
 20
-678.6081916440437
 10
-364.43912135923813
 20
-678.5794491036692
 10
-364.4614130150192
 20
-678.5501506745369
 10
-364.4829789375256
 20
-678.520314004925
 10
-364.5038061362521
 20
-678.4899570673276
 10
-364.5238820656728
 20
-678.4590981476289
 10
-364.54319463279865
 20
-678.4277558340881
 10
-364.5617322044613
 20
-678.3959490061429
 10
-364.5794836143208
 20
-678.3636968230372
 10
-364.5964381695915
 20
-678.3310187122802
 10
-364.6125856574834
 20
-678.2979343579436
 10
-364.6279163513535
 20
-678.2644636888057
 10
-364.6424210165652
 20
-678.2306268663458
 10
-364.65609091605035
 20
-678.1964442726007
 10
-364.6689178155728
 20
-678.1619364978866
 10
-364.6808939886878
 20
-678.1271243283966
 10
-364.69201222139657
 20
-678.0920287336799
 10
-364.70226581649143
 20
-678.0566708540106
 10
-364.71164859759006
 20
-678.0210719876532
 10
-364.72015491285606
 20
-677.9852535780335
 10
-364.7277796384031
 20
-677.9492372008224
 10
-364.73451818138165
 20
-677.9130445509387
 10
-364.7403664827454
 20
-677.8766974294813
 10
-364.7453210196963
 20
-677.840217730597
 10
-364.7493788078065
 20
-677.8036274282925
 10
-364.7525374028163
 20
-677.7669485631977
 10
-364.754794902106
 20
-677.7302032292894
 10
-364.75614994584254
 20
-677.6934135605826
 10
-364.7566017177983
 20
-677.6566017177983
 10
-364.75614994584254
 20
-677.6197898750138
 10
-364.754794902106
 20
-677.5830002063071
 10
-364.7525374028163
 20
-677.5462548723987
 10
-364.7493788078065
 20
-677.5095760073038
 10
-364.7453210196963
 20
-677.4729857049994
 10
-364.7403664827454
 20
-677.4365060061152
 10
-364.73451818138165
 20
-677.4001588846578
 10
-364.7277796384031
 20
-677.363966234774
 10
-364.72015491285606
 20
-677.3279498575629
 10
-364.71164859759006
 20
-677.2921314479433
 10
-364.70226581649143
 20
-677.2565325815858
 10
-364.69201222139657
 20
-677.2211747019165
 10
-364.6808939886878
 20
-677.1860791071999
 10
-364.6689178155728
 20
-677.1512669377099
 10
-364.65609091605035
 20
-677.1167591629958
 10
-364.6424210165652
 20
-677.0825765692506
 10
-364.6279163513535
 20
-677.0487397467907
 10
-364.6125856574834
 20
-677.0152690776528
 10
-364.5964381695915
 20
-676.9821847233163
 10
-364.5794836143208
 20
-676.9495066125592
 10
-364.5617322044613
 20
-676.9172544294536
 10
-364.54319463279865
 20
-676.8854476015084
 10
-364.5238820656728
 20
-676.8541052879675
 10
-364.5038061362521
 20
-676.8232463682688
 10
-364.4829789375256
 20
-676.7928894306715
 10
-364.4614130150192
 20
-676.7630527610595
 10
-364.43912135923813
 20
-676.7337543319272
 10
-364.41611739784236
 20
-676.7050117915528
 10
-364.39241498755797
 20
-676.6768424533675
 10
-364.36802840583067
 20
-676.6492632855277
 10
-364.34297234222544
 20
-676.6222909006926
 10
-364.31726188957805
 20
-676.5959415460184
 10
-364.29091253490384
 20
-676.570231093371
 10
-364.2639401500688
 20
-676.5451750297658
 10
-364.2363609822289
 20
-676.5207884480385
 10
-364.2081916440437
 20
-676.4970860377541
 10
-364.1794491036692
 20
-676.4740820763583
 10
-364.1501506745369
 20
-676.4517904205773
 10
-364.12031400492504
 20
-676.4302244980709
 10
-364.08995706732765
 20
-676.4093972993444
 10
-364.0590981476289
 20
-676.3893213699237
 10
-364.0277558340881
 20
-676.3700088027978
 10
-363.99594900614295
 20
-676.3514712311352
 10
-363.96369682303725
 20
-676.3337198212757
 10
-363.93101871228015
 20
-676.316765266005
 10
-363.89793435794365
 20
-676.3006177781131
 10
-363.86446368880576
 20
-676.2852870842429
 10
-363.8306268663459
 20
-676.2707824190313
 10
-363.79644427260075
 20
-676.2571125195461
 10
-363.7619364978866
 20
-676.2442856200237
 10
-363.7271243283966
 20
-676.2323094469086
 10
-363.69202873367993
 20
-676.2211912141998
 10
-363.6566708540106
 20
-676.210937619105
 10
-363.6210719876531
 20
-676.2015548380064
 10
-363.58525357803353
 20
-676.1930485227404
 10
-363.54923720082246
 20
-676.1854237971934
 10
-363.51304455093873
 20
-676.1786852542148
 10
-363.4766974294813
 20
-676.1728369528511
 10
-363.44021773059706
 20
-676.1678824159002
 10
-363.40362742829257
 20
-676.16382462779
 10
-363.36694856319775
 20
-676.1606660327802
 10
-363.3302032292894
 20
-676.1584085334905
 10
-363.2934135605826
 20
-676.1570534897539
 10
-363.2566017177983
 20
-676.1566017177983
 10
-363.2197898750139
 20
-676.1570534897539
 10
-363.1830002063071
 20
-676.1584085334905
 10
-363.14625487239874
 20
-676.1606660327802
 10
-363.10957600730393
 20
-676.16382462779
 10
-363.07298570499944
 20
-676.1678824159002
 10
-363.0365060061152
 20
-676.1728369528511
 10
-363.0001588846578
 20
-676.1786852542148
 10
-362.96396623477403
 20
-676.1854237971934
 10
-362.92794985756296
 20
-676.1930485227404
 10
-362.89213144794337
 20
-676.2015548380064
 10
-362.8565325815859
 20
-676.210937619105
 10
-362.82117470191656
 20
-676.2211912141998
 10
-362.7860791071999
 20
-676.2323094469086
 10
-362.75126693770994
 20
-676.2442856200237
 10
-362.71675916299574
 20
-676.2571125195461
 10
-362.6825765692506
 20
-676.2707824190313
 10
-362.64873974679074
 20
-676.2852870842429
 10
-362.61526907765284
 20
-676.3006177781131
 10
-362.58218472331635
 20
-676.316765266005
 10
-362.54950661255924
 20
-676.3337198212757
 10
-362.5172544294536
 20
-676.3514712311352
 10
-362.48544760150844
 20
-676.3700088027978
 10
-362.4541052879676
 20
-676.3893213699237
 10
-362.42324636826885
 20
-676.4093972993444
 10
-362.39288943067146
 20
-676.4302244980709
 10
-362.3630527610596
 20
-676.4517904205773
 10
-362.3337543319273
 20
-676.4740820763583
 10
-362.3050117915528
 20
-676.4970860377541
 10
-362.2768424533676
 20
-676.5207884480385
 10
-362.2492632855277
 20
-676.5451750297658
 10
-362.22229090069266
 20
-676.570231093371
 10
-362.19594154601845
 20
-676.5959415460184
 10
-362.17023109337106
 20
-676.6222909006926
 10
-362.1451750297658
 20
-676.6492632855277
 10
-362.1207884480385
 20
-676.6768424533675
 10
-362.09708603775414
 20
-676.7050117915528
 10
-362.07408207635837
 20
-676.7337543319272
 10
-362.0517904205773
 20
-676.7630527610595
 10
-362.0302244980709
 20
-676.7928894306715
 10
-362.0093972993444
 20
-676.8232463682688
 10
-361.9893213699237
 20
-676.8541052879675
 10
-361.97000880279785
 20
-676.8854476015084
 10
-361.9514712311352
 20
-676.9172544294536
 10
-361.9337198212757
 20
-676.9495066125592
 10
-361.916765266005
 20
-676.9821847233163
 10
-361.9006177781131
 20
-677.0152690776528
 10
-361.885287084243
 20
-677.0487397467907
 10
-361.87078241903134
 20
-677.0825765692506
 10
-361.85711251954615
 20
-677.1167591629958
 10
-361.8442856200237
 20
-677.1512669377099
 10
-361.8323094469087
 20
-677.1860791071999
 10
-361.8211912141999
 20
-677.2211747019165
 10
-361.81093761910506
 20
-677.2565325815858
 10
-361.80155483800644
 20
-677.2921314479433
 10
-361.79304852274043
 20
-677.3279498575629
 10
-361.7854237971934
 20
-677.363966234774
 10
-361.77868525421485
 20
-677.4001588846578
 10
-361.7728369528511
 20
-677.4365060061152
 10
-361.7678824159002
 20
-677.4729857049994
 10
-361.76382462779
 20
-677.5095760073038
 10
-361.7606660327802
 20
-677.5462548723987
 10
-361.75840853349047
 20
-677.5830002063071
 10
-361.75705348975396
 20
-677.6197898750138
 10
-361.7566017177983
 20
-677.6566017177983
  0
LWPOLYLINE
  5
112
330
17
100
AcDbEntity
  8
20_ВИДИМЫЕ
100
AcDbPolyline
 90
129
 70
1
 10
-362.73160171779824
 20
-677.6566017177983
 10
-362.7322341032905
 20
-677.68236224682
 10
-362.73412973629536
 20
-677.7080607164712
 10
-362.73728405006676
 20
-677.7336352168873
 10
-362.74168944558653
 20
-677.7590241368566
 10
-362.7473353098711
 20
-677.7841663122474
 10
-362.75420804153885
 20
-677.8090011733568
 10
-362.76229108357717
 20
-677.8334688908292
 10
-362.7715649632298
 20
-677.8575105197899
 10
-362.78200733890844
 20
-677.8810681418491
 10
-362.7935930540154
 20
-677.9040850046318
 10
-362.8062941975481
 20
-677.9265056584997
 10
-362.82008017133944
 20
-677.9482760901335
 10
-362.83491776377093
 20
-677.9693438526567
 10
-362.8507712297828
 20
-677.9896581919841
 10
-362.8676023769869
 20
-678.0091701690928
 10
-362.8853706576753
 20
-678.0278327779212
 10
-362.9040332665036
 20
-678.0456010586096
 10
-362.92354524361235
 20
-678.0624322058136
 10
-362.9438595829397
 20
-678.0782856718256
 10
-362.96492734546297
 20
-678.0931232642571
 10
-362.9866977770968
 20
-678.1069092380484
 10
-363.0091184309646
 20
-678.1196103815811
 10
-363.03213529374733
 20
-678.131196096688
 10
-363.05569291580656
 20
-678.1416384723666
 10
-363.07973454476735
 20
-678.1509123520193
 10
-363.10420226223965
 20
-678.1589953940577
 10
-363.129037123349
 20
-678.1658681257254
 10
-363.1541792987398
 20
-678.1715139900099
 10
-363.17956821870916
 20
-678.1759193855297
 10
-363.2051427191252
 20
-678.1790736993012
 10
-363.23084118877637
 20
-678.180969332306
 10
-363.2566017177983
 20
-678.1816017177982
 10
-363.2823622468201
 20
-678.180969332306
 10
-363.3080607164713
 20
-678.1790736993012
 10
-363.33363521688733
 20
-678.1759193855297
 10
-363.3590241368567
 20
-678.1715139900099
 10
-363.3841663122475
 20
-678.1658681257254
 10
-363.40900117335684
 20
-678.1589953940577
 10
-363.43346889082915
 20
-678.1509123520193
 10
-363.45751051978993
 20
-678.1416384723666
 10
-363.48106814184916
 20
-678.131196096688
 10
-363.5040850046319
 20
-678.1196103815811
 10
-363.5265056584997
 20
-678.1069092380484
 10
-363.5482760901335
 20
-678.0931232642571
 10
-363.5693438526568
 20
-678.0782856718256
 10
-363.58965819198414
 20
-678.0624322058136
 10
-363.6091701690929
 20
-678.0456010586096
 10
-363.6278327779212
 20
-678.0278327779212
 10
-363.6456010586096
 20
-678.0091701690928
 10
-363.6624322058137
 20
-677.9896581919841
 10
-363.67828567182556
 20
-677.9693438526567
 10
-363.6931232642571
 20
-677.9482760901335
 10
-363.7069092380484
 20
-677.9265056584997
 10
-363.71961038158116
 20
-677.9040850046318
 10
-363.73119609668805
 20
-677.8810681418491
 10
-363.7416384723667
 20
-677.8575105197899
 10
-363.7509123520193
 20
-677.8334688908292
 10
-363.75899539405765
 20
-677.8090011733568
 10
-363.7658681257254
 20
-677.7841663122474
 10
-363.77151399000996
 20
-677.7590241368566
 10
-363.77591938552973
 20
-677.7336352168873
 10
-363.77907369930114
 20
-677.7080607164712
 10
-363.780969332306
 20
-677.68236224682
 10
-363.78160171779825
 20
-677.6566017177983
 10
-363.780969332306
 20
-677.6308411887763
 10
-363.77907369930114
 20
-677.6051427191252
 10
-363.77591938552973
 20
-677.5795682187091
 10
-363.77151399000996
 20
-677.5541792987398
 10
-363.7658681257254
 20
-677.529037123349
 10
-363.75899539405765
 20
-677.5042022622396
 10
-363.7509123520193
 20
-677.4797345447673
 10
-363.7416384723667
 20
-677.4556929158066
 10
-363.73119609668805
 20
-677.4321352937473
 10
-363.71961038158116
 20
-677.4091184309646
 10
-363.7069092380484
 20
-677.3866977770967
 10
-363.6931232642571
 20
-677.3649273454629
 10
-363.67828567182556
 20
-677.3438595829397
 10
-363.6624322058137
 20
-677.3235452436123
 10
-363.6456010586096
 20
-677.3040332665036
 10
-363.6278327779212
 20
-677.2853706576752
 10
-363.6091701690929
 20
-677.2676023769868
 10
-363.58965819198414
 20
-677.2507712297828
 10
-363.5693438526568
 20
-677.2349177637709
 10
-363.5482760901335
 20
-677.2200801713394
 10
-363.5265056584997
 20
-677.206294197548
 10
-363.5040850046319
 20
-677.1935930540153
 10
-363.48106814184916
 20
-677.1820073389084
 10
-363.45751051978993
 20
-677.1715649632298
 10
-363.43346889082915
 20
-677.1622910835771
 10
-363.40900117335684
 20
-677.1542080415388
 10
-363.3841663122475
 20
-677.1473353098711
 10
-363.3590241368567
 20
-677.1416894455865
 10
-363.33363521688733
 20
-677.1372840500667
 10
-363.3080607164713
 20
-677.1341297362953
 10
-363.2823622468201
 20
-677.1322341032906
 10
-363.2566017177983
 20
-677.1316017177982
 10
-363.23084118877637
 20
-677.1322341032906
 10
-363.2051427191252
 20
-677.1341297362953
 10
-363.17956821870916
 20
-677.1372840500667
 10
-363.1541792987398
 20
-677.1416894455865
 10
-363.129037123349
 20
-677.1473353098711
 10
-363.10420226223965
 20
-677.1542080415388
 10
-363.07973454476735
 20
-677.1622910835771
 10
-363.05569291580656
 20
-677.1715649632298
 10
-363.03213529374733
 20
-677.1820073389084
 10
-363.0091184309646
 20
-677.1935930540153
 10
-362.9866977770968
 20
-677.206294197548
 10
-362.96492734546297
 20
-677.2200801713394
 10
-362.9438595829397
 20
-677.2349177637709
 10
-362.92354524361235
 20
-677.2507712297828
 10
-362.9040332665036
 20
-677.2676023769868
 10
-362.8853706576753
 20
-677.2853706576752
 10
-362.8676023769869
 20
-677.3040332665036
 10
-362.8507712297828
 20
-677.3235452436123
 10
-362.83491776377093
 20
-677.3438595829397
 10
-362.82008017133944
 20
-677.3649273454629
 10
-362.8062941975481
 20
-677.3866977770967
 10
-362.7935930540154
 20
-677.4091184309646
 10
-362.78200733890844
 20
-677.4321352937473
 10
-362.7715649632298
 20
-677.4556929158066
 10
-362.76229108357717
 20
-677.4797345447673
 10
-362.75420804153885
 20
-677.5042022622396
 10
-362.7473353098711
 20
-677.529037123349
 10
-362.74168944558653
 20
-677.5541792987398
 10
-362.73728405006676
 20
-677.5795682187091
 10
-362.73412973629536
 20
-677.6051427191252
 10
-362.7322341032905
 20
-677.6308411887763
 10
-362.73160171779824
 20
-677.6566017177983
  0
LWPOLYLINE
  5
113
330
17
100
AcDbEntity
  8
20_ВИДИМЫЕ
100
AcDbPolyline
 90
259
 70
1
 10
-355.72116956271645
 20
-669.949126574219
 10
-355.79229625554956
 20
-669.9465068229949
 10
-355.8633372344391
 20
-669.9421423243682
 10
-355.93424970695577
 20
-669.9360357073493
 10
-356.00499095807777
 20
-669.9281906503363
 10
-356.0755183759206
 20
-669.9186118788979
 10
-356.1457894774049
 20
-669.907305162928
 10
-356.2157619338468
 20
-669.8942773131694
 10
-356.285393596455
 20
-669.8795361771117
 10
-356.3546425217195
 20
-669.8630906342642
 10
-356.42346699667723
 20
-669.8449505908068
 10
-356.491825564038
 20
-669.8251269736234
 10
-356.5596770471568
 20
-669.8036317237198
 10
-356.6269805748375
 20
-669.7804777890308
 10
-356.6936956059515
 20
-669.7556791166207
 10
-356.7597819538588
 20
-669.7292506442827
 10
-356.8251998106145
 20
-669.7012082915403
 10
-356.88990977094784
 20
-669.671568950058
 10
-356.9538728559984
 20
-669.640350473467
 10
-357.0170505367954
 20
-669.6075716666103
 10
-357.0794047574664
 20
-669.5732522742153
 10
-357.1408979581604
 20
-669.5374129690008
 10
-357.2014930976726
 20
-669.5000753392242
 10
-357.2611536757569
 20
-669.4612618756773
 10
-357.3198437551118
 20
-669.4209959581395
 10
-357.3775279830281
 20
-669.3793018412939
 10
-357.4341716126838
 20
-669.3362046401171
 10
-357.4897405240746
 20
-669.2917303147519
 10
-357.544201244566
 20
-669.2459056548688
 10
-357.5975209690564
 20
-669.1987582635294
 10
-357.6496675797375
 20
-669.1503165405593
 10
-357.700609665441
 20
-669.100609665441
 10
-357.7503165405593
 20
-669.0496675797375
 10
-357.7987582635294
 20
-668.9975209690564
 10
-357.84590565486883
 20
-668.944201244566
 10
-357.89173031475195
 20
-668.8897405240746
 10
-357.9362046401172
 20
-668.8341716126838
 10
-357.97930184129393
 20
-668.777527983028
 10
-358.0209959581396
 20
-668.7198437551117
 10
-358.0612618756774
 20
-668.6611536757569
 10
-358.1000753392242
 20
-668.6014930976726
 10
-358.1374129690008
 20
-668.5408979581604
 10
-358.1732522742153
 20
-668.4794047574663
 10
-358.20757166661025
 20
-668.4170505367954
 10
-358.240350473467
 20
-668.3538728559984
 10
-358.271568950058
 20
-668.2899097709478
 10
-358.30120829154026
 20
-668.2251998106144
 10
-358.32925064428275
 20
-668.1597819538588
 10
-358.35567911662076
 20
-668.0936956059514
 10
-358.3804777890308
 20
-668.0269805748375
 10
-358.40363172371985
 20
-667.9596770471568
 10
-358.42512697362343
 20
-667.891825564038
 10
-358.4449505908068
 20
-667.8234669966772
 10
-358.46309063426423
 20
-667.7546425217195
 10
-358.47953617711175
 20
-667.6853935964549
 10
-358.4942773131694
 20
-667.6157619338468
 10
-358.507305162928
 20
-667.5457894774049
 10
-358.5186118788979
 20
-667.4755183759205
 10
-358.5281906503363
 20
-667.4049909580777
 10
-358.5360357073494
 20
-667.3342497069557
 10
-358.5421423243682
 20
-667.2633372344391
 10
-358.546506822995
 20
-667.1922962555495
 10
-358.54912657421903
 20
-667.1211695627164
 10
-358.55
 20
-667.05
 10
-358.54912657421903
 20
-666.9788304372836
 10
-358.546506822995
 20
-666.9077037444505
 10
-358.5421423243682
 20
-666.836662765561
 10
-358.5360357073494
 20
-666.7657502930442
 10
-358.5281906503363
 20
-666.6950090419223
 10
-358.5186118788979
 20
-666.6244816240794
 10
-358.507305162928
 20
-666.5542105225951
 10
-358.4942773131694
 20
-666.4842380661532
 10
-358.47953617711175
 20
-666.4146064035451
 10
-358.46309063426423
 20
-666.3453574782806
 10
-358.4449505908068
 20
-666.2765330033228
 10
-358.42512697362343
 20
-666.2081744359621
 10
-358.40363172371985
 20
-666.1403229528432
 10
-358.3804777890308
 20
-666.0730194251626
 10
-358.35567911662076
 20
-666.0063043940486
 10
-358.32925064428275
 20
-665.9402180461412
 10
-358.30120829154026
 20
-665.8748001893855
 10
-358.271568950058
 20
-665.8100902290522
 10
-358.240350473467
 20
-665.7461271440017
 10
-358.20757166661025
 20
-665.6829494632046
 10
-358.1732522742153
 20
-665.6205952425337
 10
-358.1374129690008
 20
-665.5591020418397
 10
-358.1000753392242
 20
-665.4985069023274
 10
-358.0612618756774
 20
-665.4388463242432
 10
-358.0209959581396
 20
-665.3801562448882
 10
-357.97930184129393
 20
-665.3224720169719
 10
-357.9362046401172
 20
-665.2658283873162
 10
-357.89173031475195
 20
-665.2102594759255
 10
-357.84590565486883
 20
-665.155798755434
 10
-357.7987582635294
 20
-665.1024790309436
 10
-357.7503165405593
 20
-665.0503324202625
 10
-357.70060966544105
 20
-664.999390334559
 10
-357.6496675797375
 20
-664.9496834594407
 10
-357.5975209690564
 20
-664.9012417364706
 10
-357.544201244566
 20
-664.8540943451312
 10
-357.4897405240746
 20
-664.8082696852481
 10
-357.4341716126838
 20
-664.7637953598828
 10
-357.3775279830281
 20
-664.7206981587061
 10
-357.3198437551118
 20
-664.6790040418604
 10
-357.2611536757569
 20
-664.6387381243226
 10
-357.2014930976726
 20
-664.5999246607759
 10
-357.1408979581604
 20
-664.5625870309992
 10
-357.0794047574664
 20
-664.5267477257847
 10
-357.0170505367954
 20
-664.4924283333897
 10
-356.9538728559984
 20
-664.459649526533
 10
-356.88990977094784
 20
-664.428431049942
 10
-356.8251998106145
 20
-664.3987917084597
 10
-356.7597819538588
 20
-664.3707493557173
 10
-356.6936956059515
 20
-664.3443208833793
 10
-356.6269805748375
 20
-664.3195222109692
 10
-356.5596770471568
 20
-664.2963682762802
 10
-356.491825564038
 20
-664.2748730263766
 10
-356.42346699667723
 20
-664.2550494091932
 10
-356.3546425217195
 20
-664.2369093657358
 10
-356.285393596455
 20
-664.2204638228883
 10
-356.2157619338468
 20
-664.2057226868307
 10
-356.1457894774049
 20
-664.192694837072
 10
-356.0755183759206
 20
-664.1813881211021
 10
-356.00499095807777
 20
-664.1718093496637
 10
-355.93424970695577
 20
-664.1639642926507
 10
-355.8633372344391
 20
-664.1578576756318
 10
-355.79229625554956
 20
-664.153493177005
 10
-355.72116956271645
 20
-664.150873425781
 10
-355.65000000000003
 20
-664.15
 10
-349.65000000000003
 20
-664.15
 10
-349.5788304372836
 20
-664.150873425781
 10
-349.5077037444505
 20
-664.153493177005
 10
-349.436662765561
 20
-664.1578576756318
 10
-349.3657502930443
 20
-664.1639642926507
 10
-349.2950090419223
 20
-664.1718093496637
 10
-349.2244816240795
 20
-664.1813881211021
 10
-349.1542105225952
 20
-664.192694837072
 10
-349.08423806615326
 20
-664.2057226868307
 10
-349.0146064035451
 20
-664.2204638228883
 10
-348.9453574782806
 20
-664.2369093657358
 10
-348.87653300332283
 20
-664.2550494091932
 10
-348.8081744359621
 20
-664.2748730263766
 10
-348.74032295284326
 20
-664.2963682762802
 10
-348.6730194251626
 20
-664.3195222109692
 10
-348.60630439404855
 20
-664.3443208833793
 10
-348.54021804614126
 20
-664.3707493557173
 10
-348.4748001893856
 20
-664.3987917084597
 10
-348.41009022905223
 20
-664.428431049942
 10
-348.3461271440017
 20
-664.459649526533
 10
-348.28294946320466
 20
-664.4924283333897
 10
-348.22059524253365
 20
-664.5267477257847
 10
-348.1591020418397
 20
-664.5625870309992
 10
-348.0985069023275
 20
-664.5999246607759
 10
-348.0388463242432
 20
-664.6387381243226
 10
-347.9801562448883
 20
-664.6790040418604
 10
-347.922472016972
 20
-664.7206981587061
 10
-347.86582838731624
 20
-664.7637953598828
 10
-347.8102594759255
 20
-664.8082696852481
 10
-347.75579875543406
 20
-664.8540943451312
 10
-347.70247903094366
 20
-664.9012417364706
 10
-347.65033242026254
 20
-664.9496834594407
 10
-347.5993903345591
 20
-664.999390334559
 10
-347.54968345944076
 20
-665.0503324202625
 10
-347.50124173647066
 20
-665.1024790309436
 10
-347.45409434513124
 20
-665.155798755434
 10
-347.4082696852481
 20
-665.2102594759255
 10
-347.3637953598829
 20
-665.2658283873162
 10
-347.32069815870614
 20
-665.3224720169719
 10
-347.27900404186045
 20
-665.3801562448882
 10
-347.23873812432265
 20
-665.4388463242432
 10
-347.1999246607759
 20
-665.4985069023274
 10
-347.16258703099925
 20
-665.5591020418397
 10
-347.12674772578475
 20
-665.6205952425337
 10
-347.0924283333898
 20
-665.6829494632046
 10
-347.05964952653306
 20
-665.7461271440017
 10
-347.02843104994207
 20
-665.8100902290522
 10
-346.9987917084598
 20
-665.8748001893855
 10
-346.9707493557173
 20
-665.9402180461412
 10
-346.9443208833793
 20
-666.0063043940486
 10
-346.91952221096926
 20
-666.0730194251626
 10
-346.8963682762802
 20
-666.1403229528432
 10
-346.87487302637663
 20
-666.2081744359621
 10
-346.85504940919327
 20
-666.2765330033228
 10
-346.83690936573583
 20
-666.3453574782806
 10
-346.8204638228883
 20
-666.4146064035451
 10
-346.8057226868307
 20
-666.4842380661532
 10
-346.7926948370721
 20
-666.5542105225951
 10
-346.78138812110217
 20
-666.6244816240794
 10
-346.7718093496638
 20
-666.6950090419223
 10
-346.76396429265066
 20
-666.7657502930442
 10
-346.75785767563184
 20
-666.836662765561
 10
-346.75349317700505
 20
-666.9077037444505
 10
-346.75087342578104
 20
-666.9788304372836
 10
-346.75000000000006
 20
-667.05
 10
-346.75087342578104
 20
-667.1211695627164
 10
-346.75349317700505
 20
-667.1922962555495
 10
-346.75785767563184
 20
-667.2633372344391
 10
-346.76396429265066
 20
-667.3342497069557
 10
-346.7718093496638
 20
-667.4049909580777
 10
-346.78138812110217
 20
-667.4755183759205
 10
-346.7926948370721
 20
-667.5457894774049
 10
-346.8057226868307
 20
-667.6157619338468
 10
-346.8204638228883
 20
-667.6853935964549
 10
-346.83690936573583
 20
-667.7546425217195
 10
-346.85504940919327
 20
-667.8234669966772
 10
-346.87487302637663
 20
-667.891825564038
 10
-346.8963682762802
 20
-667.9596770471568
 10
-346.91952221096926
 20
-668.0269805748375
 10
-346.9443208833793
 20
-668.0936956059514
 10
-346.9707493557173
 20
-668.1597819538588
 10
-346.9987917084598
 20
-668.2251998106144
 10
-347.02843104994207
 20
-668.2899097709478
 10
-347.05964952653306
 20
-668.3538728559984
 10
-347.0924283333898
 20
-668.4170505367954
 10
-347.12674772578475
 20
-668.4794047574663
 10
-347.16258703099925
 20
-668.5408979581604
 10
-347.1999246607759
 20
-668.6014930976726
 10
-347.23873812432265
 20
-668.6611536757569
 10
-347.27900404186045
 20
-668.7198437551117
 10
-347.32069815870614
 20
-668.777527983028
 10
-347.3637953598829
 20
-668.8341716126838
 10
-347.4082696852481
 20
-668.8897405240746
 10
-347.45409434513124
 20
-668.944201244566
 10
-347.50124173647066
 20
-668.9975209690564
 10
-347.54968345944076
 20
-669.0496675797375
 10
-347.599390334559
 20
-669.100609665441
 10
-347.65033242026254
 20
-669.1503165405593
 10
-347.70247903094366
 20
-669.1987582635294
 10
-347.75579875543406
 20
-669.2459056548688
 10
-347.8102594759255
 20
-669.2917303147519
 10
-347.86582838731624
 20
-669.3362046401171
 10
-347.922472016972
 20
-669.3793018412939
 10
-347.9801562448883
 20
-669.4209959581395
 10
-348.0388463242432
 20
-669.4612618756773
 10
-348.0985069023275
 20
-669.5000753392242
 10
-348.1591020418397
 20
-669.5374129690008
 10
-348.22059524253365
 20
-669.5732522742153
 10
-348.28294946320466
 20
-669.6075716666103
 10
-348.3461271440017
 20
-669.640350473467
 10
-348.41009022905223
 20
-669.671568950058
 10
-348.4748001893856
 20
-669.7012082915403
 10
-348.54021804614126
 20
-669.7292506442827
 10
-348.60630439404855
 20
-669.7556791166207
 10
-348.6730194251626
 20
-669.7804777890308
 10
-348.74032295284326
 20
-669.8036317237198
 10
-348.8081744359621
 20
-669.8251269736234
 10
-348.87653300332283
 20
-669.8449505908068
 10
-348.9453574782806
 20
-669.8630906342642
 10
-349.0146064035451
 20
-669.8795361771117
 10
-349.08423806615326
 20
-669.8942773131694
 10
-349.1542105225952
 20
-669.907305162928
 10
-349.2244816240795
 20
-669.9186118788979
 10
-349.2950090419223
 20
-669.9281906503363
 10
-349.3657502930443
 20
-669.9360357073493
 10
-349.436662765561
 20
-669.9421423243682
 10
-349.5077037444505
 20
-669.9465068229949
 10
-349.5788304372836
 20
-669.949126574219
 10
-349.65000000000003
 20
-669.95
 10
-355.65000000000003
 20
-669.95
 10
-355.72116956271645
 20
-669.949126574219
  0
LWPOLYLINE
  5
114
330
17
100
AcDbEntity
  8
20_ВИДИМЫЕ
100
AcDbPolyline
 90
257
 70
1
 10
-350.85
 20
-667.05
 10
-350.85054212634685
 20
-667.0941742113413
 10
-350.8521681788307
 20
-667.1383218137894
 10
-350.8548771779784
 20
-667.1824162144794
 10
-350.8586674919901
 20
-667.2264308525932
 10
-350.86353683772234
 20
-667.2703392153586
 10
-350.8694822820634
 20
-667.3141148540196
 10
-350.8765002436999
 20
-667.3577313997686
 10
-350.8845864952742
 20
-667.401162579629
 10
-350.8937361659307
 20
-667.4443822322824
 10
-350.90394374424983
 20
-667.4873643238259
 10
-350.9152030815682
 20
-667.5300829634548
 10
-350.9275073956821
 20
-667.5725124190581
 10
-350.9408492749326
 20
-667.6146271327179
 10
-350.9552206826706
 20
-667.656401736106
 10
-350.9706129620975
 20
-667.697811065763
 10
-350.9870168414797
 20
-667.7388301782571
 10
-351.0044224397337
 20
-667.779434365209
 10
-351.02281927237783
 20
-667.8195991681745
 10
-351.0421962578481
 20
-667.8593003933782
 10
-351.062541724173
 20
-667.8985141262868
 10
-351.08384341600436
 20
-667.9372167460136
 10
-351.1060885019995
 20
-667.9753849395478
 10
-351.12926358255055
 20
-668.0129957157968
 10
-351.15335469785543
 20
-668.0500264194353
 10
-351.1783473363272
 20
-668.0864547445522
 10
-351.20422644333485
 20
-668.1222587480863
 10
-351.23097643027216
 20
-668.1574168630451
 10
-351.2585811839471
 20
-668.1919079114946
 10
-351.2870240762884
 20
-668.2257111173168
 10
-351.3162879743611
 20
-668.2588061187246
 10
-351.3463552506874
 20
-668.2911729805268
 10
-351.3772077938643
 20
-668.3227922061358
 10
-351.40882701947334
 20
-668.3536447493126
 10
-351.4411938812754
 20
-668.3837120256389
 10
-351.47428888268325
 20
-668.4129759237117
 10
-351.50809208850546
 20
-668.4414188160529
 10
-351.54258313695493
 20
-668.4690235697279
 10
-351.57774125191366
 20
-668.4957735566652
 10
-351.6135452554479
 20
-668.5216526636729
 10
-351.64997358056473
 20
-668.5466453021446
 10
-351.6870042842033
 20
-668.5707364174494
 10
-351.7246150604522
 20
-668.5939114980005
 10
-351.7627832539864
 20
-668.6161565839957
 10
-351.80148587371326
 20
-668.637458275827
 10
-351.84069960662174
 20
-668.6578037421519
 10
-351.8804008318255
 20
-668.6771807276222
 10
-351.92056563479105
 20
-668.6955775602663
 10
-351.9611698217429
 20
-668.7129831585203
 10
-352.00218893423704
 20
-668.7293870379025
 10
-352.043598263894
 20
-668.7447793173294
 10
-352.08537286728205
 20
-668.7591507250675
 10
-352.127487580942
 20
-668.772492604318
 10
-352.1699170365452
 20
-668.7847969184318
 10
-352.21263567617416
 20
-668.7960562557502
 10
-352.2556177677177
 20
-668.8062638340693
 10
-352.298837420371
 20
-668.8154135047258
 10
-352.3422686002315
 20
-668.8234997563001
 10
-352.3858851459804
 20
-668.8305177179366
 10
-352.42966078464144
 20
-668.8364631622777
 10
-352.4735691474068
 20
-668.8413325080099
 10
-352.5175837855206
 20
-668.8451228220216
 10
-352.56167818621066
 20
-668.8478318211693
 10
-352.6058257886588
 20
-668.8494578736531
 10
-352.65000000000003
 20
-668.85
 10
-352.69417421134125
 20
-668.8494578736531
 10
-352.7383218137894
 20
-668.8478318211693
 10
-352.78241621447944
 20
-668.8451228220216
 10
-352.82643085259326
 20
-668.8413325080099
 10
-352.8703392153586
 20
-668.8364631622777
 10
-352.91411485401966
 20
-668.8305177179366
 10
-352.9577313997686
 20
-668.8234997563001
 10
-353.00116257962907
 20
-668.8154135047258
 10
-353.0443822322824
 20
-668.8062638340693
 10
-353.0873643238259
 20
-668.7960562557502
 10
-353.13008296345487
 20
-668.7847969184318
 10
-353.1725124190581
 20
-668.772492604318
 10
-353.214627132718
 20
-668.7591507250675
 10
-353.25640173610606
 20
-668.7447793173294
 10
-353.297811065763
 20
-668.7293870379025
 10
-353.3388301782572
 20
-668.7129831585203
 10
-353.379434365209
 20
-668.6955775602663
 10
-353.41959916817456
 20
-668.6771807276222
 10
-353.4593003933783
 20
-668.6578037421519
 10
-353.4985141262868
 20
-668.637458275827
 10
-353.53721674601366
 20
-668.6161565839957
 10
-353.57538493954786
 20
-668.5939114980005
 10
-353.6129957157968
 20
-668.5707364174494
 10
-353.65002641943533
 20
-668.5466453021446
 10
-353.6864547445522
 20
-668.5216526636729
 10
-353.7222587480864
 20
-668.4957735566652
 10
-353.75741686304514
 20
-668.4690235697279
 10
-353.7919079114946
 20
-668.4414188160529
 10
-353.8257111173168
 20
-668.4129759237117
 10
-353.85880611872466
 20
-668.3837120256389
 10
-353.89117298052673
 20
-668.3536447493126
 10
-353.9227922061358
 20
-668.3227922061358
 10
-353.9536447493127
 20
-668.2911729805268
 10
-353.98371202563897
 20
-668.2588061187246
 10
-354.0129759237117
 20
-668.2257111173168
 10
-354.04141881605295
 20
-668.1919079114946
 10
-354.0690235697279
 20
-668.1574168630451
 10
-354.0957735566652
 20
-668.1222587480863
 10
-354.1216526636729
 20
-668.0864547445522
 10
-354.14664530214463
 20
-668.0500264194353
 10
-354.1707364174495
 20
-668.0129957157968
 10
-354.19391149800055
 20
-667.9753849395478
 10
-354.2161565839957
 20
-667.9372167460136
 10
-354.23745827582707
 20
-667.8985141262868
 10
-354.25780374215196
 20
-667.8593003933782
 10
-354.27718072762224
 20
-667.8195991681745
 10
-354.2955775602664
 20
-667.779434365209
 10
-354.31298315852035
 20
-667.7388301782571
 10
-354.32938703790256
 20
-667.697811065763
 10
-354.3447793173295
 20
-667.656401736106
 10
-354.3591507250675
 20
-667.6146271327179
 10
-354.372492604318
 20
-667.5725124190581
 10
-354.38479691843185
 20
-667.5300829634548
 10
-354.39605625575024
 20
-667.4873643238259
 10
-354.40626383406936
 20
-667.4443822322824
 10
-354.41541350472585
 20
-667.401162579629
 10
-354.42349975630015
 20
-667.3577313997686
 10
-354.43051771793665
 20
-667.3141148540196
 10
-354.43646316227773
 20
-667.2703392153586
 10
-354.44133250800996
 20
-667.2264308525932
 10
-354.4451228220217
 20
-667.1824162144794
 10
-354.44783182116936
 20
-667.1383218137894
 10
-354.4494578736532
 20
-667.0941742113413
 10
-354.45000000000005
 20
-667.05
 10
-354.4494578736532
 20
-667.0058257886587
 10
-354.44783182116936
 20
-666.9616781862106
 10
-354.4451228220217
 20
-666.9175837855206
 10
-354.44133250800996
 20
-666.8735691474068
 10
-354.43646316227773
 20
-666.8296607846414
 10
-354.43051771793665
 20
-666.7858851459804
 10
-354.42349975630015
 20
-666.7422686002315
 10
-354.41541350472585
 20
-666.698837420371
 10
-354.40626383406936
 20
-666.6556177677177
 10
-354.39605625575024
 20
-666.6126356761741
 10
-354.38479691843185
 20
-666.5699170365451
 10
-354.372492604318
 20
-666.527487580942
 10
-354.3591507250675
 20
-666.485372867282
 10
-354.3447793173295
 20
-666.443598263894
 10
-354.32938703790256
 20
-666.4021889342371
 10
-354.31298315852035
 20
-666.3611698217428
 10
-354.2955775602664
 20
-666.320565634791
 10
-354.27718072762224
 20
-666.2804008318255
 10
-354.25780374215196
 20
-666.2406996066217
 10
-354.23745827582707
 20
-666.2014858737132
 10
-354.2161565839957
 20
-666.1627832539864
 10
-354.19391149800055
 20
-666.1246150604522
 10
-354.1707364174495
 20
-666.0870042842032
 10
-354.14664530214463
 20
-666.0499735805647
 10
-354.1216526636729
 20
-666.0135452554479
 10
-354.0957735566652
 20
-665.9777412519136
 10
-354.0690235697279
 20
-665.9425831369549
 10
-354.04141881605295
 20
-665.9080920885054
 10
-354.0129759237117
 20
-665.8742888826832
 10
-353.98371202563897
 20
-665.8411938812753
 10
-353.9536447493127
 20
-665.8088270194733
 10
-353.9227922061358
 20
-665.7772077938642
 10
-353.89117298052673
 20
-665.7463552506873
 10
-353.85880611872466
 20
-665.7162879743611
 10
-353.8257111173168
 20
-665.6870240762884
 10
-353.7919079114946
 20
-665.658581183947
 10
-353.75741686304514
 20
-665.6309764302721
 10
-353.7222587480864
 20
-665.6042264433348
 10
-353.6864547445522
 20
-665.5783473363272
 10
-353.65002641943533
 20
-665.5533546978554
 10
-353.6129957157968
 20
-665.5292635825506
 10
-353.57538493954786
 20
-665.5060885019996
 10
-353.53721674601366
 20
-665.4838434160043
 10
-353.4985141262868
 20
-665.462541724173
 10
-353.4593003933783
 20
-665.4421962578481
 10
-353.41959916817456
 20
-665.4228192723778
 10
-353.379434365209
 20
-665.4044224397336
 10
-353.3388301782572
 20
-665.3870168414796
 10
-353.297811065763
 20
-665.3706129620974
 10
-353.25640173610606
 20
-665.3552206826705
 10
-353.214627132718
 20
-665.3408492749326
 10
-353.1725124190581
 20
-665.327507395682
 10
-353.13008296345487
 20
-665.3152030815681
 10
-353.0873643238259
 20
-665.3039437442499
 10
-353.0443822322824
 20
-665.2937361659307
 10
-353.00116257962907
 20
-665.2845864952742
 10
-352.9577313997686
 20
-665.2765002437
 10
-352.91411485401966
 20
-665.2694822820633
 10
-352.8703392153586
 20
-665.2635368377223
 10
-352.82643085259326
 20
-665.2586674919901
 10
-352.78241621447944
 20
-665.2548771779784
 10
-352.7383218137894
 20
-665.2521681788307
 10
-352.69417421134125
 20
-665.2505421263468
 10
-352.65000000000003
 20
-665.25
 10
-352.6058257886588
 20
-665.2505421263468
 10
-352.56167818621066
 20
-665.2521681788307
 10
-352.5175837855206
 20
-665.2548771779784
 10
-352.4735691474068
 20
-665.2586674919901
 10
-352.42966078464144
 20
-665.2635368377223
 10
-352.3858851459804
 20
-665.2694822820633
 10
-352.3422686002315
 20
-665.2765002437
 10
-352.298837420371
 20
-665.2845864952742
 10
-352.2556177677177
 20
-665.2937361659307
 10
-352.21263567617416
 20
-665.3039437442499
 10
-352.1699170365452
 20
-665.3152030815681
 10
-352.127487580942
 20
-665.327507395682
 10
-352.08537286728205
 20
-665.3408492749326
 10
-352.043598263894
 20
-665.3552206826705
 10
-352.00218893423704
 20
-665.3706129620974
 10
-351.9611698217429
 20
-665.3870168414796
 10
-351.92056563479105
 20
-665.4044224397336
 10
-351.8804008318255
 20
-665.4228192723778
 10
-351.84069960662174
 20
-665.4421962578481
 10
-351.80148587371326
 20
-665.462541724173
 10
-351.7627832539864
 20
-665.4838434160043
 10
-351.7246150604522
 20
-665.5060885019996
 10
-351.6870042842033
 20
-665.5292635825506
 10
-351.64997358056473
 20
-665.5533546978554
 10
-351.6135452554479
 20
-665.5783473363272
 10
-351.57774125191366
 20
-665.6042264433348
 10
-351.54258313695493
 20
-665.6309764302721
 10
-351.50809208850546
 20
-665.658581183947
 10
-351.47428888268325
 20
-665.6870240762884
 10
-351.4411938812754
 20
-665.7162879743611
 10
-351.40882701947334
 20
-665.7463552506873
 10
-351.3772077938643
 20
-665.7772077938642
 10
-351.3463552506874
 20
-665.8088270194733
 10
-351.3162879743611
 20
-665.8411938812753
 10
-351.2870240762884
 20
-665.8742888826832
 10
-351.2585811839471
 20
-665.9080920885054
 10
-351.23097643027216
 20
-665.9425831369549
 10
-351.20422644333485
 20
-665.9777412519136
 10
-351.1783473363272
 20
-666.0135452554479
 10
-351.15335469785543
 20
-666.0499735805647
 10
-351.12926358255055
 20
-666.0870042842032
 10
-351.1060885019995
 20
-666.1246150604522
 10
-351.08384341600436
 20
-666.1627832539864
 10
-351.062541724173
 20
-666.2014858737132
 10
-351.0421962578481
 20
-666.2406996066217
 10
-351.02281927237783
 20
-666.2804008318255
 10
-351.0044224397337
 20
-666.320565634791
 10
-350.9870168414797
 20
-666.3611698217428
 10
-350.9706129620975
 20
-666.4021889342371
 10
-350.9552206826706
 20
-666.443598263894
 10
-350.9408492749326
 20
-666.485372867282
 10
-350.9275073956821
 20
-666.527487580942
 10
-350.9152030815682
 20
-666.5699170365451
 10
-350.90394374424983
 20
-666.6126356761741
 10
-350.8937361659307
 20
-666.6556177677177
 10
-350.8845864952742
 20
-666.698837420371
 10
-350.8765002436999
 20
-666.7422686002315
 10
-350.8694822820634
 20
-666.7858851459804
 10
-350.86353683772234
 20
-666.8296607846414
 10
-350.8586674919901
 20
-666.8735691474068
 10
-350.8548771779784
 20
-666.9175837855206
 10
-350.8521681788307
 20
-666.9616781862106
 10
-350.85054212634685
 20
-667.0058257886587
 10
-350.85
 20
-667.05
  0
LWPOLYLINE
  5
115
330
17
100
AcDbEntity
  8
20_ВИДИМЫЕ
100
AcDbPolyline
 90
257
 70
1
 10
-350.45000000000005
 20
-667.05
 10
-350.4506625988684
 20
-667.1039907027504
 10
-350.45264999634867
 20
-667.1579488835204
 10
-350.4559609953069
 20
-667.2118420399192
 10
-350.4605936013212
 20
-667.2656377087251
 10
-350.4665450238829
 20
-667.3193034854382
 10
-350.47381167807754
 20
-667.3728070438018
 10
-350.48238918674434
 20
-667.4261161552727
 10
-350.49227238311295
 20
-667.4791987084354
 10
-350.50345531391525
 20
-667.532022728345
 10
-350.51593124297204
 20
-667.5845563957872
 10
-350.5296926552501
 20
-667.6367680664448
 10
-350.5447312613892
 20
-667.6886262899598
 10
-350.56103800269534
 20
-667.7400998288775
 10
-350.5786030565974
 20
-667.7911576774629
 10
-350.59741584256363
 20
-667.8417690803769
 10
-350.6174650284752
 20
-667.8919035512032
 10
-350.63873853745224
 20
-667.941530890811
 10
-350.66122355512846
 20
-667.9906212055466
 10
-350.6849065373699
 20
-668.0391449252402
 10
-350.70977321843367
 20
-668.0870728210172
 10
-350.7358086195609
 20
-668.1343760229055
 10
-350.7629970579994
 20
-668.1810260372251
 10
-350.7913221564507
 20
-668.2269947637516
 10
-350.8207668529344
 20
-668.2722545126431
 10
-350.85131341106654
 20
-668.3167780211193
 10
-350.8829434307426
 20
-668.3605384698833
 10
-350.9156378592215
 20
-668.4035094992773
 10
-350.94937700260203
 20
-668.44566522516
 10
-350.9841405376858
 20
-668.4869802544983
 10
-351.01990752421915
 20
-668.5274297006634
 10
-351.0566564175068
 20
-668.5669891984215
 10
-351.09436508138964
 20
-668.6056349186103
 10
-351.1330108015785
 20
-668.6433435824932
 10
-351.1725702993366
 20
-668.680092475781
 10
-351.2130197455017
 20
-668.7158594623143
 10
-351.25433477484
 20
-668.7506229973981
 10
-351.29649050072265
 20
-668.7843621407785
 10
-351.3394615301167
 20
-668.8170565692574
 10
-351.3832219788808
 20
-668.8486865889334
 10
-351.4277454873569
 20
-668.8792331470656
 10
-351.4730052362484
 20
-668.9086778435494
 10
-351.51897396277496
 20
-668.9370029420006
 10
-351.5656239770945
 20
-668.9641913804392
 10
-351.61292717898283
 20
-668.9902267815664
 10
-351.6608550747599
 20
-669.0150934626301
 10
-351.7093787944534
 20
-669.0387764448716
 10
-351.75846910918904
 20
-669.0612614625478
 10
-351.80809644879685
 20
-669.0825349715249
 10
-351.85823091962305
 20
-669.1025841574365
 10
-351.90884232253717
 20
-669.1213969434026
 10
-351.95990017112246
 20
-669.1389619973047
 10
-352.01137371004023
 20
-669.1552687386109
 10
-352.06323193355524
 20
-669.17030734475
 10
-352.1154436042128
 20
-669.184068757028
 10
-352.16797727165493
 20
-669.1965446860847
 10
-352.22080129156456
 20
-669.207727616887
 10
-352.2738838447274
 20
-669.2176108132556
 10
-352.32719295619825
 20
-669.2261883219226
 10
-352.38069651456175
 20
-669.2334549761172
 10
-352.434362291275
 20
-669.2394063986789
 10
-352.48815796008074
 20
-669.2440390046931
 10
-352.54205111647974
 20
-669.2473500036514
 10
-352.5960092972496
 20
-669.2493374011317
 10
-352.65000000000003
 20
-669.25
 10
-352.70399070275045
 20
-669.2493374011317
 10
-352.7579488835203
 20
-669.2473500036514
 10
-352.8118420399193
 20
-669.2440390046931
 10
-352.86563770872505
 20
-669.2394063986789
 10
-352.9193034854383
 20
-669.2334549761172
 10
-352.9728070438018
 20
-669.2261883219226
 10
-353.0261161552727
 20
-669.2176108132556
 10
-353.0791987084355
 20
-669.207727616887
 10
-353.13202272834513
 20
-669.1965446860847
 10
-353.18455639578724
 20
-669.184068757028
 10
-353.2367680664448
 20
-669.17030734475
 10
-353.28862628995984
 20
-669.1552687386109
 10
-353.3400998288776
 20
-669.1389619973047
 10
-353.3911576774629
 20
-669.1213969434026
 10
-353.441769080377
 20
-669.1025841574365
 10
-353.4919035512032
 20
-669.0825349715249
 10
-353.54153089081103
 20
-669.0612614625478
 10
-353.59062120554665
 20
-669.0387764448716
 10
-353.63914492524015
 20
-669.0150934626301
 10
-353.68707282101724
 20
-668.9902267815664
 10
-353.73437602290556
 20
-668.9641913804392
 10
-353.7810260372251
 20
-668.9370029420006
 10
-353.82699476375166
 20
-668.9086778435494
 10
-353.87225451264317
 20
-668.8792331470656
 10
-353.9167780211193
 20
-668.8486865889334
 10
-353.9605384698834
 20
-668.8170565692574
 10
-354.0035094992774
 20
-668.7843621407785
 10
-354.04566522516006
 20
-668.7506229973981
 10
-354.0869802544983
 20
-668.7158594623143
 10
-354.12742970066347
 20
-668.680092475781
 10
-354.16698919842156
 20
-668.6433435824932
 10
-354.20563491861043
 20
-668.6056349186103
 10
-354.24334358249325
 20
-668.5669891984215
 10
-354.2800924757809
 20
-668.5274297006634
 10
-354.3158594623143
 20
-668.4869802544983
 10
-354.35062299739803
 20
-668.44566522516
 10
-354.3843621407786
 20
-668.4035094992773
 10
-354.41705656925745
 20
-668.3605384698833
 10
-354.4486865889335
 20
-668.3167780211193
 10
-354.47923314706566
 20
-668.2722545126431
 10
-354.5086778435494
 20
-668.2269947637516
 10
-354.53700294200064
 20
-668.1810260372251
 10
-354.5641913804392
 20
-668.1343760229055
 10
-354.5902267815664
 20
-668.0870728210172
 10
-354.61509346263017
 20
-668.0391449252402
 10
-354.6387764448716
 20
-667.9906212055466
 10
-354.6612614625478
 20
-667.941530890811
 10
-354.6825349715249
 20
-667.8919035512032
 10
-354.70258415743643
 20
-667.8417690803769
 10
-354.7213969434027
 20
-667.7911576774629
 10
-354.7389619973047
 20
-667.7400998288775
 10
-354.7552687386109
 20
-667.6886262899598
 10
-354.77030734475
 20
-667.6367680664448
 10
-354.784068757028
 20
-667.5845563957872
 10
-354.7965446860848
 20
-667.532022728345
 10
-354.8077276168871
 20
-667.4791987084354
 10
-354.8176108132557
 20
-667.4261161552727
 10
-354.82618832192253
 20
-667.3728070438018
 10
-354.8334549761172
 20
-667.3193034854382
 10
-354.8394063986789
 20
-667.2656377087251
 10
-354.8440390046932
 20
-667.2118420399192
 10
-354.8473500036514
 20
-667.1579488835204
 10
-354.84933740113166
 20
-667.1039907027504
 10
-354.85
 20
-667.05
 10
-354.84933740113166
 20
-666.9960092972495
 10
-354.8473500036514
 20
-666.9420511164797
 10
-354.8440390046932
 20
-666.8881579600808
 10
-354.8394063986789
 20
-666.8343622912749
 10
-354.8334549761172
 20
-666.7806965145617
 10
-354.82618832192253
 20
-666.7271929561982
 10
-354.8176108132557
 20
-666.6738838447274
 10
-354.8077276168871
 20
-666.6208012915645
 10
-354.7965446860848
 20
-666.5679772716549
 10
-354.784068757028
 20
-666.5154436042128
 10
-354.77030734475
 20
-666.4632319335552
 10
-354.7552687386109
 20
-666.4113737100402
 10
-354.7389619973047
 20
-666.3599001711225
 10
-354.7213969434027
 20
-666.3088423225371
 10
-354.70258415743643
 20
-666.258230919623
 10
-354.6825349715249
 20
-666.2080964487968
 10
-354.6612614625478
 20
-666.158469109189
 10
-354.6387764448716
 20
-666.1093787944534
 10
-354.61509346263017
 20
-666.0608550747598
 10
-354.5902267815664
 20
-666.0129271789829
 10
-354.5641913804392
 20
-665.9656239770944
 10
-354.53700294200064
 20
-665.9189739627749
 10
-354.5086778435494
 20
-665.8730052362484
 10
-354.47923314706566
 20
-665.8277454873569
 10
-354.4486865889335
 20
-665.7832219788808
 10
-354.41705656925745
 20
-665.7394615301166
 10
-354.3843621407786
 20
-665.6964905007226
 10
-354.35062299739803
 20
-665.65433477484
 10
-354.3158594623143
 20
-665.6130197455017
 10
-354.2800924757809
 20
-665.5725702993366
 10
-354.24334358249325
 20
-665.5330108015785
 10
-354.20563491861043
 20
-665.4943650813896
 10
-354.16698919842156
 20
-665.4566564175068
 10
-354.12742970066347
 20
-665.4199075242191
 10
-354.08698025449837
 20
-665.3841405376858
 10
-354.04566522516006
 20
-665.349377002602
 10
-354.0035094992774
 20
-665.3156378592215
 10
-353.9605384698834
 20
-665.2829434307425
 10
-353.9167780211193
 20
-665.2513134110666
 10
-353.87225451264317
 20
-665.2207668529344
 10
-353.82699476375166
 20
-665.1913221564506
 10
-353.7810260372251
 20
-665.1629970579994
 10
-353.73437602290556
 20
-665.1358086195609
 10
-353.68707282101724
 20
-665.1097732184336
 10
-353.63914492524015
 20
-665.0849065373699
 10
-353.59062120554665
 20
-665.0612235551284
 10
-353.54153089081103
 20
-665.0387385374522
 10
-353.4919035512032
 20
-665.0174650284752
 10
-353.441769080377
 20
-664.9974158425636
 10
-353.3911576774629
 20
-664.9786030565973
 10
-353.3400998288776
 20
-664.9610380026953
 10
-353.28862628995984
 20
-664.9447312613892
 10
-353.2367680664448
 20
-664.92969265525
 10
-353.18455639578724
 20
-664.915931242972
 10
-353.13202272834513
 20
-664.9034553139152
 10
-353.0791987084355
 20
-664.8922723831129
 10
-353.0261161552727
 20
-664.8823891867444
 10
-352.9728070438018
 20
-664.8738116780775
 10
-352.9193034854383
 20
-664.8665450238828
 10
-352.86563770872505
 20
-664.8605936013212
 10
-352.8118420399193
 20
-664.8559609953069
 10
-352.7579488835203
 20
-664.8526499963486
 10
-352.70399070275045
 20
-664.8506625988683
 10
-352.65000000000003
 20
-664.85
 10
-352.5960092972496
 20
-664.8506625988683
 10
-352.54205111647974
 20
-664.8526499963486
 10
-352.48815796008074
 20
-664.8559609953069
 10
-352.434362291275
 20
-664.8605936013212
 10
-352.38069651456175
 20
-664.8665450238828
 10
-352.32719295619825
 20
-664.8738116780775
 10
-352.2738838447274
 20
-664.8823891867444
 10
-352.22080129156456
 20
-664.8922723831129
 10
-352.16797727165493
 20
-664.9034553139152
 10
-352.1154436042128
 20
-664.915931242972
 10
-352.06323193355524
 20
-664.92969265525
 10
-352.01137371004023
 20
-664.9447312613892
 10
-351.95990017112246
 20
-664.9610380026953
 10
-351.90884232253717
 20
-664.9786030565973
 10
-351.85823091962305
 20
-664.9974158425636
 10
-351.80809644879685
 20
-665.0174650284752
 10
-351.75846910918904
 20
-665.0387385374522
 10
-351.7093787944534
 20
-665.0612235551284
 10
-351.6608550747599
 20
-665.0849065373699
 10
-351.61292717898283
 20
-665.1097732184336
 10
-351.5656239770945
 20
-665.1358086195609
 10
-351.51897396277496
 20
-665.1629970579994
 10
-351.4730052362484
 20
-665.1913221564506
 10
-351.4277454873569
 20
-665.2207668529344
 10
-351.3832219788808
 20
-665.2513134110666
 10
-351.3394615301167
 20
-665.2829434307425
 10
-351.29649050072265
 20
-665.3156378592215
 10
-351.25433477484
 20
-665.349377002602
 10
-351.2130197455017
 20
-665.3841405376858
 10
-351.1725702993366
 20
-665.4199075242191
 10
-351.1330108015785
 20
-665.4566564175068
 10
-351.09436508138964
 20
-665.4943650813896
 10
-351.0566564175068
 20
-665.5330108015785
 10
-351.01990752421915
 20
-665.5725702993366
 10
-350.9841405376858
 20
-665.6130197455017
 10
-350.94937700260203
 20
-665.65433477484
 10
-350.9156378592215
 20
-665.6964905007226
 10
-350.8829434307426
 20
-665.7394615301166
 10
-350.85131341106654
 20
-665.7832219788808
 10
-350.8207668529344
 20
-665.8277454873569
 10
-350.7913221564507
 20
-665.8730052362484
 10
-350.7629970579994
 20
-665.9189739627749
 10
-350.7358086195609
 20
-665.9656239770944
 10
-350.70977321843367
 20
-666.0129271789829
 10
-350.6849065373699
 20
-666.0608550747598
 10
-350.66122355512846
 20
-666.1093787944534
 10
-350.63873853745224
 20
-666.158469109189
 10
-350.6174650284752
 20
-666.2080964487968
 10
-350.59741584256363
 20
-666.258230919623
 10
-350.5786030565974
 20
-666.3088423225371
 10
-350.56103800269534
 20
-666.3599001711225
 10
-350.5447312613892
 20
-666.4113737100402
 10
-350.5296926552501
 20
-666.4632319335552
 10
-350.51593124297204
 20
-666.5154436042128
 10
-350.50345531391525
 20
-666.5679772716549
 10
-350.49227238311295
 20
-666.6208012915645
 10
-350.48238918674434
 20
-666.6738838447274
 10
-350.47381167807754
 20
-666.7271929561982
 10
-350.4665450238829
 20
-666.7806965145617
 10
-350.4605936013212
 20
-666.8343622912749
 10
-350.4559609953069
 20
-666.8881579600808
 10
-350.45264999634867
 20
-666.9420511164797
 10
-350.4506625988684
 20
-666.9960092972495
 10
-350.45000000000005
 20
-667.05
  0
LWPOLYLINE
  5
116
330
17
100
AcDbEntity
  8
20_ВИДИМЫЕ
100
AcDbPolyline
 90
193
 70
1
 10
-359.35
 20
-679.55
 10
-359.35069603628074
 20
-679.5925348076682
 10
-359.35278339978987
 20
-679.6350240679992
 10
-359.3562598553262
 20
-679.6774222824284
 10
-359.36112168021407
 20
-679.719684049886
 10
-359.36736366828967
 20
-679.7617641154129
 10
-359.3749791354758
 20
-679.803617418621
 10
-359.3839599269395
 20
-679.8451991419447
 10
-359.3942964258242
 20
-679.8864647586333
 10
-359.40597756354816
 20
-679.9273700804308
 10
-359.4189908316564
 20
-679.9678713048941
 10
-359.43332229521553
 20
-680.0079250622975
 10
-359.44895660773534
 20
-680.0474884620746
 10
-359.4658770276025
 20
-680.0865191387458
 10
-359.48406543600754
 20
-680.1249752972847
 10
-359.50350235634716
 20
-680.1628157578738
 10
-359.5241669750803
 20
-680.2
 10
-359.5460371640155
 20
-680.2364882058455
 10
-359.56908950400674
 20
-680.2722413029255
 10
-359.59329931003094
 20
-680.3072210059281
 10
-359.6186406576214
 20
-680.3413898577113
 10
-359.6450864106285
 20
-680.3747112694127
 10
-359.67260825027734
 20
-680.40714955963
 10
-359.70117670549286
 20
-680.4386699926297
 10
-359.73076118445755
 20
-680.4692388155426
 10
-359.7613300073703
 20
-680.4988232945072
 10
-359.79285044036993
 20
-680.5273917497227
 10
-359.8252887305873
 20
-680.5549135893716
 10
-359.8586101422887
 20
-680.5813593423786
 10
-359.8927789940719
 20
-680.6067006899691
 10
-359.9277586970745
 20
-680.6309104959932
 10
-359.96351179415456
 20
-680.6539628359845
 10
-360.00000000000006
 20
-680.6758330249197
 10
-360.0371842421262
 20
-680.6964976436528
 10
-360.0750247027153
 20
-680.7159345639925
 10
-360.11348086125435
 20
-680.7341229723975
 10
-360.1525115379254
 20
-680.7510433922647
 10
-360.19207493770244
 20
-680.7666777047846
 10
-360.2321286951059
 20
-680.7810091683436
 10
-360.2726299195692
 20
-680.7940224364519
 10
-360.31353524136676
 20
-680.8057035741758
 10
-360.35480085805534
 20
-680.8160400730605
 10
-360.39638258137904
 20
-680.8250208645242
 10
-360.4382358845871
 20
-680.8326363317103
 10
-360.48031595011395
 20
-680.838878319786
 10
-360.5225777175716
 20
-680.8437401446738
 10
-360.56497593200083
 20
-680.8472166002102
 10
-360.60746519233174
 20
-680.8493039637193
 10
-360.65000000000003
 20
-680.85
 10
-360.6925348076683
 20
-680.8493039637193
 10
-360.73502406799923
 20
-680.8472166002102
 10
-360.77742228242846
 20
-680.8437401446738
 10
-360.8196840498861
 20
-680.838878319786
 10
-360.861764115413
 20
-680.8326363317103
 10
-360.903617418621
 20
-680.8250208645242
 10
-360.9451991419447
 20
-680.8160400730605
 10
-360.9864647586333
 20
-680.8057035741758
 10
-361.02737008043084
 20
-680.7940224364519
 10
-361.06787130489414
 20
-680.7810091683436
 10
-361.1079250622976
 20
-680.7666777047846
 10
-361.14748846207465
 20
-680.7510433922647
 10
-361.1865191387457
 20
-680.7341229723975
 10
-361.22497529728474
 20
-680.7159345639925
 10
-361.26281575787385
 20
-680.6964976436528
 10
-361.3
 20
-680.6758330249197
 10
-361.3364882058455
 20
-680.6539628359845
 10
-361.37224130292554
 20
-680.6309104959932
 10
-361.4072210059282
 20
-680.6067006899691
 10
-361.4413898577114
 20
-680.5813593423786
 10
-361.47471126941275
 20
-680.5549135893716
 10
-361.50714955963014
 20
-680.5273917497227
 10
-361.53866999262976
 20
-680.4988232945072
 10
-361.5692388155425
 20
-680.4692388155426
 10
-361.5988232945072
 20
-680.4386699926297
 10
-361.62739174972273
 20
-680.40714955963
 10
-361.6549135893716
 20
-680.3747112694127
 10
-361.68135934237864
 20
-680.3413898577113
 10
-361.7067006899691
 20
-680.3072210059281
 10
-361.7309104959933
 20
-680.2722413029255
 10
-361.75396283598457
 20
-680.2364882058455
 10
-361.7758330249198
 20
-680.2
 10
-361.7964976436529
 20
-680.1628157578738
 10
-361.8159345639925
 20
-680.1249752972847
 10
-361.83412297239755
 20
-680.0865191387458
 10
-361.8510433922647
 20
-680.0474884620746
 10
-361.86667770478454
 20
-680.0079250622975
 10
-361.88100916834367
 20
-679.9678713048941
 10
-361.8940224364519
 20
-679.9273700804308
 10
-361.90570357417585
 20
-679.8864647586333
 10
-361.91604007306057
 20
-679.8451991419447
 10
-361.92502086452424
 20
-679.803617418621
 10
-361.9326363317104
 20
-679.7617641154129
 10
-361.938878319786
 20
-679.719684049886
 10
-361.9437401446739
 20
-679.6774222824284
 10
-361.9472166002102
 20
-679.6350240679992
 10
-361.94930396371933
 20
-679.5925348076682
 10
-361.95000000000005
 20
-679.55
 10
-361.94930396371933
 20
-679.5074651923317
 10
-361.9472166002102
 20
-679.4649759320008
 10
-361.9437401446739
 20
-679.4225777175716
 10
-361.938878319786
 20
-679.380315950114
 10
-361.9326363317104
 20
-679.338235884587
 10
-361.92502086452424
 20
-679.296382581379
 10
-361.91604007306057
 20
-679.2548008580553
 10
-361.90570357417585
 20
-679.2135352413667
 10
-361.8940224364519
 20
-679.1726299195692
 10
-361.88100916834367
 20
-679.1321286951058
 10
-361.86667770478454
 20
-679.0920749377024
 10
-361.8510433922647
 20
-679.0525115379254
 10
-361.83412297239755
 20
-679.0134808612543
 10
-361.8159345639925
 20
-678.9750247027152
 10
-361.7964976436529
 20
-678.9371842421262
 10
-361.7758330249198
 20
-678.9
 10
-361.75396283598457
 20
-678.8635117941545
 10
-361.7309104959933
 20
-678.8277586970745
 10
-361.7067006899691
 20
-678.7927789940718
 10
-361.68135934237864
 20
-678.7586101422887
 10
-361.6549135893716
 20
-678.7252887305873
 10
-361.62739174972273
 20
-678.69285044037
 10
-361.5988232945072
 20
-678.6613300073702
 10
-361.5692388155425
 20
-678.6307611844575
 10
-361.53866999262976
 20
-678.6011767054928
 10
-361.50714955963014
 20
-678.5726082502773
 10
-361.47471126941275
 20
-678.5450864106284
 10
-361.4413898577114
 20
-678.5186406576214
 10
-361.4072210059282
 20
-678.4932993100309
 10
-361.37224130292554
 20
-678.4690895040067
 10
-361.3364882058455
 20
-678.4460371640155
 10
-361.3
 20
-678.4241669750802
 10
-361.26281575787385
 20
-678.4035023563472
 10
-361.22497529728474
 20
-678.3840654360075
 10
-361.1865191387457
 20
-678.3658770276024
 10
-361.14748846207465
 20
-678.3489566077353
 10
-361.1079250622976
 20
-678.3333222952155
 10
-361.06787130489414
 20
-678.3189908316564
 10
-361.02737008043084
 20
-678.3059775635481
 10
-360.9864647586333
 20
-678.2942964258242
 10
-360.9451991419447
 20
-678.2839599269395
 10
-360.903617418621
 20
-678.2749791354759
 10
-360.861764115413
 20
-678.2673636682896
 10
-360.8196840498861
 20
-678.261121680214
 10
-360.77742228242846
 20
-678.2562598553261
 10
-360.73502406799923
 20
-678.2527833997898
 10
-360.6925348076683
 20
-678.2506960362807
 10
-360.65000000000003
 20
-678.25
 10
-360.60746519233174
 20
-678.2506960362807
 10
-360.56497593200083
 20
-678.2527833997898
 10
-360.5225777175716
 20
-678.2562598553261
 10
-360.48031595011395
 20
-678.261121680214
 10
-360.4382358845871
 20
-678.2673636682896
 10
-360.39638258137904
 20
-678.2749791354759
 10
-360.35480085805534
 20
-678.2839599269395
 10
-360.31353524136676
 20
-678.2942964258242
 10
-360.2726299195692
 20
-678.3059775635481
 10
-360.2321286951059
 20
-678.3189908316564
 10
-360.19207493770244
 20
-678.3333222952155
 10
-360.1525115379254
 20
-678.3489566077353
 10
-360.11348086125435
 20
-678.3658770276024
 10
-360.0750247027153
 20
-678.3840654360075
 10
-360.0371842421262
 20
-678.4035023563472
 10
-360.00000000000006
 20
-678.4241669750802
 10
-359.96351179415456
 20
-678.4460371640155
 10
-359.9277586970745
 20
-678.4690895040067
 10
-359.8927789940719
 20
-678.4932993100309
 10
-359.8586101422887
 20
-678.5186406576214
 10
-359.8252887305873
 20
-678.5450864106284
 10
-359.79285044036993
 20
-678.5726082502773
 10
-359.7613300073703
 20
-678.6011767054928
 10
-359.73076118445755
 20
-678.6307611844575
 10
-359.70117670549286
 20
-678.6613300073702
 10
-359.67260825027734
 20
-678.69285044037
 10
-359.6450864106285
 20
-678.7252887305873
 10
-359.6186406576214
 20
-678.7586101422887
 10
-359.59329931003094
 20
-678.7927789940718
 10
-359.56908950400674
 20
-678.8277586970745
 10
-359.5460371640155
 20
-678.8635117941545
 10
-359.5241669750803
 20
-678.9
 10
-359.50350235634716
 20
-678.9371842421262
 10
-359.48406543600754
 20
-678.9750247027152
 10
-359.4658770276025
 20
-679.0134808612543
 10
-359.44895660773534
 20
-679.0525115379254
 10
-359.43332229521553
 20
-679.0920749377024
 10
-359.4189908316564
 20
-679.1321286951058
 10
-359.40597756354816
 20
-679.1726299195692
 10
-359.3942964258242
 20
-679.2135352413667
 10
-359.3839599269395
 20
-679.2548008580553
 10
-359.3749791354758
 20
-679.296382581379
 10
-359.36736366828967
 20
-679.338235884587
 10
-359.36112168021407
 20
-679.380315950114
 10
-359.3562598553262
 20
-679.4225777175716
 10
-359.35278339978987
 20
-679.4649759320008
 10
-359.35069603628074
 20
-679.5074651923317
 10
-359.35
 20
-679.55
  0
LWPOLYLINE
  5
117
330
17
100
AcDbEntity
  8
20_ВИДИМЫЕ
100
AcDbPolyline
 90
193
 70
1
 10
-358.35
 20
-679.55
 10
-358.3512314488044
 20
-679.6252538904901
 10
-358.3549244765512
 20
-679.7004271972294
 10
-358.36107512865397
 20
-679.7754394227579
 10
-358.3696768188403
 20
-679.8502102421061
 10
-358.38072033620483
 20
-679.9246595888076
 10
-358.3941938550726
 20
-679.9987077406371
 10
-358.41008294766215
 20
-680.0722754049791
 10
-358.4283705995352
 20
-680.1452838037358
 10
-358.44903722781595
 20
-680.2176547576853
 10
-358.4720607021613
 20
-680.2893107701973
 10
-358.4974163684582
 20
-680.3601751102188
 10
-358.5250770752241
 20
-680.4301718944397
 10
-358.5550132026813
 20
-680.4992261685501
 10
-358.5871926944749
 20
-680.5672639875037
 10
-358.6215810919988
 20
-680.6342124946998
 10
-358.6581415712958
 20
-680.7
 10
-358.6968349824889
 20
-680.7645560564958
 10
-358.7376198917042
 20
-680.8278115359451
 10
-358.7804526254393
 20
-680.889698702796
 10
-358.8252873173302
 20
-680.95015128672
 10
-358.87207595726574
 20
-681.0091045535764
 10
-358.92076844279836
 20
-681.0664953747302
 10
-358.971312632795
 20
-681.1222622946526
 10
-359.023654403271
 20
-681.1763455967291
 10
-359.07773770534743
 20
-681.228687367205
 10
-359.1335046252699
 20
-681.2792315572017
 10
-359.19089544642367
 20
-681.3279240427343
 10
-359.24984871327996
 20
-681.3747126826698
 10
-359.3103012972041
 20
-681.4195473745607
 10
-359.37218846405494
 20
-681.4623801082959
 10
-359.4354439435042
 20
-681.5031650175112
 10
-359.50000000000006
 20
-681.5418584287042
 10
-359.56578750530025
 20
-681.5784189080013
 10
-359.6327360124963
 20
-681.6128073055252
 10
-359.7007738314499
 20
-681.6449867973187
 10
-359.76982810556035
 20
-681.674922924776
 10
-359.8398248897812
 20
-681.7025836315419
 10
-359.91068922980276
 20
-681.7279392978387
 10
-359.98234524231475
 20
-681.750962772184
 10
-360.0547161962642
 20
-681.7716294004649
 10
-360.127724595021
 20
-681.7899170523378
 10
-360.20129225936296
 20
-681.8058061449274
 10
-360.2753404111925
 20
-681.8192796637952
 10
-360.3497897578939
 20
-681.8303231811598
 10
-360.42456057724206
 20
-681.8389248713461
 10
-360.49957280277073
 20
-681.8450755234488
 10
-360.57474610950993
 20
-681.8487685511957
 10
-360.65000000000003
 20
-681.85
 10
-360.72525389049014
 20
-681.8487685511957
 10
-360.80042719722934
 20
-681.8450755234488
 10
-360.875439422758
 20
-681.8389248713461
 10
-360.95021024210615
 20
-681.8303231811598
 10
-361.0246595888076
 20
-681.8192796637952
 10
-361.0987077406371
 20
-681.8058061449274
 10
-361.1722754049791
 20
-681.7899170523378
 10
-361.24528380373584
 20
-681.7716294004649
 10
-361.3176547576853
 20
-681.750962772184
 10
-361.3893107701973
 20
-681.7279392978387
 10
-361.46017511021887
 20
-681.7025836315419
 10
-361.5301718944397
 20
-681.674922924776
 10
-361.59922616855016
 20
-681.6449867973187
 10
-361.66726398750376
 20
-681.6128073055252
 10
-361.7342124946998
 20
-681.5784189080013
 10
-361.8
 20
-681.5418584287042
 10
-361.86455605649587
 20
-681.5031650175112
 10
-361.9278115359451
 20
-681.4623801082959
 10
-361.989698702796
 20
-681.4195473745607
 10
-362.0501512867201
 20
-681.3747126826698
 10
-362.1091045535764
 20
-681.3279240427343
 10
-362.1664953747302
 20
-681.2792315572017
 10
-362.22226229465264
 20
-681.228687367205
 10
-362.2763455967291
 20
-681.1763455967291
 10
-362.3286873672051
 20
-681.1222622946526
 10
-362.3792315572017
 20
-681.0664953747302
 10
-362.42792404273433
 20
-681.0091045535764
 10
-362.47471268266986
 20
-680.95015128672
 10
-362.5195473745608
 20
-680.889698702796
 10
-362.5623801082959
 20
-680.8278115359451
 10
-362.6031650175112
 20
-680.7645560564958
 10
-362.64185842870427
 20
-680.7
 10
-362.6784189080013
 20
-680.6342124946998
 10
-362.7128073055252
 20
-680.5672639875037
 10
-362.74498679731875
 20
-680.4992261685501
 10
-362.774922924776
 20
-680.4301718944397
 10
-362.8025836315419
 20
-680.3601751102188
 10
-362.8279392978388
 20
-680.2893107701973
 10
-362.8509627721841
 20
-680.2176547576853
 10
-362.8716294004649
 20
-680.1452838037358
 10
-362.8899170523379
 20
-680.0722754049791
 10
-362.90580614492745
 20
-679.9987077406371
 10
-362.91927966379524
 20
-679.9246595888076
 10
-362.9303231811598
 20
-679.8502102421061
 10
-362.9389248713461
 20
-679.7754394227579
 10
-362.94507552344885
 20
-679.7004271972294
 10
-362.94876855119566
 20
-679.6252538904901
 10
-362.95000000000005
 20
-679.55
 10
-362.94876855119566
 20
-679.4747461095099
 10
-362.94507552344885
 20
-679.3995728027706
 10
-362.9389248713461
 20
-679.324560577242
 10
-362.9303231811598
 20
-679.2497897578938
 10
-362.91927966379524
 20
-679.1753404111925
 10
-362.90580614492745
 20
-679.1012922593629
 10
-362.8899170523379
 20
-679.0277245950209
 10
-362.8716294004649
 20
-678.9547161962641
 10
-362.8509627721841
 20
-678.8823452423147
 10
-362.8279392978388
 20
-678.8106892298027
 10
-362.8025836315419
 20
-678.7398248897812
 10
-362.774922924776
 20
-678.6698281055603
 10
-362.74498679731875
 20
-678.6007738314499
 10
-362.7128073055252
 20
-678.5327360124963
 10
-362.6784189080013
 20
-678.4657875053002
 10
-362.64185842870427
 20
-678.4
 10
-362.6031650175112
 20
-678.3354439435042
 10
-362.5623801082959
 20
-678.2721884640549
 10
-362.5195473745608
 20
-678.2103012972041
 10
-362.47471268266986
 20
-678.1498487132799
 10
-362.42792404273433
 20
-678.0908954464236
 10
-362.3792315572017
 20
-678.0335046252699
 10
-362.3286873672051
 20
-677.9777377053474
 10
-362.2763455967291
 20
-677.9236544032709
 10
-362.22226229465264
 20
-677.871312632795
 10
-362.1664953747302
 20
-677.8207684427983
 10
-362.1091045535764
 20
-677.7720759572657
 10
-362.0501512867201
 20
-677.7252873173302
 10
-361.989698702796
 20
-677.6804526254393
 10
-361.9278115359451
 20
-677.6376198917042
 10
-361.86455605649587
 20
-677.5968349824889
 10
-361.8
 20
-677.5581415712958
 10
-361.7342124946998
 20
-677.5215810919988
 10
-361.66726398750376
 20
-677.4871926944749
 10
-361.59922616855016
 20
-677.4550132026814
 10
-361.5301718944397
 20
-677.4250770752241
 10
-361.46017511021887
 20
-677.3974163684582
 10
-361.3893107701973
 20
-677.3720607021612
 10
-361.3176547576853
 20
-677.3490372278159
 10
-361.24528380373584
 20
-677.3283705995351
 10
-361.1722754049791
 20
-677.3100829476621
 10
-361.0987077406371
 20
-677.2941938550725
 10
-361.0246595888076
 20
-677.2807203362048
 10
-360.95021024210615
 20
-677.2696768188403
 10
-360.875439422758
 20
-677.2610751286539
 10
-360.80042719722934
 20
-677.2549244765512
 10
-360.72525389049014
 20
-677.2512314488043
 10
-360.65000000000003
 20
-677.25
 10
-360.57474610950993
 20
-677.2512314488043
 10
-360.49957280277073
 20
-677.2549244765512
 10
-360.42456057724206
 20
-677.2610751286539
 10
-360.3497897578939
 20
-677.2696768188403
 10
-360.2753404111925
 20
-677.2807203362048
 10
-360.20129225936296
 20
-677.2941938550725
 10
-360.127724595021
 20
-677.3100829476621
 10
-360.0547161962642
 20
-677.3283705995351
 10
-359.98234524231475
 20
-677.3490372278159
 10
-359.91068922980276
 20
-677.3720607021612
 10
-359.8398248897812
 20
-677.3974163684582
 10
-359.76982810556035
 20
-677.4250770752241
 10
-359.7007738314499
 20
-677.4550132026814
 10
-359.6327360124963
 20
-677.4871926944749
 10
-359.56578750530025
 20
-677.5215810919988
 10
-359.50000000000006
 20
-677.5581415712958
 10
-359.4354439435042
 20
-677.5968349824889
 10
-359.37218846405494
 20
-677.6376198917042
 10
-359.3103012972041
 20
-677.6804526254393
 10
-359.24984871327996
 20
-677.7252873173302
 10
-359.19089544642367
 20
-677.7720759572657
 10
-359.1335046252699
 20
-677.8207684427983
 10
-359.07773770534743
 20
-677.871312632795
 10
-359.023654403271
 20
-677.9236544032709
 10
-358.971312632795
 20
-677.9777377053474
 10
-358.92076844279836
 20
-678.0335046252699
 10
-358.87207595726574
 20
-678.0908954464236
 10
-358.8252873173302
 20
-678.1498487132799
 10
-358.7804526254393
 20
-678.2103012972041
 10
-358.7376198917042
 20
-678.2721884640549
 10
-358.6968349824889
 20
-678.3354439435042
 10
-358.6581415712958
 20
-678.4
 10
-358.6215810919988
 20
-678.4657875053002
 10
-358.5871926944749
 20
-678.5327360124963
 10
-358.5550132026813
 20
-678.6007738314499
 10
-358.5250770752241
 20
-678.6698281055603
 10
-358.4974163684582
 20
-678.7398248897812
 10
-358.4720607021613
 20
-678.8106892298027
 10
-358.44903722781595
 20
-678.8823452423147
 10
-358.4283705995352
 20
-678.9547161962641
 10
-358.41008294766215
 20
-679.0277245950209
 10
-358.3941938550726
 20
-679.1012922593629
 10
-358.38072033620483
 20
-679.1753404111925
 10
-358.3696768188403
 20
-679.2497897578938
 10
-358.36107512865397
 20
-679.324560577242
 10
-358.3549244765512
 20
-679.3995728027706
 10
-358.3512314488044
 20
-679.4747461095099
 10
-358.35
 20
-679.55
  0
LWPOLYLINE
  5
118
330
17
100
AcDbEntity
  8
20_ВИДИМЫЕ
100
AcDbPolyline
 90
193
 70
1
 10
-359.35
 20
-654.55
 10
-359.35069603628074
 20
-654.5925348076682
 10
-359.35278339978987
 20
-654.6350240679992
 10
-359.3562598553262
 20
-654.6774222824284
 10
-359.36112168021407
 20
-654.719684049886
 10
-359.36736366828967
 20
-654.7617641154129
 10
-359.3749791354758
 20
-654.803617418621
 10
-359.3839599269395
 20
-654.8451991419447
 10
-359.3942964258242
 20
-654.8864647586333
 10
-359.40597756354816
 20
-654.9273700804308
 10
-359.4189908316564
 20
-654.9678713048941
 10
-359.43332229521553
 20
-655.0079250622975
 10
-359.44895660773534
 20
-655.0474884620746
 10
-359.4658770276025
 20
-655.0865191387458
 10
-359.48406543600754
 20
-655.1249752972847
 10
-359.50350235634716
 20
-655.1628157578738
 10
-359.5241669750803
 20
-655.2
 10
-359.5460371640155
 20
-655.2364882058455
 10
-359.56908950400674
 20
-655.2722413029255
 10
-359.59329931003094
 20
-655.3072210059281
 10
-359.6186406576214
 20
-655.3413898577113
 10
-359.6450864106285
 20
-655.3747112694127
 10
-359.67260825027734
 20
-655.40714955963
 10
-359.70117670549286
 20
-655.4386699926297
 10
-359.73076118445755
 20
-655.4692388155426
 10
-359.7613300073703
 20
-655.4988232945072
 10
-359.79285044036993
 20
-655.5273917497227
 10
-359.8252887305873
 20
-655.5549135893716
 10
-359.8586101422887
 20
-655.5813593423786
 10
-359.8927789940719
 20
-655.6067006899691
 10
-359.9277586970745
 20
-655.6309104959932
 10
-359.96351179415456
 20
-655.6539628359845
 10
-360.00000000000006
 20
-655.6758330249197
 10
-360.0371842421262
 20
-655.6964976436528
 10
-360.0750247027153
 20
-655.7159345639925
 10
-360.11348086125435
 20
-655.7341229723975
 10
-360.1525115379254
 20
-655.7510433922647
 10
-360.19207493770244
 20
-655.7666777047846
 10
-360.2321286951059
 20
-655.7810091683436
 10
-360.2726299195692
 20
-655.7940224364519
 10
-360.31353524136676
 20
-655.8057035741758
 10
-360.35480085805534
 20
-655.8160400730605
 10
-360.39638258137904
 20
-655.8250208645242
 10
-360.4382358845871
 20
-655.8326363317103
 10
-360.48031595011395
 20
-655.838878319786
 10
-360.5225777175716
 20
-655.8437401446738
 10
-360.56497593200083
 20
-655.8472166002102
 10
-360.60746519233174
 20
-655.8493039637193
 10
-360.65000000000003
 20
-655.85
 10
-360.6925348076683
 20
-655.8493039637193
 10
-360.73502406799923
 20
-655.8472166002102
 10
-360.77742228242846
 20
-655.8437401446738
 10
-360.8196840498861
 20
-655.838878319786
 10
-360.861764115413
 20
-655.8326363317103
 10
-360.903617418621
 20
-655.8250208645242
 10
-360.9451991419447
 20
-655.8160400730605
 10
-360.9864647586333
 20
-655.8057035741758
 10
-361.02737008043084
 20
-655.7940224364519
 10
-361.06787130489414
 20
-655.7810091683436
 10
-361.1079250622976
 20
-655.7666777047846
 10
-361.14748846207465
 20
-655.7510433922647
 10
-361.1865191387457
 20
-655.7341229723975
 10
-361.22497529728474
 20
-655.7159345639925
 10
-361.26281575787385
 20
-655.6964976436528
 10
-361.3
 20
-655.6758330249197
 10
-361.3364882058455
 20
-655.6539628359845
 10
-361.37224130292554
 20
-655.6309104959932
 10
-361.4072210059282
 20
-655.6067006899691
 10
-361.4413898577114
 20
-655.5813593423786
 10
-361.47471126941275
 20
-655.5549135893716
 10
-361.50714955963014
 20
-655.5273917497227
 10
-361.53866999262976
 20
-655.4988232945072
 10
-361.5692388155425
 20
-655.4692388155426
 10
-361.5988232945072
 20
-655.4386699926297
 10
-361.62739174972273
 20
-655.40714955963
 10
-361.6549135893716
 20
-655.3747112694127
 10
-361.68135934237864
 20
-655.3413898577113
 10
-361.7067006899691
 20
-655.3072210059281
 10
-361.7309104959933
 20
-655.2722413029255
 10
-361.75396283598457
 20
-655.2364882058455
 10
-361.7758330249198
 20
-655.2
 10
-361.7964976436529
 20
-655.1628157578738
 10
-361.8159345639925
 20
-655.1249752972847
 10
-361.83412297239755
 20
-655.0865191387458
 10
-361.8510433922647
 20
-655.0474884620746
 10
-361.86667770478454
 20
-655.0079250622975
 10
-361.88100916834367
 20
-654.9678713048941
 10
-361.8940224364519
 20
-654.9273700804308
 10
-361.90570357417585
 20
-654.8864647586333
 10
-361.91604007306057
 20
-654.8451991419447
 10
-361.92502086452424
 20
-654.803617418621
 10
-361.9326363317104
 20
-654.7617641154129
 10
-361.938878319786
 20
-654.719684049886
 10
-361.9437401446739
 20
-654.6774222824284
 10
-361.9472166002102
 20
-654.6350240679992
 10
-361.94930396371933
 20
-654.5925348076682
 10
-361.95000000000005
 20
-654.55
 10
-361.94930396371933
 20
-654.5074651923317
 10
-361.9472166002102
 20
-654.4649759320008
 10
-361.9437401446739
 20
-654.4225777175716
 10
-361.938878319786
 20
-654.380315950114
 10
-361.9326363317104
 20
-654.338235884587
 10
-361.92502086452424
 20
-654.296382581379
 10
-361.91604007306057
 20
-654.2548008580553
 10
-361.90570357417585
 20
-654.2135352413667
 10
-361.8940224364519
 20
-654.1726299195692
 10
-361.88100916834367
 20
-654.1321286951058
 10
-361.86667770478454
 20
-654.0920749377024
 10
-361.8510433922647
 20
-654.0525115379254
 10
-361.83412297239755
 20
-654.0134808612543
 10
-361.8159345639925
 20
-653.9750247027152
 10
-361.7964976436529
 20
-653.9371842421262
 10
-361.7758330249198
 20
-653.9
 10
-361.75396283598457
 20
-653.8635117941545
 10
-361.7309104959933
 20
-653.8277586970745
 10
-361.7067006899691
 20
-653.7927789940718
 10
-361.68135934237864
 20
-653.7586101422887
 10
-361.6549135893716
 20
-653.7252887305873
 10
-361.62739174972273
 20
-653.69285044037
 10
-361.5988232945072
 20
-653.6613300073702
 10
-361.5692388155425
 20
-653.6307611844575
 10
-361.53866999262976
 20
-653.6011767054928
 10
-361.50714955963014
 20
-653.5726082502773
 10
-361.47471126941275
 20
-653.5450864106284
 10
-361.4413898577114
 20
-653.5186406576214
 10
-361.4072210059282
 20
-653.4932993100309
 10
-361.37224130292554
 20
-653.4690895040067
 10
-361.3364882058455
 20
-653.4460371640155
 10
-361.3
 20
-653.4241669750802
 10
-361.26281575787385
 20
-653.4035023563472
 10
-361.22497529728474
 20
-653.3840654360075
 10
-361.1865191387457
 20
-653.3658770276024
 10
-361.14748846207465
 20
-653.3489566077353
 10
-361.1079250622976
 20
-653.3333222952155
 10
-361.06787130489414
 20
-653.3189908316564
 10
-361.02737008043084
 20
-653.3059775635481
 10
-360.9864647586333
 20
-653.2942964258242
 10
-360.9451991419447
 20
-653.2839599269395
 10
-360.903617418621
 20
-653.2749791354759
 10
-360.861764115413
 20
-653.2673636682896
 10
-360.8196840498861
 20
-653.261121680214
 10
-360.77742228242846
 20
-653.2562598553261
 10
-360.73502406799923
 20
-653.2527833997898
 10
-360.6925348076683
 20
-653.2506960362807
 10
-360.65000000000003
 20
-653.25
 10
-360.60746519233174
 20
-653.2506960362807
 10
-360.56497593200083
 20
-653.2527833997898
 10
-360.5225777175716
 20
-653.2562598553261
 10
-360.48031595011395
 20
-653.261121680214
 10
-360.4382358845871
 20
-653.2673636682896
 10
-360.39638258137904
 20
-653.2749791354759
 10
-360.35480085805534
 20
-653.2839599269395
 10
-360.31353524136676
 20
-653.2942964258242
 10
-360.2726299195692
 20
-653.3059775635481
 10
-360.2321286951059
 20
-653.3189908316564
 10
-360.19207493770244
 20
-653.3333222952155
 10
-360.1525115379254
 20
-653.3489566077353
 10
-360.11348086125435
 20
-653.3658770276024
 10
-360.0750247027153
 20
-653.3840654360075
 10
-360.0371842421262
 20
-653.4035023563472
 10
-360.00000000000006
 20
-653.4241669750802
 10
-359.96351179415456
 20
-653.4460371640155
 10
-359.9277586970745
 20
-653.4690895040067
 10
-359.8927789940719
 20
-653.4932993100309
 10
-359.8586101422887
 20
-653.5186406576214
 10
-359.8252887305873
 20
-653.5450864106284
 10
-359.79285044036993
 20
-653.5726082502773
 10
-359.7613300073703
 20
-653.6011767054928
 10
-359.73076118445755
 20
-653.6307611844575
 10
-359.70117670549286
 20
-653.6613300073702
 10
-359.67260825027734
 20
-653.69285044037
 10
-359.6450864106285
 20
-653.7252887305873
 10
-359.6186406576214
 20
-653.7586101422887
 10
-359.59329931003094
 20
-653.7927789940718
 10
-359.56908950400674
 20
-653.8277586970745
 10
-359.5460371640155
 20
-653.8635117941545
 10
-359.5241669750803
 20
-653.9
 10
-359.50350235634716
 20
-653.9371842421262
 10
-359.48406543600754
 20
-653.9750247027152
 10
-359.4658770276025
 20
-654.0134808612543
 10
-359.44895660773534
 20
-654.0525115379254
 10
-359.43332229521553
 20
-654.0920749377024
 10
-359.4189908316564
 20
-654.1321286951058
 10
-359.40597756354816
 20
-654.1726299195692
 10
-359.3942964258242
 20
-654.2135352413667
 10
-359.3839599269395
 20
-654.2548008580553
 10
-359.3749791354758
 20
-654.296382581379
 10
-359.36736366828967
 20
-654.338235884587
 10
-359.36112168021407
 20
-654.380315950114
 10
-359.3562598553262
 20
-654.4225777175716
 10
-359.35278339978987
 20
-654.4649759320008
 10
-359.35069603628074
 20
-654.5074651923317
 10
-359.35
 20
-654.55
  0
LWPOLYLINE
  5
119
330
17
100
AcDbEntity
  8
20_ВИДИМЫЕ
100
AcDbPolyline
 90
193
 70
1
 10
-358.35
 20
-654.55
 10
-358.3512314488044
 20
-654.6252538904901
 10
-358.3549244765512
 20
-654.7004271972294
 10
-358.36107512865397
 20
-654.7754394227579
 10
-358.3696768188403
 20
-654.8502102421061
 10
-358.38072033620483
 20
-654.9246595888076
 10
-358.3941938550726
 20
-654.9987077406371
 10
-358.41008294766215
 20
-655.0722754049791
 10
-358.4283705995352
 20
-655.1452838037358
 10
-358.44903722781595
 20
-655.2176547576853
 10
-358.4720607021613
 20
-655.2893107701973
 10
-358.4974163684582
 20
-655.3601751102188
 10
-358.5250770752241
 20
-655.4301718944397
 10
-358.5550132026813
 20
-655.4992261685501
 10
-358.5871926944749
 20
-655.5672639875037
 10
-358.6215810919988
 20
-655.6342124946998
 10
-358.6581415712958
 20
-655.7
 10
-358.6968349824889
 20
-655.7645560564958
 10
-358.7376198917042
 20
-655.8278115359451
 10
-358.7804526254393
 20
-655.889698702796
 10
-358.8252873173302
 20
-655.95015128672
 10
-358.87207595726574
 20
-656.0091045535764
 10
-358.92076844279836
 20
-656.0664953747302
 10
-358.971312632795
 20
-656.1222622946526
 10
-359.023654403271
 20
-656.1763455967291
 10
-359.07773770534743
 20
-656.228687367205
 10
-359.1335046252699
 20
-656.2792315572017
 10
-359.19089544642367
 20
-656.3279240427343
 10
-359.24984871327996
 20
-656.3747126826698
 10
-359.3103012972041
 20
-656.4195473745607
 10
-359.37218846405494
 20
-656.4623801082959
 10
-359.4354439435042
 20
-656.5031650175112
 10
-359.50000000000006
 20
-656.5418584287042
 10
-359.56578750530025
 20
-656.5784189080013
 10
-359.6327360124963
 20
-656.6128073055252
 10
-359.7007738314499
 20
-656.6449867973187
 10
-359.76982810556035
 20
-656.674922924776
 10
-359.8398248897812
 20
-656.7025836315419
 10
-359.91068922980276
 20
-656.7279392978387
 10
-359.98234524231475
 20
-656.750962772184
 10
-360.0547161962642
 20
-656.7716294004649
 10
-360.127724595021
 20
-656.7899170523378
 10
-360.20129225936296
 20
-656.8058061449274
 10
-360.2753404111925
 20
-656.8192796637952
 10
-360.3497897578939
 20
-656.8303231811598
 10
-360.42456057724206
 20
-656.8389248713461
 10
-360.49957280277073
 20
-656.8450755234488
 10
-360.57474610950993
 20
-656.8487685511957
 10
-360.65000000000003
 20
-656.85
 10
-360.72525389049014
 20
-656.8487685511957
 10
-360.80042719722934
 20
-656.8450755234488
 10
-360.875439422758
 20
-656.8389248713461
 10
-360.95021024210615
 20
-656.8303231811598
 10
-361.0246595888076
 20
-656.8192796637952
 10
-361.0987077406371
 20
-656.8058061449274
 10
-361.1722754049791
 20
-656.7899170523378
 10
-361.24528380373584
 20
-656.7716294004649
 10
-361.3176547576853
 20
-656.750962772184
 10
-361.3893107701973
 20
-656.7279392978387
 10
-361.46017511021887
 20
-656.7025836315419
 10
-361.5301718944397
 20
-656.674922924776
 10
-361.59922616855016
 20
-656.6449867973187
 10
-361.66726398750376
 20
-656.6128073055252
 10
-361.7342124946998
 20
-656.5784189080013
 10
-361.8
 20
-656.5418584287042
 10
-361.86455605649587
 20
-656.5031650175112
 10
-361.9278115359451
 20
-656.4623801082959
 10
-361.989698702796
 20
-656.4195473745607
 10
-362.0501512867201
 20
-656.3747126826698
 10
-362.1091045535764
 20
-656.3279240427343
 10
-362.1664953747302
 20
-656.2792315572017
 10
-362.22226229465264
 20
-656.228687367205
 10
-362.2763455967291
 20
-656.1763455967291
 10
-362.3286873672051
 20
-656.1222622946526
 10
-362.3792315572017
 20
-656.0664953747302
 10
-362.42792404273433
 20
-656.0091045535764
 10
-362.47471268266986
 20
-655.95015128672
 10
-362.5195473745608
 20
-655.889698702796
 10
-362.5623801082959
 20
-655.8278115359451
 10
-362.6031650175112
 20
-655.7645560564958
 10
-362.64185842870427
 20
-655.7
 10
-362.6784189080013
 20
-655.6342124946998
 10
-362.7128073055252
 20
-655.5672639875037
 10
-362.74498679731875
 20
-655.4992261685501
 10
-362.774922924776
 20
-655.4301718944397
 10
-362.8025836315419
 20
-655.3601751102188
 10
-362.8279392978388
 20
-655.2893107701973
 10
-362.8509627721841
 20
-655.2176547576853
 10
-362.8716294004649
 20
-655.1452838037358
 10
-362.8899170523379
 20
-655.0722754049791
 10
-362.90580614492745
 20
-654.9987077406371
 10
-362.91927966379524
 20
-654.9246595888076
 10
-362.9303231811598
 20
-654.8502102421061
 10
-362.9389248713461
 20
-654.7754394227579
 10
-362.94507552344885
 20
-654.7004271972294
 10
-362.94876855119566
 20
-654.6252538904901
 10
-362.95000000000005
 20
-654.55
 10
-362.94876855119566
 20
-654.4747461095099
 10
-362.94507552344885
 20
-654.3995728027706
 10
-362.9389248713461
 20
-654.324560577242
 10
-362.9303231811598
 20
-654.2497897578938
 10
-362.91927966379524
 20
-654.1753404111925
 10
-362.90580614492745
 20
-654.1012922593629
 10
-362.8899170523379
 20
-654.0277245950209
 10
-362.8716294004649
 20
-653.9547161962641
 10
-362.8509627721841
 20
-653.8823452423147
 10
-362.8279392978388
 20
-653.8106892298027
 10
-362.8025836315419
 20
-653.7398248897812
 10
-362.774922924776
 20
-653.6698281055603
 10
-362.74498679731875
 20
-653.6007738314499
 10
-362.7128073055252
 20
-653.5327360124963
 10
-362.6784189080013
 20
-653.4657875053002
 10
-362.64185842870427
 20
-653.4
 10
-362.6031650175112
 20
-653.3354439435042
 10
-362.5623801082959
 20
-653.2721884640549
 10
-362.5195473745608
 20
-653.2103012972041
 10
-362.47471268266986
 20
-653.1498487132799
 10
-362.42792404273433
 20
-653.0908954464236
 10
-362.3792315572017
 20
-653.0335046252699
 10
-362.3286873672051
 20
-652.9777377053474
 10
-362.2763455967291
 20
-652.9236544032709
 10
-362.22226229465264
 20
-652.871312632795
 10
-362.1664953747302
 20
-652.8207684427983
 10
-362.1091045535764
 20
-652.7720759572657
 10
-362.0501512867201
 20
-652.7252873173302
 10
-361.989698702796
 20
-652.6804526254393
 10
-361.9278115359451
 20
-652.6376198917042
 10
-361.86455605649587
 20
-652.5968349824889
 10
-361.8
 20
-652.5581415712958
 10
-361.7342124946998
 20
-652.5215810919988
 10
-361.66726398750376
 20
-652.4871926944749
 10
-361.59922616855016
 20
-652.4550132026814
 10
-361.5301718944397
 20
-652.4250770752241
 10
-361.46017511021887
 20
-652.3974163684582
 10
-361.3893107701973
 20
-652.3720607021612
 10
-361.3176547576853
 20
-652.3490372278159
 10
-361.24528380373584
 20
-652.3283705995351
 10
-361.1722754049791
 20
-652.3100829476621
 10
-361.0987077406371
 20
-652.2941938550725
 10
-361.0246595888076
 20
-652.2807203362048
 10
-360.95021024210615
 20
-652.2696768188403
 10
-360.875439422758
 20
-652.2610751286539
 10
-360.80042719722934
 20
-652.2549244765512
 10
-360.72525389049014
 20
-652.2512314488043
 10
-360.65000000000003
 20
-652.25
 10
-360.57474610950993
 20
-652.2512314488043
 10
-360.49957280277073
 20
-652.2549244765512
 10
-360.42456057724206
 20
-652.2610751286539
 10
-360.3497897578939
 20
-652.2696768188403
 10
-360.2753404111925
 20
-652.2807203362048
 10
-360.20129225936296
 20
-652.2941938550725
 10
-360.127724595021
 20
-652.3100829476621
 10
-360.0547161962642
 20
-652.3283705995351
 10
-359.98234524231475
 20
-652.3490372278159
 10
-359.91068922980276
 20
-652.3720607021612
 10
-359.8398248897812
 20
-652.3974163684582
 10
-359.76982810556035
 20
-652.4250770752241
 10
-359.7007738314499
 20
-652.4550132026812
 10
-359.6327360124963
 20
-652.4871926944749
 10
-359.56578750530025
 20
-652.5215810919988
 10
-359.50000000000006
 20
-652.5581415712958
 10
-359.4354439435042
 20
-652.5968349824889
 10
-359.37218846405494
 20
-652.6376198917042
 10
-359.3103012972041
 20
-652.6804526254393
 10
-359.24984871327996
 20
-652.7252873173302
 10
-359.19089544642367
 20
-652.7720759572657
 10
-359.1335046252699
 20
-652.8207684427983
 10
-359.07773770534743
 20
-652.871312632795
 10
-359.023654403271
 20
-652.9236544032709
 10
-358.971312632795
 20
-652.9777377053474
 10
-358.92076844279836
 20
-653.0335046252699
 10
-358.87207595726574
 20
-653.0908954464236
 10
-358.8252873173302
 20
-653.1498487132799
 10
-358.7804526254393
 20
-653.2103012972041
 10
-358.7376198917042
 20
-653.2721884640549
 10
-358.6968349824889
 20
-653.3354439435042
 10
-358.6581415712958
 20
-653.4
 10
-358.6215810919988
 20
-653.4657875053002
 10
-358.5871926944749
 20
-653.5327360124963
 10
-358.5550132026813
 20
-653.6007738314499
 10
-358.5250770752241
 20
-653.6698281055603
 10
-358.4974163684582
 20
-653.7398248897812
 10
-358.4720607021613
 20
-653.8106892298027
 10
-358.44903722781595
 20
-653.8823452423147
 10
-358.4283705995352
 20
-653.9547161962641
 10
-358.41008294766215
 20
-654.0277245950209
 10
-358.3941938550726
 20
-654.1012922593629
 10
-358.38072033620483
 20
-654.1753404111925
 10
-358.3696768188403
 20
-654.2497897578938
 10
-358.36107512865397
 20
-654.324560577242
 10
-358.3549244765512
 20
-654.3995728027706
 10
-358.3512314488044
 20
-654.4747461095099
 10
-358.35
 20
-654.55
  0
LWPOLYLINE
  5
11A
330
17
100
AcDbEntity
  8
20_ВИДИМЫЕ
100
AcDbPolyline
 90
193
 70
1
 10
-343.35
 20
-679.55
 10
-343.35069603628074
 20
-679.5925348076682
 10
-343.35278339978987
 20
-679.6350240679992
 10
-343.3562598553262
 20
-679.6774222824284
 10
-343.36112168021407
 20
-679.719684049886
 10
-343.36736366828967
 20
-679.7617641154129
 10
-343.3749791354758
 20
-679.803617418621
 10
-343.3839599269395
 20
-679.8451991419447
 10
-343.3942964258242
 20
-679.8864647586333
 10
-343.40597756354816
 20
-679.9273700804308
 10
-343.4189908316564
 20
-679.9678713048941
 10
-343.43332229521553
 20
-680.0079250622975
 10
-343.44895660773534
 20
-680.0474884620746
 10
-343.4658770276025
 20
-680.0865191387458
 10
-343.48406543600754
 20
-680.1249752972847
 10
-343.50350235634716
 20
-680.1628157578738
 10
-343.5241669750803
 20
-680.2
 10
-343.5460371640155
 20
-680.2364882058455
 10
-343.56908950400674
 20
-680.2722413029255
 10
-343.59329931003094
 20
-680.3072210059281
 10
-343.6186406576214
 20
-680.3413898577113
 10
-343.6450864106285
 20
-680.3747112694127
 10
-343.67260825027734
 20
-680.40714955963
 10
-343.70117670549286
 20
-680.4386699926297
 10
-343.73076118445755
 20
-680.4692388155426
 10
-343.7613300073703
 20
-680.4988232945072
 10
-343.79285044036993
 20
-680.5273917497227
 10
-343.8252887305873
 20
-680.5549135893716
 10
-343.8586101422887
 20
-680.5813593423786
 10
-343.8927789940719
 20
-680.6067006899691
 10
-343.9277586970745
 20
-680.6309104959932
 10
-343.96351179415456
 20
-680.6539628359845
 10
-344.00000000000006
 20
-680.6758330249197
 10
-344.0371842421262
 20
-680.6964976436528
 10
-344.0750247027153
 20
-680.7159345639925
 10
-344.11348086125435
 20
-680.7341229723975
 10
-344.1525115379254
 20
-680.7510433922647
 10
-344.19207493770244
 20
-680.7666777047846
 10
-344.2321286951059
 20
-680.7810091683436
 10
-344.2726299195692
 20
-680.7940224364519
 10
-344.31353524136676
 20
-680.8057035741758
 10
-344.35480085805534
 20
-680.8160400730605
 10
-344.39638258137904
 20
-680.8250208645242
 10
-344.4382358845871
 20
-680.8326363317103
 10
-344.48031595011395
 20
-680.838878319786
 10
-344.5225777175716
 20
-680.8437401446738
 10
-344.56497593200083
 20
-680.8472166002102
 10
-344.60746519233174
 20
-680.8493039637193
 10
-344.65000000000003
 20
-680.85
 10
-344.6925348076683
 20
-680.8493039637193
 10
-344.73502406799923
 20
-680.8472166002102
 10
-344.77742228242846
 20
-680.8437401446738
 10
-344.8196840498861
 20
-680.838878319786
 10
-344.861764115413
 20
-680.8326363317103
 10
-344.903617418621
 20
-680.8250208645242
 10
-344.9451991419447
 20
-680.8160400730605
 10
-344.9864647586333
 20
-680.8057035741758
 10
-345.02737008043084
 20
-680.7940224364519
 10
-345.06787130489414
 20
-680.7810091683436
 10
-345.1079250622976
 20
-680.7666777047846
 10
-345.14748846207465
 20
-680.7510433922647
 10
-345.1865191387457
 20
-680.7341229723975
 10
-345.22497529728474
 20
-680.7159345639925
 10
-345.26281575787385
 20
-680.6964976436528
 10
-345.3
 20
-680.6758330249197
 10
-345.3364882058455
 20
-680.6539628359845
 10
-345.37224130292554
 20
-680.6309104959932
 10
-345.4072210059282
 20
-680.6067006899691
 10
-345.4413898577114
 20
-680.5813593423786
 10
-345.47471126941275
 20
-680.5549135893716
 10
-345.50714955963014
 20
-680.5273917497227
 10
-345.53866999262976
 20
-680.4988232945072
 10
-345.5692388155425
 20
-680.4692388155426
 10
-345.5988232945072
 20
-680.4386699926297
 10
-345.62739174972273
 20
-680.40714955963
 10
-345.6549135893716
 20
-680.3747112694127
 10
-345.68135934237864
 20
-680.3413898577113
 10
-345.7067006899691
 20
-680.3072210059281
 10
-345.7309104959933
 20
-680.2722413029255
 10
-345.75396283598457
 20
-680.2364882058455
 10
-345.7758330249198
 20
-680.2
 10
-345.7964976436529
 20
-680.1628157578738
 10
-345.8159345639925
 20
-680.1249752972847
 10
-345.83412297239755
 20
-680.0865191387458
 10
-345.8510433922647
 20
-680.0474884620746
 10
-345.86667770478454
 20
-680.0079250622975
 10
-345.88100916834367
 20
-679.9678713048941
 10
-345.8940224364519
 20
-679.9273700804308
 10
-345.90570357417585
 20
-679.8864647586333
 10
-345.91604007306057
 20
-679.8451991419447
 10
-345.92502086452424
 20
-679.803617418621
 10
-345.9326363317104
 20
-679.7617641154129
 10
-345.938878319786
 20
-679.719684049886
 10
-345.9437401446739
 20
-679.6774222824284
 10
-345.9472166002102
 20
-679.6350240679992
 10
-345.94930396371933
 20
-679.5925348076682
 10
-345.95000000000005
 20
-679.55
 10
-345.94930396371933
 20
-679.5074651923317
 10
-345.9472166002102
 20
-679.4649759320008
 10
-345.9437401446739
 20
-679.4225777175716
 10
-345.938878319786
 20
-679.380315950114
 10
-345.9326363317104
 20
-679.338235884587
 10
-345.92502086452424
 20
-679.296382581379
 10
-345.91604007306057
 20
-679.2548008580553
 10
-345.90570357417585
 20
-679.2135352413667
 10
-345.8940224364519
 20
-679.1726299195692
 10
-345.88100916834367
 20
-679.1321286951058
 10
-345.86667770478454
 20
-679.0920749377024
 10
-345.8510433922647
 20
-679.0525115379254
 10
-345.83412297239755
 20
-679.0134808612543
 10
-345.8159345639925
 20
-678.9750247027152
 10
-345.7964976436529
 20
-678.9371842421262
 10
-345.7758330249198
 20
-678.9
 10
-345.75396283598457
 20
-678.8635117941545
 10
-345.7309104959933
 20
-678.8277586970745
 10
-345.7067006899691
 20
-678.7927789940718
 10
-345.68135934237864
 20
-678.7586101422887
 10
-345.6549135893716
 20
-678.7252887305873
 10
-345.62739174972273
 20
-678.69285044037
 10
-345.5988232945072
 20
-678.6613300073702
 10
-345.5692388155425
 20
-678.6307611844575
 10
-345.53866999262976
 20
-678.6011767054928
 10
-345.50714955963014
 20
-678.5726082502773
 10
-345.47471126941275
 20
-678.5450864106284
 10
-345.4413898577114
 20
-678.5186406576214
 10
-345.4072210059282
 20
-678.4932993100309
 10
-345.37224130292554
 20
-678.4690895040067
 10
-345.3364882058455
 20
-678.4460371640155
 10
-345.3
 20
-678.4241669750802
 10
-345.26281575787385
 20
-678.4035023563472
 10
-345.22497529728474
 20
-678.3840654360075
 10
-345.1865191387457
 20
-678.3658770276024
 10
-345.14748846207465
 20
-678.3489566077353
 10
-345.1079250622976
 20
-678.3333222952155
 10
-345.06787130489414
 20
-678.3189908316564
 10
-345.02737008043084
 20
-678.3059775635481
 10
-344.9864647586333
 20
-678.2942964258242
 10
-344.9451991419447
 20
-678.2839599269395
 10
-344.903617418621
 20
-678.2749791354759
 10
-344.861764115413
 20
-678.2673636682896
 10
-344.8196840498861
 20
-678.261121680214
 10
-344.77742228242846
 20
-678.2562598553261
 10
-344.73502406799923
 20
-678.2527833997898
 10
-344.6925348076683
 20
-678.2506960362807
 10
-344.65000000000003
 20
-678.25
 10
-344.60746519233174
 20
-678.2506960362807
 10
-344.56497593200083
 20
-678.2527833997898
 10
-344.5225777175716
 20
-678.2562598553261
 10
-344.48031595011395
 20
-678.261121680214
 10
-344.4382358845871
 20
-678.2673636682896
 10
-344.39638258137904
 20
-678.2749791354759
 10
-344.35480085805534
 20
-678.2839599269395
 10
-344.31353524136676
 20
-678.2942964258242
 10
-344.2726299195692
 20
-678.3059775635481
 10
-344.2321286951059
 20
-678.3189908316564
 10
-344.19207493770244
 20
-678.3333222952155
 10
-344.1525115379254
 20
-678.3489566077353
 10
-344.11348086125435
 20
-678.3658770276024
 10
-344.0750247027153
 20
-678.3840654360075
 10
-344.0371842421262
 20
-678.4035023563472
 10
-344.00000000000006
 20
-678.4241669750802
 10
-343.96351179415456
 20
-678.4460371640155
 10
-343.9277586970745
 20
-678.4690895040067
 10
-343.8927789940719
 20
-678.4932993100309
 10
-343.8586101422887
 20
-678.5186406576214
 10
-343.8252887305873
 20
-678.5450864106284
 10
-343.79285044036993
 20
-678.5726082502773
 10
-343.7613300073703
 20
-678.6011767054928
 10
-343.73076118445755
 20
-678.6307611844575
 10
-343.70117670549286
 20
-678.6613300073702
 10
-343.67260825027734
 20
-678.69285044037
 10
-343.6450864106285
 20
-678.7252887305873
 10
-343.6186406576214
 20
-678.7586101422887
 10
-343.59329931003094
 20
-678.7927789940718
 10
-343.56908950400674
 20
-678.8277586970745
 10
-343.5460371640155
 20
-678.8635117941545
 10
-343.5241669750803
 20
-678.9
 10
-343.50350235634716
 20
-678.9371842421262
 10
-343.48406543600754
 20
-678.9750247027152
 10
-343.4658770276025
 20
-679.0134808612543
 10
-343.44895660773534
 20
-679.0525115379254
 10
-343.43332229521553
 20
-679.0920749377024
 10
-343.4189908316564
 20
-679.1321286951058
 10
-343.40597756354816
 20
-679.1726299195692
 10
-343.3942964258242
 20
-679.2135352413667
 10
-343.3839599269395
 20
-679.2548008580553
 10
-343.3749791354758
 20
-679.296382581379
 10
-343.36736366828967
 20
-679.338235884587
 10
-343.36112168021407
 20
-679.380315950114
 10
-343.3562598553262
 20
-679.4225777175716
 10
-343.35278339978987
 20
-679.4649759320008
 10
-343.35069603628074
 20
-679.5074651923317
 10
-343.35
 20
-679.55
  0
LWPOLYLINE
  5
11B
330
17
100
AcDbEntity
  8
20_ВИДИМЫЕ
100
AcDbPolyline
 90
193
 70
1
 10
-342.35
 20
-679.55
 10
-342.3512314488044
 20
-679.6252538904901
 10
-342.3549244765512
 20
-679.7004271972294
 10
-342.36107512865397
 20
-679.7754394227579
 10
-342.3696768188403
 20
-679.8502102421061
 10
-342.38072033620483
 20
-679.9246595888076
 10
-342.3941938550726
 20
-679.9987077406371
 10
-342.41008294766215
 20
-680.0722754049791
 10
-342.4283705995352
 20
-680.1452838037358
 10
-342.44903722781595
 20
-680.2176547576853
 10
-342.4720607021613
 20
-680.2893107701973
 10
-342.4974163684582
 20
-680.3601751102188
 10
-342.5250770752241
 20
-680.4301718944397
 10
-342.5550132026813
 20
-680.4992261685501
 10
-342.5871926944749
 20
-680.5672639875037
 10
-342.6215810919988
 20
-680.6342124946998
 10
-342.6581415712958
 20
-680.7
 10
-342.6968349824889
 20
-680.7645560564958
 10
-342.7376198917042
 20
-680.8278115359451
 10
-342.7804526254393
 20
-680.889698702796
 10
-342.8252873173302
 20
-680.95015128672
 10
-342.87207595726574
 20
-681.0091045535764
 10
-342.92076844279836
 20
-681.0664953747302
 10
-342.971312632795
 20
-681.1222622946526
 10
-343.023654403271
 20
-681.1763455967291
 10
-343.07773770534743
 20
-681.228687367205
 10
-343.1335046252699
 20
-681.2792315572017
 10
-343.19089544642367
 20
-681.3279240427343
 10
-343.24984871327996
 20
-681.3747126826698
 10
-343.3103012972041
 20
-681.4195473745607
 10
-343.37218846405494
 20
-681.4623801082959
 10
-343.4354439435042
 20
-681.5031650175112
 10
-343.50000000000006
 20
-681.5418584287042
 10
-343.56578750530025
 20
-681.5784189080013
 10
-343.6327360124963
 20
-681.6128073055252
 10
-343.7007738314499
 20
-681.6449867973187
 10
-343.76982810556035
 20
-681.674922924776
 10
-343.8398248897812
 20
-681.7025836315419
 10
-343.91068922980276
 20
-681.7279392978387
 10
-343.98234524231475
 20
-681.750962772184
 10
-344.0547161962642
 20
-681.7716294004649
 10
-344.127724595021
 20
-681.7899170523378
 10
-344.20129225936296
 20
-681.8058061449274
 10
-344.2753404111925
 20
-681.8192796637952
 10
-344.3497897578939
 20
-681.8303231811598
 10
-344.42456057724206
 20
-681.8389248713461
 10
-344.49957280277073
 20
-681.8450755234488
 10
-344.57474610950993
 20
-681.8487685511957
 10
-344.65000000000003
 20
-681.85
 10
-344.72525389049014
 20
-681.8487685511957
 10
-344.80042719722934
 20
-681.8450755234488
 10
-344.875439422758
 20
-681.8389248713461
 10
-344.95021024210615
 20
-681.8303231811598
 10
-345.0246595888076
 20
-681.8192796637952
 10
-345.0987077406371
 20
-681.8058061449274
 10
-345.1722754049791
 20
-681.7899170523378
 10
-345.24528380373584
 20
-681.7716294004649
 10
-345.3176547576853
 20
-681.750962772184
 10
-345.3893107701973
 20
-681.7279392978387
 10
-345.46017511021887
 20
-681.7025836315419
 10
-345.5301718944397
 20
-681.674922924776
 10
-345.59922616855016
 20
-681.6449867973187
 10
-345.66726398750376
 20
-681.6128073055252
 10
-345.7342124946998
 20
-681.5784189080013
 10
-345.8
 20
-681.5418584287042
 10
-345.86455605649587
 20
-681.5031650175112
 10
-345.9278115359451
 20
-681.4623801082959
 10
-345.989698702796
 20
-681.4195473745607
 10
-346.0501512867201
 20
-681.3747126826698
 10
-346.1091045535764
 20
-681.3279240427343
 10
-346.1664953747302
 20
-681.2792315572017
 10
-346.22226229465264
 20
-681.228687367205
 10
-346.2763455967291
 20
-681.1763455967291
 10
-346.3286873672051
 20
-681.1222622946526
 10
-346.3792315572017
 20
-681.0664953747302
 10
-346.42792404273433
 20
-681.0091045535764
 10
-346.47471268266986
 20
-680.95015128672
 10
-346.5195473745608
 20
-680.889698702796
 10
-346.5623801082959
 20
-680.8278115359451
 10
-346.6031650175112
 20
-680.7645560564958
 10
-346.64185842870427
 20
-680.7
 10
-346.6784189080013
 20
-680.6342124946998
 10
-346.7128073055252
 20
-680.5672639875037
 10
-346.74498679731875
 20
-680.4992261685501
 10
-346.774922924776
 20
-680.4301718944397
 10
-346.8025836315419
 20
-680.3601751102188
 10
-346.8279392978388
 20
-680.2893107701973
 10
-346.8509627721841
 20
-680.2176547576853
 10
-346.8716294004649
 20
-680.1452838037358
 10
-346.8899170523379
 20
-680.0722754049791
 10
-346.90580614492745
 20
-679.9987077406371
 10
-346.91927966379524
 20
-679.9246595888076
 10
-346.9303231811598
 20
-679.8502102421061
 10
-346.9389248713461
 20
-679.7754394227579
 10
-346.94507552344885
 20
-679.7004271972294
 10
-346.94876855119566
 20
-679.6252538904901
 10
-346.95000000000005
 20
-679.55
 10
-346.94876855119566
 20
-679.4747461095099
 10
-346.94507552344885
 20
-679.3995728027706
 10
-346.9389248713461
 20
-679.324560577242
 10
-346.9303231811598
 20
-679.2497897578938
 10
-346.91927966379524
 20
-679.1753404111925
 10
-346.90580614492745
 20
-679.1012922593629
 10
-346.8899170523379
 20
-679.0277245950209
 10
-346.8716294004649
 20
-678.9547161962641
 10
-346.8509627721841
 20
-678.8823452423147
 10
-346.8279392978388
 20
-678.8106892298027
 10
-346.8025836315419
 20
-678.7398248897812
 10
-346.774922924776
 20
-678.6698281055603
 10
-346.74498679731875
 20
-678.6007738314499
 10
-346.7128073055252
 20
-678.5327360124963
 10
-346.6784189080013
 20
-678.4657875053002
 10
-346.64185842870427
 20
-678.4
 10
-346.6031650175112
 20
-678.3354439435042
 10
-346.5623801082959
 20
-678.2721884640549
 10
-346.5195473745608
 20
-678.2103012972041
 10
-346.47471268266986
 20
-678.1498487132799
 10
-346.42792404273433
 20
-678.0908954464236
 10
-346.3792315572017
 20
-678.0335046252699
 10
-346.3286873672051
 20
-677.9777377053474
 10
-346.2763455967291
 20
-677.9236544032709
 10
-346.22226229465264
 20
-677.871312632795
 10
-346.1664953747302
 20
-677.8207684427983
 10
-346.1091045535764
 20
-677.7720759572657
 10
-346.0501512867201
 20
-677.7252873173302
 10
-345.989698702796
 20
-677.6804526254393
 10
-345.9278115359451
 20
-677.6376198917042
 10
-345.86455605649587
 20
-677.5968349824889
 10
-345.8
 20
-677.5581415712958
 10
-345.7342124946998
 20
-677.5215810919988
 10
-345.66726398750376
 20
-677.4871926944749
 10
-345.59922616855016
 20
-677.4550132026814
 10
-345.5301718944397
 20
-677.4250770752241
 10
-345.46017511021887
 20
-677.3974163684582
 10
-345.3893107701973
 20
-677.3720607021612
 10
-345.3176547576853
 20
-677.3490372278159
 10
-345.24528380373584
 20
-677.3283705995351
 10
-345.1722754049791
 20
-677.3100829476621
 10
-345.0987077406371
 20
-677.2941938550725
 10
-345.0246595888076
 20
-677.2807203362048
 10
-344.95021024210615
 20
-677.2696768188403
 10
-344.875439422758
 20
-677.2610751286539
 10
-344.80042719722934
 20
-677.2549244765512
 10
-344.72525389049014
 20
-677.2512314488043
 10
-344.65000000000003
 20
-677.25
 10
-344.57474610950993
 20
-677.2512314488043
 10
-344.49957280277073
 20
-677.2549244765512
 10
-344.42456057724206
 20
-677.2610751286539
 10
-344.3497897578939
 20
-677.2696768188403
 10
-344.2753404111925
 20
-677.2807203362048
 10
-344.20129225936296
 20
-677.2941938550725
 10
-344.127724595021
 20
-677.3100829476621
 10
-344.0547161962642
 20
-677.3283705995351
 10
-343.98234524231475
 20
-677.3490372278159
 10
-343.91068922980276
 20
-677.3720607021612
 10
-343.8398248897812
 20
-677.3974163684582
 10
-343.76982810556035
 20
-677.4250770752241
 10
-343.7007738314499
 20
-677.4550132026814
 10
-343.6327360124963
 20
-677.4871926944749
 10
-343.56578750530025
 20
-677.5215810919988
 10
-343.50000000000006
 20
-677.5581415712958
 10
-343.4354439435042
 20
-677.5968349824889
 10
-343.37218846405494
 20
-677.6376198917042
 10
-343.3103012972041
 20
-677.6804526254393
 10
-343.24984871327996
 20
-677.7252873173302
 10
-343.19089544642367
 20
-677.7720759572657
 10
-343.1335046252699
 20
-677.8207684427983
 10
-343.07773770534743
 20
-677.871312632795
 10
-343.023654403271
 20
-677.9236544032709
 10
-342.971312632795
 20
-677.9777377053474
 10
-342.92076844279836
 20
-678.0335046252699
 10
-342.87207595726574
 20
-678.0908954464236
 10
-342.8252873173302
 20
-678.1498487132799
 10
-342.7804526254393
 20
-678.2103012972041
 10
-342.7376198917042
 20
-678.2721884640549
 10
-342.6968349824889
 20
-678.3354439435042
 10
-342.6581415712958
 20
-678.4
 10
-342.6215810919988
 20
-678.4657875053002
 10
-342.5871926944749
 20
-678.5327360124963
 10
-342.5550132026813
 20
-678.6007738314499
 10
-342.5250770752241
 20
-678.6698281055603
 10
-342.4974163684582
 20
-678.7398248897812
 10
-342.4720607021613
 20
-678.8106892298027
 10
-342.44903722781595
 20
-678.8823452423147
 10
-342.4283705995352
 20
-678.9547161962641
 10
-342.41008294766215
 20
-679.0277245950209
 10
-342.3941938550726
 20
-679.1012922593629
 10
-342.38072033620483
 20
-679.1753404111925
 10
-342.3696768188403
 20
-679.2497897578938
 10
-342.36107512865397
 20
-679.324560577242
 10
-342.3549244765512
 20
-679.3995728027706
 10
-342.3512314488044
 20
-679.4747461095099
 10
-342.35
 20
-679.55
  0
LWPOLYLINE
  5
11C
330
17
100
AcDbEntity
  8
20_ВИДИМЫЕ
100
AcDbPolyline
 90
193
 70
1
 10
-343.35
 20
-654.55
 10
-343.35069603628074
 20
-654.5925348076682
 10
-343.35278339978987
 20
-654.6350240679992
 10
-343.3562598553262
 20
-654.6774222824284
 10
-343.36112168021407
 20
-654.719684049886
 10
-343.36736366828967
 20
-654.7617641154129
 10
-343.3749791354758
 20
-654.803617418621
 10
-343.3839599269395
 20
-654.8451991419447
 10
-343.3942964258242
 20
-654.8864647586333
 10
-343.40597756354816
 20
-654.9273700804308
 10
-343.4189908316564
 20
-654.9678713048941
 10
-343.43332229521553
 20
-655.0079250622975
 10
-343.44895660773534
 20
-655.0474884620746
 10
-343.4658770276025
 20
-655.0865191387458
 10
-343.48406543600754
 20
-655.1249752972847
 10
-343.50350235634716
 20
-655.1628157578738
 10
-343.5241669750803
 20
-655.2
 10
-343.5460371640155
 20
-655.2364882058455
 10
-343.56908950400674
 20
-655.2722413029255
 10
-343.59329931003094
 20
-655.3072210059281
 10
-343.6186406576214
 20
-655.3413898577113
 10
-343.6450864106285
 20
-655.3747112694127
 10
-343.67260825027734
 20
-655.40714955963
 10
-343.70117670549286
 20
-655.4386699926297
 10
-343.73076118445755
 20
-655.4692388155426
 10
-343.7613300073703
 20
-655.4988232945072
 10
-343.79285044036993
 20
-655.5273917497227
 10
-343.8252887305873
 20
-655.5549135893716
 10
-343.8586101422887
 20
-655.5813593423786
 10
-343.8927789940719
 20
-655.6067006899691
 10
-343.9277586970745
 20
-655.6309104959932
 10
-343.96351179415456
 20
-655.6539628359845
 10
-344.00000000000006
 20
-655.6758330249197
 10
-344.0371842421262
 20
-655.6964976436528
 10
-344.0750247027153
 20
-655.7159345639925
 10
-344.11348086125435
 20
-655.7341229723975
 10
-344.1525115379254
 20
-655.7510433922647
 10
-344.19207493770244
 20
-655.7666777047846
 10
-344.2321286951059
 20
-655.7810091683436
 10
-344.2726299195692
 20
-655.7940224364519
 10
-344.31353524136676
 20
-655.8057035741758
 10
-344.35480085805534
 20
-655.8160400730605
 10
-344.39638258137904
 20
-655.8250208645242
 10
-344.4382358845871
 20
-655.8326363317103
 10
-344.48031595011395
 20
-655.838878319786
 10
-344.5225777175716
 20
-655.8437401446738
 10
-344.56497593200083
 20
-655.8472166002102
 10
-344.60746519233174
 20
-655.8493039637193
 10
-344.65000000000003
 20
-655.85
 10
-344.6925348076683
 20
-655.8493039637193
 10
-344.73502406799923
 20
-655.8472166002102
 10
-344.77742228242846
 20
-655.8437401446738
 10
-344.8196840498861
 20
-655.838878319786
 10
-344.861764115413
 20
-655.8326363317103
 10
-344.903617418621
 20
-655.8250208645242
 10
-344.9451991419447
 20
-655.8160400730605
 10
-344.9864647586333
 20
-655.8057035741758
 10
-345.02737008043084
 20
-655.7940224364519
 10
-345.06787130489414
 20
-655.7810091683436
 10
-345.1079250622976
 20
-655.7666777047846
 10
-345.14748846207465
 20
-655.7510433922647
 10
-345.1865191387457
 20
-655.7341229723975
 10
-345.22497529728474
 20
-655.7159345639925
 10
-345.26281575787385
 20
-655.6964976436528
 10
-345.3
 20
-655.6758330249197
 10
-345.3364882058455
 20
-655.6539628359845
 10
-345.37224130292554
 20
-655.6309104959932
 10
-345.4072210059282
 20
-655.6067006899691
 10
-345.4413898577114
 20
-655.5813593423786
 10
-345.47471126941275
 20
-655.5549135893716
 10
-345.50714955963014
 20
-655.5273917497227
 10
-345.53866999262976
 20
-655.4988232945072
 10
-345.5692388155425
 20
-655.4692388155426
 10
-345.5988232945072
 20
-655.4386699926297
 10
-345.62739174972273
 20
-655.40714955963
 10
-345.6549135893716
 20
-655.3747112694127
 10
-345.68135934237864
 20
-655.3413898577113
 10
-345.7067006899691
 20
-655.3072210059281
 10
-345.7309104959933
 20
-655.2722413029255
 10
-345.75396283598457
 20
-655.2364882058455
 10
-345.7758330249198
 20
-655.2
 10
-345.7964976436529
 20
-655.1628157578738
 10
-345.8159345639925
 20
-655.1249752972847
 10
-345.83412297239755
 20
-655.0865191387458
 10
-345.8510433922647
 20
-655.0474884620746
 10
-345.86667770478454
 20
-655.0079250622975
 10
-345.88100916834367
 20
-654.9678713048941
 10
-345.8940224364519
 20
-654.9273700804308
 10
-345.90570357417585
 20
-654.8864647586333
 10
-345.91604007306057
 20
-654.8451991419447
 10
-345.92502086452424
 20
-654.803617418621
 10
-345.9326363317104
 20
-654.7617641154129
 10
-345.938878319786
 20
-654.719684049886
 10
-345.9437401446739
 20
-654.6774222824284
 10
-345.9472166002102
 20
-654.6350240679992
 10
-345.94930396371933
 20
-654.5925348076682
 10
-345.95000000000005
 20
-654.55
 10
-345.94930396371933
 20
-654.5074651923317
 10
-345.9472166002102
 20
-654.4649759320008
 10
-345.9437401446739
 20
-654.4225777175716
 10
-345.938878319786
 20
-654.380315950114
 10
-345.9326363317104
 20
-654.338235884587
 10
-345.92502086452424
 20
-654.296382581379
 10
-345.91604007306057
 20
-654.2548008580553
 10
-345.90570357417585
 20
-654.2135352413667
 10
-345.8940224364519
 20
-654.1726299195692
 10
-345.88100916834367
 20
-654.1321286951058
 10
-345.86667770478454
 20
-654.0920749377024
 10
-345.8510433922647
 20
-654.0525115379254
 10
-345.83412297239755
 20
-654.0134808612543
 10
-345.8159345639925
 20
-653.9750247027152
 10
-345.7964976436529
 20
-653.9371842421262
 10
-345.7758330249198
 20
-653.9
 10
-345.75396283598457
 20
-653.8635117941545
 10
-345.7309104959933
 20
-653.8277586970745
 10
-345.7067006899691
 20
-653.7927789940718
 10
-345.68135934237864
 20
-653.7586101422887
 10
-345.6549135893716
 20
-653.7252887305873
 10
-345.62739174972273
 20
-653.69285044037
 10
-345.5988232945072
 20
-653.6613300073702
 10
-345.5692388155425
 20
-653.6307611844575
 10
-345.53866999262976
 20
-653.6011767054928
 10
-345.50714955963014
 20
-653.5726082502773
 10
-345.47471126941275
 20
-653.5450864106284
 10
-345.4413898577114
 20
-653.5186406576214
 10
-345.4072210059282
 20
-653.4932993100309
 10
-345.37224130292554
 20
-653.4690895040067
 10
-345.3364882058455
 20
-653.4460371640155
 10
-345.3
 20
-653.4241669750802
 10
-345.26281575787385
 20
-653.4035023563472
 10
-345.22497529728474
 20
-653.3840654360075
 10
-345.1865191387457
 20
-653.3658770276024
 10
-345.14748846207465
 20
-653.3489566077353
 10
-345.1079250622976
 20
-653.3333222952155
 10
-345.06787130489414
 20
-653.3189908316564
 10
-345.02737008043084
 20
-653.3059775635481
 10
-344.9864647586333
 20
-653.2942964258242
 10
-344.9451991419447
 20
-653.2839599269395
 10
-344.903617418621
 20
-653.2749791354759
 10
-344.861764115413
 20
-653.2673636682896
 10
-344.8196840498861
 20
-653.261121680214
 10
-344.77742228242846
 20
-653.2562598553261
 10
-344.73502406799923
 20
-653.2527833997898
 10
-344.6925348076683
 20
-653.2506960362807
 10
-344.65000000000003
 20
-653.25
 10
-344.60746519233174
 20
-653.2506960362807
 10
-344.56497593200083
 20
-653.2527833997898
 10
-344.5225777175716
 20
-653.2562598553261
 10
-344.48031595011395
 20
-653.261121680214
 10
-344.4382358845871
 20
-653.2673636682896
 10
-344.39638258137904
 20
-653.2749791354759
 10
-344.35480085805534
 20
-653.2839599269395
 10
-344.31353524136676
 20
-653.2942964258242
 10
-344.2726299195692
 20
-653.3059775635481
 10
-344.2321286951059
 20
-653.3189908316564
 10
-344.19207493770244
 20
-653.3333222952155
 10
-344.1525115379254
 20
-653.3489566077353
 10
-344.11348086125435
 20
-653.3658770276024
 10
-344.0750247027153
 20
-653.3840654360075
 10
-344.0371842421262
 20
-653.4035023563472
 10
-344.00000000000006
 20
-653.4241669750802
 10
-343.96351179415456
 20
-653.4460371640155
 10
-343.9277586970745
 20
-653.4690895040067
 10
-343.8927789940719
 20
-653.4932993100309
 10
-343.8586101422887
 20
-653.5186406576214
 10
-343.8252887305873
 20
-653.5450864106284
 10
-343.79285044036993
 20
-653.5726082502773
 10
-343.7613300073703
 20
-653.6011767054928
 10
-343.73076118445755
 20
-653.6307611844575
 10
-343.70117670549286
 20
-653.6613300073702
 10
-343.67260825027734
 20
-653.69285044037
 10
-343.6450864106285
 20
-653.7252887305873
 10
-343.6186406576214
 20
-653.7586101422887
 10
-343.59329931003094
 20
-653.7927789940718
 10
-343.56908950400674
 20
-653.8277586970745
 10
-343.5460371640155
 20
-653.8635117941545
 10
-343.5241669750803
 20
-653.9
 10
-343.50350235634716
 20
-653.9371842421262
 10
-343.48406543600754
 20
-653.9750247027152
 10
-343.4658770276025
 20
-654.0134808612543
 10
-343.44895660773534
 20
-654.0525115379254
 10
-343.43332229521553
 20
-654.0920749377024
 10
-343.4189908316564
 20
-654.1321286951058
 10
-343.40597756354816
 20
-654.1726299195692
 10
-343.3942964258242
 20
-654.2135352413667
 10
-343.3839599269395
 20
-654.2548008580553
 10
-343.3749791354758
 20
-654.296382581379
 10
-343.36736366828967
 20
-654.338235884587
 10
-343.36112168021407
 20
-654.380315950114
 10
-343.3562598553262
 20
-654.4225777175716
 10
-343.35278339978987
 20
-654.4649759320008
 10
-343.35069603628074
 20
-654.5074651923317
 10
-343.35
 20
-654.55
  0
LWPOLYLINE
  5
11D
330
17
100
AcDbEntity
  8
20_ВИДИМЫЕ
100
AcDbPolyline
 90
193
 70
1
 10
-342.35
 20
-654.55
 10
-342.3512314488044
 20
-654.6252538904901
 10
-342.3549244765512
 20
-654.7004271972294
 10
-342.36107512865397
 20
-654.7754394227579
 10
-342.3696768188403
 20
-654.8502102421061
 10
-342.38072033620483
 20
-654.9246595888076
 10
-342.3941938550726
 20
-654.9987077406371
 10
-342.41008294766215
 20
-655.0722754049791
 10
-342.4283705995352
 20
-655.1452838037358
 10
-342.44903722781595
 20
-655.2176547576853
 10
-342.4720607021613
 20
-655.2893107701973
 10
-342.4974163684582
 20
-655.3601751102188
 10
-342.5250770752241
 20
-655.4301718944397
 10
-342.5550132026813
 20
-655.4992261685501
 10
-342.5871926944749
 20
-655.5672639875037
 10
-342.6215810919988
 20
-655.6342124946998
 10
-342.6581415712958
 20
-655.7
 10
-342.6968349824889
 20
-655.7645560564958
 10
-342.7376198917042
 20
-655.8278115359451
 10
-342.7804526254393
 20
-655.889698702796
 10
-342.8252873173302
 20
-655.95015128672
 10
-342.87207595726574
 20
-656.0091045535764
 10
-342.92076844279836
 20
-656.0664953747302
 10
-342.971312632795
 20
-656.1222622946526
 10
-343.023654403271
 20
-656.1763455967291
 10
-343.07773770534743
 20
-656.228687367205
 10
-343.1335046252699
 20
-656.2792315572017
 10
-343.19089544642367
 20
-656.3279240427343
 10
-343.24984871327996
 20
-656.3747126826698
 10
-343.3103012972041
 20
-656.4195473745607
 10
-343.37218846405494
 20
-656.4623801082959
 10
-343.4354439435042
 20
-656.5031650175112
 10
-343.50000000000006
 20
-656.5418584287042
 10
-343.56578750530025
 20
-656.5784189080013
 10
-343.6327360124963
 20
-656.6128073055252
 10
-343.7007738314499
 20
-656.6449867973187
 10
-343.76982810556035
 20
-656.674922924776
 10
-343.8398248897812
 20
-656.7025836315419
 10
-343.91068922980276
 20
-656.7279392978387
 10
-343.98234524231475
 20
-656.750962772184
 10
-344.0547161962642
 20
-656.7716294004649
 10
-344.127724595021
 20
-656.7899170523378
 10
-344.20129225936296
 20
-656.8058061449274
 10
-344.2753404111925
 20
-656.8192796637952
 10
-344.3497897578939
 20
-656.8303231811598
 10
-344.42456057724206
 20
-656.8389248713461
 10
-344.49957280277073
 20
-656.8450755234488
 10
-344.57474610950993
 20
-656.8487685511957
 10
-344.65000000000003
 20
-656.85
 10
-344.72525389049014
 20
-656.8487685511957
 10
-344.80042719722934
 20
-656.8450755234488
 10
-344.875439422758
 20
-656.8389248713461
 10
-344.95021024210615
 20
-656.8303231811598
 10
-345.0246595888076
 20
-656.8192796637952
 10
-345.0987077406371
 20
-656.8058061449274
 10
-345.1722754049791
 20
-656.7899170523378
 10
-345.24528380373584
 20
-656.7716294004649
 10
-345.3176547576853
 20
-656.750962772184
 10
-345.3893107701973
 20
-656.7279392978387
 10
-345.46017511021887
 20
-656.7025836315419
 10
-345.5301718944397
 20
-656.674922924776
 10
-345.59922616855016
 20
-656.6449867973187
 10
-345.66726398750376
 20
-656.6128073055252
 10
-345.7342124946998
 20
-656.5784189080013
 10
-345.8
 20
-656.5418584287042
 10
-345.86455605649587
 20
-656.5031650175112
 10
-345.9278115359451
 20
-656.4623801082959
 10
-345.989698702796
 20
-656.4195473745607
 10
-346.0501512867201
 20
-656.3747126826698
 10
-346.1091045535764
 20
-656.3279240427343
 10
-346.1664953747302
 20
-656.2792315572017
 10
-346.22226229465264
 20
-656.228687367205
 10
-346.2763455967291
 20
-656.1763455967291
 10
-346.3286873672051
 20
-656.1222622946526
 10
-346.3792315572017
 20
-656.0664953747302
 10
-346.42792404273433
 20
-656.0091045535764
 10
-346.47471268266986
 20
-655.95015128672
 10
-346.5195473745608
 20
-655.889698702796
 10
-346.5623801082959
 20
-655.8278115359451
 10
-346.6031650175112
 20
-655.7645560564958
 10
-346.64185842870427
 20
-655.7
 10
-346.6784189080013
 20
-655.6342124946998
 10
-346.7128073055252
 20
-655.5672639875037
 10
-346.74498679731875
 20
-655.4992261685501
 10
-346.774922924776
 20
-655.4301718944397
 10
-346.8025836315419
 20
-655.3601751102188
 10
-346.8279392978388
 20
-655.2893107701973
 10
-346.8509627721841
 20
-655.2176547576853
 10
-346.8716294004649
 20
-655.1452838037358
 10
-346.8899170523379
 20
-655.0722754049791
 10
-346.90580614492745
 20
-654.9987077406371
 10
-346.91927966379524
 20
-654.9246595888076
 10
-346.9303231811598
 20
-654.8502102421061
 10
-346.9389248713461
 20
-654.7754394227579
 10
-346.94507552344885
 20
-654.7004271972294
 10
-346.94876855119566
 20
-654.6252538904901
 10
-346.95000000000005
 20
-654.55
 10
-346.94876855119566
 20
-654.4747461095099
 10
-346.94507552344885
 20
-654.3995728027706
 10
-346.9389248713461
 20
-654.324560577242
 10
-346.9303231811598
 20
-654.2497897578938
 10
-346.91927966379524
 20
-654.1753404111925
 10
-346.90580614492745
 20
-654.1012922593629
 10
-346.8899170523379
 20
-654.0277245950209
 10
-346.8716294004649
 20
-653.9547161962641
 10
-346.8509627721841
 20
-653.8823452423147
 10
-346.8279392978388
 20
-653.8106892298027
 10
-346.8025836315419
 20
-653.7398248897812
 10
-346.774922924776
 20
-653.6698281055603
 10
-346.74498679731875
 20
-653.6007738314499
 10
-346.7128073055252
 20
-653.5327360124963
 10
-346.6784189080013
 20
-653.4657875053002
 10
-346.64185842870427
 20
-653.4
 10
-346.6031650175112
 20
-653.3354439435042
 10
-346.5623801082959
 20
-653.2721884640549
 10
-346.5195473745608
 20
-653.2103012972041
 10
-346.47471268266986
 20
-653.1498487132799
 10
-346.42792404273433
 20
-653.0908954464236
 10
-346.3792315572017
 20
-653.0335046252699
 10
-346.3286873672051
 20
-652.9777377053474
 10
-346.2763455967291
 20
-652.9236544032709
 10
-346.22226229465264
 20
-652.871312632795
 10
-346.1664953747302
 20
-652.8207684427983
 10
-346.1091045535764
 20
-652.7720759572657
 10
-346.0501512867201
 20
-652.7252873173302
 10
-345.989698702796
 20
-652.6804526254393
 10
-345.9278115359451
 20
-652.6376198917042
 10
-345.86455605649587
 20
-652.5968349824889
 10
-345.8
 20
-652.5581415712958
 10
-345.7342124946998
 20
-652.5215810919988
 10
-345.66726398750376
 20
-652.4871926944749
 10
-345.59922616855016
 20
-652.4550132026814
 10
-345.5301718944397
 20
-652.4250770752241
 10
-345.46017511021887
 20
-652.3974163684582
 10
-345.3893107701973
 20
-652.3720607021612
 10
-345.3176547576853
 20
-652.3490372278159
 10
-345.24528380373584
 20
-652.3283705995351
 10
-345.1722754049791
 20
-652.3100829476621
 10
-345.0987077406371
 20
-652.2941938550725
 10
-345.0246595888076
 20
-652.2807203362048
 10
-344.95021024210615
 20
-652.2696768188403
 10
-344.875439422758
 20
-652.2610751286539
 10
-344.80042719722934
 20
-652.2549244765512
 10
-344.72525389049014
 20
-652.2512314488043
 10
-344.65000000000003
 20
-652.25
 10
-344.57474610950993
 20
-652.2512314488043
 10
-344.49957280277073
 20
-652.2549244765512
 10
-344.42456057724206
 20
-652.2610751286539
 10
-344.3497897578939
 20
-652.2696768188403
 10
-344.2753404111925
 20
-652.2807203362048
 10
-344.20129225936296
 20
-652.2941938550725
 10
-344.127724595021
 20
-652.3100829476621
 10
-344.0547161962642
 20
-652.3283705995351
 10
-343.98234524231475
 20
-652.3490372278159
 10
-343.91068922980276
 20
-652.3720607021612
 10
-343.8398248897812
 20
-652.3974163684582
 10
-343.76982810556035
 20
-652.4250770752241
 10
-343.7007738314499
 20
-652.4550132026812
 10
-343.6327360124963
 20
-652.4871926944749
 10
-343.56578750530025
 20
-652.5215810919988
 10
-343.50000000000006
 20
-652.5581415712958
 10
-343.4354439435042
 20
-652.5968349824889
 10
-343.37218846405494
 20
-652.6376198917042
 10
-343.3103012972041
 20
-652.6804526254393
 10
-343.24984871327996
 20
-652.7252873173302
 10
-343.19089544642367
 20
-652.7720759572657
 10
-343.1335046252699
 20
-652.8207684427983
 10
-343.07773770534743
 20
-652.871312632795
 10
-343.023654403271
 20
-652.9236544032709
 10
-342.971312632795
 20
-652.9777377053474
 10
-342.92076844279836
 20
-653.0335046252699
 10
-342.87207595726574
 20
-653.0908954464236
 10
-342.8252873173302
 20
-653.1498487132799
 10
-342.7804526254393
 20
-653.2103012972041
 10
-342.7376198917042
 20
-653.2721884640549
 10
-342.6968349824889
 20
-653.3354439435042
 10
-342.6581415712958
 20
-653.4
 10
-342.6215810919988
 20
-653.4657875053002
 10
-342.5871926944749
 20
-653.5327360124963
 10
-342.5550132026813
 20
-653.6007738314499
 10
-342.5250770752241
 20
-653.6698281055603
 10
-342.4974163684582
 20
-653.7398248897812
 10
-342.4720607021613
 20
-653.8106892298027
 10
-342.44903722781595
 20
-653.8823452423147
 10
-342.4283705995352
 20
-653.9547161962641
 10
-342.41008294766215
 20
-654.0277245950209
 10
-342.3941938550726
 20
-654.1012922593629
 10
-342.38072033620483
 20
-654.1753404111925
 10
-342.3696768188403
 20
-654.2497897578938
 10
-342.36107512865397
 20
-654.324560577242
 10
-342.3549244765512
 20
-654.3995728027706
 10
-342.3512314488044
 20
-654.4747461095099
 10
-342.35
 20
-654.55
  0
LWPOLYLINE
  5
11E
330
17
100
AcDbEntity
  8
20_ВИДИМЫЕ
100
AcDbPolyline
 90
5
 70
1
 10
-372.02472580451143
 20
-684.4448268171891
 10
-370.0448268171891
 20
-686.4247258045114
 10
-351.66005050633885
 20
-668.0399494936612
 10
-353.6399494936612
 20
-666.0600505063388
 10
-372.02472580451143
 20
-684.4448268171891
  0
LINE
  5
11F
330
17
100
AcDbEntity
  8
22_ТОНКИЕ
100
AcDbLine
 10
-402.90000000000003
 20
-667.05
 30
0.0
 11
282.90000000000003
 21
-667.05
 31
0.0
  0
LWPOLYLINE
  5
120
330
17
100
AcDbEntity
  8
20_ВИДИМЫЕ
100
AcDbPolyline
 90
133
 70
1
 10
220.65000000000003
 20
-879.45
 10
220.65361363138453
 20
-879.3027969770178
 10
220.66444581998343
 20
-879.1559485790114
 10
220.68247047010567
 20
-879.0098085766339
 10
220.70764415879034
 20
-878.8647290339516
 10
220.73990624041642
 20
-878.7210594602902
 10
220.7791789928034
 20
-878.5791459682366
 10
220.825367804451
 20
-878.4393304398234
 10
220.87836140246617
 20
-878.3019497029047
 10
220.9380321206297
 20
-878.1673347197092
 10
221.00423620695494
 20
-878.035809789522
 10
221.07681416999924
 20
-877.9076917674204
 10
221.15559116309242
 20
-877.7832893009412
 10
221.2403774055581
 20
-877.6629020865228
 10
221.33096863991182
 20
-877.546820147509
 10
221.42714662393513
 20
-877.4353231354589
 10
221.52867965644037
 20
-877.3286796564404
 10
221.63532313545898
 20
-877.2271466239351
 10
221.74682014750908
 20
-877.1309686399118
 10
221.86290208652275
 20
-877.040377405558
 10
221.98328930094124
 20
-876.9555911630923
 10
222.10769176742036
 20
-876.8768141699992
 10
222.23580978952202
 20
-876.8042362069549
 10
222.36733471970916
 20
-876.7380321206297
 10
222.50194970290477
 20
-876.6783614024662
 10
222.63933043982337
 20
-876.6253678044509
 10
222.77914596823666
 20
-876.5791789928033
 10
222.92105946029022
 20
-876.5399062404164
 10
223.06472903395166
 20
-876.5076441587903
 10
223.20980857663398
 20
-876.4824704701057
 10
223.35594857901134
 20
-876.4644458199834
 10
223.5027969770178
 20
-876.4536136313845
 10
223.65000000000003
 20
-876.45
 10
241.65000000000003
 20
-876.45
 10
241.79720302298227
 20
-876.4536136313845
 10
241.94405142098873
 20
-876.4644458199834
 10
242.09019142336615
 20
-876.4824704701057
 10
242.2352709660484
 20
-876.5076441587903
 10
242.37894053970984
 20
-876.5399062404164
 10
242.5208540317634
 20
-876.5791789928033
 10
242.6606695601767
 20
-876.6253678044509
 10
242.7980502970953
 20
-876.6783614024662
 10
242.9326652802909
 20
-876.7380321206297
 10
243.06419021047805
 20
-876.8042362069549
 10
243.1923082325797
 20
-876.8768141699992
 10
243.31671069905883
 20
-876.9555911630923
 10
243.43709791347732
 20
-877.040377405558
 10
243.55317985249098
 20
-877.1309686399118
 10
243.6646768645411
 20
-877.2271466239351
 10
243.7713203435597
 20
-877.3286796564404
 10
243.87285337606494
 20
-877.4353231354589
 10
243.96903136008825
 20
-877.546820147509
 10
244.05962259444198
 20
-877.6629020865228
 10
244.1444088369077
 20
-877.7832893009412
 10
244.22318583000083
 20
-877.9076917674204
 10
244.29576379304513
 20
-878.035809789522
 10
244.36196787937035
 20
-878.1673347197092
 10
244.4216385975339
 20
-878.3019497029047
 10
244.47463219554908
 20
-878.4393304398234
 10
244.52082100719667
 20
-878.5791459682366
 10
244.56009375958365
 20
-878.7210594602902
 10
244.59235584120972
 20
-878.8647290339516
 10
244.6175295298944
 20
-879.0098085766339
 10
244.63555418001664
 20
-879.1559485790114
 10
244.64638636861554
 20
-879.3027969770178
 10
244.65000000000003
 20
-879.45
 10
244.65000000000003
 20
-906.45
 10
244.64638636861554
 20
-906.5972030229823
 10
244.63555418001664
 20
-906.7440514209886
 10
244.6175295298944
 20
-906.8901914233661
 10
244.59235584120972
 20
-907.0352709660484
 10
244.56009375958365
 20
-907.1789405397099
 10
244.52082100719667
 20
-907.3208540317634
 10
244.47463219554908
 20
-907.4606695601767
 10
244.4216385975339
 20
-907.5980502970953
 10
244.36196787937035
 20
-907.7326652802908
 10
244.29576379304513
 20
-907.864190210478
 10
244.22318583000083
 20
-907.9923082325797
 10
244.14440883690764
 20
-908.1167106990588
 10
244.05962259444198
 20
-908.2370979134773
 10
243.96903136008825
 20
-908.3531798524909
 10
243.87285337606488
 20
-908.464676864541
 10
243.7713203435597
 20
-908.5713203435596
 10
243.6646768645411
 20
-908.672853376065
 10
243.55317985249098
 20
-908.7690313600882
 10
243.43709791347732
 20
-908.8596225944419
 10
243.31671069905883
 20
-908.9444088369077
 10
243.1923082325797
 20
-909.0231858300008
 10
243.06419021047805
 20
-909.0957637930451
 10
242.9326652802909
 20
-909.1619678793703
 10
242.7980502970953
 20
-909.2216385975339
 10
242.6606695601767
 20
-909.2746321955491
 10
242.5208540317634
 20
-909.3208210071966
 10
242.37894053970984
 20
-909.3600937595836
 10
242.2352709660484
 20
-909.3923558412097
 10
242.0901914233661
 20
-909.4175295298944
 10
241.94405142098873
 20
-909.4355541800167
 10
241.79720302298227
 20
-909.4463863686155
 10
241.65000000000003
 20
-909.45
 10
223.65000000000003
 20
-909.45
 10
223.5027969770178
 20
-909.4463863686155
 10
223.35594857901134
 20
-909.4355541800167
 10
223.20980857663398
 20
-909.4175295298944
 10
223.06472903395166
 20
-909.3923558412097
 10
222.92105946029022
 20
-909.3600937595836
 10
222.77914596823666
 20
-909.3208210071966
 10
222.63933043982337
 20
-909.2746321955491
 10
222.50194970290477
 20
-909.2216385975339
 10
222.36733471970916
 20
-909.1619678793703
 10
222.23580978952202
 20
-909.0957637930451
 10
222.10769176742036
 20
-909.0231858300008
 10
221.98328930094124
 20
-908.9444088369077
 10
221.86290208652275
 20
-908.8596225944419
 10
221.74682014750908
 20
-908.7690313600882
 10
221.63532313545898
 20
-908.672853376065
 10
221.52867965644037
 20
-908.5713203435596
 10
221.42714662393513
 20
-908.464676864541
 10
221.33096863991182
 20
-908.3531798524909
 10
221.2403774055581
 20
-908.2370979134773
 10
221.15559116309242
 20
-908.1167106990588
 10
221.07681416999924
 20
-907.9923082325797
 10
221.00423620695494
 20
-907.864190210478
 10
220.9380321206297
 20
-907.7326652802908
 10
220.87836140246617
 20
-907.5980502970953
 10
220.825367804451
 20
-907.4606695601767
 10
220.7791789928034
 20
-907.3208540317634
 10
220.73990624041642
 20
-907.1789405397099
 10
220.70764415879034
 20
-907.0352709660484
 10
220.68247047010567
 20
-906.8901914233661
 10
220.66444581998343
 20
-906.7440514209886
 10
220.65361363138453
 20
-906.5972030229823
 10
220.65000000000003
 20
-906.45
 10
220.65000000000003
 20
-879.45
  0
LWPOLYLINE
  5
121
330
17
100
AcDbEntity
  8
20_ВИДИМЫЕ
100
AcDbPolyline
 90
513
 70
1
 10
224.15000000000003
 20
-892.95
 10
224.1506400343673
 20
-892.8456919245714
 10
224.15256004108232
 20
-892.7413995575553
 10
224.15575973099908
 20
-892.6371386049984
 10
224.1602386222561
 20
-892.532924768217
 10
224.16599604034877
 20
-892.4287737414312
 10
224.17303111823117
 20
-892.3247012094029
 10
224.18134279644642
 20
-892.2207228450723
 10
224.19092982328635
 20
-892.1168543071988
 10
224.20179075497998
 20
-892.013111238002
 10
224.213923955911
 20
-891.9095092608067
 10
224.2273275988639
 20
-891.8060639776894
 10
224.24199966529937
 20
-891.7027909671294
 10
224.25793794565823
 20
-891.5997057816621
 10
224.275140039694
 20
-891.4968239455375
 10
224.2936033568347
 20
-891.3941609523813
 10
224.31332511657257
 20
-891.2917322628629
 10
224.33430234888317
 20
-891.1895533023661
 10
224.35653189467251
 20
-891.0876394586667
 10
224.38001040625278
 20
-890.9860060796143
 10
224.4047343478464
 20
-890.8846684708222
 10
224.4306999961188
 20
-890.7836418933616
 10
224.4579034407388
 20
-890.6829415614634
 10
224.4863405849677
 20
-890.5825826402271
 10
224.51600714627625
 20
-890.4825802433371
 10
224.5468986569894
 20
-890.3829494307865
 10
224.5790104649592
 20
-890.2837052066094
 10
224.61233773426562
 20
-890.1848625166208
 10
224.64687544594437
 20
-890.0864362461662
 10
224.68261839874316
 20
-889.9884412178798
 10
224.71956120990473
 20
-889.8908921894526
 10
224.75769831597768
 20
-889.7938038514094
 10
224.79702397365412
 20
-889.6971908248968
 10
224.83753226063453
 20
-889.601067659481
 10
224.87921707652004
 20
-889.5054488309576
 10
224.9220721437306
 20
-889.4103487391701
 10
224.96609100845075
 20
-889.3157817058426
 10
225.0112670416014
 20
-889.2217619724225
 10
225.05759343983817
 20
-889.1283036979358
 10
225.1050632265758
 20
-889.035420956855
 10
225.15366925303903
 20
-888.943127736979
 10
225.2034041993391
 20
-888.8514379373274
 10
225.25426057557598
 20
-888.7603653660468
 10
225.30623072296657
 20
-888.6699237383314
 10
225.3593068149977
 20
-888.5801266743576
 10
225.41348085860528
 20
-888.490987697233
 10
225.4687446953775
 20
-888.4025202309597
 10
225.52509000278388
 20
-888.3147375984126
 10
225.5825082954284
 20
-888.2276530193334
 10
225.64099092632733
 20
-888.1412796083393
 10
225.70052908821157
 20
-888.0556303729484
 10
225.761113814853
 20
-887.9707182116202
 10
225.82273598241454
 20
-887.8865559118143
 10
225.88538631082452
 20
-887.8031561480632
 10
225.94905536517388
 20
-887.7205314800647
 10
226.01373355713724
 20
-887.6386943507897
 10
226.07941114641676
 20
-887.557657084609
 10
226.14607824220911
 20
-887.4774318854368
 10
226.2137248046949
 20
-887.3980308348929
 10
226.2823406465506
 20
-887.3194658904836
 10
226.35191543448286
 20
-887.2417488838004
 10
226.42243869078453
 20
-887.1648915187386
 10
226.49389979491258
 20
-887.0889053697349
 10
226.56628798508757
 20
-887.0138018800237
 10
226.6395923599144
 20
-886.9395923599143
 10
226.71380188002377
 20
-886.8662879850875
 10
226.78890536973495
 20
-886.7938997949125
 10
226.86489151873866
 20
-886.7224386907844
 10
226.94174888380036
 20
-886.6519154344828
 10
227.01946589048356
 20
-886.5823406465506
 10
227.09803083489294
 20
-886.5137248046949
 10
227.17743188543682
 20
-886.4460782422091
 10
227.25765708460904
 20
-886.3794111464167
 10
227.33869435078975
 20
-886.3137335571372
 10
227.4205314800647
 20
-886.2490553651738
 10
227.50315614806328
 20
-886.1853863108245
 10
227.58655591181434
 20
-886.1227359824145
 10
227.67071821162028
 20
-886.0611138148529
 10
227.75563037294836
 20
-886.0005290882116
 10
227.84127960833933
 20
-885.9409909263272
 10
227.92765301933343
 20
-885.8825082954284
 10
228.01473759841264
 20
-885.8250900027839
 10
228.10252023095973
 20
-885.7687446953774
 10
228.19098769723303
 20
-885.7134808586053
 10
228.28012667435763
 20
-885.6593068149976
 10
228.3699237383314
 20
-885.6062307229665
 10
228.46036536604686
 20
-885.554260575576
 10
228.55143793732748
 20
-885.503404199339
 10
228.64312773697907
 20
-885.4536692530389
 10
228.73542095685497
 20
-885.4050632265757
 10
228.8283036979359
 20
-885.3575934398382
 10
228.92176197242253
 20
-885.3112670416014
 10
229.01578170584264
 20
-885.2660910084508
 10
229.1103487391701
 20
-885.2220721437305
 10
229.2054488309576
 20
-885.17921707652
 10
229.30106765948113
 20
-885.1375322606345
 10
229.39719082489677
 20
-885.097023973654
 10
229.49380385140944
 20
-885.0576983159776
 10
229.59089218945263
 20
-885.0195612099047
 10
229.6884412178798
 20
-884.9826183987432
 10
229.78643624616615
 20
-884.9468754459443
 10
229.88486251662079
 20
-884.9123377342655
 10
229.98370520660944
 20
-884.8790104649592
 10
230.08294943078658
 20
-884.8468986569893
 10
230.1825802433371
 20
-884.8160071462762
 10
230.28258264022708
 20
-884.7863405849677
 10
230.38294156146338
 20
-884.7579034407388
 10
230.48364189336166
 20
-884.7306999961188
 10
230.5846684708223
 20
-884.7047343478464
 10
230.68600607961434
 20
-884.6800104062528
 10
230.78763945866666
 20
-884.6565318946725
 10
230.88955330236615
 20
-884.6343023488831
 10
230.99173226286297
 20
-884.6133251165726
 10
231.09416095238134
 20
-884.5936033568347
 10
231.19682394553746
 20
-884.575140039694
 10
231.29970578166223
 20
-884.5579379456582
 10
231.40279096712948
 20
-884.5419996652994
 10
231.50606397768945
 20
-884.5273275988638
 10
231.6095092608067
 20
-884.513923955911
 10
231.713111238002
 20
-884.50179075498
 10
231.81685430719875
 20
-884.4909298232864
 10
231.9207228450723
 20
-884.4813427964464
 10
232.02470120940285
 20
-884.4730311182311
 10
232.12877374143125
 20
-884.4659960403487
 10
232.232924768217
 20
-884.460238622256
 10
232.33713860499847
 20
-884.455759730999
 10
232.44139955755526
 20
-884.4525600410823
 10
232.54569192457143
 20
-884.4506400343673
 10
232.65000000000003
 20
-884.45
 10
232.75430807542864
 20
-884.4506400343673
 10
232.8586004424448
 20
-884.4525600410823
 10
232.9628613950016
 20
-884.455759730999
 10
233.06707523178306
 20
-884.460238622256
 10
233.17122625856882
 20
-884.4659960403487
 10
233.27529879059722
 20
-884.4730311182311
 10
233.37927715492776
 20
-884.4813427964464
 10
233.48314569280132
 20
-884.4909298232864
 10
233.58688876199807
 20
-884.50179075498
 10
233.69049073919336
 20
-884.513923955911
 10
233.79393602231062
 20
-884.5273275988638
 10
233.8972090328706
 20
-884.5419996652994
 10
234.00029421833784
 20
-884.5579379456582
 10
234.1031760544626
 20
-884.575140039694
 10
234.20583904761872
 20
-884.5936033568347
 10
234.3082677371371
 20
-884.6133251165726
 10
234.41044669763392
 20
-884.6343023488831
 10
234.5123605413334
 20
-884.6565318946725
 10
234.61399392038572
 20
-884.6800104062527
 10
234.71533152917777
 20
-884.7047343478464
 10
234.8163581066384
 20
-884.7306999961188
 10
234.91705843853669
 20
-884.7579034407388
 10
235.017417359773
 20
-884.7863405849677
 10
235.11741975666297
 20
-884.8160071462762
 10
235.21705056921348
 20
-884.8468986569893
 10
235.31629479339063
 20
-884.8790104649592
 10
235.41513748337928
 20
-884.9123377342655
 10
235.51356375383392
 20
-884.9468754459443
 10
235.61155878212026
 20
-884.9826183987432
 10
235.70910781054744
 20
-885.0195612099047
 10
235.80619614859063
 20
-885.0576983159776
 10
235.9028091751033
 20
-885.097023973654
 10
235.99893234051893
 20
-885.1375322606345
 10
236.09455116904246
 20
-885.17921707652
 10
236.18965126082998
 20
-885.2220721437305
 10
236.28421829415743
 20
-885.2660910084508
 10
236.37823802757754
 20
-885.3112670416014
 10
236.47169630206417
 20
-885.3575934398382
 10
236.5645790431451
 20
-885.4050632265757
 10
236.656872263021
 20
-885.4536692530389
 10
236.7485620626726
 20
-885.503404199339
 10
236.8396346339532
 20
-885.554260575576
 10
236.93007626166866
 20
-885.6062307229665
 10
237.01987332564244
 20
-885.6593068149976
 10
237.10901230276704
 20
-885.7134808586053
 10
237.19747976904034
 20
-885.7687446953774
 10
237.28526240158743
 20
-885.8250900027839
 10
237.37234698066663
 20
-885.8825082954284
 10
237.45872039166073
 20
-885.9409909263272
 10
237.5443696270517
 20
-886.0005290882116
 10
237.62928178837979
 20
-886.0611138148529
 10
237.71344408818572
 20
-886.1227359824145
 10
237.79684385193679
 20
-886.1853863108245
 10
237.87946851993536
 20
-886.2490553651738
 10
237.96130564921032
 20
-886.3137335571372
 10
238.04234291539103
 20
-886.3794111464167
 10
238.12256811456325
 20
-886.4460782422091
 10
238.20196916510713
 20
-886.5137248046949
 10
238.2805341095165
 20
-886.5823406465506
 10
238.3582511161997
 20
-886.6519154344828
 10
238.4351084812614
 20
-886.7224386907844
 10
238.51109463026512
 20
-886.7938997949125
 10
238.5861981199763
 20
-886.8662879850875
 10
238.66040764008568
 20
-886.9395923599143
 10
238.7337120149125
 20
-887.0138018800237
 10
238.8061002050875
 20
-887.0889053697349
 10
238.87756130921554
 20
-887.1648915187386
 10
238.9480845655172
 20
-887.2417488838004
 10
239.01765935344946
 20
-887.3194658904836
 10
239.08627519530518
 20
-887.3980308348929
 10
239.15392175779095
 20
-887.4774318854368
 10
239.2205888535833
 20
-887.557657084609
 10
239.28626644286282
 20
-887.6386943507897
 10
239.3509446348262
 20
-887.7205314800647
 10
239.41461368917555
 20
-887.8031561480632
 10
239.47726401758553
 20
-887.8865559118143
 10
239.53888618514708
 20
-887.9707182116202
 10
239.5994709117885
 20
-888.0556303729484
 10
239.65900907367273
 20
-888.1412796083393
 10
239.71749170457167
 20
-888.2276530193334
 10
239.77490999721618
 20
-888.3147375984126
 10
239.83125530462257
 20
-888.4025202309597
 10
239.88651914139479
 20
-888.490987697233
 10
239.94069318500237
 20
-888.5801266743576
 10
239.9937692770335
 20
-888.6699237383314
 10
240.04573942442408
 20
-888.7603653660468
 10
240.09659580066096
 20
-888.8514379373274
 10
240.14633074696104
 20
-888.943127736979
 10
240.19493677342427
 20
-889.035420956855
 10
240.2424065601619
 20
-889.1283036979358
 10
240.28873295839867
 20
-889.2217619724225
 10
240.33390899154932
 20
-889.3157817058426
 10
240.37792785626948
 20
-889.4103487391701
 10
240.42078292348003
 20
-889.5054488309576
 10
240.46246773936554
 20
-889.601067659481
 10
240.50297602634595
 20
-889.6971908248968
 10
240.5423016840224
 20
-889.7938038514094
 10
240.5804387900953
 20
-889.8908921894526
 10
240.6173816012569
 20
-889.9884412178798
 10
240.6531245540557
 20
-890.0864362461662
 10
240.68766226573445
 20
-890.1848625166208
 10
240.72098953504087
 20
-890.2837052066094
 10
240.75310134301066
 20
-890.3829494307865
 10
240.78399285372382
 20
-890.4825802433371
 10
240.81365941503236
 20
-890.5825826402271
 10
240.84209655926128
 20
-890.6829415614634
 10
240.86930000388128
 20
-890.7836418933616
 10
240.89526565215368
 20
-890.8846684708222
 10
240.9199895937473
 20
-890.9860060796143
 10
240.9434681053275
 20
-891.0876394586666
 10
240.96569765111684
 20
-891.1895533023661
 10
240.9866748834275
 20
-891.2917322628629
 10
241.00639664316537
 20
-891.3941609523813
 10
241.02485996030606
 20
-891.4968239455375
 10
241.04206205434184
 20
-891.5997057816621
 10
241.0580003347007
 20
-891.7027909671294
 10
241.07267240113617
 20
-891.8060639776894
 10
241.08607604408905
 20
-891.9095092608067
 10
241.0982092450201
 20
-892.013111238002
 10
241.10907017671371
 20
-892.1168543071988
 10
241.11865720355365
 20
-892.2207228450723
 10
241.1269688817689
 20
-892.3247012094029
 10
241.1340039596513
 20
-892.4287737414312
 10
241.13976137774398
 20
-892.532924768217
 10
241.144240269001
 20
-892.6371386049984
 10
241.14743995891774
 20
-892.7413995575553
 10
241.14935996563275
 20
-892.8456919245714
 10
241.15000000000003
 20
-892.95
 10
241.14935996563275
 20
-893.0543080754286
 10
241.14743995891774
 20
-893.1586004424447
 10
241.144240269001
 20
-893.2628613950016
 10
241.13976137774398
 20
-893.367075231783
 10
241.1340039596513
 20
-893.4712262585688
 10
241.1269688817689
 20
-893.5752987905971
 10
241.11865720355365
 20
-893.6792771549277
 10
241.10907017671371
 20
-893.7831456928013
 10
241.0982092450201
 20
-893.886888761998
 10
241.08607604408905
 20
-893.9904907391933
 10
241.07267240113617
 20
-894.0939360223106
 10
241.0580003347007
 20
-894.1972090328705
 10
241.04206205434184
 20
-894.3002942183379
 10
241.02485996030606
 20
-894.4031760544626
 10
241.00639664316537
 20
-894.5058390476187
 10
240.9866748834275
 20
-894.6082677371371
 10
240.9656976511169
 20
-894.7104466976339
 10
240.94346810532755
 20
-894.8123605413334
 10
240.9199895937473
 20
-894.9139939203857
 10
240.89526565215368
 20
-895.0153315291777
 10
240.86930000388128
 20
-895.1163581066384
 10
240.84209655926128
 20
-895.2170584385367
 10
240.81365941503236
 20
-895.3174173597729
 10
240.78399285372382
 20
-895.417419756663
 10
240.75310134301066
 20
-895.5170505692134
 10
240.72098953504087
 20
-895.6162947933906
 10
240.68766226573445
 20
-895.7151374833793
 10
240.6531245540557
 20
-895.8135637538339
 10
240.6173816012569
 20
-895.9115587821202
 10
240.58043879009534
 20
-896.0091078105474
 10
240.5423016840224
 20
-896.1061961485906
 10
240.50297602634595
 20
-896.2028091751033
 10
240.46246773936554
 20
-896.298932340519
 10
240.42078292348003
 20
-896.3945511690424
 10
240.37792785626948
 20
-896.4896512608299
 10
240.33390899154932
 20
-896.5842182941574
 10
240.28873295839867
 20
-896.6782380275774
 10
240.2424065601619
 20
-896.7716963020641
 10
240.19493677342427
 20
-896.864579043145
 10
240.14633074696104
 20
-896.956872263021
 10
240.09659580066096
 20
-897.0485620626725
 10
240.04573942442408
 20
-897.1396346339532
 10
239.9937692770335
 20
-897.2300762616686
 10
239.94069318500237
 20
-897.3198733256424
 10
239.88651914139479
 20
-897.409012302767
 10
239.83125530462257
 20
-897.4974797690403
 10
239.77490999721618
 20
-897.5852624015874
 10
239.71749170457167
 20
-897.6723469806666
 10
239.65900907367273
 20
-897.7587203916607
 10
239.5994709117885
 20
-897.8443696270517
 10
239.53888618514708
 20
-897.9292817883797
 10
239.47726401758553
 20
-898.0134440881857
 10
239.41461368917555
 20
-898.0968438519368
 10
239.3509446348262
 20
-898.1794685199353
 10
239.28626644286282
 20
-898.2613056492103
 10
239.2205888535833
 20
-898.342342915391
 10
239.15392175779095
 20
-898.4225681145632
 10
239.08627519530518
 20
-898.5019691651071
 10
239.01765935344946
 20
-898.5805341095165
 10
238.9480845655172
 20
-898.6582511161996
 10
238.87756130921554
 20
-898.7351084812614
 10
238.8061002050875
 20
-898.8110946302651
 10
238.7337120149125
 20
-898.8861981199763
 10
238.66040764008568
 20
-898.9604076400857
 10
238.5861981199763
 20
-899.0337120149125
 10
238.51109463026512
 20
-899.1061002050875
 10
238.4351084812614
 20
-899.1775613092155
 10
238.3582511161997
 20
-899.2480845655172
 10
238.2805341095165
 20
-899.3176593534494
 10
238.20196916510713
 20
-899.3862751953051
 10
238.12256811456325
 20
-899.4539217577909
 10
238.04234291539103
 20
-899.5205888535833
 10
237.96130564921032
 20
-899.5862664428628
 10
237.87946851993536
 20
-899.6509446348261
 10
237.79684385193679
 20
-899.7146136891755
 10
237.71344408818572
 20
-899.7772640175855
 10
237.62928178837979
 20
-899.8388861851471
 10
237.5443696270517
 20
-899.8994709117885
 10
237.45872039166073
 20
-899.9590090736727
 10
237.37234698066663
 20
-900.0174917045716
 10
237.28526240158743
 20
-900.0749099972161
 10
237.19747976904034
 20
-900.1312553046225
 10
237.10901230276704
 20
-900.1865191413948
 10
237.01987332564244
 20
-900.2406931850023
 10
236.93007626166866
 20
-900.2937692770334
 10
236.8396346339532
 20
-900.3457394244241
 10
236.7485620626726
 20
-900.396595800661
 10
236.656872263021
 20
-900.446330746961
 10
236.56457904314505
 20
-900.4949367734242
 10
236.47169630206417
 20
-900.5424065601619
 10
236.37823802757754
 20
-900.5887329583986
 10
236.28421829415743
 20
-900.6339089915493
 10
236.18965126082998
 20
-900.6779278562694
 10
236.09455116904246
 20
-900.72078292348
 10
235.99893234051893
 20
-900.7624677393655
 10
235.9028091751033
 20
-900.802976026346
 10
235.80619614859063
 20
-900.8423016840223
 10
235.70910781054744
 20
-900.8804387900952
 10
235.61155878212026
 20
-900.9173816012569
 10
235.51356375383392
 20
-900.9531245540556
 10
235.41513748337928
 20
-900.9876622657345
 10
235.31629479339063
 20
-901.0209895350408
 10
235.21705056921348
 20
-901.0531013430107
 10
235.11741975666297
 20
-901.0839928537238
 10
235.017417359773
 20
-901.1136594150323
 10
234.91705843853669
 20
-901.1420965592613
 10
234.8163581066384
 20
-901.1693000038813
 10
234.71533152917777
 20
-901.1952656521536
 10
234.61399392038572
 20
-901.2199895937473
 10
234.5123605413334
 20
-901.2434681053275
 10
234.41044669763392
 20
-901.2656976511169
 10
234.3082677371371
 20
-901.2866748834275
 10
234.20583904761872
 20
-901.3063966431654
 10
234.1031760544626
 20
-901.324859960306
 10
234.00029421833784
 20
-901.3420620543418
 10
233.8972090328706
 20
-901.3580003347006
 10
233.79393602231062
 20
-901.3726724011361
 10
233.69049073919336
 20
-901.386076044089
 10
233.58688876199807
 20
-901.39820924502
 10
233.48314569280132
 20
-901.4090701767136
 10
233.37927715492776
 20
-901.4186572035536
 10
233.27529879059722
 20
-901.4269688817689
 10
233.17122625856882
 20
-901.4340039596512
 10
233.06707523178306
 20
-901.4397613777439
 10
232.9628613950016
 20
-901.4442402690009
 10
232.8586004424448
 20
-901.4474399589177
 10
232.75430807542864
 20
-901.4493599656328
 10
232.65000000000003
 20
-901.45
 10
232.54569192457143
 20
-901.4493599656328
 10
232.44139955755526
 20
-901.4474399589177
 10
232.33713860499847
 20
-901.4442402690009
 10
232.232924768217
 20
-901.4397613777439
 10
232.12877374143125
 20
-901.4340039596512
 10
232.02470120940285
 20
-901.4269688817689
 10
231.9207228450723
 20
-901.4186572035536
 10
231.81685430719875
 20
-901.4090701767136
 10
231.71311123800206
 20
-901.39820924502
 10
231.6095092608067
 20
-901.386076044089
 10
231.50606397768945
 20
-901.3726724011361
 10
231.40279096712948
 20
-901.3580003347006
 10
231.29970578166223
 20
-901.3420620543418
 10
231.19682394553746
 20
-901.324859960306
 10
231.09416095238134
 20
-901.3063966431654
 10
230.99173226286297
 20
-901.2866748834275
 10
230.88955330236615
 20
-901.2656976511169
 10
230.78763945866666
 20
-901.2434681053275
 10
230.68600607961434
 20
-901.2199895937473
 10
230.5846684708223
 20
-901.1952656521536
 10
230.48364189336166
 20
-901.1693000038813
 10
230.38294156146338
 20
-901.1420965592613
 10
230.28258264022708
 20
-901.1136594150323
 10
230.1825802433371
 20
-901.0839928537238
 10
230.08294943078658
 20
-901.0531013430107
 10
229.98370520660944
 20
-901.0209895350408
 10
229.88486251662079
 20
-900.9876622657345
 10
229.78643624616615
 20
-900.9531245540556
 10
229.6884412178798
 20
-900.9173816012569
 10
229.59089218945263
 20
-900.8804387900952
 10
229.49380385140944
 20
-900.8423016840223
 10
229.39719082489677
 20
-900.802976026346
 10
229.30106765948113
 20
-900.7624677393655
 10
229.2054488309576
 20
-900.72078292348
 10
229.11034873917015
 20
-900.6779278562694
 10
229.01578170584264
 20
-900.6339089915493
 10
228.92176197242253
 20
-900.5887329583986
 10
228.8283036979359
 20
-900.5424065601619
 10
228.73542095685502
 20
-900.4949367734242
 10
228.64312773697907
 20
-900.446330746961
 10
228.55143793732748
 20
-900.396595800661
 10
228.46036536604686
 20
-900.3457394244241
 10
228.3699237383314
 20
-900.2937692770334
 10
228.28012667435763
 20
-900.2406931850023
 10
228.19098769723303
 20
-900.1865191413948
 10
228.10252023095973
 20
-900.1312553046225
 10
228.01473759841264
 20
-900.0749099972161
 10
227.92765301933343
 20
-900.0174917045716
 10
227.84127960833933
 20
-899.9590090736727
 10
227.75563037294836
 20
-899.8994709117885
 10
227.67071821162028
 20
-899.8388861851471
 10
227.58655591181434
 20
-899.7772640175855
 10
227.50315614806328
 20
-899.7146136891755
 10
227.4205314800647
 20
-899.6509446348261
 10
227.33869435078975
 20
-899.5862664428628
 10
227.25765708460904
 20
-899.5205888535833
 10
227.17743188543682
 20
-899.4539217577909
 10
227.09803083489294
 20
-899.3862751953051
 10
227.01946589048356
 20
-899.3176593534495
 10
226.94174888380036
 20
-899.2480845655172
 10
226.86489151873866
 20
-899.1775613092155
 10
226.78890536973495
 20
-899.1061002050875
 10
226.71380188002377
 20
-899.0337120149125
 10
226.6395923599144
 20
-898.9604076400857
 10
226.56628798508757
 20
-898.8861981199763
 10
226.49389979491258
 20
-898.8110946302651
 10
226.42243869078453
 20
-898.7351084812614
 10
226.35191543448286
 20
-898.6582511161996
 10
226.2823406465506
 20
-898.5805341095165
 10
226.2137248046949
 20
-898.5019691651071
 10
226.14607824220911
 20
-898.4225681145632
 10
226.07941114641676
 20
-898.342342915391
 10
226.01373355713724
 20
-898.2613056492103
 10
225.94905536517388
 20
-898.1794685199353
 10
225.88538631082452
 20
-898.0968438519368
 10
225.82273598241454
 20
-898.0134440881857
 10
225.761113814853
 20
-897.9292817883797
 10
225.70052908821157
 20
-897.8443696270517
 10
225.64099092632733
 20
-897.7587203916607
 10
225.5825082954284
 20
-897.6723469806666
 10
225.52509000278394
 20
-897.5852624015874
 10
225.46874469537755
 20
-897.4974797690403
 10
225.41348085860528
 20
-897.409012302767
 10
225.3593068149977
 20
-897.3198733256424
 10
225.30623072296657
 20
-897.2300762616686
 10
225.25426057557598
 20
-897.1396346339532
 10
225.2034041993391
 20
-897.0485620626725
 10
225.15366925303903
 20
-896.956872263021
 10
225.1050632265758
 20
-896.864579043145
 10
225.05759343983817
 20
-896.7716963020641
 10
225.0112670416014
 20
-896.6782380275774
 10
224.96609100845075
 20
-896.5842182941574
 10
224.9220721437306
 20
-896.4896512608299
 10
224.87921707652004
 20
-896.3945511690424
 10
224.83753226063453
 20
-896.298932340519
 10
224.79702397365412
 20
-896.2028091751033
 10
224.75769831597768
 20
-896.1061961485906
 10
224.71956120990473
 20
-896.0091078105474
 10
224.68261839874316
 20
-895.9115587821202
 10
224.64687544594437
 20
-895.8135637538339
 10
224.61233773426562
 20
-895.7151374833793
 10
224.5790104649592
 20
-895.6162947933906
 10
224.5468986569894
 20
-895.5170505692134
 10
224.51600714627625
 20
-895.417419756663
 10
224.4863405849677
 20
-895.317417359773
 10
224.4579034407388
 20
-895.2170584385367
 10
224.4306999961188
 20
-895.1163581066384
 10
224.4047343478464
 20
-895.0153315291777
 10
224.38001040625278
 20
-894.9139939203857
 10
224.35653189467257
 20
-894.8123605413334
 10
224.33430234888317
 20
-894.7104466976339
 10
224.31332511657257
 20
-894.6082677371371
 10
224.2936033568347
 20
-894.5058390476187
 10
224.275140039694
 20
-894.4031760544626
 10
224.25793794565823
 20
-894.3002942183379
 10
224.24199966529937
 20
-894.1972090328705
 10
224.2273275988639
 20
-894.0939360223106
 10
224.213923955911
 20
-893.9904907391933
 10
224.20179075497998
 20
-893.886888761998
 10
224.19092982328635
 20
-893.7831456928013
 10
224.18134279644642
 20
-893.6792771549277
 10
224.17303111823117
 20
-893.5752987905971
 10
224.16599604034877
 20
-893.4712262585688
 10
224.1602386222561
 20
-893.367075231783
 10
224.15575973099908
 20
-893.2628613950016
 10
224.15256004108232
 20
-893.1586004424448
 10
224.1506400343673
 20
-893.0543080754286
 10
224.15000000000003
 20
-892.95
  0
LWPOLYLINE
  5
122
330
17
100
AcDbEntity
  8
20_ВИДИМЫЕ
100
AcDbPolyline
 90
5
 70
1
 10
231.65000000000003
 20
-901.365
 10
231.65000000000003
 20
-908.95
 10
233.65000000000003
 20
-908.95
 10
233.65000000000003
 20
-901.365
 10
231.65000000000003
 20
-901.365
  0
LWPOLYLINE
  5
123
330
17
100
AcDbEntity
  8
20_ВИДИМЫЕ
100
AcDbPolyline
 90
5
 70
1
 10
231.65000000000003
 20
-876.95
 10
231.65000000000003
 20
-884.535
 10
233.65000000000003
 20
-884.535
 10
233.65000000000003
 20
-876.95
 10
231.65000000000003
 20
-876.95
  0
LWPOLYLINE
  5
124
330
17
100
AcDbEntity
  8
20_ВИДИМЫЕ
100
AcDbPolyline
 90
257
 70
1
 10
241.75660171779822
 20
-903.5566017177982
 10
241.75705348975396
 20
-903.5197898750139
 10
241.75840853349047
 20
-903.4830002063071
 10
241.7606660327802
 20
-903.4462548723988
 10
241.76382462778997
 20
-903.4095760073039
 10
241.7678824159002
 20
-903.3729857049993
 10
241.7728369528511
 20
-903.3365060061152
 10
241.77868525421485
 20
-903.3001588846578
 10
241.7854237971934
 20
-903.263966234774
 10
241.79304852274043
 20
-903.2279498575629
 10
241.80155483800644
 20
-903.1921314479433
 10
241.81093761910506
 20
-903.1565325815859
 10
241.82119121419993
 20
-903.1211747019165
 10
241.8323094469087
 20
-903.0860791071999
 10
241.8442856200237
 20
-903.0512669377099
 10
241.85711251954615
 20
-903.0167591629958
 10
241.87078241903134
 20
-902.9825765692506
 10
241.88528708424298
 20
-902.9487397467907
 10
241.9006177781131
 20
-902.9152690776527
 10
241.91676526600497
 20
-902.8821847233163
 10
241.9337198212757
 20
-902.8495066125593
 10
241.9514712311352
 20
-902.8172544294536
 10
241.97000880279785
 20
-902.7854476015084
 10
241.9893213699237
 20
-902.7541052879676
 10
242.0093972993444
 20
-902.7232463682689
 10
242.03022449807088
 20
-902.6928894306715
 10
242.05179042057728
 20
-902.6630527610596
 10
242.0740820763583
 20
-902.6337543319273
 10
242.09708603775414
 20
-902.6050117915528
 10
242.12078844803852
 20
-902.5768424533676
 10
242.14517502976582
 20
-902.5492632855277
 10
242.17023109337106
 20
-902.5222909006926
 10
242.19594154601845
 20
-902.4959415460185
 10
242.22229090069266
 20
-902.470231093371
 10
242.24926328552772
 20
-902.4451750297658
 10
242.27684245336758
 20
-902.4207884480385
 10
242.30501179155277
 20
-902.3970860377541
 10
242.3337543319273
 20
-902.3740820763583
 10
242.36305276105958
 20
-902.3517904205772
 10
242.39288943067146
 20
-902.3302244980708
 10
242.42324636826885
 20
-902.3093972993444
 10
242.4541052879676
 20
-902.2893213699236
 10
242.48544760150844
 20
-902.2700088027977
 10
242.51725442945354
 20
-902.2514712311352
 10
242.54950661255924
 20
-902.2337198212757
 10
242.58218472331635
 20
-902.2167652660049
 10
242.61526907765284
 20
-902.200617778113
 10
242.64873974679074
 20
-902.1852870842429
 10
242.6825765692506
 20
-902.1707824190313
 10
242.71675916299574
 20
-902.1571125195461
 10
242.75126693770994
 20
-902.1442856200237
 10
242.7860791071999
 20
-902.1323094469087
 10
242.82117470191656
 20
-902.1211912141999
 10
242.8565325815859
 20
-902.110937619105
 10
242.89213144794337
 20
-902.1015548380065
 10
242.92794985756296
 20
-902.0930485227404
 10
242.96396623477403
 20
-902.0854237971934
 10
243.00015888465782
 20
-902.0786852542149
 10
243.0365060061152
 20
-902.072836952851
 10
243.07298570499944
 20
-902.0678824159002
 10
243.10957600730393
 20
-902.0638246277899
 10
243.14625487239874
 20
-902.0606660327802
 10
243.1830002063071
 20
-902.0584085334905
 10
243.21978987501387
 20
-902.0570534897539
 10
243.25660171779828
 20
-902.0566017177982
 10
243.29341356058262
 20
-902.0570534897539
 10
243.3302032292894
 20
-902.0584085334905
 10
243.36694856319775
 20
-902.0606660327802
 10
243.40362742829257
 20
-902.0638246277899
 10
243.44021773059706
 20
-902.0678824159002
 10
243.4766974294813
 20
-902.072836952851
 10
243.51304455093867
 20
-902.0786852542149
 10
243.54923720082246
 20
-902.0854237971934
 10
243.58525357803353
 20
-902.0930485227404
 10
243.62107198765312
 20
-902.1015548380065
 10
243.6566708540106
 20
-902.110937619105
 10
243.69202873367993
 20
-902.1211912141999
 10
243.7271243283966
 20
-902.1323094469087
 10
243.76193649788655
 20
-902.1442856200237
 10
243.79644427260075
 20
-902.1571125195461
 10
243.83062686634588
 20
-902.1707824190313
 10
243.86446368880576
 20
-902.1852870842429
 10
243.89793435794365
 20
-902.200617778113
 10
243.93101871228015
 20
-902.2167652660049
 10
243.96369682303725
 20
-902.2337198212757
 10
243.99594900614295
 20
-902.2514712311352
 10
244.02775583408805
 20
-902.2700088027977
 10
244.0590981476289
 20
-902.2893213699236
 10
244.08995706732765
 20
-902.3093972993444
 10
244.12031400492504
 20
-902.3302244980708
 10
244.15015067453692
 20
-902.3517904205772
 10
244.17944910366919
 20
-902.3740820763583
 10
244.20819164404372
 20
-902.3970860377541
 10
244.23636098222892
 20
-902.4207884480385
 10
244.26394015006878
 20
-902.4451750297658
 10
244.29091253490384
 20
-902.470231093371
 10
244.31726188957805
 20
-902.4959415460185
 10
244.34297234222544
 20
-902.5222909006926
 10
244.36802840583067
 20
-902.5492632855277
 10
244.39241498755797
 20
-902.5768424533676
 10
244.41611739784236
 20
-902.6050117915528
 10
244.43912135923813
 20
-902.6337543319273
 10
244.46141301501922
 20
-902.6630527610596
 10
244.48297893752562
 20
-902.6928894306715
 10
244.50380613625208
 20
-902.7232463682689
 10
244.5238820656728
 20
-902.7541052879676
 10
244.54319463279865
 20
-902.7854476015084
 10
244.5617322044613
 20
-902.8172544294536
 10
244.5794836143208
 20
-902.8495066125593
 10
244.59643816959152
 20
-902.8821847233163
 10
244.6125856574834
 20
-902.9152690776527
 10
244.62791635135352
 20
-902.9487397467907
 10
244.64242101656515
 20
-902.9825765692506
 10
244.65609091605035
 20
-903.0167591629958
 10
244.6689178155728
 20
-903.0512669377099
 10
244.68089398868779
 20
-903.0860791071999
 10
244.69201222139657
 20
-903.1211747019165
 10
244.70226581649143
 20
-903.1565325815859
 10
244.71164859759006
 20
-903.1921314479433
 10
244.72015491285606
 20
-903.2279498575629
 10
244.7277796384031
 20
-903.263966234774
 10
244.73451818138165
 20
-903.3001588846578
 10
244.7403664827454
 20
-903.3365060061152
 10
244.7453210196963
 20
-903.3729857049993
 10
244.74937880780652
 20
-903.4095760073039
 10
244.7525374028163
 20
-903.4462548723988
 10
244.75479490210603
 20
-903.4830002063071
 10
244.75614994584254
 20
-903.5197898750139
 10
244.75660171779828
 20
-903.5566017177982
 10
244.75614994584254
 20
-903.5934135605826
 10
244.75479490210603
 20
-903.6302032292894
 10
244.7525374028163
 20
-903.6669485631977
 10
244.74937880780652
 20
-903.7036274282925
 10
244.7453210196963
 20
-903.740217730597
 10
244.7403664827454
 20
-903.7766974294813
 10
244.73451818138165
 20
-903.8130445509387
 10
244.7277796384031
 20
-903.8492372008225
 10
244.72015491285606
 20
-903.8852535780335
 10
244.71164859759006
 20
-903.9210719876531
 10
244.70226581649143
 20
-903.9566708540106
 10
244.69201222139657
 20
-903.99202873368
 10
244.68089398868779
 20
-904.0271243283966
 10
244.6689178155728
 20
-904.0619364978866
 10
244.65609091605035
 20
-904.0964442726007
 10
244.64242101656515
 20
-904.1306268663459
 10
244.62791635135352
 20
-904.1644636888057
 10
244.6125856574834
 20
-904.1979343579436
 10
244.59643816959152
 20
-904.2310187122802
 10
244.5794836143208
 20
-904.2636968230372
 10
244.5617322044613
 20
-904.2959490061429
 10
244.54319463279865
 20
-904.3277558340881
 10
244.5238820656728
 20
-904.3590981476289
 10
244.50380613625208
 20
-904.3899570673276
 10
244.48297893752562
 20
-904.420314004925
 10
244.46141301501922
 20
-904.4501506745369
 10
244.43912135923813
 20
-904.4794491036691
 10
244.41611739784236
 20
-904.5081916440437
 10
244.39241498755797
 20
-904.5363609822289
 10
244.36802840583067
 20
-904.5639401500688
 10
244.34297234222544
 20
-904.5909125349039
 10
244.31726188957805
 20
-904.617261889578
 10
244.29091253490384
 20
-904.6429723422254
 10
244.26394015006878
 20
-904.6680284058307
 10
244.23636098222892
 20
-904.692414987558
 10
244.20819164404372
 20
-904.7161173978424
 10
244.17944910366919
 20
-904.7391213592381
 10
244.15015067453692
 20
-904.7614130150192
 10
244.12031400492504
 20
-904.7829789375256
 10
244.08995706732765
 20
-904.803806136252
 10
244.0590981476289
 20
-904.8238820656728
 10
244.02775583408805
 20
-904.8431946327986
 10
243.99594900614295
 20
-904.8617322044613
 10
243.96369682303725
 20
-904.8794836143207
 10
243.93101871228015
 20
-904.8964381695915
 10
243.89793435794365
 20
-904.9125856574834
 10
243.86446368880576
 20
-904.9279163513535
 10
243.83062686634588
 20
-904.9424210165652
 10
243.79644427260075
 20
-904.9560909160504
 10
243.76193649788655
 20
-904.9689178155727
 10
243.7271243283966
 20
-904.9808939886877
 10
243.69202873367993
 20
-904.9920122213965
 10
243.6566708540106
 20
-905.0022658164913
 10
243.62107198765312
 20
-905.01164859759
 10
243.58525357803353
 20
-905.020154912856
 10
243.54923720082246
 20
-905.0277796384031
 10
243.51304455093867
 20
-905.0345181813816
 10
243.4766974294813
 20
-905.0403664827454
 10
243.44021773059706
 20
-905.0453210196963
 10
243.40362742829257
 20
-905.0493788078065
 10
243.36694856319775
 20
-905.0525374028163
 10
243.3302032292894
 20
-905.054794902106
 10
243.29341356058262
 20
-905.0561499458425
 10
243.25660171779828
 20
-905.0566017177982
 10
243.21978987501387
 20
-905.0561499458425
 10
243.1830002063071
 20
-905.054794902106
 10
243.14625487239874
 20
-905.0525374028163
 10
243.10957600730393
 20
-905.0493788078065
 10
243.07298570499944
 20
-905.0453210196963
 10
243.0365060061152
 20
-905.0403664827454
 10
243.00015888465782
 20
-905.0345181813816
 10
242.96396623477403
 20
-905.0277796384031
 10
242.92794985756296
 20
-905.020154912856
 10
242.89213144794337
 20
-905.01164859759
 10
242.8565325815859
 20
-905.0022658164913
 10
242.82117470191656
 20
-904.9920122213965
 10
242.7860791071999
 20
-904.9808939886877
 10
242.75126693770994
 20
-904.9689178155727
 10
242.71675916299574
 20
-904.9560909160504
 10
242.6825765692506
 20
-904.9424210165652
 10
242.64873974679074
 20
-904.9279163513535
 10
242.61526907765284
 20
-904.9125856574834
 10
242.58218472331635
 20
-904.8964381695915
 10
242.54950661255924
 20
-904.8794836143207
 10
242.51725442945354
 20
-904.8617322044613
 10
242.48544760150844
 20
-904.8431946327986
 10
242.4541052879676
 20
-904.8238820656728
 10
242.42324636826885
 20
-904.803806136252
 10
242.39288943067146
 20
-904.7829789375256
 10
242.36305276105958
 20
-904.7614130150192
 10
242.3337543319273
 20
-904.7391213592381
 10
242.30501179155277
 20
-904.7161173978424
 10
242.27684245336758
 20
-904.692414987558
 10
242.24926328552772
 20
-904.6680284058307
 10
242.22229090069266
 20
-904.6429723422254
 10
242.19594154601845
 20
-904.617261889578
 10
242.17023109337106
 20
-904.5909125349039
 10
242.14517502976582
 20
-904.5639401500688
 10
242.12078844803852
 20
-904.5363609822289
 10
242.09708603775414
 20
-904.5081916440437
 10
242.0740820763583
 20
-904.4794491036691
 10
242.05179042057728
 20
-904.4501506745369
 10
242.03022449807088
 20
-904.420314004925
 10
242.0093972993444
 20
-904.3899570673276
 10
241.9893213699237
 20
-904.3590981476289
 10
241.97000880279785
 20
-904.3277558340881
 10
241.9514712311352
 20
-904.2959490061429
 10
241.9337198212757
 20
-904.2636968230372
 10
241.91676526600497
 20
-904.2310187122802
 10
241.9006177781131
 20
-904.1979343579436
 10
241.88528708424298
 20
-904.1644636888057
 10
241.87078241903134
 20
-904.1306268663459
 10
241.85711251954615
 20
-904.0964442726007
 10
241.8442856200237
 20
-904.0619364978866
 10
241.8323094469087
 20
-904.0271243283966
 10
241.82119121419993
 20
-903.99202873368
 10
241.81093761910506
 20
-903.9566708540106
 10
241.80155483800644
 20
-903.9210719876531
 10
241.79304852274043
 20
-903.8852535780335
 10
241.7854237971934
 20
-903.8492372008225
 10
241.77868525421485
 20
-903.8130445509387
 10
241.7728369528511
 20
-903.7766974294813
 10
241.7678824159002
 20
-903.740217730597
 10
241.76382462778997
 20
-903.7036274282925
 10
241.7606660327802
 20
-903.6669485631977
 10
241.75840853349047
 20
-903.6302032292894
 10
241.75705348975396
 20
-903.5934135605826
 10
241.75660171779822
 20
-903.5566017177982
  0
LWPOLYLINE
  5
125
330
17
100
AcDbEntity
  8
20_ВИДИМЫЕ
100
AcDbPolyline
 90
129
 70
1
 10
242.73160171779824
 20
-903.5566017177982
 10
242.73223410329052
 20
-903.5308411887763
 10
242.73412973629536
 20
-903.5051427191252
 10
242.73728405006676
 20
-903.4795682187091
 10
242.74168944558653
 20
-903.4541792987397
 10
242.74733530987112
 20
-903.429037123349
 10
242.75420804153885
 20
-903.4042022622397
 10
242.76229108357717
 20
-903.3797345447673
 10
242.77156496322982
 20
-903.3556929158066
 10
242.78200733890844
 20
-903.3321352937473
 10
242.79359305401533
 20
-903.3091184309645
 10
242.80629419754808
 20
-903.2866977770968
 10
242.82008017133938
 20
-903.2649273454629
 10
242.83491776377093
 20
-903.2438595829396
 10
242.85077122978282
 20
-903.2235452436123
 10
242.8676023769869
 20
-903.2040332665035
 10
242.8853706576753
 20
-903.1853706576753
 10
242.90403326650357
 20
-903.1676023769869
 10
242.92354524361235
 20
-903.1507712297828
 10
242.9438595829397
 20
-903.1349177637709
 10
242.96492734546297
 20
-903.1200801713394
 10
242.98669777709682
 20
-903.1062941975481
 10
243.00911843096458
 20
-903.0935930540153
 10
243.03213529374733
 20
-903.0820073389084
 10
243.05569291580656
 20
-903.0715649632298
 10
243.07973454476735
 20
-903.0622910835772
 10
243.10420226223965
 20
-903.0542080415388
 10
243.129037123349
 20
-903.0473353098711
 10
243.1541792987398
 20
-903.0416894455865
 10
243.17956821870916
 20
-903.0372840500667
 10
243.2051427191252
 20
-903.0341297362953
 10
243.23084118877637
 20
-903.0322341032905
 10
243.25660171779828
 20
-903.0316017177983
 10
243.28236224682013
 20
-903.0322341032905
 10
243.3080607164713
 20
-903.0341297362953
 10
243.33363521688733
 20
-903.0372840500667
 10
243.3590241368567
 20
-903.0416894455865
 10
243.3841663122475
 20
-903.0473353098711
 10
243.40900117335684
 20
-903.0542080415388
 10
243.43346889082915
 20
-903.0622910835772
 10
243.45751051978993
 20
-903.0715649632298
 10
243.48106814184916
 20
-903.0820073389084
 10
243.50408500463192
 20
-903.0935930540153
 10
243.52650565849967
 20
-903.1062941975481
 10
243.54827609013353
 20
-903.1200801713394
 10
243.5693438526568
 20
-903.1349177637709
 10
243.58965819198414
 20
-903.1507712297828
 10
243.60917016909292
 20
-903.1676023769869
 10
243.62783277792118
 20
-903.1853706576753
 10
243.6456010586096
 20
-903.2040332665035
 10
243.66243220581367
 20
-903.2235452436123
 10
243.67828567182556
 20
-903.2438595829396
 10
243.6931232642571
 20
-903.2649273454629
 10
243.7069092380484
 20
-903.2866977770968
 10
243.7196103815811
 20
-903.3091184309645
 10
243.73119609668805
 20
-903.3321352937473
 10
243.74163847236667
 20
-903.3556929158066
 10
243.75091235201933
 20
-903.3797345447673
 10
243.75899539405765
 20
-903.4042022622397
 10
243.76586812572538
 20
-903.429037123349
 10
243.77151399000996
 20
-903.4541792987397
 10
243.77591938552973
 20
-903.4795682187091
 10
243.77907369930114
 20
-903.5051427191252
 10
243.78096933230597
 20
-903.5308411887763
 10
243.78160171779825
 20
-903.5566017177982
 10
243.78096933230597
 20
-903.5823622468201
 10
243.77907369930114
 20
-903.6080607164713
 10
243.77591938552973
 20
-903.6336352168873
 10
243.77151399000996
 20
-903.6590241368567
 10
243.76586812572538
 20
-903.6841663122474
 10
243.75899539405765
 20
-903.7090011733568
 10
243.75091235201933
 20
-903.7334688908292
 10
243.74163847236667
 20
-903.7575105197899
 10
243.73119609668805
 20
-903.7810681418491
 10
243.7196103815811
 20
-903.8040850046318
 10
243.7069092380484
 20
-903.8265056584996
 10
243.6931232642571
 20
-903.8482760901335
 10
243.67828567182556
 20
-903.8693438526567
 10
243.66243220581367
 20
-903.8896581919842
 10
243.6456010586096
 20
-903.9091701690929
 10
243.62783277792118
 20
-903.9278327779211
 10
243.60917016909292
 20
-903.9456010586096
 10
243.58965819198414
 20
-903.9624322058137
 10
243.5693438526568
 20
-903.9782856718256
 10
243.54827609013353
 20
-903.9931232642571
 10
243.52650565849967
 20
-904.0069092380484
 10
243.50408500463192
 20
-904.0196103815811
 10
243.48106814184916
 20
-904.0311960966881
 10
243.45751051978993
 20
-904.0416384723667
 10
243.43346889082915
 20
-904.0509123520193
 10
243.40900117335684
 20
-904.0589953940577
 10
243.3841663122475
 20
-904.0658681257254
 10
243.3590241368567
 20
-904.0715139900099
 10
243.33363521688733
 20
-904.0759193855297
 10
243.3080607164713
 20
-904.0790736993011
 10
243.28236224682013
 20
-904.0809693323059
 10
243.25660171779828
 20
-904.0816017177982
 10
243.23084118877637
 20
-904.0809693323059
 10
243.2051427191252
 20
-904.0790736993011
 10
243.17956821870916
 20
-904.0759193855297
 10
243.1541792987398
 20
-904.0715139900099
 10
243.129037123349
 20
-904.0658681257254
 10
243.10420226223965
 20
-904.0589953940577
 10
243.07973454476735
 20
-904.0509123520193
 10
243.05569291580656
 20
-904.0416384723667
 10
243.03213529374733
 20
-904.0311960966881
 10
243.00911843096458
 20
-904.0196103815811
 10
242.98669777709682
 20
-904.0069092380484
 10
242.96492734546297
 20
-903.9931232642571
 10
242.9438595829397
 20
-903.9782856718256
 10
242.92354524361235
 20
-903.9624322058137
 10
242.90403326650357
 20
-903.9456010586096
 10
242.8853706576753
 20
-903.9278327779211
 10
242.8676023769869
 20
-903.9091701690929
 10
242.85077122978282
 20
-903.8896581919842
 10
242.83491776377093
 20
-903.8693438526567
 10
242.82008017133938
 20
-903.8482760901335
 10
242.80629419754808
 20
-903.8265056584996
 10
242.79359305401533
 20
-903.8040850046318
 10
242.78200733890844
 20
-903.7810681418491
 10
242.77156496322982
 20
-903.7575105197899
 10
242.76229108357717
 20
-903.7334688908292
 10
242.75420804153885
 20
-903.7090011733568
 10
242.74733530987112
 20
-903.6841663122474
 10
242.74168944558653
 20
-903.6590241368567
 10
242.73728405006676
 20
-903.6336352168873
 10
242.73412973629536
 20
-903.6080607164713
 10
242.73223410329052
 20
-903.5823622468201
 10
242.73160171779824
 20
-903.5566017177982
  0
LWPOLYLINE
  5
126
330
17
100
AcDbEntity
  8
20_ВИДИМЫЕ
100
AcDbPolyline
 90
257
 70
1
 10
241.75660171779828
 20
-882.3433982822017
 10
241.75705348975396
 20
-882.3065864394174
 10
241.75840853349047
 20
-882.2697967707106
 10
241.7606660327802
 20
-882.2330514368023
 10
241.76382462778997
 20
-882.1963725717075
 10
241.7678824159002
 20
-882.159782269403
 10
241.7728369528511
 20
-882.1233025705187
 10
241.77868525421485
 20
-882.0869554490613
 10
241.7854237971934
 20
-882.0507627991776
 10
241.79304852274043
 20
-882.0147464219665
 10
241.80155483800644
 20
-881.9789280123468
 10
241.81093761910506
 20
-881.9433291459894
 10
241.82119121419993
 20
-881.9079712663201
 10
241.8323094469087
 20
-881.8728756716034
 10
241.8442856200237
 20
-881.8380635021134
 10
241.85711251954615
 20
-881.8035557273993
 10
241.87078241903134
 20
-881.7693731336542
 10
241.88528708424298
 20
-881.7355363111943
 10
241.9006177781131
 20
-881.7020656420564
 10
241.91676526600497
 20
-881.6689812877198
 10
241.9337198212757
 20
-881.6363031769628
 10
241.9514712311352
 20
-881.6040509938571
 10
241.97000880279785
 20
-881.5722441659119
 10
241.9893213699237
 20
-881.5409018523711
 10
242.0093972993444
 20
-881.5100429326724
 10
242.03022449807088
 20
-881.479685995075
 10
242.05179042057728
 20
-881.4498493254631
 10
242.07408207635837
 20
-881.4205508963308
 10
242.09708603775414
 20
-881.3918083559563
 10
242.12078844803852
 20
-881.3636390177711
 10
242.14517502976582
 20
-881.3360598499313
 10
242.17023109337106
 20
-881.3090874650961
 10
242.19594154601845
 20
-881.282738110422
 10
242.22229090069266
 20
-881.2570276577746
 10
242.24926328552772
 20
-881.2319715941694
 10
242.27684245336758
 20
-881.2075850124421
 10
242.30501179155277
 20
-881.1838826021577
 10
242.3337543319273
 20
-881.1608786407619
 10
242.36305276105958
 20
-881.1385869849809
 10
242.39288943067146
 20
-881.1170210624744
 10
242.42324636826885
 20
-881.096193863748
 10
242.4541052879676
 20
-881.0761179343273
 10
242.48544760150844
 20
-881.0568053672014
 10
242.5172544294536
 20
-881.0382677955388
 10
242.54950661255924
 20
-881.0205163856792
 10
242.58218472331635
 20
-881.0035618304086
 10
242.61526907765284
 20
-880.9874143425167
 10
242.64873974679074
 20
-880.9720836486465
 10
242.6825765692506
 20
-880.9575789834348
 10
242.71675916299574
 20
-880.9439090839496
 10
242.75126693770994
 20
-880.9310821844273
 10
242.7860791071999
 20
-880.9191060113122
 10
242.82117470191656
 20
-880.9079877786035
 10
242.8565325815859
 20
-880.8977341835086
 10
242.89213144794337
 20
-880.88835140241
 10
242.92794985756296
 20
-880.879845087144
 10
242.96396623477403
 20
-880.872220361597
 10
243.00015888465782
 20
-880.8654818186184
 10
243.0365060061152
 20
-880.8596335172547
 10
243.07298570499944
 20
-880.8546789803038
 10
243.10957600730393
 20
-880.8506211921936
 10
243.14625487239874
 20
-880.8474625971837
 10
243.1830002063071
 20
-880.845205097894
 10
243.21978987501387
 20
-880.8438500541574
 10
243.25660171779828
 20
-880.8433982822017
 10
243.29341356058262
 20
-880.8438500541574
 10
243.3302032292894
 20
-880.845205097894
 10
243.36694856319775
 20
-880.8474625971837
 10
243.40362742829257
 20
-880.8506211921936
 10
243.44021773059706
 20
-880.8546789803038
 10
243.4766974294813
 20
-880.8596335172547
 10
243.51304455093873
 20
-880.8654818186184
 10
243.54923720082246
 20
-880.872220361597
 10
243.58525357803353
 20
-880.879845087144
 10
243.62107198765312
 20
-880.88835140241
 10
243.6566708540106
 20
-880.8977341835086
 10
243.69202873367993
 20
-880.9079877786035
 10
243.7271243283966
 20
-880.9191060113122
 10
243.7619364978866
 20
-880.9310821844273
 10
243.79644427260075
 20
-880.9439090839496
 10
243.83062686634588
 20
-880.9575789834348
 10
243.86446368880576
 20
-880.9720836486465
 10
243.89793435794365
 20
-880.9874143425167
 10
243.93101871228015
 20
-881.0035618304086
 10
243.96369682303725
 20
-881.0205163856792
 10
243.99594900614295
 20
-881.0382677955388
 10
244.0277558340881
 20
-881.0568053672014
 10
244.0590981476289
 20
-881.0761179343273
 10
244.08995706732765
 20
-881.096193863748
 10
244.12031400492504
 20
-881.1170210624744
 10
244.15015067453692
 20
-881.1385869849809
 10
244.17944910366919
 20
-881.1608786407619
 10
244.20819164404372
 20
-881.1838826021577
 10
244.23636098222892
 20
-881.2075850124421
 10
244.26394015006878
 20
-881.2319715941694
 10
244.29091253490384
 20
-881.2570276577746
 10
244.31726188957805
 20
-881.282738110422
 10
244.34297234222544
 20
-881.3090874650961
 10
244.36802840583067
 20
-881.3360598499313
 10
244.39241498755797
 20
-881.3636390177711
 10
244.41611739784236
 20
-881.3918083559563
 10
244.43912135923813
 20
-881.4205508963308
 10
244.46141301501922
 20
-881.4498493254631
 10
244.48297893752562
 20
-881.479685995075
 10
244.50380613625208
 20
-881.5100429326724
 10
244.5238820656728
 20
-881.5409018523711
 10
244.54319463279865
 20
-881.5722441659119
 10
244.5617322044613
 20
-881.6040509938571
 10
244.5794836143208
 20
-881.6363031769628
 10
244.59643816959152
 20
-881.6689812877198
 10
244.6125856574834
 20
-881.7020656420564
 10
244.62791635135352
 20
-881.7355363111943
 10
244.6424210165652
 20
-881.7693731336542
 10
244.65609091605035
 20
-881.8035557273993
 10
244.6689178155728
 20
-881.8380635021134
 10
244.68089398868779
 20
-881.8728756716034
 10
244.69201222139657
 20
-881.9079712663201
 10
244.70226581649143
 20
-881.9433291459894
 10
244.71164859759006
 20
-881.9789280123468
 10
244.72015491285606
 20
-882.0147464219665
 10
244.7277796384031
 20
-882.0507627991776
 10
244.73451818138165
 20
-882.0869554490613
 10
244.7403664827454
 20
-882.1233025705187
 10
244.7453210196963
 20
-882.159782269403
 10
244.74937880780652
 20
-882.1963725717075
 10
244.7525374028163
 20
-882.2330514368023
 10
244.75479490210603
 20
-882.2697967707106
 10
244.75614994584254
 20
-882.3065864394174
 10
244.75660171779828
 20
-882.3433982822017
 10
244.75614994584254
 20
-882.3802101249862
 10
244.75479490210603
 20
-882.4169997936929
 10
244.7525374028163
 20
-882.4537451276013
 10
244.74937880780652
 20
-882.4904239926962
 10
244.7453210196963
 20
-882.5270142950006
 10
244.7403664827454
 20
-882.5634939938848
 10
244.73451818138165
 20
-882.5998411153422
 10
244.7277796384031
 20
-882.636033765226
 10
244.72015491285606
 20
-882.6720501424371
 10
244.71164859759006
 20
-882.7078685520567
 10
244.70226581649143
 20
-882.7434674184142
 10
244.69201222139657
 20
-882.7788252980835
 10
244.68089398868779
 20
-882.8139208928001
 10
244.6689178155728
 20
-882.8487330622901
 10
244.65609091605035
 20
-882.8832408370042
 10
244.6424210165652
 20
-882.9174234307494
 10
244.62791635135352
 20
-882.9512602532093
 10
244.6125856574834
 20
-882.9847309223472
 10
244.59643816959152
 20
-883.0178152766837
 10
244.5794836143208
 20
-883.0504933874408
 10
244.5617322044613
 20
-883.0827455705464
 10
244.54319463279865
 20
-883.1145523984916
 10
244.5238820656728
 20
-883.1458947120325
 10
244.50380613625208
 20
-883.1767536317312
 10
244.48297893752562
 20
-883.2071105693285
 10
244.46141301501922
 20
-883.2369472389405
 10
244.43912135923813
 20
-883.2662456680728
 10
244.41611739784236
 20
-883.2949882084472
 10
244.39241498755797
 20
-883.3231575466325
 10
244.36802840583067
 20
-883.3507367144723
 10
244.34297234222544
 20
-883.3777090993074
 10
244.31726188957805
 20
-883.4040584539816
 10
244.29091253490384
 20
-883.429768906629
 10
244.26394015006878
 20
-883.4548249702342
 10
244.23636098222892
 20
-883.4792115519615
 10
244.20819164404372
 20
-883.5029139622459
 10
244.17944910366919
 20
-883.5259179236417
 10
244.15015067453692
 20
-883.5482095794227
 10
244.12031400492504
 20
-883.5697755019291
 10
244.08995706732765
 20
-883.5906027006556
 10
244.0590981476289
 20
-883.6106786300763
 10
244.0277558340881
 20
-883.6299911972022
 10
243.99594900614295
 20
-883.6485287688648
 10
243.96369682303725
 20
-883.6662801787243
 10
243.93101871228015
 20
-883.683234733995
 10
243.89793435794365
 20
-883.6993822218869
 10
243.86446368880576
 20
-883.7147129157571
 10
243.83062686634588
 20
-883.7292175809687
 10
243.79644427260075
 20
-883.7428874804539
 10
243.7619364978866
 20
-883.7557143799763
 10
243.7271243283966
 20
-883.7676905530914
 10
243.69202873367993
 20
-883.7788087858002
 10
243.6566708540106
 20
-883.789062380895
 10
243.62107198765312
 20
-883.7984451619936
 10
243.58525357803353
 20
-883.8069514772596
 10
243.54923720082246
 20
-883.8145762028066
 10
243.51304455093873
 20
-883.8213147457852
 10
243.4766974294813
 20
-883.8271630471489
 10
243.44021773059706
 20
-883.8321175840998
 10
243.40362742829257
 20
-883.83617537221
 10
243.36694856319775
 20
-883.8393339672198
 10
243.3302032292894
 20
-883.8415914665095
 10
243.29341356058262
 20
-883.8429465102461
 10
243.25660171779828
 20
-883.8433982822017
 10
243.21978987501387
 20
-883.8429465102461
 10
243.1830002063071
 20
-883.8415914665095
 10
243.14625487239874
 20
-883.8393339672198
 10
243.10957600730393
 20
-883.83617537221
 10
243.07298570499944
 20
-883.8321175840998
 10
243.0365060061152
 20
-883.8271630471489
 10
243.00015888465782
 20
-883.8213147457852
 10
242.96396623477403
 20
-883.8145762028066
 10
242.92794985756296
 20
-883.8069514772596
 10
242.89213144794337
 20
-883.7984451619936
 10
242.8565325815859
 20
-883.789062380895
 10
242.82117470191656
 20
-883.7788087858002
 10
242.7860791071999
 20
-883.7676905530914
 10
242.75126693770994
 20
-883.7557143799763
 10
242.71675916299574
 20
-883.7428874804539
 10
242.6825765692506
 20
-883.7292175809687
 10
242.64873974679074
 20
-883.7147129157571
 10
242.61526907765284
 20
-883.6993822218869
 10
242.58218472331635
 20
-883.683234733995
 10
242.54950661255924
 20
-883.6662801787243
 10
242.5172544294536
 20
-883.6485287688648
 10
242.48544760150844
 20
-883.6299911972022
 10
242.4541052879676
 20
-883.6106786300763
 10
242.42324636826885
 20
-883.5906027006556
 10
242.39288943067146
 20
-883.5697755019291
 10
242.36305276105958
 20
-883.5482095794227
 10
242.3337543319273
 20
-883.5259179236417
 10
242.30501179155277
 20
-883.5029139622459
 10
242.27684245336758
 20
-883.4792115519615
 10
242.24926328552772
 20
-883.4548249702342
 10
242.22229090069266
 20
-883.429768906629
 10
242.19594154601845
 20
-883.4040584539816
 10
242.17023109337106
 20
-883.3777090993074
 10
242.14517502976582
 20
-883.3507367144723
 10
242.12078844803852
 20
-883.3231575466325
 10
242.09708603775414
 20
-883.2949882084472
 10
242.07408207635837
 20
-883.2662456680728
 10
242.05179042057728
 20
-883.2369472389405
 10
242.03022449807088
 20
-883.2071105693285
 10
242.0093972993444
 20
-883.1767536317312
 10
241.9893213699237
 20
-883.1458947120325
 10
241.97000880279785
 20
-883.1145523984916
 10
241.9514712311352
 20
-883.0827455705464
 10
241.9337198212757
 20
-883.0504933874408
 10
241.91676526600497
 20
-883.0178152766837
 10
241.9006177781131
 20
-882.9847309223472
 10
241.88528708424298
 20
-882.9512602532093
 10
241.87078241903134
 20
-882.9174234307494
 10
241.85711251954615
 20
-882.8832408370042
 10
241.8442856200237
 20
-882.8487330622901
 10
241.8323094469087
 20
-882.8139208928001
 10
241.82119121419993
 20
-882.7788252980835
 10
241.81093761910506
 20
-882.7434674184142
 10
241.80155483800644
 20
-882.7078685520567
 10
241.79304852274043
 20
-882.6720501424371
 10
241.7854237971934
 20
-882.636033765226
 10
241.77868525421485
 20
-882.5998411153422
 10
241.7728369528511
 20
-882.5634939938848
 10
241.7678824159002
 20
-882.5270142950006
 10
241.76382462778997
 20
-882.4904239926962
 10
241.7606660327802
 20
-882.4537451276013
 10
241.75840853349047
 20
-882.4169997936929
 10
241.75705348975396
 20
-882.3802101249862
 10
241.75660171779828
 20
-882.3433982822017
  0
LWPOLYLINE
  5
127
330
17
100
AcDbEntity
  8
20_ВИДИМЫЕ
100
AcDbPolyline
 90
129
 70
1
 10
242.73160171779824
 20
-882.3433982822017
 10
242.73223410329052
 20
-882.31763775318
 10
242.73412973629536
 20
-882.2919392835288
 10
242.73728405006676
 20
-882.2663647831127
 10
242.74168944558653
 20
-882.2409758631434
 10
242.74733530987112
 20
-882.2158336877526
 10
242.75420804153885
 20
-882.1909988266432
 10
242.76229108357717
 20
-882.1665311091708
 10
242.77156496322982
 20
-882.1424894802101
 10
242.78200733890844
 20
-882.1189318581509
 10
242.7935930540154
 20
-882.0959149953682
 10
242.80629419754808
 20
-882.0734943415003
 10
242.82008017133944
 20
-882.0517239098665
 10
242.83491776377093
 20
-882.0306561473433
 10
242.85077122978282
 20
-882.0103418080159
 10
242.8676023769869
 20
-881.9908298309072
 10
242.8853706576753
 20
-881.9721672220788
 10
242.90403326650357
 20
-881.9543989413904
 10
242.92354524361235
 20
-881.9375677941864
 10
242.9438595829397
 20
-881.9217143281744
 10
242.96492734546297
 20
-881.9068767357429
 10
242.98669777709682
 20
-881.8930907619516
 10
243.00911843096458
 20
-881.8803896184189
 10
243.03213529374733
 20
-881.868803903312
 10
243.05569291580656
 20
-881.8583615276334
 10
243.07973454476735
 20
-881.8490876479807
 10
243.10420226223965
 20
-881.8410046059423
 10
243.129037123349
 20
-881.8341318742746
 10
243.1541792987398
 20
-881.8284860099901
 10
243.17956821870916
 20
-881.8240806144703
 10
243.2051427191252
 20
-881.8209263006988
 10
243.23084118877637
 20
-881.819030667694
 10
243.25660171779828
 20
-881.8183982822018
 10
243.28236224682013
 20
-881.819030667694
 10
243.3080607164713
 20
-881.8209263006988
 10
243.33363521688733
 20
-881.8240806144703
 10
243.3590241368567
 20
-881.8284860099901
 10
243.3841663122475
 20
-881.8341318742746
 10
243.40900117335684
 20
-881.8410046059423
 10
243.43346889082915
 20
-881.8490876479807
 10
243.45751051978993
 20
-881.8583615276334
 10
243.48106814184916
 20
-881.868803903312
 10
243.50408500463192
 20
-881.8803896184189
 10
243.52650565849967
 20
-881.8930907619516
 10
243.54827609013353
 20
-881.9068767357429
 10
243.5693438526568
 20
-881.9217143281744
 10
243.58965819198414
 20
-881.9375677941864
 10
243.60917016909292
 20
-881.9543989413904
 10
243.62783277792118
 20
-881.9721672220788
 10
243.6456010586096
 20
-881.9908298309072
 10
243.66243220581367
 20
-882.0103418080159
 10
243.67828567182556
 20
-882.0306561473433
 10
243.6931232642571
 20
-882.0517239098665
 10
243.7069092380484
 20
-882.0734943415003
 10
243.71961038158116
 20
-882.0959149953682
 10
243.73119609668805
 20
-882.1189318581509
 10
243.74163847236667
 20
-882.1424894802101
 10
243.75091235201933
 20
-882.1665311091708
 10
243.75899539405765
 20
-882.1909988266432
 10
243.76586812572538
 20
-882.2158336877526
 10
243.77151399000996
 20
-882.2409758631434
 10
243.77591938552973
 20
-882.2663647831127
 10
243.77907369930114
 20
-882.2919392835288
 10
243.78096933230597
 20
-882.31763775318
 10
243.78160171779825
 20
-882.3433982822017
 10
243.78096933230597
 20
-882.3691588112237
 10
243.77907369930114
 20
-882.3948572808748
 10
243.77591938552973
 20
-882.4204317812909
 10
243.77151399000996
 20
-882.4458207012602
 10
243.76586812572538
 20
-882.470962876651
 10
243.75899539405765
 20
-882.4957977377604
 10
243.75091235201933
 20
-882.5202654552327
 10
243.74163847236667
 20
-882.5443070841934
 10
243.73119609668805
 20
-882.5678647062527
 10
243.71961038158116
 20
-882.5908815690354
 10
243.7069092380484
 20
-882.6133022229033
 10
243.6931232642571
 20
-882.6350726545371
 10
243.67828567182556
 20
-882.6561404170603
 10
243.66243220581367
 20
-882.6764547563877
 10
243.6456010586096
 20
-882.6959667334964
 10
243.62783277792118
 20
-882.7146293423248
 10
243.60917016909292
 20
-882.7323976230132
 10
243.58965819198414
 20
-882.7492287702172
 10
243.5693438526568
 20
-882.7650822362291
 10
243.54827609013353
 20
-882.7799198286606
 10
243.52650565849967
 20
-882.793705802452
 10
243.50408500463192
 20
-882.8064069459847
 10
243.48106814184916
 20
-882.8179926610916
 10
243.45751051978993
 20
-882.8284350367702
 10
243.43346889082915
 20
-882.8377089164229
 10
243.40900117335684
 20
-882.8457919584612
 10
243.3841663122475
 20
-882.8526646901289
 10
243.3590241368567
 20
-882.8583105544135
 10
243.33363521688733
 20
-882.8627159499333
 10
243.3080607164713
 20
-882.8658702637047
 10
243.28236224682013
 20
-882.8677658967094
 10
243.25660171779828
 20
-882.8683982822018
 10
243.23084118877637
 20
-882.8677658967094
 10
243.2051427191252
 20
-882.8658702637047
 10
243.17956821870916
 20
-882.8627159499333
 10
243.1541792987398
 20
-882.8583105544135
 10
243.129037123349
 20
-882.8526646901289
 10
243.10420226223965
 20
-882.8457919584612
 10
243.07973454476735
 20
-882.8377089164229
 10
243.05569291580656
 20
-882.8284350367702
 10
243.03213529374733
 20
-882.8179926610916
 10
243.00911843096458
 20
-882.8064069459847
 10
242.98669777709682
 20
-882.793705802452
 10
242.96492734546297
 20
-882.7799198286606
 10
242.9438595829397
 20
-882.7650822362291
 10
242.92354524361235
 20
-882.7492287702172
 10
242.90403326650357
 20
-882.7323976230132
 10
242.8853706576753
 20
-882.7146293423248
 10
242.8676023769869
 20
-882.6959667334964
 10
242.85077122978282
 20
-882.6764547563877
 10
242.83491776377093
 20
-882.6561404170603
 10
242.82008017133944
 20
-882.6350726545371
 10
242.80629419754808
 20
-882.6133022229033
 10
242.7935930540154
 20
-882.5908815690354
 10
242.78200733890844
 20
-882.5678647062527
 10
242.77156496322982
 20
-882.5443070841934
 10
242.76229108357717
 20
-882.5202654552327
 10
242.75420804153885
 20
-882.4957977377604
 10
242.74733530987112
 20
-882.470962876651
 10
242.74168944558653
 20
-882.4458207012602
 10
242.73728405006676
 20
-882.4204317812909
 10
242.73412973629536
 20
-882.3948572808748
 10
242.73223410329052
 20
-882.3691588112237
 10
242.73160171779824
 20
-882.3433982822017
  0
LWPOLYLINE
  5
128
330
17
100
AcDbEntity
  8
20_ВИДИМЫЕ
100
AcDbPolyline
 90
259
 70
1
 10
235.72116956271645
 20
-890.050873425781
 10
235.79229625554956
 20
-890.0534931770051
 10
235.8633372344391
 20
-890.0578576756318
 10
235.93424970695577
 20
-890.0639642926507
 10
236.00499095807777
 20
-890.0718093496637
 10
236.07551837592058
 20
-890.0813881211021
 10
236.1457894774049
 20
-890.092694837072
 10
236.2157619338468
 20
-890.1057226868306
 10
236.28539359645498
 20
-890.1204638228883
 10
236.35464252171948
 20
-890.1369093657358
 10
236.42346699667723
 20
-890.1550494091932
 10
236.49182556403798
 20
-890.1748730263766
 10
236.5596770471568
 20
-890.1963682762802
 10
236.6269805748375
 20
-890.2195222109692
 10
236.69369560595152
 20
-890.2443208833793
 10
236.7597819538588
 20
-890.2707493557173
 10
236.8251998106145
 20
-890.2987917084597
 10
236.88990977094784
 20
-890.328431049942
 10
236.95387285599838
 20
-890.359649526533
 10
237.0170505367954
 20
-890.3924283333897
 10
237.07940475746642
 20
-890.4267477257847
 10
237.1408979581604
 20
-890.4625870309992
 10
237.2014930976726
 20
-890.4999246607758
 10
237.26115367575687
 20
-890.5387381243227
 10
237.31984375511178
 20
-890.5790040418605
 10
237.37752798302807
 20
-890.6206981587061
 10
237.43417161268383
 20
-890.6637953598829
 10
237.4897405240746
 20
-890.7082696852481
 10
237.544201244566
 20
-890.7540943451312
 10
237.5975209690564
 20
-890.8012417364706
 10
237.64966757973752
 20
-890.8496834594407
 10
237.700609665441
 20
-890.899390334559
 10
237.7503165405593
 20
-890.9503324202625
 10
237.7987582635294
 20
-891.0024790309436
 10
237.84590565486883
 20
-891.055798755434
 10
237.89173031475195
 20
-891.1102594759254
 10
237.93620464011718
 20
-891.1658283873162
 10
237.97930184129393
 20
-891.222472016972
 10
238.02099595813962
 20
-891.2801562448883
 10
238.06126187567742
 20
-891.3388463242431
 10
238.1000753392242
 20
-891.3985069023274
 10
238.13741296900082
 20
-891.4591020418396
 10
238.17325227421532
 20
-891.5205952425337
 10
238.20757166661025
 20
-891.5829494632046
 10
238.240350473467
 20
-891.6461271440016
 10
238.271568950058
 20
-891.7100902290522
 10
238.30120829154026
 20
-891.7748001893856
 10
238.32925064428275
 20
-891.8402180461412
 10
238.35567911662076
 20
-891.9063043940486
 10
238.3804777890308
 20
-891.9730194251625
 10
238.40363172371985
 20
-892.0403229528432
 10
238.42512697362343
 20
-892.108174435962
 10
238.4449505908068
 20
-892.1765330033228
 10
238.46309063426423
 20
-892.2453574782805
 10
238.47953617711175
 20
-892.3146064035451
 10
238.4942773131694
 20
-892.3842380661532
 10
238.507305162928
 20
-892.4542105225951
 10
238.5186118788979
 20
-892.5244816240795
 10
238.52819065033628
 20
-892.5950090419223
 10
238.5360357073494
 20
-892.6657502930443
 10
238.54214232436823
 20
-892.7366627655609
 10
238.546506822995
 20
-892.8077037444505
 10
238.54912657421903
 20
-892.8788304372836
 10
238.55
 20
-892.95
 10
238.54912657421903
 20
-893.0211695627164
 10
238.546506822995
 20
-893.0922962555495
 10
238.54214232436823
 20
-893.163337234439
 10
238.5360357073494
 20
-893.2342497069558
 10
238.52819065033628
 20
-893.3049909580777
 10
238.5186118788979
 20
-893.3755183759206
 10
238.507305162928
 20
-893.4457894774049
 10
238.4942773131694
 20
-893.5157619338468
 10
238.47953617711175
 20
-893.5853935964549
 10
238.46309063426423
 20
-893.6546425217194
 10
238.4449505908068
 20
-893.7234669966772
 10
238.42512697362343
 20
-893.7918255640379
 10
238.40363172371985
 20
-893.8596770471568
 10
238.3804777890308
 20
-893.9269805748374
 10
238.35567911662076
 20
-893.9936956059514
 10
238.32925064428275
 20
-894.0597819538588
 10
238.30120829154026
 20
-894.1251998106145
 10
238.271568950058
 20
-894.1899097709478
 10
238.240350473467
 20
-894.2538728559983
 10
238.20757166661025
 20
-894.3170505367954
 10
238.17325227421532
 20
-894.3794047574663
 10
238.13741296900082
 20
-894.4408979581603
 10
238.1000753392242
 20
-894.5014930976726
 10
238.06126187567742
 20
-894.5611536757568
 10
238.02099595813962
 20
-894.6198437551118
 10
237.97930184129393
 20
-894.6775279830281
 10
237.93620464011718
 20
-894.7341716126838
 10
237.89173031475195
 20
-894.7897405240745
 10
237.84590565486883
 20
-894.844201244566
 10
237.7987582635294
 20
-894.8975209690564
 10
237.7503165405593
 20
-894.9496675797375
 10
237.70060966544105
 20
-895.000609665441
 10
237.64966757973752
 20
-895.0503165405593
 10
237.5975209690564
 20
-895.0987582635294
 10
237.544201244566
 20
-895.1459056548688
 10
237.4897405240746
 20
-895.1917303147519
 10
237.43417161268383
 20
-895.2362046401172
 10
237.37752798302807
 20
-895.2793018412939
 10
237.31984375511178
 20
-895.3209959581396
 10
237.26115367575687
 20
-895.3612618756774
 10
237.2014930976726
 20
-895.4000753392241
 10
237.1408979581604
 20
-895.4374129690008
 10
237.07940475746642
 20
-895.4732522742153
 10
237.0170505367954
 20
-895.5075716666103
 10
236.95387285599838
 20
-895.540350473467
 10
236.88990977094784
 20
-895.571568950058
 10
236.8251998106145
 20
-895.6012082915403
 10
236.7597819538588
 20
-895.6292506442827
 10
236.69369560595152
 20
-895.6556791166207
 10
236.6269805748375
 20
-895.6804777890308
 10
236.5596770471568
 20
-895.7036317237198
 10
236.49182556403798
 20
-895.7251269736234
 10
236.42346699667723
 20
-895.7449505908068
 10
236.35464252171948
 20
-895.7630906342642
 10
236.28539359645498
 20
-895.7795361771117
 10
236.2157619338468
 20
-895.7942773131693
 10
236.1457894774049
 20
-895.807305162928
 10
236.07551837592058
 20
-895.8186118788979
 10
236.00499095807777
 20
-895.8281906503363
 10
235.93424970695577
 20
-895.8360357073493
 10
235.8633372344391
 20
-895.8421423243682
 10
235.79229625554956
 20
-895.846506822995
 10
235.72116956271645
 20
-895.849126574219
 10
235.65000000000003
 20
-895.85
 10
229.65000000000003
 20
-895.85
 10
229.5788304372836
 20
-895.849126574219
 10
229.5077037444505
 20
-895.846506822995
 10
229.43666276556098
 20
-895.8421423243682
 10
229.3657502930443
 20
-895.8360357073493
 10
229.2950090419223
 20
-895.8281906503363
 10
229.2244816240795
 20
-895.8186118788979
 10
229.15421052259518
 20
-895.807305162928
 10
229.08423806615326
 20
-895.7942773131693
 10
229.0146064035451
 20
-895.7795361771117
 10
228.94535747828058
 20
-895.7630906342642
 10
228.87653300332283
 20
-895.7449505908068
 10
228.8081744359621
 20
-895.7251269736234
 10
228.74032295284326
 20
-895.7036317237198
 10
228.67301942516258
 20
-895.6804777890308
 10
228.60630439404855
 20
-895.6556791166207
 10
228.54021804614126
 20
-895.6292506442827
 10
228.47480018938558
 20
-895.6012082915403
 10
228.41009022905223
 20
-895.571568950058
 10
228.34612714400168
 20
-895.540350473467
 10
228.28294946320466
 20
-895.5075716666103
 10
228.22059524253365
 20
-895.4732522742153
 10
228.15910204183967
 20
-895.4374129690008
 10
228.09850690232747
 20
-895.4000753392241
 10
228.0388463242432
 20
-895.3612618756774
 10
227.9801562448883
 20
-895.3209959581396
 10
227.922472016972
 20
-895.2793018412939
 10
227.86582838731624
 20
-895.2362046401172
 10
227.81025947592548
 20
-895.1917303147519
 10
227.75579875543406
 20
-895.1459056548688
 10
227.70247903094366
 20
-895.0987582635294
 10
227.65033242026254
 20
-895.0503165405593
 10
227.59939033455908
 20
-895.000609665441
 10
227.54968345944076
 20
-894.9496675797375
 10
227.50124173647066
 20
-894.8975209690564
 10
227.45409434513124
 20
-894.844201244566
 10
227.40826968524811
 20
-894.7897405240745
 10
227.3637953598829
 20
-894.7341716126838
 10
227.32069815870614
 20
-894.6775279830281
 10
227.27900404186045
 20
-894.6198437551118
 10
227.23873812432265
 20
-894.5611536757568
 10
227.19992466077588
 20
-894.5014930976726
 10
227.16258703099925
 20
-894.4408979581603
 10
227.12674772578475
 20
-894.3794047574663
 10
227.09242833338982
 20
-894.3170505367954
 10
227.05964952653306
 20
-894.2538728559983
 10
227.02843104994207
 20
-894.1899097709478
 10
226.9987917084598
 20
-894.1251998106145
 10
226.97074935571732
 20
-894.0597819538588
 10
226.9443208833793
 20
-893.9936956059514
 10
226.91952221096926
 20
-893.9269805748374
 10
226.8963682762802
 20
-893.8596770471568
 10
226.87487302637663
 20
-893.7918255640379
 10
226.85504940919327
 20
-893.7234669966772
 10
226.83690936573583
 20
-893.6546425217194
 10
226.8204638228883
 20
-893.5853935964549
 10
226.80572268683068
 20
-893.5157619338468
 10
226.79269483707208
 20
-893.4457894774049
 10
226.78138812110217
 20
-893.3755183759206
 10
226.77180934966378
 20
-893.3049909580777
 10
226.76396429265066
 20
-893.2342497069558
 10
226.75785767563184
 20
-893.163337234439
 10
226.75349317700505
 20
-893.0922962555495
 10
226.75087342578104
 20
-893.0211695627164
 10
226.75000000000006
 20
-892.95
 10
226.75087342578104
 20
-892.8788304372836
 10
226.75349317700505
 20
-892.8077037444505
 10
226.75785767563184
 20
-892.7366627655609
 10
226.76396429265066
 20
-892.6657502930443
 10
226.77180934966378
 20
-892.5950090419223
 10
226.78138812110217
 20
-892.5244816240795
 10
226.79269483707208
 20
-892.4542105225951
 10
226.80572268683068
 20
-892.3842380661532
 10
226.8204638228883
 20
-892.3146064035451
 10
226.83690936573583
 20
-892.2453574782805
 10
226.85504940919327
 20
-892.1765330033228
 10
226.87487302637663
 20
-892.108174435962
 10
226.8963682762802
 20
-892.0403229528432
 10
226.91952221096926
 20
-891.9730194251625
 10
226.9443208833793
 20
-891.9063043940486
 10
226.97074935571732
 20
-891.8402180461412
 10
226.9987917084598
 20
-891.7748001893856
 10
227.02843104994207
 20
-891.7100902290522
 10
227.05964952653306
 20
-891.6461271440016
 10
227.09242833338982
 20
-891.5829494632046
 10
227.12674772578475
 20
-891.5205952425337
 10
227.16258703099925
 20
-891.4591020418396
 10
227.19992466077588
 20
-891.3985069023274
 10
227.23873812432265
 20
-891.3388463242431
 10
227.27900404186045
 20
-891.2801562448883
 10
227.32069815870614
 20
-891.222472016972
 10
227.3637953598829
 20
-891.1658283873162
 10
227.40826968524811
 20
-891.1102594759254
 10
227.45409434513124
 20
-891.055798755434
 10
227.50124173647066
 20
-891.0024790309436
 10
227.54968345944076
 20
-890.9503324202625
 10
227.59939033455902
 20
-890.899390334559
 10
227.65033242026254
 20
-890.8496834594407
 10
227.70247903094366
 20
-890.8012417364706
 10
227.75579875543406
 20
-890.7540943451312
 10
227.81025947592548
 20
-890.7082696852481
 10
227.86582838731624
 20
-890.6637953598829
 10
227.922472016972
 20
-890.6206981587061
 10
227.9801562448883
 20
-890.5790040418605
 10
228.0388463242432
 20
-890.5387381243227
 10
228.09850690232747
 20
-890.4999246607758
 10
228.15910204183967
 20
-890.4625870309992
 10
228.22059524253365
 20
-890.4267477257847
 10
228.28294946320466
 20
-890.3924283333897
 10
228.34612714400168
 20
-890.359649526533
 10
228.41009022905223
 20
-890.328431049942
 10
228.47480018938558
 20
-890.2987917084597
 10
228.54021804614126
 20
-890.2707493557173
 10
228.60630439404855
 20
-890.2443208833793
 10
228.67301942516258
 20
-890.2195222109692
 10
228.74032295284326
 20
-890.1963682762802
 10
228.8081744359621
 20
-890.1748730263766
 10
228.87653300332283
 20
-890.1550494091932
 10
228.94535747828058
 20
-890.1369093657358
 10
229.0146064035451
 20
-890.1204638228883
 10
229.08423806615326
 20
-890.1057226868306
 10
229.15421052259518
 20
-890.092694837072
 10
229.2244816240795
 20
-890.0813881211021
 10
229.2950090419223
 20
-890.0718093496637
 10
229.3657502930443
 20
-890.0639642926507
 10
229.43666276556098
 20
-890.0578576756318
 10
229.5077037444505
 20
-890.0534931770051
 10
229.5788304372836
 20
-890.050873425781
 10
229.65000000000003
 20
-890.05
 10
235.65000000000003
 20
-890.05
 10
235.72116956271645
 20
-890.050873425781
  0
LWPOLYLINE
  5
129
330
17
100
AcDbEntity
  8
20_ВИДИМЫЕ
100
AcDbPolyline
 90
257
 70
1
 10
230.85000000000002
 20
-892.95
 10
230.85054212634685
 20
-892.9058257886587
 10
230.8521681788307
 20
-892.8616781862106
 10
230.85487717797838
 20
-892.8175837855206
 10
230.8586674919901
 20
-892.7735691474068
 10
230.86353683772234
 20
-892.7296607846414
 10
230.86948228206342
 20
-892.6858851459804
 10
230.87650024369992
 20
-892.6422686002314
 10
230.88458649527422
 20
-892.598837420371
 10
230.8937361659307
 20
-892.5556177677176
 10
230.90394374424983
 20
-892.5126356761741
 10
230.91520308156822
 20
-892.4699170365452
 10
230.92750739568208
 20
-892.4274875809419
 10
230.9408492749326
 20
-892.3853728672821
 10
230.95522068267059
 20
-892.343598263894
 10
230.9706129620975
 20
-892.302188934237
 10
230.98701684147971
 20
-892.2611698217429
 10
231.00442243973367
 20
-892.220565634791
 10
231.02281927237783
 20
-892.1804008318255
 10
231.0421962578481
 20
-892.1406996066218
 10
231.062541724173
 20
-892.1014858737132
 10
231.08384341600436
 20
-892.0627832539864
 10
231.10608850199952
 20
-892.0246150604522
 10
231.12926358255055
 20
-891.9870042842032
 10
231.15335469785543
 20
-891.9499735805647
 10
231.1783473363272
 20
-891.9135452554478
 10
231.20422644333485
 20
-891.8777412519137
 10
231.23097643027216
 20
-891.8425831369549
 10
231.25858118394711
 20
-891.8080920885054
 10
231.2870240762884
 20
-891.7742888826832
 10
231.3162879743611
 20
-891.7411938812754
 10
231.3463552506874
 20
-891.7088270194732
 10
231.37720779386427
 20
-891.6772077938642
 10
231.40882701947334
 20
-891.6463552506874
 10
231.4411938812754
 20
-891.6162879743611
 10
231.47428888268325
 20
-891.5870240762883
 10
231.50809208850546
 20
-891.5585811839471
 10
231.54258313695493
 20
-891.5309764302721
 10
231.57774125191366
 20
-891.5042264433348
 10
231.6135452554479
 20
-891.4783473363271
 10
231.64997358056473
 20
-891.4533546978554
 10
231.68700428420328
 20
-891.4292635825506
 10
231.7246150604522
 20
-891.4060885019995
 10
231.7627832539864
 20
-891.3838434160043
 10
231.80148587371326
 20
-891.362541724173
 10
231.84069960662174
 20
-891.3421962578481
 10
231.8804008318255
 20
-891.3228192723778
 10
231.92056563479105
 20
-891.3044224397337
 10
231.96116982174289
 20
-891.2870168414797
 10
232.00218893423704
 20
-891.2706129620975
 10
232.043598263894
 20
-891.2552206826706
 10
232.08537286728205
 20
-891.2408492749325
 10
232.127487580942
 20
-891.227507395682
 10
232.1699170365452
 20
-891.2152030815682
 10
232.21263567617416
 20
-891.2039437442498
 10
232.2556177677177
 20
-891.1937361659307
 10
232.298837420371
 20
-891.1845864952742
 10
232.34226860023148
 20
-891.1765002436999
 10
232.3858851459804
 20
-891.1694822820634
 10
232.42966078464144
 20
-891.1635368377223
 10
232.4735691474068
 20
-891.1586674919901
 10
232.51758378552063
 20
-891.1548771779784
 10
232.56167818621066
 20
-891.1521681788307
 10
232.60582578865882
 20
-891.1505421263469
 10
232.65000000000003
 20
-891.15
 10
232.69417421134125
 20
-891.1505421263469
 10
232.7383218137894
 20
-891.1521681788307
 10
232.78241621447944
 20
-891.1548771779784
 10
232.82643085259326
 20
-891.1586674919901
 10
232.87033921535863
 20
-891.1635368377223
 10
232.91411485401966
 20
-891.1694822820634
 10
232.9577313997686
 20
-891.1765002436999
 10
233.00116257962907
 20
-891.1845864952742
 10
233.04438223228237
 20
-891.1937361659307
 10
233.0873643238259
 20
-891.2039437442498
 10
233.13008296345487
 20
-891.2152030815682
 10
233.17251241905808
 20
-891.227507395682
 10
233.21462713271802
 20
-891.2408492749325
 10
233.25640173610606
 20
-891.2552206826706
 10
233.29781106576303
 20
-891.2706129620975
 10
233.33883017825718
 20
-891.2870168414797
 10
233.37943436520902
 20
-891.3044224397337
 10
233.41959916817456
 20
-891.3228192723778
 10
233.45930039337833
 20
-891.3421962578481
 10
233.4985141262868
 20
-891.362541724173
 10
233.53721674601366
 20
-891.3838434160043
 10
233.57538493954786
 20
-891.4060885019995
 10
233.61299571579679
 20
-891.4292635825506
 10
233.65002641943533
 20
-891.4533546978554
 10
233.68645474455218
 20
-891.4783473363271
 10
233.7222587480864
 20
-891.5042264433348
 10
233.75741686304514
 20
-891.5309764302721
 10
233.7919079114946
 20
-891.5585811839471
 10
233.8257111173168
 20
-891.5870240762883
 10
233.85880611872466
 20
-891.6162879743611
 10
233.89117298052673
 20
-891.6463552506874
 10
233.9227922061358
 20
-891.6772077938642
 10
233.95364474931267
 20
-891.7088270194732
 10
233.98371202563897
 20
-891.7411938812754
 10
234.01297592371168
 20
-891.7742888826832
 10
234.04141881605295
 20
-891.8080920885054
 10
234.0690235697279
 20
-891.8425831369549
 10
234.09577355666522
 20
-891.8777412519137
 10
234.12165266367288
 20
-891.9135452554478
 10
234.14664530214463
 20
-891.9499735805647
 10
234.17073641744952
 20
-891.9870042842032
 10
234.19391149800055
 20
-892.0246150604522
 10
234.2161565839957
 20
-892.0627832539864
 10
234.23745827582707
 20
-892.1014858737132
 10
234.25780374215196
 20
-892.1406996066218
 10
234.27718072762224
 20
-892.1804008318255
 10
234.2955775602664
 20
-892.220565634791
 10
234.31298315852035
 20
-892.2611698217429
 10
234.32938703790256
 20
-892.302188934237
 10
234.34477931732948
 20
-892.343598263894
 10
234.35915072506748
 20
-892.3853728672821
 10
234.37249260431798
 20
-892.4274875809419
 10
234.38479691843185
 20
-892.4699170365452
 10
234.39605625575024
 20
-892.5126356761741
 10
234.40626383406936
 20
-892.5556177677176
 10
234.41541350472585
 20
-892.598837420371
 10
234.42349975630015
 20
-892.6422686002314
 10
234.43051771793665
 20
-892.6858851459804
 10
234.43646316227773
 20
-892.7296607846414
 10
234.44133250800996
 20
-892.7735691474068
 10
234.4451228220217
 20
-892.8175837855206
 10
234.44783182116936
 20
-892.8616781862106
 10
234.44945787365322
 20
-892.9058257886587
 10
234.45000000000005
 20
-892.95
 10
234.44945787365322
 20
-892.9941742113413
 10
234.44783182116936
 20
-893.0383218137894
 10
234.4451228220217
 20
-893.0824162144794
 10
234.44133250800996
 20
-893.1264308525932
 10
234.43646316227773
 20
-893.1703392153586
 10
234.43051771793665
 20
-893.2141148540196
 10
234.42349975630015
 20
-893.2577313997685
 10
234.41541350472585
 20
-893.301162579629
 10
234.40626383406936
 20
-893.3443822322823
 10
234.39605625575024
 20
-893.3873643238259
 10
234.38479691843185
 20
-893.4300829634549
 10
234.37249260431798
 20
-893.472512419058
 10
234.35915072506748
 20
-893.514627132718
 10
234.34477931732948
 20
-893.556401736106
 10
234.32938703790256
 20
-893.5978110657629
 10
234.31298315852035
 20
-893.6388301782572
 10
234.2955775602664
 20
-893.679434365209
 10
234.27718072762224
 20
-893.7195991681745
 10
234.25780374215196
 20
-893.7593003933783
 10
234.23745827582707
 20
-893.7985141262868
 10
234.2161565839957
 20
-893.8372167460136
 10
234.19391149800055
 20
-893.8753849395478
 10
234.17073641744952
 20
-893.9129957157968
 10
234.14664530214463
 20
-893.9500264194353
 10
234.12165266367288
 20
-893.9864547445521
 10
234.09577355666522
 20
-894.0222587480864
 10
234.0690235697279
 20
-894.0574168630451
 10
234.04141881605295
 20
-894.0919079114946
 10
234.01297592371168
 20
-894.1257111173168
 10
233.98371202563897
 20
-894.1588061187247
 10
233.95364474931267
 20
-894.1911729805267
 10
233.9227922061358
 20
-894.2227922061358
 10
233.89117298052673
 20
-894.2536447493127
 10
233.85880611872466
 20
-894.2837120256389
 10
233.8257111173168
 20
-894.3129759237116
 10
233.7919079114946
 20
-894.341418816053
 10
233.75741686304514
 20
-894.3690235697279
 10
233.7222587480864
 20
-894.3957735566652
 10
233.68645474455218
 20
-894.4216526636728
 10
233.65002641943533
 20
-894.4466453021446
 10
233.61299571579679
 20
-894.4707364174494
 10
233.57538493954786
 20
-894.4939114980004
 10
233.53721674601366
 20
-894.5161565839957
 10
233.4985141262868
 20
-894.537458275827
 10
233.45930039337833
 20
-894.5578037421519
 10
233.41959916817456
 20
-894.5771807276222
 10
233.37943436520902
 20
-894.5955775602664
 10
233.33883017825718
 20
-894.6129831585204
 10
233.29781106576303
 20
-894.6293870379026
 10
233.25640173610606
 20
-894.6447793173295
 10
233.21462713271802
 20
-894.6591507250674
 10
233.17251241905808
 20
-894.672492604318
 10
233.13008296345487
 20
-894.6847969184319
 10
233.0873643238259
 20
-894.6960562557501
 10
233.04438223228237
 20
-894.7062638340693
 10
233.00116257962907
 20
-894.7154135047258
 10
232.9577313997686
 20
-894.7234997563
 10
232.91411485401966
 20
-894.7305177179367
 10
232.87033921535863
 20
-894.7364631622777
 10
232.82643085259326
 20
-894.7413325080099
 10
232.78241621447944
 20
-894.7451228220216
 10
232.7383218137894
 20
-894.7478318211693
 10
232.69417421134125
 20
-894.7494578736532
 10
232.65000000000003
 20
-894.75
 10
232.60582578865882
 20
-894.7494578736532
 10
232.56167818621066
 20
-894.7478318211693
 10
232.51758378552063
 20
-894.7451228220216
 10
232.4735691474068
 20
-894.7413325080099
 10
232.42966078464144
 20
-894.7364631622777
 10
232.3858851459804
 20
-894.7305177179367
 10
232.34226860023148
 20
-894.7234997563
 10
232.298837420371
 20
-894.7154135047258
 10
232.2556177677177
 20
-894.7062638340693
 10
232.21263567617416
 20
-894.6960562557501
 10
232.1699170365452
 20
-894.6847969184319
 10
232.127487580942
 20
-894.672492604318
 10
232.08537286728205
 20
-894.6591507250674
 10
232.043598263894
 20
-894.6447793173295
 10
232.00218893423704
 20
-894.6293870379026
 10
231.96116982174289
 20
-894.6129831585204
 10
231.92056563479105
 20
-894.5955775602664
 10
231.8804008318255
 20
-894.5771807276222
 10
231.84069960662174
 20
-894.5578037421519
 10
231.80148587371326
 20
-894.537458275827
 10
231.7627832539864
 20
-894.5161565839957
 10
231.7246150604522
 20
-894.4939114980004
 10
231.68700428420328
 20
-894.4707364174494
 10
231.64997358056473
 20
-894.4466453021446
 10
231.6135452554479
 20
-894.4216526636728
 10
231.57774125191366
 20
-894.3957735566652
 10
231.54258313695493
 20
-894.3690235697279
 10
231.50809208850546
 20
-894.341418816053
 10
231.47428888268325
 20
-894.3129759237116
 10
231.4411938812754
 20
-894.2837120256389
 10
231.40882701947334
 20
-894.2536447493127
 10
231.37720779386427
 20
-894.2227922061358
 10
231.3463552506874
 20
-894.1911729805267
 10
231.3162879743611
 20
-894.1588061187247
 10
231.2870240762884
 20
-894.1257111173168
 10
231.25858118394711
 20
-894.0919079114946
 10
231.23097643027216
 20
-894.0574168630451
 10
231.20422644333485
 20
-894.0222587480864
 10
231.1783473363272
 20
-893.9864547445521
 10
231.15335469785543
 20
-893.9500264194353
 10
231.12926358255055
 20
-893.9129957157968
 10
231.10608850199952
 20
-893.8753849395478
 10
231.08384341600436
 20
-893.8372167460136
 10
231.062541724173
 20
-893.7985141262868
 10
231.0421962578481
 20
-893.7593003933783
 10
231.02281927237783
 20
-893.7195991681745
 10
231.00442243973367
 20
-893.679434365209
 10
230.98701684147971
 20
-893.6388301782572
 10
230.9706129620975
 20
-893.5978110657629
 10
230.95522068267059
 20
-893.556401736106
 10
230.9408492749326
 20
-893.514627132718
 10
230.92750739568208
 20
-893.472512419058
 10
230.91520308156822
 20
-893.4300829634549
 10
230.90394374424983
 20
-893.3873643238259
 10
230.8937361659307
 20
-893.3443822322823
 10
230.88458649527422
 20
-893.301162579629
 10
230.87650024369992
 20
-893.2577313997685
 10
230.86948228206342
 20
-893.2141148540196
 10
230.86353683772234
 20
-893.1703392153586
 10
230.8586674919901
 20
-893.1264308525932
 10
230.85487717797838
 20
-893.0824162144794
 10
230.8521681788307
 20
-893.0383218137894
 10
230.85054212634685
 20
-892.9941742113413
 10
230.85000000000002
 20
-892.95
  0
LWPOLYLINE
  5
12A
330
17
100
AcDbEntity
  8
20_ВИДИМЫЕ
100
AcDbPolyline
 90
257
 70
1
 10
230.45000000000005
 20
-892.95
 10
230.4506625988684
 20
-892.8960092972496
 10
230.45264999634867
 20
-892.8420511164796
 10
230.4559609953069
 20
-892.7881579600808
 10
230.4605936013212
 20
-892.7343622912749
 10
230.46654502388287
 20
-892.6806965145618
 10
230.47381167807754
 20
-892.6271929561982
 10
230.48238918674434
 20
-892.5738838447273
 10
230.49227238311295
 20
-892.5208012915646
 10
230.50345531391525
 20
-892.467977271655
 10
230.51593124297204
 20
-892.4154436042128
 10
230.52969265525007
 20
-892.3632319335552
 10
230.5447312613892
 20
-892.3113737100402
 10
230.56103800269534
 20
-892.2599001711225
 10
230.5786030565974
 20
-892.2088423225371
 10
230.59741584256363
 20
-892.1582309196231
 10
230.61746502847518
 20
-892.1080964487968
 10
230.63873853745224
 20
-892.058469109189
 10
230.66122355512846
 20
-892.0093787944534
 10
230.6849065373699
 20
-891.9608550747598
 10
230.70977321843367
 20
-891.9129271789828
 10
230.73580861956088
 20
-891.8656239770945
 10
230.76299705799943
 20
-891.8189739627749
 10
230.7913221564507
 20
-891.7730052362484
 10
230.8207668529344
 20
-891.7277454873569
 10
230.85131341106654
 20
-891.6832219788807
 10
230.8829434307426
 20
-891.6394615301167
 10
230.91563785922148
 20
-891.5964905007227
 10
230.94937700260203
 20
-891.55433477484
 10
230.9841405376858
 20
-891.5130197455017
 10
231.01990752421915
 20
-891.4725702993366
 10
231.05665641750682
 20
-891.4330108015785
 10
231.09436508138964
 20
-891.3943650813897
 10
231.1330108015785
 20
-891.3566564175068
 10
231.1725702993366
 20
-891.319907524219
 10
231.2130197455017
 20
-891.2841405376857
 10
231.25433477484
 20
-891.2493770026019
 10
231.29649050072265
 20
-891.2156378592215
 10
231.3394615301167
 20
-891.1829434307426
 10
231.38322197888078
 20
-891.1513134110666
 10
231.4277454873569
 20
-891.1207668529344
 10
231.4730052362484
 20
-891.0913221564506
 10
231.51897396277496
 20
-891.0629970579994
 10
231.5656239770945
 20
-891.0358086195608
 10
231.61292717898283
 20
-891.0097732184336
 10
231.66085507475992
 20
-890.9849065373699
 10
231.70937879445341
 20
-890.9612235551284
 10
231.75846910918904
 20
-890.9387385374522
 10
231.80809644879685
 20
-890.9174650284751
 10
231.85823091962305
 20
-890.8974158425635
 10
231.90884232253717
 20
-890.8786030565974
 10
231.95990017112246
 20
-890.8610380026953
 10
232.01137371004023
 20
-890.8447312613891
 10
232.06323193355524
 20
-890.82969265525
 10
232.11544360421283
 20
-890.815931242972
 10
232.16797727165493
 20
-890.8034553139153
 10
232.22080129156456
 20
-890.792272383113
 10
232.27388384472738
 20
-890.7823891867444
 10
232.32719295619825
 20
-890.7738116780774
 10
232.38069651456175
 20
-890.7665450238828
 10
232.43436229127502
 20
-890.7605936013211
 10
232.48815796008074
 20
-890.7559609953069
 10
232.54205111647974
 20
-890.7526499963486
 10
232.59600929724962
 20
-890.7506625988683
 10
232.65000000000003
 20
-890.75
 10
232.70399070275045
 20
-890.7506625988683
 10
232.75794888352033
 20
-890.7526499963486
 10
232.81184203991933
 20
-890.7559609953069
 10
232.86563770872505
 20
-890.7605936013211
 10
232.91930348543832
 20
-890.7665450238828
 10
232.97280704380182
 20
-890.7738116780774
 10
233.0261161552727
 20
-890.7823891867444
 10
233.0791987084355
 20
-890.792272383113
 10
233.13202272834513
 20
-890.8034553139153
 10
233.18455639578724
 20
-890.815931242972
 10
233.23676806644482
 20
-890.82969265525
 10
233.28862628995984
 20
-890.8447312613891
 10
233.3400998288776
 20
-890.8610380026953
 10
233.3911576774629
 20
-890.8786030565974
 10
233.44176908037701
 20
-890.8974158425635
 10
233.49190355120322
 20
-890.9174650284751
 10
233.54153089081103
 20
-890.9387385374522
 10
233.59062120554665
 20
-890.9612235551284
 10
233.63914492524015
 20
-890.9849065373699
 10
233.68707282101724
 20
-891.0097732184336
 10
233.73437602290556
 20
-891.0358086195608
 10
233.7810260372251
 20
-891.0629970579994
 10
233.82699476375166
 20
-891.0913221564506
 10
233.87225451264317
 20
-891.1207668529344
 10
233.91677802111928
 20
-891.1513134110666
 10
233.96053846988337
 20
-891.1829434307426
 10
234.0035094992774
 20
-891.2156378592215
 10
234.04566522516006
 20
-891.2493770026019
 10
234.08698025449831
 20
-891.2841405376857
 10
234.12742970066347
 20
-891.319907524219
 10
234.16698919842156
 20
-891.3566564175068
 10
234.20563491861043
 20
-891.3943650813897
 10
234.24334358249325
 20
-891.4330108015785
 10
234.28009247578092
 20
-891.4725702993366
 10
234.31585946231428
 20
-891.5130197455017
 10
234.35062299739803
 20
-891.55433477484
 10
234.3843621407786
 20
-891.5964905007227
 10
234.41705656925745
 20
-891.6394615301167
 10
234.44868658893353
 20
-891.6832219788807
 10
234.47923314706566
 20
-891.7277454873569
 10
234.50867784354938
 20
-891.7730052362484
 10
234.53700294200064
 20
-891.8189739627749
 10
234.56419138043918
 20
-891.8656239770945
 10
234.5902267815664
 20
-891.9129271789828
 10
234.61509346263017
 20
-891.9608550747598
 10
234.6387764448716
 20
-892.0093787944534
 10
234.66126146254783
 20
-892.058469109189
 10
234.6825349715249
 20
-892.1080964487968
 10
234.70258415743643
 20
-892.1582309196231
 10
234.72139694340268
 20
-892.2088423225371
 10
234.73896199730473
 20
-892.2599001711225
 10
234.75526873861088
 20
-892.3113737100402
 10
234.77030734475
 20
-892.3632319335552
 10
234.78406875702802
 20
-892.4154436042128
 10
234.79654468608481
 20
-892.467977271655
 10
234.80772761688712
 20
-892.5208012915646
 10
234.81761081325573
 20
-892.5738838447273
 10
234.82618832192253
 20
-892.6271929561982
 10
234.8334549761172
 20
-892.6806965145618
 10
234.83940639867888
 20
-892.7343622912749
 10
234.84403900469317
 20
-892.7881579600808
 10
234.8473500036514
 20
-892.8420511164796
 10
234.84933740113166
 20
-892.8960092972496
 10
234.85000000000002
 20
-892.95
 10
234.84933740113166
 20
-893.0039907027505
 10
234.8473500036514
 20
-893.0579488835203
 10
234.84403900469317
 20
-893.1118420399192
 10
234.83940639867888
 20
-893.1656377087251
 10
234.8334549761172
 20
-893.2193034854383
 10
234.82618832192253
 20
-893.2728070438018
 10
234.81761081325573
 20
-893.3261161552726
 10
234.80772761688712
 20
-893.3791987084355
 10
234.79654468608481
 20
-893.4320227283451
 10
234.78406875702802
 20
-893.4845563957872
 10
234.77030734475
 20
-893.5367680664448
 10
234.75526873861088
 20
-893.5886262899598
 10
234.73896199730473
 20
-893.6400998288775
 10
234.72139694340268
 20
-893.6911576774629
 10
234.70258415743643
 20
-893.741769080377
 10
234.6825349715249
 20
-893.7919035512032
 10
234.66126146254783
 20
-893.841530890811
 10
234.6387764448716
 20
-893.8906212055466
 10
234.61509346263017
 20
-893.9391449252402
 10
234.5902267815664
 20
-893.9870728210171
 10
234.56419138043918
 20
-894.0343760229056
 10
234.53700294200064
 20
-894.0810260372251
 10
234.50867784354938
 20
-894.1269947637516
 10
234.47923314706566
 20
-894.1722545126431
 10
234.44868658893353
 20
-894.2167780211192
 10
234.41705656925745
 20
-894.2605384698834
 10
234.3843621407786
 20
-894.3035094992774
 10
234.35062299739803
 20
-894.34566522516
 10
234.31585946231428
 20
-894.3869802544983
 10
234.28009247578092
 20
-894.4274297006634
 10
234.24334358249325
 20
-894.4669891984215
 10
234.20563491861043
 20
-894.5056349186104
 10
234.16698919842156
 20
-894.5433435824932
 10
234.12742970066347
 20
-894.5800924757809
 10
234.08698025449837
 20
-894.6158594623142
 10
234.04566522516006
 20
-894.650622997398
 10
234.0035094992774
 20
-894.6843621407785
 10
233.96053846988337
 20
-894.7170565692575
 10
233.91677802111928
 20
-894.7486865889334
 10
233.87225451264317
 20
-894.7792331470656
 10
233.82699476375166
 20
-894.8086778435494
 10
233.7810260372251
 20
-894.8370029420006
 10
233.73437602290556
 20
-894.8641913804391
 10
233.68707282101724
 20
-894.8902267815664
 10
233.63914492524015
 20
-894.9150934626301
 10
233.59062120554665
 20
-894.9387764448716
 10
233.54153089081103
 20
-894.9612614625478
 10
233.49190355120322
 20
-894.9825349715248
 10
233.44176908037701
 20
-895.0025841574364
 10
233.3911576774629
 20
-895.0213969434027
 10
233.3400998288776
 20
-895.0389619973047
 10
233.28862628995984
 20
-895.0552687386108
 10
233.23676806644482
 20
-895.07030734475
 10
233.18455639578724
 20
-895.084068757028
 10
233.13202272834513
 20
-895.0965446860848
 10
233.0791987084355
 20
-895.1077276168871
 10
233.0261161552727
 20
-895.1176108132556
 10
232.97280704380182
 20
-895.1261883219225
 10
232.91930348543832
 20
-895.1334549761172
 10
232.86563770872505
 20
-895.1394063986788
 10
232.81184203991933
 20
-895.1440390046931
 10
232.75794888352033
 20
-895.1473500036514
 10
232.70399070275045
 20
-895.1493374011317
 10
232.65000000000003
 20
-895.15
 10
232.59600929724962
 20
-895.1493374011317
 10
232.54205111647974
 20
-895.1473500036514
 10
232.48815796008074
 20
-895.1440390046931
 10
232.43436229127502
 20
-895.1394063986788
 10
232.38069651456175
 20
-895.1334549761172
 10
232.32719295619825
 20
-895.1261883219225
 10
232.27388384472738
 20
-895.1176108132556
 10
232.22080129156456
 20
-895.1077276168871
 10
232.16797727165493
 20
-895.0965446860848
 10
232.11544360421283
 20
-895.084068757028
 10
232.06323193355524
 20
-895.07030734475
 10
232.01137371004023
 20
-895.0552687386108
 10
231.95990017112246
 20
-895.0389619973047
 10
231.90884232253717
 20
-895.0213969434027
 10
231.85823091962305
 20
-895.0025841574364
 10
231.80809644879685
 20
-894.9825349715248
 10
231.75846910918904
 20
-894.9612614625478
 10
231.70937879445341
 20
-894.9387764448716
 10
231.66085507475992
 20
-894.9150934626301
 10
231.61292717898283
 20
-894.8902267815664
 10
231.5656239770945
 20
-894.8641913804391
 10
231.51897396277496
 20
-894.8370029420006
 10
231.4730052362484
 20
-894.8086778435494
 10
231.4277454873569
 20
-894.7792331470656
 10
231.38322197888078
 20
-894.7486865889334
 10
231.3394615301167
 20
-894.7170565692575
 10
231.29649050072265
 20
-894.6843621407785
 10
231.25433477484
 20
-894.650622997398
 10
231.2130197455017
 20
-894.6158594623142
 10
231.1725702993366
 20
-894.5800924757809
 10
231.1330108015785
 20
-894.5433435824932
 10
231.09436508138964
 20
-894.5056349186104
 10
231.05665641750682
 20
-894.4669891984215
 10
231.01990752421915
 20
-894.4274297006634
 10
230.9841405376858
 20
-894.3869802544983
 10
230.94937700260203
 20
-894.34566522516
 10
230.91563785922148
 20
-894.3035094992774
 10
230.8829434307426
 20
-894.2605384698834
 10
230.85131341106654
 20
-894.2167780211192
 10
230.8207668529344
 20
-894.1722545126431
 10
230.7913221564507
 20
-894.1269947637516
 10
230.76299705799943
 20
-894.0810260372251
 10
230.73580861956088
 20
-894.0343760229056
 10
230.70977321843367
 20
-893.9870728210171
 10
230.6849065373699
 20
-893.9391449252402
 10
230.66122355512846
 20
-893.8906212055466
 10
230.63873853745224
 20
-893.841530890811
 10
230.61746502847518
 20
-893.7919035512032
 10
230.59741584256363
 20
-893.741769080377
 10
230.5786030565974
 20
-893.6911576774629
 10
230.56103800269534
 20
-893.6400998288775
 10
230.5447312613892
 20
-893.5886262899598
 10
230.52969265525007
 20
-893.5367680664448
 10
230.51593124297204
 20
-893.4845563957872
 10
230.50345531391525
 20
-893.4320227283451
 10
230.49227238311295
 20
-893.3791987084355
 10
230.48238918674434
 20
-893.3261161552726
 10
230.47381167807754
 20
-893.2728070438018
 10
230.46654502388287
 20
-893.2193034854383
 10
230.4605936013212
 20
-893.1656377087251
 10
230.4559609953069
 20
-893.1118420399192
 10
230.45264999634867
 20
-893.0579488835203
 10
230.4506625988684
 20
-893.0039907027505
 10
230.45000000000005
 20
-892.95
  0
LWPOLYLINE
  5
12B
330
17
100
AcDbEntity
  8
20_ВИДИМЫЕ
100
AcDbPolyline
 90
193
 70
1
 10
239.35000000000002
 20
-880.45
 10
239.35069603628074
 20
-880.4074651923318
 10
239.35278339978987
 20
-880.3649759320008
 10
239.3562598553262
 20
-880.3225777175716
 10
239.36112168021407
 20
-880.280315950114
 10
239.36736366828967
 20
-880.2382358845871
 10
239.37497913547583
 20
-880.196382581379
 10
239.3839599269395
 20
-880.1548008580553
 10
239.39429642582422
 20
-880.1135352413667
 10
239.40597756354816
 20
-880.0726299195692
 10
239.4189908316564
 20
-880.0321286951059
 10
239.43332229521553
 20
-879.9920749377025
 10
239.44895660773534
 20
-879.9525115379254
 10
239.46587702760252
 20
-879.9134808612542
 10
239.48406543600754
 20
-879.8750247027153
 10
239.50350235634716
 20
-879.8371842421262
 10
239.52416697508028
 20
-879.8
 10
239.5460371640155
 20
-879.7635117941545
 10
239.56908950400674
 20
-879.7277586970745
 10
239.59329931003094
 20
-879.6927789940719
 10
239.61864065762143
 20
-879.6586101422887
 10
239.6450864106285
 20
-879.6252887305873
 10
239.67260825027734
 20
-879.59285044037
 10
239.70117670549286
 20
-879.5613300073703
 10
239.73076118445755
 20
-879.5307611844574
 10
239.7613300073703
 20
-879.5011767054928
 10
239.79285044036993
 20
-879.4726082502773
 10
239.82528873058732
 20
-879.4450864106284
 10
239.85861014228868
 20
-879.4186406576214
 10
239.89277899407188
 20
-879.3932993100309
 10
239.92775869707452
 20
-879.3690895040068
 10
239.96351179415456
 20
-879.3460371640155
 10
240.00000000000006
 20
-879.3241669750803
 10
240.03718424212622
 20
-879.3035023563472
 10
240.07502470271533
 20
-879.2840654360075
 10
240.11348086125435
 20
-879.2658770276025
 10
240.15251153792542
 20
-879.2489566077353
 10
240.19207493770244
 20
-879.2333222952154
 10
240.23212869510593
 20
-879.2189908316564
 10
240.27262991956923
 20
-879.2059775635481
 10
240.31353524136676
 20
-879.1942964258242
 10
240.35480085805534
 20
-879.1839599269395
 10
240.39638258137904
 20
-879.1749791354758
 10
240.43823588458707
 20
-879.1673636682897
 10
240.48031595011395
 20
-879.161121680214
 10
240.5225777175716
 20
-879.1562598553262
 10
240.56497593200083
 20
-879.1527833997898
 10
240.60746519233174
 20
-879.1506960362807
 10
240.65000000000003
 20
-879.15
 10
240.69253480766832
 20
-879.1506960362807
 10
240.73502406799923
 20
-879.1527833997898
 10
240.77742228242846
 20
-879.1562598553262
 10
240.81968404988612
 20
-879.161121680214
 10
240.861764115413
 20
-879.1673636682897
 10
240.90361741862102
 20
-879.1749791354758
 10
240.94519914194473
 20
-879.1839599269395
 10
240.9864647586333
 20
-879.1942964258242
 10
241.02737008043084
 20
-879.2059775635481
 10
241.06787130489414
 20
-879.2189908316564
 10
241.10792506229762
 20
-879.2333222952154
 10
241.14748846207465
 20
-879.2489566077353
 10
241.18651913874572
 20
-879.2658770276025
 10
241.22497529728474
 20
-879.2840654360075
 10
241.26281575787385
 20
-879.3035023563472
 10
241.3
 20
-879.3241669750803
 10
241.3364882058455
 20
-879.3460371640155
 10
241.37224130292554
 20
-879.3690895040068
 10
241.4072210059282
 20
-879.3932993100309
 10
241.44138985771139
 20
-879.4186406576214
 10
241.47471126941275
 20
-879.4450864106284
 10
241.50714955963014
 20
-879.4726082502773
 10
241.53866999262976
 20
-879.5011767054928
 10
241.56923881554252
 20
-879.5307611844574
 10
241.5988232945072
 20
-879.5613300073703
 10
241.62739174972273
 20
-879.59285044037
 10
241.65491358937157
 20
-879.6252887305873
 10
241.68135934237864
 20
-879.6586101422887
 10
241.70670068996913
 20
-879.6927789940719
 10
241.73091049599333
 20
-879.7277586970745
 10
241.75396283598457
 20
-879.7635117941545
 10
241.7758330249198
 20
-879.8
 10
241.7964976436529
 20
-879.8371842421262
 10
241.81593456399253
 20
-879.8750247027153
 10
241.83412297239755
 20
-879.9134808612542
 10
241.85104339226473
 20
-879.9525115379254
 10
241.86667770478454
 20
-879.9920749377025
 10
241.88100916834367
 20
-880.0321286951059
 10
241.8940224364519
 20
-880.0726299195692
 10
241.90570357417585
 20
-880.1135352413667
 10
241.91604007306057
 20
-880.1548008580553
 10
241.92502086452424
 20
-880.196382581379
 10
241.9326363317104
 20
-880.2382358845871
 10
241.938878319786
 20
-880.280315950114
 10
241.94374014467388
 20
-880.3225777175716
 10
241.9472166002102
 20
-880.3649759320008
 10
241.94930396371933
 20
-880.4074651923318
 10
241.95000000000005
 20
-880.45
 10
241.94930396371933
 20
-880.4925348076683
 10
241.9472166002102
 20
-880.5350240679992
 10
241.94374014467388
 20
-880.5774222824284
 10
241.938878319786
 20
-880.619684049886
 10
241.9326363317104
 20
-880.661764115413
 10
241.92502086452424
 20
-880.703617418621
 10
241.91604007306057
 20
-880.7451991419447
 10
241.90570357417585
 20
-880.7864647586333
 10
241.8940224364519
 20
-880.8273700804308
 10
241.88100916834367
 20
-880.8678713048942
 10
241.86667770478454
 20
-880.9079250622976
 10
241.85104339226473
 20
-880.9474884620746
 10
241.83412297239755
 20
-880.9865191387457
 10
241.81593456399253
 20
-881.0249752972848
 10
241.7964976436529
 20
-881.0628157578738
 10
241.7758330249198
 20
-881.1
 10
241.75396283598457
 20
-881.1364882058455
 10
241.73091049599333
 20
-881.1722413029255
 10
241.70670068996913
 20
-881.2072210059282
 10
241.68135934237864
 20
-881.2413898577113
 10
241.65491358937157
 20
-881.2747112694127
 10
241.62739174972273
 20
-881.30714955963
 10
241.5988232945072
 20
-881.3386699926298
 10
241.56923881554252
 20
-881.3692388155425
 10
241.53866999262976
 20
-881.3988232945072
 10
241.50714955963014
 20
-881.4273917497227
 10
241.47471126941275
 20
-881.4549135893716
 10
241.44138985771139
 20
-881.4813593423786
 10
241.4072210059282
 20
-881.5067006899691
 10
241.37224130292554
 20
-881.5309104959933
 10
241.3364882058455
 20
-881.5539628359845
 10
241.3
 20
-881.5758330249198
 10
241.26281575787385
 20
-881.5964976436528
 10
241.22497529728474
 20
-881.6159345639925
 10
241.18651913874572
 20
-881.6341229723976
 10
241.14748846207465
 20
-881.6510433922647
 10
241.10792506229762
 20
-881.6666777047845
 10
241.06787130489414
 20
-881.6810091683436
 10
241.02737008043084
 20
-881.6940224364519
 10
240.9864647586333
 20
-881.7057035741758
 10
240.94519914194473
 20
-881.7160400730605
 10
240.90361741862102
 20
-881.7250208645241
 10
240.861764115413
 20
-881.7326363317104
 10
240.81968404988612
 20
-881.738878319786
 10
240.77742228242846
 20
-881.7437401446739
 10
240.73502406799923
 20
-881.7472166002102
 10
240.69253480766832
 20
-881.7493039637193
 10
240.65000000000003
 20
-881.75
 10
240.60746519233174
 20
-881.7493039637193
 10
240.56497593200083
 20
-881.7472166002102
 10
240.5225777175716
 20
-881.7437401446739
 10
240.48031595011395
 20
-881.738878319786
 10
240.43823588458707
 20
-881.7326363317104
 10
240.39638258137904
 20
-881.7250208645241
 10
240.35480085805534
 20
-881.7160400730605
 10
240.31353524136676
 20
-881.7057035741758
 10
240.27262991956923
 20
-881.6940224364519
 10
240.23212869510593
 20
-881.6810091683436
 10
240.19207493770244
 20
-881.6666777047845
 10
240.15251153792542
 20
-881.6510433922647
 10
240.11348086125435
 20
-881.6341229723976
 10
240.07502470271533
 20
-881.6159345639925
 10
240.03718424212622
 20
-881.5964976436528
 10
240.00000000000006
 20
-881.5758330249198
 10
239.96351179415456
 20
-881.5539628359845
 10
239.92775869707452
 20
-881.5309104959933
 10
239.89277899407188
 20
-881.5067006899691
 10
239.85861014228868
 20
-881.4813593423786
 10
239.82528873058732
 20
-881.4549135893716
 10
239.79285044036993
 20
-881.4273917497227
 10
239.7613300073703
 20
-881.3988232945072
 10
239.73076118445755
 20
-881.3692388155425
 10
239.70117670549286
 20
-881.3386699926298
 10
239.67260825027734
 20
-881.30714955963
 10
239.6450864106285
 20
-881.2747112694127
 10
239.61864065762143
 20
-881.2413898577113
 10
239.59329931003094
 20
-881.2072210059282
 10
239.56908950400674
 20
-881.1722413029255
 10
239.5460371640155
 20
-881.1364882058455
 10
239.52416697508028
 20
-881.1
 10
239.50350235634716
 20
-881.0628157578738
 10
239.48406543600754
 20
-881.0249752972848
 10
239.46587702760252
 20
-880.9865191387457
 10
239.44895660773534
 20
-880.9474884620746
 10
239.43332229521553
 20
-880.9079250622976
 10
239.4189908316564
 20
-880.8678713048942
 10
239.40597756354816
 20
-880.8273700804308
 10
239.39429642582422
 20
-880.7864647586333
 10
239.3839599269395
 20
-880.7451991419447
 10
239.37497913547583
 20
-880.703617418621
 10
239.36736366828967
 20
-880.661764115413
 10
239.36112168021407
 20
-880.619684049886
 10
239.3562598553262
 20
-880.5774222824284
 10
239.35278339978987
 20
-880.5350240679992
 10
239.35069603628074
 20
-880.4925348076683
 10
239.35000000000002
 20
-880.45
  0
LWPOLYLINE
  5
12C
330
17
100
AcDbEntity
  8
20_ВИДИМЫЕ
100
AcDbPolyline
 90
193
 70
1
 10
238.35000000000002
 20
-880.45
 10
238.3512314488044
 20
-880.3747461095099
 10
238.35492447655122
 20
-880.2995728027706
 10
238.36107512865397
 20
-880.2245605772421
 10
238.36967681884028
 20
-880.1497897578939
 10
238.38072033620483
 20
-880.0753404111924
 10
238.39419385507261
 20
-880.0012922593629
 10
238.41008294766215
 20
-879.9277245950209
 10
238.42837059953519
 20
-879.8547161962642
 10
238.44903722781595
 20
-879.7823452423147
 10
238.4720607021613
 20
-879.7106892298027
 10
238.49741636845818
 20
-879.6398248897812
 10
238.5250770752241
 20
-879.5698281055603
 10
238.55501320268132
 20
-879.5007738314499
 10
238.58719269447488
 20
-879.4327360124963
 10
238.6215810919988
 20
-879.3657875053002
 10
238.6581415712958
 20
-879.3
 10
238.6968349824889
 20
-879.2354439435042
 10
238.73761989170418
 20
-879.1721884640549
 10
238.7804526254393
 20
-879.110301297204
 10
238.8252873173302
 20
-879.04984871328
 10
238.87207595726574
 20
-878.9908954464236
 10
238.92076844279836
 20
-878.9335046252698
 10
238.971312632795
 20
-878.8777377053474
 10
239.023654403271
 20
-878.8236544032709
 10
239.07773770534743
 20
-878.771312632795
 10
239.1335046252699
 20
-878.7207684427983
 10
239.19089544642367
 20
-878.6720759572657
 10
239.24984871327996
 20
-878.6252873173302
 10
239.3103012972041
 20
-878.5804526254393
 10
239.37218846405494
 20
-878.5376198917041
 10
239.4354439435042
 20
-878.4968349824888
 10
239.50000000000006
 20
-878.4581415712958
 10
239.56578750530025
 20
-878.4215810919987
 10
239.6327360124963
 20
-878.3871926944748
 10
239.7007738314499
 20
-878.3550132026813
 10
239.76982810556035
 20
-878.325077075224
 10
239.8398248897812
 20
-878.2974163684581
 10
239.91068922980276
 20
-878.2720607021613
 10
239.98234524231475
 20
-878.249037227816
 10
240.05471619626422
 20
-878.2283705995351
 10
240.127724595021
 20
-878.2100829476622
 10
240.20129225936296
 20
-878.1941938550726
 10
240.27534041119247
 20
-878.1807203362048
 10
240.34978975789392
 20
-878.1696768188402
 10
240.42456057724206
 20
-878.1610751286539
 10
240.49957280277073
 20
-878.1549244765512
 10
240.57474610950993
 20
-878.1512314488043
 10
240.65000000000003
 20
-878.15
 10
240.72525389049014
 20
-878.1512314488043
 10
240.80042719722934
 20
-878.1549244765512
 10
240.875439422758
 20
-878.1610751286539
 10
240.95021024210615
 20
-878.1696768188402
 10
241.0246595888076
 20
-878.1807203362048
 10
241.0987077406371
 20
-878.1941938550726
 10
241.17227540497908
 20
-878.2100829476622
 10
241.24528380373584
 20
-878.2283705995351
 10
241.31765475768532
 20
-878.249037227816
 10
241.3893107701973
 20
-878.2720607021613
 10
241.46017511021887
 20
-878.2974163684581
 10
241.53017189443972
 20
-878.325077075224
 10
241.59922616855016
 20
-878.3550132026813
 10
241.66726398750376
 20
-878.3871926944748
 10
241.73421249469982
 20
-878.4215810919987
 10
241.8
 20
-878.4581415712958
 10
241.86455605649587
 20
-878.4968349824888
 10
241.92781153594512
 20
-878.5376198917041
 10
241.98969870279598
 20
-878.5804526254393
 10
242.0501512867201
 20
-878.6252873173302
 10
242.1091045535764
 20
-878.6720759572657
 10
242.16649537473018
 20
-878.7207684427983
 10
242.22226229465264
 20
-878.771312632795
 10
242.27634559672907
 20
-878.8236544032709
 10
242.32868736720508
 20
-878.8777377053474
 10
242.3792315572017
 20
-878.9335046252698
 10
242.42792404273433
 20
-878.9908954464236
 10
242.47471268266986
 20
-879.04984871328
 10
242.51954737456077
 20
-879.110301297204
 10
242.56238010829588
 20
-879.1721884640549
 10
242.60316501751117
 20
-879.2354439435042
 10
242.64185842870427
 20
-879.3
 10
242.67841890800128
 20
-879.3657875053002
 10
242.7128073055252
 20
-879.4327360124963
 10
242.74498679731875
 20
-879.5007738314499
 10
242.77492292477598
 20
-879.5698281055603
 10
242.8025836315419
 20
-879.6398248897812
 10
242.82793929783878
 20
-879.7106892298027
 10
242.85096277218412
 20
-879.7823452423147
 10
242.87162940046488
 20
-879.8547161962642
 10
242.88991705233792
 20
-879.9277245950209
 10
242.90580614492745
 20
-880.0012922593629
 10
242.91927966379524
 20
-880.0753404111924
 10
242.9303231811598
 20
-880.1497897578939
 10
242.9389248713461
 20
-880.2245605772421
 10
242.94507552344885
 20
-880.2995728027706
 10
242.94876855119566
 20
-880.3747461095099
 10
242.95000000000005
 20
-880.45
 10
242.94876855119566
 20
-880.5252538904901
 10
242.94507552344885
 20
-880.6004271972294
 10
242.9389248713461
 20
-880.675439422758
 10
242.9303231811598
 20
-880.7502102421062
 10
242.91927966379524
 20
-880.8246595888075
 10
242.90580614492745
 20
-880.8987077406371
 10
242.88991705233792
 20
-880.9722754049791
 10
242.87162940046488
 20
-881.0452838037359
 10
242.85096277218412
 20
-881.1176547576853
 10
242.82793929783878
 20
-881.1893107701973
 10
242.8025836315419
 20
-881.2601751102188
 10
242.77492292477598
 20
-881.3301718944397
 10
242.74498679731875
 20
-881.3992261685501
 10
242.7128073055252
 20
-881.4672639875037
 10
242.67841890800128
 20
-881.5342124946998
 10
242.64185842870427
 20
-881.6
 10
242.60316501751117
 20
-881.6645560564958
 10
242.56238010829588
 20
-881.7278115359451
 10
242.51954737456077
 20
-881.7896987027959
 10
242.47471268266986
 20
-881.8501512867201
 10
242.42792404273433
 20
-881.9091045535764
 10
242.3792315572017
 20
-881.9664953747301
 10
242.32868736720508
 20
-882.0222622946526
 10
242.27634559672907
 20
-882.0763455967291
 10
242.22226229465264
 20
-882.128687367205
 10
242.16649537473018
 20
-882.1792315572017
 10
242.1091045535764
 20
-882.2279240427343
 10
242.0501512867201
 20
-882.2747126826698
 10
241.98969870279598
 20
-882.3195473745607
 10
241.92781153594512
 20
-882.3623801082958
 10
241.86455605649587
 20
-882.4031650175111
 10
241.8
 20
-882.4418584287042
 10
241.73421249469982
 20
-882.4784189080012
 10
241.66726398750376
 20
-882.5128073055251
 10
241.59922616855016
 20
-882.5449867973186
 10
241.53017189443972
 20
-882.5749229247759
 10
241.46017511021887
 20
-882.6025836315418
 10
241.3893107701973
 20
-882.6279392978388
 10
241.31765475768532
 20
-882.6509627721841
 10
241.24528380373584
 20
-882.6716294004649
 10
241.17227540497908
 20
-882.6899170523379
 10
241.0987077406371
 20
-882.7058061449275
 10
241.0246595888076
 20
-882.7192796637952
 10
240.95021024210615
 20
-882.7303231811597
 10
240.875439422758
 20
-882.7389248713461
 10
240.80042719722934
 20
-882.7450755234488
 10
240.72525389049014
 20
-882.7487685511957
 10
240.65000000000003
 20
-882.75
 10
240.57474610950993
 20
-882.7487685511957
 10
240.49957280277073
 20
-882.7450755234488
 10
240.42456057724206
 20
-882.7389248713461
 10
240.34978975789392
 20
-882.7303231811597
 10
240.27534041119247
 20
-882.7192796637952
 10
240.20129225936296
 20
-882.7058061449275
 10
240.127724595021
 20
-882.6899170523379
 10
240.05471619626422
 20
-882.6716294004649
 10
239.98234524231475
 20
-882.6509627721841
 10
239.91068922980276
 20
-882.6279392978388
 10
239.8398248897812
 20
-882.6025836315418
 10
239.76982810556035
 20
-882.5749229247759
 10
239.7007738314499
 20
-882.5449867973186
 10
239.6327360124963
 20
-882.5128073055251
 10
239.56578750530025
 20
-882.4784189080012
 10
239.50000000000006
 20
-882.4418584287042
 10
239.4354439435042
 20
-882.4031650175111
 10
239.37218846405494
 20
-882.3623801082958
 10
239.3103012972041
 20
-882.3195473745607
 10
239.24984871327996
 20
-882.2747126826698
 10
239.19089544642367
 20
-882.2279240427343
 10
239.1335046252699
 20
-882.1792315572017
 10
239.07773770534743
 20
-882.128687367205
 10
239.023654403271
 20
-882.0763455967291
 10
238.971312632795
 20
-882.0222622946526
 10
238.92076844279836
 20
-881.9664953747301
 10
238.87207595726574
 20
-881.9091045535764
 10
238.8252873173302
 20
-881.8501512867201
 10
238.7804526254393
 20
-881.7896987027959
 10
238.73761989170418
 20
-881.7278115359451
 10
238.6968349824889
 20
-881.6645560564958
 10
238.6581415712958
 20
-881.6
 10
238.6215810919988
 20
-881.5342124946998
 10
238.58719269447488
 20
-881.4672639875037
 10
238.55501320268132
 20
-881.3992261685501
 10
238.5250770752241
 20
-881.3301718944397
 10
238.49741636845818
 20
-881.2601751102188
 10
238.4720607021613
 20
-881.1893107701973
 10
238.44903722781595
 20
-881.1176547576853
 10
238.42837059953519
 20
-881.0452838037359
 10
238.41008294766215
 20
-880.9722754049791
 10
238.39419385507261
 20
-880.8987077406371
 10
238.38072033620483
 20
-880.8246595888075
 10
238.36967681884028
 20
-880.7502102421062
 10
238.36107512865397
 20
-880.675439422758
 10
238.35492447655122
 20
-880.6004271972294
 10
238.3512314488044
 20
-880.5252538904901
 10
238.35000000000002
 20
-880.45
  0
LWPOLYLINE
  5
12D
330
17
100
AcDbEntity
  8
20_ВИДИМЫЕ
100
AcDbPolyline
 90
193
 70
1
 10
239.35000000000002
 20
-905.45
 10
239.35069603628074
 20
-905.4074651923318
 10
239.35278339978987
 20
-905.3649759320008
 10
239.3562598553262
 20
-905.3225777175716
 10
239.36112168021407
 20
-905.280315950114
 10
239.36736366828967
 20
-905.2382358845871
 10
239.37497913547583
 20
-905.196382581379
 10
239.3839599269395
 20
-905.1548008580553
 10
239.39429642582422
 20
-905.1135352413667
 10
239.40597756354816
 20
-905.0726299195692
 10
239.4189908316564
 20
-905.0321286951059
 10
239.43332229521553
 20
-904.9920749377025
 10
239.44895660773534
 20
-904.9525115379254
 10
239.46587702760252
 20
-904.9134808612542
 10
239.48406543600754
 20
-904.8750247027153
 10
239.50350235634716
 20
-904.8371842421262
 10
239.52416697508028
 20
-904.8
 10
239.5460371640155
 20
-904.7635117941545
 10
239.56908950400674
 20
-904.7277586970745
 10
239.59329931003094
 20
-904.6927789940719
 10
239.61864065762143
 20
-904.6586101422887
 10
239.6450864106285
 20
-904.6252887305873
 10
239.67260825027734
 20
-904.59285044037
 10
239.70117670549286
 20
-904.5613300073703
 10
239.73076118445755
 20
-904.5307611844574
 10
239.7613300073703
 20
-904.5011767054928
 10
239.79285044036993
 20
-904.4726082502773
 10
239.82528873058732
 20
-904.4450864106284
 10
239.85861014228868
 20
-904.4186406576214
 10
239.89277899407188
 20
-904.3932993100309
 10
239.92775869707452
 20
-904.3690895040068
 10
239.96351179415456
 20
-904.3460371640155
 10
240.00000000000006
 20
-904.3241669750803
 10
240.03718424212622
 20
-904.3035023563472
 10
240.07502470271533
 20
-904.2840654360075
 10
240.11348086125435
 20
-904.2658770276025
 10
240.15251153792542
 20
-904.2489566077353
 10
240.19207493770244
 20
-904.2333222952154
 10
240.23212869510593
 20
-904.2189908316564
 10
240.27262991956923
 20
-904.2059775635481
 10
240.31353524136676
 20
-904.1942964258242
 10
240.35480085805534
 20
-904.1839599269395
 10
240.39638258137904
 20
-904.1749791354758
 10
240.43823588458707
 20
-904.1673636682897
 10
240.48031595011395
 20
-904.161121680214
 10
240.5225777175716
 20
-904.1562598553262
 10
240.56497593200083
 20
-904.1527833997898
 10
240.60746519233174
 20
-904.1506960362807
 10
240.65000000000003
 20
-904.15
 10
240.69253480766832
 20
-904.1506960362807
 10
240.73502406799923
 20
-904.1527833997898
 10
240.77742228242846
 20
-904.1562598553262
 10
240.81968404988612
 20
-904.161121680214
 10
240.861764115413
 20
-904.1673636682897
 10
240.90361741862102
 20
-904.1749791354758
 10
240.94519914194473
 20
-904.1839599269395
 10
240.9864647586333
 20
-904.1942964258242
 10
241.02737008043084
 20
-904.2059775635481
 10
241.06787130489414
 20
-904.2189908316564
 10
241.10792506229762
 20
-904.2333222952154
 10
241.14748846207465
 20
-904.2489566077353
 10
241.18651913874572
 20
-904.2658770276025
 10
241.22497529728474
 20
-904.2840654360075
 10
241.26281575787385
 20
-904.3035023563472
 10
241.3
 20
-904.3241669750803
 10
241.3364882058455
 20
-904.3460371640155
 10
241.37224130292554
 20
-904.3690895040068
 10
241.4072210059282
 20
-904.3932993100309
 10
241.44138985771139
 20
-904.4186406576214
 10
241.47471126941275
 20
-904.4450864106284
 10
241.50714955963014
 20
-904.4726082502773
 10
241.53866999262976
 20
-904.5011767054928
 10
241.56923881554252
 20
-904.5307611844574
 10
241.5988232945072
 20
-904.5613300073703
 10
241.62739174972273
 20
-904.59285044037
 10
241.65491358937157
 20
-904.6252887305873
 10
241.68135934237864
 20
-904.6586101422887
 10
241.70670068996913
 20
-904.6927789940719
 10
241.73091049599333
 20
-904.7277586970745
 10
241.75396283598457
 20
-904.7635117941545
 10
241.7758330249198
 20
-904.8
 10
241.7964976436529
 20
-904.8371842421262
 10
241.81593456399253
 20
-904.8750247027153
 10
241.83412297239755
 20
-904.9134808612542
 10
241.85104339226473
 20
-904.9525115379254
 10
241.86667770478454
 20
-904.9920749377025
 10
241.88100916834367
 20
-905.0321286951059
 10
241.8940224364519
 20
-905.0726299195692
 10
241.90570357417585
 20
-905.1135352413667
 10
241.91604007306057
 20
-905.1548008580553
 10
241.92502086452424
 20
-905.196382581379
 10
241.9326363317104
 20
-905.2382358845871
 10
241.938878319786
 20
-905.280315950114
 10
241.94374014467388
 20
-905.3225777175716
 10
241.9472166002102
 20
-905.3649759320008
 10
241.94930396371933
 20
-905.4074651923318
 10
241.95000000000005
 20
-905.45
 10
241.94930396371933
 20
-905.4925348076683
 10
241.9472166002102
 20
-905.5350240679992
 10
241.94374014467388
 20
-905.5774222824284
 10
241.938878319786
 20
-905.619684049886
 10
241.9326363317104
 20
-905.661764115413
 10
241.92502086452424
 20
-905.703617418621
 10
241.91604007306057
 20
-905.7451991419447
 10
241.90570357417585
 20
-905.7864647586333
 10
241.8940224364519
 20
-905.8273700804308
 10
241.88100916834367
 20
-905.8678713048942
 10
241.86667770478454
 20
-905.9079250622976
 10
241.85104339226473
 20
-905.9474884620746
 10
241.83412297239755
 20
-905.9865191387457
 10
241.81593456399253
 20
-906.0249752972848
 10
241.7964976436529
 20
-906.0628157578738
 10
241.7758330249198
 20
-906.1
 10
241.75396283598457
 20
-906.1364882058455
 10
241.73091049599333
 20
-906.1722413029255
 10
241.70670068996913
 20
-906.2072210059282
 10
241.68135934237864
 20
-906.2413898577113
 10
241.65491358937157
 20
-906.2747112694127
 10
241.62739174972273
 20
-906.30714955963
 10
241.5988232945072
 20
-906.3386699926298
 10
241.56923881554252
 20
-906.3692388155425
 10
241.53866999262976
 20
-906.3988232945072
 10
241.50714955963014
 20
-906.4273917497227
 10
241.47471126941275
 20
-906.4549135893716
 10
241.44138985771139
 20
-906.4813593423786
 10
241.4072210059282
 20
-906.5067006899691
 10
241.37224130292554
 20
-906.5309104959933
 10
241.3364882058455
 20
-906.5539628359845
 10
241.3
 20
-906.5758330249198
 10
241.26281575787385
 20
-906.5964976436528
 10
241.22497529728474
 20
-906.6159345639925
 10
241.18651913874572
 20
-906.6341229723976
 10
241.14748846207465
 20
-906.6510433922647
 10
241.10792506229762
 20
-906.6666777047845
 10
241.06787130489414
 20
-906.6810091683436
 10
241.02737008043084
 20
-906.6940224364519
 10
240.9864647586333
 20
-906.7057035741758
 10
240.94519914194473
 20
-906.7160400730605
 10
240.90361741862102
 20
-906.7250208645241
 10
240.861764115413
 20
-906.7326363317104
 10
240.81968404988612
 20
-906.738878319786
 10
240.77742228242846
 20
-906.7437401446739
 10
240.73502406799923
 20
-906.7472166002102
 10
240.69253480766832
 20
-906.7493039637193
 10
240.65000000000003
 20
-906.75
 10
240.60746519233174
 20
-906.7493039637193
 10
240.56497593200083
 20
-906.7472166002102
 10
240.5225777175716
 20
-906.7437401446739
 10
240.48031595011395
 20
-906.738878319786
 10
240.43823588458707
 20
-906.7326363317104
 10
240.39638258137904
 20
-906.7250208645241
 10
240.35480085805534
 20
-906.7160400730605
 10
240.31353524136676
 20
-906.7057035741758
 10
240.27262991956923
 20
-906.6940224364519
 10
240.23212869510593
 20
-906.6810091683436
 10
240.19207493770244
 20
-906.6666777047845
 10
240.15251153792542
 20
-906.6510433922647
 10
240.11348086125435
 20
-906.6341229723976
 10
240.07502470271533
 20
-906.6159345639925
 10
240.03718424212622
 20
-906.5964976436528
 10
240.00000000000006
 20
-906.5758330249198
 10
239.96351179415456
 20
-906.5539628359845
 10
239.92775869707452
 20
-906.5309104959933
 10
239.89277899407188
 20
-906.5067006899691
 10
239.85861014228868
 20
-906.4813593423786
 10
239.82528873058732
 20
-906.4549135893716
 10
239.79285044036993
 20
-906.4273917497227
 10
239.7613300073703
 20
-906.3988232945072
 10
239.73076118445755
 20
-906.3692388155425
 10
239.70117670549286
 20
-906.3386699926298
 10
239.67260825027734
 20
-906.30714955963
 10
239.6450864106285
 20
-906.2747112694127
 10
239.61864065762143
 20
-906.2413898577113
 10
239.59329931003094
 20
-906.2072210059282
 10
239.56908950400674
 20
-906.1722413029255
 10
239.5460371640155
 20
-906.1364882058455
 10
239.52416697508028
 20
-906.1
 10
239.50350235634716
 20
-906.0628157578738
 10
239.48406543600754
 20
-906.0249752972848
 10
239.46587702760252
 20
-905.9865191387457
 10
239.44895660773534
 20
-905.9474884620746
 10
239.43332229521553
 20
-905.9079250622976
 10
239.4189908316564
 20
-905.8678713048942
 10
239.40597756354816
 20
-905.8273700804308
 10
239.39429642582422
 20
-905.7864647586333
 10
239.3839599269395
 20
-905.7451991419447
 10
239.37497913547583
 20
-905.703617418621
 10
239.36736366828967
 20
-905.661764115413
 10
239.36112168021407
 20
-905.619684049886
 10
239.3562598553262
 20
-905.5774222824284
 10
239.35278339978987
 20
-905.5350240679992
 10
239.35069603628074
 20
-905.4925348076683
 10
239.35000000000002
 20
-905.45
  0
LWPOLYLINE
  5
12E
330
17
100
AcDbEntity
  8
20_ВИДИМЫЕ
100
AcDbPolyline
 90
193
 70
1
 10
238.35000000000002
 20
-905.45
 10
238.3512314488044
 20
-905.3747461095099
 10
238.35492447655122
 20
-905.2995728027706
 10
238.36107512865397
 20
-905.2245605772421
 10
238.36967681884028
 20
-905.1497897578939
 10
238.38072033620483
 20
-905.0753404111924
 10
238.39419385507261
 20
-905.0012922593629
 10
238.41008294766215
 20
-904.9277245950209
 10
238.42837059953519
 20
-904.8547161962642
 10
238.44903722781595
 20
-904.7823452423147
 10
238.4720607021613
 20
-904.7106892298027
 10
238.49741636845818
 20
-904.6398248897812
 10
238.5250770752241
 20
-904.5698281055603
 10
238.55501320268132
 20
-904.5007738314499
 10
238.58719269447488
 20
-904.4327360124963
 10
238.6215810919988
 20
-904.3657875053002
 10
238.6581415712958
 20
-904.3
 10
238.6968349824889
 20
-904.2354439435042
 10
238.73761989170418
 20
-904.1721884640549
 10
238.7804526254393
 20
-904.110301297204
 10
238.8252873173302
 20
-904.04984871328
 10
238.87207595726574
 20
-903.9908954464236
 10
238.92076844279836
 20
-903.9335046252698
 10
238.971312632795
 20
-903.8777377053474
 10
239.023654403271
 20
-903.8236544032709
 10
239.07773770534743
 20
-903.771312632795
 10
239.1335046252699
 20
-903.7207684427983
 10
239.19089544642367
 20
-903.6720759572657
 10
239.24984871327996
 20
-903.6252873173302
 10
239.3103012972041
 20
-903.5804526254393
 10
239.37218846405494
 20
-903.5376198917041
 10
239.4354439435042
 20
-903.4968349824888
 10
239.50000000000006
 20
-903.4581415712958
 10
239.56578750530025
 20
-903.4215810919987
 10
239.6327360124963
 20
-903.3871926944748
 10
239.7007738314499
 20
-903.3550132026813
 10
239.76982810556035
 20
-903.325077075224
 10
239.8398248897812
 20
-903.2974163684581
 10
239.91068922980276
 20
-903.2720607021613
 10
239.98234524231475
 20
-903.249037227816
 10
240.05471619626422
 20
-903.2283705995351
 10
240.127724595021
 20
-903.2100829476622
 10
240.20129225936296
 20
-903.1941938550726
 10
240.27534041119247
 20
-903.1807203362048
 10
240.34978975789392
 20
-903.1696768188402
 10
240.42456057724206
 20
-903.1610751286539
 10
240.49957280277073
 20
-903.1549244765512
 10
240.57474610950993
 20
-903.1512314488043
 10
240.65000000000003
 20
-903.15
 10
240.72525389049014
 20
-903.1512314488043
 10
240.80042719722934
 20
-903.1549244765512
 10
240.875439422758
 20
-903.1610751286539
 10
240.95021024210615
 20
-903.1696768188402
 10
241.0246595888076
 20
-903.1807203362048
 10
241.0987077406371
 20
-903.1941938550726
 10
241.17227540497908
 20
-903.2100829476622
 10
241.24528380373584
 20
-903.2283705995351
 10
241.31765475768532
 20
-903.249037227816
 10
241.3893107701973
 20
-903.2720607021613
 10
241.46017511021887
 20
-903.2974163684581
 10
241.53017189443972
 20
-903.325077075224
 10
241.59922616855016
 20
-903.3550132026813
 10
241.66726398750376
 20
-903.3871926944748
 10
241.73421249469982
 20
-903.4215810919987
 10
241.8
 20
-903.4581415712958
 10
241.86455605649587
 20
-903.4968349824888
 10
241.92781153594512
 20
-903.5376198917041
 10
241.98969870279598
 20
-903.5804526254393
 10
242.0501512867201
 20
-903.6252873173302
 10
242.1091045535764
 20
-903.6720759572657
 10
242.16649537473018
 20
-903.7207684427983
 10
242.22226229465264
 20
-903.771312632795
 10
242.27634559672907
 20
-903.8236544032709
 10
242.32868736720508
 20
-903.8777377053474
 10
242.3792315572017
 20
-903.9335046252698
 10
242.42792404273433
 20
-903.9908954464236
 10
242.47471268266986
 20
-904.04984871328
 10
242.51954737456077
 20
-904.110301297204
 10
242.56238010829588
 20
-904.1721884640549
 10
242.60316501751117
 20
-904.2354439435042
 10
242.64185842870427
 20
-904.3
 10
242.67841890800128
 20
-904.3657875053002
 10
242.7128073055252
 20
-904.4327360124963
 10
242.74498679731875
 20
-904.5007738314499
 10
242.77492292477598
 20
-904.5698281055603
 10
242.8025836315419
 20
-904.6398248897812
 10
242.82793929783878
 20
-904.7106892298027
 10
242.85096277218412
 20
-904.7823452423147
 10
242.87162940046488
 20
-904.8547161962642
 10
242.88991705233792
 20
-904.9277245950209
 10
242.90580614492745
 20
-905.0012922593629
 10
242.91927966379524
 20
-905.0753404111924
 10
242.9303231811598
 20
-905.1497897578939
 10
242.9389248713461
 20
-905.2245605772421
 10
242.94507552344885
 20
-905.2995728027706
 10
242.94876855119566
 20
-905.3747461095099
 10
242.95000000000005
 20
-905.45
 10
242.94876855119566
 20
-905.5252538904901
 10
242.94507552344885
 20
-905.6004271972294
 10
242.9389248713461
 20
-905.675439422758
 10
242.9303231811598
 20
-905.7502102421062
 10
242.91927966379524
 20
-905.8246595888075
 10
242.90580614492745
 20
-905.8987077406371
 10
242.88991705233792
 20
-905.9722754049791
 10
242.87162940046488
 20
-906.0452838037359
 10
242.85096277218412
 20
-906.1176547576853
 10
242.82793929783878
 20
-906.1893107701973
 10
242.8025836315419
 20
-906.2601751102188
 10
242.77492292477598
 20
-906.3301718944397
 10
242.74498679731875
 20
-906.3992261685501
 10
242.7128073055252
 20
-906.4672639875037
 10
242.67841890800128
 20
-906.5342124946998
 10
242.64185842870427
 20
-906.6
 10
242.60316501751117
 20
-906.6645560564958
 10
242.56238010829588
 20
-906.7278115359451
 10
242.51954737456077
 20
-906.7896987027959
 10
242.47471268266986
 20
-906.8501512867201
 10
242.42792404273433
 20
-906.9091045535764
 10
242.3792315572017
 20
-906.9664953747301
 10
242.32868736720508
 20
-907.0222622946526
 10
242.27634559672907
 20
-907.0763455967291
 10
242.22226229465264
 20
-907.128687367205
 10
242.16649537473018
 20
-907.1792315572017
 10
242.1091045535764
 20
-907.2279240427343
 10
242.0501512867201
 20
-907.2747126826698
 10
241.98969870279598
 20
-907.3195473745607
 10
241.92781153594512
 20
-907.3623801082958
 10
241.86455605649587
 20
-907.4031650175111
 10
241.8
 20
-907.4418584287042
 10
241.73421249469982
 20
-907.4784189080012
 10
241.66726398750376
 20
-907.5128073055251
 10
241.59922616855016
 20
-907.5449867973186
 10
241.53017189443972
 20
-907.5749229247759
 10
241.46017511021887
 20
-907.6025836315418
 10
241.3893107701973
 20
-907.6279392978388
 10
241.31765475768532
 20
-907.6509627721841
 10
241.24528380373584
 20
-907.6716294004649
 10
241.17227540497908
 20
-907.6899170523379
 10
241.0987077406371
 20
-907.7058061449275
 10
241.0246595888076
 20
-907.7192796637952
 10
240.95021024210615
 20
-907.7303231811597
 10
240.875439422758
 20
-907.7389248713461
 10
240.80042719722934
 20
-907.7450755234488
 10
240.72525389049014
 20
-907.7487685511957
 10
240.65000000000003
 20
-907.75
 10
240.57474610950993
 20
-907.7487685511957
 10
240.49957280277073
 20
-907.7450755234488
 10
240.42456057724206
 20
-907.7389248713461
 10
240.34978975789392
 20
-907.7303231811597
 10
240.27534041119247
 20
-907.7192796637952
 10
240.20129225936296
 20
-907.7058061449275
 10
240.127724595021
 20
-907.6899170523379
 10
240.05471619626422
 20
-907.6716294004649
 10
239.98234524231475
 20
-907.6509627721841
 10
239.91068922980276
 20
-907.6279392978388
 10
239.8398248897812
 20
-907.6025836315418
 10
239.76982810556035
 20
-907.5749229247759
 10
239.7007738314499
 20
-907.5449867973188
 10
239.6327360124963
 20
-907.5128073055251
 10
239.56578750530025
 20
-907.4784189080012
 10
239.50000000000006
 20
-907.4418584287042
 10
239.4354439435042
 20
-907.4031650175111
 10
239.37218846405494
 20
-907.3623801082958
 10
239.3103012972041
 20
-907.3195473745607
 10
239.24984871327996
 20
-907.2747126826698
 10
239.19089544642367
 20
-907.2279240427343
 10
239.1335046252699
 20
-907.1792315572017
 10
239.07773770534743
 20
-907.128687367205
 10
239.023654403271
 20
-907.0763455967291
 10
238.971312632795
 20
-907.0222622946526
 10
238.92076844279836
 20
-906.9664953747301
 10
238.87207595726574
 20
-906.9091045535764
 10
238.8252873173302
 20
-906.8501512867201
 10
238.7804526254393
 20
-906.7896987027959
 10
238.73761989170418
 20
-906.7278115359451
 10
238.6968349824889
 20
-906.6645560564958
 10
238.6581415712958
 20
-906.6
 10
238.6215810919988
 20
-906.5342124946998
 10
238.58719269447488
 20
-906.4672639875037
 10
238.55501320268132
 20
-906.3992261685501
 10
238.5250770752241
 20
-906.3301718944397
 10
238.49741636845818
 20
-906.2601751102188
 10
238.4720607021613
 20
-906.1893107701973
 10
238.44903722781595
 20
-906.1176547576853
 10
238.42837059953519
 20
-906.0452838037359
 10
238.41008294766215
 20
-905.9722754049791
 10
238.39419385507261
 20
-905.8987077406371
 10
238.38072033620483
 20
-905.8246595888075
 10
238.36967681884028
 20
-905.7502102421062
 10
238.36107512865397
 20
-905.675439422758
 10
238.35492447655122
 20
-905.6004271972294
 10
238.3512314488044
 20
-905.5252538904901
 10
238.35000000000002
 20
-905.45
  0
LWPOLYLINE
  5
12F
330
17
100
AcDbEntity
  8
20_ВИДИМЫЕ
100
AcDbPolyline
 90
193
 70
1
 10
223.35000000000002
 20
-880.45
 10
223.35069603628074
 20
-880.4074651923318
 10
223.35278339978987
 20
-880.3649759320008
 10
223.3562598553262
 20
-880.3225777175716
 10
223.36112168021407
 20
-880.280315950114
 10
223.36736366828967
 20
-880.2382358845871
 10
223.37497913547583
 20
-880.196382581379
 10
223.3839599269395
 20
-880.1548008580553
 10
223.39429642582422
 20
-880.1135352413667
 10
223.40597756354816
 20
-880.0726299195692
 10
223.4189908316564
 20
-880.0321286951059
 10
223.43332229521553
 20
-879.9920749377025
 10
223.44895660773534
 20
-879.9525115379254
 10
223.46587702760252
 20
-879.9134808612542
 10
223.48406543600754
 20
-879.8750247027153
 10
223.50350235634716
 20
-879.8371842421262
 10
223.52416697508028
 20
-879.8
 10
223.5460371640155
 20
-879.7635117941545
 10
223.56908950400674
 20
-879.7277586970745
 10
223.59329931003094
 20
-879.6927789940719
 10
223.61864065762143
 20
-879.6586101422887
 10
223.6450864106285
 20
-879.6252887305873
 10
223.67260825027734
 20
-879.59285044037
 10
223.70117670549286
 20
-879.5613300073703
 10
223.73076118445755
 20
-879.5307611844574
 10
223.7613300073703
 20
-879.5011767054928
 10
223.79285044036993
 20
-879.4726082502773
 10
223.82528873058732
 20
-879.4450864106284
 10
223.85861014228868
 20
-879.4186406576214
 10
223.89277899407188
 20
-879.3932993100309
 10
223.92775869707452
 20
-879.3690895040068
 10
223.96351179415456
 20
-879.3460371640155
 10
224.00000000000006
 20
-879.3241669750803
 10
224.03718424212622
 20
-879.3035023563472
 10
224.07502470271533
 20
-879.2840654360075
 10
224.11348086125435
 20
-879.2658770276025
 10
224.15251153792542
 20
-879.2489566077353
 10
224.19207493770244
 20
-879.2333222952154
 10
224.23212869510593
 20
-879.2189908316564
 10
224.27262991956923
 20
-879.2059775635481
 10
224.31353524136676
 20
-879.1942964258242
 10
224.35480085805534
 20
-879.1839599269395
 10
224.39638258137904
 20
-879.1749791354758
 10
224.43823588458707
 20
-879.1673636682897
 10
224.48031595011395
 20
-879.161121680214
 10
224.5225777175716
 20
-879.1562598553262
 10
224.56497593200083
 20
-879.1527833997898
 10
224.60746519233174
 20
-879.1506960362807
 10
224.65000000000003
 20
-879.15
 10
224.69253480766832
 20
-879.1506960362807
 10
224.73502406799923
 20
-879.1527833997898
 10
224.77742228242846
 20
-879.1562598553262
 10
224.81968404988612
 20
-879.161121680214
 10
224.861764115413
 20
-879.1673636682897
 10
224.90361741862102
 20
-879.1749791354758
 10
224.94519914194473
 20
-879.1839599269395
 10
224.9864647586333
 20
-879.1942964258242
 10
225.02737008043084
 20
-879.2059775635481
 10
225.06787130489414
 20
-879.2189908316564
 10
225.10792506229762
 20
-879.2333222952154
 10
225.14748846207465
 20
-879.2489566077353
 10
225.18651913874572
 20
-879.2658770276025
 10
225.22497529728474
 20
-879.2840654360075
 10
225.26281575787385
 20
-879.3035023563472
 10
225.3
 20
-879.3241669750803
 10
225.3364882058455
 20
-879.3460371640155
 10
225.37224130292554
 20
-879.3690895040068
 10
225.4072210059282
 20
-879.3932993100309
 10
225.44138985771139
 20
-879.4186406576214
 10
225.47471126941275
 20
-879.4450864106284
 10
225.50714955963014
 20
-879.4726082502773
 10
225.53866999262976
 20
-879.5011767054928
 10
225.56923881554252
 20
-879.5307611844574
 10
225.5988232945072
 20
-879.5613300073703
 10
225.62739174972273
 20
-879.59285044037
 10
225.65491358937157
 20
-879.6252887305873
 10
225.68135934237864
 20
-879.6586101422887
 10
225.70670068996913
 20
-879.6927789940719
 10
225.73091049599333
 20
-879.7277586970745
 10
225.75396283598457
 20
-879.7635117941545
 10
225.7758330249198
 20
-879.8
 10
225.7964976436529
 20
-879.8371842421262
 10
225.81593456399253
 20
-879.8750247027153
 10
225.83412297239755
 20
-879.9134808612542
 10
225.85104339226473
 20
-879.9525115379254
 10
225.86667770478454
 20
-879.9920749377025
 10
225.88100916834367
 20
-880.0321286951059
 10
225.8940224364519
 20
-880.0726299195692
 10
225.90570357417585
 20
-880.1135352413667
 10
225.91604007306057
 20
-880.1548008580553
 10
225.92502086452424
 20
-880.196382581379
 10
225.9326363317104
 20
-880.2382358845871
 10
225.938878319786
 20
-880.280315950114
 10
225.94374014467388
 20
-880.3225777175716
 10
225.9472166002102
 20
-880.3649759320008
 10
225.94930396371933
 20
-880.4074651923318
 10
225.95000000000005
 20
-880.45
 10
225.94930396371933
 20
-880.4925348076683
 10
225.9472166002102
 20
-880.5350240679992
 10
225.94374014467388
 20
-880.5774222824284
 10
225.938878319786
 20
-880.619684049886
 10
225.9326363317104
 20
-880.661764115413
 10
225.92502086452424
 20
-880.703617418621
 10
225.91604007306057
 20
-880.7451991419447
 10
225.90570357417585
 20
-880.7864647586333
 10
225.8940224364519
 20
-880.8273700804308
 10
225.88100916834367
 20
-880.8678713048942
 10
225.86667770478454
 20
-880.9079250622976
 10
225.85104339226473
 20
-880.9474884620746
 10
225.83412297239755
 20
-880.9865191387457
 10
225.81593456399253
 20
-881.0249752972848
 10
225.7964976436529
 20
-881.0628157578738
 10
225.7758330249198
 20
-881.1
 10
225.75396283598457
 20
-881.1364882058455
 10
225.73091049599333
 20
-881.1722413029255
 10
225.70670068996913
 20
-881.2072210059282
 10
225.68135934237864
 20
-881.2413898577113
 10
225.65491358937157
 20
-881.2747112694127
 10
225.62739174972273
 20
-881.30714955963
 10
225.5988232945072
 20
-881.3386699926298
 10
225.56923881554252
 20
-881.3692388155425
 10
225.53866999262976
 20
-881.3988232945072
 10
225.50714955963014
 20
-881.4273917497227
 10
225.47471126941275
 20
-881.4549135893716
 10
225.44138985771139
 20
-881.4813593423786
 10
225.4072210059282
 20
-881.5067006899691
 10
225.37224130292554
 20
-881.5309104959933
 10
225.3364882058455
 20
-881.5539628359845
 10
225.3
 20
-881.5758330249198
 10
225.26281575787385
 20
-881.5964976436528
 10
225.22497529728474
 20
-881.6159345639925
 10
225.18651913874572
 20
-881.6341229723976
 10
225.14748846207465
 20
-881.6510433922647
 10
225.10792506229762
 20
-881.6666777047845
 10
225.06787130489414
 20
-881.6810091683436
 10
225.02737008043084
 20
-881.6940224364519
 10
224.9864647586333
 20
-881.7057035741758
 10
224.94519914194473
 20
-881.7160400730605
 10
224.90361741862102
 20
-881.7250208645241
 10
224.861764115413
 20
-881.7326363317104
 10
224.81968404988612
 20
-881.738878319786
 10
224.77742228242846
 20
-881.7437401446739
 10
224.73502406799923
 20
-881.7472166002102
 10
224.69253480766832
 20
-881.7493039637193
 10
224.65000000000003
 20
-881.75
 10
224.60746519233174
 20
-881.7493039637193
 10
224.56497593200083
 20
-881.7472166002102
 10
224.5225777175716
 20
-881.7437401446739
 10
224.48031595011395
 20
-881.738878319786
 10
224.43823588458707
 20
-881.7326363317104
 10
224.39638258137904
 20
-881.7250208645241
 10
224.35480085805534
 20
-881.7160400730605
 10
224.31353524136676
 20
-881.7057035741758
 10
224.27262991956923
 20
-881.6940224364519
 10
224.23212869510593
 20
-881.6810091683436
 10
224.19207493770244
 20
-881.6666777047845
 10
224.15251153792542
 20
-881.6510433922647
 10
224.11348086125435
 20
-881.6341229723976
 10
224.07502470271533
 20
-881.6159345639925
 10
224.03718424212622
 20
-881.5964976436528
 10
224.00000000000006
 20
-881.5758330249198
 10
223.96351179415456
 20
-881.5539628359845
 10
223.92775869707452
 20
-881.5309104959933
 10
223.89277899407188
 20
-881.5067006899691
 10
223.85861014228868
 20
-881.4813593423786
 10
223.82528873058732
 20
-881.4549135893716
 10
223.79285044036993
 20
-881.4273917497227
 10
223.7613300073703
 20
-881.3988232945072
 10
223.73076118445755
 20
-881.3692388155425
 10
223.70117670549286
 20
-881.3386699926298
 10
223.67260825027734
 20
-881.30714955963
 10
223.6450864106285
 20
-881.2747112694127
 10
223.61864065762143
 20
-881.2413898577113
 10
223.59329931003094
 20
-881.2072210059282
 10
223.56908950400674
 20
-881.1722413029255
 10
223.5460371640155
 20
-881.1364882058455
 10
223.52416697508028
 20
-881.1
 10
223.50350235634716
 20
-881.0628157578738
 10
223.48406543600754
 20
-881.0249752972848
 10
223.46587702760252
 20
-880.9865191387457
 10
223.44895660773534
 20
-880.9474884620746
 10
223.43332229521553
 20
-880.9079250622976
 10
223.4189908316564
 20
-880.8678713048942
 10
223.40597756354816
 20
-880.8273700804308
 10
223.39429642582422
 20
-880.7864647586333
 10
223.3839599269395
 20
-880.7451991419447
 10
223.37497913547583
 20
-880.703617418621
 10
223.36736366828967
 20
-880.661764115413
 10
223.36112168021407
 20
-880.619684049886
 10
223.3562598553262
 20
-880.5774222824284
 10
223.35278339978987
 20
-880.5350240679992
 10
223.35069603628074
 20
-880.4925348076683
 10
223.35000000000002
 20
-880.45
  0
LWPOLYLINE
  5
130
330
17
100
AcDbEntity
  8
20_ВИДИМЫЕ
100
AcDbPolyline
 90
193
 70
1
 10
222.35000000000002
 20
-880.45
 10
222.3512314488044
 20
-880.3747461095099
 10
222.35492447655122
 20
-880.2995728027706
 10
222.36107512865397
 20
-880.2245605772421
 10
222.36967681884028
 20
-880.1497897578939
 10
222.38072033620483
 20
-880.0753404111924
 10
222.39419385507261
 20
-880.0012922593629
 10
222.41008294766215
 20
-879.9277245950209
 10
222.42837059953519
 20
-879.8547161962642
 10
222.44903722781595
 20
-879.7823452423147
 10
222.4720607021613
 20
-879.7106892298027
 10
222.49741636845818
 20
-879.6398248897812
 10
222.5250770752241
 20
-879.5698281055603
 10
222.55501320268132
 20
-879.5007738314499
 10
222.58719269447488
 20
-879.4327360124963
 10
222.6215810919988
 20
-879.3657875053002
 10
222.6581415712958
 20
-879.3
 10
222.6968349824889
 20
-879.2354439435042
 10
222.73761989170418
 20
-879.1721884640549
 10
222.7804526254393
 20
-879.110301297204
 10
222.8252873173302
 20
-879.04984871328
 10
222.87207595726574
 20
-878.9908954464236
 10
222.92076844279836
 20
-878.9335046252698
 10
222.971312632795
 20
-878.8777377053474
 10
223.023654403271
 20
-878.8236544032709
 10
223.07773770534743
 20
-878.771312632795
 10
223.1335046252699
 20
-878.7207684427983
 10
223.19089544642367
 20
-878.6720759572657
 10
223.24984871327996
 20
-878.6252873173302
 10
223.3103012972041
 20
-878.5804526254393
 10
223.37218846405494
 20
-878.5376198917041
 10
223.4354439435042
 20
-878.4968349824888
 10
223.50000000000006
 20
-878.4581415712958
 10
223.56578750530025
 20
-878.4215810919987
 10
223.6327360124963
 20
-878.3871926944748
 10
223.7007738314499
 20
-878.3550132026813
 10
223.76982810556035
 20
-878.325077075224
 10
223.8398248897812
 20
-878.2974163684581
 10
223.91068922980276
 20
-878.2720607021613
 10
223.98234524231475
 20
-878.249037227816
 10
224.05471619626422
 20
-878.2283705995351
 10
224.127724595021
 20
-878.2100829476622
 10
224.20129225936296
 20
-878.1941938550726
 10
224.27534041119247
 20
-878.1807203362048
 10
224.34978975789392
 20
-878.1696768188402
 10
224.42456057724206
 20
-878.1610751286539
 10
224.49957280277073
 20
-878.1549244765512
 10
224.57474610950993
 20
-878.1512314488043
 10
224.65000000000003
 20
-878.15
 10
224.72525389049014
 20
-878.1512314488043
 10
224.80042719722934
 20
-878.1549244765512
 10
224.875439422758
 20
-878.1610751286539
 10
224.95021024210615
 20
-878.1696768188402
 10
225.0246595888076
 20
-878.1807203362048
 10
225.0987077406371
 20
-878.1941938550726
 10
225.17227540497908
 20
-878.2100829476622
 10
225.24528380373584
 20
-878.2283705995351
 10
225.31765475768532
 20
-878.249037227816
 10
225.3893107701973
 20
-878.2720607021613
 10
225.46017511021887
 20
-878.2974163684581
 10
225.53017189443972
 20
-878.325077075224
 10
225.59922616855016
 20
-878.3550132026813
 10
225.66726398750376
 20
-878.3871926944748
 10
225.73421249469982
 20
-878.4215810919987
 10
225.8
 20
-878.4581415712958
 10
225.86455605649587
 20
-878.4968349824888
 10
225.92781153594512
 20
-878.5376198917041
 10
225.98969870279598
 20
-878.5804526254393
 10
226.0501512867201
 20
-878.6252873173302
 10
226.1091045535764
 20
-878.6720759572657
 10
226.16649537473018
 20
-878.7207684427983
 10
226.22226229465264
 20
-878.771312632795
 10
226.27634559672907
 20
-878.8236544032709
 10
226.32868736720508
 20
-878.8777377053474
 10
226.3792315572017
 20
-878.9335046252698
 10
226.42792404273433
 20
-878.9908954464236
 10
226.47471268266986
 20
-879.04984871328
 10
226.51954737456077
 20
-879.110301297204
 10
226.56238010829588
 20
-879.1721884640549
 10
226.60316501751117
 20
-879.2354439435042
 10
226.64185842870427
 20
-879.3
 10
226.67841890800128
 20
-879.3657875053002
 10
226.7128073055252
 20
-879.4327360124963
 10
226.74498679731875
 20
-879.5007738314499
 10
226.77492292477598
 20
-879.5698281055603
 10
226.8025836315419
 20
-879.6398248897812
 10
226.82793929783878
 20
-879.7106892298027
 10
226.85096277218412
 20
-879.7823452423147
 10
226.87162940046488
 20
-879.8547161962642
 10
226.88991705233792
 20
-879.9277245950209
 10
226.90580614492745
 20
-880.0012922593629
 10
226.91927966379524
 20
-880.0753404111924
 10
226.9303231811598
 20
-880.1497897578939
 10
226.9389248713461
 20
-880.2245605772421
 10
226.94507552344885
 20
-880.2995728027706
 10
226.94876855119566
 20
-880.3747461095099
 10
226.95000000000005
 20
-880.45
 10
226.94876855119566
 20
-880.5252538904901
 10
226.94507552344885
 20
-880.6004271972294
 10
226.9389248713461
 20
-880.675439422758
 10
226.9303231811598
 20
-880.7502102421062
 10
226.91927966379524
 20
-880.8246595888075
 10
226.90580614492745
 20
-880.8987077406371
 10
226.88991705233792
 20
-880.9722754049791
 10
226.87162940046488
 20
-881.0452838037359
 10
226.85096277218412
 20
-881.1176547576853
 10
226.82793929783878
 20
-881.1893107701973
 10
226.8025836315419
 20
-881.2601751102188
 10
226.77492292477598
 20
-881.3301718944397
 10
226.74498679731875
 20
-881.3992261685501
 10
226.7128073055252
 20
-881.4672639875037
 10
226.67841890800128
 20
-881.5342124946998
 10
226.64185842870427
 20
-881.6
 10
226.60316501751117
 20
-881.6645560564958
 10
226.56238010829588
 20
-881.7278115359451
 10
226.51954737456077
 20
-881.7896987027959
 10
226.47471268266986
 20
-881.8501512867201
 10
226.42792404273433
 20
-881.9091045535764
 10
226.3792315572017
 20
-881.9664953747301
 10
226.32868736720508
 20
-882.0222622946526
 10
226.27634559672907
 20
-882.0763455967291
 10
226.22226229465264
 20
-882.128687367205
 10
226.16649537473018
 20
-882.1792315572017
 10
226.1091045535764
 20
-882.2279240427343
 10
226.0501512867201
 20
-882.2747126826698
 10
225.98969870279598
 20
-882.3195473745607
 10
225.92781153594512
 20
-882.3623801082958
 10
225.86455605649587
 20
-882.4031650175111
 10
225.8
 20
-882.4418584287042
 10
225.73421249469982
 20
-882.4784189080012
 10
225.66726398750376
 20
-882.5128073055251
 10
225.59922616855016
 20
-882.5449867973186
 10
225.53017189443972
 20
-882.5749229247759
 10
225.46017511021887
 20
-882.6025836315418
 10
225.3893107701973
 20
-882.6279392978388
 10
225.31765475768532
 20
-882.6509627721841
 10
225.24528380373584
 20
-882.6716294004649
 10
225.17227540497908
 20
-882.6899170523379
 10
225.0987077406371
 20
-882.7058061449275
 10
225.0246595888076
 20
-882.7192796637952
 10
224.95021024210615
 20
-882.7303231811597
 10
224.875439422758
 20
-882.7389248713461
 10
224.80042719722934
 20
-882.7450755234488
 10
224.72525389049014
 20
-882.7487685511957
 10
224.65000000000003
 20
-882.75
 10
224.57474610950993
 20
-882.7487685511957
 10
224.49957280277073
 20
-882.7450755234488
 10
224.42456057724206
 20
-882.7389248713461
 10
224.34978975789392
 20
-882.7303231811597
 10
224.27534041119247
 20
-882.7192796637952
 10
224.20129225936296
 20
-882.7058061449275
 10
224.127724595021
 20
-882.6899170523379
 10
224.05471619626422
 20
-882.6716294004649
 10
223.98234524231475
 20
-882.6509627721841
 10
223.91068922980276
 20
-882.6279392978388
 10
223.8398248897812
 20
-882.6025836315418
 10
223.76982810556035
 20
-882.5749229247759
 10
223.7007738314499
 20
-882.5449867973186
 10
223.6327360124963
 20
-882.5128073055251
 10
223.56578750530025
 20
-882.4784189080012
 10
223.50000000000006
 20
-882.4418584287042
 10
223.4354439435042
 20
-882.4031650175111
 10
223.37218846405494
 20
-882.3623801082958
 10
223.3103012972041
 20
-882.3195473745607
 10
223.24984871327996
 20
-882.2747126826698
 10
223.19089544642367
 20
-882.2279240427343
 10
223.1335046252699
 20
-882.1792315572017
 10
223.07773770534743
 20
-882.128687367205
 10
223.023654403271
 20
-882.0763455967291
 10
222.971312632795
 20
-882.0222622946526
 10
222.92076844279836
 20
-881.9664953747301
 10
222.87207595726574
 20
-881.9091045535764
 10
222.8252873173302
 20
-881.8501512867201
 10
222.7804526254393
 20
-881.7896987027959
 10
222.73761989170418
 20
-881.7278115359451
 10
222.6968349824889
 20
-881.6645560564958
 10
222.6581415712958
 20
-881.6
 10
222.6215810919988
 20
-881.5342124946998
 10
222.58719269447488
 20
-881.4672639875037
 10
222.55501320268132
 20
-881.3992261685501
 10
222.5250770752241
 20
-881.3301718944397
 10
222.49741636845818
 20
-881.2601751102188
 10
222.4720607021613
 20
-881.1893107701973
 10
222.44903722781595
 20
-881.1176547576853
 10
222.42837059953519
 20
-881.0452838037359
 10
222.41008294766215
 20
-880.9722754049791
 10
222.39419385507261
 20
-880.8987077406371
 10
222.38072033620483
 20
-880.8246595888075
 10
222.36967681884028
 20
-880.7502102421062
 10
222.36107512865397
 20
-880.675439422758
 10
222.35492447655122
 20
-880.6004271972294
 10
222.3512314488044
 20
-880.5252538904901
 10
222.35000000000002
 20
-880.45
  0
LWPOLYLINE
  5
131
330
17
100
AcDbEntity
  8
20_ВИДИМЫЕ
100
AcDbPolyline
 90
193
 70
1
 10
223.35000000000002
 20
-905.45
 10
223.35069603628074
 20
-905.4074651923318
 10
223.35278339978987
 20
-905.3649759320008
 10
223.3562598553262
 20
-905.3225777175716
 10
223.36112168021407
 20
-905.280315950114
 10
223.36736366828967
 20
-905.2382358845871
 10
223.37497913547583
 20
-905.196382581379
 10
223.3839599269395
 20
-905.1548008580553
 10
223.39429642582422
 20
-905.1135352413667
 10
223.40597756354816
 20
-905.0726299195692
 10
223.4189908316564
 20
-905.0321286951059
 10
223.43332229521553
 20
-904.9920749377025
 10
223.44895660773534
 20
-904.9525115379254
 10
223.46587702760252
 20
-904.9134808612542
 10
223.48406543600754
 20
-904.8750247027153
 10
223.50350235634716
 20
-904.8371842421262
 10
223.52416697508028
 20
-904.8
 10
223.5460371640155
 20
-904.7635117941545
 10
223.56908950400674
 20
-904.7277586970745
 10
223.59329931003094
 20
-904.6927789940719
 10
223.61864065762143
 20
-904.6586101422887
 10
223.6450864106285
 20
-904.6252887305873
 10
223.67260825027734
 20
-904.59285044037
 10
223.70117670549286
 20
-904.5613300073703
 10
223.73076118445755
 20
-904.5307611844574
 10
223.7613300073703
 20
-904.5011767054928
 10
223.79285044036993
 20
-904.4726082502773
 10
223.82528873058732
 20
-904.4450864106284
 10
223.85861014228868
 20
-904.4186406576214
 10
223.89277899407188
 20
-904.3932993100309
 10
223.92775869707452
 20
-904.3690895040068
 10
223.96351179415456
 20
-904.3460371640155
 10
224.00000000000006
 20
-904.3241669750803
 10
224.03718424212622
 20
-904.3035023563472
 10
224.07502470271533
 20
-904.2840654360075
 10
224.11348086125435
 20
-904.2658770276025
 10
224.15251153792542
 20
-904.2489566077353
 10
224.19207493770244
 20
-904.2333222952154
 10
224.23212869510593
 20
-904.2189908316564
 10
224.27262991956923
 20
-904.2059775635481
 10
224.31353524136676
 20
-904.1942964258242
 10
224.35480085805534
 20
-904.1839599269395
 10
224.39638258137904
 20
-904.1749791354758
 10
224.43823588458707
 20
-904.1673636682897
 10
224.48031595011395
 20
-904.161121680214
 10
224.5225777175716
 20
-904.1562598553262
 10
224.56497593200083
 20
-904.1527833997898
 10
224.60746519233174
 20
-904.1506960362807
 10
224.65000000000003
 20
-904.15
 10
224.69253480766832
 20
-904.1506960362807
 10
224.73502406799923
 20
-904.1527833997898
 10
224.77742228242846
 20
-904.1562598553262
 10
224.81968404988612
 20
-904.161121680214
 10
224.861764115413
 20
-904.1673636682897
 10
224.90361741862102
 20
-904.1749791354758
 10
224.94519914194473
 20
-904.1839599269395
 10
224.9864647586333
 20
-904.1942964258242
 10
225.02737008043084
 20
-904.2059775635481
 10
225.06787130489414
 20
-904.2189908316564
 10
225.10792506229762
 20
-904.2333222952154
 10
225.14748846207465
 20
-904.2489566077353
 10
225.18651913874572
 20
-904.2658770276025
 10
225.22497529728474
 20
-904.2840654360075
 10
225.26281575787385
 20
-904.3035023563472
 10
225.3
 20
-904.3241669750803
 10
225.3364882058455
 20
-904.3460371640155
 10
225.37224130292554
 20
-904.3690895040068
 10
225.4072210059282
 20
-904.3932993100309
 10
225.44138985771139
 20
-904.4186406576214
 10
225.47471126941275
 20
-904.4450864106284
 10
225.50714955963014
 20
-904.4726082502773
 10
225.53866999262976
 20
-904.5011767054928
 10
225.56923881554252
 20
-904.5307611844574
 10
225.5988232945072
 20
-904.5613300073703
 10
225.62739174972273
 20
-904.59285044037
 10
225.65491358937157
 20
-904.6252887305873
 10
225.68135934237864
 20
-904.6586101422887
 10
225.70670068996913
 20
-904.6927789940719
 10
225.73091049599333
 20
-904.7277586970745
 10
225.75396283598457
 20
-904.7635117941545
 10
225.7758330249198
 20
-904.8
 10
225.7964976436529
 20
-904.8371842421262
 10
225.81593456399253
 20
-904.8750247027153
 10
225.83412297239755
 20
-904.9134808612542
 10
225.85104339226473
 20
-904.9525115379254
 10
225.86667770478454
 20
-904.9920749377025
 10
225.88100916834367
 20
-905.0321286951059
 10
225.8940224364519
 20
-905.0726299195692
 10
225.90570357417585
 20
-905.1135352413667
 10
225.91604007306057
 20
-905.1548008580553
 10
225.92502086452424
 20
-905.196382581379
 10
225.9326363317104
 20
-905.2382358845871
 10
225.938878319786
 20
-905.280315950114
 10
225.94374014467388
 20
-905.3225777175716
 10
225.9472166002102
 20
-905.3649759320008
 10
225.94930396371933
 20
-905.4074651923318
 10
225.95000000000005
 20
-905.45
 10
225.94930396371933
 20
-905.4925348076683
 10
225.9472166002102
 20
-905.5350240679992
 10
225.94374014467388
 20
-905.5774222824284
 10
225.938878319786
 20
-905.619684049886
 10
225.9326363317104
 20
-905.661764115413
 10
225.92502086452424
 20
-905.703617418621
 10
225.91604007306057
 20
-905.7451991419447
 10
225.90570357417585
 20
-905.7864647586333
 10
225.8940224364519
 20
-905.8273700804308
 10
225.88100916834367
 20
-905.8678713048942
 10
225.86667770478454
 20
-905.9079250622976
 10
225.85104339226473
 20
-905.9474884620746
 10
225.83412297239755
 20
-905.9865191387457
 10
225.81593456399253
 20
-906.0249752972848
 10
225.7964976436529
 20
-906.0628157578738
 10
225.7758330249198
 20
-906.1
 10
225.75396283598457
 20
-906.1364882058455
 10
225.73091049599333
 20
-906.1722413029255
 10
225.70670068996913
 20
-906.2072210059282
 10
225.68135934237864
 20
-906.2413898577113
 10
225.65491358937157
 20
-906.2747112694127
 10
225.62739174972273
 20
-906.30714955963
 10
225.5988232945072
 20
-906.3386699926298
 10
225.56923881554252
 20
-906.3692388155425
 10
225.53866999262976
 20
-906.3988232945072
 10
225.50714955963014
 20
-906.4273917497227
 10
225.47471126941275
 20
-906.4549135893716
 10
225.44138985771139
 20
-906.4813593423786
 10
225.4072210059282
 20
-906.5067006899691
 10
225.37224130292554
 20
-906.5309104959933
 10
225.3364882058455
 20
-906.5539628359845
 10
225.3
 20
-906.5758330249198
 10
225.26281575787385
 20
-906.5964976436528
 10
225.22497529728474
 20
-906.6159345639925
 10
225.18651913874572
 20
-906.6341229723976
 10
225.14748846207465
 20
-906.6510433922647
 10
225.10792506229762
 20
-906.6666777047845
 10
225.06787130489414
 20
-906.6810091683436
 10
225.02737008043084
 20
-906.6940224364519
 10
224.9864647586333
 20
-906.7057035741758
 10
224.94519914194473
 20
-906.7160400730605
 10
224.90361741862102
 20
-906.7250208645241
 10
224.861764115413
 20
-906.7326363317104
 10
224.81968404988612
 20
-906.738878319786
 10
224.77742228242846
 20
-906.7437401446739
 10
224.73502406799923
 20
-906.7472166002102
 10
224.69253480766832
 20
-906.7493039637193
 10
224.65000000000003
 20
-906.75
 10
224.60746519233174
 20
-906.7493039637193
 10
224.56497593200083
 20
-906.7472166002102
 10
224.5225777175716
 20
-906.7437401446739
 10
224.48031595011395
 20
-906.738878319786
 10
224.43823588458707
 20
-906.7326363317104
 10
224.39638258137904
 20
-906.7250208645241
 10
224.35480085805534
 20
-906.7160400730605
 10
224.31353524136676
 20
-906.7057035741758
 10
224.27262991956923
 20
-906.6940224364519
 10
224.23212869510593
 20
-906.6810091683436
 10
224.19207493770244
 20
-906.6666777047845
 10
224.15251153792542
 20
-906.6510433922647
 10
224.11348086125435
 20
-906.6341229723976
 10
224.07502470271533
 20
-906.6159345639925
 10
224.03718424212622
 20
-906.5964976436528
 10
224.00000000000006
 20
-906.5758330249198
 10
223.96351179415456
 20
-906.5539628359845
 10
223.92775869707452
 20
-906.5309104959933
 10
223.89277899407188
 20
-906.5067006899691
 10
223.85861014228868
 20
-906.4813593423786
 10
223.82528873058732
 20
-906.4549135893716
 10
223.79285044036993
 20
-906.4273917497227
 10
223.7613300073703
 20
-906.3988232945072
 10
223.73076118445755
 20
-906.3692388155425
 10
223.70117670549286
 20
-906.3386699926298
 10
223.67260825027734
 20
-906.30714955963
 10
223.6450864106285
 20
-906.2747112694127
 10
223.61864065762143
 20
-906.2413898577113
 10
223.59329931003094
 20
-906.2072210059282
 10
223.56908950400674
 20
-906.1722413029255
 10
223.5460371640155
 20
-906.1364882058455
 10
223.52416697508028
 20
-906.1
 10
223.50350235634716
 20
-906.0628157578738
 10
223.48406543600754
 20
-906.0249752972848
 10
223.46587702760252
 20
-905.9865191387457
 10
223.44895660773534
 20
-905.9474884620746
 10
223.43332229521553
 20
-905.9079250622976
 10
223.4189908316564
 20
-905.8678713048942
 10
223.40597756354816
 20
-905.8273700804308
 10
223.39429642582422
 20
-905.7864647586333
 10
223.3839599269395
 20
-905.7451991419447
 10
223.37497913547583
 20
-905.703617418621
 10
223.36736366828967
 20
-905.661764115413
 10
223.36112168021407
 20
-905.619684049886
 10
223.3562598553262
 20
-905.5774222824284
 10
223.35278339978987
 20
-905.5350240679992
 10
223.35069603628074
 20
-905.4925348076683
 10
223.35000000000002
 20
-905.45
  0
LWPOLYLINE
  5
132
330
17
100
AcDbEntity
  8
20_ВИДИМЫЕ
100
AcDbPolyline
 90
193
 70
1
 10
222.35000000000002
 20
-905.45
 10
222.3512314488044
 20
-905.3747461095099
 10
222.35492447655122
 20
-905.2995728027706
 10
222.36107512865397
 20
-905.2245605772421
 10
222.36967681884028
 20
-905.1497897578939
 10
222.38072033620483
 20
-905.0753404111924
 10
222.39419385507261
 20
-905.0012922593629
 10
222.41008294766215
 20
-904.9277245950209
 10
222.42837059953519
 20
-904.8547161962642
 10
222.44903722781595
 20
-904.7823452423147
 10
222.4720607021613
 20
-904.7106892298027
 10
222.49741636845818
 20
-904.6398248897812
 10
222.5250770752241
 20
-904.5698281055603
 10
222.55501320268132
 20
-904.5007738314499
 10
222.58719269447488
 20
-904.4327360124963
 10
222.6215810919988
 20
-904.3657875053002
 10
222.6581415712958
 20
-904.3
 10
222.6968349824889
 20
-904.2354439435042
 10
222.73761989170418
 20
-904.1721884640549
 10
222.7804526254393
 20
-904.110301297204
 10
222.8252873173302
 20
-904.04984871328
 10
222.87207595726574
 20
-903.9908954464236
 10
222.92076844279836
 20
-903.9335046252698
 10
222.971312632795
 20
-903.8777377053474
 10
223.023654403271
 20
-903.8236544032709
 10
223.07773770534743
 20
-903.771312632795
 10
223.1335046252699
 20
-903.7207684427983
 10
223.19089544642367
 20
-903.6720759572657
 10
223.24984871327996
 20
-903.6252873173302
 10
223.3103012972041
 20
-903.5804526254393
 10
223.37218846405494
 20
-903.5376198917041
 10
223.4354439435042
 20
-903.4968349824888
 10
223.50000000000006
 20
-903.4581415712958
 10
223.56578750530025
 20
-903.4215810919987
 10
223.6327360124963
 20
-903.3871926944748
 10
223.7007738314499
 20
-903.3550132026813
 10
223.76982810556035
 20
-903.325077075224
 10
223.8398248897812
 20
-903.2974163684581
 10
223.91068922980276
 20
-903.2720607021613
 10
223.98234524231475
 20
-903.249037227816
 10
224.05471619626422
 20
-903.2283705995351
 10
224.127724595021
 20
-903.2100829476622
 10
224.20129225936296
 20
-903.1941938550726
 10
224.27534041119247
 20
-903.1807203362048
 10
224.34978975789392
 20
-903.1696768188402
 10
224.42456057724206
 20
-903.1610751286539
 10
224.49957280277073
 20
-903.1549244765512
 10
224.57474610950993
 20
-903.1512314488043
 10
224.65000000000003
 20
-903.15
 10
224.72525389049014
 20
-903.1512314488043
 10
224.80042719722934
 20
-903.1549244765512
 10
224.875439422758
 20
-903.1610751286539
 10
224.95021024210615
 20
-903.1696768188402
 10
225.0246595888076
 20
-903.1807203362048
 10
225.0987077406371
 20
-903.1941938550726
 10
225.17227540497908
 20
-903.2100829476622
 10
225.24528380373584
 20
-903.2283705995351
 10
225.31765475768532
 20
-903.249037227816
 10
225.3893107701973
 20
-903.2720607021613
 10
225.46017511021887
 20
-903.2974163684581
 10
225.53017189443972
 20
-903.325077075224
 10
225.59922616855016
 20
-903.3550132026813
 10
225.66726398750376
 20
-903.3871926944748
 10
225.73421249469982
 20
-903.4215810919987
 10
225.8
 20
-903.4581415712958
 10
225.86455605649587
 20
-903.4968349824888
 10
225.92781153594512
 20
-903.5376198917041
 10
225.98969870279598
 20
-903.5804526254393
 10
226.0501512867201
 20
-903.6252873173302
 10
226.1091045535764
 20
-903.6720759572657
 10
226.16649537473018
 20
-903.7207684427983
 10
226.22226229465264
 20
-903.771312632795
 10
226.27634559672907
 20
-903.8236544032709
 10
226.32868736720508
 20
-903.8777377053474
 10
226.3792315572017
 20
-903.9335046252698
 10
226.42792404273433
 20
-903.9908954464236
 10
226.47471268266986
 20
-904.04984871328
 10
226.51954737456077
 20
-904.110301297204
 10
226.56238010829588
 20
-904.1721884640549
 10
226.60316501751117
 20
-904.2354439435042
 10
226.64185842870427
 20
-904.3
 10
226.67841890800128
 20
-904.3657875053002
 10
226.7128073055252
 20
-904.4327360124963
 10
226.74498679731875
 20
-904.5007738314499
 10
226.77492292477598
 20
-904.5698281055603
 10
226.8025836315419
 20
-904.6398248897812
 10
226.82793929783878
 20
-904.7106892298027
 10
226.85096277218412
 20
-904.7823452423147
 10
226.87162940046488
 20
-904.8547161962642
 10
226.88991705233792
 20
-904.9277245950209
 10
226.90580614492745
 20
-905.0012922593629
 10
226.91927966379524
 20
-905.0753404111924
 10
226.9303231811598
 20
-905.1497897578939
 10
226.9389248713461
 20
-905.2245605772421
 10
226.94507552344885
 20
-905.2995728027706
 10
226.94876855119566
 20
-905.3747461095099
 10
226.95000000000005
 20
-905.45
 10
226.94876855119566
 20
-905.5252538904901
 10
226.94507552344885
 20
-905.6004271972294
 10
226.9389248713461
 20
-905.675439422758
 10
226.9303231811598
 20
-905.7502102421062
 10
226.91927966379524
 20
-905.8246595888075
 10
226.90580614492745
 20
-905.8987077406371
 10
226.88991705233792
 20
-905.9722754049791
 10
226.87162940046488
 20
-906.0452838037359
 10
226.85096277218412
 20
-906.1176547576853
 10
226.82793929783878
 20
-906.1893107701973
 10
226.8025836315419
 20
-906.2601751102188
 10
226.77492292477598
 20
-906.3301718944397
 10
226.74498679731875
 20
-906.3992261685501
 10
226.7128073055252
 20
-906.4672639875037
 10
226.67841890800128
 20
-906.5342124946998
 10
226.64185842870427
 20
-906.6
 10
226.60316501751117
 20
-906.6645560564958
 10
226.56238010829588
 20
-906.7278115359451
 10
226.51954737456077
 20
-906.7896987027959
 10
226.47471268266986
 20
-906.8501512867201
 10
226.42792404273433
 20
-906.9091045535764
 10
226.3792315572017
 20
-906.9664953747301
 10
226.32868736720508
 20
-907.0222622946526
 10
226.27634559672907
 20
-907.0763455967291
 10
226.22226229465264
 20
-907.128687367205
 10
226.16649537473018
 20
-907.1792315572017
 10
226.1091045535764
 20
-907.2279240427343
 10
226.0501512867201
 20
-907.2747126826698
 10
225.98969870279598
 20
-907.3195473745607
 10
225.92781153594512
 20
-907.3623801082958
 10
225.86455605649587
 20
-907.4031650175111
 10
225.8
 20
-907.4418584287042
 10
225.73421249469982
 20
-907.4784189080012
 10
225.66726398750376
 20
-907.5128073055251
 10
225.59922616855016
 20
-907.5449867973186
 10
225.53017189443972
 20
-907.5749229247759
 10
225.46017511021887
 20
-907.6025836315418
 10
225.3893107701973
 20
-907.6279392978388
 10
225.31765475768532
 20
-907.6509627721841
 10
225.24528380373584
 20
-907.6716294004649
 10
225.17227540497908
 20
-907.6899170523379
 10
225.0987077406371
 20
-907.7058061449275
 10
225.0246595888076
 20
-907.7192796637952
 10
224.95021024210615
 20
-907.7303231811597
 10
224.875439422758
 20
-907.7389248713461
 10
224.80042719722934
 20
-907.7450755234488
 10
224.72525389049014
 20
-907.7487685511957
 10
224.65000000000003
 20
-907.75
 10
224.57474610950993
 20
-907.7487685511957
 10
224.49957280277073
 20
-907.7450755234488
 10
224.42456057724206
 20
-907.7389248713461
 10
224.34978975789392
 20
-907.7303231811597
 10
224.27534041119247
 20
-907.7192796637952
 10
224.20129225936296
 20
-907.7058061449275
 10
224.127724595021
 20
-907.6899170523379
 10
224.05471619626422
 20
-907.6716294004649
 10
223.98234524231475
 20
-907.6509627721841
 10
223.91068922980276
 20
-907.6279392978388
 10
223.8398248897812
 20
-907.6025836315418
 10
223.76982810556035
 20
-907.5749229247759
 10
223.7007738314499
 20
-907.5449867973188
 10
223.6327360124963
 20
-907.5128073055251
 10
223.56578750530025
 20
-907.4784189080012
 10
223.50000000000006
 20
-907.4418584287042
 10
223.4354439435042
 20
-907.4031650175111
 10
223.37218846405494
 20
-907.3623801082958
 10
223.3103012972041
 20
-907.3195473745607
 10
223.24984871327996
 20
-907.2747126826698
 10
223.19089544642367
 20
-907.2279240427343
 10
223.1335046252699
 20
-907.1792315572017
 10
223.07773770534743
 20
-907.128687367205
 10
223.023654403271
 20
-907.0763455967291
 10
222.971312632795
 20
-907.0222622946526
 10
222.92076844279836
 20
-906.9664953747301
 10
222.87207595726574
 20
-906.9091045535764
 10
222.8252873173302
 20
-906.8501512867201
 10
222.7804526254393
 20
-906.7896987027959
 10
222.73761989170418
 20
-906.7278115359451
 10
222.6968349824889
 20
-906.6645560564958
 10
222.6581415712958
 20
-906.6
 10
222.6215810919988
 20
-906.5342124946998
 10
222.58719269447488
 20
-906.4672639875037
 10
222.55501320268132
 20
-906.3992261685501
 10
222.5250770752241
 20
-906.3301718944397
 10
222.49741636845818
 20
-906.2601751102188
 10
222.4720607021613
 20
-906.1893107701973
 10
222.44903722781595
 20
-906.1176547576853
 10
222.42837059953519
 20
-906.0452838037359
 10
222.41008294766215
 20
-905.9722754049791
 10
222.39419385507261
 20
-905.8987077406371
 10
222.38072033620483
 20
-905.8246595888075
 10
222.36967681884028
 20
-905.7502102421062
 10
222.36107512865397
 20
-905.675439422758
 10
222.35492447655122
 20
-905.6004271972294
 10
222.3512314488044
 20
-905.5252538904901
 10
222.35000000000002
 20
-905.45
  0
LWPOLYLINE
  5
133
330
17
100
AcDbEntity
  8
20_ВИДИМЫЕ
100
AcDbPolyline
 90
5
 70
1
 10
252.02472580451143
 20
-875.5551731828109
 10
250.04482681718912
 20
-873.5752741954886
 10
231.66005050633885
 20
-891.9600505063388
 10
233.63994949366122
 20
-893.9399494936612
 10
252.02472580451143
 20
-875.5551731828109
  0
LWPOLYLINE
  5
134
330
17
100
AcDbEntity
  8
20_ВИДИМЫЕ
100
AcDbPolyline
 90
133
 70
1
 10
220.65000000000003
 20
-653.55
 10
220.65361363138453
 20
-653.4027969770177
 10
220.66444581998343
 20
-653.2559485790114
 10
220.68247047010567
 20
-653.1098085766339
 10
220.70764415879034
 20
-652.9647290339516
 10
220.73990624041642
 20
-652.8210594602901
 10
220.7791789928034
 20
-652.6791459682366
 10
220.825367804451
 20
-652.5393304398233
 10
220.87836140246617
 20
-652.4019497029047
 10
220.9380321206297
 20
-652.2673347197092
 10
221.00423620695494
 20
-652.135809789522
 10
221.07681416999924
 20
-652.0076917674203
 10
221.15559116309242
 20
-651.8832893009412
 10
221.2403774055581
 20
-651.7629020865227
 10
221.33096863991182
 20
-651.6468201475091
 10
221.42714662393513
 20
-651.535323135459
 10
221.52867965644037
 20
-651.4286796564404
 10
221.63532313545898
 20
-651.327146623935
 10
221.74682014750908
 20
-651.2309686399118
 10
221.86290208652275
 20
-651.1403774055581
 10
221.98328930094124
 20
-651.0555911630923
 10
222.10769176742036
 20
-650.9768141699992
 10
222.23580978952202
 20
-650.9042362069549
 10
222.36733471970916
 20
-650.8380321206297
 10
222.50194970290477
 20
-650.7783614024661
 10
222.63933043982337
 20
-650.7253678044509
 10
222.77914596823666
 20
-650.6791789928034
 10
222.92105946029022
 20
-650.6399062404164
 10
223.06472903395166
 20
-650.6076441587903
 10
223.20980857663398
 20
-650.5824704701056
 10
223.35594857901134
 20
-650.5644458199833
 10
223.5027969770178
 20
-650.5536136313845
 10
223.65000000000003
 20
-650.55
 10
241.65000000000003
 20
-650.55
 10
241.79720302298227
 20
-650.5536136313845
 10
241.94405142098873
 20
-650.5644458199833
 10
242.09019142336615
 20
-650.5824704701056
 10
242.2352709660484
 20
-650.6076441587903
 10
242.37894053970984
 20
-650.6399062404164
 10
242.5208540317634
 20
-650.6791789928034
 10
242.6606695601767
 20
-650.7253678044509
 10
242.7980502970953
 20
-650.7783614024661
 10
242.9326652802909
 20
-650.8380321206297
 10
243.06419021047805
 20
-650.9042362069549
 10
243.1923082325797
 20
-650.9768141699992
 10
243.31671069905883
 20
-651.0555911630923
 10
243.43709791347732
 20
-651.1403774055581
 10
243.55317985249098
 20
-651.2309686399118
 10
243.6646768645411
 20
-651.327146623935
 10
243.7713203435597
 20
-651.4286796564404
 10
243.87285337606494
 20
-651.535323135459
 10
243.96903136008825
 20
-651.6468201475091
 10
244.05962259444198
 20
-651.7629020865227
 10
244.1444088369077
 20
-651.8832893009412
 10
244.22318583000083
 20
-652.0076917674203
 10
244.29576379304513
 20
-652.135809789522
 10
244.36196787937035
 20
-652.2673347197092
 10
244.4216385975339
 20
-652.4019497029047
 10
244.47463219554908
 20
-652.5393304398233
 10
244.52082100719667
 20
-652.6791459682366
 10
244.56009375958365
 20
-652.8210594602901
 10
244.59235584120972
 20
-652.9647290339516
 10
244.6175295298944
 20
-653.1098085766339
 10
244.63555418001664
 20
-653.2559485790114
 10
244.64638636861554
 20
-653.4027969770177
 10
244.65000000000003
 20
-653.55
 10
244.65000000000003
 20
-680.55
 10
244.64638636861554
 20
-680.6972030229822
 10
244.63555418001664
 20
-680.8440514209886
 10
244.6175295298944
 20
-680.9901914233661
 10
244.59235584120972
 20
-681.1352709660484
 10
244.56009375958365
 20
-681.2789405397098
 10
244.52082100719667
 20
-681.4208540317634
 10
244.47463219554908
 20
-681.5606695601766
 10
244.4216385975339
 20
-681.6980502970953
 10
244.36196787937035
 20
-681.8326652802908
 10
244.29576379304513
 20
-681.964190210478
 10
244.22318583000083
 20
-682.0923082325796
 10
244.14440883690764
 20
-682.2167106990588
 10
244.05962259444198
 20
-682.3370979134772
 10
243.96903136008825
 20
-682.453179852491
 10
243.87285337606488
 20
-682.5646768645411
 10
243.7713203435597
 20
-682.6713203435596
 10
243.6646768645411
 20
-682.7728533760649
 10
243.55317985249098
 20
-682.8690313600882
 10
243.43709791347732
 20
-682.959622594442
 10
243.31671069905883
 20
-683.0444088369077
 10
243.1923082325797
 20
-683.1231858300008
 10
243.06419021047805
 20
-683.1957637930451
 10
242.9326652802909
 20
-683.2619678793703
 10
242.7980502970953
 20
-683.3216385975338
 10
242.6606695601767
 20
-683.3746321955491
 10
242.5208540317634
 20
-683.4208210071967
 10
242.37894053970984
 20
-683.4600937595836
 10
242.2352709660484
 20
-683.4923558412097
 10
242.0901914233661
 20
-683.5175295298943
 10
241.94405142098873
 20
-683.5355541800166
 10
241.79720302298227
 20
-683.5463863686155
 10
241.65000000000003
 20
-683.55
 10
223.65000000000003
 20
-683.55
 10
223.5027969770178
 20
-683.5463863686155
 10
223.35594857901134
 20
-683.5355541800166
 10
223.20980857663398
 20
-683.5175295298943
 10
223.06472903395166
 20
-683.4923558412097
 10
222.92105946029022
 20
-683.4600937595836
 10
222.77914596823666
 20
-683.4208210071967
 10
222.63933043982337
 20
-683.3746321955491
 10
222.50194970290477
 20
-683.3216385975338
 10
222.36733471970916
 20
-683.2619678793703
 10
222.23580978952202
 20
-683.1957637930451
 10
222.10769176742036
 20
-683.1231858300008
 10
221.98328930094124
 20
-683.0444088369077
 10
221.86290208652275
 20
-682.959622594442
 10
221.74682014750908
 20
-682.8690313600882
 10
221.63532313545898
 20
-682.7728533760649
 10
221.52867965644037
 20
-682.6713203435596
 10
221.42714662393513
 20
-682.5646768645411
 10
221.33096863991182
 20
-682.453179852491
 10
221.2403774055581
 20
-682.3370979134772
 10
221.15559116309242
 20
-682.2167106990588
 10
221.07681416999924
 20
-682.0923082325796
 10
221.00423620695494
 20
-681.964190210478
 10
220.9380321206297
 20
-681.8326652802908
 10
220.87836140246617
 20
-681.6980502970953
 10
220.825367804451
 20
-681.5606695601766
 10
220.7791789928034
 20
-681.4208540317634
 10
220.73990624041642
 20
-681.2789405397098
 10
220.70764415879034
 20
-681.1352709660484
 10
220.68247047010567
 20
-680.9901914233661
 10
220.66444581998343
 20
-680.8440514209886
 10
220.65361363138453
 20
-680.6972030229822
 10
220.65000000000003
 20
-680.55
 10
220.65000000000003
 20
-653.55
  0
LWPOLYLINE
  5
135
330
17
100
AcDbEntity
  8
20_ВИДИМЫЕ
100
AcDbPolyline
 90
513
 70
1
 10
224.15000000000003
 20
-667.05
 10
224.1506400343673
 20
-666.9456919245714
 10
224.15256004108232
 20
-666.8413995575553
 10
224.15575973099908
 20
-666.7371386049984
 10
224.1602386222561
 20
-666.632924768217
 10
224.16599604034877
 20
-666.5287737414312
 10
224.17303111823117
 20
-666.4247012094029
 10
224.18134279644642
 20
-666.3207228450723
 10
224.19092982328635
 20
-666.2168543071987
 10
224.20179075497998
 20
-666.113111238002
 10
224.213923955911
 20
-666.0095092608067
 10
224.2273275988639
 20
-665.9060639776894
 10
224.24199966529937
 20
-665.8027909671295
 10
224.25793794565823
 20
-665.6997057816621
 10
224.275140039694
 20
-665.5968239455374
 10
224.2936033568347
 20
-665.4941609523813
 10
224.31332511657257
 20
-665.3917322628629
 10
224.33430234888317
 20
-665.2895533023661
 10
224.35653189467251
 20
-665.1876394586666
 10
224.38001040625278
 20
-665.0860060796143
 10
224.4047343478464
 20
-664.9846684708223
 10
224.4306999961188
 20
-664.8836418933616
 10
224.4579034407388
 20
-664.7829415614633
 10
224.4863405849677
 20
-664.682582640227
 10
224.51600714627625
 20
-664.582580243337
 10
224.5468986569894
 20
-664.4829494307866
 10
224.5790104649592
 20
-664.3837052066094
 10
224.61233773426562
 20
-664.2848625166207
 10
224.64687544594437
 20
-664.1864362461661
 10
224.68261839874316
 20
-664.0884412178798
 10
224.71956120990473
 20
-663.9908921894526
 10
224.75769831597768
 20
-663.8938038514094
 10
224.79702397365412
 20
-663.7971908248967
 10
224.83753226063453
 20
-663.701067659481
 10
224.87921707652004
 20
-663.6054488309576
 10
224.9220721437306
 20
-663.5103487391701
 10
224.96609100845075
 20
-663.4157817058426
 10
225.0112670416014
 20
-663.3217619724226
 10
225.05759343983817
 20
-663.2283036979359
 10
225.1050632265758
 20
-663.135420956855
 10
225.15366925303903
 20
-663.043127736979
 10
225.2034041993391
 20
-662.9514379373275
 10
225.25426057557598
 20
-662.8603653660468
 10
225.30623072296657
 20
-662.7699237383314
 10
225.3593068149977
 20
-662.6801266743576
 10
225.41348085860528
 20
-662.590987697233
 10
225.4687446953775
 20
-662.5025202309597
 10
225.52509000278388
 20
-662.4147375984126
 10
225.5825082954284
 20
-662.3276530193334
 10
225.64099092632733
 20
-662.2412796083393
 10
225.70052908821157
 20
-662.1556303729483
 10
225.761113814853
 20
-662.0707182116203
 10
225.82273598241454
 20
-661.9865559118143
 10
225.88538631082452
 20
-661.9031561480632
 10
225.94905536517388
 20
-661.8205314800647
 10
226.01373355713724
 20
-661.7386943507897
 10
226.07941114641676
 20
-661.657657084609
 10
226.14607824220911
 20
-661.5774318854368
 10
226.2137248046949
 20
-661.4980308348929
 10
226.2823406465506
 20
-661.4194658904835
 10
226.35191543448286
 20
-661.3417488838004
 10
226.42243869078453
 20
-661.2648915187386
 10
226.49389979491258
 20
-661.1889053697349
 10
226.56628798508757
 20
-661.1138018800237
 10
226.6395923599144
 20
-661.0395923599143
 10
226.71380188002377
 20
-660.9662879850875
 10
226.78890536973495
 20
-660.8938997949125
 10
226.86489151873866
 20
-660.8224386907845
 10
226.94174888380036
 20
-660.7519154344828
 10
227.01946589048356
 20
-660.6823406465505
 10
227.09803083489294
 20
-660.6137248046949
 10
227.17743188543682
 20
-660.5460782422091
 10
227.25765708460904
 20
-660.4794111464167
 10
227.33869435078975
 20
-660.4137335571372
 10
227.4205314800647
 20
-660.3490553651739
 10
227.50315614806328
 20
-660.2853863108245
 10
227.58655591181434
 20
-660.2227359824145
 10
227.67071821162028
 20
-660.1611138148529
 10
227.75563037294836
 20
-660.1005290882115
 10
227.84127960833933
 20
-660.0409909263273
 10
227.92765301933343
 20
-659.9825082954284
 10
228.01473759841264
 20
-659.9250900027839
 10
228.10252023095973
 20
-659.8687446953775
 10
228.19098769723303
 20
-659.8134808586052
 10
228.28012667435763
 20
-659.7593068149977
 10
228.3699237383314
 20
-659.7062307229666
 10
228.46036536604686
 20
-659.6542605755759
 10
228.55143793732748
 20
-659.603404199339
 10
228.64312773697907
 20
-659.553669253039
 10
228.73542095685497
 20
-659.5050632265758
 10
228.8283036979359
 20
-659.4575934398381
 10
228.92176197242253
 20
-659.4112670416014
 10
229.01578170584264
 20
-659.3660910084507
 10
229.1103487391701
 20
-659.3220721437306
 10
229.2054488309576
 20
-659.27921707652
 10
229.30106765948113
 20
-659.2375322606345
 10
229.39719082489677
 20
-659.197023973654
 10
229.49380385140944
 20
-659.1576983159777
 10
229.59089218945263
 20
-659.1195612099048
 10
229.6884412178798
 20
-659.0826183987431
 10
229.78643624616615
 20
-659.0468754459444
 10
229.88486251662079
 20
-659.0123377342655
 10
229.98370520660944
 20
-658.9790104649592
 10
230.08294943078658
 20
-658.9468986569893
 10
230.1825802433371
 20
-658.9160071462762
 10
230.28258264022708
 20
-658.8863405849677
 10
230.38294156146338
 20
-658.8579034407387
 10
230.48364189336166
 20
-658.8306999961187
 10
230.5846684708223
 20
-658.8047343478464
 10
230.68600607961434
 20
-658.7800104062527
 10
230.78763945866666
 20
-658.7565318946725
 10
230.88955330236615
 20
-658.7343023488831
 10
230.99173226286297
 20
-658.7133251165725
 10
231.09416095238134
 20
-658.6936033568346
 10
231.19682394553746
 20
-658.675140039694
 10
231.29970578166223
 20
-658.6579379456582
 10
231.40279096712948
 20
-658.6419996652994
 10
231.50606397768945
 20
-658.6273275988639
 10
231.6095092608067
 20
-658.613923955911
 10
231.713111238002
 20
-658.60179075498
 10
231.81685430719875
 20
-658.5909298232864
 10
231.9207228450723
 20
-658.5813427964464
 10
232.02470120940285
 20
-658.5730311182311
 10
232.12877374143125
 20
-658.5659960403488
 10
232.232924768217
 20
-658.5602386222561
 10
232.33713860499847
 20
-658.5557597309991
 10
232.44139955755526
 20
-658.5525600410823
 10
232.54569192457143
 20
-658.5506400343672
 10
232.65000000000003
 20
-658.55
 10
232.75430807542864
 20
-658.5506400343672
 10
232.8586004424448
 20
-658.5525600410823
 10
232.9628613950016
 20
-658.5557597309991
 10
233.06707523178306
 20
-658.5602386222561
 10
233.17122625856882
 20
-658.5659960403488
 10
233.27529879059722
 20
-658.5730311182311
 10
233.37927715492776
 20
-658.5813427964464
 10
233.48314569280132
 20
-658.5909298232864
 10
233.58688876199807
 20
-658.60179075498
 10
233.69049073919336
 20
-658.613923955911
 10
233.79393602231062
 20
-658.6273275988639
 10
233.8972090328706
 20
-658.6419996652994
 10
234.00029421833784
 20
-658.6579379456582
 10
234.1031760544626
 20
-658.675140039694
 10
234.20583904761872
 20
-658.6936033568346
 10
234.3082677371371
 20
-658.7133251165725
 10
234.41044669763392
 20
-658.7343023488831
 10
234.5123605413334
 20
-658.7565318946725
 10
234.61399392038572
 20
-658.7800104062527
 10
234.71533152917777
 20
-658.8047343478464
 10
234.8163581066384
 20
-658.8306999961187
 10
234.91705843853669
 20
-658.8579034407387
 10
235.017417359773
 20
-658.8863405849677
 10
235.11741975666297
 20
-658.9160071462762
 10
235.21705056921348
 20
-658.9468986569893
 10
235.31629479339063
 20
-658.9790104649592
 10
235.41513748337928
 20
-659.0123377342655
 10
235.51356375383392
 20
-659.0468754459444
 10
235.61155878212026
 20
-659.0826183987431
 10
235.70910781054744
 20
-659.1195612099048
 10
235.80619614859063
 20
-659.1576983159777
 10
235.9028091751033
 20
-659.197023973654
 10
235.99893234051893
 20
-659.2375322606345
 10
236.09455116904246
 20
-659.27921707652
 10
236.18965126082998
 20
-659.3220721437306
 10
236.28421829415743
 20
-659.3660910084507
 10
236.37823802757754
 20
-659.4112670416014
 10
236.47169630206417
 20
-659.4575934398381
 10
236.5645790431451
 20
-659.5050632265758
 10
236.656872263021
 20
-659.553669253039
 10
236.7485620626726
 20
-659.603404199339
 10
236.8396346339532
 20
-659.6542605755759
 10
236.93007626166866
 20
-659.7062307229666
 10
237.01987332564244
 20
-659.7593068149977
 10
237.10901230276704
 20
-659.8134808586052
 10
237.19747976904034
 20
-659.8687446953775
 10
237.28526240158743
 20
-659.9250900027839
 10
237.37234698066663
 20
-659.9825082954284
 10
237.45872039166073
 20
-660.0409909263273
 10
237.5443696270517
 20
-660.1005290882115
 10
237.62928178837979
 20
-660.1611138148529
 10
237.71344408818572
 20
-660.2227359824145
 10
237.79684385193679
 20
-660.2853863108245
 10
237.87946851993536
 20
-660.3490553651739
 10
237.96130564921032
 20
-660.4137335571372
 10
238.04234291539103
 20
-660.4794111464167
 10
238.12256811456325
 20
-660.5460782422091
 10
238.20196916510713
 20
-660.6137248046949
 10
238.2805341095165
 20
-660.6823406465505
 10
238.3582511161997
 20
-660.7519154344828
 10
238.4351084812614
 20
-660.8224386907845
 10
238.51109463026512
 20
-660.8938997949125
 10
238.5861981199763
 20
-660.9662879850875
 10
238.66040764008568
 20
-661.0395923599143
 10
238.7337120149125
 20
-661.1138018800237
 10
238.8061002050875
 20
-661.1889053697349
 10
238.87756130921554
 20
-661.2648915187386
 10
238.9480845655172
 20
-661.3417488838004
 10
239.01765935344946
 20
-661.4194658904835
 10
239.08627519530518
 20
-661.4980308348929
 10
239.15392175779095
 20
-661.5774318854368
 10
239.2205888535833
 20
-661.657657084609
 10
239.28626644286282
 20
-661.7386943507897
 10
239.3509446348262
 20
-661.8205314800647
 10
239.41461368917555
 20
-661.9031561480632
 10
239.47726401758553
 20
-661.9865559118143
 10
239.53888618514708
 20
-662.0707182116203
 10
239.5994709117885
 20
-662.1556303729483
 10
239.65900907367273
 20
-662.2412796083393
 10
239.71749170457167
 20
-662.3276530193334
 10
239.77490999721618
 20
-662.4147375984126
 10
239.83125530462257
 20
-662.5025202309597
 10
239.88651914139479
 20
-662.590987697233
 10
239.94069318500237
 20
-662.6801266743576
 10
239.9937692770335
 20
-662.7699237383314
 10
240.04573942442408
 20
-662.8603653660468
 10
240.09659580066096
 20
-662.9514379373275
 10
240.14633074696104
 20
-663.043127736979
 10
240.19493677342427
 20
-663.135420956855
 10
240.2424065601619
 20
-663.2283036979359
 10
240.28873295839867
 20
-663.3217619724226
 10
240.33390899154932
 20
-663.4157817058426
 10
240.37792785626948
 20
-663.5103487391701
 10
240.42078292348003
 20
-663.6054488309576
 10
240.46246773936554
 20
-663.701067659481
 10
240.50297602634595
 20
-663.7971908248967
 10
240.5423016840224
 20
-663.8938038514094
 10
240.5804387900953
 20
-663.9908921894526
 10
240.6173816012569
 20
-664.0884412178798
 10
240.6531245540557
 20
-664.1864362461661
 10
240.68766226573445
 20
-664.2848625166207
 10
240.72098953504087
 20
-664.3837052066094
 10
240.75310134301066
 20
-664.4829494307866
 10
240.78399285372382
 20
-664.582580243337
 10
240.81365941503236
 20
-664.682582640227
 10
240.84209655926128
 20
-664.7829415614633
 10
240.86930000388128
 20
-664.8836418933616
 10
240.89526565215368
 20
-664.9846684708223
 10
240.9199895937473
 20
-665.0860060796143
 10
240.9434681053275
 20
-665.1876394586666
 10
240.96569765111684
 20
-665.2895533023661
 10
240.9866748834275
 20
-665.3917322628629
 10
241.00639664316537
 20
-665.4941609523813
 10
241.02485996030606
 20
-665.5968239455374
 10
241.04206205434184
 20
-665.6997057816621
 10
241.0580003347007
 20
-665.8027909671295
 10
241.07267240113617
 20
-665.9060639776894
 10
241.08607604408905
 20
-666.0095092608067
 10
241.0982092450201
 20
-666.113111238002
 10
241.10907017671371
 20
-666.2168543071987
 10
241.11865720355365
 20
-666.3207228450723
 10
241.1269688817689
 20
-666.4247012094029
 10
241.1340039596513
 20
-666.5287737414312
 10
241.13976137774398
 20
-666.632924768217
 10
241.144240269001
 20
-666.7371386049984
 10
241.14743995891774
 20
-666.8413995575553
 10
241.14935996563275
 20
-666.9456919245714
 10
241.15000000000003
 20
-667.05
 10
241.14935996563275
 20
-667.1543080754286
 10
241.14743995891774
 20
-667.2586004424447
 10
241.144240269001
 20
-667.3628613950016
 10
241.13976137774398
 20
-667.467075231783
 10
241.1340039596513
 20
-667.5712262585688
 10
241.1269688817689
 20
-667.6752987905971
 10
241.11865720355365
 20
-667.7792771549277
 10
241.10907017671371
 20
-667.8831456928012
 10
241.0982092450201
 20
-667.986888761998
 10
241.08607604408905
 20
-668.0904907391933
 10
241.07267240113617
 20
-668.1939360223106
 10
241.0580003347007
 20
-668.2972090328706
 10
241.04206205434184
 20
-668.4002942183379
 10
241.02485996030606
 20
-668.5031760544625
 10
241.00639664316537
 20
-668.6058390476187
 10
240.9866748834275
 20
-668.7082677371371
 10
240.9656976511169
 20
-668.8104466976339
 10
240.94346810532755
 20
-668.9123605413333
 10
240.9199895937473
 20
-669.0139939203857
 10
240.89526565215368
 20
-669.1153315291778
 10
240.86930000388128
 20
-669.2163581066384
 10
240.84209655926128
 20
-669.3170584385366
 10
240.81365941503236
 20
-669.4174173597729
 10
240.78399285372382
 20
-669.5174197566629
 10
240.75310134301066
 20
-669.6170505692135
 10
240.72098953504087
 20
-669.7162947933906
 10
240.68766226573445
 20
-669.8151374833792
 10
240.6531245540557
 20
-669.9135637538338
 10
240.6173816012569
 20
-670.0115587821202
 10
240.58043879009534
 20
-670.1091078105474
 10
240.5423016840224
 20
-670.2061961485906
 10
240.50297602634595
 20
-670.3028091751032
 10
240.46246773936554
 20
-670.398932340519
 10
240.42078292348003
 20
-670.4945511690424
 10
240.37792785626948
 20
-670.5896512608299
 10
240.33390899154932
 20
-670.6842182941574
 10
240.28873295839867
 20
-670.7782380275775
 10
240.2424065601619
 20
-670.8716963020642
 10
240.19493677342427
 20
-670.964579043145
 10
240.14633074696104
 20
-671.056872263021
 10
240.09659580066096
 20
-671.1485620626726
 10
240.04573942442408
 20
-671.2396346339532
 10
239.9937692770335
 20
-671.3300762616686
 10
239.94069318500237
 20
-671.4198733256424
 10
239.88651914139479
 20
-671.509012302767
 10
239.83125530462257
 20
-671.5974797690403
 10
239.77490999721618
 20
-671.6852624015874
 10
239.71749170457167
 20
-671.7723469806666
 10
239.65900907367273
 20
-671.8587203916607
 10
239.5994709117885
 20
-671.9443696270516
 10
239.53888618514708
 20
-672.0292817883798
 10
239.47726401758553
 20
-672.1134440881857
 10
239.41461368917555
 20
-672.1968438519368
 10
239.3509446348262
 20
-672.2794685199353
 10
239.28626644286282
 20
-672.3613056492103
 10
239.2205888535833
 20
-672.442342915391
 10
239.15392175779095
 20
-672.5225681145632
 10
239.08627519530518
 20
-672.6019691651071
 10
239.01765935344946
 20
-672.6805341095164
 10
238.9480845655172
 20
-672.7582511161996
 10
238.87756130921554
 20
-672.8351084812614
 10
238.8061002050875
 20
-672.9110946302651
 10
238.7337120149125
 20
-672.9861981199763
 10
238.66040764008568
 20
-673.0604076400857
 10
238.5861981199763
 20
-673.1337120149125
 10
238.51109463026512
 20
-673.2061002050875
 10
238.4351084812614
 20
-673.2775613092155
 10
238.3582511161997
 20
-673.3480845655172
 10
238.2805341095165
 20
-673.4176593534494
 10
238.20196916510713
 20
-673.4862751953051
 10
238.12256811456325
 20
-673.5539217577909
 10
238.04234291539103
 20
-673.6205888535833
 10
237.96130564921032
 20
-673.6862664428628
 10
237.87946851993536
 20
-673.7509446348262
 10
237.79684385193679
 20
-673.8146136891755
 10
237.71344408818572
 20
-673.8772640175855
 10
237.62928178837979
 20
-673.9388861851471
 10
237.5443696270517
 20
-673.9994709117884
 10
237.45872039166073
 20
-674.0590090736728
 10
237.37234698066663
 20
-674.1174917045716
 10
237.28526240158743
 20
-674.1749099972161
 10
237.19747976904034
 20
-674.2312553046226
 10
237.10901230276704
 20
-674.2865191413947
 10
237.01987332564244
 20
-674.3406931850024
 10
236.93007626166866
 20
-674.3937692770335
 10
236.8396346339532
 20
-674.445739424424
 10
236.7485620626726
 20
-674.496595800661
 10
236.656872263021
 20
-674.5463307469611
 10
236.56457904314505
 20
-674.5949367734243
 10
236.47169630206417
 20
-674.6424065601618
 10
236.37823802757754
 20
-674.6887329583986
 10
236.28421829415743
 20
-674.7339089915492
 10
236.18965126082998
 20
-674.7779278562695
 10
236.09455116904246
 20
-674.82078292348
 10
235.99893234051893
 20
-674.8624677393655
 10
235.9028091751033
 20
-674.9029760263459
 10
235.80619614859063
 20
-674.9423016840224
 10
235.70910781054744
 20
-674.9804387900953
 10
235.61155878212026
 20
-675.0173816012568
 10
235.51356375383392
 20
-675.0531245540557
 10
235.41513748337928
 20
-675.0876622657345
 10
235.31629479339063
 20
-675.1209895350408
 10
235.21705056921348
 20
-675.1531013430107
 10
235.11741975666297
 20
-675.1839928537238
 10
235.017417359773
 20
-675.2136594150323
 10
234.91705843853669
 20
-675.2420965592612
 10
234.8163581066384
 20
-675.2693000038812
 10
234.71533152917777
 20
-675.2952656521536
 10
234.61399392038572
 20
-675.3199895937473
 10
234.5123605413334
 20
-675.3434681053275
 10
234.41044669763392
 20
-675.3656976511169
 10
234.3082677371371
 20
-675.3866748834274
 10
234.20583904761872
 20
-675.4063966431653
 10
234.1031760544626
 20
-675.424859960306
 10
234.00029421833784
 20
-675.4420620543418
 10
233.8972090328706
 20
-675.4580003347006
 10
233.79393602231062
 20
-675.4726724011362
 10
233.69049073919336
 20
-675.486076044089
 10
233.58688876199807
 20
-675.49820924502
 10
233.48314569280132
 20
-675.5090701767136
 10
233.37927715492776
 20
-675.5186572035536
 10
233.27529879059722
 20
-675.5269688817689
 10
233.17122625856882
 20
-675.5340039596513
 10
233.06707523178306
 20
-675.539761377744
 10
232.9628613950016
 20
-675.544240269001
 10
232.8586004424448
 20
-675.5474399589177
 10
232.75430807542864
 20
-675.5493599656327
 10
232.65000000000003
 20
-675.55
 10
232.54569192457143
 20
-675.5493599656327
 10
232.44139955755526
 20
-675.5474399589177
 10
232.33713860499847
 20
-675.544240269001
 10
232.232924768217
 20
-675.539761377744
 10
232.12877374143125
 20
-675.5340039596513
 10
232.02470120940285
 20
-675.5269688817689
 10
231.9207228450723
 20
-675.5186572035536
 10
231.81685430719875
 20
-675.5090701767136
 10
231.71311123800206
 20
-675.49820924502
 10
231.6095092608067
 20
-675.486076044089
 10
231.50606397768945
 20
-675.4726724011362
 10
231.40279096712948
 20
-675.4580003347006
 10
231.29970578166223
 20
-675.4420620543418
 10
231.19682394553746
 20
-675.424859960306
 10
231.09416095238134
 20
-675.4063966431653
 10
230.99173226286297
 20
-675.3866748834274
 10
230.88955330236615
 20
-675.3656976511169
 10
230.78763945866666
 20
-675.3434681053275
 10
230.68600607961434
 20
-675.3199895937473
 10
230.5846684708223
 20
-675.2952656521536
 10
230.48364189336166
 20
-675.2693000038812
 10
230.38294156146338
 20
-675.2420965592612
 10
230.28258264022708
 20
-675.2136594150323
 10
230.1825802433371
 20
-675.1839928537238
 10
230.08294943078658
 20
-675.1531013430107
 10
229.98370520660944
 20
-675.1209895350408
 10
229.88486251662079
 20
-675.0876622657345
 10
229.78643624616615
 20
-675.0531245540557
 10
229.6884412178798
 20
-675.0173816012568
 10
229.59089218945263
 20
-674.9804387900953
 10
229.49380385140944
 20
-674.9423016840224
 10
229.39719082489677
 20
-674.902976026346
 10
229.30106765948113
 20
-674.8624677393655
 10
229.2054488309576
 20
-674.82078292348
 10
229.11034873917015
 20
-674.7779278562695
 10
229.01578170584264
 20
-674.7339089915492
 10
228.92176197242253
 20
-674.6887329583986
 10
228.8283036979359
 20
-674.6424065601618
 10
228.73542095685502
 20
-674.5949367734243
 10
228.64312773697907
 20
-674.5463307469611
 10
228.55143793732748
 20
-674.496595800661
 10
228.46036536604686
 20
-674.445739424424
 10
228.3699237383314
 20
-674.3937692770335
 10
228.28012667435763
 20
-674.3406931850024
 10
228.19098769723303
 20
-674.2865191413947
 10
228.10252023095973
 20
-674.2312553046226
 10
228.01473759841264
 20
-674.1749099972161
 10
227.92765301933343
 20
-674.1174917045716
 10
227.84127960833933
 20
-674.0590090736728
 10
227.75563037294836
 20
-673.9994709117884
 10
227.67071821162028
 20
-673.9388861851471
 10
227.58655591181434
 20
-673.8772640175855
 10
227.50315614806328
 20
-673.8146136891755
 10
227.4205314800647
 20
-673.7509446348262
 10
227.33869435078975
 20
-673.6862664428628
 10
227.25765708460904
 20
-673.6205888535833
 10
227.17743188543682
 20
-673.5539217577909
 10
227.09803083489294
 20
-673.4862751953051
 10
227.01946589048356
 20
-673.4176593534494
 10
226.94174888380036
 20
-673.3480845655172
 10
226.86489151873866
 20
-673.2775613092156
 10
226.78890536973495
 20
-673.2061002050875
 10
226.71380188002377
 20
-673.1337120149125
 10
226.6395923599144
 20
-673.0604076400857
 10
226.56628798508757
 20
-672.9861981199763
 10
226.49389979491258
 20
-672.9110946302651
 10
226.42243869078453
 20
-672.8351084812614
 10
226.35191543448286
 20
-672.7582511161996
 10
226.2823406465506
 20
-672.6805341095164
 10
226.2137248046949
 20
-672.6019691651071
 10
226.14607824220911
 20
-672.5225681145632
 10
226.07941114641676
 20
-672.442342915391
 10
226.01373355713724
 20
-672.3613056492103
 10
225.94905536517388
 20
-672.2794685199353
 10
225.88538631082452
 20
-672.1968438519368
 10
225.82273598241454
 20
-672.1134440881857
 10
225.761113814853
 20
-672.0292817883798
 10
225.70052908821157
 20
-671.9443696270516
 10
225.64099092632733
 20
-671.8587203916607
 10
225.5825082954284
 20
-671.7723469806666
 10
225.52509000278394
 20
-671.6852624015874
 10
225.46874469537755
 20
-671.5974797690403
 10
225.41348085860528
 20
-671.509012302767
 10
225.3593068149977
 20
-671.4198733256424
 10
225.30623072296657
 20
-671.3300762616686
 10
225.25426057557598
 20
-671.2396346339532
 10
225.2034041993391
 20
-671.1485620626726
 10
225.15366925303903
 20
-671.056872263021
 10
225.1050632265758
 20
-670.964579043145
 10
225.05759343983817
 20
-670.8716963020642
 10
225.0112670416014
 20
-670.7782380275775
 10
224.96609100845075
 20
-670.6842182941574
 10
224.9220721437306
 20
-670.5896512608299
 10
224.87921707652004
 20
-670.4945511690424
 10
224.83753226063453
 20
-670.398932340519
 10
224.79702397365412
 20
-670.3028091751032
 10
224.75769831597768
 20
-670.2061961485906
 10
224.71956120990473
 20
-670.1091078105474
 10
224.68261839874316
 20
-670.0115587821202
 10
224.64687544594437
 20
-669.9135637538338
 10
224.61233773426562
 20
-669.8151374833792
 10
224.5790104649592
 20
-669.7162947933906
 10
224.5468986569894
 20
-669.6170505692135
 10
224.51600714627625
 20
-669.5174197566629
 10
224.4863405849677
 20
-669.4174173597729
 10
224.4579034407388
 20
-669.3170584385366
 10
224.4306999961188
 20
-669.2163581066384
 10
224.4047343478464
 20
-669.1153315291778
 10
224.38001040625278
 20
-669.0139939203857
 10
224.35653189467257
 20
-668.9123605413334
 10
224.33430234888317
 20
-668.8104466976339
 10
224.31332511657257
 20
-668.7082677371371
 10
224.2936033568347
 20
-668.6058390476187
 10
224.275140039694
 20
-668.5031760544625
 10
224.25793794565823
 20
-668.4002942183379
 10
224.24199966529937
 20
-668.2972090328706
 10
224.2273275988639
 20
-668.1939360223106
 10
224.213923955911
 20
-668.0904907391933
 10
224.20179075497998
 20
-667.986888761998
 10
224.19092982328635
 20
-667.8831456928012
 10
224.18134279644642
 20
-667.7792771549277
 10
224.17303111823117
 20
-667.6752987905971
 10
224.16599604034877
 20
-667.5712262585688
 10
224.1602386222561
 20
-667.467075231783
 10
224.15575973099908
 20
-667.3628613950016
 10
224.15256004108232
 20
-667.2586004424447
 10
224.1506400343673
 20
-667.1543080754286
 10
224.15000000000003
 20
-667.05
  0
LWPOLYLINE
  5
136
330
17
100
AcDbEntity
  8
20_ВИДИМЫЕ
100
AcDbPolyline
 90
5
 70
1
 10
231.65000000000003
 20
-675.465
 10
231.65000000000003
 20
-683.05
 10
233.65000000000003
 20
-683.05
 10
233.65000000000003
 20
-675.465
 10
231.65000000000003
 20
-675.465
  0
LWPOLYLINE
  5
137
330
17
100
AcDbEntity
  8
20_ВИДИМЫЕ
100
AcDbPolyline
 90
5
 70
1
 10
231.65000000000003
 20
-651.05
 10
231.65000000000003
 20
-658.635
 10
233.65000000000003
 20
-658.635
 10
233.65000000000003
 20
-651.05
 10
231.65000000000003
 20
-651.05
  0
LWPOLYLINE
  5
138
330
17
100
AcDbEntity
  8
20_ВИДИМЫЕ
100
AcDbPolyline
 90
257
 70
1
 10
241.75660171779822
 20
-677.6566017177983
 10
241.75705348975396
 20
-677.6197898750138
 10
241.75840853349047
 20
-677.5830002063071
 10
241.7606660327802
 20
-677.5462548723987
 10
241.76382462778997
 20
-677.5095760073038
 10
241.7678824159002
 20
-677.4729857049994
 10
241.7728369528511
 20
-677.4365060061152
 10
241.77868525421485
 20
-677.4001588846578
 10
241.7854237971934
 20
-677.363966234774
 10
241.79304852274043
 20
-677.3279498575629
 10
241.80155483800644
 20
-677.2921314479433
 10
241.81093761910506
 20
-677.2565325815858
 10
241.82119121419993
 20
-677.2211747019165
 10
241.8323094469087
 20
-677.1860791071999
 10
241.8442856200237
 20
-677.1512669377099
 10
241.85711251954615
 20
-677.1167591629958
 10
241.87078241903134
 20
-677.0825765692506
 10
241.88528708424298
 20
-677.0487397467907
 10
241.9006177781131
 20
-677.0152690776528
 10
241.91676526600497
 20
-676.9821847233163
 10
241.9337198212757
 20
-676.9495066125592
 10
241.9514712311352
 20
-676.9172544294536
 10
241.97000880279785
 20
-676.8854476015084
 10
241.9893213699237
 20
-676.8541052879675
 10
242.0093972993444
 20
-676.8232463682688
 10
242.03022449807088
 20
-676.7928894306715
 10
242.05179042057728
 20
-676.7630527610595
 10
242.0740820763583
 20
-676.7337543319272
 10
242.09708603775414
 20
-676.7050117915528
 10
242.12078844803852
 20
-676.6768424533675
 10
242.14517502976582
 20
-676.6492632855277
 10
242.17023109337106
 20
-676.6222909006926
 10
242.19594154601845
 20
-676.5959415460184
 10
242.22229090069266
 20
-676.570231093371
 10
242.24926328552772
 20
-676.5451750297658
 10
242.27684245336758
 20
-676.5207884480385
 10
242.30501179155277
 20
-676.4970860377541
 10
242.3337543319273
 20
-676.4740820763583
 10
242.36305276105958
 20
-676.4517904205773
 10
242.39288943067146
 20
-676.4302244980709
 10
242.42324636826885
 20
-676.4093972993444
 10
242.4541052879676
 20
-676.3893213699237
 10
242.48544760150844
 20
-676.3700088027978
 10
242.51725442945354
 20
-676.3514712311352
 10
242.54950661255924
 20
-676.3337198212757
 10
242.58218472331635
 20
-676.316765266005
 10
242.61526907765284
 20
-676.3006177781131
 10
242.64873974679074
 20
-676.2852870842429
 10
242.6825765692506
 20
-676.2707824190313
 10
242.71675916299574
 20
-676.2571125195461
 10
242.75126693770994
 20
-676.2442856200237
 10
242.7860791071999
 20
-676.2323094469086
 10
242.82117470191656
 20
-676.2211912141998
 10
242.8565325815859
 20
-676.210937619105
 10
242.89213144794337
 20
-676.2015548380064
 10
242.92794985756296
 20
-676.1930485227404
 10
242.96396623477403
 20
-676.1854237971934
 10
243.00015888465782
 20
-676.1786852542148
 10
243.0365060061152
 20
-676.1728369528511
 10
243.07298570499944
 20
-676.1678824159002
 10
243.10957600730393
 20
-676.16382462779
 10
243.14625487239874
 20
-676.1606660327802
 10
243.1830002063071
 20
-676.1584085334905
 10
243.21978987501387
 20
-676.1570534897539
 10
243.25660171779828
 20
-676.1566017177983
 10
243.29341356058262
 20
-676.1570534897539
 10
243.3302032292894
 20
-676.1584085334905
 10
243.36694856319775
 20
-676.1606660327802
 10
243.40362742829257
 20
-676.16382462779
 10
243.44021773059706
 20
-676.1678824159002
 10
243.4766974294813
 20
-676.1728369528511
 10
243.51304455093867
 20
-676.1786852542148
 10
243.54923720082246
 20
-676.1854237971934
 10
243.58525357803353
 20
-676.1930485227404
 10
243.62107198765312
 20
-676.2015548380064
 10
243.6566708540106
 20
-676.210937619105
 10
243.69202873367993
 20
-676.2211912141998
 10
243.7271243283966
 20
-676.2323094469086
 10
243.76193649788655
 20
-676.2442856200237
 10
243.79644427260075
 20
-676.2571125195461
 10
243.83062686634588
 20
-676.2707824190313
 10
243.86446368880576
 20
-676.2852870842429
 10
243.89793435794365
 20
-676.3006177781131
 10
243.93101871228015
 20
-676.316765266005
 10
243.96369682303725
 20
-676.3337198212757
 10
243.99594900614295
 20
-676.3514712311352
 10
244.02775583408805
 20
-676.3700088027978
 10
244.0590981476289
 20
-676.3893213699237
 10
244.08995706732765
 20
-676.4093972993444
 10
244.12031400492504
 20
-676.4302244980709
 10
244.15015067453692
 20
-676.4517904205773
 10
244.17944910366919
 20
-676.4740820763583
 10
244.20819164404372
 20
-676.4970860377541
 10
244.23636098222892
 20
-676.5207884480385
 10
244.26394015006878
 20
-676.5451750297658
 10
244.29091253490384
 20
-676.570231093371
 10
244.31726188957805
 20
-676.5959415460184
 10
244.34297234222544
 20
-676.6222909006926
 10
244.36802840583067
 20
-676.6492632855277
 10
244.39241498755797
 20
-676.6768424533675
 10
244.41611739784236
 20
-676.7050117915528
 10
244.43912135923813
 20
-676.7337543319272
 10
244.46141301501922
 20
-676.7630527610595
 10
244.48297893752562
 20
-676.7928894306715
 10
244.50380613625208
 20
-676.8232463682688
 10
244.5238820656728
 20
-676.8541052879675
 10
244.54319463279865
 20
-676.8854476015084
 10
244.5617322044613
 20
-676.9172544294536
 10
244.5794836143208
 20
-676.9495066125592
 10
244.59643816959152
 20
-676.9821847233163
 10
244.6125856574834
 20
-677.0152690776528
 10
244.62791635135352
 20
-677.0487397467907
 10
244.64242101656515
 20
-677.0825765692506
 10
244.65609091605035
 20
-677.1167591629958
 10
244.6689178155728
 20
-677.1512669377099
 10
244.68089398868779
 20
-677.1860791071999
 10
244.69201222139657
 20
-677.2211747019165
 10
244.70226581649143
 20
-677.2565325815858
 10
244.71164859759006
 20
-677.2921314479433
 10
244.72015491285606
 20
-677.3279498575629
 10
244.7277796384031
 20
-677.363966234774
 10
244.73451818138165
 20
-677.4001588846578
 10
244.7403664827454
 20
-677.4365060061152
 10
244.7453210196963
 20
-677.4729857049994
 10
244.74937880780652
 20
-677.5095760073038
 10
244.7525374028163
 20
-677.5462548723987
 10
244.75479490210603
 20
-677.5830002063071
 10
244.75614994584254
 20
-677.6197898750138
 10
244.75660171779828
 20
-677.6566017177983
 10
244.75614994584254
 20
-677.6934135605826
 10
244.75479490210603
 20
-677.7302032292894
 10
244.7525374028163
 20
-677.7669485631977
 10
244.74937880780652
 20
-677.8036274282925
 10
244.7453210196963
 20
-677.840217730597
 10
244.7403664827454
 20
-677.8766974294813
 10
244.73451818138165
 20
-677.9130445509387
 10
244.7277796384031
 20
-677.9492372008224
 10
244.72015491285606
 20
-677.9852535780335
 10
244.71164859759006
 20
-678.0210719876532
 10
244.70226581649143
 20
-678.0566708540106
 10
244.69201222139657
 20
-678.0920287336799
 10
244.68089398868779
 20
-678.1271243283966
 10
244.6689178155728
 20
-678.1619364978866
 10
244.65609091605035
 20
-678.1964442726007
 10
244.64242101656515
 20
-678.2306268663458
 10
244.62791635135352
 20
-678.2644636888057
 10
244.6125856574834
 20
-678.2979343579436
 10
244.59643816959152
 20
-678.3310187122802
 10
244.5794836143208
 20
-678.3636968230372
 10
244.5617322044613
 20
-678.3959490061429
 10
244.54319463279865
 20
-678.4277558340881
 10
244.5238820656728
 20
-678.4590981476289
 10
244.50380613625208
 20
-678.4899570673276
 10
244.48297893752562
 20
-678.520314004925
 10
244.46141301501922
 20
-678.5501506745369
 10
244.43912135923813
 20
-678.5794491036692
 10
244.41611739784236
 20
-678.6081916440437
 10
244.39241498755797
 20
-678.6363609822289
 10
244.36802840583067
 20
-678.6639401500687
 10
244.34297234222544
 20
-678.6909125349039
 10
244.31726188957805
 20
-678.717261889578
 10
244.29091253490384
 20
-678.7429723422254
 10
244.26394015006878
 20
-678.7680284058306
 10
244.23636098222892
 20
-678.7924149875579
 10
244.20819164404372
 20
-678.8161173978423
 10
244.17944910366919
 20
-678.8391213592381
 10
244.15015067453692
 20
-678.8614130150191
 10
244.12031400492504
 20
-678.8829789375256
 10
244.08995706732765
 20
-678.903806136252
 10
244.0590981476289
 20
-678.9238820656727
 10
244.02775583408805
 20
-678.9431946327986
 10
243.99594900614295
 20
-678.9617322044612
 10
243.96369682303725
 20
-678.9794836143208
 10
243.93101871228015
 20
-678.9964381695914
 10
243.89793435794365
 20
-679.0125856574833
 10
243.86446368880576
 20
-679.0279163513535
 10
243.83062686634588
 20
-679.0424210165652
 10
243.79644427260075
 20
-679.0560909160504
 10
243.76193649788655
 20
-679.0689178155727
 10
243.7271243283966
 20
-679.0808939886878
 10
243.69202873367993
 20
-679.0920122213965
 10
243.6566708540106
 20
-679.1022658164914
 10
243.62107198765312
 20
-679.11164859759
 10
243.58525357803353
 20
-679.120154912856
 10
243.54923720082246
 20
-679.127779638403
 10
243.51304455093867
 20
-679.1345181813816
 10
243.4766974294813
 20
-679.1403664827453
 10
243.44021773059706
 20
-679.1453210196962
 10
243.40362742829257
 20
-679.1493788078064
 10
243.36694856319775
 20
-679.1525374028163
 10
243.3302032292894
 20
-679.154794902106
 10
243.29341356058262
 20
-679.1561499458426
 10
243.25660171779828
 20
-679.1566017177983
 10
243.21978987501387
 20
-679.1561499458426
 10
243.1830002063071
 20
-679.154794902106
 10
243.14625487239874
 20
-679.1525374028163
 10
243.10957600730393
 20
-679.1493788078064
 10
243.07298570499944
 20
-679.1453210196962
 10
243.0365060061152
 20
-679.1403664827453
 10
243.00015888465782
 20
-679.1345181813816
 10
242.96396623477403
 20
-679.127779638403
 10
242.92794985756296
 20
-679.120154912856
 10
242.89213144794337
 20
-679.11164859759
 10
242.8565325815859
 20
-679.1022658164914
 10
242.82117470191656
 20
-679.0920122213965
 10
242.7860791071999
 20
-679.0808939886878
 10
242.75126693770994
 20
-679.0689178155727
 10
242.71675916299574
 20
-679.0560909160504
 10
242.6825765692506
 20
-679.0424210165652
 10
242.64873974679074
 20
-679.0279163513535
 10
242.61526907765284
 20
-679.0125856574834
 10
242.58218472331635
 20
-678.9964381695914
 10
242.54950661255924
 20
-678.9794836143208
 10
242.51725442945354
 20
-678.9617322044612
 10
242.48544760150844
 20
-678.9431946327986
 10
242.4541052879676
 20
-678.9238820656727
 10
242.42324636826885
 20
-678.903806136252
 10
242.39288943067146
 20
-678.8829789375256
 10
242.36305276105958
 20
-678.8614130150191
 10
242.3337543319273
 20
-678.8391213592381
 10
242.30501179155277
 20
-678.8161173978423
 10
242.27684245336758
 20
-678.7924149875579
 10
242.24926328552772
 20
-678.7680284058306
 10
242.22229090069266
 20
-678.7429723422254
 10
242.19594154601845
 20
-678.717261889578
 10
242.17023109337106
 20
-678.6909125349039
 10
242.14517502976582
 20
-678.6639401500687
 10
242.12078844803852
 20
-678.6363609822289
 10
242.09708603775414
 20
-678.6081916440437
 10
242.0740820763583
 20
-678.5794491036692
 10
242.05179042057728
 20
-678.5501506745369
 10
242.03022449807088
 20
-678.520314004925
 10
242.0093972993444
 20
-678.4899570673276
 10
241.9893213699237
 20
-678.4590981476289
 10
241.97000880279785
 20
-678.4277558340881
 10
241.9514712311352
 20
-678.3959490061429
 10
241.9337198212757
 20
-678.3636968230372
 10
241.91676526600497
 20
-678.3310187122802
 10
241.9006177781131
 20
-678.2979343579436
 10
241.88528708424298
 20
-678.2644636888057
 10
241.87078241903134
 20
-678.2306268663458
 10
241.85711251954615
 20
-678.1964442726007
 10
241.8442856200237
 20
-678.1619364978866
 10
241.8323094469087
 20
-678.1271243283966
 10
241.82119121419993
 20
-678.0920287336799
 10
241.81093761910506
 20
-678.0566708540106
 10
241.80155483800644
 20
-678.0210719876532
 10
241.79304852274043
 20
-677.9852535780335
 10
241.7854237971934
 20
-677.9492372008224
 10
241.77868525421485
 20
-677.9130445509387
 10
241.7728369528511
 20
-677.8766974294813
 10
241.7678824159002
 20
-677.840217730597
 10
241.76382462778997
 20
-677.8036274282925
 10
241.7606660327802
 20
-677.7669485631977
 10
241.75840853349047
 20
-677.7302032292894
 10
241.75705348975396
 20
-677.6934135605826
 10
241.75660171779822
 20
-677.6566017177983
  0
LWPOLYLINE
  5
139
330
17
100
AcDbEntity
  8
20_ВИДИМЫЕ
100
AcDbPolyline
 90
129
 70
1
 10
242.73160171779824
 20
-677.6566017177983
 10
242.73223410329052
 20
-677.6308411887763
 10
242.73412973629536
 20
-677.6051427191252
 10
242.73728405006676
 20
-677.5795682187091
 10
242.74168944558653
 20
-677.5541792987398
 10
242.74733530987112
 20
-677.529037123349
 10
242.75420804153885
 20
-677.5042022622396
 10
242.76229108357717
 20
-677.4797345447673
 10
242.77156496322982
 20
-677.4556929158066
 10
242.78200733890844
 20
-677.4321352937473
 10
242.79359305401533
 20
-677.4091184309646
 10
242.80629419754808
 20
-677.3866977770967
 10
242.82008017133938
 20
-677.3649273454629
 10
242.83491776377093
 20
-677.3438595829397
 10
242.85077122978282
 20
-677.3235452436123
 10
242.8676023769869
 20
-677.3040332665036
 10
242.8853706576753
 20
-677.2853706576752
 10
242.90403326650357
 20
-677.2676023769868
 10
242.92354524361235
 20
-677.2507712297828
 10
242.9438595829397
 20
-677.2349177637709
 10
242.96492734546297
 20
-677.2200801713394
 10
242.98669777709682
 20
-677.206294197548
 10
243.00911843096458
 20
-677.1935930540153
 10
243.03213529374733
 20
-677.1820073389084
 10
243.05569291580656
 20
-677.1715649632298
 10
243.07973454476735
 20
-677.1622910835771
 10
243.10420226223965
 20
-677.1542080415388
 10
243.129037123349
 20
-677.1473353098711
 10
243.1541792987398
 20
-677.1416894455865
 10
243.17956821870916
 20
-677.1372840500667
 10
243.2051427191252
 20
-677.1341297362953
 10
243.23084118877637
 20
-677.1322341032906
 10
243.25660171779828
 20
-677.1316017177983
 10
243.28236224682013
 20
-677.1322341032906
 10
243.3080607164713
 20
-677.1341297362953
 10
243.33363521688733
 20
-677.1372840500667
 10
243.3590241368567
 20
-677.1416894455865
 10
243.3841663122475
 20
-677.1473353098711
 10
243.40900117335684
 20
-677.1542080415388
 10
243.43346889082915
 20
-677.1622910835771
 10
243.45751051978993
 20
-677.1715649632298
 10
243.48106814184916
 20
-677.1820073389084
 10
243.50408500463192
 20
-677.1935930540153
 10
243.52650565849967
 20
-677.206294197548
 10
243.54827609013353
 20
-677.2200801713394
 10
243.5693438526568
 20
-677.2349177637709
 10
243.58965819198414
 20
-677.2507712297828
 10
243.60917016909292
 20
-677.2676023769868
 10
243.62783277792118
 20
-677.2853706576752
 10
243.6456010586096
 20
-677.3040332665036
 10
243.66243220581367
 20
-677.3235452436123
 10
243.67828567182556
 20
-677.3438595829397
 10
243.6931232642571
 20
-677.3649273454629
 10
243.7069092380484
 20
-677.3866977770967
 10
243.7196103815811
 20
-677.4091184309646
 10
243.73119609668805
 20
-677.4321352937473
 10
243.74163847236667
 20
-677.4556929158066
 10
243.75091235201933
 20
-677.4797345447673
 10
243.75899539405765
 20
-677.5042022622396
 10
243.76586812572538
 20
-677.529037123349
 10
243.77151399000996
 20
-677.5541792987398
 10
243.77591938552973
 20
-677.5795682187091
 10
243.77907369930114
 20
-677.6051427191252
 10
243.78096933230597
 20
-677.6308411887763
 10
243.78160171779825
 20
-677.6566017177983
 10
243.78096933230597
 20
-677.68236224682
 10
243.77907369930114
 20
-677.7080607164712
 10
243.77591938552973
 20
-677.7336352168873
 10
243.77151399000996
 20
-677.7590241368566
 10
243.76586812572538
 20
-677.7841663122474
 10
243.75899539405765
 20
-677.8090011733568
 10
243.75091235201933
 20
-677.8334688908292
 10
243.74163847236667
 20
-677.8575105197899
 10
243.73119609668805
 20
-677.8810681418491
 10
243.7196103815811
 20
-677.9040850046318
 10
243.7069092380484
 20
-677.9265056584997
 10
243.6931232642571
 20
-677.9482760901335
 10
243.67828567182556
 20
-677.9693438526567
 10
243.66243220581367
 20
-677.9896581919841
 10
243.6456010586096
 20
-678.0091701690928
 10
243.62783277792118
 20
-678.0278327779212
 10
243.60917016909292
 20
-678.0456010586096
 10
243.58965819198414
 20
-678.0624322058136
 10
243.5693438526568
 20
-678.0782856718256
 10
243.54827609013353
 20
-678.0931232642571
 10
243.52650565849967
 20
-678.1069092380484
 10
243.50408500463192
 20
-678.1196103815811
 10
243.48106814184916
 20
-678.131196096688
 10
243.45751051978993
 20
-678.1416384723666
 10
243.43346889082915
 20
-678.1509123520193
 10
243.40900117335684
 20
-678.1589953940577
 10
243.3841663122475
 20
-678.1658681257254
 10
243.3590241368567
 20
-678.1715139900099
 10
243.33363521688733
 20
-678.1759193855297
 10
243.3080607164713
 20
-678.1790736993012
 10
243.28236224682013
 20
-678.180969332306
 10
243.25660171779828
 20
-678.1816017177982
 10
243.23084118877637
 20
-678.180969332306
 10
243.2051427191252
 20
-678.1790736993012
 10
243.17956821870916
 20
-678.1759193855297
 10
243.1541792987398
 20
-678.1715139900099
 10
243.129037123349
 20
-678.1658681257254
 10
243.10420226223965
 20
-678.1589953940577
 10
243.07973454476735
 20
-678.1509123520193
 10
243.05569291580656
 20
-678.1416384723666
 10
243.03213529374733
 20
-678.131196096688
 10
243.00911843096458
 20
-678.1196103815811
 10
242.98669777709682
 20
-678.1069092380484
 10
242.96492734546297
 20
-678.0931232642571
 10
242.9438595829397
 20
-678.0782856718256
 10
242.92354524361235
 20
-678.0624322058136
 10
242.90403326650357
 20
-678.0456010586096
 10
242.8853706576753
 20
-678.0278327779212
 10
242.8676023769869
 20
-678.0091701690928
 10
242.85077122978282
 20
-677.9896581919841
 10
242.83491776377093
 20
-677.9693438526567
 10
242.82008017133938
 20
-677.9482760901335
 10
242.80629419754808
 20
-677.9265056584997
 10
242.79359305401533
 20
-677.9040850046318
 10
242.78200733890844
 20
-677.8810681418491
 10
242.77156496322982
 20
-677.8575105197899
 10
242.76229108357717
 20
-677.8334688908292
 10
242.75420804153885
 20
-677.8090011733568
 10
242.74733530987112
 20
-677.7841663122474
 10
242.74168944558653
 20
-677.7590241368566
 10
242.73728405006676
 20
-677.7336352168873
 10
242.73412973629536
 20
-677.7080607164712
 10
242.73223410329052
 20
-677.68236224682
 10
242.73160171779824
 20
-677.6566017177983
  0
LWPOLYLINE
  5
13A
330
17
100
AcDbEntity
  8
20_ВИДИМЫЕ
100
AcDbPolyline
 90
257
 70
1
 10
241.75660171779828
 20
-656.4433982822018
 10
241.75705348975396
 20
-656.4065864394174
 10
241.75840853349047
 20
-656.3697967707106
 10
241.7606660327802
 20
-656.3330514368023
 10
241.76382462778997
 20
-656.2963725717075
 10
241.7678824159002
 20
-656.259782269403
 10
241.7728369528511
 20
-656.2233025705187
 10
241.77868525421485
 20
-656.1869554490613
 10
241.7854237971934
 20
-656.1507627991775
 10
241.79304852274043
 20
-656.1147464219665
 10
241.80155483800644
 20
-656.0789280123469
 10
241.81093761910506
 20
-656.0433291459894
 10
241.82119121419993
 20
-656.00797126632
 10
241.8323094469087
 20
-655.9728756716034
 10
241.8442856200237
 20
-655.9380635021134
 10
241.85711251954615
 20
-655.9035557273993
 10
241.87078241903134
 20
-655.8693731336541
 10
241.88528708424298
 20
-655.8355363111943
 10
241.9006177781131
 20
-655.8020656420564
 10
241.91676526600497
 20
-655.7689812877198
 10
241.9337198212757
 20
-655.7363031769628
 10
241.9514712311352
 20
-655.7040509938571
 10
241.97000880279785
 20
-655.6722441659119
 10
241.9893213699237
 20
-655.6409018523711
 10
242.0093972993444
 20
-655.6100429326724
 10
242.03022449807088
 20
-655.579685995075
 10
242.05179042057728
 20
-655.5498493254631
 10
242.07408207635837
 20
-655.5205508963309
 10
242.09708603775414
 20
-655.4918083559563
 10
242.12078844803852
 20
-655.4636390177711
 10
242.14517502976582
 20
-655.4360598499312
 10
242.17023109337106
 20
-655.4090874650961
 10
242.19594154601845
 20
-655.382738110422
 10
242.22229090069266
 20
-655.3570276577746
 10
242.24926328552772
 20
-655.3319715941693
 10
242.27684245336758
 20
-655.307585012442
 10
242.30501179155277
 20
-655.2838826021576
 10
242.3337543319273
 20
-655.2608786407619
 10
242.36305276105958
 20
-655.2385869849808
 10
242.39288943067146
 20
-655.2170210624744
 10
242.42324636826885
 20
-655.196193863748
 10
242.4541052879676
 20
-655.1761179343272
 10
242.48544760150844
 20
-655.1568053672014
 10
242.5172544294536
 20
-655.1382677955387
 10
242.54950661255924
 20
-655.1205163856793
 10
242.58218472331635
 20
-655.1035618304085
 10
242.61526907765284
 20
-655.0874143425166
 10
242.64873974679074
 20
-655.0720836486465
 10
242.6825765692506
 20
-655.0575789834348
 10
242.71675916299574
 20
-655.0439090839496
 10
242.75126693770994
 20
-655.0310821844273
 10
242.7860791071999
 20
-655.0191060113123
 10
242.82117470191656
 20
-655.0079877786035
 10
242.8565325815859
 20
-654.9977341835087
 10
242.89213144794337
 20
-654.98835140241
 10
242.92794985756296
 20
-654.979845087144
 10
242.96396623477403
 20
-654.9722203615969
 10
243.00015888465782
 20
-654.9654818186184
 10
243.0365060061152
 20
-654.9596335172546
 10
243.07298570499944
 20
-654.9546789803037
 10
243.10957600730393
 20
-654.9506211921935
 10
243.14625487239874
 20
-654.9474625971837
 10
243.1830002063071
 20
-654.945205097894
 10
243.21978987501387
 20
-654.9438500541575
 10
243.25660171779828
 20
-654.9433982822018
 10
243.29341356058262
 20
-654.9438500541575
 10
243.3302032292894
 20
-654.945205097894
 10
243.36694856319775
 20
-654.9474625971837
 10
243.40362742829257
 20
-654.9506211921935
 10
243.44021773059706
 20
-654.9546789803037
 10
243.4766974294813
 20
-654.9596335172546
 10
243.51304455093873
 20
-654.9654818186184
 10
243.54923720082246
 20
-654.9722203615969
 10
243.58525357803353
 20
-654.979845087144
 10
243.62107198765312
 20
-654.98835140241
 10
243.6566708540106
 20
-654.9977341835087
 10
243.69202873367993
 20
-655.0079877786035
 10
243.7271243283966
 20
-655.0191060113123
 10
243.7619364978866
 20
-655.0310821844273
 10
243.79644427260075
 20
-655.0439090839496
 10
243.83062686634588
 20
-655.0575789834348
 10
243.86446368880576
 20
-655.0720836486465
 10
243.89793435794365
 20
-655.0874143425166
 10
243.93101871228015
 20
-655.1035618304085
 10
243.96369682303725
 20
-655.1205163856793
 10
243.99594900614295
 20
-655.1382677955387
 10
244.0277558340881
 20
-655.1568053672014
 10
244.0590981476289
 20
-655.1761179343272
 10
244.08995706732765
 20
-655.196193863748
 10
244.12031400492504
 20
-655.2170210624744
 10
244.15015067453692
 20
-655.2385869849808
 10
244.17944910366919
 20
-655.2608786407619
 10
244.20819164404372
 20
-655.2838826021576
 10
244.23636098222892
 20
-655.307585012442
 10
244.26394015006878
 20
-655.3319715941693
 10
244.29091253490384
 20
-655.3570276577746
 10
244.31726188957805
 20
-655.382738110422
 10
244.34297234222544
 20
-655.4090874650961
 10
244.36802840583067
 20
-655.4360598499312
 10
244.39241498755797
 20
-655.4636390177711
 10
244.41611739784236
 20
-655.4918083559563
 10
244.43912135923813
 20
-655.5205508963309
 10
244.46141301501922
 20
-655.5498493254631
 10
244.48297893752562
 20
-655.579685995075
 10
244.50380613625208
 20
-655.6100429326724
 10
244.5238820656728
 20
-655.6409018523711
 10
244.54319463279865
 20
-655.6722441659119
 10
244.5617322044613
 20
-655.7040509938571
 10
244.5794836143208
 20
-655.7363031769628
 10
244.59643816959152
 20
-655.7689812877198
 10
244.6125856574834
 20
-655.8020656420564
 10
244.62791635135352
 20
-655.8355363111943
 10
244.6424210165652
 20
-655.8693731336541
 10
244.65609091605035
 20
-655.9035557273993
 10
244.6689178155728
 20
-655.9380635021134
 10
244.68089398868779
 20
-655.9728756716034
 10
244.69201222139657
 20
-656.00797126632
 10
244.70226581649143
 20
-656.0433291459894
 10
244.71164859759006
 20
-656.0789280123469
 10
244.72015491285606
 20
-656.1147464219665
 10
244.7277796384031
 20
-656.1507627991775
 10
244.73451818138165
 20
-656.1869554490613
 10
244.7403664827454
 20
-656.2233025705187
 10
244.7453210196963
 20
-656.259782269403
 10
244.74937880780652
 20
-656.2963725717075
 10
244.7525374028163
 20
-656.3330514368023
 10
244.75479490210603
 20
-656.3697967707106
 10
244.75614994584254
 20
-656.4065864394174
 10
244.75660171779828
 20
-656.4433982822018
 10
244.75614994584254
 20
-656.4802101249861
 10
244.75479490210603
 20
-656.5169997936929
 10
244.7525374028163
 20
-656.5537451276012
 10
244.74937880780652
 20
-656.5904239926962
 10
244.7453210196963
 20
-656.6270142950007
 10
244.7403664827454
 20
-656.6634939938848
 10
244.73451818138165
 20
-656.6998411153422
 10
244.7277796384031
 20
-656.736033765226
 10
244.72015491285606
 20
-656.7720501424371
 10
244.71164859759006
 20
-656.8078685520567
 10
244.70226581649143
 20
-656.8434674184141
 10
244.69201222139657
 20
-656.8788252980835
 10
244.68089398868779
 20
-656.9139208928001
 10
244.6689178155728
 20
-656.9487330622901
 10
244.65609091605035
 20
-656.9832408370042
 10
244.6424210165652
 20
-657.0174234307494
 10
244.62791635135352
 20
-657.0512602532093
 10
244.6125856574834
 20
-657.0847309223473
 10
244.59643816959152
 20
-657.1178152766837
 10
244.5794836143208
 20
-657.1504933874407
 10
244.5617322044613
 20
-657.1827455705464
 10
244.54319463279865
 20
-657.2145523984916
 10
244.5238820656728
 20
-657.2458947120324
 10
244.50380613625208
 20
-657.2767536317311
 10
244.48297893752562
 20
-657.3071105693285
 10
244.46141301501922
 20
-657.3369472389404
 10
244.43912135923813
 20
-657.3662456680727
 10
244.41611739784236
 20
-657.3949882084472
 10
244.39241498755797
 20
-657.4231575466324
 10
244.36802840583067
 20
-657.4507367144723
 10
244.34297234222544
 20
-657.4777090993074
 10
244.31726188957805
 20
-657.5040584539815
 10
244.29091253490384
 20
-657.529768906629
 10
244.26394015006878
 20
-657.5548249702342
 10
244.23636098222892
 20
-657.5792115519615
 10
244.20819164404372
 20
-657.6029139622459
 10
244.17944910366919
 20
-657.6259179236417
 10
244.15015067453692
 20
-657.6482095794228
 10
244.12031400492504
 20
-657.6697755019292
 10
244.08995706732765
 20
-657.6906027006556
 10
244.0590981476289
 20
-657.7106786300764
 10
244.0277558340881
 20
-657.7299911972023
 10
243.99594900614295
 20
-657.7485287688648
 10
243.96369682303725
 20
-657.7662801787243
 10
243.93101871228015
 20
-657.7832347339951
 10
243.89793435794365
 20
-657.799382221887
 10
243.86446368880576
 20
-657.8147129157571
 10
243.83062686634588
 20
-657.8292175809687
 10
243.79644427260075
 20
-657.8428874804539
 10
243.7619364978866
 20
-657.8557143799763
 10
243.7271243283966
 20
-657.8676905530913
 10
243.69202873367993
 20
-657.8788087858001
 10
243.6566708540106
 20
-657.889062380895
 10
243.62107198765312
 20
-657.8984451619935
 10
243.58525357803353
 20
-657.9069514772596
 10
243.54923720082246
 20
-657.9145762028066
 10
243.51304455093873
 20
-657.9213147457851
 10
243.4766974294813
 20
-657.927163047149
 10
243.44021773059706
 20
-657.9321175840998
 10
243.40362742829257
 20
-657.9361753722101
 10
243.36694856319775
 20
-657.9393339672198
 10
243.3302032292894
 20
-657.9415914665095
 10
243.29341356058262
 20
-657.9429465102461
 10
243.25660171779828
 20
-657.9433982822018
 10
243.21978987501387
 20
-657.9429465102461
 10
243.1830002063071
 20
-657.9415914665095
 10
243.14625487239874
 20
-657.9393339672198
 10
243.10957600730393
 20
-657.9361753722101
 10
243.07298570499944
 20
-657.9321175840998
 10
243.0365060061152
 20
-657.927163047149
 10
243.00015888465782
 20
-657.9213147457851
 10
242.96396623477403
 20
-657.9145762028066
 10
242.92794985756296
 20
-657.9069514772596
 10
242.89213144794337
 20
-657.8984451619935
 10
242.8565325815859
 20
-657.889062380895
 10
242.82117470191656
 20
-657.8788087858001
 10
242.7860791071999
 20
-657.8676905530913
 10
242.75126693770994
 20
-657.8557143799763
 10
242.71675916299574
 20
-657.8428874804539
 10
242.6825765692506
 20
-657.8292175809687
 10
242.64873974679074
 20
-657.8147129157571
 10
242.61526907765284
 20
-657.799382221887
 10
242.58218472331635
 20
-657.7832347339951
 10
242.54950661255924
 20
-657.7662801787243
 10
242.5172544294536
 20
-657.7485287688648
 10
242.48544760150844
 20
-657.7299911972023
 10
242.4541052879676
 20
-657.7106786300764
 10
242.42324636826885
 20
-657.6906027006556
 10
242.39288943067146
 20
-657.6697755019292
 10
242.36305276105958
 20
-657.6482095794228
 10
242.3337543319273
 20
-657.6259179236417
 10
242.30501179155277
 20
-657.6029139622459
 10
242.27684245336758
 20
-657.5792115519615
 10
242.24926328552772
 20
-657.5548249702342
 10
242.22229090069266
 20
-657.529768906629
 10
242.19594154601845
 20
-657.5040584539815
 10
242.17023109337106
 20
-657.4777090993074
 10
242.14517502976582
 20
-657.4507367144723
 10
242.12078844803852
 20
-657.4231575466324
 10
242.09708603775414
 20
-657.3949882084472
 10
242.07408207635837
 20
-657.3662456680727
 10
242.05179042057728
 20
-657.3369472389404
 10
242.03022449807088
 20
-657.3071105693285
 10
242.0093972993444
 20
-657.2767536317311
 10
241.9893213699237
 20
-657.2458947120324
 10
241.97000880279785
 20
-657.2145523984916
 10
241.9514712311352
 20
-657.1827455705464
 10
241.9337198212757
 20
-657.1504933874407
 10
241.91676526600497
 20
-657.1178152766837
 10
241.9006177781131
 20
-657.0847309223473
 10
241.88528708424298
 20
-657.0512602532093
 10
241.87078241903134
 20
-657.0174234307494
 10
241.85711251954615
 20
-656.9832408370042
 10
241.8442856200237
 20
-656.9487330622901
 10
241.8323094469087
 20
-656.9139208928001
 10
241.82119121419993
 20
-656.8788252980835
 10
241.81093761910506
 20
-656.8434674184141
 10
241.80155483800644
 20
-656.8078685520567
 10
241.79304852274043
 20
-656.7720501424371
 10
241.7854237971934
 20
-656.736033765226
 10
241.77868525421485
 20
-656.6998411153422
 10
241.7728369528511
 20
-656.6634939938848
 10
241.7678824159002
 20
-656.6270142950007
 10
241.76382462778997
 20
-656.5904239926962
 10
241.7606660327802
 20
-656.5537451276012
 10
241.75840853349047
 20
-656.5169997936929
 10
241.75705348975396
 20
-656.4802101249861
 10
241.75660171779828
 20
-656.4433982822018
  0
LWPOLYLINE
  5
13B
330
17
100
AcDbEntity
  8
20_ВИДИМЫЕ
100
AcDbPolyline
 90
129
 70
1
 10
242.73160171779824
 20
-656.4433982822018
 10
242.73223410329052
 20
-656.4176377531799
 10
242.73412973629536
 20
-656.3919392835288
 10
242.73728405006676
 20
-656.3663647831127
 10
242.74168944558653
 20
-656.3409758631433
 10
242.74733530987112
 20
-656.3158336877526
 10
242.75420804153885
 20
-656.2909988266432
 10
242.76229108357717
 20
-656.2665311091708
 10
242.77156496322982
 20
-656.2424894802101
 10
242.78200733890844
 20
-656.2189318581509
 10
242.7935930540154
 20
-656.1959149953682
 10
242.80629419754808
 20
-656.1734943415004
 10
242.82008017133944
 20
-656.1517239098665
 10
242.83491776377093
 20
-656.1306561473433
 10
242.85077122978282
 20
-656.1103418080158
 10
242.8676023769869
 20
-656.0908298309071
 10
242.8853706576753
 20
-656.0721672220789
 10
242.90403326650357
 20
-656.0543989413904
 10
242.92354524361235
 20
-656.0375677941863
 10
242.9438595829397
 20
-656.0217143281744
 10
242.96492734546297
 20
-656.0068767357429
 10
242.98669777709682
 20
-655.9930907619516
 10
243.00911843096458
 20
-655.9803896184189
 10
243.03213529374733
 20
-655.9688039033119
 10
243.05569291580656
 20
-655.9583615276333
 10
243.07973454476735
 20
-655.9490876479807
 10
243.10420226223965
 20
-655.9410046059423
 10
243.129037123349
 20
-655.9341318742746
 10
243.1541792987398
 20
-655.9284860099901
 10
243.17956821870916
 20
-655.9240806144703
 10
243.2051427191252
 20
-655.9209263006989
 10
243.23084118877637
 20
-655.9190306676941
 10
243.25660171779828
 20
-655.9183982822018
 10
243.28236224682013
 20
-655.9190306676941
 10
243.3080607164713
 20
-655.9209263006989
 10
243.33363521688733
 20
-655.9240806144703
 10
243.3590241368567
 20
-655.9284860099901
 10
243.3841663122475
 20
-655.9341318742746
 10
243.40900117335684
 20
-655.9410046059423
 10
243.43346889082915
 20
-655.9490876479807
 10
243.45751051978993
 20
-655.9583615276333
 10
243.48106814184916
 20
-655.9688039033119
 10
243.50408500463192
 20
-655.9803896184189
 10
243.52650565849967
 20
-655.9930907619516
 10
243.54827609013353
 20
-656.0068767357429
 10
243.5693438526568
 20
-656.0217143281744
 10
243.58965819198414
 20
-656.0375677941863
 10
243.60917016909292
 20
-656.0543989413904
 10
243.62783277792118
 20
-656.0721672220789
 10
243.6456010586096
 20
-656.0908298309071
 10
243.66243220581367
 20
-656.1103418080158
 10
243.67828567182556
 20
-656.1306561473433
 10
243.6931232642571
 20
-656.1517239098665
 10
243.7069092380484
 20
-656.1734943415004
 10
243.71961038158116
 20
-656.1959149953682
 10
243.73119609668805
 20
-656.2189318581509
 10
243.74163847236667
 20
-656.2424894802101
 10
243.75091235201933
 20
-656.2665311091708
 10
243.75899539405765
 20
-656.2909988266432
 10
243.76586812572538
 20
-656.3158336877526
 10
243.77151399000996
 20
-656.3409758631433
 10
243.77591938552973
 20
-656.3663647831127
 10
243.77907369930114
 20
-656.3919392835287
 10
243.78096933230597
 20
-656.4176377531799
 10
243.78160171779825
 20
-656.4433982822018
 10
243.78096933230597
 20
-656.4691588112237
 10
243.77907369930114
 20
-656.4948572808748
 10
243.77591938552973
 20
-656.5204317812909
 10
243.77151399000996
 20
-656.5458207012603
 10
243.76586812572538
 20
-656.570962876651
 10
243.75899539405765
 20
-656.5957977377603
 10
243.75091235201933
 20
-656.6202654552327
 10
243.74163847236667
 20
-656.6443070841934
 10
243.73119609668805
 20
-656.6678647062527
 10
243.71961038158116
 20
-656.6908815690355
 10
243.7069092380484
 20
-656.7133022229032
 10
243.6931232642571
 20
-656.7350726545371
 10
243.67828567182556
 20
-656.7561404170604
 10
243.66243220581367
 20
-656.7764547563877
 10
243.6456010586096
 20
-656.7959667334965
 10
243.62783277792118
 20
-656.8146293423247
 10
243.60917016909292
 20
-656.8323976230131
 10
243.58965819198414
 20
-656.8492287702172
 10
243.5693438526568
 20
-656.8650822362291
 10
243.54827609013353
 20
-656.8799198286606
 10
243.52650565849967
 20
-656.8937058024519
 10
243.50408500463192
 20
-656.9064069459847
 10
243.48106814184916
 20
-656.9179926610916
 10
243.45751051978993
 20
-656.9284350367702
 10
243.43346889082915
 20
-656.9377089164229
 10
243.40900117335684
 20
-656.9457919584612
 10
243.3841663122475
 20
-656.9526646901289
 10
243.3590241368567
 20
-656.9583105544135
 10
243.33363521688733
 20
-656.9627159499333
 10
243.3080607164713
 20
-656.9658702637047
 10
243.28236224682013
 20
-656.9677658967095
 10
243.25660171779828
 20
-656.9683982822017
 10
243.23084118877637
 20
-656.9677658967095
 10
243.2051427191252
 20
-656.9658702637047
 10
243.17956821870916
 20
-656.9627159499333
 10
243.1541792987398
 20
-656.9583105544135
 10
243.129037123349
 20
-656.9526646901289
 10
243.10420226223965
 20
-656.9457919584612
 10
243.07973454476735
 20
-656.9377089164229
 10
243.05569291580656
 20
-656.9284350367702
 10
243.03213529374733
 20
-656.9179926610916
 10
243.00911843096458
 20
-656.9064069459847
 10
242.98669777709682
 20
-656.8937058024519
 10
242.96492734546297
 20
-656.8799198286606
 10
242.9438595829397
 20
-656.8650822362291
 10
242.92354524361235
 20
-656.8492287702172
 10
242.90403326650357
 20
-656.8323976230131
 10
242.8853706576753
 20
-656.8146293423247
 10
242.8676023769869
 20
-656.7959667334965
 10
242.85077122978282
 20
-656.7764547563877
 10
242.83491776377093
 20
-656.7561404170604
 10
242.82008017133944
 20
-656.7350726545371
 10
242.80629419754808
 20
-656.7133022229032
 10
242.7935930540154
 20
-656.6908815690355
 10
242.78200733890844
 20
-656.6678647062527
 10
242.77156496322982
 20
-656.6443070841934
 10
242.76229108357717
 20
-656.6202654552327
 10
242.75420804153885
 20
-656.5957977377603
 10
242.74733530987112
 20
-656.570962876651
 10
242.74168944558653
 20
-656.5458207012603
 10
242.73728405006676
 20
-656.5204317812909
 10
242.73412973629536
 20
-656.4948572808748
 10
242.73223410329052
 20
-656.4691588112237
 10
242.73160171779824
 20
-656.4433982822018
  0
LWPOLYLINE
  5
13C
330
17
100
AcDbEntity
  8
20_ВИДИМЫЕ
100
AcDbPolyline
 90
259
 70
1
 10
235.72116956271645
 20
-664.150873425781
 10
235.79229625554956
 20
-664.153493177005
 10
235.8633372344391
 20
-664.1578576756318
 10
235.93424970695577
 20
-664.1639642926507
 10
236.00499095807777
 20
-664.1718093496637
 10
236.07551837592058
 20
-664.1813881211021
 10
236.1457894774049
 20
-664.192694837072
 10
236.2157619338468
 20
-664.2057226868307
 10
236.28539359645498
 20
-664.2204638228883
 10
236.35464252171948
 20
-664.2369093657358
 10
236.42346699667723
 20
-664.2550494091932
 10
236.49182556403798
 20
-664.2748730263766
 10
236.5596770471568
 20
-664.2963682762802
 10
236.6269805748375
 20
-664.3195222109692
 10
236.69369560595152
 20
-664.3443208833793
 10
236.7597819538588
 20
-664.3707493557173
 10
236.8251998106145
 20
-664.3987917084597
 10
236.88990977094784
 20
-664.428431049942
 10
236.95387285599838
 20
-664.459649526533
 10
237.0170505367954
 20
-664.4924283333897
 10
237.07940475746642
 20
-664.5267477257847
 10
237.1408979581604
 20
-664.5625870309992
 10
237.2014930976726
 20
-664.5999246607759
 10
237.26115367575687
 20
-664.6387381243226
 10
237.31984375511178
 20
-664.6790040418604
 10
237.37752798302807
 20
-664.7206981587061
 10
237.43417161268383
 20
-664.7637953598828
 10
237.4897405240746
 20
-664.8082696852481
 10
237.544201244566
 20
-664.8540943451312
 10
237.5975209690564
 20
-664.9012417364706
 10
237.64966757973752
 20
-664.9496834594407
 10
237.700609665441
 20
-664.999390334559
 10
237.7503165405593
 20
-665.0503324202625
 10
237.7987582635294
 20
-665.1024790309436
 10
237.84590565486883
 20
-665.155798755434
 10
237.89173031475195
 20
-665.2102594759255
 10
237.93620464011718
 20
-665.2658283873162
 10
237.97930184129393
 20
-665.3224720169719
 10
238.02099595813962
 20
-665.3801562448882
 10
238.06126187567742
 20
-665.4388463242432
 10
238.1000753392242
 20
-665.4985069023274
 10
238.13741296900082
 20
-665.5591020418397
 10
238.17325227421532
 20
-665.6205952425337
 10
238.20757166661025
 20
-665.6829494632046
 10
238.240350473467
 20
-665.7461271440017
 10
238.271568950058
 20
-665.8100902290522
 10
238.30120829154026
 20
-665.8748001893855
 10
238.32925064428275
 20
-665.9402180461412
 10
238.35567911662076
 20
-666.0063043940486
 10
238.3804777890308
 20
-666.0730194251626
 10
238.40363172371985
 20
-666.1403229528432
 10
238.42512697362343
 20
-666.2081744359621
 10
238.4449505908068
 20
-666.2765330033228
 10
238.46309063426423
 20
-666.3453574782806
 10
238.47953617711175
 20
-666.4146064035451
 10
238.4942773131694
 20
-666.4842380661532
 10
238.507305162928
 20
-666.5542105225951
 10
238.5186118788979
 20
-666.6244816240794
 10
238.52819065033628
 20
-666.6950090419223
 10
238.5360357073494
 20
-666.7657502930442
 10
238.54214232436823
 20
-666.836662765561
 10
238.546506822995
 20
-666.9077037444505
 10
238.54912657421903
 20
-666.9788304372836
 10
238.55
 20
-667.05
 10
238.54912657421903
 20
-667.1211695627164
 10
238.546506822995
 20
-667.1922962555495
 10
238.54214232436823
 20
-667.2633372344391
 10
238.5360357073494
 20
-667.3342497069557
 10
238.52819065033628
 20
-667.4049909580777
 10
238.5186118788979
 20
-667.4755183759205
 10
238.507305162928
 20
-667.5457894774049
 10
238.4942773131694
 20
-667.6157619338468
 10
238.47953617711175
 20
-667.6853935964549
 10
238.46309063426423
 20
-667.7546425217195
 10
238.4449505908068
 20
-667.8234669966772
 10
238.42512697362343
 20
-667.891825564038
 10
238.40363172371985
 20
-667.9596770471568
 10
238.3804777890308
 20
-668.0269805748375
 10
238.35567911662076
 20
-668.0936956059514
 10
238.32925064428275
 20
-668.1597819538588
 10
238.30120829154026
 20
-668.2251998106144
 10
238.271568950058
 20
-668.2899097709478
 10
238.240350473467
 20
-668.3538728559984
 10
238.20757166661025
 20
-668.4170505367954
 10
238.17325227421532
 20
-668.4794047574663
 10
238.13741296900082
 20
-668.5408979581604
 10
238.1000753392242
 20
-668.6014930976726
 10
238.06126187567742
 20
-668.6611536757569
 10
238.02099595813962
 20
-668.7198437551117
 10
237.97930184129393
 20
-668.777527983028
 10
237.93620464011718
 20
-668.8341716126838
 10
237.89173031475195
 20
-668.8897405240746
 10
237.84590565486883
 20
-668.944201244566
 10
237.7987582635294
 20
-668.9975209690564
 10
237.7503165405593
 20
-669.0496675797375
 10
237.70060966544105
 20
-669.100609665441
 10
237.64966757973752
 20
-669.1503165405593
 10
237.5975209690564
 20
-669.1987582635294
 10
237.544201244566
 20
-669.2459056548688
 10
237.4897405240746
 20
-669.2917303147519
 10
237.43417161268383
 20
-669.3362046401171
 10
237.37752798302807
 20
-669.3793018412939
 10
237.31984375511178
 20
-669.4209959581395
 10
237.26115367575687
 20
-669.4612618756773
 10
237.2014930976726
 20
-669.5000753392242
 10
237.1408979581604
 20
-669.5374129690008
 10
237.07940475746642
 20
-669.5732522742153
 10
237.0170505367954
 20
-669.6075716666103
 10
236.95387285599838
 20
-669.640350473467
 10
236.88990977094784
 20
-669.671568950058
 10
236.8251998106145
 20
-669.7012082915403
 10
236.7597819538588
 20
-669.7292506442827
 10
236.69369560595152
 20
-669.7556791166207
 10
236.6269805748375
 20
-669.7804777890308
 10
236.5596770471568
 20
-669.8036317237198
 10
236.49182556403798
 20
-669.8251269736234
 10
236.42346699667723
 20
-669.8449505908068
 10
236.35464252171948
 20
-669.8630906342642
 10
236.28539359645498
 20
-669.8795361771117
 10
236.2157619338468
 20
-669.8942773131694
 10
236.1457894774049
 20
-669.907305162928
 10
236.07551837592058
 20
-669.9186118788979
 10
236.00499095807777
 20
-669.9281906503363
 10
235.93424970695577
 20
-669.9360357073493
 10
235.8633372344391
 20
-669.9421423243682
 10
235.79229625554956
 20
-669.9465068229949
 10
235.72116956271645
 20
-669.949126574219
 10
235.65000000000003
 20
-669.95
 10
229.65000000000003
 20
-669.95
 10
229.5788304372836
 20
-669.949126574219
 10
229.5077037444505
 20
-669.9465068229949
 10
229.43666276556098
 20
-669.9421423243682
 10
229.3657502930443
 20
-669.9360357073493
 10
229.2950090419223
 20
-669.9281906503363
 10
229.2244816240795
 20
-669.9186118788979
 10
229.15421052259518
 20
-669.907305162928
 10
229.08423806615326
 20
-669.8942773131694
 10
229.0146064035451
 20
-669.8795361771117
 10
228.94535747828058
 20
-669.8630906342642
 10
228.87653300332283
 20
-669.8449505908068
 10
228.8081744359621
 20
-669.8251269736234
 10
228.74032295284326
 20
-669.8036317237198
 10
228.67301942516258
 20
-669.7804777890308
 10
228.60630439404855
 20
-669.7556791166207
 10
228.54021804614126
 20
-669.7292506442827
 10
228.47480018938558
 20
-669.7012082915403
 10
228.41009022905223
 20
-669.671568950058
 10
228.34612714400168
 20
-669.640350473467
 10
228.28294946320466
 20
-669.6075716666103
 10
228.22059524253365
 20
-669.5732522742153
 10
228.15910204183967
 20
-669.5374129690008
 10
228.09850690232747
 20
-669.5000753392242
 10
228.0388463242432
 20
-669.4612618756773
 10
227.9801562448883
 20
-669.4209959581395
 10
227.922472016972
 20
-669.3793018412939
 10
227.86582838731624
 20
-669.3362046401171
 10
227.81025947592548
 20
-669.2917303147519
 10
227.75579875543406
 20
-669.2459056548688
 10
227.70247903094366
 20
-669.1987582635294
 10
227.65033242026254
 20
-669.1503165405593
 10
227.59939033455908
 20
-669.100609665441
 10
227.54968345944076
 20
-669.0496675797375
 10
227.50124173647066
 20
-668.9975209690564
 10
227.45409434513124
 20
-668.944201244566
 10
227.40826968524811
 20
-668.8897405240746
 10
227.3637953598829
 20
-668.8341716126838
 10
227.32069815870614
 20
-668.777527983028
 10
227.27900404186045
 20
-668.7198437551117
 10
227.23873812432265
 20
-668.6611536757569
 10
227.19992466077588
 20
-668.6014930976726
 10
227.16258703099925
 20
-668.5408979581604
 10
227.12674772578475
 20
-668.4794047574663
 10
227.09242833338982
 20
-668.4170505367954
 10
227.05964952653306
 20
-668.3538728559984
 10
227.02843104994207
 20
-668.2899097709478
 10
226.9987917084598
 20
-668.2251998106144
 10
226.97074935571732
 20
-668.1597819538588
 10
226.9443208833793
 20
-668.0936956059514
 10
226.91952221096926
 20
-668.0269805748375
 10
226.8963682762802
 20
-667.9596770471568
 10
226.87487302637663
 20
-667.891825564038
 10
226.85504940919327
 20
-667.8234669966772
 10
226.83690936573583
 20
-667.7546425217195
 10
226.8204638228883
 20
-667.6853935964549
 10
226.80572268683068
 20
-667.6157619338468
 10
226.79269483707208
 20
-667.5457894774049
 10
226.78138812110217
 20
-667.4755183759205
 10
226.77180934966378
 20
-667.4049909580777
 10
226.76396429265066
 20
-667.3342497069557
 10
226.75785767563184
 20
-667.2633372344391
 10
226.75349317700505
 20
-667.1922962555495
 10
226.75087342578104
 20
-667.1211695627164
 10
226.75000000000006
 20
-667.05
 10
226.75087342578104
 20
-666.9788304372836
 10
226.75349317700505
 20
-666.9077037444505
 10
226.75785767563184
 20
-666.836662765561
 10
226.76396429265066
 20
-666.7657502930442
 10
226.77180934966378
 20
-666.6950090419223
 10
226.78138812110217
 20
-666.6244816240794
 10
226.79269483707208
 20
-666.5542105225951
 10
226.80572268683068
 20
-666.4842380661532
 10
226.8204638228883
 20
-666.4146064035451
 10
226.83690936573583
 20
-666.3453574782806
 10
226.85504940919327
 20
-666.2765330033228
 10
226.87487302637663
 20
-666.2081744359621
 10
226.8963682762802
 20
-666.1403229528432
 10
226.91952221096926
 20
-666.0730194251626
 10
226.9443208833793
 20
-666.0063043940486
 10
226.97074935571732
 20
-665.9402180461412
 10
226.9987917084598
 20
-665.8748001893855
 10
227.02843104994207
 20
-665.8100902290522
 10
227.05964952653306
 20
-665.7461271440017
 10
227.09242833338982
 20
-665.6829494632046
 10
227.12674772578475
 20
-665.6205952425337
 10
227.16258703099925
 20
-665.5591020418397
 10
227.19992466077588
 20
-665.4985069023274
 10
227.23873812432265
 20
-665.4388463242432
 10
227.27900404186045
 20
-665.3801562448882
 10
227.32069815870614
 20
-665.3224720169719
 10
227.3637953598829
 20
-665.2658283873162
 10
227.40826968524811
 20
-665.2102594759255
 10
227.45409434513124
 20
-665.155798755434
 10
227.50124173647066
 20
-665.1024790309436
 10
227.54968345944076
 20
-665.0503324202625
 10
227.59939033455902
 20
-664.999390334559
 10
227.65033242026254
 20
-664.9496834594407
 10
227.70247903094366
 20
-664.9012417364706
 10
227.75579875543406
 20
-664.8540943451312
 10
227.81025947592548
 20
-664.8082696852481
 10
227.86582838731624
 20
-664.7637953598828
 10
227.922472016972
 20
-664.7206981587061
 10
227.9801562448883
 20
-664.6790040418604
 10
228.0388463242432
 20
-664.6387381243226
 10
228.09850690232747
 20
-664.5999246607759
 10
228.15910204183967
 20
-664.5625870309992
 10
228.22059524253365
 20
-664.5267477257847
 10
228.28294946320466
 20
-664.4924283333897
 10
228.34612714400168
 20
-664.459649526533
 10
228.41009022905223
 20
-664.428431049942
 10
228.47480018938558
 20
-664.3987917084597
 10
228.54021804614126
 20
-664.3707493557173
 10
228.60630439404855
 20
-664.3443208833793
 10
228.67301942516258
 20
-664.3195222109692
 10
228.74032295284326
 20
-664.2963682762802
 10
228.8081744359621
 20
-664.2748730263766
 10
228.87653300332283
 20
-664.2550494091932
 10
228.94535747828058
 20
-664.2369093657358
 10
229.0146064035451
 20
-664.2204638228883
 10
229.08423806615326
 20
-664.2057226868307
 10
229.15421052259518
 20
-664.192694837072
 10
229.2244816240795
 20
-664.1813881211021
 10
229.2950090419223
 20
-664.1718093496637
 10
229.3657502930443
 20
-664.1639642926507
 10
229.43666276556098
 20
-664.1578576756318
 10
229.5077037444505
 20
-664.153493177005
 10
229.5788304372836
 20
-664.150873425781
 10
229.65000000000003
 20
-664.15
 10
235.65000000000003
 20
-664.15
 10
235.72116956271645
 20
-664.150873425781
  0
LWPOLYLINE
  5
13D
330
17
100
AcDbEntity
  8
20_ВИДИМЫЕ
100
AcDbPolyline
 90
257
 70
1
 10
230.85000000000002
 20
-667.05
 10
230.85054212634685
 20
-667.0058257886587
 10
230.8521681788307
 20
-666.9616781862106
 10
230.85487717797838
 20
-666.9175837855206
 10
230.8586674919901
 20
-666.8735691474068
 10
230.86353683772234
 20
-666.8296607846414
 10
230.86948228206342
 20
-666.7858851459804
 10
230.87650024369992
 20
-666.7422686002315
 10
230.88458649527422
 20
-666.698837420371
 10
230.8937361659307
 20
-666.6556177677177
 10
230.90394374424983
 20
-666.6126356761741
 10
230.91520308156822
 20
-666.5699170365451
 10
230.92750739568208
 20
-666.527487580942
 10
230.9408492749326
 20
-666.485372867282
 10
230.95522068267059
 20
-666.443598263894
 10
230.9706129620975
 20
-666.4021889342371
 10
230.98701684147971
 20
-666.3611698217428
 10
231.00442243973367
 20
-666.320565634791
 10
231.02281927237783
 20
-666.2804008318255
 10
231.0421962578481
 20
-666.2406996066217
 10
231.062541724173
 20
-666.2014858737132
 10
231.08384341600436
 20
-666.1627832539864
 10
231.10608850199952
 20
-666.1246150604522
 10
231.12926358255055
 20
-666.0870042842032
 10
231.15335469785543
 20
-666.0499735805647
 10
231.1783473363272
 20
-666.0135452554479
 10
231.20422644333485
 20
-665.9777412519136
 10
231.23097643027216
 20
-665.9425831369549
 10
231.25858118394711
 20
-665.9080920885054
 10
231.2870240762884
 20
-665.8742888826832
 10
231.3162879743611
 20
-665.8411938812753
 10
231.3463552506874
 20
-665.8088270194733
 10
231.37720779386427
 20
-665.7772077938642
 10
231.40882701947334
 20
-665.7463552506873
 10
231.4411938812754
 20
-665.7162879743611
 10
231.47428888268325
 20
-665.6870240762884
 10
231.50809208850546
 20
-665.658581183947
 10
231.54258313695493
 20
-665.6309764302721
 10
231.57774125191366
 20
-665.6042264433348
 10
231.6135452554479
 20
-665.5783473363272
 10
231.64997358056473
 20
-665.5533546978554
 10
231.68700428420328
 20
-665.5292635825506
 10
231.7246150604522
 20
-665.5060885019996
 10
231.7627832539864
 20
-665.4838434160043
 10
231.80148587371326
 20
-665.462541724173
 10
231.84069960662174
 20
-665.4421962578481
 10
231.8804008318255
 20
-665.4228192723778
 10
231.92056563479105
 20
-665.4044224397336
 10
231.96116982174289
 20
-665.3870168414796
 10
232.00218893423704
 20
-665.3706129620974
 10
232.043598263894
 20
-665.3552206826705
 10
232.08537286728205
 20
-665.3408492749326
 10
232.127487580942
 20
-665.327507395682
 10
232.1699170365452
 20
-665.3152030815681
 10
232.21263567617416
 20
-665.3039437442499
 10
232.2556177677177
 20
-665.2937361659307
 10
232.298837420371
 20
-665.2845864952742
 10
232.34226860023148
 20
-665.2765002437
 10
232.3858851459804
 20
-665.2694822820633
 10
232.42966078464144
 20
-665.2635368377223
 10
232.4735691474068
 20
-665.2586674919901
 10
232.51758378552063
 20
-665.2548771779784
 10
232.56167818621066
 20
-665.2521681788307
 10
232.60582578865882
 20
-665.2505421263468
 10
232.65000000000003
 20
-665.25
 10
232.69417421134125
 20
-665.2505421263468
 10
232.7383218137894
 20
-665.2521681788307
 10
232.78241621447944
 20
-665.2548771779784
 10
232.82643085259326
 20
-665.2586674919901
 10
232.87033921535863
 20
-665.2635368377223
 10
232.91411485401966
 20
-665.2694822820633
 10
232.9577313997686
 20
-665.2765002437
 10
233.00116257962907
 20
-665.2845864952742
 10
233.04438223228237
 20
-665.2937361659307
 10
233.0873643238259
 20
-665.3039437442499
 10
233.13008296345487
 20
-665.3152030815681
 10
233.17251241905808
 20
-665.327507395682
 10
233.21462713271802
 20
-665.3408492749326
 10
233.25640173610606
 20
-665.3552206826705
 10
233.29781106576303
 20
-665.3706129620974
 10
233.33883017825718
 20
-665.3870168414796
 10
233.37943436520902
 20
-665.4044224397336
 10
233.41959916817456
 20
-665.4228192723778
 10
233.45930039337833
 20
-665.4421962578481
 10
233.4985141262868
 20
-665.462541724173
 10
233.53721674601366
 20
-665.4838434160043
 10
233.57538493954786
 20
-665.5060885019996
 10
233.61299571579679
 20
-665.5292635825506
 10
233.65002641943533
 20
-665.5533546978554
 10
233.68645474455218
 20
-665.5783473363272
 10
233.7222587480864
 20
-665.6042264433348
 10
233.75741686304514
 20
-665.6309764302721
 10
233.7919079114946
 20
-665.658581183947
 10
233.8257111173168
 20
-665.6870240762884
 10
233.85880611872466
 20
-665.7162879743611
 10
233.89117298052673
 20
-665.7463552506873
 10
233.9227922061358
 20
-665.7772077938642
 10
233.95364474931267
 20
-665.8088270194733
 10
233.98371202563897
 20
-665.8411938812753
 10
234.01297592371168
 20
-665.8742888826832
 10
234.04141881605295
 20
-665.9080920885054
 10
234.0690235697279
 20
-665.9425831369549
 10
234.09577355666522
 20
-665.9777412519136
 10
234.12165266367288
 20
-666.0135452554479
 10
234.14664530214463
 20
-666.0499735805647
 10
234.17073641744952
 20
-666.0870042842032
 10
234.19391149800055
 20
-666.1246150604522
 10
234.2161565839957
 20
-666.1627832539864
 10
234.23745827582707
 20
-666.2014858737132
 10
234.25780374215196
 20
-666.2406996066217
 10
234.27718072762224
 20
-666.2804008318255
 10
234.2955775602664
 20
-666.320565634791
 10
234.31298315852035
 20
-666.3611698217428
 10
234.32938703790256
 20
-666.4021889342371
 10
234.34477931732948
 20
-666.443598263894
 10
234.35915072506748
 20
-666.485372867282
 10
234.37249260431798
 20
-666.527487580942
 10
234.38479691843185
 20
-666.5699170365451
 10
234.39605625575024
 20
-666.6126356761741
 10
234.40626383406936
 20
-666.6556177677177
 10
234.41541350472585
 20
-666.698837420371
 10
234.42349975630015
 20
-666.7422686002315
 10
234.43051771793665
 20
-666.7858851459804
 10
234.43646316227773
 20
-666.8296607846414
 10
234.44133250800996
 20
-666.8735691474068
 10
234.4451228220217
 20
-666.9175837855206
 10
234.44783182116936
 20
-666.9616781862106
 10
234.44945787365322
 20
-667.0058257886587
 10
234.45000000000005
 20
-667.05
 10
234.44945787365322
 20
-667.0941742113413
 10
234.44783182116936
 20
-667.1383218137894
 10
234.4451228220217
 20
-667.1824162144794
 10
234.44133250800996
 20
-667.2264308525932
 10
234.43646316227773
 20
-667.2703392153586
 10
234.43051771793665
 20
-667.3141148540196
 10
234.42349975630015
 20
-667.3577313997686
 10
234.41541350472585
 20
-667.401162579629
 10
234.40626383406936
 20
-667.4443822322824
 10
234.39605625575024
 20
-667.4873643238259
 10
234.38479691843185
 20
-667.5300829634548
 10
234.37249260431798
 20
-667.5725124190581
 10
234.35915072506748
 20
-667.6146271327179
 10
234.34477931732948
 20
-667.656401736106
 10
234.32938703790256
 20
-667.697811065763
 10
234.31298315852035
 20
-667.7388301782571
 10
234.2955775602664
 20
-667.779434365209
 10
234.27718072762224
 20
-667.8195991681745
 10
234.25780374215196
 20
-667.8593003933782
 10
234.23745827582707
 20
-667.8985141262868
 10
234.2161565839957
 20
-667.9372167460136
 10
234.19391149800055
 20
-667.9753849395478
 10
234.17073641744952
 20
-668.0129957157968
 10
234.14664530214463
 20
-668.0500264194353
 10
234.12165266367288
 20
-668.0864547445522
 10
234.09577355666522
 20
-668.1222587480863
 10
234.0690235697279
 20
-668.1574168630451
 10
234.04141881605295
 20
-668.1919079114946
 10
234.01297592371168
 20
-668.2257111173168
 10
233.98371202563897
 20
-668.2588061187246
 10
233.95364474931267
 20
-668.2911729805268
 10
233.9227922061358
 20
-668.3227922061358
 10
233.89117298052673
 20
-668.3536447493126
 10
233.85880611872466
 20
-668.3837120256389
 10
233.8257111173168
 20
-668.4129759237117
 10
233.7919079114946
 20
-668.4414188160529
 10
233.75741686304514
 20
-668.4690235697278
 10
233.7222587480864
 20
-668.4957735566652
 10
233.68645474455218
 20
-668.5216526636729
 10
233.65002641943533
 20
-668.5466453021446
 10
233.61299571579679
 20
-668.5707364174494
 10
233.57538493954786
 20
-668.5939114980005
 10
233.53721674601366
 20
-668.6161565839957
 10
233.4985141262868
 20
-668.637458275827
 10
233.45930039337833
 20
-668.6578037421519
 10
233.41959916817456
 20
-668.6771807276222
 10
233.37943436520902
 20
-668.6955775602663
 10
233.33883017825718
 20
-668.7129831585203
 10
233.29781106576303
 20
-668.7293870379025
 10
233.25640173610606
 20
-668.7447793173294
 10
233.21462713271802
 20
-668.7591507250675
 10
233.17251241905808
 20
-668.772492604318
 10
233.13008296345487
 20
-668.7847969184318
 10
233.0873643238259
 20
-668.7960562557502
 10
233.04438223228237
 20
-668.8062638340693
 10
233.00116257962907
 20
-668.8154135047258
 10
232.9577313997686
 20
-668.8234997563001
 10
232.91411485401966
 20
-668.8305177179366
 10
232.87033921535863
 20
-668.8364631622777
 10
232.82643085259326
 20
-668.8413325080099
 10
232.78241621447944
 20
-668.8451228220216
 10
232.7383218137894
 20
-668.8478318211693
 10
232.69417421134125
 20
-668.8494578736531
 10
232.65000000000003
 20
-668.85
 10
232.60582578865882
 20
-668.8494578736531
 10
232.56167818621066
 20
-668.8478318211693
 10
232.51758378552063
 20
-668.8451228220216
 10
232.4735691474068
 20
-668.8413325080099
 10
232.42966078464144
 20
-668.8364631622777
 10
232.3858851459804
 20
-668.8305177179366
 10
232.34226860023148
 20
-668.8234997563001
 10
232.298837420371
 20
-668.8154135047258
 10
232.2556177677177
 20
-668.8062638340693
 10
232.21263567617416
 20
-668.7960562557502
 10
232.1699170365452
 20
-668.7847969184318
 10
232.127487580942
 20
-668.772492604318
 10
232.08537286728205
 20
-668.7591507250675
 10
232.043598263894
 20
-668.7447793173294
 10
232.00218893423704
 20
-668.7293870379025
 10
231.96116982174289
 20
-668.7129831585203
 10
231.92056563479105
 20
-668.6955775602663
 10
231.8804008318255
 20
-668.6771807276222
 10
231.84069960662174
 20
-668.6578037421519
 10
231.80148587371326
 20
-668.637458275827
 10
231.7627832539864
 20
-668.6161565839957
 10
231.7246150604522
 20
-668.5939114980005
 10
231.68700428420328
 20
-668.5707364174494
 10
231.64997358056473
 20
-668.5466453021446
 10
231.6135452554479
 20
-668.5216526636729
 10
231.57774125191366
 20
-668.4957735566652
 10
231.54258313695493
 20
-668.4690235697279
 10
231.50809208850546
 20
-668.4414188160529
 10
231.47428888268325
 20
-668.4129759237117
 10
231.4411938812754
 20
-668.3837120256389
 10
231.40882701947334
 20
-668.3536447493126
 10
231.37720779386427
 20
-668.3227922061358
 10
231.3463552506874
 20
-668.2911729805268
 10
231.3162879743611
 20
-668.2588061187246
 10
231.2870240762884
 20
-668.2257111173168
 10
231.25858118394711
 20
-668.1919079114946
 10
231.23097643027216
 20
-668.1574168630451
 10
231.20422644333485
 20
-668.1222587480863
 10
231.1783473363272
 20
-668.0864547445522
 10
231.15335469785543
 20
-668.0500264194353
 10
231.12926358255055
 20
-668.0129957157968
 10
231.10608850199952
 20
-667.9753849395478
 10
231.08384341600436
 20
-667.9372167460136
 10
231.062541724173
 20
-667.8985141262868
 10
231.0421962578481
 20
-667.8593003933782
 10
231.02281927237783
 20
-667.8195991681745
 10
231.00442243973367
 20
-667.779434365209
 10
230.98701684147971
 20
-667.7388301782571
 10
230.9706129620975
 20
-667.697811065763
 10
230.95522068267059
 20
-667.656401736106
 10
230.9408492749326
 20
-667.6146271327179
 10
230.92750739568208
 20
-667.5725124190581
 10
230.91520308156822
 20
-667.5300829634548
 10
230.90394374424983
 20
-667.4873643238259
 10
230.8937361659307
 20
-667.4443822322824
 10
230.88458649527422
 20
-667.401162579629
 10
230.87650024369992
 20
-667.3577313997686
 10
230.86948228206342
 20
-667.3141148540196
 10
230.86353683772234
 20
-667.2703392153586
 10
230.8586674919901
 20
-667.2264308525932
 10
230.85487717797838
 20
-667.1824162144794
 10
230.8521681788307
 20
-667.1383218137894
 10
230.85054212634685
 20
-667.0941742113413
 10
230.85000000000002
 20
-667.05
  0
LWPOLYLINE
  5
13E
330
17
100
AcDbEntity
  8
20_ВИДИМЫЕ
100
AcDbPolyline
 90
257
 70
1
 10
230.45000000000005
 20
-667.05
 10
230.4506625988684
 20
-666.9960092972495
 10
230.45264999634867
 20
-666.9420511164797
 10
230.4559609953069
 20
-666.8881579600808
 10
230.4605936013212
 20
-666.8343622912749
 10
230.46654502388287
 20
-666.7806965145617
 10
230.47381167807754
 20
-666.7271929561982
 10
230.48238918674434
 20
-666.6738838447274
 10
230.49227238311295
 20
-666.6208012915645
 10
230.50345531391525
 20
-666.5679772716549
 10
230.51593124297204
 20
-666.5154436042128
 10
230.52969265525007
 20
-666.4632319335552
 10
230.5447312613892
 20
-666.4113737100402
 10
230.56103800269534
 20
-666.3599001711225
 10
230.5786030565974
 20
-666.3088423225371
 10
230.59741584256363
 20
-666.258230919623
 10
230.61746502847518
 20
-666.2080964487968
 10
230.63873853745224
 20
-666.158469109189
 10
230.66122355512846
 20
-666.1093787944534
 10
230.6849065373699
 20
-666.0608550747598
 10
230.70977321843367
 20
-666.0129271789829
 10
230.73580861956088
 20
-665.9656239770944
 10
230.76299705799943
 20
-665.9189739627749
 10
230.7913221564507
 20
-665.8730052362484
 10
230.8207668529344
 20
-665.8277454873569
 10
230.85131341106654
 20
-665.7832219788808
 10
230.8829434307426
 20
-665.7394615301166
 10
230.91563785922148
 20
-665.6964905007226
 10
230.94937700260203
 20
-665.65433477484
 10
230.9841405376858
 20
-665.6130197455017
 10
231.01990752421915
 20
-665.5725702993366
 10
231.05665641750682
 20
-665.5330108015785
 10
231.09436508138964
 20
-665.4943650813896
 10
231.1330108015785
 20
-665.4566564175068
 10
231.1725702993366
 20
-665.4199075242191
 10
231.2130197455017
 20
-665.3841405376858
 10
231.25433477484
 20
-665.349377002602
 10
231.29649050072265
 20
-665.3156378592215
 10
231.3394615301167
 20
-665.2829434307425
 10
231.38322197888078
 20
-665.2513134110666
 10
231.4277454873569
 20
-665.2207668529344
 10
231.4730052362484
 20
-665.1913221564506
 10
231.51897396277496
 20
-665.1629970579994
 10
231.5656239770945
 20
-665.1358086195609
 10
231.61292717898283
 20
-665.1097732184336
 10
231.66085507475992
 20
-665.0849065373699
 10
231.70937879445341
 20
-665.0612235551284
 10
231.75846910918904
 20
-665.0387385374522
 10
231.80809644879685
 20
-665.0174650284752
 10
231.85823091962305
 20
-664.9974158425636
 10
231.90884232253717
 20
-664.9786030565973
 10
231.95990017112246
 20
-664.9610380026953
 10
232.01137371004023
 20
-664.9447312613892
 10
232.06323193355524
 20
-664.92969265525
 10
232.11544360421283
 20
-664.915931242972
 10
232.16797727165493
 20
-664.9034553139152
 10
232.22080129156456
 20
-664.8922723831129
 10
232.27388384472738
 20
-664.8823891867444
 10
232.32719295619825
 20
-664.8738116780775
 10
232.38069651456175
 20
-664.8665450238828
 10
232.43436229127502
 20
-664.8605936013212
 10
232.48815796008074
 20
-664.8559609953069
 10
232.54205111647974
 20
-664.8526499963486
 10
232.59600929724962
 20
-664.8506625988683
 10
232.65000000000003
 20
-664.85
 10
232.70399070275045
 20
-664.8506625988683
 10
232.75794888352033
 20
-664.8526499963486
 10
232.81184203991933
 20
-664.8559609953069
 10
232.86563770872505
 20
-664.8605936013212
 10
232.91930348543832
 20
-664.8665450238828
 10
232.97280704380182
 20
-664.8738116780775
 10
233.0261161552727
 20
-664.8823891867444
 10
233.0791987084355
 20
-664.8922723831129
 10
233.13202272834513
 20
-664.9034553139152
 10
233.18455639578724
 20
-664.915931242972
 10
233.23676806644482
 20
-664.92969265525
 10
233.28862628995984
 20
-664.9447312613892
 10
233.3400998288776
 20
-664.9610380026953
 10
233.3911576774629
 20
-664.9786030565973
 10
233.44176908037701
 20
-664.9974158425636
 10
233.49190355120322
 20
-665.0174650284752
 10
233.54153089081103
 20
-665.0387385374522
 10
233.59062120554665
 20
-665.0612235551284
 10
233.63914492524015
 20
-665.0849065373699
 10
233.68707282101724
 20
-665.1097732184336
 10
233.73437602290556
 20
-665.1358086195609
 10
233.7810260372251
 20
-665.1629970579994
 10
233.82699476375166
 20
-665.1913221564506
 10
233.87225451264317
 20
-665.2207668529344
 10
233.91677802111928
 20
-665.2513134110666
 10
233.96053846988337
 20
-665.2829434307425
 10
234.0035094992774
 20
-665.3156378592215
 10
234.04566522516006
 20
-665.349377002602
 10
234.08698025449831
 20
-665.3841405376858
 10
234.12742970066347
 20
-665.4199075242191
 10
234.16698919842156
 20
-665.4566564175068
 10
234.20563491861043
 20
-665.4943650813896
 10
234.24334358249325
 20
-665.5330108015785
 10
234.28009247578092
 20
-665.5725702993366
 10
234.31585946231428
 20
-665.6130197455017
 10
234.35062299739803
 20
-665.65433477484
 10
234.3843621407786
 20
-665.6964905007226
 10
234.41705656925745
 20
-665.7394615301166
 10
234.44868658893353
 20
-665.7832219788808
 10
234.47923314706566
 20
-665.8277454873569
 10
234.50867784354938
 20
-665.8730052362484
 10
234.53700294200064
 20
-665.9189739627749
 10
234.56419138043918
 20
-665.9656239770944
 10
234.5902267815664
 20
-666.0129271789829
 10
234.61509346263017
 20
-666.0608550747598
 10
234.6387764448716
 20
-666.1093787944534
 10
234.66126146254783
 20
-666.158469109189
 10
234.6825349715249
 20
-666.2080964487968
 10
234.70258415743643
 20
-666.258230919623
 10
234.72139694340268
 20
-666.3088423225371
 10
234.73896199730473
 20
-666.3599001711225
 10
234.75526873861088
 20
-666.4113737100402
 10
234.77030734475
 20
-666.4632319335552
 10
234.78406875702802
 20
-666.5154436042128
 10
234.79654468608481
 20
-666.5679772716549
 10
234.80772761688712
 20
-666.6208012915645
 10
234.81761081325573
 20
-666.6738838447274
 10
234.82618832192253
 20
-666.7271929561982
 10
234.8334549761172
 20
-666.7806965145617
 10
234.83940639867888
 20
-666.8343622912749
 10
234.84403900469317
 20
-666.8881579600808
 10
234.8473500036514
 20
-666.9420511164797
 10
234.84933740113166
 20
-666.9960092972495
 10
234.85000000000002
 20
-667.05
 10
234.84933740113166
 20
-667.1039907027504
 10
234.8473500036514
 20
-667.1579488835204
 10
234.84403900469317
 20
-667.2118420399192
 10
234.83940639867888
 20
-667.2656377087251
 10
234.8334549761172
 20
-667.3193034854382
 10
234.82618832192253
 20
-667.3728070438018
 10
234.81761081325573
 20
-667.4261161552727
 10
234.80772761688712
 20
-667.4791987084354
 10
234.79654468608481
 20
-667.532022728345
 10
234.78406875702802
 20
-667.5845563957872
 10
234.77030734475
 20
-667.6367680664448
 10
234.75526873861088
 20
-667.6886262899598
 10
234.73896199730473
 20
-667.7400998288775
 10
234.72139694340268
 20
-667.7911576774629
 10
234.70258415743643
 20
-667.8417690803769
 10
234.6825349715249
 20
-667.8919035512032
 10
234.66126146254783
 20
-667.941530890811
 10
234.6387764448716
 20
-667.9906212055466
 10
234.61509346263017
 20
-668.0391449252402
 10
234.5902267815664
 20
-668.0870728210172
 10
234.56419138043918
 20
-668.1343760229055
 10
234.53700294200064
 20
-668.1810260372251
 10
234.50867784354938
 20
-668.2269947637516
 10
234.47923314706566
 20
-668.2722545126431
 10
234.44868658893353
 20
-668.3167780211193
 10
234.41705656925745
 20
-668.3605384698833
 10
234.3843621407786
 20
-668.4035094992773
 10
234.35062299739803
 20
-668.44566522516
 10
234.31585946231428
 20
-668.4869802544983
 10
234.28009247578092
 20
-668.5274297006634
 10
234.24334358249325
 20
-668.5669891984215
 10
234.20563491861043
 20
-668.6056349186103
 10
234.16698919842156
 20
-668.6433435824932
 10
234.12742970066347
 20
-668.680092475781
 10
234.08698025449837
 20
-668.7158594623143
 10
234.04566522516006
 20
-668.7506229973981
 10
234.0035094992774
 20
-668.7843621407785
 10
233.96053846988337
 20
-668.8170565692574
 10
233.91677802111928
 20
-668.8486865889334
 10
233.87225451264317
 20
-668.8792331470656
 10
233.82699476375166
 20
-668.9086778435494
 10
233.7810260372251
 20
-668.9370029420006
 10
233.73437602290556
 20
-668.9641913804392
 10
233.68707282101724
 20
-668.9902267815664
 10
233.63914492524015
 20
-669.0150934626301
 10
233.59062120554665
 20
-669.0387764448716
 10
233.54153089081103
 20
-669.0612614625478
 10
233.49190355120322
 20
-669.0825349715249
 10
233.44176908037701
 20
-669.1025841574365
 10
233.3911576774629
 20
-669.1213969434026
 10
233.3400998288776
 20
-669.1389619973047
 10
233.28862628995984
 20
-669.1552687386109
 10
233.23676806644482
 20
-669.17030734475
 10
233.18455639578724
 20
-669.184068757028
 10
233.13202272834513
 20
-669.1965446860847
 10
233.0791987084355
 20
-669.207727616887
 10
233.0261161552727
 20
-669.2176108132556
 10
232.97280704380182
 20
-669.2261883219226
 10
232.91930348543832
 20
-669.2334549761172
 10
232.86563770872505
 20
-669.2394063986789
 10
232.81184203991933
 20
-669.2440390046931
 10
232.75794888352033
 20
-669.2473500036514
 10
232.70399070275045
 20
-669.2493374011317
 10
232.65000000000003
 20
-669.25
 10
232.59600929724962
 20
-669.2493374011317
 10
232.54205111647974
 20
-669.2473500036514
 10
232.48815796008074
 20
-669.2440390046931
 10
232.43436229127502
 20
-669.2394063986789
 10
232.38069651456175
 20
-669.2334549761172
 10
232.32719295619825
 20
-669.2261883219226
 10
232.27388384472738
 20
-669.2176108132556
 10
232.22080129156456
 20
-669.207727616887
 10
232.16797727165493
 20
-669.1965446860847
 10
232.11544360421283
 20
-669.184068757028
 10
232.06323193355524
 20
-669.17030734475
 10
232.01137371004023
 20
-669.1552687386109
 10
231.95990017112246
 20
-669.1389619973047
 10
231.90884232253717
 20
-669.1213969434026
 10
231.85823091962305
 20
-669.1025841574365
 10
231.80809644879685
 20
-669.0825349715249
 10
231.75846910918904
 20
-669.0612614625478
 10
231.70937879445341
 20
-669.0387764448716
 10
231.66085507475992
 20
-669.0150934626301
 10
231.61292717898283
 20
-668.9902267815664
 10
231.5656239770945
 20
-668.9641913804392
 10
231.51897396277496
 20
-668.9370029420006
 10
231.4730052362484
 20
-668.9086778435494
 10
231.4277454873569
 20
-668.8792331470656
 10
231.38322197888078
 20
-668.8486865889334
 10
231.3394615301167
 20
-668.8170565692574
 10
231.29649050072265
 20
-668.7843621407785
 10
231.25433477484
 20
-668.7506229973981
 10
231.2130197455017
 20
-668.7158594623143
 10
231.1725702993366
 20
-668.680092475781
 10
231.1330108015785
 20
-668.6433435824932
 10
231.09436508138964
 20
-668.6056349186103
 10
231.05665641750682
 20
-668.5669891984215
 10
231.01990752421915
 20
-668.5274297006634
 10
230.9841405376858
 20
-668.4869802544983
 10
230.94937700260203
 20
-668.44566522516
 10
230.91563785922148
 20
-668.4035094992773
 10
230.8829434307426
 20
-668.3605384698833
 10
230.85131341106654
 20
-668.3167780211193
 10
230.8207668529344
 20
-668.2722545126431
 10
230.7913221564507
 20
-668.2269947637516
 10
230.76299705799943
 20
-668.1810260372251
 10
230.73580861956088
 20
-668.1343760229055
 10
230.70977321843367
 20
-668.0870728210172
 10
230.6849065373699
 20
-668.0391449252402
 10
230.66122355512846
 20
-667.9906212055466
 10
230.63873853745224
 20
-667.941530890811
 10
230.61746502847518
 20
-667.8919035512032
 10
230.59741584256363
 20
-667.8417690803769
 10
230.5786030565974
 20
-667.7911576774629
 10
230.56103800269534
 20
-667.7400998288775
 10
230.5447312613892
 20
-667.6886262899598
 10
230.52969265525007
 20
-667.6367680664448
 10
230.51593124297204
 20
-667.5845563957872
 10
230.50345531391525
 20
-667.532022728345
 10
230.49227238311295
 20
-667.4791987084354
 10
230.48238918674434
 20
-667.4261161552727
 10
230.47381167807754
 20
-667.3728070438018
 10
230.46654502388287
 20
-667.3193034854382
 10
230.4605936013212
 20
-667.2656377087251
 10
230.4559609953069
 20
-667.2118420399192
 10
230.45264999634867
 20
-667.1579488835204
 10
230.4506625988684
 20
-667.1039907027504
 10
230.45000000000005
 20
-667.05
  0
LWPOLYLINE
  5
13F
330
17
100
AcDbEntity
  8
20_ВИДИМЫЕ
100
AcDbPolyline
 90
193
 70
1
 10
239.35000000000002
 20
-654.55
 10
239.35069603628074
 20
-654.5074651923317
 10
239.35278339978987
 20
-654.4649759320008
 10
239.3562598553262
 20
-654.4225777175716
 10
239.36112168021407
 20
-654.380315950114
 10
239.36736366828967
 20
-654.338235884587
 10
239.37497913547583
 20
-654.296382581379
 10
239.3839599269395
 20
-654.2548008580553
 10
239.39429642582422
 20
-654.2135352413667
 10
239.40597756354816
 20
-654.1726299195692
 10
239.4189908316564
 20
-654.1321286951058
 10
239.43332229521553
 20
-654.0920749377024
 10
239.44895660773534
 20
-654.0525115379254
 10
239.46587702760252
 20
-654.0134808612543
 10
239.48406543600754
 20
-653.9750247027152
 10
239.50350235634716
 20
-653.9371842421262
 10
239.52416697508028
 20
-653.9
 10
239.5460371640155
 20
-653.8635117941545
 10
239.56908950400674
 20
-653.8277586970745
 10
239.59329931003094
 20
-653.7927789940718
 10
239.61864065762143
 20
-653.7586101422887
 10
239.6450864106285
 20
-653.7252887305873
 10
239.67260825027734
 20
-653.69285044037
 10
239.70117670549286
 20
-653.6613300073702
 10
239.73076118445755
 20
-653.6307611844575
 10
239.7613300073703
 20
-653.6011767054928
 10
239.79285044036993
 20
-653.5726082502773
 10
239.82528873058732
 20
-653.5450864106284
 10
239.85861014228868
 20
-653.5186406576214
 10
239.89277899407188
 20
-653.4932993100309
 10
239.92775869707452
 20
-653.4690895040067
 10
239.96351179415456
 20
-653.4460371640155
 10
240.00000000000006
 20
-653.4241669750802
 10
240.03718424212622
 20
-653.4035023563472
 10
240.07502470271533
 20
-653.3840654360075
 10
240.11348086125435
 20
-653.3658770276024
 10
240.15251153792542
 20
-653.3489566077353
 10
240.19207493770244
 20
-653.3333222952155
 10
240.23212869510593
 20
-653.3189908316564
 10
240.27262991956923
 20
-653.3059775635481
 10
240.31353524136676
 20
-653.2942964258242
 10
240.35480085805534
 20
-653.2839599269395
 10
240.39638258137904
 20
-653.2749791354759
 10
240.43823588458707
 20
-653.2673636682896
 10
240.48031595011395
 20
-653.261121680214
 10
240.5225777175716
 20
-653.2562598553261
 10
240.56497593200083
 20
-653.2527833997898
 10
240.60746519233174
 20
-653.2506960362807
 10
240.65000000000003
 20
-653.25
 10
240.69253480766832
 20
-653.2506960362807
 10
240.73502406799923
 20
-653.2527833997898
 10
240.77742228242846
 20
-653.2562598553261
 10
240.81968404988612
 20
-653.261121680214
 10
240.861764115413
 20
-653.2673636682896
 10
240.90361741862102
 20
-653.2749791354759
 10
240.94519914194473
 20
-653.2839599269395
 10
240.9864647586333
 20
-653.2942964258242
 10
241.02737008043084
 20
-653.3059775635481
 10
241.06787130489414
 20
-653.3189908316564
 10
241.10792506229762
 20
-653.3333222952155
 10
241.14748846207465
 20
-653.3489566077353
 10
241.18651913874572
 20
-653.3658770276024
 10
241.22497529728474
 20
-653.3840654360075
 10
241.26281575787385
 20
-653.4035023563472
 10
241.3
 20
-653.4241669750802
 10
241.3364882058455
 20
-653.4460371640155
 10
241.37224130292554
 20
-653.4690895040067
 10
241.4072210059282
 20
-653.4932993100309
 10
241.44138985771139
 20
-653.5186406576214
 10
241.47471126941275
 20
-653.5450864106284
 10
241.50714955963014
 20
-653.5726082502773
 10
241.53866999262976
 20
-653.6011767054928
 10
241.56923881554252
 20
-653.6307611844575
 10
241.5988232945072
 20
-653.6613300073702
 10
241.62739174972273
 20
-653.69285044037
 10
241.65491358937157
 20
-653.7252887305873
 10
241.68135934237864
 20
-653.7586101422887
 10
241.70670068996913
 20
-653.7927789940718
 10
241.73091049599333
 20
-653.8277586970745
 10
241.75396283598457
 20
-653.8635117941545
 10
241.7758330249198
 20
-653.9
 10
241.7964976436529
 20
-653.9371842421262
 10
241.81593456399253
 20
-653.9750247027152
 10
241.83412297239755
 20
-654.0134808612543
 10
241.85104339226473
 20
-654.0525115379254
 10
241.86667770478454
 20
-654.0920749377024
 10
241.88100916834367
 20
-654.1321286951058
 10
241.8940224364519
 20
-654.1726299195692
 10
241.90570357417585
 20
-654.2135352413667
 10
241.91604007306057
 20
-654.2548008580553
 10
241.92502086452424
 20
-654.296382581379
 10
241.9326363317104
 20
-654.338235884587
 10
241.938878319786
 20
-654.380315950114
 10
241.94374014467388
 20
-654.4225777175716
 10
241.9472166002102
 20
-654.4649759320008
 10
241.94930396371933
 20
-654.5074651923317
 10
241.95000000000005
 20
-654.55
 10
241.94930396371933
 20
-654.5925348076682
 10
241.9472166002102
 20
-654.6350240679992
 10
241.94374014467388
 20
-654.6774222824284
 10
241.938878319786
 20
-654.719684049886
 10
241.9326363317104
 20
-654.7617641154129
 10
241.92502086452424
 20
-654.803617418621
 10
241.91604007306057
 20
-654.8451991419447
 10
241.90570357417585
 20
-654.8864647586333
 10
241.8940224364519
 20
-654.9273700804308
 10
241.88100916834367
 20
-654.9678713048941
 10
241.86667770478454
 20
-655.0079250622975
 10
241.85104339226473
 20
-655.0474884620746
 10
241.83412297239755
 20
-655.0865191387458
 10
241.81593456399253
 20
-655.1249752972847
 10
241.7964976436529
 20
-655.1628157578738
 10
241.7758330249198
 20
-655.2
 10
241.75396283598457
 20
-655.2364882058455
 10
241.73091049599333
 20
-655.2722413029255
 10
241.70670068996913
 20
-655.3072210059281
 10
241.68135934237864
 20
-655.3413898577113
 10
241.65491358937157
 20
-655.3747112694127
 10
241.62739174972273
 20
-655.40714955963
 10
241.5988232945072
 20
-655.4386699926297
 10
241.56923881554252
 20
-655.4692388155426
 10
241.53866999262976
 20
-655.4988232945072
 10
241.50714955963014
 20
-655.5273917497227
 10
241.47471126941275
 20
-655.5549135893716
 10
241.44138985771139
 20
-655.5813593423786
 10
241.4072210059282
 20
-655.6067006899691
 10
241.37224130292554
 20
-655.6309104959932
 10
241.3364882058455
 20
-655.6539628359845
 10
241.3
 20
-655.6758330249197
 10
241.26281575787385
 20
-655.6964976436528
 10
241.22497529728474
 20
-655.7159345639925
 10
241.18651913874572
 20
-655.7341229723975
 10
241.14748846207465
 20
-655.7510433922647
 10
241.10792506229762
 20
-655.7666777047846
 10
241.06787130489414
 20
-655.7810091683436
 10
241.02737008043084
 20
-655.7940224364519
 10
240.9864647586333
 20
-655.8057035741758
 10
240.94519914194473
 20
-655.8160400730605
 10
240.90361741862102
 20
-655.8250208645242
 10
240.861764115413
 20
-655.8326363317103
 10
240.81968404988612
 20
-655.838878319786
 10
240.77742228242846
 20
-655.8437401446738
 10
240.73502406799923
 20
-655.8472166002102
 10
240.69253480766832
 20
-655.8493039637193
 10
240.65000000000003
 20
-655.85
 10
240.60746519233174
 20
-655.8493039637193
 10
240.56497593200083
 20
-655.8472166002102
 10
240.5225777175716
 20
-655.8437401446738
 10
240.48031595011395
 20
-655.838878319786
 10
240.43823588458707
 20
-655.8326363317103
 10
240.39638258137904
 20
-655.8250208645242
 10
240.35480085805534
 20
-655.8160400730605
 10
240.31353524136676
 20
-655.8057035741758
 10
240.27262991956923
 20
-655.7940224364519
 10
240.23212869510593
 20
-655.7810091683436
 10
240.19207493770244
 20
-655.7666777047846
 10
240.15251153792542
 20
-655.7510433922647
 10
240.11348086125435
 20
-655.7341229723975
 10
240.07502470271533
 20
-655.7159345639925
 10
240.03718424212622
 20
-655.6964976436528
 10
240.00000000000006
 20
-655.6758330249197
 10
239.96351179415456
 20
-655.6539628359845
 10
239.92775869707452
 20
-655.6309104959932
 10
239.89277899407188
 20
-655.6067006899691
 10
239.85861014228868
 20
-655.5813593423786
 10
239.82528873058732
 20
-655.5549135893716
 10
239.79285044036993
 20
-655.5273917497227
 10
239.7613300073703
 20
-655.4988232945072
 10
239.73076118445755
 20
-655.4692388155426
 10
239.70117670549286
 20
-655.4386699926297
 10
239.67260825027734
 20
-655.40714955963
 10
239.6450864106285
 20
-655.3747112694127
 10
239.61864065762143
 20
-655.3413898577113
 10
239.59329931003094
 20
-655.3072210059281
 10
239.56908950400674
 20
-655.2722413029255
 10
239.5460371640155
 20
-655.2364882058455
 10
239.52416697508028
 20
-655.2
 10
239.50350235634716
 20
-655.1628157578738
 10
239.48406543600754
 20
-655.1249752972847
 10
239.46587702760252
 20
-655.0865191387458
 10
239.44895660773534
 20
-655.0474884620746
 10
239.43332229521553
 20
-655.0079250622975
 10
239.4189908316564
 20
-654.9678713048941
 10
239.40597756354816
 20
-654.9273700804308
 10
239.39429642582422
 20
-654.8864647586333
 10
239.3839599269395
 20
-654.8451991419447
 10
239.37497913547583
 20
-654.803617418621
 10
239.36736366828967
 20
-654.7617641154129
 10
239.36112168021407
 20
-654.719684049886
 10
239.3562598553262
 20
-654.6774222824284
 10
239.35278339978987
 20
-654.6350240679992
 10
239.35069603628074
 20
-654.5925348076682
 10
239.35000000000002
 20
-654.55
  0
LWPOLYLINE
  5
140
330
17
100
AcDbEntity
  8
20_ВИДИМЫЕ
100
AcDbPolyline
 90
193
 70
1
 10
238.35000000000002
 20
-654.55
 10
238.3512314488044
 20
-654.4747461095099
 10
238.35492447655122
 20
-654.3995728027706
 10
238.36107512865397
 20
-654.324560577242
 10
238.36967681884028
 20
-654.2497897578938
 10
238.38072033620483
 20
-654.1753404111925
 10
238.39419385507261
 20
-654.1012922593629
 10
238.41008294766215
 20
-654.0277245950209
 10
238.42837059953519
 20
-653.9547161962641
 10
238.44903722781595
 20
-653.8823452423147
 10
238.4720607021613
 20
-653.8106892298027
 10
238.49741636845818
 20
-653.7398248897812
 10
238.5250770752241
 20
-653.6698281055603
 10
238.55501320268132
 20
-653.6007738314499
 10
238.58719269447488
 20
-653.5327360124963
 10
238.6215810919988
 20
-653.4657875053002
 10
238.6581415712958
 20
-653.4
 10
238.6968349824889
 20
-653.3354439435042
 10
238.73761989170418
 20
-653.2721884640549
 10
238.7804526254393
 20
-653.2103012972041
 10
238.8252873173302
 20
-653.1498487132799
 10
238.87207595726574
 20
-653.0908954464236
 10
238.92076844279836
 20
-653.0335046252699
 10
238.971312632795
 20
-652.9777377053474
 10
239.023654403271
 20
-652.9236544032709
 10
239.07773770534743
 20
-652.871312632795
 10
239.1335046252699
 20
-652.8207684427983
 10
239.19089544642367
 20
-652.7720759572657
 10
239.24984871327996
 20
-652.7252873173302
 10
239.3103012972041
 20
-652.6804526254393
 10
239.37218846405494
 20
-652.6376198917042
 10
239.4354439435042
 20
-652.5968349824889
 10
239.50000000000006
 20
-652.5581415712958
 10
239.56578750530025
 20
-652.5215810919988
 10
239.6327360124963
 20
-652.4871926944749
 10
239.7007738314499
 20
-652.4550132026812
 10
239.76982810556035
 20
-652.4250770752241
 10
239.8398248897812
 20
-652.3974163684582
 10
239.91068922980276
 20
-652.3720607021612
 10
239.98234524231475
 20
-652.3490372278159
 10
240.05471619626422
 20
-652.3283705995351
 10
240.127724595021
 20
-652.3100829476621
 10
240.20129225936296
 20
-652.2941938550725
 10
240.27534041119247
 20
-652.2807203362048
 10
240.34978975789392
 20
-652.2696768188403
 10
240.42456057724206
 20
-652.2610751286539
 10
240.49957280277073
 20
-652.2549244765512
 10
240.57474610950993
 20
-652.2512314488043
 10
240.65000000000003
 20
-652.25
 10
240.72525389049014
 20
-652.2512314488043
 10
240.80042719722934
 20
-652.2549244765512
 10
240.875439422758
 20
-652.2610751286539
 10
240.95021024210615
 20
-652.2696768188403
 10
241.0246595888076
 20
-652.2807203362048
 10
241.0987077406371
 20
-652.2941938550725
 10
241.17227540497908
 20
-652.3100829476621
 10
241.24528380373584
 20
-652.3283705995351
 10
241.31765475768532
 20
-652.3490372278159
 10
241.3893107701973
 20
-652.3720607021612
 10
241.46017511021887
 20
-652.3974163684582
 10
241.53017189443972
 20
-652.4250770752241
 10
241.59922616855016
 20
-652.4550132026812
 10
241.66726398750376
 20
-652.4871926944749
 10
241.73421249469982
 20
-652.5215810919988
 10
241.8
 20
-652.5581415712958
 10
241.86455605649587
 20
-652.5968349824889
 10
241.92781153594512
 20
-652.6376198917042
 10
241.98969870279598
 20
-652.6804526254393
 10
242.0501512867201
 20
-652.7252873173302
 10
242.1091045535764
 20
-652.7720759572657
 10
242.16649537473018
 20
-652.8207684427983
 10
242.22226229465264
 20
-652.871312632795
 10
242.27634559672907
 20
-652.9236544032709
 10
242.32868736720508
 20
-652.9777377053474
 10
242.3792315572017
 20
-653.0335046252699
 10
242.42792404273433
 20
-653.0908954464236
 10
242.47471268266986
 20
-653.1498487132799
 10
242.51954737456077
 20
-653.2103012972041
 10
242.56238010829588
 20
-653.2721884640549
 10
242.60316501751117
 20
-653.3354439435042
 10
242.64185842870427
 20
-653.4
 10
242.67841890800128
 20
-653.4657875053002
 10
242.7128073055252
 20
-653.5327360124963
 10
242.74498679731875
 20
-653.6007738314499
 10
242.77492292477598
 20
-653.6698281055603
 10
242.8025836315419
 20
-653.7398248897812
 10
242.82793929783878
 20
-653.8106892298027
 10
242.85096277218412
 20
-653.8823452423147
 10
242.87162940046488
 20
-653.9547161962641
 10
242.88991705233792
 20
-654.0277245950209
 10
242.90580614492745
 20
-654.1012922593629
 10
242.91927966379524
 20
-654.1753404111925
 10
242.9303231811598
 20
-654.2497897578938
 10
242.9389248713461
 20
-654.324560577242
 10
242.94507552344885
 20
-654.3995728027706
 10
242.94876855119566
 20
-654.4747461095099
 10
242.95000000000005
 20
-654.55
 10
242.94876855119566
 20
-654.6252538904901
 10
242.94507552344885
 20
-654.7004271972294
 10
242.9389248713461
 20
-654.7754394227579
 10
242.9303231811598
 20
-654.8502102421061
 10
242.91927966379524
 20
-654.9246595888076
 10
242.90580614492745
 20
-654.9987077406371
 10
242.88991705233792
 20
-655.0722754049791
 10
242.87162940046488
 20
-655.1452838037358
 10
242.85096277218412
 20
-655.2176547576853
 10
242.82793929783878
 20
-655.2893107701973
 10
242.8025836315419
 20
-655.3601751102188
 10
242.77492292477598
 20
-655.4301718944397
 10
242.74498679731875
 20
-655.4992261685501
 10
242.7128073055252
 20
-655.5672639875037
 10
242.67841890800128
 20
-655.6342124946998
 10
242.64185842870427
 20
-655.7
 10
242.60316501751117
 20
-655.7645560564958
 10
242.56238010829588
 20
-655.8278115359451
 10
242.51954737456077
 20
-655.889698702796
 10
242.47471268266986
 20
-655.95015128672
 10
242.42792404273433
 20
-656.0091045535764
 10
242.3792315572017
 20
-656.0664953747302
 10
242.32868736720508
 20
-656.1222622946526
 10
242.27634559672907
 20
-656.1763455967291
 10
242.22226229465264
 20
-656.228687367205
 10
242.16649537473018
 20
-656.2792315572017
 10
242.1091045535764
 20
-656.3279240427343
 10
242.0501512867201
 20
-656.3747126826698
 10
241.98969870279598
 20
-656.4195473745607
 10
241.92781153594512
 20
-656.4623801082959
 10
241.86455605649587
 20
-656.5031650175112
 10
241.8
 20
-656.5418584287042
 10
241.73421249469982
 20
-656.5784189080013
 10
241.66726398750376
 20
-656.6128073055252
 10
241.59922616855016
 20
-656.6449867973187
 10
241.53017189443972
 20
-656.674922924776
 10
241.46017511021887
 20
-656.7025836315419
 10
241.3893107701973
 20
-656.7279392978387
 10
241.31765475768532
 20
-656.750962772184
 10
241.24528380373584
 20
-656.7716294004649
 10
241.17227540497908
 20
-656.7899170523378
 10
241.0987077406371
 20
-656.8058061449274
 10
241.0246595888076
 20
-656.8192796637952
 10
240.95021024210615
 20
-656.8303231811598
 10
240.875439422758
 20
-656.8389248713461
 10
240.80042719722934
 20
-656.8450755234488
 10
240.72525389049014
 20
-656.8487685511957
 10
240.65000000000003
 20
-656.85
 10
240.57474610950993
 20
-656.8487685511957
 10
240.49957280277073
 20
-656.8450755234488
 10
240.42456057724206
 20
-656.8389248713461
 10
240.34978975789392
 20
-656.8303231811598
 10
240.27534041119247
 20
-656.8192796637952
 10
240.20129225936296
 20
-656.8058061449274
 10
240.127724595021
 20
-656.7899170523378
 10
240.05471619626422
 20
-656.7716294004649
 10
239.98234524231475
 20
-656.750962772184
 10
239.91068922980276
 20
-656.7279392978387
 10
239.8398248897812
 20
-656.7025836315419
 10
239.76982810556035
 20
-656.674922924776
 10
239.7007738314499
 20
-656.6449867973187
 10
239.6327360124963
 20
-656.6128073055252
 10
239.56578750530025
 20
-656.5784189080013
 10
239.50000000000006
 20
-656.5418584287042
 10
239.4354439435042
 20
-656.5031650175112
 10
239.37218846405494
 20
-656.4623801082959
 10
239.3103012972041
 20
-656.4195473745607
 10
239.24984871327996
 20
-656.3747126826698
 10
239.19089544642367
 20
-656.3279240427343
 10
239.1335046252699
 20
-656.2792315572017
 10
239.07773770534743
 20
-656.228687367205
 10
239.023654403271
 20
-656.1763455967291
 10
238.971312632795
 20
-656.1222622946526
 10
238.92076844279836
 20
-656.0664953747302
 10
238.87207595726574
 20
-656.0091045535764
 10
238.8252873173302
 20
-655.95015128672
 10
238.7804526254393
 20
-655.889698702796
 10
238.73761989170418
 20
-655.8278115359451
 10
238.6968349824889
 20
-655.7645560564958
 10
238.6581415712958
 20
-655.7
 10
238.6215810919988
 20
-655.6342124946998
 10
238.58719269447488
 20
-655.5672639875037
 10
238.55501320268132
 20
-655.4992261685501
 10
238.5250770752241
 20
-655.4301718944397
 10
238.49741636845818
 20
-655.3601751102188
 10
238.4720607021613
 20
-655.2893107701973
 10
238.44903722781595
 20
-655.2176547576853
 10
238.42837059953519
 20
-655.1452838037358
 10
238.41008294766215
 20
-655.0722754049791
 10
238.39419385507261
 20
-654.9987077406371
 10
238.38072033620483
 20
-654.9246595888076
 10
238.36967681884028
 20
-654.8502102421061
 10
238.36107512865397
 20
-654.7754394227579
 10
238.35492447655122
 20
-654.7004271972294
 10
238.3512314488044
 20
-654.6252538904901
 10
238.35000000000002
 20
-654.55
  0
LWPOLYLINE
  5
141
330
17
100
AcDbEntity
  8
20_ВИДИМЫЕ
100
AcDbPolyline
 90
193
 70
1
 10
239.35000000000002
 20
-679.55
 10
239.35069603628074
 20
-679.5074651923317
 10
239.35278339978987
 20
-679.4649759320008
 10
239.3562598553262
 20
-679.4225777175716
 10
239.36112168021407
 20
-679.380315950114
 10
239.36736366828967
 20
-679.338235884587
 10
239.37497913547583
 20
-679.296382581379
 10
239.3839599269395
 20
-679.2548008580553
 10
239.39429642582422
 20
-679.2135352413667
 10
239.40597756354816
 20
-679.1726299195692
 10
239.4189908316564
 20
-679.1321286951058
 10
239.43332229521553
 20
-679.0920749377024
 10
239.44895660773534
 20
-679.0525115379254
 10
239.46587702760252
 20
-679.0134808612543
 10
239.48406543600754
 20
-678.9750247027152
 10
239.50350235634716
 20
-678.9371842421262
 10
239.52416697508028
 20
-678.9
 10
239.5460371640155
 20
-678.8635117941545
 10
239.56908950400674
 20
-678.8277586970745
 10
239.59329931003094
 20
-678.7927789940718
 10
239.61864065762143
 20
-678.7586101422887
 10
239.6450864106285
 20
-678.7252887305873
 10
239.67260825027734
 20
-678.69285044037
 10
239.70117670549286
 20
-678.6613300073702
 10
239.73076118445755
 20
-678.6307611844575
 10
239.7613300073703
 20
-678.6011767054928
 10
239.79285044036993
 20
-678.5726082502773
 10
239.82528873058732
 20
-678.5450864106284
 10
239.85861014228868
 20
-678.5186406576214
 10
239.89277899407188
 20
-678.4932993100309
 10
239.92775869707452
 20
-678.4690895040067
 10
239.96351179415456
 20
-678.4460371640155
 10
240.00000000000006
 20
-678.4241669750802
 10
240.03718424212622
 20
-678.4035023563472
 10
240.07502470271533
 20
-678.3840654360075
 10
240.11348086125435
 20
-678.3658770276024
 10
240.15251153792542
 20
-678.3489566077353
 10
240.19207493770244
 20
-678.3333222952155
 10
240.23212869510593
 20
-678.3189908316564
 10
240.27262991956923
 20
-678.3059775635481
 10
240.31353524136676
 20
-678.2942964258242
 10
240.35480085805534
 20
-678.2839599269395
 10
240.39638258137904
 20
-678.2749791354759
 10
240.43823588458707
 20
-678.2673636682896
 10
240.48031595011395
 20
-678.261121680214
 10
240.5225777175716
 20
-678.2562598553261
 10
240.56497593200083
 20
-678.2527833997898
 10
240.60746519233174
 20
-678.2506960362807
 10
240.65000000000003
 20
-678.25
 10
240.69253480766832
 20
-678.2506960362807
 10
240.73502406799923
 20
-678.2527833997898
 10
240.77742228242846
 20
-678.2562598553261
 10
240.81968404988612
 20
-678.261121680214
 10
240.861764115413
 20
-678.2673636682896
 10
240.90361741862102
 20
-678.2749791354759
 10
240.94519914194473
 20
-678.2839599269395
 10
240.9864647586333
 20
-678.2942964258242
 10
241.02737008043084
 20
-678.3059775635481
 10
241.06787130489414
 20
-678.3189908316564
 10
241.10792506229762
 20
-678.3333222952155
 10
241.14748846207465
 20
-678.3489566077353
 10
241.18651913874572
 20
-678.3658770276024
 10
241.22497529728474
 20
-678.3840654360075
 10
241.26281575787385
 20
-678.4035023563472
 10
241.3
 20
-678.4241669750802
 10
241.3364882058455
 20
-678.4460371640155
 10
241.37224130292554
 20
-678.4690895040067
 10
241.4072210059282
 20
-678.4932993100309
 10
241.44138985771139
 20
-678.5186406576214
 10
241.47471126941275
 20
-678.5450864106284
 10
241.50714955963014
 20
-678.5726082502773
 10
241.53866999262976
 20
-678.6011767054928
 10
241.56923881554252
 20
-678.6307611844575
 10
241.5988232945072
 20
-678.6613300073702
 10
241.62739174972273
 20
-678.69285044037
 10
241.65491358937157
 20
-678.7252887305873
 10
241.68135934237864
 20
-678.7586101422887
 10
241.70670068996913
 20
-678.7927789940718
 10
241.73091049599333
 20
-678.8277586970745
 10
241.75396283598457
 20
-678.8635117941545
 10
241.7758330249198
 20
-678.9
 10
241.7964976436529
 20
-678.9371842421262
 10
241.81593456399253
 20
-678.9750247027152
 10
241.83412297239755
 20
-679.0134808612543
 10
241.85104339226473
 20
-679.0525115379254
 10
241.86667770478454
 20
-679.0920749377024
 10
241.88100916834367
 20
-679.1321286951058
 10
241.8940224364519
 20
-679.1726299195692
 10
241.90570357417585
 20
-679.2135352413667
 10
241.91604007306057
 20
-679.2548008580553
 10
241.92502086452424
 20
-679.296382581379
 10
241.9326363317104
 20
-679.338235884587
 10
241.938878319786
 20
-679.380315950114
 10
241.94374014467388
 20
-679.4225777175716
 10
241.9472166002102
 20
-679.4649759320008
 10
241.94930396371933
 20
-679.5074651923317
 10
241.95000000000005
 20
-679.55
 10
241.94930396371933
 20
-679.5925348076682
 10
241.9472166002102
 20
-679.6350240679992
 10
241.94374014467388
 20
-679.6774222824284
 10
241.938878319786
 20
-679.719684049886
 10
241.9326363317104
 20
-679.7617641154129
 10
241.92502086452424
 20
-679.803617418621
 10
241.91604007306057
 20
-679.8451991419447
 10
241.90570357417585
 20
-679.8864647586333
 10
241.8940224364519
 20
-679.9273700804308
 10
241.88100916834367
 20
-679.9678713048941
 10
241.86667770478454
 20
-680.0079250622975
 10
241.85104339226473
 20
-680.0474884620746
 10
241.83412297239755
 20
-680.0865191387458
 10
241.81593456399253
 20
-680.1249752972847
 10
241.7964976436529
 20
-680.1628157578738
 10
241.7758330249198
 20
-680.2
 10
241.75396283598457
 20
-680.2364882058455
 10
241.73091049599333
 20
-680.2722413029255
 10
241.70670068996913
 20
-680.3072210059281
 10
241.68135934237864
 20
-680.3413898577113
 10
241.65491358937157
 20
-680.3747112694127
 10
241.62739174972273
 20
-680.40714955963
 10
241.5988232945072
 20
-680.4386699926297
 10
241.56923881554252
 20
-680.4692388155426
 10
241.53866999262976
 20
-680.4988232945072
 10
241.50714955963014
 20
-680.5273917497227
 10
241.47471126941275
 20
-680.5549135893716
 10
241.44138985771139
 20
-680.5813593423786
 10
241.4072210059282
 20
-680.6067006899691
 10
241.37224130292554
 20
-680.6309104959932
 10
241.3364882058455
 20
-680.6539628359845
 10
241.3
 20
-680.6758330249197
 10
241.26281575787385
 20
-680.6964976436528
 10
241.22497529728474
 20
-680.7159345639925
 10
241.18651913874572
 20
-680.7341229723975
 10
241.14748846207465
 20
-680.7510433922647
 10
241.10792506229762
 20
-680.7666777047846
 10
241.06787130489414
 20
-680.7810091683436
 10
241.02737008043084
 20
-680.7940224364519
 10
240.9864647586333
 20
-680.8057035741758
 10
240.94519914194473
 20
-680.8160400730605
 10
240.90361741862102
 20
-680.8250208645242
 10
240.861764115413
 20
-680.8326363317103
 10
240.81968404988612
 20
-680.838878319786
 10
240.77742228242846
 20
-680.8437401446738
 10
240.73502406799923
 20
-680.8472166002102
 10
240.69253480766832
 20
-680.8493039637193
 10
240.65000000000003
 20
-680.85
 10
240.60746519233174
 20
-680.8493039637193
 10
240.56497593200083
 20
-680.8472166002102
 10
240.5225777175716
 20
-680.8437401446738
 10
240.48031595011395
 20
-680.838878319786
 10
240.43823588458707
 20
-680.8326363317103
 10
240.39638258137904
 20
-680.8250208645242
 10
240.35480085805534
 20
-680.8160400730605
 10
240.31353524136676
 20
-680.8057035741758
 10
240.27262991956923
 20
-680.7940224364519
 10
240.23212869510593
 20
-680.7810091683436
 10
240.19207493770244
 20
-680.7666777047846
 10
240.15251153792542
 20
-680.7510433922647
 10
240.11348086125435
 20
-680.7341229723975
 10
240.07502470271533
 20
-680.7159345639925
 10
240.03718424212622
 20
-680.6964976436528
 10
240.00000000000006
 20
-680.6758330249197
 10
239.96351179415456
 20
-680.6539628359845
 10
239.92775869707452
 20
-680.6309104959932
 10
239.89277899407188
 20
-680.6067006899691
 10
239.85861014228868
 20
-680.5813593423786
 10
239.82528873058732
 20
-680.5549135893716
 10
239.79285044036993
 20
-680.5273917497227
 10
239.7613300073703
 20
-680.4988232945072
 10
239.73076118445755
 20
-680.4692388155426
 10
239.70117670549286
 20
-680.4386699926297
 10
239.67260825027734
 20
-680.40714955963
 10
239.6450864106285
 20
-680.3747112694127
 10
239.61864065762143
 20
-680.3413898577113
 10
239.59329931003094
 20
-680.3072210059281
 10
239.56908950400674
 20
-680.2722413029255
 10
239.5460371640155
 20
-680.2364882058455
 10
239.52416697508028
 20
-680.2
 10
239.50350235634716
 20
-680.1628157578738
 10
239.48406543600754
 20
-680.1249752972847
 10
239.46587702760252
 20
-680.0865191387458
 10
239.44895660773534
 20
-680.0474884620746
 10
239.43332229521553
 20
-680.0079250622975
 10
239.4189908316564
 20
-679.9678713048941
 10
239.40597756354816
 20
-679.9273700804308
 10
239.39429642582422
 20
-679.8864647586333
 10
239.3839599269395
 20
-679.8451991419447
 10
239.37497913547583
 20
-679.803617418621
 10
239.36736366828967
 20
-679.7617641154129
 10
239.36112168021407
 20
-679.719684049886
 10
239.3562598553262
 20
-679.6774222824284
 10
239.35278339978987
 20
-679.6350240679992
 10
239.35069603628074
 20
-679.5925348076682
 10
239.35000000000002
 20
-679.55
  0
LWPOLYLINE
  5
142
330
17
100
AcDbEntity
  8
20_ВИДИМЫЕ
100
AcDbPolyline
 90
193
 70
1
 10
238.35000000000002
 20
-679.55
 10
238.3512314488044
 20
-679.4747461095099
 10
238.35492447655122
 20
-679.3995728027706
 10
238.36107512865397
 20
-679.324560577242
 10
238.36967681884028
 20
-679.2497897578938
 10
238.38072033620483
 20
-679.1753404111925
 10
238.39419385507261
 20
-679.1012922593629
 10
238.41008294766215
 20
-679.0277245950209
 10
238.42837059953519
 20
-678.9547161962641
 10
238.44903722781595
 20
-678.8823452423147
 10
238.4720607021613
 20
-678.8106892298027
 10
238.49741636845818
 20
-678.7398248897812
 10
238.5250770752241
 20
-678.6698281055603
 10
238.55501320268132
 20
-678.6007738314499
 10
238.58719269447488
 20
-678.5327360124963
 10
238.6215810919988
 20
-678.4657875053002
 10
238.6581415712958
 20
-678.4
 10
238.6968349824889
 20
-678.3354439435042
 10
238.73761989170418
 20
-678.2721884640549
 10
238.7804526254393
 20
-678.2103012972041
 10
238.8252873173302
 20
-678.1498487132799
 10
238.87207595726574
 20
-678.0908954464236
 10
238.92076844279836
 20
-678.0335046252699
 10
238.971312632795
 20
-677.9777377053474
 10
239.023654403271
 20
-677.9236544032709
 10
239.07773770534743
 20
-677.871312632795
 10
239.1335046252699
 20
-677.8207684427983
 10
239.19089544642367
 20
-677.7720759572657
 10
239.24984871327996
 20
-677.7252873173302
 10
239.3103012972041
 20
-677.6804526254393
 10
239.37218846405494
 20
-677.6376198917042
 10
239.4354439435042
 20
-677.5968349824889
 10
239.50000000000006
 20
-677.5581415712958
 10
239.56578750530025
 20
-677.5215810919988
 10
239.6327360124963
 20
-677.4871926944749
 10
239.7007738314499
 20
-677.4550132026814
 10
239.76982810556035
 20
-677.4250770752241
 10
239.8398248897812
 20
-677.3974163684582
 10
239.91068922980276
 20
-677.3720607021612
 10
239.98234524231475
 20
-677.3490372278159
 10
240.05471619626422
 20
-677.3283705995351
 10
240.127724595021
 20
-677.3100829476621
 10
240.20129225936296
 20
-677.2941938550725
 10
240.27534041119247
 20
-677.2807203362048
 10
240.34978975789392
 20
-677.2696768188403
 10
240.42456057724206
 20
-677.2610751286539
 10
240.49957280277073
 20
-677.2549244765512
 10
240.57474610950993
 20
-677.2512314488043
 10
240.65000000000003
 20
-677.25
 10
240.72525389049014
 20
-677.2512314488043
 10
240.80042719722934
 20
-677.2549244765512
 10
240.875439422758
 20
-677.2610751286539
 10
240.95021024210615
 20
-677.2696768188403
 10
241.0246595888076
 20
-677.2807203362048
 10
241.0987077406371
 20
-677.2941938550725
 10
241.17227540497908
 20
-677.3100829476621
 10
241.24528380373584
 20
-677.3283705995351
 10
241.31765475768532
 20
-677.3490372278159
 10
241.3893107701973
 20
-677.3720607021612
 10
241.46017511021887
 20
-677.3974163684582
 10
241.53017189443972
 20
-677.4250770752241
 10
241.59922616855016
 20
-677.4550132026814
 10
241.66726398750376
 20
-677.4871926944749
 10
241.73421249469982
 20
-677.5215810919988
 10
241.8
 20
-677.5581415712958
 10
241.86455605649587
 20
-677.5968349824889
 10
241.92781153594512
 20
-677.6376198917042
 10
241.98969870279598
 20
-677.6804526254393
 10
242.0501512867201
 20
-677.7252873173302
 10
242.1091045535764
 20
-677.7720759572657
 10
242.16649537473018
 20
-677.8207684427983
 10
242.22226229465264
 20
-677.871312632795
 10
242.27634559672907
 20
-677.9236544032709
 10
242.32868736720508
 20
-677.9777377053474
 10
242.3792315572017
 20
-678.0335046252699
 10
242.42792404273433
 20
-678.0908954464236
 10
242.47471268266986
 20
-678.1498487132799
 10
242.51954737456077
 20
-678.2103012972041
 10
242.56238010829588
 20
-678.2721884640549
 10
242.60316501751117
 20
-678.3354439435042
 10
242.64185842870427
 20
-678.4
 10
242.67841890800128
 20
-678.4657875053002
 10
242.7128073055252
 20
-678.5327360124963
 10
242.74498679731875
 20
-678.6007738314499
 10
242.77492292477598
 20
-678.6698281055603
 10
242.8025836315419
 20
-678.7398248897812
 10
242.82793929783878
 20
-678.8106892298027
 10
242.85096277218412
 20
-678.8823452423147
 10
242.87162940046488
 20
-678.9547161962641
 10
242.88991705233792
 20
-679.0277245950209
 10
242.90580614492745
 20
-679.1012922593629
 10
242.91927966379524
 20
-679.1753404111925
 10
242.9303231811598
 20
-679.2497897578938
 10
242.9389248713461
 20
-679.324560577242
 10
242.94507552344885
 20
-679.3995728027706
 10
242.94876855119566
 20
-679.4747461095099
 10
242.95000000000005
 20
-679.55
 10
242.94876855119566
 20
-679.6252538904901
 10
242.94507552344885
 20
-679.7004271972294
 10
242.9389248713461
 20
-679.7754394227579
 10
242.9303231811598
 20
-679.8502102421061
 10
242.91927966379524
 20
-679.9246595888076
 10
242.90580614492745
 20
-679.9987077406371
 10
242.88991705233792
 20
-680.0722754049791
 10
242.87162940046488
 20
-680.1452838037358
 10
242.85096277218412
 20
-680.2176547576853
 10
242.82793929783878
 20
-680.2893107701973
 10
242.8025836315419
 20
-680.3601751102188
 10
242.77492292477598
 20
-680.4301718944397
 10
242.74498679731875
 20
-680.4992261685501
 10
242.7128073055252
 20
-680.5672639875037
 10
242.67841890800128
 20
-680.6342124946998
 10
242.64185842870427
 20
-680.7
 10
242.60316501751117
 20
-680.7645560564958
 10
242.56238010829588
 20
-680.8278115359451
 10
242.51954737456077
 20
-680.889698702796
 10
242.47471268266986
 20
-680.95015128672
 10
242.42792404273433
 20
-681.0091045535764
 10
242.3792315572017
 20
-681.0664953747302
 10
242.32868736720508
 20
-681.1222622946526
 10
242.27634559672907
 20
-681.1763455967291
 10
242.22226229465264
 20
-681.228687367205
 10
242.16649537473018
 20
-681.2792315572017
 10
242.1091045535764
 20
-681.3279240427343
 10
242.0501512867201
 20
-681.3747126826698
 10
241.98969870279598
 20
-681.4195473745607
 10
241.92781153594512
 20
-681.4623801082959
 10
241.86455605649587
 20
-681.5031650175112
 10
241.8
 20
-681.5418584287042
 10
241.73421249469982
 20
-681.5784189080013
 10
241.66726398750376
 20
-681.6128073055252
 10
241.59922616855016
 20
-681.6449867973187
 10
241.53017189443972
 20
-681.674922924776
 10
241.46017511021887
 20
-681.7025836315419
 10
241.3893107701973
 20
-681.7279392978387
 10
241.31765475768532
 20
-681.750962772184
 10
241.24528380373584
 20
-681.7716294004649
 10
241.17227540497908
 20
-681.7899170523378
 10
241.0987077406371
 20
-681.8058061449274
 10
241.0246595888076
 20
-681.8192796637952
 10
240.95021024210615
 20
-681.8303231811598
 10
240.875439422758
 20
-681.8389248713461
 10
240.80042719722934
 20
-681.8450755234488
 10
240.72525389049014
 20
-681.8487685511957
 10
240.65000000000003
 20
-681.85
 10
240.57474610950993
 20
-681.8487685511957
 10
240.49957280277073
 20
-681.8450755234488
 10
240.42456057724206
 20
-681.8389248713461
 10
240.34978975789392
 20
-681.8303231811598
 10
240.27534041119247
 20
-681.8192796637952
 10
240.20129225936296
 20
-681.8058061449274
 10
240.127724595021
 20
-681.7899170523378
 10
240.05471619626422
 20
-681.7716294004649
 10
239.98234524231475
 20
-681.750962772184
 10
239.91068922980276
 20
-681.7279392978387
 10
239.8398248897812
 20
-681.7025836315419
 10
239.76982810556035
 20
-681.674922924776
 10
239.7007738314499
 20
-681.6449867973187
 10
239.6327360124963
 20
-681.6128073055252
 10
239.56578750530025
 20
-681.5784189080013
 10
239.50000000000006
 20
-681.5418584287042
 10
239.4354439435042
 20
-681.5031650175112
 10
239.37218846405494
 20
-681.4623801082959
 10
239.3103012972041
 20
-681.4195473745607
 10
239.24984871327996
 20
-681.3747126826698
 10
239.19089544642367
 20
-681.3279240427343
 10
239.1335046252699
 20
-681.2792315572017
 10
239.07773770534743
 20
-681.228687367205
 10
239.023654403271
 20
-681.1763455967291
 10
238.971312632795
 20
-681.1222622946526
 10
238.92076844279836
 20
-681.0664953747302
 10
238.87207595726574
 20
-681.0091045535764
 10
238.8252873173302
 20
-680.95015128672
 10
238.7804526254393
 20
-680.889698702796
 10
238.73761989170418
 20
-680.8278115359451
 10
238.6968349824889
 20
-680.7645560564958
 10
238.6581415712958
 20
-680.7
 10
238.6215810919988
 20
-680.6342124946998
 10
238.58719269447488
 20
-680.5672639875037
 10
238.55501320268132
 20
-680.4992261685501
 10
238.5250770752241
 20
-680.4301718944397
 10
238.49741636845818
 20
-680.3601751102188
 10
238.4720607021613
 20
-680.2893107701973
 10
238.44903722781595
 20
-680.2176547576853
 10
238.42837059953519
 20
-680.1452838037358
 10
238.41008294766215
 20
-680.0722754049791
 10
238.39419385507261
 20
-679.9987077406371
 10
238.38072033620483
 20
-679.9246595888076
 10
238.36967681884028
 20
-679.8502102421061
 10
238.36107512865397
 20
-679.7754394227579
 10
238.35492447655122
 20
-679.7004271972294
 10
238.3512314488044
 20
-679.6252538904901
 10
238.35000000000002
 20
-679.55
  0
LWPOLYLINE
  5
143
330
17
100
AcDbEntity
  8
20_ВИДИМЫЕ
100
AcDbPolyline
 90
193
 70
1
 10
223.35000000000002
 20
-654.55
 10
223.35069603628074
 20
-654.5074651923317
 10
223.35278339978987
 20
-654.4649759320008
 10
223.3562598553262
 20
-654.4225777175716
 10
223.36112168021407
 20
-654.380315950114
 10
223.36736366828967
 20
-654.338235884587
 10
223.37497913547583
 20
-654.296382581379
 10
223.3839599269395
 20
-654.2548008580553
 10
223.39429642582422
 20
-654.2135352413667
 10
223.40597756354816
 20
-654.1726299195692
 10
223.4189908316564
 20
-654.1321286951058
 10
223.43332229521553
 20
-654.0920749377024
 10
223.44895660773534
 20
-654.0525115379254
 10
223.46587702760252
 20
-654.0134808612543
 10
223.48406543600754
 20
-653.9750247027152
 10
223.50350235634716
 20
-653.9371842421262
 10
223.52416697508028
 20
-653.9
 10
223.5460371640155
 20
-653.8635117941545
 10
223.56908950400674
 20
-653.8277586970745
 10
223.59329931003094
 20
-653.7927789940718
 10
223.61864065762143
 20
-653.7586101422887
 10
223.6450864106285
 20
-653.7252887305873
 10
223.67260825027734
 20
-653.69285044037
 10
223.70117670549286
 20
-653.6613300073702
 10
223.73076118445755
 20
-653.6307611844575
 10
223.7613300073703
 20
-653.6011767054928
 10
223.79285044036993
 20
-653.5726082502773
 10
223.82528873058732
 20
-653.5450864106284
 10
223.85861014228868
 20
-653.5186406576214
 10
223.89277899407188
 20
-653.4932993100309
 10
223.92775869707452
 20
-653.4690895040067
 10
223.96351179415456
 20
-653.4460371640155
 10
224.00000000000006
 20
-653.4241669750802
 10
224.03718424212622
 20
-653.4035023563472
 10
224.07502470271533
 20
-653.3840654360075
 10
224.11348086125435
 20
-653.3658770276024
 10
224.15251153792542
 20
-653.3489566077353
 10
224.19207493770244
 20
-653.3333222952155
 10
224.23212869510593
 20
-653.3189908316564
 10
224.27262991956923
 20
-653.3059775635481
 10
224.31353524136676
 20
-653.2942964258242
 10
224.35480085805534
 20
-653.2839599269395
 10
224.39638258137904
 20
-653.2749791354759
 10
224.43823588458707
 20
-653.2673636682896
 10
224.48031595011395
 20
-653.261121680214
 10
224.5225777175716
 20
-653.2562598553261
 10
224.56497593200083
 20
-653.2527833997898
 10
224.60746519233174
 20
-653.2506960362807
 10
224.65000000000003
 20
-653.25
 10
224.69253480766832
 20
-653.2506960362807
 10
224.73502406799923
 20
-653.2527833997898
 10
224.77742228242846
 20
-653.2562598553261
 10
224.81968404988612
 20
-653.261121680214
 10
224.861764115413
 20
-653.2673636682896
 10
224.90361741862102
 20
-653.2749791354759
 10
224.94519914194473
 20
-653.2839599269395
 10
224.9864647586333
 20
-653.2942964258242
 10
225.02737008043084
 20
-653.3059775635481
 10
225.06787130489414
 20
-653.3189908316564
 10
225.10792506229762
 20
-653.3333222952155
 10
225.14748846207465
 20
-653.3489566077353
 10
225.18651913874572
 20
-653.3658770276024
 10
225.22497529728474
 20
-653.3840654360075
 10
225.26281575787385
 20
-653.4035023563472
 10
225.3
 20
-653.4241669750802
 10
225.3364882058455
 20
-653.4460371640155
 10
225.37224130292554
 20
-653.4690895040067
 10
225.4072210059282
 20
-653.4932993100309
 10
225.44138985771139
 20
-653.5186406576214
 10
225.47471126941275
 20
-653.5450864106284
 10
225.50714955963014
 20
-653.5726082502773
 10
225.53866999262976
 20
-653.6011767054928
 10
225.56923881554252
 20
-653.6307611844575
 10
225.5988232945072
 20
-653.6613300073702
 10
225.62739174972273
 20
-653.69285044037
 10
225.65491358937157
 20
-653.7252887305873
 10
225.68135934237864
 20
-653.7586101422887
 10
225.70670068996913
 20
-653.7927789940718
 10
225.73091049599333
 20
-653.8277586970745
 10
225.75396283598457
 20
-653.8635117941545
 10
225.7758330249198
 20
-653.9
 10
225.7964976436529
 20
-653.9371842421262
 10
225.81593456399253
 20
-653.9750247027152
 10
225.83412297239755
 20
-654.0134808612543
 10
225.85104339226473
 20
-654.0525115379254
 10
225.86667770478454
 20
-654.0920749377024
 10
225.88100916834367
 20
-654.1321286951058
 10
225.8940224364519
 20
-654.1726299195692
 10
225.90570357417585
 20
-654.2135352413667
 10
225.91604007306057
 20
-654.2548008580553
 10
225.92502086452424
 20
-654.296382581379
 10
225.9326363317104
 20
-654.338235884587
 10
225.938878319786
 20
-654.380315950114
 10
225.94374014467388
 20
-654.4225777175716
 10
225.9472166002102
 20
-654.4649759320008
 10
225.94930396371933
 20
-654.5074651923317
 10
225.95000000000005
 20
-654.55
 10
225.94930396371933
 20
-654.5925348076682
 10
225.9472166002102
 20
-654.6350240679992
 10
225.94374014467388
 20
-654.6774222824284
 10
225.938878319786
 20
-654.719684049886
 10
225.9326363317104
 20
-654.7617641154129
 10
225.92502086452424
 20
-654.803617418621
 10
225.91604007306057
 20
-654.8451991419447
 10
225.90570357417585
 20
-654.8864647586333
 10
225.8940224364519
 20
-654.9273700804308
 10
225.88100916834367
 20
-654.9678713048941
 10
225.86667770478454
 20
-655.0079250622975
 10
225.85104339226473
 20
-655.0474884620746
 10
225.83412297239755
 20
-655.0865191387458
 10
225.81593456399253
 20
-655.1249752972847
 10
225.7964976436529
 20
-655.1628157578738
 10
225.7758330249198
 20
-655.2
 10
225.75396283598457
 20
-655.2364882058455
 10
225.73091049599333
 20
-655.2722413029255
 10
225.70670068996913
 20
-655.3072210059281
 10
225.68135934237864
 20
-655.3413898577113
 10
225.65491358937157
 20
-655.3747112694127
 10
225.62739174972273
 20
-655.40714955963
 10
225.5988232945072
 20
-655.4386699926297
 10
225.56923881554252
 20
-655.4692388155426
 10
225.53866999262976
 20
-655.4988232945072
 10
225.50714955963014
 20
-655.5273917497227
 10
225.47471126941275
 20
-655.5549135893716
 10
225.44138985771139
 20
-655.5813593423786
 10
225.4072210059282
 20
-655.6067006899691
 10
225.37224130292554
 20
-655.6309104959932
 10
225.3364882058455
 20
-655.6539628359845
 10
225.3
 20
-655.6758330249197
 10
225.26281575787385
 20
-655.6964976436528
 10
225.22497529728474
 20
-655.7159345639925
 10
225.18651913874572
 20
-655.7341229723975
 10
225.14748846207465
 20
-655.7510433922647
 10
225.10792506229762
 20
-655.7666777047846
 10
225.06787130489414
 20
-655.7810091683436
 10
225.02737008043084
 20
-655.7940224364519
 10
224.9864647586333
 20
-655.8057035741758
 10
224.94519914194473
 20
-655.8160400730605
 10
224.90361741862102
 20
-655.8250208645242
 10
224.861764115413
 20
-655.8326363317103
 10
224.81968404988612
 20
-655.838878319786
 10
224.77742228242846
 20
-655.8437401446738
 10
224.73502406799923
 20
-655.8472166002102
 10
224.69253480766832
 20
-655.8493039637193
 10
224.65000000000003
 20
-655.85
 10
224.60746519233174
 20
-655.8493039637193
 10
224.56497593200083
 20
-655.8472166002102
 10
224.5225777175716
 20
-655.8437401446738
 10
224.48031595011395
 20
-655.838878319786
 10
224.43823588458707
 20
-655.8326363317103
 10
224.39638258137904
 20
-655.8250208645242
 10
224.35480085805534
 20
-655.8160400730605
 10
224.31353524136676
 20
-655.8057035741758
 10
224.27262991956923
 20
-655.7940224364519
 10
224.23212869510593
 20
-655.7810091683436
 10
224.19207493770244
 20
-655.7666777047846
 10
224.15251153792542
 20
-655.7510433922647
 10
224.11348086125435
 20
-655.7341229723975
 10
224.07502470271533
 20
-655.7159345639925
 10
224.03718424212622
 20
-655.6964976436528
 10
224.00000000000006
 20
-655.6758330249197
 10
223.96351179415456
 20
-655.6539628359845
 10
223.92775869707452
 20
-655.6309104959932
 10
223.89277899407188
 20
-655.6067006899691
 10
223.85861014228868
 20
-655.5813593423786
 10
223.82528873058732
 20
-655.5549135893716
 10
223.79285044036993
 20
-655.5273917497227
 10
223.7613300073703
 20
-655.4988232945072
 10
223.73076118445755
 20
-655.4692388155426
 10
223.70117670549286
 20
-655.4386699926297
 10
223.67260825027734
 20
-655.40714955963
 10
223.6450864106285
 20
-655.3747112694127
 10
223.61864065762143
 20
-655.3413898577113
 10
223.59329931003094
 20
-655.3072210059281
 10
223.56908950400674
 20
-655.2722413029255
 10
223.5460371640155
 20
-655.2364882058455
 10
223.52416697508028
 20
-655.2
 10
223.50350235634716
 20
-655.1628157578738
 10
223.48406543600754
 20
-655.1249752972847
 10
223.46587702760252
 20
-655.0865191387458
 10
223.44895660773534
 20
-655.0474884620746
 10
223.43332229521553
 20
-655.0079250622975
 10
223.4189908316564
 20
-654.9678713048941
 10
223.40597756354816
 20
-654.9273700804308
 10
223.39429642582422
 20
-654.8864647586333
 10
223.3839599269395
 20
-654.8451991419447
 10
223.37497913547583
 20
-654.803617418621
 10
223.36736366828967
 20
-654.7617641154129
 10
223.36112168021407
 20
-654.719684049886
 10
223.3562598553262
 20
-654.6774222824284
 10
223.35278339978987
 20
-654.6350240679992
 10
223.35069603628074
 20
-654.5925348076682
 10
223.35000000000002
 20
-654.55
  0
LWPOLYLINE
  5
144
330
17
100
AcDbEntity
  8
20_ВИДИМЫЕ
100
AcDbPolyline
 90
193
 70
1
 10
222.35000000000002
 20
-654.55
 10
222.3512314488044
 20
-654.4747461095099
 10
222.35492447655122
 20
-654.3995728027706
 10
222.36107512865397
 20
-654.324560577242
 10
222.36967681884028
 20
-654.2497897578938
 10
222.38072033620483
 20
-654.1753404111925
 10
222.39419385507261
 20
-654.1012922593629
 10
222.41008294766215
 20
-654.0277245950209
 10
222.42837059953519
 20
-653.9547161962641
 10
222.44903722781595
 20
-653.8823452423147
 10
222.4720607021613
 20
-653.8106892298027
 10
222.49741636845818
 20
-653.7398248897812
 10
222.5250770752241
 20
-653.6698281055603
 10
222.55501320268132
 20
-653.6007738314499
 10
222.58719269447488
 20
-653.5327360124963
 10
222.6215810919988
 20
-653.4657875053002
 10
222.6581415712958
 20
-653.4
 10
222.6968349824889
 20
-653.3354439435042
 10
222.73761989170418
 20
-653.2721884640549
 10
222.7804526254393
 20
-653.2103012972041
 10
222.8252873173302
 20
-653.1498487132799
 10
222.87207595726574
 20
-653.0908954464236
 10
222.92076844279836
 20
-653.0335046252699
 10
222.971312632795
 20
-652.9777377053474
 10
223.023654403271
 20
-652.9236544032709
 10
223.07773770534743
 20
-652.871312632795
 10
223.1335046252699
 20
-652.8207684427983
 10
223.19089544642367
 20
-652.7720759572657
 10
223.24984871327996
 20
-652.7252873173302
 10
223.3103012972041
 20
-652.6804526254393
 10
223.37218846405494
 20
-652.6376198917042
 10
223.4354439435042
 20
-652.5968349824889
 10
223.50000000000006
 20
-652.5581415712958
 10
223.56578750530025
 20
-652.5215810919988
 10
223.6327360124963
 20
-652.4871926944749
 10
223.7007738314499
 20
-652.4550132026812
 10
223.76982810556035
 20
-652.4250770752241
 10
223.8398248897812
 20
-652.3974163684582
 10
223.91068922980276
 20
-652.3720607021612
 10
223.98234524231475
 20
-652.3490372278159
 10
224.05471619626422
 20
-652.3283705995351
 10
224.127724595021
 20
-652.3100829476621
 10
224.20129225936296
 20
-652.2941938550725
 10
224.27534041119247
 20
-652.2807203362048
 10
224.34978975789392
 20
-652.2696768188403
 10
224.42456057724206
 20
-652.2610751286539
 10
224.49957280277073
 20
-652.2549244765512
 10
224.57474610950993
 20
-652.2512314488043
 10
224.65000000000003
 20
-652.25
 10
224.72525389049014
 20
-652.2512314488043
 10
224.80042719722934
 20
-652.2549244765512
 10
224.875439422758
 20
-652.2610751286539
 10
224.95021024210615
 20
-652.2696768188403
 10
225.0246595888076
 20
-652.2807203362048
 10
225.0987077406371
 20
-652.2941938550725
 10
225.17227540497908
 20
-652.3100829476621
 10
225.24528380373584
 20
-652.3283705995351
 10
225.31765475768532
 20
-652.3490372278159
 10
225.3893107701973
 20
-652.3720607021612
 10
225.46017511021887
 20
-652.3974163684582
 10
225.53017189443972
 20
-652.4250770752241
 10
225.59922616855016
 20
-652.4550132026812
 10
225.66726398750376
 20
-652.4871926944749
 10
225.73421249469982
 20
-652.5215810919988
 10
225.8
 20
-652.5581415712958
 10
225.86455605649587
 20
-652.5968349824889
 10
225.92781153594512
 20
-652.6376198917042
 10
225.98969870279598
 20
-652.6804526254393
 10
226.0501512867201
 20
-652.7252873173302
 10
226.1091045535764
 20
-652.7720759572657
 10
226.16649537473018
 20
-652.8207684427983
 10
226.22226229465264
 20
-652.871312632795
 10
226.27634559672907
 20
-652.9236544032709
 10
226.32868736720508
 20
-652.9777377053474
 10
226.3792315572017
 20
-653.0335046252699
 10
226.42792404273433
 20
-653.0908954464236
 10
226.47471268266986
 20
-653.1498487132799
 10
226.51954737456077
 20
-653.2103012972041
 10
226.56238010829588
 20
-653.2721884640549
 10
226.60316501751117
 20
-653.3354439435042
 10
226.64185842870427
 20
-653.4
 10
226.67841890800128
 20
-653.4657875053002
 10
226.7128073055252
 20
-653.5327360124963
 10
226.74498679731875
 20
-653.6007738314499
 10
226.77492292477598
 20
-653.6698281055603
 10
226.8025836315419
 20
-653.7398248897812
 10
226.82793929783878
 20
-653.8106892298027
 10
226.85096277218412
 20
-653.8823452423147
 10
226.87162940046488
 20
-653.9547161962641
 10
226.88991705233792
 20
-654.0277245950209
 10
226.90580614492745
 20
-654.1012922593629
 10
226.91927966379524
 20
-654.1753404111925
 10
226.9303231811598
 20
-654.2497897578938
 10
226.9389248713461
 20
-654.324560577242
 10
226.94507552344885
 20
-654.3995728027706
 10
226.94876855119566
 20
-654.4747461095099
 10
226.95000000000005
 20
-654.55
 10
226.94876855119566
 20
-654.6252538904901
 10
226.94507552344885
 20
-654.7004271972294
 10
226.9389248713461
 20
-654.7754394227579
 10
226.9303231811598
 20
-654.8502102421061
 10
226.91927966379524
 20
-654.9246595888076
 10
226.90580614492745
 20
-654.9987077406371
 10
226.88991705233792
 20
-655.0722754049791
 10
226.87162940046488
 20
-655.1452838037358
 10
226.85096277218412
 20
-655.2176547576853
 10
226.82793929783878
 20
-655.2893107701973
 10
226.8025836315419
 20
-655.3601751102188
 10
226.77492292477598
 20
-655.4301718944397
 10
226.74498679731875
 20
-655.4992261685501
 10
226.7128073055252
 20
-655.5672639875037
 10
226.67841890800128
 20
-655.6342124946998
 10
226.64185842870427
 20
-655.7
 10
226.60316501751117
 20
-655.7645560564958
 10
226.56238010829588
 20
-655.8278115359451
 10
226.51954737456077
 20
-655.889698702796
 10
226.47471268266986
 20
-655.95015128672
 10
226.42792404273433
 20
-656.0091045535764
 10
226.3792315572017
 20
-656.0664953747302
 10
226.32868736720508
 20
-656.1222622946526
 10
226.27634559672907
 20
-656.1763455967291
 10
226.22226229465264
 20
-656.228687367205
 10
226.16649537473018
 20
-656.2792315572017
 10
226.1091045535764
 20
-656.3279240427343
 10
226.0501512867201
 20
-656.3747126826698
 10
225.98969870279598
 20
-656.4195473745607
 10
225.92781153594512
 20
-656.4623801082959
 10
225.86455605649587
 20
-656.5031650175112
 10
225.8
 20
-656.5418584287042
 10
225.73421249469982
 20
-656.5784189080013
 10
225.66726398750376
 20
-656.6128073055252
 10
225.59922616855016
 20
-656.6449867973187
 10
225.53017189443972
 20
-656.674922924776
 10
225.46017511021887
 20
-656.7025836315419
 10
225.3893107701973
 20
-656.7279392978387
 10
225.31765475768532
 20
-656.750962772184
 10
225.24528380373584
 20
-656.7716294004649
 10
225.17227540497908
 20
-656.7899170523378
 10
225.0987077406371
 20
-656.8058061449274
 10
225.0246595888076
 20
-656.8192796637952
 10
224.95021024210615
 20
-656.8303231811598
 10
224.875439422758
 20
-656.8389248713461
 10
224.80042719722934
 20
-656.8450755234488
 10
224.72525389049014
 20
-656.8487685511957
 10
224.65000000000003
 20
-656.85
 10
224.57474610950993
 20
-656.8487685511957
 10
224.49957280277073
 20
-656.8450755234488
 10
224.42456057724206
 20
-656.8389248713461
 10
224.34978975789392
 20
-656.8303231811598
 10
224.27534041119247
 20
-656.8192796637952
 10
224.20129225936296
 20
-656.8058061449274
 10
224.127724595021
 20
-656.7899170523378
 10
224.05471619626422
 20
-656.7716294004649
 10
223.98234524231475
 20
-656.750962772184
 10
223.91068922980276
 20
-656.7279392978387
 10
223.8398248897812
 20
-656.7025836315419
 10
223.76982810556035
 20
-656.674922924776
 10
223.7007738314499
 20
-656.6449867973187
 10
223.6327360124963
 20
-656.6128073055252
 10
223.56578750530025
 20
-656.5784189080013
 10
223.50000000000006
 20
-656.5418584287042
 10
223.4354439435042
 20
-656.5031650175112
 10
223.37218846405494
 20
-656.4623801082959
 10
223.3103012972041
 20
-656.4195473745607
 10
223.24984871327996
 20
-656.3747126826698
 10
223.19089544642367
 20
-656.3279240427343
 10
223.1335046252699
 20
-656.2792315572017
 10
223.07773770534743
 20
-656.228687367205
 10
223.023654403271
 20
-656.1763455967291
 10
222.971312632795
 20
-656.1222622946526
 10
222.92076844279836
 20
-656.0664953747302
 10
222.87207595726574
 20
-656.0091045535764
 10
222.8252873173302
 20
-655.95015128672
 10
222.7804526254393
 20
-655.889698702796
 10
222.73761989170418
 20
-655.8278115359451
 10
222.6968349824889
 20
-655.7645560564958
 10
222.6581415712958
 20
-655.7
 10
222.6215810919988
 20
-655.6342124946998
 10
222.58719269447488
 20
-655.5672639875037
 10
222.55501320268132
 20
-655.4992261685501
 10
222.5250770752241
 20
-655.4301718944397
 10
222.49741636845818
 20
-655.3601751102188
 10
222.4720607021613
 20
-655.2893107701973
 10
222.44903722781595
 20
-655.2176547576853
 10
222.42837059953519
 20
-655.1452838037358
 10
222.41008294766215
 20
-655.0722754049791
 10
222.39419385507261
 20
-654.9987077406371
 10
222.38072033620483
 20
-654.9246595888076
 10
222.36967681884028
 20
-654.8502102421061
 10
222.36107512865397
 20
-654.7754394227579
 10
222.35492447655122
 20
-654.7004271972294
 10
222.3512314488044
 20
-654.6252538904901
 10
222.35000000000002
 20
-654.55
  0
LWPOLYLINE
  5
145
330
17
100
AcDbEntity
  8
20_ВИДИМЫЕ
100
AcDbPolyline
 90
193
 70
1
 10
223.35000000000002
 20
-679.55
 10
223.35069603628074
 20
-679.5074651923317
 10
223.35278339978987
 20
-679.4649759320008
 10
223.3562598553262
 20
-679.4225777175716
 10
223.36112168021407
 20
-679.380315950114
 10
223.36736366828967
 20
-679.338235884587
 10
223.37497913547583
 20
-679.296382581379
 10
223.3839599269395
 20
-679.2548008580553
 10
223.39429642582422
 20
-679.2135352413667
 10
223.40597756354816
 20
-679.1726299195692
 10
223.4189908316564
 20
-679.1321286951058
 10
223.43332229521553
 20
-679.0920749377024
 10
223.44895660773534
 20
-679.0525115379254
 10
223.46587702760252
 20
-679.0134808612543
 10
223.48406543600754
 20
-678.9750247027152
 10
223.50350235634716
 20
-678.9371842421262
 10
223.52416697508028
 20
-678.9
 10
223.5460371640155
 20
-678.8635117941545
 10
223.56908950400674
 20
-678.8277586970745
 10
223.59329931003094
 20
-678.7927789940718
 10
223.61864065762143
 20
-678.7586101422887
 10
223.6450864106285
 20
-678.7252887305873
 10
223.67260825027734
 20
-678.69285044037
 10
223.70117670549286
 20
-678.6613300073702
 10
223.73076118445755
 20
-678.6307611844575
 10
223.7613300073703
 20
-678.6011767054928
 10
223.79285044036993
 20
-678.5726082502773
 10
223.82528873058732
 20
-678.5450864106284
 10
223.85861014228868
 20
-678.5186406576214
 10
223.89277899407188
 20
-678.4932993100309
 10
223.92775869707452
 20
-678.4690895040067
 10
223.96351179415456
 20
-678.4460371640155
 10
224.00000000000006
 20
-678.4241669750802
 10
224.03718424212622
 20
-678.4035023563472
 10
224.07502470271533
 20
-678.3840654360075
 10
224.11348086125435
 20
-678.3658770276024
 10
224.15251153792542
 20
-678.3489566077353
 10
224.19207493770244
 20
-678.3333222952155
 10
224.23212869510593
 20
-678.3189908316564
 10
224.27262991956923
 20
-678.3059775635481
 10
224.31353524136676
 20
-678.2942964258242
 10
224.35480085805534
 20
-678.2839599269395
 10
224.39638258137904
 20
-678.2749791354759
 10
224.43823588458707
 20
-678.2673636682896
 10
224.48031595011395
 20
-678.261121680214
 10
224.5225777175716
 20
-678.2562598553261
 10
224.56497593200083
 20
-678.2527833997898
 10
224.60746519233174
 20
-678.2506960362807
 10
224.65000000000003
 20
-678.25
 10
224.69253480766832
 20
-678.2506960362807
 10
224.73502406799923
 20
-678.2527833997898
 10
224.77742228242846
 20
-678.2562598553261
 10
224.81968404988612
 20
-678.261121680214
 10
224.861764115413
 20
-678.2673636682896
 10
224.90361741862102
 20
-678.2749791354759
 10
224.94519914194473
 20
-678.2839599269395
 10
224.9864647586333
 20
-678.2942964258242
 10
225.02737008043084
 20
-678.3059775635481
 10
225.06787130489414
 20
-678.3189908316564
 10
225.10792506229762
 20
-678.3333222952155
 10
225.14748846207465
 20
-678.3489566077353
 10
225.18651913874572
 20
-678.3658770276024
 10
225.22497529728474
 20
-678.3840654360075
 10
225.26281575787385
 20
-678.4035023563472
 10
225.3
 20
-678.4241669750802
 10
225.3364882058455
 20
-678.4460371640155
 10
225.37224130292554
 20
-678.4690895040067
 10
225.4072210059282
 20
-678.4932993100309
 10
225.44138985771139
 20
-678.5186406576214
 10
225.47471126941275
 20
-678.5450864106284
 10
225.50714955963014
 20
-678.5726082502773
 10
225.53866999262976
 20
-678.6011767054928
 10
225.56923881554252
 20
-678.6307611844575
 10
225.5988232945072
 20
-678.6613300073702
 10
225.62739174972273
 20
-678.69285044037
 10
225.65491358937157
 20
-678.7252887305873
 10
225.68135934237864
 20
-678.7586101422887
 10
225.70670068996913
 20
-678.7927789940718
 10
225.73091049599333
 20
-678.8277586970745
 10
225.75396283598457
 20
-678.8635117941545
 10
225.7758330249198
 20
-678.9
 10
225.7964976436529
 20
-678.9371842421262
 10
225.81593456399253
 20
-678.9750247027152
 10
225.83412297239755
 20
-679.0134808612543
 10
225.85104339226473
 20
-679.0525115379254
 10
225.86667770478454
 20
-679.0920749377024
 10
225.88100916834367
 20
-679.1321286951058
 10
225.8940224364519
 20
-679.1726299195692
 10
225.90570357417585
 20
-679.2135352413667
 10
225.91604007306057
 20
-679.2548008580553
 10
225.92502086452424
 20
-679.296382581379
 10
225.9326363317104
 20
-679.338235884587
 10
225.938878319786
 20
-679.380315950114
 10
225.94374014467388
 20
-679.4225777175716
 10
225.9472166002102
 20
-679.4649759320008
 10
225.94930396371933
 20
-679.5074651923317
 10
225.95000000000005
 20
-679.55
 10
225.94930396371933
 20
-679.5925348076682
 10
225.9472166002102
 20
-679.6350240679992
 10
225.94374014467388
 20
-679.6774222824284
 10
225.938878319786
 20
-679.719684049886
 10
225.9326363317104
 20
-679.7617641154129
 10
225.92502086452424
 20
-679.803617418621
 10
225.91604007306057
 20
-679.8451991419447
 10
225.90570357417585
 20
-679.8864647586333
 10
225.8940224364519
 20
-679.9273700804308
 10
225.88100916834367
 20
-679.9678713048941
 10
225.86667770478454
 20
-680.0079250622975
 10
225.85104339226473
 20
-680.0474884620746
 10
225.83412297239755
 20
-680.0865191387458
 10
225.81593456399253
 20
-680.1249752972847
 10
225.7964976436529
 20
-680.1628157578738
 10
225.7758330249198
 20
-680.2
 10
225.75396283598457
 20
-680.2364882058455
 10
225.73091049599333
 20
-680.2722413029255
 10
225.70670068996913
 20
-680.3072210059281
 10
225.68135934237864
 20
-680.3413898577113
 10
225.65491358937157
 20
-680.3747112694127
 10
225.62739174972273
 20
-680.40714955963
 10
225.5988232945072
 20
-680.4386699926297
 10
225.56923881554252
 20
-680.4692388155426
 10
225.53866999262976
 20
-680.4988232945072
 10
225.50714955963014
 20
-680.5273917497227
 10
225.47471126941275
 20
-680.5549135893716
 10
225.44138985771139
 20
-680.5813593423786
 10
225.4072210059282
 20
-680.6067006899691
 10
225.37224130292554
 20
-680.6309104959932
 10
225.3364882058455
 20
-680.6539628359845
 10
225.3
 20
-680.6758330249197
 10
225.26281575787385
 20
-680.6964976436528
 10
225.22497529728474
 20
-680.7159345639925
 10
225.18651913874572
 20
-680.7341229723975
 10
225.14748846207465
 20
-680.7510433922647
 10
225.10792506229762
 20
-680.7666777047846
 10
225.06787130489414
 20
-680.7810091683436
 10
225.02737008043084
 20
-680.7940224364519
 10
224.9864647586333
 20
-680.8057035741758
 10
224.94519914194473
 20
-680.8160400730605
 10
224.90361741862102
 20
-680.8250208645242
 10
224.861764115413
 20
-680.8326363317103
 10
224.81968404988612
 20
-680.838878319786
 10
224.77742228242846
 20
-680.8437401446738
 10
224.73502406799923
 20
-680.8472166002102
 10
224.69253480766832
 20
-680.8493039637193
 10
224.65000000000003
 20
-680.85
 10
224.60746519233174
 20
-680.8493039637193
 10
224.56497593200083
 20
-680.8472166002102
 10
224.5225777175716
 20
-680.8437401446738
 10
224.48031595011395
 20
-680.838878319786
 10
224.43823588458707
 20
-680.8326363317103
 10
224.39638258137904
 20
-680.8250208645242
 10
224.35480085805534
 20
-680.8160400730605
 10
224.31353524136676
 20
-680.8057035741758
 10
224.27262991956923
 20
-680.7940224364519
 10
224.23212869510593
 20
-680.7810091683436
 10
224.19207493770244
 20
-680.7666777047846
 10
224.15251153792542
 20
-680.7510433922647
 10
224.11348086125435
 20
-680.7341229723975
 10
224.07502470271533
 20
-680.7159345639925
 10
224.03718424212622
 20
-680.6964976436528
 10
224.00000000000006
 20
-680.6758330249197
 10
223.96351179415456
 20
-680.6539628359845
 10
223.92775869707452
 20
-680.6309104959932
 10
223.89277899407188
 20
-680.6067006899691
 10
223.85861014228868
 20
-680.5813593423786
 10
223.82528873058732
 20
-680.5549135893716
 10
223.79285044036993
 20
-680.5273917497227
 10
223.7613300073703
 20
-680.4988232945072
 10
223.73076118445755
 20
-680.4692388155426
 10
223.70117670549286
 20
-680.4386699926297
 10
223.67260825027734
 20
-680.40714955963
 10
223.6450864106285
 20
-680.3747112694127
 10
223.61864065762143
 20
-680.3413898577113
 10
223.59329931003094
 20
-680.3072210059281
 10
223.56908950400674
 20
-680.2722413029255
 10
223.5460371640155
 20
-680.2364882058455
 10
223.52416697508028
 20
-680.2
 10
223.50350235634716
 20
-680.1628157578738
 10
223.48406543600754
 20
-680.1249752972847
 10
223.46587702760252
 20
-680.0865191387458
 10
223.44895660773534
 20
-680.0474884620746
 10
223.43332229521553
 20
-680.0079250622975
 10
223.4189908316564
 20
-679.9678713048941
 10
223.40597756354816
 20
-679.9273700804308
 10
223.39429642582422
 20
-679.8864647586333
 10
223.3839599269395
 20
-679.8451991419447
 10
223.37497913547583
 20
-679.803617418621
 10
223.36736366828967
 20
-679.7617641154129
 10
223.36112168021407
 20
-679.719684049886
 10
223.3562598553262
 20
-679.6774222824284
 10
223.35278339978987
 20
-679.6350240679992
 10
223.35069603628074
 20
-679.5925348076682
 10
223.35000000000002
 20
-679.55
  0
LWPOLYLINE
  5
146
330
17
100
AcDbEntity
  8
20_ВИДИМЫЕ
100
AcDbPolyline
 90
193
 70
1
 10
222.35000000000002
 20
-679.55
 10
222.3512314488044
 20
-679.4747461095099
 10
222.35492447655122
 20
-679.3995728027706
 10
222.36107512865397
 20
-679.324560577242
 10
222.36967681884028
 20
-679.2497897578938
 10
222.38072033620483
 20
-679.1753404111925
 10
222.39419385507261
 20
-679.1012922593629
 10
222.41008294766215
 20
-679.0277245950209
 10
222.42837059953519
 20
-678.9547161962641
 10
222.44903722781595
 20
-678.8823452423147
 10
222.4720607021613
 20
-678.8106892298027
 10
222.49741636845818
 20
-678.7398248897812
 10
222.5250770752241
 20
-678.6698281055603
 10
222.55501320268132
 20
-678.6007738314499
 10
222.58719269447488
 20
-678.5327360124963
 10
222.6215810919988
 20
-678.4657875053002
 10
222.6581415712958
 20
-678.4
 10
222.6968349824889
 20
-678.3354439435042
 10
222.73761989170418
 20
-678.2721884640549
 10
222.7804526254393
 20
-678.2103012972041
 10
222.8252873173302
 20
-678.1498487132799
 10
222.87207595726574
 20
-678.0908954464236
 10
222.92076844279836
 20
-678.0335046252699
 10
222.971312632795
 20
-677.9777377053474
 10
223.023654403271
 20
-677.9236544032709
 10
223.07773770534743
 20
-677.871312632795
 10
223.1335046252699
 20
-677.8207684427983
 10
223.19089544642367
 20
-677.7720759572657
 10
223.24984871327996
 20
-677.7252873173302
 10
223.3103012972041
 20
-677.6804526254393
 10
223.37218846405494
 20
-677.6376198917042
 10
223.4354439435042
 20
-677.5968349824889
 10
223.50000000000006
 20
-677.5581415712958
 10
223.56578750530025
 20
-677.5215810919988
 10
223.6327360124963
 20
-677.4871926944749
 10
223.7007738314499
 20
-677.4550132026814
 10
223.76982810556035
 20
-677.4250770752241
 10
223.8398248897812
 20
-677.3974163684582
 10
223.91068922980276
 20
-677.3720607021612
 10
223.98234524231475
 20
-677.3490372278159
 10
224.05471619626422
 20
-677.3283705995351
 10
224.127724595021
 20
-677.3100829476621
 10
224.20129225936296
 20
-677.2941938550725
 10
224.27534041119247
 20
-677.2807203362048
 10
224.34978975789392
 20
-677.2696768188403
 10
224.42456057724206
 20
-677.2610751286539
 10
224.49957280277073
 20
-677.2549244765512
 10
224.57474610950993
 20
-677.2512314488043
 10
224.65000000000003
 20
-677.25
 10
224.72525389049014
 20
-677.2512314488043
 10
224.80042719722934
 20
-677.2549244765512
 10
224.875439422758
 20
-677.2610751286539
 10
224.95021024210615
 20
-677.2696768188403
 10
225.0246595888076
 20
-677.2807203362048
 10
225.0987077406371
 20
-677.2941938550725
 10
225.17227540497908
 20
-677.3100829476621
 10
225.24528380373584
 20
-677.3283705995351
 10
225.31765475768532
 20
-677.3490372278159
 10
225.3893107701973
 20
-677.3720607021612
 10
225.46017511021887
 20
-677.3974163684582
 10
225.53017189443972
 20
-677.4250770752241
 10
225.59922616855016
 20
-677.4550132026814
 10
225.66726398750376
 20
-677.4871926944749
 10
225.73421249469982
 20
-677.5215810919988
 10
225.8
 20
-677.5581415712958
 10
225.86455605649587
 20
-677.5968349824889
 10
225.92781153594512
 20
-677.6376198917042
 10
225.98969870279598
 20
-677.6804526254393
 10
226.0501512867201
 20
-677.7252873173302
 10
226.1091045535764
 20
-677.7720759572657
 10
226.16649537473018
 20
-677.8207684427983
 10
226.22226229465264
 20
-677.871312632795
 10
226.27634559672907
 20
-677.9236544032709
 10
226.32868736720508
 20
-677.9777377053474
 10
226.3792315572017
 20
-678.0335046252699
 10
226.42792404273433
 20
-678.0908954464236
 10
226.47471268266986
 20
-678.1498487132799
 10
226.51954737456077
 20
-678.2103012972041
 10
226.56238010829588
 20
-678.2721884640549
 10
226.60316501751117
 20
-678.3354439435042
 10
226.64185842870427
 20
-678.4
 10
226.67841890800128
 20
-678.4657875053002
 10
226.7128073055252
 20
-678.5327360124963
 10
226.74498679731875
 20
-678.6007738314499
 10
226.77492292477598
 20
-678.6698281055603
 10
226.8025836315419
 20
-678.7398248897812
 10
226.82793929783878
 20
-678.8106892298027
 10
226.85096277218412
 20
-678.8823452423147
 10
226.87162940046488
 20
-678.9547161962641
 10
226.88991705233792
 20
-679.0277245950209
 10
226.90580614492745
 20
-679.1012922593629
 10
226.91927966379524
 20
-679.1753404111925
 10
226.9303231811598
 20
-679.2497897578938
 10
226.9389248713461
 20
-679.324560577242
 10
226.94507552344885
 20
-679.3995728027706
 10
226.94876855119566
 20
-679.4747461095099
 10
226.95000000000005
 20
-679.55
 10
226.94876855119566
 20
-679.6252538904901
 10
226.94507552344885
 20
-679.7004271972294
 10
226.9389248713461
 20
-679.7754394227579
 10
226.9303231811598
 20
-679.8502102421061
 10
226.91927966379524
 20
-679.9246595888076
 10
226.90580614492745
 20
-679.9987077406371
 10
226.88991705233792
 20
-680.0722754049791
 10
226.87162940046488
 20
-680.1452838037358
 10
226.85096277218412
 20
-680.2176547576853
 10
226.82793929783878
 20
-680.2893107701973
 10
226.8025836315419
 20
-680.3601751102188
 10
226.77492292477598
 20
-680.4301718944397
 10
226.74498679731875
 20
-680.4992261685501
 10
226.7128073055252
 20
-680.5672639875037
 10
226.67841890800128
 20
-680.6342124946998
 10
226.64185842870427
 20
-680.7
 10
226.60316501751117
 20
-680.7645560564958
 10
226.56238010829588
 20
-680.8278115359451
 10
226.51954737456077
 20
-680.889698702796
 10
226.47471268266986
 20
-680.95015128672
 10
226.42792404273433
 20
-681.0091045535764
 10
226.3792315572017
 20
-681.0664953747302
 10
226.32868736720508
 20
-681.1222622946526
 10
226.27634559672907
 20
-681.1763455967291
 10
226.22226229465264
 20
-681.228687367205
 10
226.16649537473018
 20
-681.2792315572017
 10
226.1091045535764
 20
-681.3279240427343
 10
226.0501512867201
 20
-681.3747126826698
 10
225.98969870279598
 20
-681.4195473745607
 10
225.92781153594512
 20
-681.4623801082959
 10
225.86455605649587
 20
-681.5031650175112
 10
225.8
 20
-681.5418584287042
 10
225.73421249469982
 20
-681.5784189080013
 10
225.66726398750376
 20
-681.6128073055252
 10
225.59922616855016
 20
-681.6449867973187
 10
225.53017189443972
 20
-681.674922924776
 10
225.46017511021887
 20
-681.7025836315419
 10
225.3893107701973
 20
-681.7279392978387
 10
225.31765475768532
 20
-681.750962772184
 10
225.24528380373584
 20
-681.7716294004649
 10
225.17227540497908
 20
-681.7899170523378
 10
225.0987077406371
 20
-681.8058061449274
 10
225.0246595888076
 20
-681.8192796637952
 10
224.95021024210615
 20
-681.8303231811598
 10
224.875439422758
 20
-681.8389248713461
 10
224.80042719722934
 20
-681.8450755234488
 10
224.72525389049014
 20
-681.8487685511957
 10
224.65000000000003
 20
-681.85
 10
224.57474610950993
 20
-681.8487685511957
 10
224.49957280277073
 20
-681.8450755234488
 10
224.42456057724206
 20
-681.8389248713461
 10
224.34978975789392
 20
-681.8303231811598
 10
224.27534041119247
 20
-681.8192796637952
 10
224.20129225936296
 20
-681.8058061449274
 10
224.127724595021
 20
-681.7899170523378
 10
224.05471619626422
 20
-681.7716294004649
 10
223.98234524231475
 20
-681.750962772184
 10
223.91068922980276
 20
-681.7279392978387
 10
223.8398248897812
 20
-681.7025836315419
 10
223.76982810556035
 20
-681.674922924776
 10
223.7007738314499
 20
-681.6449867973187
 10
223.6327360124963
 20
-681.6128073055252
 10
223.56578750530025
 20
-681.5784189080013
 10
223.50000000000006
 20
-681.5418584287042
 10
223.4354439435042
 20
-681.5031650175112
 10
223.37218846405494
 20
-681.4623801082959
 10
223.3103012972041
 20
-681.4195473745607
 10
223.24984871327996
 20
-681.3747126826698
 10
223.19089544642367
 20
-681.3279240427343
 10
223.1335046252699
 20
-681.2792315572017
 10
223.07773770534743
 20
-681.228687367205
 10
223.023654403271
 20
-681.1763455967291
 10
222.971312632795
 20
-681.1222622946526
 10
222.92076844279836
 20
-681.0664953747302
 10
222.87207595726574
 20
-681.0091045535764
 10
222.8252873173302
 20
-680.95015128672
 10
222.7804526254393
 20
-680.889698702796
 10
222.73761989170418
 20
-680.8278115359451
 10
222.6968349824889
 20
-680.7645560564958
 10
222.6581415712958
 20
-680.7
 10
222.6215810919988
 20
-680.6342124946998
 10
222.58719269447488
 20
-680.5672639875037
 10
222.55501320268132
 20
-680.4992261685501
 10
222.5250770752241
 20
-680.4301718944397
 10
222.49741636845818
 20
-680.3601751102188
 10
222.4720607021613
 20
-680.2893107701973
 10
222.44903722781595
 20
-680.2176547576853
 10
222.42837059953519
 20
-680.1452838037358
 10
222.41008294766215
 20
-680.0722754049791
 10
222.39419385507261
 20
-679.9987077406371
 10
222.38072033620483
 20
-679.9246595888076
 10
222.36967681884028
 20
-679.8502102421061
 10
222.36107512865397
 20
-679.7754394227579
 10
222.35492447655122
 20
-679.7004271972294
 10
222.3512314488044
 20
-679.6252538904901
 10
222.35000000000002
 20
-679.55
  0
LWPOLYLINE
  5
147
330
17
100
AcDbEntity
  8
20_ВИДИМЫЕ
100
AcDbPolyline
 90
5
 70
1
 10
252.02472580451143
 20
-649.6551731828109
 10
250.04482681718912
 20
-647.6752741954886
 10
231.66005050633885
 20
-666.0600505063388
 10
233.63994949366122
 20
-668.0399494936612
 10
252.02472580451143
 20
-649.6551731828109
  0
TEXT
  5
148
330
17
100
AcDbEntity
  8
08_ТЕКСТ
100
AcDbText
 10
-60.0
 20
-603.1
 30
0.0
 40
14.0
  1
Опоры под модулем 20' HC, М 1:20 (контур модуля — фантом)
  7
ГОСТ
 72
1
 11
-60.0
 21
-603.1
 31
0.0
100
AcDbText
 73
1
  0
DIMENSION
  5
149
330
17
100
AcDbEntity
  8
09_РАЗМЕРЫ
100
AcDbDimension
280
0
  2
*D2
  3
ГОСТ
 10
-352.65000000000003
 20
-931.9
 30
0.0
 11
-60.0
 21
-926.4
 31
0.0
 70
32
 71
5
  1
5853
100
AcDbAlignedDimension
 13
-352.65000000000003
 23
-892.95
 33
0.0
 14
232.65000000000003
 24
-892.95
 34
0.0
 50
0.0
100
AcDbRotatedDimension
1001
ACAD
1000
DSTYLE
1002
{
1070
340
1005
99
1002
}
  0
DIMENSION
  5
158
330
17
100
AcDbEntity
  8
09_РАЗМЕРЫ
100
AcDbDimension
280
0
  2
*D3
  3
ГОСТ
 10
272.90000000000003
 20
-892.95
 30
0.0
 11
267.40000000000003
 21
-780.0
 31
0.0
 70
32
 71
5
  1
2259
100
AcDbAlignedDimension
 13
232.65000000000003
 23
-892.95
 33
0.0
 14
232.65000000000003
 24
-667.05
 34
0.0
 50
90.0
100
AcDbRotatedDimension
1001
ACAD
1000
DSTYLE
1002
{
1070
340
1005
99
1002
}
  0
DIMENSION
  5
167
330
17
100
AcDbEntity
  8
09_РАЗМЕРЫ
100
AcDbDimension
280
0
  2
*D4
  3
ГОСТ
 10
-362.90000000000003
 20
-633.1
 30
0.0
 11
-60.0
 21
-627.6
 31
0.0
 70
32
 71
5
  1
6058
100
AcDbAlignedDimension
 13
-362.90000000000003
 23
-658.1
 33
0.0
 14
242.90000000000003
 24
-658.1
 34
0.0
 50
0.0
100
AcDbRotatedDimension
1001
ACAD
1000
DSTYLE
1002
{
1070
340
1005
99
1002
}
  0
TEXT
  5
176
330
17
100
AcDbEntity
  8
08_ТЕКСТ
100
AcDbText
 10
-60.0
 20
-971.9
 30
0.0
 40
6.0
  1
рычаги смотрят в торцевые проходы 1,2 м; оси опор — на линиях подпалубных балок
  7
ГОСТ
 72
1
 11
-60.0
 21
-971.9
 31
0.0
100
AcDbText
 73
2
  0
LINE
  5
177
330
17
100
AcDbEntity
  8
00_РАМКА
100
AcDbLine
 10
400.0
 20
-600.0
 30
0.0
 11
740.0
 21
-600.0
 31
0.0
  0
LINE
  5
178
330
17
100
AcDbEntity
  8
00_РАМКА
100
AcDbLine
 10
400.0
 20
-614.0
 30
0.0
 11
740.0
 21
-614.0
 31
0.0
  0
LINE
  5
179
330
17
100
AcDbEntity
  8
00_РАМКА
100
AcDbLine
 10
400.0
 20
-628.0
 30
0.0
 11
740.0
 21
-628.0
 31
0.0
  0
LINE
  5
17A
330
17
100
AcDbEntity
  8
00_РАМКА
100
AcDbLine
 10
400.0
 20
-642.0
 30
0.0
 11
740.0
 21
-642.0
 31
0.0
  0
LINE
  5
17B
330
17
100
AcDbEntity
  8
00_РАМКА
100
AcDbLine
 10
400.0
 20
-656.0
 30
0.0
 11
740.0
 21
-656.0
 31
0.0
  0
LINE
  5
17C
330
17
100
AcDbEntity
  8
00_РАМКА
100
AcDbLine
 10
400.0
 20
-670.0
 30
0.0
 11
740.0
 21
-670.0
 31
0.0
  0
LINE
  5
17D
330
17
100
AcDbEntity
  8
00_РАМКА
100
AcDbLine
 10
400.0
 20
-684.0
 30
0.0
 11
740.0
 21
-684.0
 31
0.0
  0
LINE
  5
17E
330
17
100
AcDbEntity
  8
00_РАМКА
100
AcDbLine
 10
400.0
 20
-600.0
 30
0.0
 11
400.0
 21
-684.0
 31
0.0
  0
LINE
  5
17F
330
17
100
AcDbEntity
  8
00_РАМКА
100
AcDbLine
 10
540.0
 20
-600.0
 30
0.0
 11
540.0
 21
-684.0
 31
0.0
  0
LINE
  5
180
330
17
100
AcDbEntity
  8
00_РАМКА
100
AcDbLine
 10
740.0
 20
-600.0
 30
0.0
 11
740.0
 21
-684.0
 31
0.0
  0
TEXT
  5
181
330
17
100
AcDbEntity
  8
08_ТЕКСТ
100
AcDbText
 10
403.0
 20
-607.0
 30
0.0
 40
5.6
  1
Фундамент-замок
  7
ГОСТ
 11
403.0
 21
-607.0
 31
0.0
100
AcDbText
 73
2
  0
TEXT
  5
182
330
17
100
AcDbEntity
  8
08_ТЕКСТ
100
AcDbText
 10
543.0
 20
-607.0
 30
0.0
 40
5.6
  1
Значение
  7
ГОСТ
 11
543.0
 21
-607.0
 31
0.0
100
AcDbText
 73
2
  0
TEXT
  5
183
330
17
100
AcDbEntity
  8
08_ТЕКСТ
100
AcDbText
 10
403.0
 20
-621.0
 30
0.0
 40
5.0
  1
Узел
  7
ГОСТ
 11
403.0
 21
-621.0
 31
0.0
100
AcDbText
 73
2
  0
TEXT
  5
184
330
17
100
AcDbEntity
  8
08_ТЕКСТ
100
AcDbText
 10
543.0
 20
-621.0
 30
0.0
 40
5.0
  1
ВГ-2026.46.00 — КД: СБ, корпус, отливка, оснастка
  7
ГОСТ
 11
543.0
 21
-621.0
 31
0.0
100
AcDbText
 73
2
  0
TEXT
  5
185
330
17
100
AcDbEntity
  8
08_ТЕКСТ
100
AcDbText
 10
403.0
 20
-635.0
 30
0.0
 40
5.0
  1
SWL опоры: отрыв / сжатие / сдвиг
  7
ГОСТ
 11
403.0
 21
-635.0
 31
0.0
100
AcDbText
 73
2
  0
TEXT
  5
186
330
17
100
AcDbEntity
  8
08_ТЕКСТ
100
AcDbText
 10
543.0
 20
-635.0
 30
0.0
 40
5.0
  1
15 / 135 / 70 кН
  7
ГОСТ
 11
543.0
 21
-635.0
 31
0.0
100
AcDbText
 73
2
  0
TEXT
  5
187
330
17
100
AcDbEntity
  8
08_ТЕКСТ
100
AcDbText
 10
403.0
 20
-649.0
 30
0.0
 40
5.0
  1
Высота опоры над настилом
  7
ГОСТ
 11
403.0
 21
-649.0
 31
0.0
100
AcDbText
 73
2
  0
TEXT
  5
188
330
17
100
AcDbEntity
  8
08_ТЕКСТ
100
AcDbText
 10
543.0
 20
-649.0
 30
0.0
 40
5.0
  1
135 мм
  7
ГОСТ
 11
543.0
 21
-649.0
 31
0.0
100
AcDbText
 73
2
  0
TEXT
  5
189
330
17
100
AcDbEntity
  8
08_ТЕКСТ
100
AcDbText
 10
403.0
 20
-663.0
 30
0.0
 40
5.0
  1
Масса опоры с листом / всех 72
  7
ГОСТ
 11
403.0
 21
-663.0
 31
0.0
100
AcDbText
 73
2
  0
TEXT
  5
18A
330
17
100
AcDbEntity
  8
08_ТЕКСТ
100
AcDbText
 10
543.0
 20
-663.0
 30
0.0
 40
5.0
  1
34,2 кг / 2,47 т
  7
ГОСТ
 11
543.0
 21
-663.0
 31
0.0
100
AcDbText
 73
2
  0
TEXT
  5
18B
330
17
100
AcDbEntity
  8
08_ТЕКСТ
100
AcDbText
 10
403.0
 20
-677.0
 30
0.0
 40
5.0
  1
Балка под линией фитингов
  7
ГОСТ
 11
403.0
 21
-677.0
 31
0.0
100
AcDbText
 73
2
  0
TEXT
  5
18C
330
17
100
AcDbEntity
  8
08_ТЕКСТ
100
AcDbText
 10
543.0
 20
-677.0
 30
0.0
 40
5.0
  1
Т 260 × 8 / 130 × 12 АМг5, пролёт 2,2 м
  7
ГОСТ
 11
543.0
 21
-677.0
 31
0.0
100
AcDbText
 73
2
  0
LWPOLYLINE
  5
18D
330
17
100
AcDbEntity
  8
00_РАМКА
100
AcDbPolyline
 90
4
 70
1
 10
-700.0
 20
-1088.0
 10
982.0
 20
-1088.0
 10
982.0
 20
100.0
 10
-700.0
 20
100.0
  0
LWPOLYLINE
  5
18E
330
17
100
AcDbEntity
  8
00_РАМКА
100
AcDbPolyline
 90
4
 70
1
 10
-660.0
 20
-1078.0
 10
972.0
 20
-1078.0
 10
972.0
 20
90.0
 10
-660.0
 20
90.0
  0
LWPOLYLINE
  5
18F
330
17
100
AcDbEntity
  8
00_РАМКА
100
AcDbPolyline
 90
4
 70
1
 10
602.0
 20
-1078.0
 10
972.0
 20
-1078.0
 10
972.0
 20
-968.0
 10
602.0
 20
-968.0
  0
LINE
  5
190
330
17
100
AcDbEntity
  8
00_РАМКА
100
AcDbLine
 10
602.0
 20
-1054.0
 30
0.0
 11
972.0
 21
-1054.0
 31
0.0
  0
LINE
  5
191
330
17
100
AcDbEntity
  8
00_РАМКА
100
AcDbLine
 10
602.0
 20
-1030.0
 30
0.0
 11
972.0
 21
-1030.0
 31
0.0
  0
LINE
  5
192
330
17
100
AcDbEntity
  8
00_РАМКА
100
AcDbLine
 10
602.0
 20
-1006.0
 30
0.0
 11
972.0
 21
-1006.0
 31
0.0
  0
LINE
  5
193
330
17
100
AcDbEntity
  8
00_РАМКА
100
AcDbLine
 10
842.0
 20
-1078.0
 30
0.0
 11
842.0
 21
-1006.0
 31
0.0
  0
TEXT
  5
194
330
17
100
AcDbEntity
  8
08_ТЕКСТ
100
AcDbText
 10
608.0
 20
-987.0
 30
0.0
 40
10.0
  1
Фундамент-замок под модуль
  7
ГОСТ
 11
608.0
 21
-987.0
 31
0.0
100
AcDbText
 73
2
  0
TEXT
  5
195
330
17
100
AcDbEntity
  8
08_ТЕКСТ
100
AcDbText
 10
608.0
 20
-1018.0
 30
0.0
 40
5.0
  1
Установка на солнечной палубе · 72 шт. на судно
  7
ГОСТ
 11
608.0
 21
-1018.0
 31
0.0
100
AcDbText
 73
2
  0
TEXT
  5
196
330
17
100
AcDbEntity
  8
08_ТЕКСТ
100
AcDbText
 10
608.0
 20
-1042.0
 30
0.0
 40
9.0
  1
ВГ-2026 МР-02
  7
ГОСТ
 11
608.0
 21
-1042.0
 31
0.0
100
AcDbText
 73
2
  0
TEXT
  5
197
330
17
100
AcDbEntity
  8
08_ТЕКСТ
100
AcDbText
 10
848.0
 20
-1042.0
 30
0.0
 40
7.0
  1
Масштаб 1 : 2
  7
ГОСТ
 11
848.0
 21
-1042.0
 31
0.0
100
AcDbText
 73
2
  0
TEXT
  5
198
330
17
100
AcDbEntity
  8
08_ТЕКСТ
100
AcDbText
 10
608.0
 20
-1066.0
 30
0.0
 40
5.0
  1
20ГЛ · 40Х · АМг5
  7
ГОСТ
 11
608.0
 21
-1066.0
 31
0.0
100
AcDbText
 73
2
  0
TEXT
  5
199
330
17
100
AcDbEntity
  8
08_ТЕКСТ
100
AcDbText
 10
848.0
 20
-1066.0
 30
0.0
 40
6.0
  1
Формат A1
  7
ГОСТ
 11
848.0
 21
-1066.0
 31
0.0
100
AcDbText
 73
2
  0
TEXT
  5
19A
330
17
100
AcDbEntity
  8
08_ТЕКСТ
100
AcDbText
 10
608.0
 20
-960.0
 30
0.0
 40
6.0
  1
УЖЦ ОСК 2026 · «Волжский Горизонт» · ПБ «Без границ»
  7
ГОСТ
 11
608.0
 21
-960.0
 31
0.0
100
AcDbText
 73
2
  0
TEXT
  5
19B
330
17
100
AcDbEntity
  8
08_ТЕКСТ
100
AcDbText
 10
608.0
 20
-866.0
 30
0.0
 40
5.0
  1
1. Узел — фундамент-замок ВГ-2026.46.00, литой корпус 20ГЛ, замок 40Х; КД, расчёт по
  7
ГОСТ
 11
608.0
 21
-866.0
 31
0.0
100
AcDbText
 73
2
  0
TEXT
  5
19C
330
17
100
AcDbEntity
  8
08_ТЕКСТ
100
AcDbText
 10
608.0
 20
-876.0
 30
0.0
 40
5.0
  1
    качке судна и технология литья — docs/проект/узел_фундамент_twistlock.md.
  7
ГОСТ
 11
608.0
 21
-876.0
 31
0.0
100
AcDbText
 73
2
  0
TEXT
  5
19D
330
17
100
AcDbEntity
  8
08_ТЕКСТ
100
AcDbText
 10
608.0
 20
-886.0
 30
0.0
 40
5.0
  1
2. Опора ставится над подпалубной балкой на лист АМг5, приваренный к настилу; болты
  7
ГОСТ
 11
608.0
 21
-886.0
 31
0.0
100
AcDbText
 73
2
  0
TEXT
  5
19E
330
17
100
AcDbEntity
  8
08_ТЕКСТ
100
AcDbText
 10
608.0
 20
-896.0
 30
0.0
 40
5.0
  1
    М24 А4-80 в изолирующих втулках, прокладка — стеклотекстолит.
  7
ГОСТ
 11
608.0
 21
-896.0
 31
0.0
100
AcDbText
 73
2
  0
TEXT
  5
19F
330
17
100
AcDbEntity
  8
08_ТЕКСТ
100
AcDbText
 10
608.0
 20
-906.0
 30
0.0
 40
5.0
  1
3. Корпуса кормовых опор слота — рычагом в корму, носовых — в нос: рычаг выходит в
  7
ГОСТ
 11
608.0
 21
-906.0
 31
0.0
100
AcDbText
 73
2
  0
TEXT
  5
1A0
330
17
100
AcDbEntity
  8
08_ТЕКСТ
100
AcDbText
 10
608.0
 20
-916.0
 30
0.0
 40
5.0
  1
    торцевой проход, где стоит человек при смене темы.
  7
ГОСТ
 11
608.0
 21
-916.0
 31
0.0
100
AcDbText
 73
2
  0
TEXT
  5
1A1
330
17
100
AcDbEntity
  8
08_ТЕКСТ
100
AcDbText
 10
608.0
 20
-926.0
 30
0.0
 40
5.0
  1
4. Модуль садится на площадки, упоры входят в отверстия фитингов; поворот рычага на
  7
ГОСТ
 11
608.0
 21
-926.0
 31
0.0
100
AcDbText
 73
2
  0
TEXT
  5
1A2
330
17
100
AcDbEntity
  8
08_ТЕКСТ
100
AcDbText
 10
608.0
 20
-936.0
 30
0.0
 40
5.0
  1
    90° запирает конус, фиксатор защёлкивается сам.
  7
ГОСТ
 11
608.0
 21
-936.0
 31
0.0
100
AcDbText
 73
2
  0
TEXT
  5
1A3
330
17
100
AcDbEntity
  8
08_ТЕКСТ
100
AcDbText
 10
608.0
 20
-946.0
 30
0.0
 40
5.0
  1
5. Размеры в миллиметрах; разрез — М 1:2, раскладка опор — М 1:20.
  7
ГОСТ
 11
608.0
 21
-946.0
 31
0.0
100
AcDbText
 73
2
  0
TEXT
  5
1A4
330
17
100
AcDbEntity
  8
08_ТЕКСТ
100
AcDbText
 10
608.0
 20
-853.0
 30
0.0
 40
7.0
  1
Технические требования
  7
ГОСТ
 11
608.0
 21
-853.0
 31
0.0
100
AcDbText
 73
2
  0
ENDSEC
  0
SECTION
  2
OBJECTS
  0
DICTIONARY
  5
A
330
0
100
AcDbDictionary
281
1
  3
ACAD_COLOR
350
B
  3
ACAD_GROUP
350
C
  3
ACAD_LAYOUT
350
D
  3
ACAD_MATERIAL
350
E
  3
ACAD_MLEADERSTYLE
350
F
  3
ACAD_MLINESTYLE
350
10
  3
ACAD_PLOTSETTINGS
350
11
  3
ACAD_PLOTSTYLENAME
350
12
  3
ACAD_SCALELIST
350
14
  3
ACAD_TABLESTYLE
350
15
  3
ACAD_VISUALSTYLE
350
16
  3
EZDXF_META
350
2D
  0
DICTIONARY
  5
B
330
A
100
AcDbDictionary
281
1
  0
DICTIONARY
  5
C
330
A
100
AcDbDictionary
281
1
  0
DICTIONARY
  5
D
330
A
100
AcDbDictionary
281
1
  3
Model
350
1A
  3
Layout1
350
1E
  0
DICTIONARY
  5
E
330
A
100
AcDbDictionary
281
1
  3
ByBlock
350
1F
  3
ByLayer
350
20
  3
Global
350
21
  0
DICTIONARY
  5
F
330
A
100
AcDbDictionary
281
1
  3
Standard
350
2C
  0
DICTIONARY
  5
10
330
A
100
AcDbDictionary
281
1
  3
Standard
350
22
  0
DICTIONARY
  5
11
330
A
100
AcDbDictionary
281
1
  0
ACDBDICTIONARYWDFLT
  5
12
330
A
100
AcDbDictionary
281
1
  3
Normal
350
13
100
AcDbDictionaryWithDefault
340
13
  0
ACDBPLACEHOLDER
  5
13
330
12
  0
DICTIONARY
  5
14
330
A
100
AcDbDictionary
281
1
  0
DICTIONARY
  5
15
330
A
100
AcDbDictionary
281
1
  0
DICTIONARY
  5
16
330
A
100
AcDbDictionary
281
1
  3
2dWireframe
350
5A
  3
Basic
350
5B
  3
Brighten
350
5C
  3
ColorChange
350
5D
  3
Conceptual
350
5E
  3
Dim
350
5F
  3
EdgeColorOff
350
60
  3
Facepattern
350
61
  3
Flat
350
62
  3
FlatWithEdges
350
63
  3
Gouraud
350
64
  3
GouraudWithEdges
350
65
  3
Hidden
350
66
  3
JitterOff
350
67
  3
Linepattern
350
68
  3
Modeling
350
69
  3
OverhangOff
350
6A
  3
Realistic
350
6B
  3
Shaded
350
6C
  3
Shaded with edges
350
6D
  3
Shades of Gray
350
6E
  3
Sketchy
350
6F
  3
Thicken
350
70
  3
Wireframe
350
71
  3
X-Ray
350
72
  0
LAYOUT
  5
1A
330
D
100
AcDbPlotSettings
  1

  4
A3
  6

 40
7.5
 41
20.0
 42
7.5
 43
20.0
 44
420.0
 45
297.0
 46
0.0
 47
0.0
 48
0.0
 49
0.0
140
0.0
141
0.0
142
1.0
143
1.0
 70
1024
 72
1
 73
0
 74
5
  7

 75
16
 76
0
 77
2
 78
300
147
1.0
148
0.0
149
0.0
100
AcDbLayout
  1
Model
 70
1
 71
0
 10
0.0
 20
0.0
 11
420.0
 21
297.0
 12
0.0
 22
0.0
 32
0.0
 14
1e+20
 24
1e+20
 34
1e+20
 15
-1e+20
 25
-1e+20
 35
-1e+20
146
0.0
 13
0.0
 23
0.0
 33
0.0
 16
1.0
 26
0.0
 36
0.0
 17
0.0
 27
1.0
 37
0.0
 76
1
330
17
  0
LAYOUT
  5
1E
330
D
100
AcDbPlotSettings
  1

  4
A3
  6

 40
7.5
 41
20.0
 42
7.5
 43
20.0
 44
420.0
 45
297.0
 46
0.0
 47
0.0
 48
0.0
 49
0.0
140
0.0
141
0.0
142
1.0
143
1.0
 70
0
 72
1
 73
0
 74
5
  7

 75
16
 76
0
 77
2
 78
300
147
1.0
148
0.0
149
0.0
100
AcDbLayout
  1
Layout1
 70
1
 71
1
 10
0.0
 20
0.0
 11
420.0
 21
297.0
 12
0.0
 22
0.0
 32
0.0
 14
1e+20
 24
1e+20
 34
1e+20
 15
-1e+20
 25
-1e+20
 35
-1e+20
146
0.0
 13
0.0
 23
0.0
 33
0.0
 16
1.0
 26
0.0
 36
0.0
 17
0.0
 27
1.0
 37
0.0
 76
1
330
1B
  0
MATERIAL
  5
1F
102
{ACAD_REACTORS
330
E
102
}
330
E
100
AcDbMaterial
  1
ByBlock
  2

 70
0
 40
1.0
 71
1
 41
1.0
 91
-1023410177
 42
1.0
 72
1
  3

 73
1
 74
1
 75
1
 44
0.5
 73
0
 45
1.0
 46
1.0
 77
1
  4

 78
1
 79
1
170
1
 48
1.0
171
1
  6

172
1
173
1
174
1
140
1.0
141
1.0
175
1
  7

176
1
177
1
178
1
143
1.0
179
1
  8

270
1
271
1
272
1
145
1.0
146
1.0
273
1
  9

274
1
275
1
276
1
 42
1.0
 72
1
  3

 73
1
 74
1
 75
1
 94
63
  0
MATERIAL
  5
20
102
{ACAD_REACTORS
330
E
102
}
330
E
100
AcDbMaterial
  1
ByLayer
  2

 70
0
 40
1.0
 71
1
 41
1.0
 91
-1023410177
 42
1.0
 72
1
  3

 73
1
 74
1
 75
1
 44
0.5
 73
0
 45
1.0
 46
1.0
 77
1
  4

 78
1
 79
1
170
1
 48
1.0
171
1
  6

172
1
173
1
174
1
140
1.0
141
1.0
175
1
  7

176
1
177
1
178
1
143
1.0
179
1
  8

270
1
271
1
272
1
145
1.0
146
1.0
273
1
  9

274
1
275
1
276
1
 42
1.0
 72
1
  3

 73
1
 74
1
 75
1
 94
63
  0
MATERIAL
  5
21
102
{ACAD_REACTORS
330
E
102
}
330
E
100
AcDbMaterial
  1
Global
  2

 70
0
 40
1.0
 71
1
 41
1.0
 91
-1023410177
 42
1.0
 72
1
  3

 73
1
 74
1
 75
1
 44
0.5
 73
0
 45
1.0
 46
1.0
 77
1
  4

 78
1
 79
1
170
1
 48
1.0
171
1
  6

172
1
173
1
174
1
140
1.0
141
1.0
175
1
  7

176
1
177
1
178
1
143
1.0
179
1
  8

270
1
271
1
272
1
145
1.0
146
1.0
273
1
  9

274
1
275
1
276
1
 42
1.0
 72
1
  3

 73
1
 74
1
 75
1
 94
63
  0
MLINESTYLE
  5
22
102
{ACAD_REACTORS
330
10
102
}
330
10
100
AcDbMlineStyle
  2
Standard
 70
0
  3

 62
256
 51
90.0
 52
90.0
 71
2
 49
0.5
 62
256
  6
BYLAYER
 49
-0.5
 62
256
  6
BYLAYER
  0
MLEADERSTYLE
  5
2C
102
{ACAD_REACTORS
330
F
102
}
330
F
100
AcDbMLeaderStyle
179
2
170
2
171
1
172
0
 90
2
 40
0.0
 41
0.0
173
1
 91
-1056964608
 92
-2
290
1
 42
2.0
291
1
 43
8.0
  3
Standard
 44
4.0
300

342
29
174
1
175
1
176
0
178
1
 93
-1056964608
 45
4.0
292
0
297
0
 46
4.0
 94
-1056964608
 47
1.0
 49
1.0
140
1.0
294
1
141
0.0
177
0
142
1.0
295
0
296
0
143
3.75
271
0
272
9
273
9
  0
DICTIONARY
  5
2D
330
A
100
AcDbDictionary
280
1
281
1
  3
CREATED_BY_EZDXF
350
2E
  3
WRITTEN_BY_EZDXF
350
1A7
  0
DICTIONARYVAR
  5
2E
330
2D
100
DictionaryVariables
280
0
  1
1.4.4 @ 2026-09-22T20:03:29.613219+00:00
  0
VISUALSTYLE
  5
5A
102
{ACAD_REACTORS
330
16
102
}
330
16
100
AcDbVisualStyle
  2
2dWireframe
 70
4
177
3
291
0
 70
58
 90
2
176
1
 90
2
176
1
 90
0
176
1
 90
0
176
1
 40
0.6
176
1
 40
30.0
176
1
 62
7
420
16777215
176
1
 90
1
176
1
 90
4
176
1
 62
7
176
1
 62
257
176
1
 90
1
176
1
 90
1
176
1
 40
1.0
176
1
 90
8
176
1
 62
7
176
1
 40
1.0
176
1
 90
1
176
1
 90
6
176
1
 90
2
176
1
 62
7
176
1
 90
5
176
1
 90
0
176
1
 90
0
176
1
290
0
176
1
 90
1
176
1
 40
0.0
176
1
 90
0
176
1
290
1
176
1
290
1
176
1
290
0
176
1
290
0
176
1
290
0
176
1
290
0
176
1
290
0
176
1
290
0
176
1
290
0
176
1
 90
50
176
1
 40
0.0
176
1
 40
1.0
176
1
 90
0
176
1
 62
18
420
0
176
1
 90
50
176
1
 90
3
176
1
 62
5
420
255
176
1
290
0
176
1
 90
50
176
1
 90
50
176
1
 90
50
176
1
290
0
176
1
 90
50
176
1
 62
256
176
0
 40
1.0
176
0
 90
2
176
1
  1
strokes_ogs.tif
176
1
290
0
176
1
 40
1.0
176
1
 40
1.0
176
1
  0
VISUALSTYLE
  5
5B
102
{ACAD_REACTORS
330
16
102
}
330
16
100
AcDbVisualStyle
  2
Basic
 70
7
177
3
291
1
 70
58
 90
2
176
1
 90
2
176
1
 90
0
176
1
 90
1
176
1
 40
0.6
176
1
 40
30.0
176
1
 62
7
420
16777215
176
1
 90
1
176
1
 90
4
176
1
 62
7
176
1
 62
257
176
1
 90
1
176
1
 90
1
176
1
 40
1.0
176
1
 90
8
176
1
 62
7
176
1
 40
1.0
176
1
 90
1
176
1
 90
6
176
1
 90
2
176
1
 62
7
176
1
 90
5
176
1
 90
0
176
1
 90
0
176
1
290
0
176
1
 90
1
176
1
 40
0.0
176
1
 90
0
176
1
290
0
176
1
290
1
176
1
290
1
176
1
290
0
176
1
290
0
176
1
290
0
176
1
290
0
176
1
290
0
176
1
290
0
176
1
 90
50
176
1
 40
0.0
176
1
 40
1.0
176
1
 90
0
176
1
 62
18
420
0
176
1
 90
50
176
1
 90
3
176
1
 62
5
420
255
176
1
290
0
176
1
 90
50
176
1
 90
50
176
1
 90
50
176
1
290
0
176
1
 90
50
176
1
 62
256
176
0
 40
1.0
176
0
 90
2
176
1
  1
strokes_ogs.tif
176
1
290
0
176
1
 40
1.0
176
1
 40
1.0
176
1
  0
VISUALSTYLE
  5
5C
102
{ACAD_REACTORS
330
16
102
}
330
16
100
AcDbVisualStyle
  2
Brighten
 70
12
177
3
291
1
 70
58
 90
2
176
1
 90
2
176
1
 90
0
176
1
 90
2
176
1
 40
0.6
176
1
 40
30.0
176
1
 62
7
420
16777215
176
1
 90
1
176
1
 90
4
176
1
 62
7
176
1
 62
257
176
1
 90
1
176
1
 90
1
176
1
 40
1.0
176
1
 90
8
176
1
 62
7
176
1
 40
1.0
176
1
 90
1
176
1
 90
6
176
1
 90
2
176
1
 62
7
176
1
 90
5
176
1
 90
0
176
1
 90
0
176
1
290
0
176
1
 90
1
176
1
 40
0.0
176
1
 90
0
176
1
290
0
176
1
290
1
176
1
290
1
176
1
290
0
176
1
290
0
176
1
290
0
176
1
290
0
176
1
290
0
176
1
290
0
176
1
 90
50
176
1
 40
0.0
176
1
 40
1.0
176
1
 90
0
176
1
 62
18
420
0
176
1
 90
50
176
1
 90
3
176
1
 62
5
420
255
176
1
290
0
176
1
 90
50
176
1
 90
50
176
1
 90
50
176
1
290
0
176
1
 90
50
176
1
 62
256
176
0
 40
1.0
176
0
 90
2
176
1
  1
strokes_ogs.tif
176
1
290
0
176
1
 40
1.0
176
1
 40
1.0
176
1
  0
VISUALSTYLE
  5
5D
102
{ACAD_REACTORS
330
16
102
}
330
16
100
AcDbVisualStyle
  2
ColorChange
 70
16
177
3
291
1
 70
58
 90
2
176
1
 90
2
176
1
 90
0
176
1
 90
2
176
1
 40
0.6
176
1
 40
30.0
176
1
 62
7
420
16777215
176
1
 90
1
176
1
 90
4
176
1
 62
7
176
1
 62
257
176
1
 90
1
176
1
 90
1
176
1
 40
1.0
176
1
 90
8
176
1
 62
7
176
1
 40
1.0
176
1
 90
1
176
1
 90
6
176
1
 90
2
176
1
 62
7
176
1
 90
5
176
1
 90
0
176
1
 90
0
176
1
290
0
176
1
 90
1
176
1
 40
0.0
176
1
 90
0
176
1
290
0
176
1
290
1
176
1
290
1
176
1
290
0
176
1
290
0
176
1
290
0
176
1
290
0
176
1
290
0
176
1
290
0
176
1
 90
50
176
1
 40
0.0
176
1
 40
1.0
176
1
 90
0
176
1
 62
18
420
0
176
1
 90
50
176
1
 90
3
176
1
 62
5
420
255
176
1
290
0
176
1
 90
50
176
1
 90
50
176
1
 90
50
176
1
290
0
176
1
 90
50
176
1
 62
256
176
0
 40
1.0
176
0
 90
2
176
1
  1
strokes_ogs.tif
176
1
290
0
176
1
 40
1.0
176
1
 40
1.0
176
1
  0
VISUALSTYLE
  5
5E
102
{ACAD_REACTORS
330
16
102
}
330
16
100
AcDbVisualStyle
  2
Conceptual
 70
9
177
3
291
0
 70
58
 90
2
176
1
 90
2
176
1
 90
0
176
1
 90
3
176
1
 40
0.6
176
1
 40
30.0
176
1
 62
7
420
16777215
176
1
 90
1
176
1
 90
4
176
1
 62
7
176
1
 62
257
176
1
 90
1
176
1
 90
1
176
1
 40
1.0
176
1
 90
8
176
1
 62
7
176
1
 40
1.0
176
1
 90
1
176
1
 90
6
176
1
 90
2
176
1
 62
7
176
1
 90
5
176
1
 90
0
176
1
 90
0
176
1
290
0
176
1
 90
1
176
1
 40
0.0
176
1
 90
0
176
1
290
0
176
1
290
1
176
1
290
1
176
1
290
0
176
1
290
0
176
1
290
0
176
1
290
0
176
1
290
0
176
1
290
0
176
1
 90
50
176
1
 40
0.0
176
1
 40
1.0
176
1
 90
0
176
1
 62
18
420
0
176
1
 90
50
176
1
 90
3
176
1
 62
5
420
255
176
1
290
0
176
1
 90
50
176
1
 90
50
176
1
 90
50
176
1
290
0
176
1
 90
50
176
1
 62
256
176
0
 40
1.0
176
0
 90
2
176
1
  1
strokes_ogs.tif
176
1
290
0
176
1
 40
1.0
176
1
 40
1.0
176
1
  0
VISUALSTYLE
  5
5F
102
{ACAD_REACTORS
330
16
102
}
330
16
100
AcDbVisualStyle
  2
Dim
 70
11
177
3
291
1
 70
58
 90
2
176
1
 90
2
176
1
 90
0
176
1
 90
2
176
1
 40
0.6
176
1
 40
30.0
176
1
 62
7
420
16777215
176
1
 90
1
176
1
 90
4
176
1
 62
7
176
1
 62
257
176
1
 90
1
176
1
 90
1
176
1
 40
1.0
176
1
 90
8
176
1
 62
7
176
1
 40
1.0
176
1
 90
1
176
1
 90
6
176
1
 90
2
176
1
 62
7
176
1
 90
5
176
1
 90
0
176
1
 90
0
176
1
290
0
176
1
 90
1
176
1
 40
0.0
176
1
 90
0
176
1
290
0
176
1
290
1
176
1
290
1
176
1
290
0
176
1
290
0
176
1
290
0
176
1
290
0
176
1
290
0
176
1
290
0
176
1
 90
50
176
1
 40
0.0
176
1
 40
1.0
176
1
 90
0
176
1
 62
18
420
0
176
1
 90
50
176
1
 90
3
176
1
 62
5
420
255
176
1
290
0
176
1
 90
50
176
1
 90
50
176
1
 90
50
176
1
290
0
176
1
 90
50
176
1
 62
256
176
0
 40
1.0
176
0
 90
2
176
1
  1
strokes_ogs.tif
176
1
290
0
176
1
 40
1.0
176
1
 40
1.0
176
1
  0
VISUALSTYLE
  5
60
102
{ACAD_REACTORS
330
16
102
}
330
16
100
AcDbVisualStyle
  2
EdgeColorOff
 70
22
177
3
291
1
 70
58
 90
2
176
1
 90
2
176
1
 90
0
176
1
 90
2
176
1
 40
0.6
176
1
 40
30.0
176
1
 62
7
420
16777215
176
1
 90
1
176
1
 90
4
176
1
 62
7
176
1
 62
257
176
1
 90
1
176
1
 90
1
176
1
 40
1.0
176
1
 90
8
176
1
 62
7
176
1
 40
1.0
176
1
 90
1
176
1
 90
6
176
1
 90
2
176
1
 62
7
176
1
 90
5
176
1
 90
0
176
1
 90
0
176
1
290
0
176
1
 90
1
176
1
 40
0.0
176
1
 90
0
176
1
290
0
176
1
290
1
176
1
290
1
176
1
290
0
176
1
290
0
176
1
290
0
176
1
290
0
176
1
290
0
176
1
290
0
176
1
 90
50
176
1
 40
0.0
176
1
 40
1.0
176
1
 90
0
176
1
 62
18
420
0
176
1
 90
50
176
1
 90
3
176
1
 62
5
420
255
176
1
290
0
176
1
 90
50
176
1
 90
50
176
1
 90
50
176
1
290
0
176
1
 90
50
176
1
 62
256
176
0
 40
1.0
176
0
 90
2
176
1
  1
strokes_ogs.tif
176
1
290
0
176
1
 40
1.0
176
1
 40
1.0
176
1
  0
VISUALSTYLE
  5
61
102
{ACAD_REACTORS
330
16
102
}
330
16
100
AcDbVisualStyle
  2
Facepattern
 70
15
177
3
291
1
 70
58
 90
2
176
1
 90
2
176
1
 90
0
176
1
 90
2
176
1
 40
0.6
176
1
 40
30.0
176
1
 62
7
420
16777215
176
1
 90
1
176
1
 90
4
176
1
 62
7
176
1
 62
257
176
1
 90
1
176
1
 90
1
176
1
 40
1.0
176
1
 90
8
176
1
 62
7
176
1
 40
1.0
176
1
 90
1
176
1
 90
6
176
1
 90
2
176
1
 62
7
176
1
 90
5
176
1
 90
0
176
1
 90
0
176
1
290
0
176
1
 90
1
176
1
 40
0.0
176
1
 90
0
176
1
290
0
176
1
290
1
176
1
290
1
176
1
290
0
176
1
290
0
176
1
290
0
176
1
290
0
176
1
290
0
176
1
290
0
176
1
 90
50
176
1
 40
0.0
176
1
 40
1.0
176
1
 90
0
176
1
 62
18
420
0
176
1
 90
50
176
1
 90
3
176
1
 62
5
420
255
176
1
290
0
176
1
 90
50
176
1
 90
50
176
1
 90
50
176
1
290
0
176
1
 90
50
176
1
 62
256
176
0
 40
1.0
176
0
 90
2
176
1
  1
strokes_ogs.tif
176
1
290
0
176
1
 40
1.0
176
1
 40
1.0
176
1
  0
VISUALSTYLE
  5
62
102
{ACAD_REACTORS
330
16
102
}
330
16
100
AcDbVisualStyle
  2
Flat
 70
0
177
3
291
1
 70
58
 90
2
176
1
 90
2
176
1
 90
0
176
1
 90
2
176
1
 40
0.6
176
1
 40
30.0
176
1
 62
7
420
16777215
176
1
 90
1
176
1
 90
4
176
1
 62
7
176
1
 62
257
176
1
 90
1
176
1
 90
1
176
1
 40
1.0
176
1
 90
8
176
1
 62
7
176
1
 40
1.0
176
1
 90
1
176
1
 90
6
176
1
 90
2
176
1
 62
7
176
1
 90
5
176
1
 90
0
176
1
 90
0
176
1
290
0
176
1
 90
1
176
1
 40
0.0
176
1
 90
0
176
1
290
0
176
1
290
1
176
1
290
1
176
1
290
0
176
1
290
0
176
1
290
0
176
1
290
0
176
1
290
0
176
1
290
0
176
1
 90
50
176
1
 40
0.0
176
1
 40
1.0
176
1
 90
0
176
1
 62
18
420
0
176
1
 90
50
176
1
 90
3
176
1
 62
5
420
255
176
1
290
0
176
1
 90
50
176
1
 90
50
176
1
 90
50
176
1
290
0
176
1
 90
50
176
1
 62
256
176
0
 40
1.0
176
0
 90
2
176
1
  1
strokes_ogs.tif
176
1
290
0
176
1
 40
1.0
176
1
 40
1.0
176
1
  0
VISUALSTYLE
  5
63
102
{ACAD_REACTORS
330
16
102
}
330
16
100
AcDbVisualStyle
  2
FlatWithEdges
 70
1
177
3
291
1
 70
58
 90
2
176
1
 90
2
176
1
 90
0
176
1
 90
2
176
1
 40
0.6
176
1
 40
30.0
176
1
 62
7
420
16777215
176
1
 90
1
176
1
 90
4
176
1
 62
7
176
1
 62
257
176
1
 90
1
176
1
 90
1
176
1
 40
1.0
176
1
 90
8
176
1
 62
7
176
1
 40
1.0
176
1
 90
1
176
1
 90
6
176
1
 90
2
176
1
 62
7
176
1
 90
5
176
1
 90
0
176
1
 90
0
176
1
290
0
176
1
 90
1
176
1
 40
0.0
176
1
 90
0
176
1
290
0
176
1
290
1
176
1
290
1
176
1
290
0
176
1
290
0
176
1
290
0
176
1
290
0
176
1
290
0
176
1
290
0
176
1
 90
50
176
1
 40
0.0
176
1
 40
1.0
176
1
 90
0
176
1
 62
18
420
0
176
1
 90
50
176
1
 90
3
176
1
 62
5
420
255
176
1
290
0
176
1
 90
50
176
1
 90
50
176
1
 90
50
176
1
290
0
176
1
 90
50
176
1
 62
256
176
0
 40
1.0
176
0
 90
2
176
1
  1
strokes_ogs.tif
176
1
290
0
176
1
 40
1.0
176
1
 40
1.0
176
1
  0
VISUALSTYLE
  5
64
102
{ACAD_REACTORS
330
16
102
}
330
16
100
AcDbVisualStyle
  2
Gouraud
 70
2
177
3
291
1
 70
58
 90
2
176
1
 90
2
176
1
 90
0
176
1
 90
2
176
1
 40
0.6
176
1
 40
30.0
176
1
 62
7
420
16777215
176
1
 90
1
176
1
 90
4
176
1
 62
7
176
1
 62
257
176
1
 90
1
176
1
 90
1
176
1
 40
1.0
176
1
 90
8
176
1
 62
7
176
1
 40
1.0
176
1
 90
1
176
1
 90
6
176
1
 90
2
176
1
 62
7
176
1
 90
5
176
1
 90
0
176
1
 90
0
176
1
290
0
176
1
 90
1
176
1
 40
0.0
176
1
 90
0
176
1
290
0
176
1
290
1
176
1
290
1
176
1
290
0
176
1
290
0
176
1
290
0
176
1
290
0
176
1
290
0
176
1
290
0
176
1
 90
50
176
1
 40
0.0
176
1
 40
1.0
176
1
 90
0
176
1
 62
18
420
0
176
1
 90
50
176
1
 90
3
176
1
 62
5
420
255
176
1
290
0
176
1
 90
50
176
1
 90
50
176
1
 90
50
176
1
290
0
176
1
 90
50
176
1
 62
256
176
0
 40
1.0
176
0
 90
2
176
1
  1
strokes_ogs.tif
176
1
290
0
176
1
 40
1.0
176
1
 40
1.0
176
1
  0
VISUALSTYLE
  5
65
102
{ACAD_REACTORS
330
16
102
}
330
16
100
AcDbVisualStyle
  2
GouraudWithEdges
 70
3
177
3
291
1
 70
58
 90
2
176
1
 90
2
176
1
 90
0
176
1
 90
2
176
1
 40
0.6
176
1
 40
30.0
176
1
 62
7
420
16777215
176
1
 90
1
176
1
 90
4
176
1
 62
7
176
1
 62
257
176
1
 90
1
176
1
 90
1
176
1
 40
1.0
176
1
 90
8
176
1
 62
7
176
1
 40
1.0
176
1
 90
1
176
1
 90
6
176
1
 90
2
176
1
 62
7
176
1
 90
5
176
1
 90
0
176
1
 90
0
176
1
290
0
176
1
 90
1
176
1
 40
0.0
176
1
 90
0
176
1
290
0
176
1
290
1
176
1
290
1
176
1
290
0
176
1
290
0
176
1
290
0
176
1
290
0
176
1
290
0
176
1
290
0
176
1
 90
50
176
1
 40
0.0
176
1
 40
1.0
176
1
 90
0
176
1
 62
18
420
0
176
1
 90
50
176
1
 90
3
176
1
 62
5
420
255
176
1
290
0
176
1
 90
50
176
1
 90
50
176
1
 90
50
176
1
290
0
176
1
 90
50
176
1
 62
256
176
0
 40
1.0
176
0
 90
2
176
1
  1
strokes_ogs.tif
176
1
290
0
176
1
 40
1.0
176
1
 40
1.0
176
1
  0
VISUALSTYLE
  5
66
102
{ACAD_REACTORS
330
16
102
}
330
16
100
AcDbVisualStyle
  2
Hidden
 70
6
177
3
291
0
 70
58
 90
2
176
1
 90
2
176
1
 90
0
176
1
 90
1
176
1
 40
0.6
176
1
 40
30.0
176
1
 62
7
420
16777215
176
1
 90
1
176
1
 90
4
176
1
 62
7
176
1
 62
257
176
1
 90
1
176
1
 90
1
176
1
 40
1.0
176
1
 90
8
176
1
 62
7
176
1
 40
1.0
176
1
 90
1
176
1
 90
6
176
1
 90
2
176
1
 62
7
176
1
 90
5
176
1
 90
0
176
1
 90
0
176
1
290
0
176
1
 90
1
176
1
 40
0.0
176
1
 90
0
176
1
290
0
176
1
290
1
176
1
290
1
176
1
290
0
176
1
290
0
176
1
290
0
176
1
290
0
176
1
290
0
176
1
290
0
176
1
 90
50
176
1
 40
0.0
176
1
 40
1.0
176
1
 90
0
176
1
 62
18
420
0
176
1
 90
50
176
1
 90
3
176
1
 62
5
420
255
176
1
290
0
176
1
 90
50
176
1
 90
50
176
1
 90
50
176
1
290
0
176
1
 90
50
176
1
 62
256
176
0
 40
1.0
176
0
 90
2
176
1
  1
strokes_ogs.tif
176
1
290
0
176
1
 40
1.0
176
1
 40
1.0
176
1
  0
VISUALSTYLE
  5
67
102
{ACAD_REACTORS
330
16
102
}
330
16
100
AcDbVisualStyle
  2
JitterOff
 70
20
177
3
291
1
 70
58
 90
2
176
1
 90
2
176
1
 90
0
176
1
 90
2
176
1
 40
0.6
176
1
 40
30.0
176
1
 62
7
420
16777215
176
1
 90
1
176
1
 90
4
176
1
 62
7
176
1
 62
257
176
1
 90
1
176
1
 90
1
176
1
 40
1.0
176
1
 90
8
176
1
 62
7
176
1
 40
1.0
176
1
 90
1
176
1
 90
6
176
1
 90
2
176
1
 62
7
176
1
 90
5
176
1
 90
0
176
1
 90
0
176
1
290
0
176
1
 90
1
176
1
 40
0.0
176
1
 90
0
176
1
290
0
176
1
290
1
176
1
290
1
176
1
290
0
176
1
290
0
176
1
290
0
176
1
290
0
176
1
290
0
176
1
290
0
176
1
 90
50
176
1
 40
0.0
176
1
 40
1.0
176
1
 90
0
176
1
 62
18
420
0
176
1
 90
50
176
1
 90
3
176
1
 62
5
420
255
176
1
290
0
176
1
 90
50
176
1
 90
50
176
1
 90
50
176
1
290
0
176
1
 90
50
176
1
 62
256
176
0
 40
1.0
176
0
 90
2
176
1
  1
strokes_ogs.tif
176
1
290
0
176
1
 40
1.0
176
1
 40
1.0
176
1
  0
VISUALSTYLE
  5
68
102
{ACAD_REACTORS
330
16
102
}
330
16
100
AcDbVisualStyle
  2
Linepattern
 70
14
177
3
291
1
 70
58
 90
2
176
1
 90
2
176
1
 90
0
176
1
 90
2
176
1
 40
0.6
176
1
 40
30.0
176
1
 62
7
420
16777215
176
1
 90
1
176
1
 90
4
176
1
 62
7
176
1
 62
257
176
1
 90
1
176
1
 90
1
176
1
 40
1.0
176
1
 90
8
176
1
 62
7
176
1
 40
1.0
176
1
 90
1
176
1
 90
6
176
1
 90
2
176
1
 62
7
176
1
 90
5
176
1
 90
0
176
1
 90
0
176
1
290
0
176
1
 90
1
176
1
 40
0.0
176
1
 90
0
176
1
290
0
176
1
290
1
176
1
290
1
176
1
290
0
176
1
290
0
176
1
290
0
176
1
290
0
176
1
290
0
176
1
290
0
176
1
 90
50
176
1
 40
0.0
176
1
 40
1.0
176
1
 90
0
176
1
 62
18
420
0
176
1
 90
50
176
1
 90
3
176
1
 62
5
420
255
176
1
290
0
176
1
 90
50
176
1
 90
50
176
1
 90
50
176
1
290
0
176
1
 90
50
176
1
 62
256
176
0
 40
1.0
176
0
 90
2
176
1
  1
strokes_ogs.tif
176
1
290
0
176
1
 40
1.0
176
1
 40
1.0
176
1
  0
VISUALSTYLE
  5
69
102
{ACAD_REACTORS
330
16
102
}
330
16
100
AcDbVisualStyle
  2
Modeling
 70
10
177
3
291
0
 70
58
 90
2
176
1
 90
2
176
1
 90
0
176
1
 90
2
176
1
 40
0.6
176
1
 40
30.0
176
1
 62
7
420
16777215
176
1
 90
1
176
1
 90
4
176
1
 62
7
176
1
 62
257
176
1
 90
1
176
1
 90
1
176
1
 40
1.0
176
1
 90
8
176
1
 62
7
176
1
 40
1.0
176
1
 90
1
176
1
 90
6
176
1
 90
2
176
1
 62
7
176
1
 90
5
176
1
 90
0
176
1
 90
0
176
1
290
0
176
1
 90
1
176
1
 40
0.0
176
1
 90
0
176
1
290
0
176
1
290
1
176
1
290
1
176
1
290
0
176
1
290
0
176
1
290
0
176
1
290
0
176
1
290
0
176
1
290
0
176
1
 90
50
176
1
 40
0.0
176
1
 40
1.0
176
1
 90
0
176
1
 62
18
420
0
176
1
 90
50
176
1
 90
3
176
1
 62
5
420
255
176
1
290
0
176
1
 90
50
176
1
 90
50
176
1
 90
50
176
1
290
0
176
1
 90
50
176
1
 62
256
176
0
 40
1.0
176
0
 90
2
176
1
  1
strokes_ogs.tif
176
1
290
0
176
1
 40
1.0
176
1
 40
1.0
176
1
  0
VISUALSTYLE
  5
6A
102
{ACAD_REACTORS
330
16
102
}
330
16
100
AcDbVisualStyle
  2
OverhangOff
 70
21
177
3
291
1
 70
58
 90
2
176
1
 90
2
176
1
 90
0
176
1
 90
2
176
1
 40
0.6
176
1
 40
30.0
176
1
 62
7
420
16777215
176
1
 90
1
176
1
 90
4
176
1
 62
7
176
1
 62
257
176
1
 90
1
176
1
 90
1
176
1
 40
1.0
176
1
 90
8
176
1
 62
7
176
1
 40
1.0
176
1
 90
1
176
1
 90
6
176
1
 90
2
176
1
 62
7
176
1
 90
5
176
1
 90
0
176
1
 90
0
176
1
290
0
176
1
 90
1
176
1
 40
0.0
176
1
 90
0
176
1
290
0
176
1
290
1
176
1
290
1
176
1
290
0
176
1
290
0
176
1
290
0
176
1
290
0
176
1
290
0
176
1
290
0
176
1
 90
50
176
1
 40
0.0
176
1
 40
1.0
176
1
 90
0
176
1
 62
18
420
0
176
1
 90
50
176
1
 90
3
176
1
 62
5
420
255
176
1
290
0
176
1
 90
50
176
1
 90
50
176
1
 90
50
176
1
290
0
176
1
 90
50
176
1
 62
256
176
0
 40
1.0
176
0
 90
2
176
1
  1
strokes_ogs.tif
176
1
290
0
176
1
 40
1.0
176
1
 40
1.0
176
1
  0
VISUALSTYLE
  5
6B
102
{ACAD_REACTORS
330
16
102
}
330
16
100
AcDbVisualStyle
  2
Realistic
 70
8
177
3
291
0
 70
58
 90
2
176
1
 90
2
176
1
 90
0
176
1
 90
2
176
1
 40
0.6
176
1
 40
30.0
176
1
 62
7
420
16777215
176
1
 90
1
176
1
 90
4
176
1
 62
7
176
1
 62
257
176
1
 90
1
176
1
 90
1
176
1
 40
1.0
176
1
 90
8
176
1
 62
7
176
1
 40
1.0
176
1
 90
1
176
1
 90
6
176
1
 90
2
176
1
 62
7
176
1
 90
5
176
1
 90
0
176
1
 90
0
176
1
290
0
176
1
 90
1
176
1
 40
0.0
176
1
 90
0
176
1
290
0
176
1
290
1
176
1
290
1
176
1
290
0
176
1
290
0
176
1
290
0
176
1
290
0
176
1
290
0
176
1
290
0
176
1
 90
50
176
1
 40
0.0
176
1
 40
1.0
176
1
 90
0
176
1
 62
18
420
0
176
1
 90
50
176
1
 90
3
176
1
 62
5
420
255
176
1
290
0
176
1
 90
50
176
1
 90
50
176
1
 90
50
176
1
290
0
176
1
 90
50
176
1
 62
256
176
0
 40
1.0
176
0
 90
2
176
1
  1
strokes_ogs.tif
176
1
290
0
176
1
 40
1.0
176
1
 40
1.0
176
1
  0
VISUALSTYLE
  5
6C
102
{ACAD_REACTORS
330
16
102
}
330
16
100
AcDbVisualStyle
  2
Shaded
 70
27
177
3
291
0
 70
58
 90
2
176
1
 90
2
176
1
 90
0
176
1
 90
2
176
1
 40
0.6
176
1
 40
30.0
176
1
 62
7
420
16777215
176
1
 90
1
176
1
 90
4
176
1
 62
7
176
1
 62
257
176
1
 90
1
176
1
 90
1
176
1
 40
1.0
176
1
 90
8
176
1
 62
7
176
1
 40
1.0
176
1
 90
1
176
1
 90
6
176
1
 90
2
176
1
 62
7
176
1
 90
5
176
1
 90
0
176
1
 90
0
176
1
290
0
176
1
 90
1
176
1
 40
0.0
176
1
 90
0
176
1
290
0
176
1
290
1
176
1
290
1
176
1
290
0
176
1
290
0
176
1
290
0
176
1
290
0
176
1
290
0
176
1
290
0
176
1
 90
50
176
1
 40
0.0
176
1
 40
1.0
176
1
 90
0
176
1
 62
18
420
0
176
1
 90
50
176
1
 90
3
176
1
 62
5
420
255
176
1
290
0
176
1
 90
50
176
1
 90
50
176
1
 90
50
176
1
290
0
176
1
 90
50
176
1
 62
256
176
0
 40
1.0
176
0
 90
2
176
1
  1
strokes_ogs.tif
176
1
290
0
176
1
 40
1.0
176
1
 40
1.0
176
1
  0
VISUALSTYLE
  5
6D
102
{ACAD_REACTORS
330
16
102
}
330
16
100
AcDbVisualStyle
  2
Shaded with edges
 70
26
177
3
291
0
 70
58
 90
2
176
1
 90
2
176
1
 90
0
176
1
 90
2
176
1
 40
0.6
176
1
 40
30.0
176
1
 62
7
420
16777215
176
1
 90
1
176
1
 90
4
176
1
 62
7
176
1
 62
257
176
1
 90
1
176
1
 90
1
176
1
 40
1.0
176
1
 90
8
176
1
 62
7
176
1
 40
1.0
176
1
 90
1
176
1
 90
6
176
1
 90
2
176
1
 62
7
176
1
 90
5
176
1
 90
0
176
1
 90
0
176
1
290
0
176
1
 90
1
176
1
 40
0.0
176
1
 90
0
176
1
290
0
176
1
290
1
176
1
290
1
176
1
290
0
176
1
290
0
176
1
290
0
176
1
290
0
176
1
290
0
176
1
290
0
176
1
 90
50
176
1
 40
0.0
176
1
 40
1.0
176
1
 90
0
176
1
 62
18
420
0
176
1
 90
50
176
1
 90
3
176
1
 62
5
420
255
176
1
290
0
176
1
 90
50
176
1
 90
50
176
1
 90
50
176
1
290
0
176
1
 90
50
176
1
 62
256
176
0
 40
1.0
176
0
 90
2
176
1
  1
strokes_ogs.tif
176
1
290
0
176
1
 40
1.0
176
1
 40
1.0
176
1
  0
VISUALSTYLE
  5
6E
102
{ACAD_REACTORS
330
16
102
}
330
16
100
AcDbVisualStyle
  2
Shades of Gray
 70
23
177
3
291
0
 70
58
 90
2
176
1
 90
2
176
1
 90
0
176
1
 90
2
176
1
 40
0.6
176
1
 40
30.0
176
1
 62
7
420
16777215
176
1
 90
1
176
1
 90
4
176
1
 62
7
176
1
 62
257
176
1
 90
1
176
1
 90
1
176
1
 40
1.0
176
1
 90
8
176
1
 62
7
176
1
 40
1.0
176
1
 90
1
176
1
 90
6
176
1
 90
2
176
1
 62
7
176
1
 90
5
176
1
 90
0
176
1
 90
0
176
1
290
0
176
1
 90
1
176
1
 40
0.0
176
1
 90
0
176
1
290
0
176
1
290
1
176
1
290
1
176
1
290
0
176
1
290
0
176
1
290
0
176
1
290
0
176
1
290
0
176
1
290
0
176
1
 90
50
176
1
 40
0.0
176
1
 40
1.0
176
1
 90
0
176
1
 62
18
420
0
176
1
 90
50
176
1
 90
3
176
1
 62
5
420
255
176
1
290
0
176
1
 90
50
176
1
 90
50
176
1
 90
50
176
1
290
0
176
1
 90
50
176
1
 62
256
176
0
 40
1.0
176
0
 90
2
176
1
  1
strokes_ogs.tif
176
1
290
0
176
1
 40
1.0
176
1
 40
1.0
176
1
  0
VISUALSTYLE
  5
6F
102
{ACAD_REACTORS
330
16
102
}
330
16
100
AcDbVisualStyle
  2
Sketchy
 70
24
177
3
291
0
 70
58
 90
2
176
1
 90
2
176
1
 90
0
176
1
 90
1
176
1
 40
0.6
176
1
 40
30.0
176
1
 62
7
420
16777215
176
1
 90
1
176
1
 90
4
176
1
 62
7
176
1
 62
257
176
1
 90
1
176
1
 90
1
176
1
 40
1.0
176
1
 90
8
176
1
 62
7
176
1
 40
1.0
176
1
 90
1
176
1
 90
6
176
1
 90
2
176
1
 62
7
176
1
 90
5
176
1
 90
0
176
1
 90
0
176
1
290
0
176
1
 90
1
176
1
 40
0.0
176
1
 90
0
176
1
290
0
176
1
290
1
176
1
290
1
176
1
290
0
176
1
290
0
176
1
290
0
176
1
290
0
176
1
290
0
176
1
290
0
176
1
 90
50
176
1
 40
0.0
176
1
 40
1.0
176
1
 90
0
176
1
 62
18
420
0
176
1
 90
50
176
1
 90
3
176
1
 62
5
420
255
176
1
290
0
176
1
 90
50
176
1
 90
50
176
1
 90
50
176
1
290
0
176
1
 90
50
176
1
 62
256
176
0
 40
1.0
176
0
 90
2
176
1
  1
strokes_ogs.tif
176
1
290
0
176
1
 40
1.0
176
1
 40
1.0
176
1
  0
VISUALSTYLE
  5
70
102
{ACAD_REACTORS
330
16
102
}
330
16
100
AcDbVisualStyle
  2
Thicken
 70
13
177
3
291
1
 70
58
 90
2
176
1
 90
2
176
1
 90
0
176
1
 90
2
176
1
 40
0.6
176
1
 40
30.0
176
1
 62
7
420
16777215
176
1
 90
1
176
1
 90
4
176
1
 62
7
176
1
 62
257
176
1
 90
1
176
1
 90
1
176
1
 40
1.0
176
1
 90
8
176
1
 62
7
176
1
 40
1.0
176
1
 90
1
176
1
 90
6
176
1
 90
2
176
1
 62
7
176
1
 90
5
176
1
 90
0
176
1
 90
0
176
1
290
0
176
1
 90
1
176
1
 40
0.0
176
1
 90
0
176
1
290
0
176
1
290
1
176
1
290
1
176
1
290
0
176
1
290
0
176
1
290
0
176
1
290
0
176
1
290
0
176
1
290
0
176
1
 90
50
176
1
 40
0.0
176
1
 40
1.0
176
1
 90
0
176
1
 62
18
420
0
176
1
 90
50
176
1
 90
3
176
1
 62
5
420
255
176
1
290
0
176
1
 90
50
176
1
 90
50
176
1
 90
50
176
1
290
0
176
1
 90
50
176
1
 62
256
176
0
 40
1.0
176
0
 90
2
176
1
  1
strokes_ogs.tif
176
1
290
0
176
1
 40
1.0
176
1
 40
1.0
176
1
  0
VISUALSTYLE
  5
71
102
{ACAD_REACTORS
330
16
102
}
330
16
100
AcDbVisualStyle
  2
Wireframe
 70
5
177
3
291
0
 70
58
 90
2
176
1
 90
2
176
1
 90
0
176
1
 90
0
176
1
 40
0.6
176
1
 40
30.0
176
1
 62
7
420
16777215
176
1
 90
1
176
1
 90
4
176
1
 62
7
176
1
 62
257
176
1
 90
1
176
1
 90
1
176
1
 40
1.0
176
1
 90
8
176
1
 62
7
176
1
 40
1.0
176
1
 90
1
176
1
 90
6
176
1
 90
2
176
1
 62
7
176
1
 90
5
176
1
 90
0
176
1
 90
0
176
1
290
0
176
1
 90
1
176
1
 40
0.0
176
1
 90
0
176
1
290
0
176
1
290
1
176
1
290
1
176
1
290
0
176
1
290
0
176
1
290
0
176
1
290
0
176
1
290
0
176
1
290
0
176
1
 90
50
176
1
 40
0.0
176
1
 40
1.0
176
1
 90
0
176
1
 62
18
420
0
176
1
 90
50
176
1
 90
3
176
1
 62
5
420
255
176
1
290
0
176
1
 90
50
176
1
 90
50
176
1
 90
50
176
1
290
0
176
1
 90
50
176
1
 62
256
176
0
 40
1.0
176
0
 90
2
176
1
  1
strokes_ogs.tif
176
1
290
0
176
1
 40
1.0
176
1
 40
1.0
176
1
  0
VISUALSTYLE
  5
72
102
{ACAD_REACTORS
330
16
102
}
330
16
100
AcDbVisualStyle
  2
X-Ray
 70
25
177
3
291
0
 70
58
 90
2
176
1
 90
2
176
1
 90
0
176
1
 90
2
176
1
 40
0.5
176
1
 40
30.0
176
1
 62
7
420
16777215
176
1
 90
1
176
1
 90
4
176
1
 62
7
176
1
 62
257
176
1
 90
1
176
1
 90
1
176
1
 40
1.0
176
1
 90
8
176
1
 62
7
176
1
 40
1.0
176
1
 90
1
176
1
 90
6
176
1
 90
2
176
1
 62
7
176
1
 90
5
176
1
 90
0
176
1
 90
0
176
1
290
0
176
1
 90
1
176
1
 40
0.0
176
1
 90
0
176
1
290
0
176
1
290
1
176
1
290
1
176
1
290
0
176
1
290
0
176
1
290
0
176
1
290
0
176
1
290
0
176
1
290
0
176
1
 90
50
176
1
 40
0.0
176
1
 40
1.0
176
1
 90
0
176
1
 62
18
420
0
176
1
 90
50
176
1
 90
3
176
1
 62
5
420
255
176
1
290
0
176
1
 90
50
176
1
 90
50
176
1
 90
50
176
1
290
0
176
1
 90
50
176
1
 62
256
176
0
 40
1.0
176
0
 90
2
176
1
  1
strokes_ogs.tif
176
1
290
0
176
1
 40
1.0
176
1
 40
1.0
176
1
  0
DICTIONARYVAR
  5
1A7
330
2D
100
DictionaryVariables
280
0
  1
1.4.4 @ 2026-09-22T20:03:29.729103+00:00
  0
ENDSEC
  0
EOF
