ISO-10303-21;
HEADER;
FILE_DESCRIPTION(('Open CASCADE Model'),'2;1');
FILE_NAME('VG-2026.46.01 core','2026-09-24T02:44:36',('Author'),(
    'Open CASCADE'),'Open CASCADE STEP processor 8.0','build123d',
  'Unknown');
FILE_SCHEMA(('AUTOMOTIVE_DESIGN { 1 0 10303 214 1 1 1 1 }'));
ENDSEC;
DATA;
#1 = APPLICATION_PROTOCOL_DEFINITION('international standard',
  'automotive_design',2000,#2);
#2 = APPLICATION_CONTEXT(
  'core data for automotive mechanical design processes');
#3 = SHAPE_DEFINITION_REPRESENTATION(#4,#10);
#4 = PRODUCT_DEFINITION_SHAPE('','',#5);
#5 = PRODUCT_DEFINITION('design','',#6,#9);
#6 = PRODUCT_DEFINITION_FORMATION('','',#7);
#7 = PRODUCT('VG-2026.46.01 core','VG-2026.46.01 core','',(#8));
#8 = PRODUCT_CONTEXT('',#2,'mechanical');
#9 = PRODUCT_DEFINITION_CONTEXT('part definition',#2,'design');
#10 = SHAPE_REPRESENTATION('',(#11,#15,#113),#3860);
#11 = AXIS2_PLACEMENT_3D('',#12,#13,#14);
#12 = CARTESIAN_POINT('',(0.,0.,0.));
#13 = DIRECTION('',(0.,0.,1.));
#14 = DIRECTION('',(1.,0.,-0.));
#15 = MANIFOLD_SOLID_BREP('',#16);
#16 = CLOSED_SHELL('',(#17,#105,#109));
#17 = ADVANCED_FACE('',(#18),#31,.T.);
#18 = FACE_BOUND('',#19,.T.);
#19 = EDGE_LOOP('',(#20,#54,#77,#104));
#20 = ORIENTED_EDGE('',*,*,#21,.F.);
#21 = EDGE_CURVE('',#22,#22,#24,.T.);
#22 = VERTEX_POINT('',#23);
#23 = CARTESIAN_POINT('',(13.,-3.184081677783E-15,50.));
#24 = SURFACE_CURVE('',#25,(#30,#42),.PCURVE_S1.);
#25 = CIRCLE('',#26,13.);
#26 = AXIS2_PLACEMENT_3D('',#27,#28,#29);
#27 = CARTESIAN_POINT('',(0.,0.,50.));
#28 = DIRECTION('',(0.,0.,1.));
#29 = DIRECTION('',(1.,0.,-0.));
#30 = PCURVE('',#31,#36);
#31 = CYLINDRICAL_SURFACE('',#32,13.);
#32 = AXIS2_PLACEMENT_3D('',#33,#34,#35);
#33 = CARTESIAN_POINT('',(0.,0.,-63.));
#34 = DIRECTION('',(0.,0.,1.));
#35 = DIRECTION('',(1.,0.,-0.));
#36 = DEFINITIONAL_REPRESENTATION('',(#37),#41);
#37 = LINE('',#38,#39);
#38 = CARTESIAN_POINT('',(0.,113.));
#39 = VECTOR('',#40,1.);
#40 = DIRECTION('',(1.,0.));
#41 = ( GEOMETRIC_REPRESENTATION_CONTEXT(2) 
PARAMETRIC_REPRESENTATION_CONTEXT() REPRESENTATION_CONTEXT('2D SPACE',''
  ) );
#42 = PCURVE('',#43,#48);
#43 = PLANE('',#44);
#44 = AXIS2_PLACEMENT_3D('',#45,#46,#47);
#45 = CARTESIAN_POINT('',(0.,0.,50.));
#46 = DIRECTION('',(0.,0.,1.));
#47 = DIRECTION('',(1.,0.,-0.));
#48 = DEFINITIONAL_REPRESENTATION('',(#49),#53);
#49 = CIRCLE('',#50,13.);
#50 = AXIS2_PLACEMENT_2D('',#51,#52);
#51 = CARTESIAN_POINT('',(0.,0.));
#52 = DIRECTION('',(1.,0.));
#53 = ( GEOMETRIC_REPRESENTATION_CONTEXT(2) 
PARAMETRIC_REPRESENTATION_CONTEXT() REPRESENTATION_CONTEXT('2D SPACE',''
  ) );
#54 = ORIENTED_EDGE('',*,*,#55,.F.);
#55 = EDGE_CURVE('',#56,#22,#58,.T.);
#56 = VERTEX_POINT('',#57);
#57 = CARTESIAN_POINT('',(13.,-3.184081677783E-15,-63.));
#58 = SEAM_CURVE('',#59,(#63,#70),.PCURVE_S1.);
#59 = LINE('',#60,#61);
#60 = CARTESIAN_POINT('',(13.,-3.184081677783E-15,-63.));
#61 = VECTOR('',#62,1.);
#62 = DIRECTION('',(0.,0.,1.));
#63 = PCURVE('',#31,#64);
#64 = DEFINITIONAL_REPRESENTATION('',(#65),#69);
#65 = LINE('',#66,#67);
#66 = CARTESIAN_POINT('',(6.28318530718,-0.));
#67 = VECTOR('',#68,1.);
#68 = DIRECTION('',(0.,1.));
#69 = ( GEOMETRIC_REPRESENTATION_CONTEXT(2) 
PARAMETRIC_REPRESENTATION_CONTEXT() REPRESENTATION_CONTEXT('2D SPACE',''
  ) );
#70 = PCURVE('',#31,#71);
#71 = DEFINITIONAL_REPRESENTATION('',(#72),#76);
#72 = LINE('',#73,#74);
#73 = CARTESIAN_POINT('',(0.,-0.));
#74 = VECTOR('',#75,1.);
#75 = DIRECTION('',(0.,1.));
#76 = ( GEOMETRIC_REPRESENTATION_CONTEXT(2) 
PARAMETRIC_REPRESENTATION_CONTEXT() REPRESENTATION_CONTEXT('2D SPACE',''
  ) );
#77 = ORIENTED_EDGE('',*,*,#78,.T.);
#78 = EDGE_CURVE('',#56,#56,#79,.T.);
#79 = SURFACE_CURVE('',#80,(#85,#92),.PCURVE_S1.);
#80 = CIRCLE('',#81,13.);
#81 = AXIS2_PLACEMENT_3D('',#82,#83,#84);
#82 = CARTESIAN_POINT('',(0.,0.,-63.));
#83 = DIRECTION('',(0.,0.,1.));
#84 = DIRECTION('',(1.,0.,-0.));
#85 = PCURVE('',#31,#86);
#86 = DEFINITIONAL_REPRESENTATION('',(#87),#91);
#87 = LINE('',#88,#89);
#88 = CARTESIAN_POINT('',(0.,0.));
#89 = VECTOR('',#90,1.);
#90 = DIRECTION('',(1.,0.));
#91 = ( GEOMETRIC_REPRESENTATION_CONTEXT(2) 
PARAMETRIC_REPRESENTATION_CONTEXT() REPRESENTATION_CONTEXT('2D SPACE',''
  ) );
#92 = PCURVE('',#93,#98);
#93 = PLANE('',#94);
#94 = AXIS2_PLACEMENT_3D('',#95,#96,#97);
#95 = CARTESIAN_POINT('',(0.,0.,-63.));
#96 = DIRECTION('',(0.,0.,1.));
#97 = DIRECTION('',(1.,0.,-0.));
#98 = DEFINITIONAL_REPRESENTATION('',(#99),#103);
#99 = CIRCLE('',#100,13.);
#100 = AXIS2_PLACEMENT_2D('',#101,#102);
#101 = CARTESIAN_POINT('',(0.,0.));
#102 = DIRECTION('',(1.,0.));
#103 = ( GEOMETRIC_REPRESENTATION_CONTEXT(2) 
PARAMETRIC_REPRESENTATION_CONTEXT() REPRESENTATION_CONTEXT('2D SPACE',''
  ) );
#104 = ORIENTED_EDGE('',*,*,#55,.T.);
#105 = ADVANCED_FACE('',(#106),#43,.T.);
#106 = FACE_BOUND('',#107,.T.);
#107 = EDGE_LOOP('',(#108));
#108 = ORIENTED_EDGE('',*,*,#21,.T.);
#109 = ADVANCED_FACE('',(#110),#93,.F.);
#110 = FACE_BOUND('',#111,.T.);
#111 = EDGE_LOOP('',(#112));
#112 = ORIENTED_EDGE('',*,*,#78,.F.);
#113 = MANIFOLD_SOLID_BREP('',#114);
#114 = CLOSED_SHELL('',(#115,#329,#762,#894,#1441,#1490,#2028,#2181,
    #2292,#2318,#2345,#2351,#2383,#2388,#2533,#2644,#2670,#2697,#2703,
    #2730,#3268,#3819,#3846,#3853));
#115 = ADVANCED_FACE('',(#116),#130,.T.);
#116 = FACE_BOUND('',#117,.T.);
#117 = EDGE_LOOP('',(#118,#151,#180,#226,#252,#298));
#118 = ORIENTED_EDGE('',*,*,#119,.F.);
#119 = EDGE_CURVE('',#120,#122,#124,.T.);
#120 = VERTEX_POINT('',#121);
#121 = CARTESIAN_POINT('',(21.908902300207,-58.,-31.));
#122 = VERTEX_POINT('',#123);
#123 = CARTESIAN_POINT('',(21.908902300206,-58.,-16.));
#124 = SURFACE_CURVE('',#125,(#129,#140),.PCURVE_S1.);
#125 = LINE('',#126,#127);
#126 = CARTESIAN_POINT('',(21.908902300207,-58.,-31.));
#127 = VECTOR('',#128,1.);
#128 = DIRECTION('',(0.,0.,1.));
#129 = PCURVE('',#130,#135);
#130 = CYLINDRICAL_SURFACE('',#131,62.);
#131 = AXIS2_PLACEMENT_3D('',#132,#133,#134);
#132 = CARTESIAN_POINT('',(0.,0.,-31.));
#133 = DIRECTION('',(0.,0.,1.));
#134 = DIRECTION('',(1.,0.,-0.));
#135 = DEFINITIONAL_REPRESENTATION('',(#136),#139);
#136 = B_SPLINE_CURVE_WITH_KNOTS('',1,(#137,#138),.UNSPECIFIED.,.F.,.F.,
  (2,2),(0.,15.),.PIECEWISE_BEZIER_KNOTS.);
#137 = CARTESIAN_POINT('',(5.073559408766,0.));
#138 = CARTESIAN_POINT('',(5.073559408766,15.));
#139 = ( GEOMETRIC_REPRESENTATION_CONTEXT(2) 
PARAMETRIC_REPRESENTATION_CONTEXT() REPRESENTATION_CONTEXT('2D SPACE',''
  ) );
#140 = PCURVE('',#141,#146);
#141 = PLANE('',#142);
#142 = AXIS2_PLACEMENT_3D('',#143,#144,#145);
#143 = CARTESIAN_POINT('',(-55.,-58.,-46.));
#144 = DIRECTION('',(-0.,1.,0.));
#145 = DIRECTION('',(0.,0.,1.));
#146 = DEFINITIONAL_REPRESENTATION('',(#147),#150);
#147 = B_SPLINE_CURVE_WITH_KNOTS('',1,(#148,#149),.UNSPECIFIED.,.F.,.F.,
  (2,2),(-2.399999999625E-06,15.0000024),.PIECEWISE_BEZIER_KNOTS.);
#148 = CARTESIAN_POINT('',(14.9999976,76.908902300207));
#149 = CARTESIAN_POINT('',(30.0000024,76.908902300207));
#150 = ( GEOMETRIC_REPRESENTATION_CONTEXT(2) 
PARAMETRIC_REPRESENTATION_CONTEXT() REPRESENTATION_CONTEXT('2D SPACE',''
  ) );
#151 = ORIENTED_EDGE('',*,*,#152,.T.);
#152 = EDGE_CURVE('',#120,#153,#155,.T.);
#153 = VERTEX_POINT('',#154);
#154 = CARTESIAN_POINT('',(47.046656468566,-40.3808384649,-31.));
#155 = SURFACE_CURVE('',#156,(#161,#168),.PCURVE_S1.);
#156 = CIRCLE('',#157,62.);
#157 = AXIS2_PLACEMENT_3D('',#158,#159,#160);
#158 = CARTESIAN_POINT('',(0.,0.,-31.));
#159 = DIRECTION('',(0.,0.,1.));
#160 = DIRECTION('',(0.353369391939,-0.935483870968,0.));
#161 = PCURVE('',#130,#162);
#162 = DEFINITIONAL_REPRESENTATION('',(#163),#167);
#163 = LINE('',#164,#165);
#164 = CARTESIAN_POINT('',(5.073559408766,0.));
#165 = VECTOR('',#166,1.);
#166 = DIRECTION('',(1.,0.));
#167 = ( GEOMETRIC_REPRESENTATION_CONTEXT(2) 
PARAMETRIC_REPRESENTATION_CONTEXT() REPRESENTATION_CONTEXT('2D SPACE',''
  ) );
#168 = PCURVE('',#169,#174);
#169 = PLANE('',#170);
#170 = AXIS2_PLACEMENT_3D('',#171,#172,#173);
#171 = CARTESIAN_POINT('',(0.,0.,-31.));
#172 = DIRECTION('',(0.,0.,1.));
#173 = DIRECTION('',(1.,0.,-0.));
#174 = DEFINITIONAL_REPRESENTATION('',(#175),#179);
#175 = CIRCLE('',#176,62.);
#176 = AXIS2_PLACEMENT_2D('',#177,#178);
#177 = CARTESIAN_POINT('',(0.,0.));
#178 = DIRECTION('',(0.353369391939,-0.935483870968));
#179 = ( GEOMETRIC_REPRESENTATION_CONTEXT(2) 
PARAMETRIC_REPRESENTATION_CONTEXT() REPRESENTATION_CONTEXT('2D SPACE',''
  ) );
#180 = ORIENTED_EDGE('',*,*,#181,.T.);
#181 = EDGE_CURVE('',#153,#182,#184,.T.);
#182 = VERTEX_POINT('',#183);
#183 = CARTESIAN_POINT('',(47.694090878854,-39.61405931282,-30.));
#184 = SURFACE_CURVE('',#185,(#195,#208),.PCURVE_S1.);
#185 = B_SPLINE_CURVE_WITH_KNOTS('',8,(#186,#187,#188,#189,#190,#191,
    #192,#193,#194),.UNSPECIFIED.,.F.,.F.,(9,9),(0.,1.),
  .PIECEWISE_BEZIER_KNOTS.);
#186 = CARTESIAN_POINT('',(47.046656468566,-40.3808384649,-31.));
#187 = CARTESIAN_POINT('',(47.194466229102,-40.20862918716,-31.));
#188 = CARTESIAN_POINT('',(47.332692517428,-40.04612764434,
    -30.94147900418));
#189 = CARTESIAN_POINT('',(47.45286416808,-39.90350973278,
    -30.83678013143));
#190 = CARTESIAN_POINT('',(47.550841406269,-39.78635344803,
    -30.69715927613));
#191 = CARTESIAN_POINT('',(47.62403028614,-39.69840974627,
    -30.53340612345));
#192 = CARTESIAN_POINT('',(47.671641990768,-39.64108714673,
    -30.35596661371));
#193 = CARTESIAN_POINT('',(47.694090878854,-39.61405931282,
    -30.17496486105));
#194 = CARTESIAN_POINT('',(47.694090878854,-39.61405931282,-30.));
#195 = PCURVE('',#130,#196);
#196 = DEFINITIONAL_REPRESENTATION('',(#197),#207);
#197 = B_SPLINE_CURVE_WITH_KNOTS('',8,(#198,#199,#200,#201,#202,#203,
    #204,#205,#206),.UNSPECIFIED.,.F.,.F.,(9,9),(0.,1.),
  .PIECEWISE_BEZIER_KNOTS.);
#198 = CARTESIAN_POINT('',(5.573883873165,0.));
#199 = CARTESIAN_POINT('',(5.577544266711,1.568244212074E-15));
#200 = CARTESIAN_POINT('',(5.580985174063,5.852099581408E-02));
#201 = CARTESIAN_POINT('',(5.583993138171,0.163219868567));
#202 = CARTESIAN_POINT('',(5.586456440882,0.302840723861));
#203 = CARTESIAN_POINT('',(5.588301837641,0.466593876548));
#204 = CARTESIAN_POINT('',(5.589503721508,0.644033386283));
#205 = CARTESIAN_POINT('',(5.590070412365,0.825035138944));
#206 = CARTESIAN_POINT('',(5.590070412365,1.));
#207 = ( GEOMETRIC_REPRESENTATION_CONTEXT(2) 
PARAMETRIC_REPRESENTATION_CONTEXT() REPRESENTATION_CONTEXT('2D SPACE',''
  ) );
#208 = PCURVE('',#209,#214);
#209 = CYLINDRICAL_SURFACE('',#210,1.);
#210 = AXIS2_PLACEMENT_3D('',#211,#212,#213);
#211 = CARTESIAN_POINT('',(67.372924784847,-60.70710678118,-30.));
#212 = DIRECTION('',(0.707106781187,-0.707106781187,0.));
#213 = DIRECTION('',(0.707106781187,0.707106781187,0.));
#214 = DEFINITIONAL_REPRESENTATION('',(#215),#225);
#215 = B_SPLINE_CURVE_WITH_KNOTS('',8,(#216,#217,#218,#219,#220,#221,
    #222,#223,#224),.UNSPECIFIED.,.F.,.F.,(9,9),(0.,1.),
  .PIECEWISE_BEZIER_KNOTS.);
#216 = CARTESIAN_POINT('',(4.712388980385,-28.74568432532));
#217 = CARTESIAN_POINT('',(4.938676612461,-28.76293738939));
#218 = CARTESIAN_POINT('',(5.151326140007,-28.78010258645));
#219 = CARTESIAN_POINT('',(5.354783096084,-28.79597448975));
#220 = CARTESIAN_POINT('',(5.551018242816,-28.80953612364));
#221 = CARTESIAN_POINT('',(5.741617482892,-28.81996935825));
#222 = CARTESIAN_POINT('',(5.927218469627,-28.82683599789));
#223 = CARTESIAN_POINT('',(6.108220446123,-28.83007380154));
#224 = CARTESIAN_POINT('',(6.28318530718,-28.83007380154));
#225 = ( GEOMETRIC_REPRESENTATION_CONTEXT(2) 
PARAMETRIC_REPRESENTATION_CONTEXT() REPRESENTATION_CONTEXT('2D SPACE',''
  ) );
#226 = ORIENTED_EDGE('',*,*,#227,.T.);
#227 = EDGE_CURVE('',#182,#228,#230,.T.);
#228 = VERTEX_POINT('',#229);
#229 = CARTESIAN_POINT('',(47.694090878854,-39.61405931282,-17.));
#230 = SURFACE_CURVE('',#231,(#235,#241),.PCURVE_S1.);
#231 = LINE('',#232,#233);
#232 = CARTESIAN_POINT('',(47.694090878854,-39.61405931282,-31.));
#233 = VECTOR('',#234,1.);
#234 = DIRECTION('',(0.,0.,1.));
#235 = PCURVE('',#130,#236);
#236 = DEFINITIONAL_REPRESENTATION('',(#237),#240);
#237 = B_SPLINE_CURVE_WITH_KNOTS('',1,(#238,#239),.UNSPECIFIED.,.F.,.F.,
  (2,2),(-5.999999999062E-07,15.0000006),.PIECEWISE_BEZIER_KNOTS.);
#238 = CARTESIAN_POINT('',(5.590070412365,-5.999999999062E-07));
#239 = CARTESIAN_POINT('',(5.590070412365,15.0000006));
#240 = ( GEOMETRIC_REPRESENTATION_CONTEXT(2) 
PARAMETRIC_REPRESENTATION_CONTEXT() REPRESENTATION_CONTEXT('2D SPACE',''
  ) );
#241 = PCURVE('',#242,#247);
#242 = PLANE('',#243);
#243 = AXIS2_PLACEMENT_3D('',#244,#245,#246);
#244 = CARTESIAN_POINT('',(68.080031566034,-60.,46.));
#245 = DIRECTION('',(-0.707106781187,-0.707106781187,0.));
#246 = DIRECTION('',(0.707106781187,-0.707106781187,0.));
#247 = DEFINITIONAL_REPRESENTATION('',(#248),#251);
#248 = B_SPLINE_CURVE_WITH_KNOTS('',1,(#249,#250),.UNSPECIFIED.,.F.,.F.,
  (2,2),(-5.999999999062E-07,15.0000006),.PIECEWISE_BEZIER_KNOTS.);
#249 = CARTESIAN_POINT('',(-28.83007380154,-77.0000006));
#250 = CARTESIAN_POINT('',(-28.83007380154,-61.9999994));
#251 = ( GEOMETRIC_REPRESENTATION_CONTEXT(2) 
PARAMETRIC_REPRESENTATION_CONTEXT() REPRESENTATION_CONTEXT('2D SPACE',''
  ) );
#252 = ORIENTED_EDGE('',*,*,#253,.F.);
#253 = EDGE_CURVE('',#254,#228,#256,.T.);
#254 = VERTEX_POINT('',#255);
#255 = CARTESIAN_POINT('',(47.046656468566,-40.3808384649,-16.));
#256 = SURFACE_CURVE('',#257,(#267,#280),.PCURVE_S1.);
#257 = B_SPLINE_CURVE_WITH_KNOTS('',8,(#258,#259,#260,#261,#262,#263,
    #264,#265,#266),.UNSPECIFIED.,.F.,.F.,(9,9),(0.,1.),
  .PIECEWISE_BEZIER_KNOTS.);
#258 = CARTESIAN_POINT('',(47.046656468566,-40.3808384649,-16.));
#259 = CARTESIAN_POINT('',(47.194466229101,-40.20862918716,-16.));
#260 = CARTESIAN_POINT('',(47.332692517431,-40.04612764434,
    -16.05852099581));
#261 = CARTESIAN_POINT('',(47.452864168078,-39.90350973279,
    -16.16321986857));
#262 = CARTESIAN_POINT('',(47.550841406269,-39.78635344803,
    -16.30284072385));
#263 = CARTESIAN_POINT('',(47.62403028614,-39.69840974627,
    -16.46659387654));
#264 = CARTESIAN_POINT('',(47.671641990768,-39.64108714673,
    -16.64403338628));
#265 = CARTESIAN_POINT('',(47.694090878854,-39.61405931282,
    -16.82503513894));
#266 = CARTESIAN_POINT('',(47.694090878854,-39.61405931282,-17.));
#267 = PCURVE('',#130,#268);
#268 = DEFINITIONAL_REPRESENTATION('',(#269),#279);
#269 = B_SPLINE_CURVE_WITH_KNOTS('',8,(#270,#271,#272,#273,#274,#275,
    #276,#277,#278),.UNSPECIFIED.,.F.,.F.,(9,9),(0.,1.),
  .PIECEWISE_BEZIER_KNOTS.);
#270 = CARTESIAN_POINT('',(5.573883873165,15.));
#271 = CARTESIAN_POINT('',(5.577544266711,15.));
#272 = CARTESIAN_POINT('',(5.580985174063,14.941479004187));
#273 = CARTESIAN_POINT('',(5.583993138171,14.83678013143));
#274 = CARTESIAN_POINT('',(5.586456440882,14.697159276142));
#275 = CARTESIAN_POINT('',(5.588301837641,14.533406123452));
#276 = CARTESIAN_POINT('',(5.589503721508,14.355966613714));
#277 = CARTESIAN_POINT('',(5.590070412365,14.174964861057));
#278 = CARTESIAN_POINT('',(5.590070412365,14.));
#279 = ( GEOMETRIC_REPRESENTATION_CONTEXT(2) 
PARAMETRIC_REPRESENTATION_CONTEXT() REPRESENTATION_CONTEXT('2D SPACE',''
  ) );
#280 = PCURVE('',#281,#286);
#281 = CYLINDRICAL_SURFACE('',#282,1.);
#282 = AXIS2_PLACEMENT_3D('',#283,#284,#285);
#283 = CARTESIAN_POINT('',(67.372924784847,-60.70710678118,-17.));
#284 = DIRECTION('',(-0.707106781187,0.707106781187,0.));
#285 = DIRECTION('',(-0.707106781187,-0.707106781187,0.));
#286 = DEFINITIONAL_REPRESENTATION('',(#287),#297);
#287 = B_SPLINE_CURVE_WITH_KNOTS('',8,(#288,#289,#290,#291,#292,#293,
    #294,#295,#296),.UNSPECIFIED.,.F.,.F.,(9,9),(0.,1.),
  .PIECEWISE_BEZIER_KNOTS.);
#288 = CARTESIAN_POINT('',(1.570796326795,28.74568432532));
#289 = CARTESIAN_POINT('',(1.797083958869,28.762937389393));
#290 = CARTESIAN_POINT('',(2.009733486422,28.780102586457));
#291 = CARTESIAN_POINT('',(2.213190442491,28.795974489757));
#292 = CARTESIAN_POINT('',(2.409425589227,28.809536123642));
#293 = CARTESIAN_POINT('',(2.600024829301,28.819969358251));
#294 = CARTESIAN_POINT('',(2.78562581604,28.826835997898));
#295 = CARTESIAN_POINT('',(2.966627792532,28.830073801543));
#296 = CARTESIAN_POINT('',(3.14159265359,28.830073801543));
#297 = ( GEOMETRIC_REPRESENTATION_CONTEXT(2) 
PARAMETRIC_REPRESENTATION_CONTEXT() REPRESENTATION_CONTEXT('2D SPACE',''
  ) );
#298 = ORIENTED_EDGE('',*,*,#299,.T.);
#299 = EDGE_CURVE('',#254,#122,#300,.T.);
#300 = SURFACE_CURVE('',#301,(#306,#313),.PCURVE_S1.);
#301 = CIRCLE('',#302,62.);
#302 = AXIS2_PLACEMENT_3D('',#303,#304,#305);
#303 = CARTESIAN_POINT('',(0.,0.,-16.));
#304 = DIRECTION('',(0.,0.,-1.));
#305 = DIRECTION('',(0.758817039816,-0.651303846208,0.));
#306 = PCURVE('',#130,#307);
#307 = DEFINITIONAL_REPRESENTATION('',(#308),#312);
#308 = LINE('',#309,#310);
#309 = CARTESIAN_POINT('',(5.573883873165,15.));
#310 = VECTOR('',#311,1.);
#311 = DIRECTION('',(-1.,-0.));
#312 = ( GEOMETRIC_REPRESENTATION_CONTEXT(2) 
PARAMETRIC_REPRESENTATION_CONTEXT() REPRESENTATION_CONTEXT('2D SPACE',''
  ) );
#313 = PCURVE('',#314,#319);
#314 = PLANE('',#315);
#315 = AXIS2_PLACEMENT_3D('',#316,#317,#318);
#316 = CARTESIAN_POINT('',(0.,0.,-16.));
#317 = DIRECTION('',(0.,0.,1.));
#318 = DIRECTION('',(1.,0.,-0.));
#319 = DEFINITIONAL_REPRESENTATION('',(#320),#328);
#320 = ( BOUNDED_CURVE() B_SPLINE_CURVE(2,(#321,#322,#323,#324,#325,#326
,#327),.UNSPECIFIED.,.T.,.F.) B_SPLINE_CURVE_WITH_KNOTS((1,2,2,2,2,1),(
    -2.094395102393,0.,2.094395102393,4.188790204786,6.28318530718,
8.377580409573),.UNSPECIFIED.) CURVE() GEOMETRIC_REPRESENTATION_ITEM() 
RATIONAL_B_SPLINE_CURVE((1.,0.5,1.,0.5,1.,0.5,1.)) REPRESENTATION_ITEM(
  '') );
#321 = CARTESIAN_POINT('',(47.046656468566,-40.3808384649));
#322 = CARTESIAN_POINT('',(-22.89500740488,-121.8680377947));
#323 = CARTESIAN_POINT('',(-58.494160171,-20.55318043244));
#324 = CARTESIAN_POINT('',(-94.09331293713,80.761676929809));
#325 = CARTESIAN_POINT('',(11.44750370244,60.93401889735));
#326 = CARTESIAN_POINT('',(116.98832034201,41.106360864892));
#327 = CARTESIAN_POINT('',(47.046656468566,-40.3808384649));
#328 = ( GEOMETRIC_REPRESENTATION_CONTEXT(2) 
PARAMETRIC_REPRESENTATION_CONTEXT() REPRESENTATION_CONTEXT('2D SPACE',''
  ) );
#329 = ADVANCED_FACE('',(#330),#141,.T.);
#330 = FACE_BOUND('',#331,.T.);
#331 = EDGE_LOOP('',(#332,#362,#390,#418,#444,#470,#496,#519,#542,#568,
    #594,#620,#639,#640,#663,#686,#712,#738));
#332 = ORIENTED_EDGE('',*,*,#333,.F.);
#333 = EDGE_CURVE('',#334,#336,#338,.T.);
#334 = VERTEX_POINT('',#335);
#335 = CARTESIAN_POINT('',(55.,-58.,-46.));
#336 = VERTEX_POINT('',#337);
#337 = CARTESIAN_POINT('',(55.,-58.,-43.));
#338 = SURFACE_CURVE('',#339,(#343,#350),.PCURVE_S1.);
#339 = LINE('',#340,#341);
#340 = CARTESIAN_POINT('',(55.,-58.,-46.));
#341 = VECTOR('',#342,1.);
#342 = DIRECTION('',(0.,0.,1.));
#343 = PCURVE('',#141,#344);
#344 = DEFINITIONAL_REPRESENTATION('',(#345),#349);
#345 = LINE('',#346,#347);
#346 = CARTESIAN_POINT('',(0.,110.));
#347 = VECTOR('',#348,1.);
#348 = DIRECTION('',(1.,0.));
#349 = ( GEOMETRIC_REPRESENTATION_CONTEXT(2) 
PARAMETRIC_REPRESENTATION_CONTEXT() REPRESENTATION_CONTEXT('2D SPACE',''
  ) );
#350 = PCURVE('',#351,#356);
#351 = PLANE('',#352);
#352 = AXIS2_PLACEMENT_3D('',#353,#354,#355);
#353 = CARTESIAN_POINT('',(55.,-85.,-46.));
#354 = DIRECTION('',(1.,0.,-0.));
#355 = DIRECTION('',(0.,0.,1.));
#356 = DEFINITIONAL_REPRESENTATION('',(#357),#361);
#357 = LINE('',#358,#359);
#358 = CARTESIAN_POINT('',(0.,-27.));
#359 = VECTOR('',#360,1.);
#360 = DIRECTION('',(1.,0.));
#361 = ( GEOMETRIC_REPRESENTATION_CONTEXT(2) 
PARAMETRIC_REPRESENTATION_CONTEXT() REPRESENTATION_CONTEXT('2D SPACE',''
  ) );
#362 = ORIENTED_EDGE('',*,*,#363,.F.);
#363 = EDGE_CURVE('',#364,#334,#366,.T.);
#364 = VERTEX_POINT('',#365);
#365 = CARTESIAN_POINT('',(-55.,-58.,-46.));
#366 = SURFACE_CURVE('',#367,(#371,#378),.PCURVE_S1.);
#367 = LINE('',#368,#369);
#368 = CARTESIAN_POINT('',(-55.,-58.,-46.));
#369 = VECTOR('',#370,1.);
#370 = DIRECTION('',(1.,0.,-0.));
#371 = PCURVE('',#141,#372);
#372 = DEFINITIONAL_REPRESENTATION('',(#373),#377);
#373 = LINE('',#374,#375);
#374 = CARTESIAN_POINT('',(0.,0.));
#375 = VECTOR('',#376,1.);
#376 = DIRECTION('',(0.,1.));
#377 = ( GEOMETRIC_REPRESENTATION_CONTEXT(2) 
PARAMETRIC_REPRESENTATION_CONTEXT() REPRESENTATION_CONTEXT('2D SPACE',''
  ) );
#378 = PCURVE('',#379,#384);
#379 = PLANE('',#380);
#380 = AXIS2_PLACEMENT_3D('',#381,#382,#383);
#381 = CARTESIAN_POINT('',(-55.,-85.,-46.));
#382 = DIRECTION('',(0.,0.,1.));
#383 = DIRECTION('',(1.,0.,-0.));
#384 = DEFINITIONAL_REPRESENTATION('',(#385),#389);
#385 = LINE('',#386,#387);
#386 = CARTESIAN_POINT('',(0.,27.));
#387 = VECTOR('',#388,1.);
#388 = DIRECTION('',(1.,0.));
#389 = ( GEOMETRIC_REPRESENTATION_CONTEXT(2) 
PARAMETRIC_REPRESENTATION_CONTEXT() REPRESENTATION_CONTEXT('2D SPACE',''
  ) );
#390 = ORIENTED_EDGE('',*,*,#391,.T.);
#391 = EDGE_CURVE('',#364,#392,#394,.T.);
#392 = VERTEX_POINT('',#393);
#393 = CARTESIAN_POINT('',(-55.,-58.,-43.));
#394 = SURFACE_CURVE('',#395,(#399,#406),.PCURVE_S1.);
#395 = LINE('',#396,#397);
#396 = CARTESIAN_POINT('',(-55.,-58.,-46.));
#397 = VECTOR('',#398,1.);
#398 = DIRECTION('',(0.,0.,1.));
#399 = PCURVE('',#141,#400);
#400 = DEFINITIONAL_REPRESENTATION('',(#401),#405);
#401 = LINE('',#402,#403);
#402 = CARTESIAN_POINT('',(0.,0.));
#403 = VECTOR('',#404,1.);
#404 = DIRECTION('',(1.,0.));
#405 = ( GEOMETRIC_REPRESENTATION_CONTEXT(2) 
PARAMETRIC_REPRESENTATION_CONTEXT() REPRESENTATION_CONTEXT('2D SPACE',''
  ) );
#406 = PCURVE('',#407,#412);
#407 = PLANE('',#408);
#408 = AXIS2_PLACEMENT_3D('',#409,#410,#411);
#409 = CARTESIAN_POINT('',(-55.,-85.,-46.));
#410 = DIRECTION('',(1.,0.,-0.));
#411 = DIRECTION('',(0.,0.,1.));
#412 = DEFINITIONAL_REPRESENTATION('',(#413),#417);
#413 = LINE('',#414,#415);
#414 = CARTESIAN_POINT('',(0.,-27.));
#415 = VECTOR('',#416,1.);
#416 = DIRECTION('',(1.,0.));
#417 = ( GEOMETRIC_REPRESENTATION_CONTEXT(2) 
PARAMETRIC_REPRESENTATION_CONTEXT() REPRESENTATION_CONTEXT('2D SPACE',''
  ) );
#418 = ORIENTED_EDGE('',*,*,#419,.F.);
#419 = EDGE_CURVE('',#420,#392,#422,.T.);
#420 = VERTEX_POINT('',#421);
#421 = CARTESIAN_POINT('',(-52.03544568791,-58.,-43.));
#422 = SURFACE_CURVE('',#423,(#427,#433),.PCURVE_S1.);
#423 = LINE('',#424,#425);
#424 = CARTESIAN_POINT('',(2.5,-58.,-43.));
#425 = VECTOR('',#426,1.);
#426 = DIRECTION('',(-1.,-0.,5.782411586589E-17));
#427 = PCURVE('',#141,#428);
#428 = DEFINITIONAL_REPRESENTATION('',(#429),#432);
#429 = B_SPLINE_CURVE_WITH_KNOTS('',1,(#430,#431),.UNSPECIFIED.,.F.,.F.,
  (2,2),(-52.5,57.5),.PIECEWISE_BEZIER_KNOTS.);
#430 = CARTESIAN_POINT('',(3.,110.));
#431 = CARTESIAN_POINT('',(3.,0.));
#432 = ( GEOMETRIC_REPRESENTATION_CONTEXT(2) 
PARAMETRIC_REPRESENTATION_CONTEXT() REPRESENTATION_CONTEXT('2D SPACE',''
  ) );
#433 = PCURVE('',#434,#439);
#434 = PLANE('',#435);
#435 = AXIS2_PLACEMENT_3D('',#436,#437,#438);
#436 = CARTESIAN_POINT('',(60.,-98.,-43.));
#437 = DIRECTION('',(-5.782411586589E-17,0.,-1.));
#438 = DIRECTION('',(-1.,0.,5.782411586589E-17));
#439 = DEFINITIONAL_REPRESENTATION('',(#440),#443);
#440 = B_SPLINE_CURVE_WITH_KNOTS('',1,(#441,#442),.UNSPECIFIED.,.F.,.F.,
  (2,2),(-52.5,57.5),.PIECEWISE_BEZIER_KNOTS.);
#441 = CARTESIAN_POINT('',(5.,40.));
#442 = CARTESIAN_POINT('',(115.,40.));
#443 = ( GEOMETRIC_REPRESENTATION_CONTEXT(2) 
PARAMETRIC_REPRESENTATION_CONTEXT() REPRESENTATION_CONTEXT('2D SPACE',''
  ) );
#444 = ORIENTED_EDGE('',*,*,#445,.F.);
#445 = EDGE_CURVE('',#446,#420,#448,.T.);
#446 = VERTEX_POINT('',#447);
#447 = CARTESIAN_POINT('',(-52.03544568791,-58.,-31.));
#448 = SURFACE_CURVE('',#449,(#453,#459),.PCURVE_S1.);
#449 = LINE('',#450,#451);
#450 = CARTESIAN_POINT('',(-52.03544568791,-58.,0.));
#451 = VECTOR('',#452,1.);
#452 = DIRECTION('',(0.,0.,-1.));
#453 = PCURVE('',#141,#454);
#454 = DEFINITIONAL_REPRESENTATION('',(#455),#458);
#455 = B_SPLINE_CURVE_WITH_KNOTS('',1,(#456,#457),.UNSPECIFIED.,.F.,.F.,
  (2,2),(31.,45.972174553319),.PIECEWISE_BEZIER_KNOTS.);
#456 = CARTESIAN_POINT('',(15.,2.964554312087));
#457 = CARTESIAN_POINT('',(2.782544668091E-02,2.964554312087));
#458 = ( GEOMETRIC_REPRESENTATION_CONTEXT(2) 
PARAMETRIC_REPRESENTATION_CONTEXT() REPRESENTATION_CONTEXT('2D SPACE',''
  ) );
#459 = PCURVE('',#460,#465);
#460 = PLANE('',#461);
#461 = AXIS2_PLACEMENT_3D('',#462,#463,#464);
#462 = CARTESIAN_POINT('',(-44.91784360105,-42.73625306729,46.));
#463 = DIRECTION('',(0.906307787037,-0.422618261741,0.));
#464 = DIRECTION('',(0.422618261741,0.906307787037,0.));
#465 = DEFINITIONAL_REPRESENTATION('',(#466),#469);
#466 = B_SPLINE_CURVE_WITH_KNOTS('',1,(#467,#468),.UNSPECIFIED.,.F.,.F.,
  (2,2),(31.,45.972174553319),.PIECEWISE_BEZIER_KNOTS.);
#467 = CARTESIAN_POINT('',(-16.84168132618,-77.));
#468 = CARTESIAN_POINT('',(-16.84168132618,-91.97217455331));
#469 = ( GEOMETRIC_REPRESENTATION_CONTEXT(2) 
PARAMETRIC_REPRESENTATION_CONTEXT() REPRESENTATION_CONTEXT('2D SPACE',''
  ) );
#470 = ORIENTED_EDGE('',*,*,#471,.T.);
#471 = EDGE_CURVE('',#446,#472,#474,.T.);
#472 = VERTEX_POINT('',#473);
#473 = CARTESIAN_POINT('',(-55.,-58.,-31.));
#474 = SURFACE_CURVE('',#475,(#479,#485),.PCURVE_S1.);
#475 = LINE('',#476,#477);
#476 = CARTESIAN_POINT('',(-27.5,-58.,-31.));
#477 = VECTOR('',#478,1.);
#478 = DIRECTION('',(-1.,0.,-0.));
#479 = PCURVE('',#141,#480);
#480 = DEFINITIONAL_REPRESENTATION('',(#481),#484);
#481 = B_SPLINE_CURVE_WITH_KNOTS('',1,(#482,#483),.UNSPECIFIED.,.F.,.F.,
  (2,2),(-82.5,27.5),.PIECEWISE_BEZIER_KNOTS.);
#482 = CARTESIAN_POINT('',(15.,110.));
#483 = CARTESIAN_POINT('',(15.,0.));
#484 = ( GEOMETRIC_REPRESENTATION_CONTEXT(2) 
PARAMETRIC_REPRESENTATION_CONTEXT() REPRESENTATION_CONTEXT('2D SPACE',''
  ) );
#485 = PCURVE('',#486,#491);
#486 = PLANE('',#487);
#487 = AXIS2_PLACEMENT_3D('',#488,#489,#490);
#488 = CARTESIAN_POINT('',(0.,0.,-31.));
#489 = DIRECTION('',(0.,0.,-1.));
#490 = DIRECTION('',(-1.,0.,0.));
#491 = DEFINITIONAL_REPRESENTATION('',(#492),#495);
#492 = B_SPLINE_CURVE_WITH_KNOTS('',1,(#493,#494),.UNSPECIFIED.,.F.,.F.,
  (2,2),(-82.5,27.5),.PIECEWISE_BEZIER_KNOTS.);
#493 = CARTESIAN_POINT('',(-55.,-58.));
#494 = CARTESIAN_POINT('',(55.,-58.));
#495 = ( GEOMETRIC_REPRESENTATION_CONTEXT(2) 
PARAMETRIC_REPRESENTATION_CONTEXT() REPRESENTATION_CONTEXT('2D SPACE',''
  ) );
#496 = ORIENTED_EDGE('',*,*,#497,.T.);
#497 = EDGE_CURVE('',#472,#498,#500,.T.);
#498 = VERTEX_POINT('',#499);
#499 = CARTESIAN_POINT('',(-55.,-58.,-16.));
#500 = SURFACE_CURVE('',#501,(#505,#512),.PCURVE_S1.);
#501 = LINE('',#502,#503);
#502 = CARTESIAN_POINT('',(-55.,-58.,-46.));
#503 = VECTOR('',#504,1.);
#504 = DIRECTION('',(0.,0.,1.));
#505 = PCURVE('',#141,#506);
#506 = DEFINITIONAL_REPRESENTATION('',(#507),#511);
#507 = LINE('',#508,#509);
#508 = CARTESIAN_POINT('',(0.,0.));
#509 = VECTOR('',#510,1.);
#510 = DIRECTION('',(1.,0.));
#511 = ( GEOMETRIC_REPRESENTATION_CONTEXT(2) 
PARAMETRIC_REPRESENTATION_CONTEXT() REPRESENTATION_CONTEXT('2D SPACE',''
  ) );
#512 = PCURVE('',#407,#513);
#513 = DEFINITIONAL_REPRESENTATION('',(#514),#518);
#514 = LINE('',#515,#516);
#515 = CARTESIAN_POINT('',(0.,-27.));
#516 = VECTOR('',#517,1.);
#517 = DIRECTION('',(1.,0.));
#518 = ( GEOMETRIC_REPRESENTATION_CONTEXT(2) 
PARAMETRIC_REPRESENTATION_CONTEXT() REPRESENTATION_CONTEXT('2D SPACE',''
  ) );
#519 = ORIENTED_EDGE('',*,*,#520,.T.);
#520 = EDGE_CURVE('',#498,#521,#523,.T.);
#521 = VERTEX_POINT('',#522);
#522 = CARTESIAN_POINT('',(-21.9089023002,-58.,-16.));
#523 = SURFACE_CURVE('',#524,(#528,#535),.PCURVE_S1.);
#524 = LINE('',#525,#526);
#525 = CARTESIAN_POINT('',(-55.,-58.,-16.));
#526 = VECTOR('',#527,1.);
#527 = DIRECTION('',(1.,0.,-0.));
#528 = PCURVE('',#141,#529);
#529 = DEFINITIONAL_REPRESENTATION('',(#530),#534);
#530 = LINE('',#531,#532);
#531 = CARTESIAN_POINT('',(30.,0.));
#532 = VECTOR('',#533,1.);
#533 = DIRECTION('',(0.,1.));
#534 = ( GEOMETRIC_REPRESENTATION_CONTEXT(2) 
PARAMETRIC_REPRESENTATION_CONTEXT() REPRESENTATION_CONTEXT('2D SPACE',''
  ) );
#535 = PCURVE('',#314,#536);
#536 = DEFINITIONAL_REPRESENTATION('',(#537),#541);
#537 = LINE('',#538,#539);
#538 = CARTESIAN_POINT('',(-55.,-58.));
#539 = VECTOR('',#540,1.);
#540 = DIRECTION('',(1.,0.));
#541 = ( GEOMETRIC_REPRESENTATION_CONTEXT(2) 
PARAMETRIC_REPRESENTATION_CONTEXT() REPRESENTATION_CONTEXT('2D SPACE',''
  ) );
#542 = ORIENTED_EDGE('',*,*,#543,.F.);
#543 = EDGE_CURVE('',#544,#521,#546,.T.);
#544 = VERTEX_POINT('',#545);
#545 = CARTESIAN_POINT('',(-21.9089023002,-58.,-31.));
#546 = SURFACE_CURVE('',#547,(#551,#557),.PCURVE_S1.);
#547 = LINE('',#548,#549);
#548 = CARTESIAN_POINT('',(-21.9089023002,-58.,-31.));
#549 = VECTOR('',#550,1.);
#550 = DIRECTION('',(0.,0.,1.));
#551 = PCURVE('',#141,#552);
#552 = DEFINITIONAL_REPRESENTATION('',(#553),#556);
#553 = B_SPLINE_CURVE_WITH_KNOTS('',1,(#554,#555),.UNSPECIFIED.,.F.,.F.,
  (2,2),(-2.399999999625E-06,15.0000024),.PIECEWISE_BEZIER_KNOTS.);
#554 = CARTESIAN_POINT('',(14.9999976,33.091097699793));
#555 = CARTESIAN_POINT('',(30.0000024,33.091097699793));
#556 = ( GEOMETRIC_REPRESENTATION_CONTEXT(2) 
PARAMETRIC_REPRESENTATION_CONTEXT() REPRESENTATION_CONTEXT('2D SPACE',''
  ) );
#557 = PCURVE('',#558,#563);
#558 = CYLINDRICAL_SURFACE('',#559,62.);
#559 = AXIS2_PLACEMENT_3D('',#560,#561,#562);
#560 = CARTESIAN_POINT('',(0.,0.,-31.));
#561 = DIRECTION('',(0.,0.,1.));
#562 = DIRECTION('',(1.,0.,-0.));
#563 = DEFINITIONAL_REPRESENTATION('',(#564),#567);
#564 = B_SPLINE_CURVE_WITH_KNOTS('',1,(#565,#566),.UNSPECIFIED.,.F.,.F.,
  (2,2),(0.,15.),.PIECEWISE_BEZIER_KNOTS.);
#565 = CARTESIAN_POINT('',(10.634403859183,0.));
#566 = CARTESIAN_POINT('',(10.634403859183,15.));
#567 = ( GEOMETRIC_REPRESENTATION_CONTEXT(2) 
PARAMETRIC_REPRESENTATION_CONTEXT() REPRESENTATION_CONTEXT('2D SPACE',''
  ) );
#568 = ORIENTED_EDGE('',*,*,#569,.T.);
#569 = EDGE_CURVE('',#544,#570,#572,.T.);
#570 = VERTEX_POINT('',#571);
#571 = CARTESIAN_POINT('',(-21.9089023002,-58.,-43.));
#572 = SURFACE_CURVE('',#573,(#577,#583),.PCURVE_S1.);
#573 = LINE('',#574,#575);
#574 = CARTESIAN_POINT('',(-21.9089023002,-58.,46.));
#575 = VECTOR('',#576,1.);
#576 = DIRECTION('',(0.,0.,-1.));
#577 = PCURVE('',#141,#578);
#578 = DEFINITIONAL_REPRESENTATION('',(#579),#582);
#579 = B_SPLINE_CURVE_WITH_KNOTS('',1,(#580,#581),.UNSPECIFIED.,.F.,.F.,
  (2,2),(76.9999994,89.0000006),.PIECEWISE_BEZIER_KNOTS.);
#580 = CARTESIAN_POINT('',(15.0000006,33.091097699793));
#581 = CARTESIAN_POINT('',(2.9999994,33.091097699793));
#582 = ( GEOMETRIC_REPRESENTATION_CONTEXT(2) 
PARAMETRIC_REPRESENTATION_CONTEXT() REPRESENTATION_CONTEXT('2D SPACE',''
  ) );
#583 = PCURVE('',#584,#589);
#584 = CYLINDRICAL_SURFACE('',#585,62.);
#585 = AXIS2_PLACEMENT_3D('',#586,#587,#588);
#586 = CARTESIAN_POINT('',(0.,0.,46.));
#587 = DIRECTION('',(0.,0.,-1.));
#588 = DIRECTION('',(-1.,0.,0.));
#589 = DEFINITIONAL_REPRESENTATION('',(#590),#593);
#590 = B_SPLINE_CURVE_WITH_KNOTS('',1,(#591,#592),.UNSPECIFIED.,.F.,.F.,
  (2,2),(76.9999994,89.0000006),.PIECEWISE_BEZIER_KNOTS.);
#591 = CARTESIAN_POINT('',(5.073559408766,76.9999994));
#592 = CARTESIAN_POINT('',(5.073559408766,89.0000006));
#593 = ( GEOMETRIC_REPRESENTATION_CONTEXT(2) 
PARAMETRIC_REPRESENTATION_CONTEXT() REPRESENTATION_CONTEXT('2D SPACE',''
  ) );
#594 = ORIENTED_EDGE('',*,*,#595,.F.);
#595 = EDGE_CURVE('',#596,#570,#598,.T.);
#596 = VERTEX_POINT('',#597);
#597 = CARTESIAN_POINT('',(21.908902300207,-58.,-43.));
#598 = SURFACE_CURVE('',#599,(#603,#609),.PCURVE_S1.);
#599 = LINE('',#600,#601);
#600 = CARTESIAN_POINT('',(2.5,-58.,-43.));
#601 = VECTOR('',#602,1.);
#602 = DIRECTION('',(-1.,-0.,5.782411586589E-17));
#603 = PCURVE('',#141,#604);
#604 = DEFINITIONAL_REPRESENTATION('',(#605),#608);
#605 = B_SPLINE_CURVE_WITH_KNOTS('',1,(#606,#607),.UNSPECIFIED.,.F.,.F.,
  (2,2),(-52.5,57.5),.PIECEWISE_BEZIER_KNOTS.);
#606 = CARTESIAN_POINT('',(3.,110.));
#607 = CARTESIAN_POINT('',(3.,0.));
#608 = ( GEOMETRIC_REPRESENTATION_CONTEXT(2) 
PARAMETRIC_REPRESENTATION_CONTEXT() REPRESENTATION_CONTEXT('2D SPACE',''
  ) );
#609 = PCURVE('',#610,#615);
#610 = PLANE('',#611);
#611 = AXIS2_PLACEMENT_3D('',#612,#613,#614);
#612 = CARTESIAN_POINT('',(60.,-98.,-43.));
#613 = DIRECTION('',(-5.782411586589E-17,0.,-1.));
#614 = DIRECTION('',(-1.,0.,5.782411586589E-17));
#615 = DEFINITIONAL_REPRESENTATION('',(#616),#619);
#616 = B_SPLINE_CURVE_WITH_KNOTS('',1,(#617,#618),.UNSPECIFIED.,.F.,.F.,
  (2,2),(-52.5,57.5),.PIECEWISE_BEZIER_KNOTS.);
#617 = CARTESIAN_POINT('',(5.,40.));
#618 = CARTESIAN_POINT('',(115.,40.));
#619 = ( GEOMETRIC_REPRESENTATION_CONTEXT(2) 
PARAMETRIC_REPRESENTATION_CONTEXT() REPRESENTATION_CONTEXT('2D SPACE',''
  ) );
#620 = ORIENTED_EDGE('',*,*,#621,.F.);
#621 = EDGE_CURVE('',#120,#596,#622,.T.);
#622 = SURFACE_CURVE('',#623,(#627,#633),.PCURVE_S1.);
#623 = LINE('',#624,#625);
#624 = CARTESIAN_POINT('',(21.908902300207,-58.,46.));
#625 = VECTOR('',#626,1.);
#626 = DIRECTION('',(0.,0.,-1.));
#627 = PCURVE('',#141,#628);
#628 = DEFINITIONAL_REPRESENTATION('',(#629),#632);
#629 = B_SPLINE_CURVE_WITH_KNOTS('',1,(#630,#631),.UNSPECIFIED.,.F.,.F.,
  (2,2),(76.9999994,89.0000006),.PIECEWISE_BEZIER_KNOTS.);
#630 = CARTESIAN_POINT('',(15.0000006,76.908902300207));
#631 = CARTESIAN_POINT('',(2.9999994,76.908902300207));
#632 = ( GEOMETRIC_REPRESENTATION_CONTEXT(2) 
PARAMETRIC_REPRESENTATION_CONTEXT() REPRESENTATION_CONTEXT('2D SPACE',''
  ) );
#633 = PCURVE('',#584,#634);
#634 = DEFINITIONAL_REPRESENTATION('',(#635),#638);
#635 = B_SPLINE_CURVE_WITH_KNOTS('',1,(#636,#637),.UNSPECIFIED.,.F.,.F.,
  (2,2),(76.9999994,89.0000006),.PIECEWISE_BEZIER_KNOTS.);
#636 = CARTESIAN_POINT('',(4.351218552003,76.9999994));
#637 = CARTESIAN_POINT('',(4.351218552003,89.0000006));
#638 = ( GEOMETRIC_REPRESENTATION_CONTEXT(2) 
PARAMETRIC_REPRESENTATION_CONTEXT() REPRESENTATION_CONTEXT('2D SPACE',''
  ) );
#639 = ORIENTED_EDGE('',*,*,#119,.T.);
#640 = ORIENTED_EDGE('',*,*,#641,.T.);
#641 = EDGE_CURVE('',#122,#642,#644,.T.);
#642 = VERTEX_POINT('',#643);
#643 = CARTESIAN_POINT('',(55.,-58.,-16.));
#644 = SURFACE_CURVE('',#645,(#649,#656),.PCURVE_S1.);
#645 = LINE('',#646,#647);
#646 = CARTESIAN_POINT('',(-55.,-58.,-16.));
#647 = VECTOR('',#648,1.);
#648 = DIRECTION('',(1.,0.,-0.));
#649 = PCURVE('',#141,#650);
#650 = DEFINITIONAL_REPRESENTATION('',(#651),#655);
#651 = LINE('',#652,#653);
#652 = CARTESIAN_POINT('',(30.,0.));
#653 = VECTOR('',#654,1.);
#654 = DIRECTION('',(0.,1.));
#655 = ( GEOMETRIC_REPRESENTATION_CONTEXT(2) 
PARAMETRIC_REPRESENTATION_CONTEXT() REPRESENTATION_CONTEXT('2D SPACE',''
  ) );
#656 = PCURVE('',#314,#657);
#657 = DEFINITIONAL_REPRESENTATION('',(#658),#662);
#658 = LINE('',#659,#660);
#659 = CARTESIAN_POINT('',(-55.,-58.));
#660 = VECTOR('',#661,1.);
#661 = DIRECTION('',(1.,0.));
#662 = ( GEOMETRIC_REPRESENTATION_CONTEXT(2) 
PARAMETRIC_REPRESENTATION_CONTEXT() REPRESENTATION_CONTEXT('2D SPACE',''
  ) );
#663 = ORIENTED_EDGE('',*,*,#664,.F.);
#664 = EDGE_CURVE('',#665,#642,#667,.T.);
#665 = VERTEX_POINT('',#666);
#666 = CARTESIAN_POINT('',(55.,-58.,-31.));
#667 = SURFACE_CURVE('',#668,(#672,#679),.PCURVE_S1.);
#668 = LINE('',#669,#670);
#669 = CARTESIAN_POINT('',(55.,-58.,-46.));
#670 = VECTOR('',#671,1.);
#671 = DIRECTION('',(0.,0.,1.));
#672 = PCURVE('',#141,#673);
#673 = DEFINITIONAL_REPRESENTATION('',(#674),#678);
#674 = LINE('',#675,#676);
#675 = CARTESIAN_POINT('',(0.,110.));
#676 = VECTOR('',#677,1.);
#677 = DIRECTION('',(1.,0.));
#678 = ( GEOMETRIC_REPRESENTATION_CONTEXT(2) 
PARAMETRIC_REPRESENTATION_CONTEXT() REPRESENTATION_CONTEXT('2D SPACE',''
  ) );
#679 = PCURVE('',#351,#680);
#680 = DEFINITIONAL_REPRESENTATION('',(#681),#685);
#681 = LINE('',#682,#683);
#682 = CARTESIAN_POINT('',(0.,-27.));
#683 = VECTOR('',#684,1.);
#684 = DIRECTION('',(1.,0.));
#685 = ( GEOMETRIC_REPRESENTATION_CONTEXT(2) 
PARAMETRIC_REPRESENTATION_CONTEXT() REPRESENTATION_CONTEXT('2D SPACE',''
  ) );
#686 = ORIENTED_EDGE('',*,*,#687,.T.);
#687 = EDGE_CURVE('',#665,#688,#690,.T.);
#688 = VERTEX_POINT('',#689);
#689 = CARTESIAN_POINT('',(52.035445687913,-58.,-31.));
#690 = SURFACE_CURVE('',#691,(#695,#701),.PCURVE_S1.);
#691 = LINE('',#692,#693);
#692 = CARTESIAN_POINT('',(-27.5,-58.,-31.));
#693 = VECTOR('',#694,1.);
#694 = DIRECTION('',(-1.,0.,-0.));
#695 = PCURVE('',#141,#696);
#696 = DEFINITIONAL_REPRESENTATION('',(#697),#700);
#697 = B_SPLINE_CURVE_WITH_KNOTS('',1,(#698,#699),.UNSPECIFIED.,.F.,.F.,
  (2,2),(-82.5,27.5),.PIECEWISE_BEZIER_KNOTS.);
#698 = CARTESIAN_POINT('',(15.,110.));
#699 = CARTESIAN_POINT('',(15.,0.));
#700 = ( GEOMETRIC_REPRESENTATION_CONTEXT(2) 
PARAMETRIC_REPRESENTATION_CONTEXT() REPRESENTATION_CONTEXT('2D SPACE',''
  ) );
#701 = PCURVE('',#702,#707);
#702 = PLANE('',#703);
#703 = AXIS2_PLACEMENT_3D('',#704,#705,#706);
#704 = CARTESIAN_POINT('',(0.,0.,-31.));
#705 = DIRECTION('',(0.,0.,-1.));
#706 = DIRECTION('',(-1.,0.,0.));
#707 = DEFINITIONAL_REPRESENTATION('',(#708),#711);
#708 = B_SPLINE_CURVE_WITH_KNOTS('',1,(#709,#710),.UNSPECIFIED.,.F.,.F.,
  (2,2),(-82.5,27.5),.PIECEWISE_BEZIER_KNOTS.);
#709 = CARTESIAN_POINT('',(-55.,-58.));
#710 = CARTESIAN_POINT('',(55.,-58.));
#711 = ( GEOMETRIC_REPRESENTATION_CONTEXT(2) 
PARAMETRIC_REPRESENTATION_CONTEXT() REPRESENTATION_CONTEXT('2D SPACE',''
  ) );
#712 = ORIENTED_EDGE('',*,*,#713,.F.);
#713 = EDGE_CURVE('',#714,#688,#716,.T.);
#714 = VERTEX_POINT('',#715);
#715 = CARTESIAN_POINT('',(52.035445687913,-58.,-43.));
#716 = SURFACE_CURVE('',#717,(#721,#727),.PCURVE_S1.);
#717 = LINE('',#718,#719);
#718 = CARTESIAN_POINT('',(52.035445687913,-58.,0.));
#719 = VECTOR('',#720,1.);
#720 = DIRECTION('',(0.,0.,1.));
#721 = PCURVE('',#141,#722);
#722 = DEFINITIONAL_REPRESENTATION('',(#723),#726);
#723 = B_SPLINE_CURVE_WITH_KNOTS('',1,(#724,#725),.UNSPECIFIED.,.F.,.F.,
  (2,2),(-45.97217455331,-31.),.PIECEWISE_BEZIER_KNOTS.);
#724 = CARTESIAN_POINT('',(2.782544668091E-02,107.03544568791));
#725 = CARTESIAN_POINT('',(15.,107.03544568791));
#726 = ( GEOMETRIC_REPRESENTATION_CONTEXT(2) 
PARAMETRIC_REPRESENTATION_CONTEXT() REPRESENTATION_CONTEXT('2D SPACE',''
  ) );
#727 = PCURVE('',#728,#733);
#728 = PLANE('',#729);
#729 = AXIS2_PLACEMENT_3D('',#730,#731,#732);
#730 = CARTESIAN_POINT('',(68.642772267996,-93.61452678215,46.));
#731 = DIRECTION('',(-0.906307787037,-0.422618261741,0.));
#732 = DIRECTION('',(0.422618261741,-0.906307787037,0.));
#733 = DEFINITIONAL_REPRESENTATION('',(#734),#737);
#734 = B_SPLINE_CURVE_WITH_KNOTS('',1,(#735,#736),.UNSPECIFIED.,.F.,.F.,
  (2,2),(-45.97217455331,-31.),.PIECEWISE_BEZIER_KNOTS.);
#735 = CARTESIAN_POINT('',(-39.29628244572,-91.97217455331));
#736 = CARTESIAN_POINT('',(-39.29628244572,-77.));
#737 = ( GEOMETRIC_REPRESENTATION_CONTEXT(2) 
PARAMETRIC_REPRESENTATION_CONTEXT() REPRESENTATION_CONTEXT('2D SPACE',''
  ) );
#738 = ORIENTED_EDGE('',*,*,#739,.F.);
#739 = EDGE_CURVE('',#336,#714,#740,.T.);
#740 = SURFACE_CURVE('',#741,(#745,#751),.PCURVE_S1.);
#741 = LINE('',#742,#743);
#742 = CARTESIAN_POINT('',(2.5,-58.,-43.));
#743 = VECTOR('',#744,1.);
#744 = DIRECTION('',(-1.,-0.,5.782411586589E-17));
#745 = PCURVE('',#141,#746);
#746 = DEFINITIONAL_REPRESENTATION('',(#747),#750);
#747 = B_SPLINE_CURVE_WITH_KNOTS('',1,(#748,#749),.UNSPECIFIED.,.F.,.F.,
  (2,2),(-52.5,57.5),.PIECEWISE_BEZIER_KNOTS.);
#748 = CARTESIAN_POINT('',(3.,110.));
#749 = CARTESIAN_POINT('',(3.,0.));
#750 = ( GEOMETRIC_REPRESENTATION_CONTEXT(2) 
PARAMETRIC_REPRESENTATION_CONTEXT() REPRESENTATION_CONTEXT('2D SPACE',''
  ) );
#751 = PCURVE('',#752,#757);
#752 = PLANE('',#753);
#753 = AXIS2_PLACEMENT_3D('',#754,#755,#756);
#754 = CARTESIAN_POINT('',(60.,-98.,-43.));
#755 = DIRECTION('',(-5.782411586589E-17,0.,-1.));
#756 = DIRECTION('',(-1.,0.,5.782411586589E-17));
#757 = DEFINITIONAL_REPRESENTATION('',(#758),#761);
#758 = B_SPLINE_CURVE_WITH_KNOTS('',1,(#759,#760),.UNSPECIFIED.,.F.,.F.,
  (2,2),(-52.5,57.5),.PIECEWISE_BEZIER_KNOTS.);
#759 = CARTESIAN_POINT('',(5.,40.));
#760 = CARTESIAN_POINT('',(115.,40.));
#761 = ( GEOMETRIC_REPRESENTATION_CONTEXT(2) 
PARAMETRIC_REPRESENTATION_CONTEXT() REPRESENTATION_CONTEXT('2D SPACE',''
  ) );
#762 = ADVANCED_FACE('',(#763),#169,.F.);
#763 = FACE_BOUND('',#764,.F.);
#764 = EDGE_LOOP('',(#765,#793,#815,#816,#839,#868));
#765 = ORIENTED_EDGE('',*,*,#766,.F.);
#766 = EDGE_CURVE('',#544,#767,#769,.T.);
#767 = VERTEX_POINT('',#768);
#768 = CARTESIAN_POINT('',(-47.04665646856,-40.3808384649,-31.));
#769 = SURFACE_CURVE('',#770,(#775,#786),.PCURVE_S1.);
#770 = CIRCLE('',#771,62.);
#771 = AXIS2_PLACEMENT_3D('',#772,#773,#774);
#772 = CARTESIAN_POINT('',(0.,0.,-31.));
#773 = DIRECTION('',(0.,0.,-1.));
#774 = DIRECTION('',(-0.353369391939,-0.935483870968,-0.));
#775 = PCURVE('',#169,#776);
#776 = DEFINITIONAL_REPRESENTATION('',(#777),#785);
#777 = ( BOUNDED_CURVE() B_SPLINE_CURVE(2,(#778,#779,#780,#781,#782,#783
,#784),.UNSPECIFIED.,.T.,.F.) B_SPLINE_CURVE_WITH_KNOTS((1,2,2,2,2,1),(
    -2.094395102393,0.,2.094395102393,4.188790204786,6.28318530718,
8.377580409573),.UNSPECIFIED.) CURVE() GEOMETRIC_REPRESENTATION_ITEM() 
RATIONAL_B_SPLINE_CURVE((1.,0.5,1.,0.5,1.,0.5,1.)) REPRESENTATION_ITEM(
  '') );
#778 = CARTESIAN_POINT('',(-21.9089023002,-58.));
#779 = CARTESIAN_POINT('',(-122.3678491392,-20.05266807797));
#780 = CARTESIAN_POINT('',(-39.27502226939,47.97366596101));
#781 = CARTESIAN_POINT('',(43.817804600413,116.));
#782 = CARTESIAN_POINT('',(61.183924569601,10.02633403899));
#783 = CARTESIAN_POINT('',(78.550044538788,-95.94733192202));
#784 = CARTESIAN_POINT('',(-21.9089023002,-58.));
#785 = ( GEOMETRIC_REPRESENTATION_CONTEXT(2) 
PARAMETRIC_REPRESENTATION_CONTEXT() REPRESENTATION_CONTEXT('2D SPACE',''
  ) );
#786 = PCURVE('',#558,#787);
#787 = DEFINITIONAL_REPRESENTATION('',(#788),#792);
#788 = LINE('',#789,#790);
#789 = CARTESIAN_POINT('',(10.634403859183,0.));
#790 = VECTOR('',#791,1.);
#791 = DIRECTION('',(-1.,-0.));
#792 = ( GEOMETRIC_REPRESENTATION_CONTEXT(2) 
PARAMETRIC_REPRESENTATION_CONTEXT() REPRESENTATION_CONTEXT('2D SPACE',''
  ) );
#793 = ORIENTED_EDGE('',*,*,#794,.T.);
#794 = EDGE_CURVE('',#544,#120,#795,.T.);
#795 = SURFACE_CURVE('',#796,(#801,#808),.PCURVE_S1.);
#796 = CIRCLE('',#797,62.);
#797 = AXIS2_PLACEMENT_3D('',#798,#799,#800);
#798 = CARTESIAN_POINT('',(0.,0.,-31.));
#799 = DIRECTION('',(0.,0.,1.));
#800 = DIRECTION('',(-0.602916297761,-0.797804448404,0.));
#801 = PCURVE('',#169,#802);
#802 = DEFINITIONAL_REPRESENTATION('',(#803),#807);
#803 = CIRCLE('',#804,62.);
#804 = AXIS2_PLACEMENT_2D('',#805,#806);
#805 = CARTESIAN_POINT('',(0.,0.));
#806 = DIRECTION('',(-0.602916297761,-0.797804448404));
#807 = ( GEOMETRIC_REPRESENTATION_CONTEXT(2) 
PARAMETRIC_REPRESENTATION_CONTEXT() REPRESENTATION_CONTEXT('2D SPACE',''
  ) );
#808 = PCURVE('',#584,#809);
#809 = DEFINITIONAL_REPRESENTATION('',(#810),#814);
#810 = LINE('',#811,#812);
#811 = CARTESIAN_POINT('',(5.359540466452,77.));
#812 = VECTOR('',#813,1.);
#813 = DIRECTION('',(-1.,0.));
#814 = ( GEOMETRIC_REPRESENTATION_CONTEXT(2) 
PARAMETRIC_REPRESENTATION_CONTEXT() REPRESENTATION_CONTEXT('2D SPACE',''
  ) );
#815 = ORIENTED_EDGE('',*,*,#152,.T.);
#816 = ORIENTED_EDGE('',*,*,#817,.T.);
#817 = EDGE_CURVE('',#153,#818,#820,.T.);
#818 = VERTEX_POINT('',#819);
#819 = CARTESIAN_POINT('',(13.402254441605,-6.736436437945,-31.));
#820 = SURFACE_CURVE('',#821,(#825,#832),.PCURVE_S1.);
#821 = LINE('',#822,#823);
#822 = CARTESIAN_POINT('',(67.665818003661,-61.,-31.));
#823 = VECTOR('',#824,1.);
#824 = DIRECTION('',(-0.707106781187,0.707106781187,0.));
#825 = PCURVE('',#169,#826);
#826 = DEFINITIONAL_REPRESENTATION('',(#827),#831);
#827 = LINE('',#828,#829);
#828 = CARTESIAN_POINT('',(67.665818003661,-61.));
#829 = VECTOR('',#830,1.);
#830 = DIRECTION('',(-0.707106781187,0.707106781187));
#831 = ( GEOMETRIC_REPRESENTATION_CONTEXT(2) 
PARAMETRIC_REPRESENTATION_CONTEXT() REPRESENTATION_CONTEXT('2D SPACE',''
  ) );
#832 = PCURVE('',#209,#833);
#833 = DEFINITIONAL_REPRESENTATION('',(#834),#838);
#834 = LINE('',#835,#836);
#835 = CARTESIAN_POINT('',(4.712388980385,0.414213562373));
#836 = VECTOR('',#837,1.);
#837 = DIRECTION('',(6.712818445808E-16,-1.));
#838 = ( GEOMETRIC_REPRESENTATION_CONTEXT(2) 
PARAMETRIC_REPRESENTATION_CONTEXT() REPRESENTATION_CONTEXT('2D SPACE',''
  ) );
#839 = ORIENTED_EDGE('',*,*,#840,.F.);
#840 = EDGE_CURVE('',#841,#818,#843,.T.);
#841 = VERTEX_POINT('',#842);
#842 = CARTESIAN_POINT('',(-13.4022544416,-6.736436437945,-31.));
#843 = SURFACE_CURVE('',#844,(#849,#856),.PCURVE_S1.);
#844 = CIRCLE('',#845,15.);
#845 = AXIS2_PLACEMENT_3D('',#846,#847,#848);
#846 = CARTESIAN_POINT('',(0.,0.,-31.));
#847 = DIRECTION('',(0.,0.,1.));
#848 = DIRECTION('',(1.,0.,-0.));
#849 = PCURVE('',#169,#850);
#850 = DEFINITIONAL_REPRESENTATION('',(#851),#855);
#851 = CIRCLE('',#852,15.);
#852 = AXIS2_PLACEMENT_2D('',#853,#854);
#853 = CARTESIAN_POINT('',(0.,0.));
#854 = DIRECTION('',(1.,0.));
#855 = ( GEOMETRIC_REPRESENTATION_CONTEXT(2) 
PARAMETRIC_REPRESENTATION_CONTEXT() REPRESENTATION_CONTEXT('2D SPACE',''
  ) );
#856 = PCURVE('',#857,#862);
#857 = CYLINDRICAL_SURFACE('',#858,15.);
#858 = AXIS2_PLACEMENT_3D('',#859,#860,#861);
#859 = CARTESIAN_POINT('',(0.,0.,-47.));
#860 = DIRECTION('',(0.,0.,1.));
#861 = DIRECTION('',(1.,0.,-0.));
#862 = DEFINITIONAL_REPRESENTATION('',(#863),#867);
#863 = LINE('',#864,#865);
#864 = CARTESIAN_POINT('',(0.,16.));
#865 = VECTOR('',#866,1.);
#866 = DIRECTION('',(1.,0.));
#867 = ( GEOMETRIC_REPRESENTATION_CONTEXT(2) 
PARAMETRIC_REPRESENTATION_CONTEXT() REPRESENTATION_CONTEXT('2D SPACE',''
  ) );
#868 = ORIENTED_EDGE('',*,*,#869,.T.);
#869 = EDGE_CURVE('',#841,#767,#870,.T.);
#870 = SURFACE_CURVE('',#871,(#875,#882),.PCURVE_S1.);
#871 = LINE('',#872,#873);
#872 = CARTESIAN_POINT('',(-13.4022544416,-6.736436437945,-31.));
#873 = VECTOR('',#874,1.);
#874 = DIRECTION('',(-0.707106781187,-0.707106781187,0.));
#875 = PCURVE('',#169,#876);
#876 = DEFINITIONAL_REPRESENTATION('',(#877),#881);
#877 = LINE('',#878,#879);
#878 = CARTESIAN_POINT('',(-13.4022544416,-6.736436437945));
#879 = VECTOR('',#880,1.);
#880 = DIRECTION('',(-0.707106781187,-0.707106781187));
#881 = ( GEOMETRIC_REPRESENTATION_CONTEXT(2) 
PARAMETRIC_REPRESENTATION_CONTEXT() REPRESENTATION_CONTEXT('2D SPACE',''
  ) );
#882 = PCURVE('',#883,#888);
#883 = CYLINDRICAL_SURFACE('',#884,1.);
#884 = AXIS2_PLACEMENT_3D('',#885,#886,#887);
#885 = CARTESIAN_POINT('',(-46.98698409766,-40.321166094,-30.));
#886 = DIRECTION('',(0.707106781187,0.707106781187,0.));
#887 = DIRECTION('',(-0.707106781187,0.707106781187,0.));
#888 = DEFINITIONAL_REPRESENTATION('',(#889),#893);
#889 = LINE('',#890,#891);
#890 = CARTESIAN_POINT('',(4.712388980385,47.495980168237));
#891 = VECTOR('',#892,1.);
#892 = DIRECTION('',(-1.273120739722E-16,-1.));
#893 = ( GEOMETRIC_REPRESENTATION_CONTEXT(2) 
PARAMETRIC_REPRESENTATION_CONTEXT() REPRESENTATION_CONTEXT('2D SPACE',''
  ) );
#894 = ADVANCED_FACE('',(#895),#209,.T.);
#895 = FACE_BOUND('',#896,.T.);
#896 = EDGE_LOOP('',(#897,#1418,#1439,#1440));
#897 = ORIENTED_EDGE('',*,*,#898,.T.);
#898 = EDGE_CURVE('',#818,#899,#901,.T.);
#899 = VERTEX_POINT('',#900);
#900 = CARTESIAN_POINT('',(13.847067963615,-5.767036397581,-30.));
#901 = SURFACE_CURVE('',#902,(#985,#1322),.PCURVE_S1.);
#902 = B_SPLINE_CURVE_WITH_KNOTS('',3,(#903,#904,#905,#906,#907,#908,
    #909,#910,#911,#912,#913,#914,#915,#916,#917,#918,#919,#920,#921,
    #922,#923,#924,#925,#926,#927,#928,#929,#930,#931,#932,#933,#934,
    #935,#936,#937,#938,#939,#940,#941,#942,#943,#944,#945,#946,#947,
    #948,#949,#950,#951,#952,#953,#954,#955,#956,#957,#958,#959,#960,
    #961,#962,#963,#964,#965,#966,#967,#968,#969,#970,#971,#972,#973,
    #974,#975,#976,#977,#978,#979,#980,#981,#982,#983,#984),
  .UNSPECIFIED.,.F.,.F.,(4,1,1,1,1,1,1,1,1,1,1,1,1,1,1,1,1,1,1,1,1,1,1,1
    ,1,1,1,1,1,1,1,1,1,1,1,1,1,1,1,1,1,1,1,1,1,1,1,1,1,1,1,1,1,1,1,1,1,1
    ,1,1,1,1,1,1,1,1,1,1,1,1,1,1,1,1,1,1,1,1,1,4),(0.,1.638594579097E-02
    ,3.26577781016E-02,4.880437353641E-02,6.472051492398E-02,
    8.050113483039E-02,9.599389706615E-02,0.111303643869,0.126379945649,
    0.141390173423,0.156191947233,0.170860363889,0.185338054042,
    0.199793309718,0.214028107167,0.228098516964,0.241894647573,
    0.25557157074,0.268900484769,0.282001086701,0.294736595079,
    0.307329168188,0.323499853608,0.34325291559,0.362573014382,
    0.377728899649,0.388765672246,0.399710102938,0.410460214542,
    0.421101951998,0.431625899424,0.442139812477,0.45265062074,
    0.463160715855,0.477141293707,0.491080664557,0.504967529232,
    0.51531308429,0.525639758,0.535935492378,0.546212019632,
    0.556452068865,0.566679358636,0.5768643946,0.587022610881,
    0.597143291373,0.607256155986,0.617326850928,0.627362426211,
    0.63733284017,0.647270324346,0.657132536221,0.666944262706,
    0.676693786986,0.68643077309,0.697228881749,0.709096997783,
    0.726292535061,0.747678770776,0.767889361301,0.782706461967,
    0.792177498569,0.801637252972,0.814195379154,0.829854338068,
    0.845396516569,0.857709264577,0.866706884973,0.875609645667,
    0.884240601665,0.892690438719,0.900874507801,0.908969051591,
    0.916928927689,0.92483869707,0.932718380421,0.9406238098,
    0.953407173852,0.973201214738,1.),.UNSPECIFIED.);
#903 = CARTESIAN_POINT('',(13.402254441605,-6.736436437945,-31.));
#904 = CARTESIAN_POINT('',(13.406218446123,-6.728550005277,
    -31.00000003551));
#905 = CARTESIAN_POINT('',(13.414108444652,-6.712818105403,
    -30.99979005538));
#906 = CARTESIAN_POINT('',(13.425860791608,-6.689281801557,
    -30.99885075722));
#907 = CARTESIAN_POINT('',(13.437454581473,-6.665961147881,
    -30.99730553672));
#908 = CARTESIAN_POINT('',(13.448878936805,-6.642881404188,
    -30.99517452638));
#909 = CARTESIAN_POINT('',(13.460090094661,-6.6201348967,-30.99248700374
    ));
#910 = CARTESIAN_POINT('',(13.471095198224,-6.597711590599,
    -30.98926483677));
#911 = CARTESIAN_POINT('',(13.481867776717,-6.575670205019,
    -30.98554073807));
#912 = CARTESIAN_POINT('',(13.492456872366,-6.55391483822,
    -30.98132003806));
#913 = CARTESIAN_POINT('',(13.502853435399,-6.532467851822,
    -30.9766239482));
#914 = CARTESIAN_POINT('',(13.513077331249,-6.511291901351,
    -30.97145974613));
#915 = CARTESIAN_POINT('',(13.523097255233,-6.490455764545,
    -30.96586109293));
#916 = CARTESIAN_POINT('',(13.532953173099,-6.469880162914,
    -30.9598224809));
#917 = CARTESIAN_POINT('',(13.542622806238,-6.449614988815,
    -30.95337120482));
#918 = CARTESIAN_POINT('',(13.552110133624,-6.42965553843,
    -30.94651963452));
#919 = CARTESIAN_POINT('',(13.561358655392,-6.410125096255,
    -30.93932897714));
#920 = CARTESIAN_POINT('',(13.570390850581,-6.390980989924,
    -30.93180494973));
#921 = CARTESIAN_POINT('',(13.579167446832,-6.372311210092,
    -30.92400355388));
#922 = CARTESIAN_POINT('',(13.587700067319,-6.354096124374,
    -30.9159406345));
#923 = CARTESIAN_POINT('',(13.595939328024,-6.336446680923,
    -30.90769311448));
#924 = CARTESIAN_POINT('',(13.603931743795,-6.319268709458,
    -30.89924516968));
#925 = CARTESIAN_POINT('',(13.612462656784,-6.300873596412,
    -30.8897492978));
#926 = CARTESIAN_POINT('',(13.622299593905,-6.279584226486,
    -30.87815732242));
#927 = CARTESIAN_POINT('',(13.633299549368,-6.255669348292,
    -30.86427001347));
#928 = CARTESIAN_POINT('',(13.6438740342,-6.232567244143,-30.84991697949
    ));
#929 = CARTESIAN_POINT('',(13.652586486578,-6.213452435367,
    -30.83733384553));
#930 = CARTESIAN_POINT('',(13.659596214425,-6.198024361048,
    -30.82673074091));
#931 = CARTESIAN_POINT('',(13.665701441161,-6.184551359181,
    -30.8171355142));
#932 = CARTESIAN_POINT('',(13.671662609257,-6.171362054372,
    -30.80740997261));
#933 = CARTESIAN_POINT('',(13.677478353738,-6.158461764318,
    -30.79756882038));
#934 = CARTESIAN_POINT('',(13.683184876398,-6.145772130123,
    -30.78755994726));
#935 = CARTESIAN_POINT('',(13.688802698549,-6.133248959284,
    -30.77735121944));
#936 = CARTESIAN_POINT('',(13.694347943958,-6.120857384312,
    -30.76691287851));
#937 = CARTESIAN_POINT('',(13.70041962675,-6.107256599145,
    -30.75507555652));
#938 = CARTESIAN_POINT('',(13.706973129459,-6.092535479399,
    -30.74176831089));
#939 = CARTESIAN_POINT('',(13.713952164587,-6.076809395292,
    -30.72692703864));
#940 = CARTESIAN_POINT('',(13.720178847948,-6.062735585491,
    -30.71306433443));
#941 = CARTESIAN_POINT('',(13.725695051641,-6.050235083786,
    -30.70028479272));
#942 = CARTESIAN_POINT('',(13.730542022583,-6.039227022362,
    -30.68866865823));
#943 = CARTESIAN_POINT('',(13.735284375686,-6.028433337925,
    -30.67691292492));
#944 = CARTESIAN_POINT('',(13.739921706403,-6.017856351188,
    -30.66502347782));
#945 = CARTESIAN_POINT('',(13.744458909627,-6.007486255607,
    -30.65299227971));
#946 = CARTESIAN_POINT('',(13.748894565117,-5.997327602347,
    -30.64082703643));
#947 = CARTESIAN_POINT('',(13.753231949375,-5.987374164949,
    -30.6285224948));
#948 = CARTESIAN_POINT('',(13.757469365972,-5.977631092235,
    -30.6160871802));
#949 = CARTESIAN_POINT('',(13.761613236698,-5.968084824026,
    -30.60350523151));
#950 = CARTESIAN_POINT('',(13.765662805023,-5.958738239239,
    -30.5907806765));
#951 = CARTESIAN_POINT('',(13.769617800104,-5.949593091272,
    -30.57791613065));
#952 = CARTESIAN_POINT('',(13.773470441456,-5.940668540946,
    -30.56494019843));
#953 = CARTESIAN_POINT('',(13.777221907582,-5.931963053728,
    -30.55185352406));
#954 = CARTESIAN_POINT('',(13.780867289815,-5.923489204258,
    -30.5386783924));
#955 = CARTESIAN_POINT('',(13.784408717717,-5.915243221094,
    -30.52541301726));
#956 = CARTESIAN_POINT('',(13.787843178053,-5.907233285213,
    -30.51207536806));
#957 = CARTESIAN_POINT('',(13.791178382191,-5.899442523234,
    -30.49864145232));
#958 = CARTESIAN_POINT('',(13.794537696144,-5.891583347912,
    -30.48459959752));
#959 = CARTESIAN_POINT('',(13.798029571763,-5.883401070619,
    -30.46941036072));
#960 = CARTESIAN_POINT('',(13.802181914067,-5.873654594396,
    -30.45051705539));
#961 = CARTESIAN_POINT('',(13.807198318027,-5.861854937839,
    -30.42629592698));
#962 = CARTESIAN_POINT('',(13.812661104604,-5.848970929729,
    -30.3976605911));
#963 = CARTESIAN_POINT('',(13.817490645288,-5.837550275105,
    -30.36987030345));
#964 = CARTESIAN_POINT('',(13.821030215513,-5.829163002393,
    -30.34774129414));
#965 = CARTESIAN_POINT('',(13.823574683901,-5.823125678548,
    -30.33084158934));
#966 = CARTESIAN_POINT('',(13.825848141264,-5.817725960755,
    -30.31498178855));
#967 = CARTESIAN_POINT('',(13.828428949067,-5.8115893247,-30.29587295694
    ));
#968 = CARTESIAN_POINT('',(13.831219961728,-5.804943805947,
    -30.27347018886));
#969 = CARTESIAN_POINT('',(13.833768776928,-5.798866576886,
    -30.25094424934));
#970 = CARTESIAN_POINT('',(13.835752443301,-5.794131551163,
    -30.23169559857));
#971 = CARTESIAN_POINT('',(13.837267401037,-5.790512470794,
    -30.2158160743));
#972 = CARTESIAN_POINT('',(13.838514827815,-5.787530609497,
    -30.20180346143));
#973 = CARTESIAN_POINT('',(13.839656261431,-5.784800533045,
    -30.18801915257));
#974 = CARTESIAN_POINT('',(13.840689528761,-5.782327864422,
    -30.17456238493));
#975 = CARTESIAN_POINT('',(13.841627341868,-5.780082551775,
    -30.16134394466));
#976 = CARTESIAN_POINT('',(13.842475619158,-5.778050726307,
    -30.14834554097));
#977 = CARTESIAN_POINT('',(13.843244737799,-5.776207780542,
    -30.13545674909));
#978 = CARTESIAN_POINT('',(13.843938490485,-5.774544834288,
    -30.12265002322));
#979 = CARTESIAN_POINT('',(13.844562393268,-5.773048840725,
    -30.10984259804));
#980 = CARTESIAN_POINT('',(13.845232028625,-5.771442728894,
    -30.09436853574));
#981 = CARTESIAN_POINT('',(13.846027029428,-5.769535259733,
    -30.07238826027));
#982 = CARTESIAN_POINT('',(13.846835844374,-5.767593832226,
    -30.04005512769));
#983 = CARTESIAN_POINT('',(13.847068180596,-5.767035759675,
    -30.01462472514));
#984 = CARTESIAN_POINT('',(13.847067963615,-5.767036397581,-30.));
#985 = PCURVE('',#209,#986);
#986 = DEFINITIONAL_REPRESENTATION('',(#987),#1321);
#987 = B_SPLINE_CURVE_WITH_KNOTS('',3,(#988,#989,#990,#991,#992,#993,
    #994,#995,#996,#997,#998,#999,#1000,#1001,#1002,#1003,#1004,#1005,
    #1006,#1007,#1008,#1009,#1010,#1011,#1012,#1013,#1014,#1015,#1016,
    #1017,#1018,#1019,#1020,#1021,#1022,#1023,#1024,#1025,#1026,#1027,
    #1028,#1029,#1030,#1031,#1032,#1033,#1034,#1035,#1036,#1037,#1038,
    #1039,#1040,#1041,#1042,#1043,#1044,#1045,#1046,#1047,#1048,#1049,
    #1050,#1051,#1052,#1053,#1054,#1055,#1056,#1057,#1058,#1059,#1060,
    #1061,#1062,#1063,#1064,#1065,#1066,#1067,#1068,#1069,#1070,#1071,
    #1072,#1073,#1074,#1075,#1076,#1077,#1078,#1079,#1080,#1081,#1082,
    #1083,#1084,#1085,#1086,#1087,#1088,#1089,#1090,#1091,#1092,#1093,
    #1094,#1095,#1096,#1097,#1098,#1099,#1100,#1101,#1102,#1103,#1104,
    #1105,#1106,#1107,#1108,#1109,#1110,#1111,#1112,#1113,#1114,#1115,
    #1116,#1117,#1118,#1119,#1120,#1121,#1122,#1123,#1124,#1125,#1126,
    #1127,#1128,#1129,#1130,#1131,#1132,#1133,#1134,#1135,#1136,#1137,
    #1138,#1139,#1140,#1141,#1142,#1143,#1144,#1145,#1146,#1147,#1148,
    #1149,#1150,#1151,#1152,#1153,#1154,#1155,#1156,#1157,#1158,#1159,
    #1160,#1161,#1162,#1163,#1164,#1165,#1166,#1167,#1168,#1169,#1170,
    #1171,#1172,#1173,#1174,#1175,#1176,#1177,#1178,#1179,#1180,#1181,
    #1182,#1183,#1184,#1185,#1186,#1187,#1188,#1189,#1190,#1191,#1192,
    #1193,#1194,#1195,#1196,#1197,#1198,#1199,#1200,#1201,#1202,#1203,
    #1204,#1205,#1206,#1207,#1208,#1209,#1210,#1211,#1212,#1213,#1214,
    #1215,#1216,#1217,#1218,#1219,#1220,#1221,#1222,#1223,#1224,#1225,
    #1226,#1227,#1228,#1229,#1230,#1231,#1232,#1233,#1234,#1235,#1236,
    #1237,#1238,#1239,#1240,#1241,#1242,#1243,#1244,#1245,#1246,#1247,
    #1248,#1249,#1250,#1251,#1252,#1253,#1254,#1255,#1256,#1257,#1258,
    #1259,#1260,#1261,#1262,#1263,#1264,#1265,#1266,#1267,#1268,#1269,
    #1270,#1271,#1272,#1273,#1274,#1275,#1276,#1277,#1278,#1279,#1280,
    #1281,#1282,#1283,#1284,#1285,#1286,#1287,#1288,#1289,#1290,#1291,
    #1292,#1293,#1294,#1295,#1296,#1297,#1298,#1299,#1300,#1301,#1302,
    #1303,#1304,#1305,#1306,#1307,#1308,#1309,#1310,#1311,#1312,#1313,
    #1314,#1315,#1316,#1317,#1318,#1319,#1320),.UNSPECIFIED.,.F.,.F.,(4,
    1,1,1,1,1,1,1,1,1,1,1,1,1,1,1,1,1,1,1,1,1,1,1,1,1,1,1,1,1,1,1,1,1,1,
    1,1,1,1,1,1,1,1,1,1,1,1,1,1,1,1,1,1,1,1,1,1,1,1,1,1,1,1,1,1,1,1,1,1,
    1,1,1,1,1,1,1,1,1,1,1,1,1,1,1,1,1,1,1,1,1,1,1,1,1,1,1,1,1,1,1,1,1,1,
    1,1,1,1,1,1,1,1,1,1,1,1,1,1,1,1,1,1,1,1,1,1,1,1,1,1,1,1,1,1,1,1,1,1,
    1,1,1,1,1,1,1,1,1,1,1,1,1,1,1,1,1,1,1,1,1,1,1,1,1,1,1,1,1,1,1,1,1,1,
    1,1,1,1,1,1,1,1,1,1,1,1,1,1,1,1,1,1,1,1,1,1,1,1,1,1,1,1,1,1,1,1,1,1,
    1,1,1,1,1,1,1,1,1,1,1,1,1,1,1,1,1,1,1,1,1,1,1,1,1,1,1,1,1,1,1,1,1,1,
    1,1,1,1,1,1,1,1,1,1,1,1,1,1,1,1,1,1,1,1,1,1,1,1,1,1,1,1,1,1,1,1,1,1,
    1,1,1,1,1,1,1,1,1,1,1,1,1,1,1,1,1,1,1,1,1,1,1,1,1,1,1,1,1,1,1,1,1,1,
    1,1,1,1,1,1,1,1,1,1,1,1,1,1,1,1,1,1,1,1,1,1,1,4),(0.,
    3.030303030303E-03,6.060606060606E-03,9.090909090909E-03,
    1.212121212121E-02,1.515151515152E-02,1.818181818182E-02,
    2.121212121212E-02,2.424242424242E-02,2.727272727273E-02,
    3.030303030303E-02,3.333333333333E-02,3.636363636364E-02,
    3.939393939394E-02,4.242424242424E-02,4.545454545455E-02,
    4.848484848485E-02,5.151515151515E-02,5.454545454545E-02,
    5.757575757576E-02,6.060606060606E-02,6.363636363636E-02,
    6.666666666667E-02,6.969696969697E-02,7.272727272727E-02,
    7.575757575758E-02,7.878787878788E-02,8.181818181818E-02,
    8.484848484848E-02,8.787878787879E-02,9.090909090909E-02,
    9.393939393939E-02,9.69696969697E-02,0.1,0.10303030303,
    0.106060606061,0.109090909091,0.112121212121,0.115151515152,
    0.118181818182,0.121212121212,0.124242424242,0.127272727273,
    0.130303030303,0.133333333333,0.136363636364,0.139393939394,
    0.142424242424,0.145454545455,0.148484848485,0.151515151515,
    0.154545454545,0.157575757576,0.160606060606,0.163636363636,
    0.166666666667,0.169696969697,0.172727272727,0.175757575758,
    0.178787878788,0.181818181818,0.184848484848,0.187878787879,
    0.190909090909,0.193939393939,0.19696969697,0.2,0.20303030303,
    0.206060606061,0.209090909091,0.212121212121,0.215151515152,
    0.218181818182,0.221212121212,0.224242424242,0.227272727273,
    0.230303030303,0.233333333333,0.236363636364,0.239393939394,
    0.242424242424,0.245454545455,0.248484848485,0.251515151515,
    0.254545454545,0.257575757576,0.260606060606,0.263636363636,
    0.266666666667,0.269696969697,0.272727272727,0.275757575758,
    0.278787878788,0.281818181818,0.284848484848,0.287878787879,
    0.290909090909,0.293939393939,0.29696969697,0.3,0.30303030303,
    0.306060606061,0.309090909091,0.312121212121,0.315151515152,
    0.318181818182,0.321212121212,0.324242424242,0.327272727273,
    0.330303030303,0.333333333333,0.336363636364,0.339393939394,
    0.342424242424,0.345454545455,0.348484848485,0.351515151515,
    0.354545454545,0.357575757576,0.360606060606,0.363636363636,
    0.366666666667,0.369696969697,0.372727272727,0.375757575758,
    0.378787878788,0.381818181818,0.384848484848,0.387878787879,
    0.390909090909,0.393939393939,0.39696969697,0.4,0.40303030303,
    0.406060606061,0.409090909091,0.412121212121,0.415151515152,
    0.418181818182,0.421212121212,0.424242424242,0.427272727273,
    0.430303030303,0.433333333333,0.436363636364,0.439393939394,
    0.442424242424,0.445454545455,0.448484848485,0.451515151515,
    0.454545454545,0.457575757576,0.460606060606,0.463636363636,
    0.466666666667,0.469696969697,0.472727272727,0.475757575758,
    0.478787878788,0.481818181818,0.484848484848,0.487878787879,
    0.490909090909,0.493939393939,0.49696969697,0.5,0.50303030303,
    0.506060606061,0.509090909091,0.512121212121,0.515151515152,
    0.518181818182,0.521212121212,0.524242424242,0.527272727273,
    0.530303030303,0.533333333333,0.536363636364,0.539393939394,
    0.542424242424,0.545454545455,0.548484848485,0.551515151515,
    0.554545454545,0.557575757576,0.560606060606,0.563636363636,
    0.566666666667,0.569696969697,0.572727272727,0.575757575758,
    0.578787878788,0.581818181818,0.584848484848,0.587878787879,
    0.590909090909,0.593939393939,0.59696969697,0.6,0.60303030303,
    0.606060606061,0.609090909091,0.612121212121,0.615151515152,
    0.618181818182,0.621212121212,0.624242424242,0.627272727273,
    0.630303030303,0.633333333333,0.636363636364,0.639393939394,
    0.642424242424,0.645454545455,0.648484848485,0.651515151515,
    0.654545454545,0.657575757576,0.660606060606,0.663636363636,
    0.666666666667,0.669696969697,0.672727272727,0.675757575758,
    0.678787878788,0.681818181818,0.684848484848,0.687878787879,
    0.690909090909,0.693939393939,0.69696969697,0.7,0.70303030303,
    0.706060606061,0.709090909091,0.712121212121,0.715151515152,
    0.718181818182,0.721212121212,0.724242424242,0.727272727273,
    0.730303030303,0.733333333333,0.736363636364,0.739393939394,
    0.742424242424,0.745454545455,0.748484848485,0.751515151515,
    0.754545454545,0.757575757576,0.760606060606,0.763636363636,
    0.766666666667,0.769696969697,0.772727272727,0.775757575758,
    0.778787878788,0.781818181818,0.784848484848,0.787878787879,
    0.790909090909,0.793939393939,0.79696969697,0.8,0.80303030303,
    0.806060606061,0.809090909091,0.812121212121,0.815151515152,
    0.818181818182,0.821212121212,0.824242424242,0.827272727273,
    0.830303030303,0.833333333333,0.836363636364,0.839393939394,
    0.842424242424,0.845454545455,0.848484848485,0.851515151515,
    0.854545454545,0.857575757576,0.860606060606,0.863636363636,
    0.866666666667,0.869696969697,0.872727272727,0.875757575758,
    0.878787878788,0.881818181818,0.884848484848,0.887878787879,
    0.890909090909,0.893939393939,0.89696969697,0.9,0.90303030303,
    0.906060606061,0.909090909091,0.912121212121,0.915151515152,
    0.918181818182,0.921212121212,0.924242424242,0.927272727273,
    0.930303030303,0.933333333333,0.936363636364,0.939393939394,
    0.942424242424,0.945454545455,0.948484848485,0.951515151515,
    0.954545454545,0.957575757576,0.960606060606,0.963636363636,
    0.966666666667,0.969696969697,0.972727272727,0.975757575758,
    0.978787878788,0.981818181818,0.984848484848,0.987878787879,
    0.990909090909,0.993939393939,0.99696969697,1.),
  .QUASI_UNIFORM_KNOTS.);
#988 = CARTESIAN_POINT('',(4.712388980385,-76.32605396978));
#989 = CARTESIAN_POINT('',(4.713938631454,-76.32656689558));
#990 = CARTESIAN_POINT('',(4.717038019736,-76.32759333837));
#991 = CARTESIAN_POINT('',(4.721687357592,-76.32913474142));
#992 = CARTESIAN_POINT('',(4.726336947895,-76.33067784861));
#993 = CARTESIAN_POINT('',(4.730986787615,-76.33222262522));
#994 = CARTESIAN_POINT('',(4.735636873709,-76.33376903654));
#995 = CARTESIAN_POINT('',(4.740287203118,-76.33531704781));
#996 = CARTESIAN_POINT('',(4.744937772797,-76.3368666245));
#997 = CARTESIAN_POINT('',(4.749588579739,-76.33841773216));
#998 = CARTESIAN_POINT('',(4.754239620968,-76.33997033635));
#999 = CARTESIAN_POINT('',(4.758890893551,-76.34152440262));
#1000 = CARTESIAN_POINT('',(4.763542394618,-76.34307989655));
#1001 = CARTESIAN_POINT('',(4.768194121326,-76.3446367835));
#1002 = CARTESIAN_POINT('',(4.772846070691,-76.34619502782));
#1003 = CARTESIAN_POINT('',(4.77749823976,-76.34775459402));
#1004 = CARTESIAN_POINT('',(4.782150625591,-76.34931544653));
#1005 = CARTESIAN_POINT('',(4.786803225283,-76.35087754981));
#1006 = CARTESIAN_POINT('',(4.791456035942,-76.35244086836));
#1007 = CARTESIAN_POINT('',(4.796109055144,-76.35400536617));
#1008 = CARTESIAN_POINT('',(4.800762280519,-76.35557100719));
#1009 = CARTESIAN_POINT('',(4.805415709702,-76.35713775538));
#1010 = CARTESIAN_POINT('',(4.810069340372,-76.35870557469));
#1011 = CARTESIAN_POINT('',(4.814723170212,-76.36027442915));
#1012 = CARTESIAN_POINT('',(4.819377197146,-76.3618442823));
#1013 = CARTESIAN_POINT('',(4.824031419212,-76.36341509743));
#1014 = CARTESIAN_POINT('',(4.828685834438,-76.36498683789));
#1015 = CARTESIAN_POINT('',(4.833340440887,-76.36655946701));
#1016 = CARTESIAN_POINT('',(4.837995236639,-76.36813294818));
#1017 = CARTESIAN_POINT('',(4.84265021989,-76.36970724449));
#1018 = CARTESIAN_POINT('',(4.847305388949,-76.37128231861));
#1019 = CARTESIAN_POINT('',(4.851960742107,-76.37285813329));
#1020 = CARTESIAN_POINT('',(4.856616277715,-76.37443465127));
#1021 = CARTESIAN_POINT('',(4.861271994046,-76.37601183529));
#1022 = CARTESIAN_POINT('',(4.865927889853,-76.37758964805));
#1023 = CARTESIAN_POINT('',(4.870583964881,-76.37916805203));
#1024 = CARTESIAN_POINT('',(4.875240218725,-76.38074700979));
#1025 = CARTESIAN_POINT('',(4.879896651046,-76.38232648383));
#1026 = CARTESIAN_POINT('',(4.884553261508,-76.38390643671));
#1027 = CARTESIAN_POINT('',(4.889210049884,-76.38548683085));
#1028 = CARTESIAN_POINT('',(4.893867016136,-76.38706762822));
#1029 = CARTESIAN_POINT('',(4.898524160247,-76.38864879085));
#1030 = CARTESIAN_POINT('',(4.903181482085,-76.39023028072));
#1031 = CARTESIAN_POINT('',(4.907838982101,-76.39181206003));
#1032 = CARTESIAN_POINT('',(4.912496658526,-76.39339409004));
#1033 = CARTESIAN_POINT('',(4.917154503794,-76.39497632958));
#1034 = CARTESIAN_POINT('',(4.921812511249,-76.39655873784));
#1035 = CARTESIAN_POINT('',(4.926470674019,-76.39814127392));
#1036 = CARTESIAN_POINT('',(4.931128985311,-76.39972389697));
#1037 = CARTESIAN_POINT('',(4.935787438409,-76.40130656597));
#1038 = CARTESIAN_POINT('',(4.940446026719,-76.40288923951));
#1039 = CARTESIAN_POINT('',(4.94510474363,-76.40447187626));
#1040 = CARTESIAN_POINT('',(4.949763582544,-76.40605443486));
#1041 = CARTESIAN_POINT('',(4.954422536914,-76.407636874));
#1042 = CARTESIAN_POINT('',(4.959081600116,-76.4092191521));
#1043 = CARTESIAN_POINT('',(4.963740765388,-76.41080122719));
#1044 = CARTESIAN_POINT('',(4.968400025997,-76.41238305741));
#1045 = CARTESIAN_POINT('',(4.973059375218,-76.41396460083));
#1046 = CARTESIAN_POINT('',(4.977718806347,-76.4155458156));
#1047 = CARTESIAN_POINT('',(4.982378312727,-76.41712665957));
#1048 = CARTESIAN_POINT('',(4.987037887715,-76.41870709037));
#1049 = CARTESIAN_POINT('',(4.991697524639,-76.42028706569));
#1050 = CARTESIAN_POINT('',(4.996357216931,-76.42186654323));
#1051 = CARTESIAN_POINT('',(5.001016957689,-76.42344548059));
#1052 = CARTESIAN_POINT('',(5.005676743563,-76.42502383622));
#1053 = CARTESIAN_POINT('',(5.010336571792,-76.42660156867));
#1054 = CARTESIAN_POINT('',(5.014996439459,-76.42817863649));
#1055 = CARTESIAN_POINT('',(5.019656343694,-76.42975499823));
#1056 = CARTESIAN_POINT('',(5.024316281649,-76.43133061241));
#1057 = CARTESIAN_POINT('',(5.028976250648,-76.43290543724));
#1058 = CARTESIAN_POINT('',(5.033636247996,-76.43447943097));
#1059 = CARTESIAN_POINT('',(5.038296271001,-76.43605255181));
#1060 = CARTESIAN_POINT('',(5.042956316976,-76.43762475801));
#1061 = CARTESIAN_POINT('',(5.047616383281,-76.43919600771));
#1062 = CARTESIAN_POINT('',(5.052276467313,-76.44076625879));
#1063 = CARTESIAN_POINT('',(5.056936566452,-76.44233546916));
#1064 = CARTESIAN_POINT('',(5.061596678087,-76.44390359676));
#1065 = CARTESIAN_POINT('',(5.06625679961,-76.44547059951));
#1066 = CARTESIAN_POINT('',(5.070916928474,-76.44703643514));
#1067 = CARTESIAN_POINT('',(5.075577062111,-76.44860106126));
#1068 = CARTESIAN_POINT('',(5.080237198016,-76.45016443555));
#1069 = CARTESIAN_POINT('',(5.084897333436,-76.45172651559));
#1070 = CARTESIAN_POINT('',(5.089557466585,-76.45328725924));
#1071 = CARTESIAN_POINT('',(5.094217600718,-76.4548466258));
#1072 = CARTESIAN_POINT('',(5.098877738531,-76.45640457442));
#1073 = CARTESIAN_POINT('',(5.103537882874,-76.45796106427));
#1074 = CARTESIAN_POINT('',(5.108198036547,-76.45951605454));
#1075 = CARTESIAN_POINT('',(5.112858202455,-76.46106950427));
#1076 = CARTESIAN_POINT('',(5.117518383524,-76.46262137239));
#1077 = CARTESIAN_POINT('',(5.122178582676,-76.46417161787));
#1078 = CARTESIAN_POINT('',(5.126838802823,-76.46572019966));
#1079 = CARTESIAN_POINT('',(5.131499046958,-76.46726707669));
#1080 = CARTESIAN_POINT('',(5.136159318269,-76.46881220777));
#1081 = CARTESIAN_POINT('',(5.140819619914,-76.47035555172));
#1082 = CARTESIAN_POINT('',(5.145479955058,-76.47189706734));
#1083 = CARTESIAN_POINT('',(5.150140326884,-76.47343671348));
#1084 = CARTESIAN_POINT('',(5.154800738633,-76.47497444877));
#1085 = CARTESIAN_POINT('',(5.159461193618,-76.47651023188));
#1086 = CARTESIAN_POINT('',(5.164121694893,-76.47804402138));
#1087 = CARTESIAN_POINT('',(5.168782246507,-76.4795757762));
#1088 = CARTESIAN_POINT('',(5.173442845757,-76.48110545292));
#1089 = CARTESIAN_POINT('',(5.178103487715,-76.48263300737));
#1090 = CARTESIAN_POINT('',(5.182764167993,-76.48415839559));
#1091 = CARTESIAN_POINT('',(5.187424882126,-76.48568157356));
#1092 = CARTESIAN_POINT('',(5.192085625407,-76.48720249712));
#1093 = CARTESIAN_POINT('',(5.196746392901,-76.48872112197));
#1094 = CARTESIAN_POINT('',(5.201407179737,-76.49023740386));
#1095 = CARTESIAN_POINT('',(5.206067980986,-76.49175129848));
#1096 = CARTESIAN_POINT('',(5.210728791951,-76.49326276161));
#1097 = CARTESIAN_POINT('',(5.215389607149,-76.49477174879));
#1098 = CARTESIAN_POINT('',(5.220050418372,-76.49627821483));
#1099 = CARTESIAN_POINT('',(5.224711217651,-76.49778211458));
#1100 = CARTESIAN_POINT('',(5.229371997225,-76.499283403));
#1101 = CARTESIAN_POINT('',(5.234032748086,-76.50078203464));
#1102 = CARTESIAN_POINT('',(5.238693465902,-76.50227796555));
#1103 = CARTESIAN_POINT('',(5.243354128838,-76.50377114625));
#1104 = CARTESIAN_POINT('',(5.248014832949,-76.50526156424));
#1105 = CARTESIAN_POINT('',(5.252675715404,-76.50674921987));
#1106 = CARTESIAN_POINT('',(5.257336903191,-76.50823411028));
#1107 = CARTESIAN_POINT('',(5.261998526068,-76.50971623346));
#1108 = CARTESIAN_POINT('',(5.266660713153,-76.51119558717));
#1109 = CARTESIAN_POINT('',(5.271323593503,-76.51267216933));
#1110 = CARTESIAN_POINT('',(5.275987297186,-76.51414597732));
#1111 = CARTESIAN_POINT('',(5.280651956539,-76.51561700749));
#1112 = CARTESIAN_POINT('',(5.28531770372,-76.5170852564));
#1113 = CARTESIAN_POINT('',(5.289984671167,-76.51855072048));
#1114 = CARTESIAN_POINT('',(5.294652991368,-76.52001339634));
#1115 = CARTESIAN_POINT('',(5.299322797216,-76.52147328006));
#1116 = CARTESIAN_POINT('',(5.303994222175,-76.52293036669));
#1117 = CARTESIAN_POINT('',(5.308667400305,-76.52438465153));
#1118 = CARTESIAN_POINT('',(5.313342464251,-76.52583612952));
#1119 = CARTESIAN_POINT('',(5.318019557454,-76.52728479769));
#1120 = CARTESIAN_POINT('',(5.322698827755,-76.52873065382));
#1121 = CARTESIAN_POINT('',(5.327380422266,-76.53017369554));
#1122 = CARTESIAN_POINT('',(5.33206448867,-76.53161392041));
#1123 = CARTESIAN_POINT('',(5.336751175349,-76.53305132445));
#1124 = CARTESIAN_POINT('',(5.341440631147,-76.53448590378));
#1125 = CARTESIAN_POINT('',(5.346133004937,-76.53591765459));
#1126 = CARTESIAN_POINT('',(5.35082844753,-76.53734657249));
#1127 = CARTESIAN_POINT('',(5.355527111393,-76.53877265256));
#1128 = CARTESIAN_POINT('',(5.3602291494,-76.54019589009));
#1129 = CARTESIAN_POINT('',(5.364934713929,-76.54161627998));
#1130 = CARTESIAN_POINT('',(5.369643962344,-76.54303381638));
#1131 = CARTESIAN_POINT('',(5.374357038759,-76.54444848935));
#1132 = CARTESIAN_POINT('',(5.379074139293,-76.54586030431));
#1133 = CARTESIAN_POINT('',(5.383795199966,-76.54726918894));
#1134 = CARTESIAN_POINT('',(5.388519959508,-76.54867501192));
#1135 = CARTESIAN_POINT('',(5.393248201621,-76.55007765512));
#1136 = CARTESIAN_POINT('',(5.397979698619,-76.55147699713));
#1137 = CARTESIAN_POINT('',(5.40271422569,-76.55287292039));
#1138 = CARTESIAN_POINT('',(5.407451557544,-76.55426530699));
#1139 = CARTESIAN_POINT('',(5.412191469471,-76.55565403875));
#1140 = CARTESIAN_POINT('',(5.416933737378,-76.5570389996));
#1141 = CARTESIAN_POINT('',(5.421678137545,-76.55842007472));
#1142 = CARTESIAN_POINT('',(5.426424446589,-76.55979714887));
#1143 = CARTESIAN_POINT('',(5.431172441187,-76.56117010741));
#1144 = CARTESIAN_POINT('',(5.435921896167,-76.5625388387));
#1145 = CARTESIAN_POINT('',(5.440672586674,-76.56390323076));
#1146 = CARTESIAN_POINT('',(5.445424287825,-76.56526317184));
#1147 = CARTESIAN_POINT('',(5.450176775502,-76.56661854968));
#1148 = CARTESIAN_POINT('',(5.454929823241,-76.56796925437));
#1149 = CARTESIAN_POINT('',(5.459683202366,-76.5693151779));
#1150 = CARTESIAN_POINT('',(5.464436684657,-76.57065621184));
#1151 = CARTESIAN_POINT('',(5.469190041764,-76.57199224791));
#1152 = CARTESIAN_POINT('',(5.473943045608,-76.57332317764));
#1153 = CARTESIAN_POINT('',(5.478695465386,-76.57464889674));
#1154 = CARTESIAN_POINT('',(5.483447069941,-76.57596930108));
#1155 = CARTESIAN_POINT('',(5.488197627963,-76.5772842866));
#1156 = CARTESIAN_POINT('',(5.492946908235,-76.57859374884));
#1157 = CARTESIAN_POINT('',(5.497694678675,-76.57989758515));
#1158 = CARTESIAN_POINT('',(5.502440703527,-76.5811956959));
#1159 = CARTESIAN_POINT('',(5.507184751576,-76.58248798208));
#1160 = CARTESIAN_POINT('',(5.511926574525,-76.58377434026));
#1161 = CARTESIAN_POINT('',(5.516666350707,-76.58505478357));
#1162 = CARTESIAN_POINT('',(5.521404278246,-76.58632933055));
#1163 = CARTESIAN_POINT('',(5.52614054953,-76.58759799861));
#1164 = CARTESIAN_POINT('',(5.530875358559,-76.58886080379));
#1165 = CARTESIAN_POINT('',(5.535608899222,-76.59011776052));
#1166 = CARTESIAN_POINT('',(5.540341365262,-76.59136888363));
#1167 = CARTESIAN_POINT('',(5.545072950262,-76.59261418758));
#1168 = CARTESIAN_POINT('',(5.549803848013,-76.59385368449));
#1169 = CARTESIAN_POINT('',(5.554534252255,-76.59508738663));
#1170 = CARTESIAN_POINT('',(5.559264356532,-76.59631530652));
#1171 = CARTESIAN_POINT('',(5.563994354993,-76.59753745449));
#1172 = CARTESIAN_POINT('',(5.568724442039,-76.59875384009));
#1173 = CARTESIAN_POINT('',(5.57345481204,-76.59996447335));
#1174 = CARTESIAN_POINT('',(5.578185659296,-76.60116936302));
#1175 = CARTESIAN_POINT('',(5.582917178101,-76.60236851576));
#1176 = CARTESIAN_POINT('',(5.587649562889,-76.60356193859));
#1177 = CARTESIAN_POINT('',(5.592383008149,-76.60474963842));
#1178 = CARTESIAN_POINT('',(5.597117709139,-76.60593161951));
#1179 = CARTESIAN_POINT('',(5.601853861418,-76.60710788599));
#1180 = CARTESIAN_POINT('',(5.606591660429,-76.60827844232));
#1181 = CARTESIAN_POINT('',(5.611331303377,-76.60944329114));
#1182 = CARTESIAN_POINT('',(5.616072988657,-76.610602434));
#1183 = CARTESIAN_POINT('',(5.620816914694,-76.61175587294));
#1184 = CARTESIAN_POINT('',(5.625563280375,-76.61290360893));
#1185 = CARTESIAN_POINT('',(5.630312286468,-76.61404564045));
#1186 = CARTESIAN_POINT('',(5.635064131777,-76.61518196585));
#1187 = CARTESIAN_POINT('',(5.639819023824,-76.6163125854));
#1188 = CARTESIAN_POINT('',(5.644576971588,-76.61743745058));
#1189 = CARTESIAN_POINT('',(5.649337974374,-76.61855651039));
#1190 = CARTESIAN_POINT('',(5.654102034638,-76.61966971441));
#1191 = CARTESIAN_POINT('',(5.658869154415,-76.6207770125));
#1192 = CARTESIAN_POINT('',(5.663639336249,-76.62187835479));
#1193 = CARTESIAN_POINT('',(5.668412583078,-76.62297369136));
#1194 = CARTESIAN_POINT('',(5.673188898224,-76.62406297236));
#1195 = CARTESIAN_POINT('',(5.677968285301,-76.6251461482));
#1196 = CARTESIAN_POINT('',(5.682750748352,-76.62622316924));
#1197 = CARTESIAN_POINT('',(5.687536291864,-76.62729398584));
#1198 = CARTESIAN_POINT('',(5.692324920569,-76.62835854874));
#1199 = CARTESIAN_POINT('',(5.697116639851,-76.62941680874));
#1200 = CARTESIAN_POINT('',(5.701911454629,-76.63046871641));
#1201 = CARTESIAN_POINT('',(5.706709375694,-76.63151422375));
#1202 = CARTESIAN_POINT('',(5.711510416663,-76.63255328342));
#1203 = CARTESIAN_POINT('',(5.716314591012,-76.6335858479));
#1204 = CARTESIAN_POINT('',(5.721121912759,-76.63461186982));
#1205 = CARTESIAN_POINT('',(5.725932396266,-76.63563130193));
#1206 = CARTESIAN_POINT('',(5.730746056272,-76.63664409691));
#1207 = CARTESIAN_POINT('',(5.735562908288,-76.6376502076));
#1208 = CARTESIAN_POINT('',(5.740382970339,-76.63864958754));
#1209 = CARTESIAN_POINT('',(5.745206260864,-76.6396421902));
#1210 = CARTESIAN_POINT('',(5.750032798176,-76.64062796901));
#1211 = CARTESIAN_POINT('',(5.754862603439,-76.6416068777));
#1212 = CARTESIAN_POINT('',(5.759695689694,-76.64257886836));
#1213 = CARTESIAN_POINT('',(5.764532102567,-76.64354389917));
#1214 = CARTESIAN_POINT('',(5.769371688519,-76.64450189047));
#1215 = CARTESIAN_POINT('',(5.774214210668,-76.64545274697));
#1216 = CARTESIAN_POINT('',(5.779059453326,-76.64639637656));
#1217 = CARTESIAN_POINT('',(5.783907194643,-76.64733268921));
#1218 = CARTESIAN_POINT('',(5.788757213106,-76.64826159854));
#1219 = CARTESIAN_POINT('',(5.79360928771,-76.64918301757));
#1220 = CARTESIAN_POINT('',(5.798463196555,-76.6500968589));
#1221 = CARTESIAN_POINT('',(5.803318739815,-76.65100304497));
#1222 = CARTESIAN_POINT('',(5.808175719531,-76.65190149899));
#1223 = CARTESIAN_POINT('',(5.813033937481,-76.65279214397));
#1224 = CARTESIAN_POINT('',(5.817893195886,-76.65367490297));
#1225 = CARTESIAN_POINT('',(5.822753272991,-76.65454970163));
#1226 = CARTESIAN_POINT('',(5.827613946895,-76.6554164656));
#1227 = CARTESIAN_POINT('',(5.83247499613,-76.65627512049));
#1228 = CARTESIAN_POINT('',(5.837336198045,-76.65712559206));
#1229 = CARTESIAN_POINT('',(5.842197335075,-76.65796780558));
#1230 = CARTESIAN_POINT('',(5.847058169785,-76.65880168821));
#1231 = CARTESIAN_POINT('',(5.851918419801,-76.65962717117));
#1232 = CARTESIAN_POINT('',(5.85677780959,-76.660444185));
#1233 = CARTESIAN_POINT('',(5.86163606191,-76.66125266052));
#1234 = CARTESIAN_POINT('',(5.866492897712,-76.66205252812));
#1235 = CARTESIAN_POINT('',(5.871348045546,-76.66284371961));
#1236 = CARTESIAN_POINT('',(5.876201204484,-76.66362616158));
#1237 = CARTESIAN_POINT('',(5.881052191117,-76.66439980141));
#1238 = CARTESIAN_POINT('',(5.885901173461,-76.66516464873));
#1239 = CARTESIAN_POINT('',(5.890748267928,-76.66592070409));
#1240 = CARTESIAN_POINT('',(5.895593604631,-76.66666797048));
#1241 = CARTESIAN_POINT('',(5.9004373087,-76.66740645018));
#1242 = CARTESIAN_POINT('',(5.90527950962,-76.66813614593));
#1243 = CARTESIAN_POINT('',(5.910120322428,-76.6688570593));
#1244 = CARTESIAN_POINT('',(5.914959935052,-76.66956919777));
#1245 = CARTESIAN_POINT('',(5.919798583556,-76.67027257265));
#1246 = CARTESIAN_POINT('',(5.924636492146,-76.67096719433));
#1247 = CARTESIAN_POINT('',(5.929473890748,-76.67165307363));
#1248 = CARTESIAN_POINT('',(5.934310997768,-76.67233022055));
#1249 = CARTESIAN_POINT('',(5.939148099261,-76.67299864981));
#1250 = CARTESIAN_POINT('',(5.943985504259,-76.67365837726));
#1251 = CARTESIAN_POINT('',(5.948823526164,-76.67430942046));
#1252 = CARTESIAN_POINT('',(5.953662424679,-76.67495178613));
#1253 = CARTESIAN_POINT('',(5.958502420875,-76.67558547316));
#1254 = CARTESIAN_POINT('',(5.963343743462,-76.67621048256));
#1255 = CARTESIAN_POINT('',(5.968186625574,-76.67682681326));
#1256 = CARTESIAN_POINT('',(5.973031309154,-76.67743446249));
#1257 = CARTESIAN_POINT('',(5.977878034934,-76.67803342766));
#1258 = CARTESIAN_POINT('',(5.982727043203,-76.67862370669));
#1259 = CARTESIAN_POINT('',(5.987578578978,-76.67920529506));
#1260 = CARTESIAN_POINT('',(5.992432898207,-76.67977818258));
#1261 = CARTESIAN_POINT('',(5.997290256577,-76.68034236008));
#1262 = CARTESIAN_POINT('',(6.002150907231,-76.68089781773));
#1263 = CARTESIAN_POINT('',(6.007015116646,-76.68144454731));
#1264 = CARTESIAN_POINT('',(6.011883102003,-76.68198253472));
#1265 = CARTESIAN_POINT('',(6.016754754819,-76.68251172758));
#1266 = CARTESIAN_POINT('',(6.021629997963,-76.68303207712));
#1267 = CARTESIAN_POINT('',(6.026508746567,-76.68354353359));
#1268 = CARTESIAN_POINT('',(6.03139091853,-76.6840460475));
#1269 = CARTESIAN_POINT('',(6.036276431776,-76.68453956937));
#1270 = CARTESIAN_POINT('',(6.041165205474,-76.68502405525));
#1271 = CARTESIAN_POINT('',(6.046057159125,-76.6854994611));
#1272 = CARTESIAN_POINT('',(6.05095221268,-76.68596574292));
#1273 = CARTESIAN_POINT('',(6.055850286552,-76.68642285663));
#1274 = CARTESIAN_POINT('',(6.060751301613,-76.68687076086));
#1275 = CARTESIAN_POINT('',(6.065655179135,-76.6873094144));
#1276 = CARTESIAN_POINT('',(6.070561840807,-76.68773877593));
#1277 = CARTESIAN_POINT('',(6.075471211265,-76.68815880719));
#1278 = CARTESIAN_POINT('',(6.080383215532,-76.6885694699));
#1279 = CARTESIAN_POINT('',(6.085297779032,-76.68897072588));
#1280 = CARTESIAN_POINT('',(6.090214827381,-76.68936253964));
#1281 = CARTESIAN_POINT('',(6.095134286571,-76.68974487542));
#1282 = CARTESIAN_POINT('',(6.100056082838,-76.69011769803));
#1283 = CARTESIAN_POINT('',(6.104980142115,-76.69048097472));
#1284 = CARTESIAN_POINT('',(6.109906390768,-76.69083467217));
#1285 = CARTESIAN_POINT('',(6.114834755299,-76.69117875834));
#1286 = CARTESIAN_POINT('',(6.119765162551,-76.69151320311));
#1287 = CARTESIAN_POINT('',(6.124697538775,-76.69183797563));
#1288 = CARTESIAN_POINT('',(6.129631816553,-76.69215304762));
#1289 = CARTESIAN_POINT('',(6.134567930998,-76.69245839169));
#1290 = CARTESIAN_POINT('',(6.139505816938,-76.6927539803));
#1291 = CARTESIAN_POINT('',(6.144445409543,-76.69303978835));
#1292 = CARTESIAN_POINT('',(6.149386644118,-76.69331579038));
#1293 = CARTESIAN_POINT('',(6.154329456513,-76.69358196213));
#1294 = CARTESIAN_POINT('',(6.15927378316,-76.69383828109));
#1295 = CARTESIAN_POINT('',(6.164219560674,-76.69408472419));
#1296 = CARTESIAN_POINT('',(6.169166725731,-76.69432127044));
#1297 = CARTESIAN_POINT('',(6.174115215352,-76.69454789913));
#1298 = CARTESIAN_POINT('',(6.179064966026,-76.69476459003));
#1299 = CARTESIAN_POINT('',(6.184015911082,-76.69497132556));
#1300 = CARTESIAN_POINT('',(6.188967984334,-76.69516808769));
#1301 = CARTESIAN_POINT('',(6.193921119991,-76.69535485926));
#1302 = CARTESIAN_POINT('',(6.198875252665,-76.69553162355));
#1303 = CARTESIAN_POINT('',(6.20383031711,-76.69569836397));
#1304 = CARTESIAN_POINT('',(6.208786248296,-76.69585506307));
#1305 = CARTESIAN_POINT('',(6.213742981512,-76.69600170715));
#1306 = CARTESIAN_POINT('',(6.218700452178,-76.69613828903));
#1307 = CARTESIAN_POINT('',(6.223658595625,-76.69626480036));
#1308 = CARTESIAN_POINT('',(6.228617347177,-76.69638123308));
#1309 = CARTESIAN_POINT('',(6.233576642165,-76.69648757908));
#1310 = CARTESIAN_POINT('',(6.238536415957,-76.69658383023));
#1311 = CARTESIAN_POINT('',(6.243496603978,-76.69666997849));
#1312 = CARTESIAN_POINT('',(6.248457141813,-76.69674601475));
#1313 = CARTESIAN_POINT('',(6.253417965223,-76.69681192967));
#1314 = CARTESIAN_POINT('',(6.258379010161,-76.696867714));
#1315 = CARTESIAN_POINT('',(6.263340212805,-76.69691335845));
#1316 = CARTESIAN_POINT('',(6.268301509583,-76.69694885375));
#1317 = CARTESIAN_POINT('',(6.273262837209,-76.69697419061));
#1318 = CARTESIAN_POINT('',(6.278224132668,-76.69698935977));
#1319 = CARTESIAN_POINT('',(6.281531599831,-76.69699268788));
#1320 = CARTESIAN_POINT('',(6.28318530718,-76.69699265422));
#1321 = ( GEOMETRIC_REPRESENTATION_CONTEXT(2) 
PARAMETRIC_REPRESENTATION_CONTEXT() REPRESENTATION_CONTEXT('2D SPACE',''
  ) );
#1322 = PCURVE('',#857,#1323);
#1323 = DEFINITIONAL_REPRESENTATION('',(#1324),#1417);
#1324 = B_SPLINE_CURVE_WITH_KNOTS('',10,(#1325,#1326,#1327,#1328,#1329,
    #1330,#1331,#1332,#1333,#1334,#1335,#1336,#1337,#1338,#1339,#1340,
    #1341,#1342,#1343,#1344,#1345,#1346,#1347,#1348,#1349,#1350,#1351,
    #1352,#1353,#1354,#1355,#1356,#1357,#1358,#1359,#1360,#1361,#1362,
    #1363,#1364,#1365,#1366,#1367,#1368,#1369,#1370,#1371,#1372,#1373,
    #1374,#1375,#1376,#1377,#1378,#1379,#1380,#1381,#1382,#1383,#1384,
    #1385,#1386,#1387,#1388,#1389,#1390,#1391,#1392,#1393,#1394,#1395,
    #1396,#1397,#1398,#1399,#1400,#1401,#1402,#1403,#1404,#1405,#1406,
    #1407,#1408,#1409,#1410,#1411,#1412,#1413,#1414,#1415,#1416),
  .UNSPECIFIED.,.F.,.F.,(11,9,9,9,9,9,9,9,9,9,11),(0.,0.25,0.34375,
    0.42578125,0.49755859375,0.560363769531,0.670272827149,
    0.752704620361,0.814528465271,0.907264232636,1.),.UNSPECIFIED.);
#1325 = CARTESIAN_POINT('',(5.817432261696,16.));
#1326 = CARTESIAN_POINT('',(5.820125611298,15.999999837451));
#1327 = CARTESIAN_POINT('',(5.822823075142,16.00163495602));
#1328 = CARTESIAN_POINT('',(5.825518757607,16.004906279113));
#1329 = CARTESIAN_POINT('',(5.828207176374,16.009812476028));
#1330 = CARTESIAN_POINT('',(5.830882878465,16.016347974936));
#1331 = CARTESIAN_POINT('',(5.833540227414,16.024501752965));
#1332 = CARTESIAN_POINT('',(5.836173361543,16.034256903387));
#1333 = CARTESIAN_POINT('',(5.838776323368,16.045590979917));
#1334 = CARTESIAN_POINT('',(5.84134336012,16.058477118103));
#1335 = CARTESIAN_POINT('',(5.844816658607,16.078289239741));
#1336 = CARTESIAN_POINT('',(5.845758145599,16.083906665907));
#1337 = CARTESIAN_POINT('',(5.846693593171,16.089736726503));
#1338 = CARTESIAN_POINT('',(5.847622734686,16.095777867834));
#1339 = CARTESIAN_POINT('',(5.848545299831,16.102028447929));
#1340 = CARTESIAN_POINT('',(5.849461014395,16.108486716125));
#1341 = CARTESIAN_POINT('',(5.850369600041,16.115150792657));
#1342 = CARTESIAN_POINT('',(5.851270774081,16.122018648238));
#1343 = CARTESIAN_POINT('',(5.852164249255,16.129088083644));
#1344 = CARTESIAN_POINT('',(5.853824532219,16.142716756755));
#1345 = CARTESIAN_POINT('',(5.854593228247,16.149229503195));
#1346 = CARTESIAN_POINT('',(5.855355858036,16.155895265016));
#1347 = CARTESIAN_POINT('',(5.856112454485,16.162714563959));
#1348 = CARTESIAN_POINT('',(5.856863047365,16.169688143588));
#1349 = CARTESIAN_POINT('',(5.857607663741,16.176816985764));
#1350 = CARTESIAN_POINT('',(5.858346328396,16.18410232712));
#1351 = CARTESIAN_POINT('',(5.859079064245,16.191545675532));
#1352 = CARTESIAN_POINT('',(5.859805892763,16.199148826601));
#1353 = CARTESIAN_POINT('',(5.861157658339,16.21370830195));
#1354 = CARTESIAN_POINT('',(5.86178399774,16.220626946786));
#1355 = CARTESIAN_POINT('',(5.86240587141,16.227671375801));
#1356 = CARTESIAN_POINT('',(5.863022735242,16.234836984015));
#1357 = CARTESIAN_POINT('',(5.863634089826,16.242119226803));
#1358 = CARTESIAN_POINT('',(5.864239621394,16.249515089184));
#1359 = CARTESIAN_POINT('',(5.864839084024,16.257021906445));
#1360 = CARTESIAN_POINT('',(5.865432130983,16.264635644627));
#1361 = CARTESIAN_POINT('',(5.866018303132,16.272350749451));
#1362 = CARTESIAN_POINT('',(5.867104076557,16.286999979641));
#1363 = CARTESIAN_POINT('',(5.867605299077,16.293910607684));
#1364 = CARTESIAN_POINT('',(5.868101031229,16.300895535475));
#1365 = CARTESIAN_POINT('',(5.868590529105,16.307943643021));
#1366 = CARTESIAN_POINT('',(5.869073993196,16.315057069086));
#1367 = CARTESIAN_POINT('',(5.869551850647,16.322241461707));
#1368 = CARTESIAN_POINT('',(5.870024067977,16.329496287932));
#1369 = CARTESIAN_POINT('',(5.870490431484,16.336818591138));
#1370 = CARTESIAN_POINT('',(5.870951251793,16.344212806084));
#1371 = CARTESIAN_POINT('',(5.872203097234,16.364743364262));
#1372 = CARTESIAN_POINT('',(5.872982569148,16.378026909137));
#1373 = CARTESIAN_POINT('',(5.873745576333,16.391542893252));
#1374 = CARTESIAN_POINT('',(5.874489874812,16.405251922086));
#1375 = CARTESIAN_POINT('',(5.875222329167,16.419284335803));
#1376 = CARTESIAN_POINT('',(5.875932598603,16.433463103604));
#1377 = CARTESIAN_POINT('',(5.87662786874,16.447915028548));
#1378 = CARTESIAN_POINT('',(5.877303786889,16.462571047479));
#1379 = CARTESIAN_POINT('',(5.877961208181,16.477448670099));
#1380 = CARTESIAN_POINT('',(5.8790781144,16.503858622206));
#1381 = CARTESIAN_POINT('',(5.879546015722,16.515297524162));
#1382 = CARTESIAN_POINT('',(5.880003003227,16.52685773806));
#1383 = CARTESIAN_POINT('',(5.880448484099,16.538525814607));
#1384 = CARTESIAN_POINT('',(5.880882014118,16.55029233111));
#1385 = CARTESIAN_POINT('',(5.881303366195,16.562153453831));
#1386 = CARTESIAN_POINT('',(5.881712333625,16.574104267148));
#1387 = CARTESIAN_POINT('',(5.882108534603,16.586132510776));
#1388 = CARTESIAN_POINT('',(5.882491484565,16.59822136629));
#1389 = CARTESIAN_POINT('',(5.883138491645,16.619481360119));
#1390 = CARTESIAN_POINT('',(5.88340834925,16.628626789725));
#1391 = CARTESIAN_POINT('',(5.883670814659,16.637806539648));
#1392 = CARTESIAN_POINT('',(5.883925880957,16.647019564806));
#1393 = CARTESIAN_POINT('',(5.884173582225,16.656266606877));
#1394 = CARTESIAN_POINT('',(5.884413991673,16.665550206111));
#1395 = CARTESIAN_POINT('',(5.884647176443,16.674873151015));
#1396 = CARTESIAN_POINT('',(5.884873154475,16.684236940484));
#1397 = CARTESIAN_POINT('',(5.88509189882,16.693641832886));
#1398 = CARTESIAN_POINT('',(5.885620738758,16.717262392407));
#1399 = CARTESIAN_POINT('',(5.885921830879,16.731532501391));
#1400 = CARTESIAN_POINT('',(5.886206486961,16.745898044552));
#1401 = CARTESIAN_POINT('',(5.886475903797,16.760415510973));
#1402 = CARTESIAN_POINT('',(5.886726652738,16.77494868869));
#1403 = CARTESIAN_POINT('',(5.88696212566,16.789640196366));
#1404 = CARTESIAN_POINT('',(5.887179217243,16.804365209304));
#1405 = CARTESIAN_POINT('',(5.887379261767,16.819180403691));
#1406 = CARTESIAN_POINT('',(5.887561511333,16.834055077201));
#1407 = CARTESIAN_POINT('',(5.887890341929,16.863919216402));
#1408 = CARTESIAN_POINT('',(5.88803692216,16.878908172209));
#1409 = CARTESIAN_POINT('',(5.888165483933,16.893946965637));
#1410 = CARTESIAN_POINT('',(5.8882758881,16.909028401719));
#1411 = CARTESIAN_POINT('',(5.888368031343,16.924145174222));
#1412 = CARTESIAN_POINT('',(5.88844183775,16.939289900752));
#1413 = CARTESIAN_POINT('',(5.888497250398,16.954455157871));
#1414 = CARTESIAN_POINT('',(5.888534222938,16.969633516203));
#1415 = CARTESIAN_POINT('',(5.888552711174,16.98481757555));
#1416 = CARTESIAN_POINT('',(5.888552664645,17.));
#1417 = ( GEOMETRIC_REPRESENTATION_CONTEXT(2) 
PARAMETRIC_REPRESENTATION_CONTEXT() REPRESENTATION_CONTEXT('2D SPACE',''
  ) );
#1418 = ORIENTED_EDGE('',*,*,#1419,.T.);
#1419 = EDGE_CURVE('',#899,#182,#1420,.T.);
#1420 = SURFACE_CURVE('',#1421,(#1425,#1432),.PCURVE_S1.);
#1421 = LINE('',#1422,#1423);
#1422 = CARTESIAN_POINT('',(13.847067963615,-5.767036397581,-30.));
#1423 = VECTOR('',#1424,1.);
#1424 = DIRECTION('',(0.707106781187,-0.707106781187,0.));
#1425 = PCURVE('',#209,#1426);
#1426 = DEFINITIONAL_REPRESENTATION('',(#1427),#1431);
#1427 = LINE('',#1428,#1429);
#1428 = CARTESIAN_POINT('',(6.28318530718,-76.69699265422));
#1429 = VECTOR('',#1430,1.);
#1430 = DIRECTION('',(0.,1.));
#1431 = ( GEOMETRIC_REPRESENTATION_CONTEXT(2) 
PARAMETRIC_REPRESENTATION_CONTEXT() REPRESENTATION_CONTEXT('2D SPACE',''
  ) );
#1432 = PCURVE('',#242,#1433);
#1433 = DEFINITIONAL_REPRESENTATION('',(#1434),#1438);
#1434 = LINE('',#1435,#1436);
#1435 = CARTESIAN_POINT('',(-76.69699265422,-76.));
#1436 = VECTOR('',#1437,1.);
#1437 = DIRECTION('',(1.,0.));
#1438 = ( GEOMETRIC_REPRESENTATION_CONTEXT(2) 
PARAMETRIC_REPRESENTATION_CONTEXT() REPRESENTATION_CONTEXT('2D SPACE',''
  ) );
#1439 = ORIENTED_EDGE('',*,*,#181,.F.);
#1440 = ORIENTED_EDGE('',*,*,#817,.T.);
#1441 = ADVANCED_FACE('',(#1442),#242,.F.);
#1442 = FACE_BOUND('',#1443,.F.);
#1443 = EDGE_LOOP('',(#1444,#1445,#1468,#1489));
#1444 = ORIENTED_EDGE('',*,*,#227,.T.);
#1445 = ORIENTED_EDGE('',*,*,#1446,.T.);
#1446 = EDGE_CURVE('',#228,#1447,#1449,.T.);
#1447 = VERTEX_POINT('',#1448);
#1448 = CARTESIAN_POINT('',(13.847067963615,-5.767036397581,-17.));
#1449 = SURFACE_CURVE('',#1450,(#1454,#1461),.PCURVE_S1.);
#1450 = LINE('',#1451,#1452);
#1451 = CARTESIAN_POINT('',(53.511076347485,-45.43104478145,-17.));
#1452 = VECTOR('',#1453,1.);
#1453 = DIRECTION('',(-0.707106781187,0.707106781187,0.));
#1454 = PCURVE('',#242,#1455);
#1455 = DEFINITIONAL_REPRESENTATION('',(#1456),#1460);
#1456 = LINE('',#1457,#1458);
#1457 = CARTESIAN_POINT('',(-20.60361405967,-63.));
#1458 = VECTOR('',#1459,1.);
#1459 = DIRECTION('',(-1.,0.));
#1460 = ( GEOMETRIC_REPRESENTATION_CONTEXT(2) 
PARAMETRIC_REPRESENTATION_CONTEXT() REPRESENTATION_CONTEXT('2D SPACE',''
  ) );
#1461 = PCURVE('',#281,#1462);
#1462 = DEFINITIONAL_REPRESENTATION('',(#1463),#1467);
#1463 = LINE('',#1464,#1465);
#1464 = CARTESIAN_POINT('',(3.14159265359,20.603614059677));
#1465 = VECTOR('',#1466,1.);
#1466 = DIRECTION('',(0.,1.));
#1467 = ( GEOMETRIC_REPRESENTATION_CONTEXT(2) 
PARAMETRIC_REPRESENTATION_CONTEXT() REPRESENTATION_CONTEXT('2D SPACE',''
  ) );
#1468 = ORIENTED_EDGE('',*,*,#1469,.F.);
#1469 = EDGE_CURVE('',#899,#1447,#1470,.T.);
#1470 = SURFACE_CURVE('',#1471,(#1475,#1482),.PCURVE_S1.);
#1471 = LINE('',#1472,#1473);
#1472 = CARTESIAN_POINT('',(13.847067963615,-5.767036397581,-30.));
#1473 = VECTOR('',#1474,1.);
#1474 = DIRECTION('',(0.,0.,1.));
#1475 = PCURVE('',#242,#1476);
#1476 = DEFINITIONAL_REPRESENTATION('',(#1477),#1481);
#1477 = LINE('',#1478,#1479);
#1478 = CARTESIAN_POINT('',(-76.69699265422,-76.));
#1479 = VECTOR('',#1480,1.);
#1480 = DIRECTION('',(0.,1.));
#1481 = ( GEOMETRIC_REPRESENTATION_CONTEXT(2) 
PARAMETRIC_REPRESENTATION_CONTEXT() REPRESENTATION_CONTEXT('2D SPACE',''
  ) );
#1482 = PCURVE('',#857,#1483);
#1483 = DEFINITIONAL_REPRESENTATION('',(#1484),#1488);
#1484 = LINE('',#1485,#1486);
#1485 = CARTESIAN_POINT('',(5.888552664645,17.));
#1486 = VECTOR('',#1487,1.);
#1487 = DIRECTION('',(0.,1.));
#1488 = ( GEOMETRIC_REPRESENTATION_CONTEXT(2) 
PARAMETRIC_REPRESENTATION_CONTEXT() REPRESENTATION_CONTEXT('2D SPACE',''
  ) );
#1489 = ORIENTED_EDGE('',*,*,#1419,.T.);
#1490 = ADVANCED_FACE('',(#1491),#281,.T.);
#1491 = FACE_BOUND('',#1492,.T.);
#1492 = EDGE_LOOP('',(#1493,#1494,#1495,#2007));
#1493 = ORIENTED_EDGE('',*,*,#253,.T.);
#1494 = ORIENTED_EDGE('',*,*,#1446,.T.);
#1495 = ORIENTED_EDGE('',*,*,#1496,.T.);
#1496 = EDGE_CURVE('',#1447,#1497,#1499,.T.);
#1497 = VERTEX_POINT('',#1498);
#1498 = CARTESIAN_POINT('',(13.402254441605,-6.736436437945,-16.));
#1499 = SURFACE_CURVE('',#1500,(#1578,#1893),.PCURVE_S1.);
#1500 = B_SPLINE_CURVE_WITH_KNOTS('',3,(#1501,#1502,#1503,#1504,#1505,
    #1506,#1507,#1508,#1509,#1510,#1511,#1512,#1513,#1514,#1515,#1516,
    #1517,#1518,#1519,#1520,#1521,#1522,#1523,#1524,#1525,#1526,#1527,
    #1528,#1529,#1530,#1531,#1532,#1533,#1534,#1535,#1536,#1537,#1538,
    #1539,#1540,#1541,#1542,#1543,#1544,#1545,#1546,#1547,#1548,#1549,
    #1550,#1551,#1552,#1553,#1554,#1555,#1556,#1557,#1558,#1559,#1560,
    #1561,#1562,#1563,#1564,#1565,#1566,#1567,#1568,#1569,#1570,#1571,
    #1572,#1573,#1574,#1575,#1576,#1577),.UNSPECIFIED.,.F.,.F.,(4,1,1,1,
    1,1,1,1,1,1,1,1,1,1,1,1,1,1,1,1,1,1,1,1,1,1,1,1,1,1,1,1,1,1,1,1,1,1,
    1,1,1,1,1,1,1,1,1,1,1,1,1,1,1,1,1,1,1,1,1,1,1,1,1,1,1,1,1,1,1,1,1,1,
    1,1,4),(0.,8.931895656047E-03,1.790167632473E-02,2.690328309127E-02,
    3.594168413736E-02,4.499588667581E-02,5.407237365772E-02,
    6.315892351272E-02,7.225595233128E-02,8.135242185073E-02,
    9.045220872062E-02,9.955363367546E-02,0.108658435553,0.11776124509,
    0.126867632698,0.135975198515,0.145090170755,0.154215828301,
    0.166659297173,0.179355237346,0.192294223295,0.202388955513,
    0.212694155351,0.22332412419,0.234083498523,0.249123194723,
    0.264569875117,0.280409141268,0.292631885245,0.304995222385,
    0.321688353892,0.338549437298,0.355587928868,0.368808475086,
    0.382232037917,0.396187966892,0.410482926022,0.425215771405,
    0.440051421143,0.456859750791,0.475535477812,0.502895381544,
    0.530240512126,0.557634269218,0.577848287061,0.597685176433,
    0.618597703972,0.640994414162,0.664726730931,0.688309524518,
    0.710006849298,0.73000090153,0.74646754522,0.761105932676,
    0.773801861168,0.786372998548,0.798554250893,0.810459364993,
    0.825584168913,0.840254431694,0.854461394104,0.864621945176,
    0.874693919113,0.88447376593,0.894043217563,0.903265226868,
    0.912353264148,0.92199459461,0.932325163834,0.94677016707,
    0.960968696176,0.974920786472,0.984240745665,0.992600853105,1.),
  .UNSPECIFIED.);
#1501 = CARTESIAN_POINT('',(13.847067963615,-5.767036397581,-17.));
#1502 = CARTESIAN_POINT('',(13.847067958982,-5.767036406525,
    -16.99512597686));
#1503 = CARTESIAN_POINT('',(13.847038270228,-5.767107695318,
    -16.98536989756));
#1504 = CARTESIAN_POINT('',(13.84690486008,-5.767428010927,
    -16.97074648927));
#1505 = CARTESIAN_POINT('',(13.846682061692,-5.767962902245,
    -16.95610424489));
#1506 = CARTESIAN_POINT('',(13.846369642546,-5.768712855275,
    -16.94145567581));
#1507 = CARTESIAN_POINT('',(13.845967430022,-5.769678186345,
    -16.92680641731));
#1508 = CARTESIAN_POINT('',(13.845475704111,-5.770858096703,
    -16.91217224084));
#1509 = CARTESIAN_POINT('',(13.844894547308,-5.772252233949,
    -16.89755732583));
#1510 = CARTESIAN_POINT('',(13.844224546772,-5.773859007954,
    -16.88297519831));
#1511 = CARTESIAN_POINT('',(13.843466088661,-5.775677284715,
    -16.86843068479));
#1512 = CARTESIAN_POINT('',(13.842619457388,-5.777706148457,
    -16.85392590223));
#1513 = CARTESIAN_POINT('',(13.841684442423,-5.779945842847,
    -16.83945620687));
#1514 = CARTESIAN_POINT('',(13.840661018288,-5.782396140993,
    -16.82502191689));
#1515 = CARTESIAN_POINT('',(13.839548807804,-5.785057630783,
    -16.81061954783));
#1516 = CARTESIAN_POINT('',(13.838347470318,-5.787930784389,
    -16.79624784106));
#1517 = CARTESIAN_POINT('',(13.837055996399,-5.791017643325,
    -16.78189950941));
#1518 = CARTESIAN_POINT('',(13.835673257404,-5.794320501427,
    -16.76756853975));
#1519 = CARTESIAN_POINT('',(13.834019483967,-5.798268028305,
    -16.75151782179));
#1520 = CARTESIAN_POINT('',(13.832038415163,-5.802992735621,
    -16.73364821421));
#1521 = CARTESIAN_POINT('',(13.829665166691,-5.808646577959,
    -16.71388930257));
#1522 = CARTESIAN_POINT('',(13.827276925939,-5.814329330856,
    -16.69547209987));
#1523 = CARTESIAN_POINT('',(13.824916036932,-5.819940504297,
    -16.67841163584));
#1524 = CARTESIAN_POINT('',(13.822611575225,-5.8254117293,
    -16.66264831824));
#1525 = CARTESIAN_POINT('',(13.820147983653,-5.831254070669,
    -16.6466819635));
#1526 = CARTESIAN_POINT('',(13.817190848848,-5.838258283279,
    -16.62850440439));
#1527 = CARTESIAN_POINT('',(13.813671756595,-5.846580871593,
    -16.60815533446));
#1528 = CARTESIAN_POINT('',(13.809492679275,-5.856445447861,
    -16.5855995292));
#1529 = CARTESIAN_POINT('',(13.805349154187,-5.866205926671,
    -16.56469717346));
#1530 = CARTESIAN_POINT('',(13.801316762556,-5.875686018006,
    -16.54550762742));
#1531 = CARTESIAN_POINT('',(13.797035575868,-5.885733211055,
    -16.52611873035));
#1532 = CARTESIAN_POINT('',(13.792056963817,-5.897391979804,
    -16.50481844248));
#1533 = CARTESIAN_POINT('',(13.786295768088,-5.910848026104,
    -16.48169494576));
#1534 = CARTESIAN_POINT('',(13.780677297973,-5.923934429116,
    -16.460516326));
#1535 = CARTESIAN_POINT('',(13.775265052648,-5.936507946765,
    -16.4412012902));
#1536 = CARTESIAN_POINT('',(13.770072013199,-5.948544112078,
    -16.42352422676));
#1537 = CARTESIAN_POINT('',(13.76457407163,-5.961255622681,
    -16.40568281535));
#1538 = CARTESIAN_POINT('',(13.75873011714,-5.97473190684,-16.3876180995
    ));
#1539 = CARTESIAN_POINT('',(13.752590488317,-5.988851120228,
    -16.36955175436));
#1540 = CARTESIAN_POINT('',(13.745916105583,-6.004156078138,
    -16.35086178149));
#1541 = CARTESIAN_POINT('',(13.738463370683,-6.021192295365,
    -16.33105986395));
#1542 = CARTESIAN_POINT('',(13.72886246726,-6.043059930911,
    -16.30699758573));
#1543 = CARTESIAN_POINT('',(13.717211666642,-6.069469921469,
    -16.27991739997));
#1544 = CARTESIAN_POINT('',(13.703598119801,-6.100146582479,
    -16.25098233072));
#1545 = CARTESIAN_POINT('',(13.690639225745,-6.129169371454,
    -16.22581303483));
#1546 = CARTESIAN_POINT('',(13.678579361257,-6.15602967303,
    -16.20418011202));
#1547 = CARTESIAN_POINT('',(13.667388127719,-6.180837735066,
    -16.18542411056));
#1548 = CARTESIAN_POINT('',(13.655507922939,-6.207044478056,
    -16.16686746531));
#1549 = CARTESIAN_POINT('',(13.642592395719,-6.235384791054,
    -16.14818088142));
#1550 = CARTESIAN_POINT('',(13.628855516704,-6.26535544666,
    -16.12990622304));
#1551 = CARTESIAN_POINT('',(13.614977627098,-6.295454282882,
    -16.11301762777));
#1552 = CARTESIAN_POINT('',(13.601595239056,-6.324311913064,
    -16.09811553759));
#1553 = CARTESIAN_POINT('',(13.589457538946,-6.350345748008,
    -16.08570902993));
#1554 = CARTESIAN_POINT('',(13.57862430702,-6.373472005982,
    -16.07547364978));
#1555 = CARTESIAN_POINT('',(13.569212065703,-6.393483279101,
    -16.06718574211));
#1556 = CARTESIAN_POINT('',(13.560533301846,-6.411868833717,
    -16.06002370871));
#1557 = CARTESIAN_POINT('',(13.552296884999,-6.429259012092,
    -16.05364058355));
#1558 = CARTESIAN_POINT('',(13.544152001201,-6.446399303495,
    -16.04772315791));
#1559 = CARTESIAN_POINT('',(13.535360113834,-6.464841596892,
    -16.04174406449));
#1560 = CARTESIAN_POINT('',(13.525922530021,-6.484566598288,
    -16.03581019708));
#1561 = CARTESIAN_POINT('',(13.515873767231,-6.505484695329,
    -16.03005108634));
#1562 = CARTESIAN_POINT('',(13.50689227706,-6.52410817913,
    -16.02537963037));
#1563 = CARTESIAN_POINT('',(13.498927651832,-6.540568701181,
    -16.02158765983));
#1564 = CARTESIAN_POINT('',(13.491961678778,-6.554925914687,
    -16.01852251858));
#1565 = CARTESIAN_POINT('',(13.485108113268,-6.569013541757,
    -16.0157467908));
#1566 = CARTESIAN_POINT('',(13.478428512584,-6.582707670213,
    -16.01326719187));
#1567 = CARTESIAN_POINT('',(13.471887299864,-6.596084021269,
    -16.01105165631));
#1568 = CARTESIAN_POINT('',(13.465305862709,-6.609509319632,
    -16.00902933069));
#1569 = CARTESIAN_POINT('',(13.458437536785,-6.623484366859,
    -16.00713801305));
#1570 = CARTESIAN_POINT('',(13.450269105351,-6.640059877419,
    -16.00516470651));
#1571 = CARTESIAN_POINT('',(13.440969739877,-6.658867122551,
    -16.00330514309));
#1572 = CARTESIAN_POINT('',(13.43074246891,-6.679470829076,
    -16.0017487231));
#1573 = CARTESIAN_POINT('',(13.421693629487,-6.697631008722,
    -16.00079391322));
#1574 = CARTESIAN_POINT('',(13.41401900252,-6.712984688088,
    -16.00027891075));
#1575 = CARTESIAN_POINT('',(13.407912860769,-6.725171216461,
    -16.00004674895));
#1576 = CARTESIAN_POINT('',(13.404064070636,-6.732836150619,
    -16.00000000316));
#1577 = CARTESIAN_POINT('',(13.402254441605,-6.736436437945,-16.));
#1578 = PCURVE('',#281,#1579);
#1579 = DEFINITIONAL_REPRESENTATION('',(#1580),#1892);
#1580 = B_SPLINE_CURVE_WITH_KNOTS('',3,(#1581,#1582,#1583,#1584,#1585,
    #1586,#1587,#1588,#1589,#1590,#1591,#1592,#1593,#1594,#1595,#1596,
    #1597,#1598,#1599,#1600,#1601,#1602,#1603,#1604,#1605,#1606,#1607,
    #1608,#1609,#1610,#1611,#1612,#1613,#1614,#1615,#1616,#1617,#1618,
    #1619,#1620,#1621,#1622,#1623,#1624,#1625,#1626,#1627,#1628,#1629,
    #1630,#1631,#1632,#1633,#1634,#1635,#1636,#1637,#1638,#1639,#1640,
    #1641,#1642,#1643,#1644,#1645,#1646,#1647,#1648,#1649,#1650,#1651,
    #1652,#1653,#1654,#1655,#1656,#1657,#1658,#1659,#1660,#1661,#1662,
    #1663,#1664,#1665,#1666,#1667,#1668,#1669,#1670,#1671,#1672,#1673,
    #1674,#1675,#1676,#1677,#1678,#1679,#1680,#1681,#1682,#1683,#1684,
    #1685,#1686,#1687,#1688,#1689,#1690,#1691,#1692,#1693,#1694,#1695,
    #1696,#1697,#1698,#1699,#1700,#1701,#1702,#1703,#1704,#1705,#1706,
    #1707,#1708,#1709,#1710,#1711,#1712,#1713,#1714,#1715,#1716,#1717,
    #1718,#1719,#1720,#1721,#1722,#1723,#1724,#1725,#1726,#1727,#1728,
    #1729,#1730,#1731,#1732,#1733,#1734,#1735,#1736,#1737,#1738,#1739,
    #1740,#1741,#1742,#1743,#1744,#1745,#1746,#1747,#1748,#1749,#1750,
    #1751,#1752,#1753,#1754,#1755,#1756,#1757,#1758,#1759,#1760,#1761,
    #1762,#1763,#1764,#1765,#1766,#1767,#1768,#1769,#1770,#1771,#1772,
    #1773,#1774,#1775,#1776,#1777,#1778,#1779,#1780,#1781,#1782,#1783,
    #1784,#1785,#1786,#1787,#1788,#1789,#1790,#1791,#1792,#1793,#1794,
    #1795,#1796,#1797,#1798,#1799,#1800,#1801,#1802,#1803,#1804,#1805,
    #1806,#1807,#1808,#1809,#1810,#1811,#1812,#1813,#1814,#1815,#1816,
    #1817,#1818,#1819,#1820,#1821,#1822,#1823,#1824,#1825,#1826,#1827,
    #1828,#1829,#1830,#1831,#1832,#1833,#1834,#1835,#1836,#1837,#1838,
    #1839,#1840,#1841,#1842,#1843,#1844,#1845,#1846,#1847,#1848,#1849,
    #1850,#1851,#1852,#1853,#1854,#1855,#1856,#1857,#1858,#1859,#1860,
    #1861,#1862,#1863,#1864,#1865,#1866,#1867,#1868,#1869,#1870,#1871,
    #1872,#1873,#1874,#1875,#1876,#1877,#1878,#1879,#1880,#1881,#1882,
    #1883,#1884,#1885,#1886,#1887,#1888,#1889,#1890,#1891),
  .UNSPECIFIED.,.F.,.F.,(4,1,1,1,1,1,1,1,1,1,1,1,1,1,1,1,1,1,1,1,1,1,1,1
    ,1,1,1,1,1,1,1,1,1,1,1,1,1,1,1,1,1,1,1,1,1,1,1,1,1,1,1,1,1,1,1,1,1,1
    ,1,1,1,1,1,1,1,1,1,1,1,1,1,1,1,1,1,1,1,1,1,1,1,1,1,1,1,1,1,1,1,1,1,1
    ,1,1,1,1,1,1,1,1,1,1,1,1,1,1,1,1,1,1,1,1,1,1,1,1,1,1,1,1,1,1,1,1,1,1
    ,1,1,1,1,1,1,1,1,1,1,1,1,1,1,1,1,1,1,1,1,1,1,1,1,1,1,1,1,1,1,1,1,1,1
    ,1,1,1,1,1,1,1,1,1,1,1,1,1,1,1,1,1,1,1,1,1,1,1,1,1,1,1,1,1,1,1,1,1,1
    ,1,1,1,1,1,1,1,1,1,1,1,1,1,1,1,1,1,1,1,1,1,1,1,1,1,1,1,1,1,1,1,1,1,1
    ,1,1,1,1,1,1,1,1,1,1,1,1,1,1,1,1,1,1,1,1,1,1,1,1,1,1,1,1,1,1,1,1,1,1
    ,1,1,1,1,1,1,1,1,1,1,1,1,1,1,1,1,1,1,1,1,1,1,1,1,1,1,1,1,1,1,1,1,1,1
    ,1,1,1,1,1,1,1,1,1,1,1,1,4),(0.,3.246753246753E-03,
    6.493506493506E-03,9.74025974026E-03,1.298701298701E-02,
    1.623376623377E-02,1.948051948052E-02,2.272727272727E-02,
    2.597402597403E-02,2.922077922078E-02,3.246753246753E-02,
    3.571428571429E-02,3.896103896104E-02,4.220779220779E-02,
    4.545454545455E-02,4.87012987013E-02,5.194805194805E-02,
    5.519480519481E-02,5.844155844156E-02,6.168831168831E-02,
    6.493506493506E-02,6.818181818182E-02,7.142857142857E-02,
    7.467532467532E-02,7.792207792208E-02,8.116883116883E-02,
    8.441558441558E-02,8.766233766234E-02,9.090909090909E-02,
    9.415584415584E-02,9.74025974026E-02,0.100649350649,0.103896103896,
    0.107142857143,0.11038961039,0.113636363636,0.116883116883,
    0.12012987013,0.123376623377,0.126623376623,0.12987012987,
    0.133116883117,0.136363636364,0.13961038961,0.142857142857,
    0.146103896104,0.149350649351,0.152597402597,0.155844155844,
    0.159090909091,0.162337662338,0.165584415584,0.168831168831,
    0.172077922078,0.175324675325,0.178571428571,0.181818181818,
    0.185064935065,0.188311688312,0.191558441558,0.194805194805,
    0.198051948052,0.201298701299,0.204545454545,0.207792207792,
    0.211038961039,0.214285714286,0.217532467532,0.220779220779,
    0.224025974026,0.227272727273,0.230519480519,0.233766233766,
    0.237012987013,0.24025974026,0.243506493506,0.246753246753,0.25,
    0.253246753247,0.256493506494,0.25974025974,0.262987012987,
    0.266233766234,0.269480519481,0.272727272727,0.275974025974,
    0.279220779221,0.282467532468,0.285714285714,0.288961038961,
    0.292207792208,0.295454545455,0.298701298701,0.301948051948,
    0.305194805195,0.308441558442,0.311688311688,0.314935064935,
    0.318181818182,0.321428571429,0.324675324675,0.327922077922,
    0.331168831169,0.334415584416,0.337662337662,0.340909090909,
    0.344155844156,0.347402597403,0.350649350649,0.353896103896,
    0.357142857143,0.36038961039,0.363636363636,0.366883116883,
    0.37012987013,0.373376623377,0.376623376623,0.37987012987,
    0.383116883117,0.386363636364,0.38961038961,0.392857142857,
    0.396103896104,0.399350649351,0.402597402597,0.405844155844,
    0.409090909091,0.412337662338,0.415584415584,0.418831168831,
    0.422077922078,0.425324675325,0.428571428571,0.431818181818,
    0.435064935065,0.438311688312,0.441558441558,0.444805194805,
    0.448051948052,0.451298701299,0.454545454545,0.457792207792,
    0.461038961039,0.464285714286,0.467532467532,0.470779220779,
    0.474025974026,0.477272727273,0.480519480519,0.483766233766,
    0.487012987013,0.49025974026,0.493506493506,0.496753246753,0.5,
    0.503246753247,0.506493506494,0.50974025974,0.512987012987,
    0.516233766234,0.519480519481,0.522727272727,0.525974025974,
    0.529220779221,0.532467532468,0.535714285714,0.538961038961,
    0.542207792208,0.545454545455,0.548701298701,0.551948051948,
    0.555194805195,0.558441558442,0.561688311688,0.564935064935,
    0.568181818182,0.571428571429,0.574675324675,0.577922077922,
    0.581168831169,0.584415584416,0.587662337662,0.590909090909,
    0.594155844156,0.597402597403,0.600649350649,0.603896103896,
    0.607142857143,0.61038961039,0.613636363636,0.616883116883,
    0.62012987013,0.623376623377,0.626623376623,0.62987012987,
    0.633116883117,0.636363636364,0.63961038961,0.642857142857,
    0.646103896104,0.649350649351,0.652597402597,0.655844155844,
    0.659090909091,0.662337662338,0.665584415584,0.668831168831,
    0.672077922078,0.675324675325,0.678571428571,0.681818181818,
    0.685064935065,0.688311688312,0.691558441558,0.694805194805,
    0.698051948052,0.701298701299,0.704545454545,0.707792207792,
    0.711038961039,0.714285714286,0.717532467532,0.720779220779,
    0.724025974026,0.727272727273,0.730519480519,0.733766233766,
    0.737012987013,0.74025974026,0.743506493506,0.746753246753,0.75,
    0.753246753247,0.756493506494,0.75974025974,0.762987012987,
    0.766233766234,0.769480519481,0.772727272727,0.775974025974,
    0.779220779221,0.782467532468,0.785714285714,0.788961038961,
    0.792207792208,0.795454545455,0.798701298701,0.801948051948,
    0.805194805195,0.808441558442,0.811688311688,0.814935064935,
    0.818181818182,0.821428571429,0.824675324675,0.827922077922,
    0.831168831169,0.834415584416,0.837662337662,0.840909090909,
    0.844155844156,0.847402597403,0.850649350649,0.853896103896,
    0.857142857143,0.86038961039,0.863636363636,0.866883116883,
    0.87012987013,0.873376623377,0.876623376623,0.87987012987,
    0.883116883117,0.886363636364,0.88961038961,0.892857142857,
    0.896103896104,0.899350649351,0.902597402597,0.905844155844,
    0.909090909091,0.912337662338,0.915584415584,0.918831168831,
    0.922077922078,0.925324675325,0.928571428571,0.931818181818,
    0.935064935065,0.938311688312,0.941558441558,0.944805194805,
    0.948051948052,0.951298701299,0.954545454545,0.957792207792,
    0.961038961039,0.964285714286,0.967532467532,0.970779220779,
    0.974025974026,0.977272727273,0.980519480519,0.983766233766,
    0.987012987013,0.99025974026,0.993506493506,0.996753246753,1.),
  .QUASI_UNIFORM_KNOTS.);
#1581 = CARTESIAN_POINT('',(3.14159265359,76.696992654227));
#1582 = CARTESIAN_POINT('',(3.139820941232,76.696992653119));
#1583 = CARTESIAN_POINT('',(3.136279182925,76.696988773152));
#1584 = CARTESIAN_POINT('',(3.130971410496,76.69697134993));
#1585 = CARTESIAN_POINT('',(3.125668368356,76.696942353362));
#1586 = CARTESIAN_POINT('',(3.120369923675,76.696901813579));
#1587 = CARTESIAN_POINT('',(3.115075946648,76.696849761211));
#1588 = CARTESIAN_POINT('',(3.109786309464,76.696786227136));
#1589 = CARTESIAN_POINT('',(3.104500877865,76.696711240722));
#1590 = CARTESIAN_POINT('',(3.099219510448,76.696624829622));
#1591 = CARTESIAN_POINT('',(3.093942068121,76.696527022078));
#1592 = CARTESIAN_POINT('',(3.088668412206,76.696417844633));
#1593 = CARTESIAN_POINT('',(3.083398405457,76.696297323248));
#1594 = CARTESIAN_POINT('',(3.078131909002,76.696165484046));
#1595 = CARTESIAN_POINT('',(3.072868828227,76.696022352715));
#1596 = CARTESIAN_POINT('',(3.067609071823,76.695867954953));
#1597 = CARTESIAN_POINT('',(3.062352548319,76.695702316364));
#1598 = CARTESIAN_POINT('',(3.057099167067,76.695525461816));
#1599 = CARTESIAN_POINT('',(3.051848837807,76.695337416321));
#1600 = CARTESIAN_POINT('',(3.046601471088,76.695138204534));
#1601 = CARTESIAN_POINT('',(3.041356978641,76.69492785041));
#1602 = CARTESIAN_POINT('',(3.036115272129,76.694706378059));
#1603 = CARTESIAN_POINT('',(3.030876265349,76.694473811346));
#1604 = CARTESIAN_POINT('',(3.025639866816,76.69423017351));
#1605 = CARTESIAN_POINT('',(3.02040600705,76.693975489232));
#1606 = CARTESIAN_POINT('',(3.015174464635,76.693709773389));
#1607 = CARTESIAN_POINT('',(3.009944970632,76.693433037724));
#1608 = CARTESIAN_POINT('',(3.004717268532,76.693145294975));
#1609 = CARTESIAN_POINT('',(2.999491099338,76.692846552572));
#1610 = CARTESIAN_POINT('',(2.994266205084,76.692536817908));
#1611 = CARTESIAN_POINT('',(2.989042327975,76.692216097821));
#1612 = CARTESIAN_POINT('',(2.983819211342,76.691884394565));
#1613 = CARTESIAN_POINT('',(2.978596598474,76.691541711229));
#1614 = CARTESIAN_POINT('',(2.973374232951,76.69118804902));
#1615 = CARTESIAN_POINT('',(2.968151858527,76.690823405245));
#1616 = CARTESIAN_POINT('',(2.962929218957,76.690447778454));
#1617 = CARTESIAN_POINT('',(2.957706057794,76.690061164044));
#1618 = CARTESIAN_POINT('',(2.952482118247,76.689663554678));
#1619 = CARTESIAN_POINT('',(2.947257143401,76.689254944175));
#1620 = CARTESIAN_POINT('',(2.942030876623,76.688835322165));
#1621 = CARTESIAN_POINT('',(2.936803061101,76.688404676859));
#1622 = CARTESIAN_POINT('',(2.931573439891,76.687962997062));
#1623 = CARTESIAN_POINT('',(2.926341754832,76.687510266972));
#1624 = CARTESIAN_POINT('',(2.921107748359,76.687046470777));
#1625 = CARTESIAN_POINT('',(2.915871158726,76.686571591725));
#1626 = CARTESIAN_POINT('',(2.910631738381,76.686085609141));
#1627 = CARTESIAN_POINT('',(2.905389184808,76.685588497448));
#1628 = CARTESIAN_POINT('',(2.900143417401,76.685080252746));
#1629 = CARTESIAN_POINT('',(2.894894876834,76.684560923002));
#1630 = CARTESIAN_POINT('',(2.889643919509,76.684030546286));
#1631 = CARTESIAN_POINT('',(2.884390920316,76.683489170264));
#1632 = CARTESIAN_POINT('',(2.87913624438,76.682936849152));
#1633 = CARTESIAN_POINT('',(2.873880258998,76.682373636272));
#1634 = CARTESIAN_POINT('',(2.868623330535,76.681799583486));
#1635 = CARTESIAN_POINT('',(2.863365824871,76.681214753425));
#1636 = CARTESIAN_POINT('',(2.858108108247,76.680619213751));
#1637 = CARTESIAN_POINT('',(2.852850545544,76.680013031147));
#1638 = CARTESIAN_POINT('',(2.847593506798,76.679396271666));
#1639 = CARTESIAN_POINT('',(2.842337323188,76.67876900832));
#1640 = CARTESIAN_POINT('',(2.837082315123,76.678131316117));
#1641 = CARTESIAN_POINT('',(2.831828805631,76.677483269808));
#1642 = CARTESIAN_POINT('',(2.826577118891,76.676824943286));
#1643 = CARTESIAN_POINT('',(2.821327565622,76.676156418143));
#1644 = CARTESIAN_POINT('',(2.816080453054,76.675477778311));
#1645 = CARTESIAN_POINT('',(2.810836090693,76.674789106244));
#1646 = CARTESIAN_POINT('',(2.805594782552,76.674090490171));
#1647 = CARTESIAN_POINT('',(2.800356830617,76.673382021346));
#1648 = CARTESIAN_POINT('',(2.795122538154,76.672663789167));
#1649 = CARTESIAN_POINT('',(2.789892207562,76.671935888752));
#1650 = CARTESIAN_POINT('',(2.784666130549,76.671198419525));
#1651 = CARTESIAN_POINT('',(2.779444630479,76.670451483973));
#1652 = CARTESIAN_POINT('',(2.774227913306,76.669695168474));
#1653 = CARTESIAN_POINT('',(2.769015712831,76.668929493525));
#1654 = CARTESIAN_POINT('',(2.763807823399,76.66815448787));
#1655 = CARTESIAN_POINT('',(2.758604023478,76.667370178304));
#1656 = CARTESIAN_POINT('',(2.753404107325,76.666576587998));
#1657 = CARTESIAN_POINT('',(2.748207869504,76.665773739595));
#1658 = CARTESIAN_POINT('',(2.74301510538,76.664961655804));
#1659 = CARTESIAN_POINT('',(2.737825610226,76.664140359587));
#1660 = CARTESIAN_POINT('',(2.732639182688,76.663309872745));
#1661 = CARTESIAN_POINT('',(2.727455629865,76.662470213623));
#1662 = CARTESIAN_POINT('',(2.722274757844,76.661621401087));
#1663 = CARTESIAN_POINT('',(2.717096374249,76.660763453831));
#1664 = CARTESIAN_POINT('',(2.711920284108,76.659896390718));
#1665 = CARTESIAN_POINT('',(2.706746307168,76.659020229961));
#1666 = CARTESIAN_POINT('',(2.701574276942,76.658134989162));
#1667 = CARTESIAN_POINT('',(2.696404024134,76.657240686062));
#1668 = CARTESIAN_POINT('',(2.691235381105,76.656337338343));
#1669 = CARTESIAN_POINT('',(2.686068178085,76.655424963786));
#1670 = CARTESIAN_POINT('',(2.680902258239,76.654503579661));
#1671 = CARTESIAN_POINT('',(2.675737472021,76.653573203016));
#1672 = CARTESIAN_POINT('',(2.670573667665,76.652633850767));
#1673 = CARTESIAN_POINT('',(2.665410696767,76.651685540549));
#1674 = CARTESIAN_POINT('',(2.660248379321,76.650728281433));
#1675 = CARTESIAN_POINT('',(2.655086531627,76.649762081424));
#1676 = CARTESIAN_POINT('',(2.649924969849,76.648786948625));
#1677 = CARTESIAN_POINT('',(2.644763514849,76.647802891797));
#1678 = CARTESIAN_POINT('',(2.639602075605,76.646809933063));
#1679 = CARTESIAN_POINT('',(2.634440557317,76.645808093999));
#1680 = CARTESIAN_POINT('',(2.629278865211,76.644797396137));
#1681 = CARTESIAN_POINT('',(2.624116907835,76.643777861732));
#1682 = CARTESIAN_POINT('',(2.618954580127,76.642749510189));
#1683 = CARTESIAN_POINT('',(2.613792018456,76.6417124116));
#1684 = CARTESIAN_POINT('',(2.608629376947,76.640666639786));
#1685 = CARTESIAN_POINT('',(2.603466805365,76.639612267587));
#1686 = CARTESIAN_POINT('',(2.598304453391,76.638549368064));
#1687 = CARTESIAN_POINT('',(2.593142475166,76.637478014371));
#1688 = CARTESIAN_POINT('',(2.587980991768,76.63639827859));
#1689 = CARTESIAN_POINT('',(2.582820112983,76.635310232434));
#1690 = CARTESIAN_POINT('',(2.577659951574,76.634213947657));
#1691 = CARTESIAN_POINT('',(2.572500619922,76.633109496194));
#1692 = CARTESIAN_POINT('',(2.567342229708,76.631996949209));
#1693 = CARTESIAN_POINT('',(2.562184897164,76.630876381469));
#1694 = CARTESIAN_POINT('',(2.557028743999,76.629747871705));
#1695 = CARTESIAN_POINT('',(2.551873890464,76.628611497794));
#1696 = CARTESIAN_POINT('',(2.546720459689,76.62746733796));
#1697 = CARTESIAN_POINT('',(2.541568564377,76.62631546981));
#1698 = CARTESIAN_POINT('',(2.536418301793,76.625155970109));
#1699 = CARTESIAN_POINT('',(2.53126977249,76.623988915844));
#1700 = CARTESIAN_POINT('',(2.52612307649,76.622814383703));
#1701 = CARTESIAN_POINT('',(2.520978314181,76.621632451425));
#1702 = CARTESIAN_POINT('',(2.515835586094,76.620443199758));
#1703 = CARTESIAN_POINT('',(2.510694993183,76.619246709003));
#1704 = CARTESIAN_POINT('',(2.505556636711,76.618043059593));
#1705 = CARTESIAN_POINT('',(2.500420618281,76.616832331874));
#1706 = CARTESIAN_POINT('',(2.495287036823,76.615614608841));
#1707 = CARTESIAN_POINT('',(2.490155991689,76.614389973515));
#1708 = CARTESIAN_POINT('',(2.485027582575,76.613158509014));
#1709 = CARTESIAN_POINT('',(2.479901909812,76.611920298034));
#1710 = CARTESIAN_POINT('',(2.474779072686,76.610675425465));
#1711 = CARTESIAN_POINT('',(2.469659170133,76.609423977845));
#1712 = CARTESIAN_POINT('',(2.464542301421,76.608166041242));
#1713 = CARTESIAN_POINT('',(2.459428567806,76.606901702205));
#1714 = CARTESIAN_POINT('',(2.454318065136,76.605631045826));
#1715 = CARTESIAN_POINT('',(2.44921068463,76.604354107003));
#1716 = CARTESIAN_POINT('',(2.444106323176,76.603070921923));
#1717 = CARTESIAN_POINT('',(2.439004876871,76.601781526388));
#1718 = CARTESIAN_POINT('',(2.433906242223,76.600485956452));
#1719 = CARTESIAN_POINT('',(2.42881031828,76.59918424741));
#1720 = CARTESIAN_POINT('',(2.423717007022,76.597876433708));
#1721 = CARTESIAN_POINT('',(2.418626210206,76.596562549955));
#1722 = CARTESIAN_POINT('',(2.413537830372,76.595242630747));
#1723 = CARTESIAN_POINT('',(2.408451769456,76.593916710575));
#1724 = CARTESIAN_POINT('',(2.403367933684,76.592584824396));
#1725 = CARTESIAN_POINT('',(2.39828623994,76.591247008417));
#1726 = CARTESIAN_POINT('',(2.393206603817,76.58990329865));
#1727 = CARTESIAN_POINT('',(2.388128941647,76.588553731178));
#1728 = CARTESIAN_POINT('',(2.383053169955,76.587198341999));
#1729 = CARTESIAN_POINT('',(2.377979205661,76.585837167372));
#1730 = CARTESIAN_POINT('',(2.372906965826,76.584470242301));
#1731 = CARTESIAN_POINT('',(2.367836367579,76.58309760071));
#1732 = CARTESIAN_POINT('',(2.362767328295,76.581719276761));
#1733 = CARTESIAN_POINT('',(2.357699765567,76.580335304552));
#1734 = CARTESIAN_POINT('',(2.352633597201,76.578945718194));
#1735 = CARTESIAN_POINT('',(2.347568741306,76.577550551815));
#1736 = CARTESIAN_POINT('',(2.342505116002,76.576149839458));
#1737 = CARTESIAN_POINT('',(2.337442640533,76.574743615493));
#1738 = CARTESIAN_POINT('',(2.332381231108,76.573331913046));
#1739 = CARTESIAN_POINT('',(2.327320772279,76.571914753296));
#1740 = CARTESIAN_POINT('',(2.322261150925,76.570492158296));
#1741 = CARTESIAN_POINT('',(2.317202253372,76.569064149869));
#1742 = CARTESIAN_POINT('',(2.31214396608,76.567630749878));
#1743 = CARTESIAN_POINT('',(2.307086175859,76.56619198026));
#1744 = CARTESIAN_POINT('',(2.302028768415,76.564747862619));
#1745 = CARTESIAN_POINT('',(2.296971634056,76.563298419816));
#1746 = CARTESIAN_POINT('',(2.291914646396,76.561843670011));
#1747 = CARTESIAN_POINT('',(2.286857782641,76.560383660291));
#1748 = CARTESIAN_POINT('',(2.281801064543,76.558918450174));
#1749 = CARTESIAN_POINT('',(2.276744503032,76.557448096145));
#1750 = CARTESIAN_POINT('',(2.271688111963,76.555972655495));
#1751 = CARTESIAN_POINT('',(2.266631904475,76.554492185316));
#1752 = CARTESIAN_POINT('',(2.261575893709,76.553006742691));
#1753 = CARTESIAN_POINT('',(2.256520093482,76.551516384941));
#1754 = CARTESIAN_POINT('',(2.251464514771,76.550021168439));
#1755 = CARTESIAN_POINT('',(2.246409179656,76.548521153334));
#1756 = CARTESIAN_POINT('',(2.241354147158,76.547016412236));
#1757 = CARTESIAN_POINT('',(2.236299471302,76.545507016023));
#1758 = CARTESIAN_POINT('',(2.231245207567,76.543993036033));
#1759 = CARTESIAN_POINT('',(2.226191411172,76.542474543494));
#1760 = CARTESIAN_POINT('',(2.221138137303,76.54095160961));
#1761 = CARTESIAN_POINT('',(2.216085441768,76.539424305802));
#1762 = CARTESIAN_POINT('',(2.211033414991,76.537892715717));
#1763 = CARTESIAN_POINT('',(2.205982146999,76.536356922781));
#1764 = CARTESIAN_POINT('',(2.200931728139,76.534817010484));
#1765 = CARTESIAN_POINT('',(2.195882248821,76.533273062285));
#1766 = CARTESIAN_POINT('',(2.19083379961,76.531725161702));
#1767 = CARTESIAN_POINT('',(2.185786470901,76.530173392055));
#1768 = CARTESIAN_POINT('',(2.180740356493,76.528617839831));
#1769 = CARTESIAN_POINT('',(2.175695550782,76.527058591774));
#1770 = CARTESIAN_POINT('',(2.170652148343,76.525495734557));
#1771 = CARTESIAN_POINT('',(2.165610244059,76.523929354875));
#1772 = CARTESIAN_POINT('',(2.160569932795,76.52235953941));
#1773 = CARTESIAN_POINT('',(2.155531310341,76.520786374873));
#1774 = CARTESIAN_POINT('',(2.150494469113,76.519209947855));
#1775 = CARTESIAN_POINT('',(2.145459497941,76.51763034482));
#1776 = CARTESIAN_POINT('',(2.140426486838,76.516047652255));
#1777 = CARTESIAN_POINT('',(2.135395525938,76.514461956649));
#1778 = CARTESIAN_POINT('',(2.130366705699,76.512873344465));
#1779 = CARTESIAN_POINT('',(2.125340116914,76.511281902263));
#1780 = CARTESIAN_POINT('',(2.120315850272,76.509687716241));
#1781 = CARTESIAN_POINT('',(2.115293998338,76.508090874459));
#1782 = CARTESIAN_POINT('',(2.110274655384,76.506491466319));
#1783 = CARTESIAN_POINT('',(2.105257916034,76.504889580947));
#1784 = CARTESIAN_POINT('',(2.100243875114,76.503285307438));
#1785 = CARTESIAN_POINT('',(2.095232629203,76.501678735295));
#1786 = CARTESIAN_POINT('',(2.090224270362,76.500069952416));
#1787 = CARTESIAN_POINT('',(2.085218909445,76.498459052702));
#1788 = CARTESIAN_POINT('',(2.08021658419,76.496846106127));
#1789 = CARTESIAN_POINT('',(2.07521711064,76.495231110364));
#1790 = CARTESIAN_POINT('',(2.070220337395,76.493614073575));
#1791 = CARTESIAN_POINT('',(2.065226104793,76.49199500111));
#1792 = CARTESIAN_POINT('',(2.060234255886,76.490373899073));
#1793 = CARTESIAN_POINT('',(2.055244633535,76.488750773368));
#1794 = CARTESIAN_POINT('',(2.050257081212,76.487125629951));
#1795 = CARTESIAN_POINT('',(2.045271442849,76.485498474761));
#1796 = CARTESIAN_POINT('',(2.040287562773,76.483869310766));
#1797 = CARTESIAN_POINT('',(2.035305285413,76.482238140932));
#1798 = CARTESIAN_POINT('',(2.030324455346,76.480604968219));
#1799 = CARTESIAN_POINT('',(2.025344917387,76.478969795619));
#1800 = CARTESIAN_POINT('',(2.020366516348,76.477332626003));
#1801 = CARTESIAN_POINT('',(2.015389098064,76.47569346269));
#1802 = CARTESIAN_POINT('',(2.010412505402,76.474052307164));
#1803 = CARTESIAN_POINT('',(2.005436573895,76.472409156723));
#1804 = CARTESIAN_POINT('',(2.000461140276,76.470764009347));
#1805 = CARTESIAN_POINT('',(1.995486040991,76.469116862841));
#1806 = CARTESIAN_POINT('',(1.990511112626,76.467467715034));
#1807 = CARTESIAN_POINT('',(1.985536191855,76.465816563827));
#1808 = CARTESIAN_POINT('',(1.980561115399,76.464163406805));
#1809 = CARTESIAN_POINT('',(1.975585719344,76.46250823964));
#1810 = CARTESIAN_POINT('',(1.970609839702,76.460851058203));
#1811 = CARTESIAN_POINT('',(1.965633312316,76.459191858288));
#1812 = CARTESIAN_POINT('',(1.960655973166,76.457530635802));
#1813 = CARTESIAN_POINT('',(1.95567765739,76.45586738627));
#1814 = CARTESIAN_POINT('',(1.950698190019,76.454202100589));
#1815 = CARTESIAN_POINT('',(1.94571739646,76.452534769956));
#1816 = CARTESIAN_POINT('',(1.940735101688,76.450865385425));
#1817 = CARTESIAN_POINT('',(1.935751130809,76.449193938324));
#1818 = CARTESIAN_POINT('',(1.930765307093,76.447520418558));
#1819 = CARTESIAN_POINT('',(1.925777448435,76.445844813744));
#1820 = CARTESIAN_POINT('',(1.92078738479,76.444167115806));
#1821 = CARTESIAN_POINT('',(1.915794900852,76.442487301552));
#1822 = CARTESIAN_POINT('',(1.910800047889,76.440805437344));
#1823 = CARTESIAN_POINT('',(1.905803001563,76.439121631371));
#1824 = CARTESIAN_POINT('',(1.90080390709,76.43743598173));
#1825 = CARTESIAN_POINT('',(1.895802917106,76.435748589108));
#1826 = CARTESIAN_POINT('',(1.890800183946,76.434059554477));
#1827 = CARTESIAN_POINT('',(1.885795860881,76.432368979235));
#1828 = CARTESIAN_POINT('',(1.880790100655,76.430676964662));
#1829 = CARTESIAN_POINT('',(1.875783055871,76.428983612094));
#1830 = CARTESIAN_POINT('',(1.87077488007,76.427289023295));
#1831 = CARTESIAN_POINT('',(1.865765726933,76.425593300112));
#1832 = CARTESIAN_POINT('',(1.860755748915,76.423896544041));
#1833 = CARTESIAN_POINT('',(1.855745102749,76.422198858077));
#1834 = CARTESIAN_POINT('',(1.85073395298,76.420500347811));
#1835 = CARTESIAN_POINT('',(1.845722462452,76.418801118272));
#1836 = CARTESIAN_POINT('',(1.840710795402,76.417101274969));
#1837 = CARTESIAN_POINT('',(1.835699111814,76.415400922046));
#1838 = CARTESIAN_POINT('',(1.830687598246,76.413700172485));
#1839 = CARTESIAN_POINT('',(1.825676451003,76.411999142441));
#1840 = CARTESIAN_POINT('',(1.820665864157,76.410297947292));
#1841 = CARTESIAN_POINT('',(1.815656032267,76.40859670258));
#1842 = CARTESIAN_POINT('',(1.810647150473,76.40689552397));
#1843 = CARTESIAN_POINT('',(1.805639417733,76.40519452796));
#1844 = CARTESIAN_POINT('',(1.800633032737,76.403493830904));
#1845 = CARTESIAN_POINT('',(1.795628194959,76.40179354933));
#1846 = CARTESIAN_POINT('',(1.790625102238,76.400093799222));
#1847 = CARTESIAN_POINT('',(1.785623963365,76.398394699717));
#1848 = CARTESIAN_POINT('',(1.780624975447,76.396696365729));
#1849 = CARTESIAN_POINT('',(1.775628385744,76.39499892918));
#1850 = CARTESIAN_POINT('',(1.77063412643,76.393302414475));
#1851 = CARTESIAN_POINT('',(1.76564200129,76.391606802132));
#1852 = CARTESIAN_POINT('',(1.760651846286,76.389912083565));
#1853 = CARTESIAN_POINT('',(1.755663488212,76.388218246679));
#1854 = CARTESIAN_POINT('',(1.75067675554,76.386525279692));
#1855 = CARTESIAN_POINT('',(1.745691476902,76.384833170875));
#1856 = CARTESIAN_POINT('',(1.740707479444,76.38314190768));
#1857 = CARTESIAN_POINT('',(1.735724589181,76.381451476973));
#1858 = CARTESIAN_POINT('',(1.730742632427,76.379761865724));
#1859 = CARTESIAN_POINT('',(1.725761436462,76.378073060975));
#1860 = CARTESIAN_POINT('',(1.72078082781,76.376385049384));
#1861 = CARTESIAN_POINT('',(1.715800637331,76.374697819081));
#1862 = CARTESIAN_POINT('',(1.710820660588,76.373011346053));
#1863 = CARTESIAN_POINT('',(1.705840684874,76.37132560346));
#1864 = CARTESIAN_POINT('',(1.700860499624,76.369640565179));
#1865 = CARTESIAN_POINT('',(1.695879899489,76.367956206778));
#1866 = CARTESIAN_POINT('',(1.690898679052,76.366272503843));
#1867 = CARTESIAN_POINT('',(1.685916633275,76.364589432101));
#1868 = CARTESIAN_POINT('',(1.680933575479,76.362906973466));
#1869 = CARTESIAN_POINT('',(1.675949319346,76.36122511004));
#1870 = CARTESIAN_POINT('',(1.670963675088,76.3595438228));
#1871 = CARTESIAN_POINT('',(1.665976487193,76.357863104285));
#1872 = CARTESIAN_POINT('',(1.660987604445,76.356182948586));
#1873 = CARTESIAN_POINT('',(1.655996877502,76.354503350506));
#1874 = CARTESIAN_POINT('',(1.651004143668,76.352824300487));
#1875 = CARTESIAN_POINT('',(1.646009298012,76.351145808296));
#1876 = CARTESIAN_POINT('',(1.641012327578,76.349467914454));
#1877 = CARTESIAN_POINT('',(1.636013201773,76.347790653713));
#1878 = CARTESIAN_POINT('',(1.631011894593,76.346114062465));
#1879 = CARTESIAN_POINT('',(1.626008377338,76.344438176306));
#1880 = CARTESIAN_POINT('',(1.621002558593,76.342763009399));
#1881 = CARTESIAN_POINT('',(1.615994347673,76.341088576284));
#1882 = CARTESIAN_POINT('',(1.610983652764,76.339414891236));
#1883 = CARTESIAN_POINT('',(1.605970383701,76.337741969216));
#1884 = CARTESIAN_POINT('',(1.600954437196,76.336069820789));
#1885 = CARTESIAN_POINT('',(1.59593570561,76.334398455162));
#1886 = CARTESIAN_POINT('',(1.590914080034,76.332727881286));
#1887 = CARTESIAN_POINT('',(1.585889472089,76.3310581149));
#1888 = CARTESIAN_POINT('',(1.580861796674,76.329389172968));
#1889 = CARTESIAN_POINT('',(1.575830965462,76.32772107154));
#1890 = CARTESIAN_POINT('',(1.57247491113,76.326609573754));
#1891 = CARTESIAN_POINT('',(1.570796326795,76.32605396978));
#1892 = ( GEOMETRIC_REPRESENTATION_CONTEXT(2) 
PARAMETRIC_REPRESENTATION_CONTEXT() REPRESENTATION_CONTEXT('2D SPACE',''
  ) );
#1893 = PCURVE('',#857,#1894);
#1894 = DEFINITIONAL_REPRESENTATION('',(#1895),#2006);
#1895 = B_SPLINE_CURVE_WITH_KNOTS('',10,(#1896,#1897,#1898,#1899,#1900,
    #1901,#1902,#1903,#1904,#1905,#1906,#1907,#1908,#1909,#1910,#1911,
    #1912,#1913,#1914,#1915,#1916,#1917,#1918,#1919,#1920,#1921,#1922,
    #1923,#1924,#1925,#1926,#1927,#1928,#1929,#1930,#1931,#1932,#1933,
    #1934,#1935,#1936,#1937,#1938,#1939,#1940,#1941,#1942,#1943,#1944,
    #1945,#1946,#1947,#1948,#1949,#1950,#1951,#1952,#1953,#1954,#1955,
    #1956,#1957,#1958,#1959,#1960,#1961,#1962,#1963,#1964,#1965,#1966,
    #1967,#1968,#1969,#1970,#1971,#1972,#1973,#1974,#1975,#1976,#1977,
    #1978,#1979,#1980,#1981,#1982,#1983,#1984,#1985,#1986,#1987,#1988,
    #1989,#1990,#1991,#1992,#1993,#1994,#1995,#1996,#1997,#1998,#1999,
    #2000,#2001,#2002,#2003,#2004,#2005),.UNSPECIFIED.,.F.,.F.,(11,9,9,9
    ,9,9,9,9,9,9,9,9,11),(0.,6.250000000016E-02,0.12109375,
    0.176025390625,0.227523803711,0.324083328247,0.408572912217,
    0.482501298189,0.611875973642,0.708906980232,0.781680235174,
    0.890840117587,1.),.UNSPECIFIED.);
#1896 = CARTESIAN_POINT('',(5.888552664645,30.));
#1897 = CARTESIAN_POINT('',(5.88855266324,30.010231639199));
#1898 = CARTESIAN_POINT('',(5.888544277022,30.020442670433));
#1899 = CARTESIAN_POINT('',(5.888527561951,30.030632925554));
#1900 = CARTESIAN_POINT('',(5.888502569694,30.040802321048));
#1901 = CARTESIAN_POINT('',(5.888469348108,30.050950797894));
#1902 = CARTESIAN_POINT('',(5.888427941734,30.061078261409));
#1903 = CARTESIAN_POINT('',(5.888378392291,30.07118452111));
#1904 = CARTESIAN_POINT('',(5.888320739162,30.08126923056));
#1905 = CARTESIAN_POINT('',(5.88825501989,30.091331827226));
#1906 = CARTESIAN_POINT('',(5.888112130769,30.110783639616));
#1907 = CARTESIAN_POINT('',(5.888035932013,30.120175859049));
#1908 = CARTESIAN_POINT('',(5.887952712101,30.129546988098));
#1909 = CARTESIAN_POINT('',(5.887862490531,30.138897652027));
#1910 = CARTESIAN_POINT('',(5.887765275189,30.148229186017));
#1911 = CARTESIAN_POINT('',(5.88766106679,30.157542928448));
#1912 = CARTESIAN_POINT('',(5.887549861192,30.166839865369));
#1913 = CARTESIAN_POINT('',(5.88743164955,30.17612062613));
#1914 = CARTESIAN_POINT('',(5.887306416344,30.185385830193));
#1915 = CARTESIAN_POINT('',(5.887050121733,30.203309555358));
#1916 = CARTESIAN_POINT('',(5.886919922378,30.211969225767));
#1917 = CARTESIAN_POINT('',(5.886783449377,30.220620314103));
#1918 = CARTESIAN_POINT('',(5.886640905222,30.229250753927));
#1919 = CARTESIAN_POINT('',(5.886491910816,30.237881440786));
#1920 = CARTESIAN_POINT('',(5.886336544022,30.246505292994));
#1921 = CARTESIAN_POINT('',(5.886175060323,30.255106190119));
#1922 = CARTESIAN_POINT('',(5.886007342367,30.263691802589));
#1923 = CARTESIAN_POINT('',(5.885833511836,30.272254578725));
#1924 = CARTESIAN_POINT('',(5.885485001244,30.288795853622));
#1925 = CARTESIAN_POINT('',(5.885311046796,30.296777503914));
#1926 = CARTESIAN_POINT('',(5.885131847093,30.304733841815));
#1927 = CARTESIAN_POINT('',(5.884947456507,30.312662675264));
#1928 = CARTESIAN_POINT('',(5.884757931791,30.320561976167));
#1929 = CARTESIAN_POINT('',(5.884563344626,30.328429464627));
#1930 = CARTESIAN_POINT('',(5.884363783662,30.336262541365));
#1931 = CARTESIAN_POINT('',(5.88415934606,30.344058568343));
#1932 = CARTESIAN_POINT('',(5.883950118536,30.351815497583));
#1933 = CARTESIAN_POINT('',(5.883334952953,30.374002880522));
#1934 = CARTESIAN_POINT('',(5.882917025246,30.388335735759));
#1935 = CARTESIAN_POINT('',(5.882482526152,30.402533823966));
#1936 = CARTESIAN_POINT('',(5.882031463268,30.416601834751));
#1937 = CARTESIAN_POINT('',(5.881563889089,30.430542180831));
#1938 = CARTESIAN_POINT('',(5.881079901236,30.444355166875));
#1939 = CARTESIAN_POINT('',(5.880579555397,30.458041214891));
#1940 = CARTESIAN_POINT('',(5.880062802165,30.471602477448));
#1941 = CARTESIAN_POINT('',(5.879529558939,30.485041170007));
#1942 = CARTESIAN_POINT('',(5.878499188543,30.509998889363));
#1943 = CARTESIAN_POINT('',(5.878005902556,30.521547481418));
#1944 = CARTESIAN_POINT('',(5.877500422835,30.532991619899));
#1945 = CARTESIAN_POINT('',(5.876983008683,30.544325693479));
#1946 = CARTESIAN_POINT('',(5.876453926803,30.55554452514));
#1947 = CARTESIAN_POINT('',(5.875913452121,30.566643307885));
#1948 = CARTESIAN_POINT('',(5.875361868611,30.577617540449));
#1949 = CARTESIAN_POINT('',(5.874799470124,30.588462963014));
#1950 = CARTESIAN_POINT('',(5.874226561214,30.599175492913));
#1951 = CARTESIAN_POINT('',(5.873133242614,30.619004869355));
#1952 = CARTESIAN_POINT('',(5.87261518834,30.628154346584));
#1953 = CARTESIAN_POINT('',(5.872089638428,30.637194810751));
#1954 = CARTESIAN_POINT('',(5.871556738802,30.646125114822));
#1955 = CARTESIAN_POINT('',(5.871016541702,30.654945751092));
#1956 = CARTESIAN_POINT('',(5.870469078213,30.663657465727));
#1957 = CARTESIAN_POINT('',(5.869914399629,30.672260482755));
#1958 = CARTESIAN_POINT('',(5.869352587666,30.680754337512));
#1959 = CARTESIAN_POINT('',(5.868783733508,30.689138319552));
#1960 = CARTESIAN_POINT('',(5.867200152032,30.711892384548));
#1961 = CARTESIAN_POINT('',(5.866171063848,30.726035020809));
#1962 = CARTESIAN_POINT('',(5.865120334231,30.739846856566));
#1963 = CARTESIAN_POINT('',(5.864051380544,30.753289183602));
#1964 = CARTESIAN_POINT('',(5.862956605968,30.766452372074));
#1965 = CARTESIAN_POINT('',(5.861846058979,30.779220860917));
#1966 = CARTESIAN_POINT('',(5.86071359209,30.791659190087));
#1967 = CARTESIAN_POINT('',(5.859563673293,30.803724822879));
#1968 = CARTESIAN_POINT('',(5.858396555062,30.815414306521));
#1969 = CARTESIAN_POINT('',(5.856326502576,30.835195409859));
#1970 = CARTESIAN_POINT('',(5.855430443634,30.843455903322));
#1971 = CARTESIAN_POINT('',(5.854526081495,30.851495265006));
#1972 = CARTESIAN_POINT('',(5.853614022909,30.859308364475));
#1973 = CARTESIAN_POINT('',(5.852693983354,30.866899916145));
#1974 = CARTESIAN_POINT('',(5.851768065477,30.874254533323));
#1975 = CARTESIAN_POINT('',(5.850836856023,30.881369327131));
#1976 = CARTESIAN_POINT('',(5.849897936314,30.888266713898));
#1977 = CARTESIAN_POINT('',(5.848952923926,30.894933540942));
#1978 = CARTESIAN_POINT('',(5.847287487199,30.906206665845));
#1979 = CARTESIAN_POINT('',(5.846570049722,30.910910962907));
#1980 = CARTESIAN_POINT('',(5.845848803572,30.915489097478));
#1981 = CARTESIAN_POINT('',(5.845123770215,30.919941161461));
#1982 = CARTESIAN_POINT('',(5.844394978017,30.924267097609));
#1983 = CARTESIAN_POINT('',(5.843662385206,30.928467034351));
#1984 = CARTESIAN_POINT('',(5.842925870169,30.932541316805));
#1985 = CARTESIAN_POINT('',(5.842185289072,30.936490233974));
#1986 = CARTESIAN_POINT('',(5.841440600813,30.94031344213));
#1987 = CARTESIAN_POINT('',(5.83956924702,30.949552547765));
#1988 = CARTESIAN_POINT('',(5.83843796522,30.954808249424));
#1989 = CARTESIAN_POINT('',(5.837298508509,30.959771455787));
#1990 = CARTESIAN_POINT('',(5.836153389325,30.964432660594));
#1991 = CARTESIAN_POINT('',(5.835002255755,30.968790977876));
#1992 = CARTESIAN_POINT('',(5.83384548134,30.972843913323));
#1993 = CARTESIAN_POINT('',(5.832685984605,30.976583058162));
#1994 = CARTESIAN_POINT('',(5.83152612554,30.980003765885));
#1995 = CARTESIAN_POINT('',(5.83036381578,30.983115388265));
#1996 = CARTESIAN_POINT('',(5.828034721722,30.988718938433));
#1997 = CARTESIAN_POINT('',(5.826867949691,30.99121086197));
#1998 = CARTESIAN_POINT('',(5.825698820845,30.993394639728));
#1999 = CARTESIAN_POINT('',(5.824526867278,30.995270973077));
#2000 = CARTESIAN_POINT('',(5.823351697204,30.996839516033));
#2001 = CARTESIAN_POINT('',(5.822173221961,30.998098953547));
#2002 = CARTESIAN_POINT('',(5.820991697833,30.99904720104));
#2003 = CARTESIAN_POINT('',(5.819807582661,30.999681725193));
#2004 = CARTESIAN_POINT('',(5.81862120727,30.999999985989));
#2005 = CARTESIAN_POINT('',(5.817432261696,31.));
#2006 = ( GEOMETRIC_REPRESENTATION_CONTEXT(2) 
PARAMETRIC_REPRESENTATION_CONTEXT() REPRESENTATION_CONTEXT('2D SPACE',''
  ) );
#2007 = ORIENTED_EDGE('',*,*,#2008,.T.);
#2008 = EDGE_CURVE('',#1497,#254,#2009,.T.);
#2009 = SURFACE_CURVE('',#2010,(#2014,#2021),.PCURVE_S1.);
#2010 = LINE('',#2011,#2012);
#2011 = CARTESIAN_POINT('',(13.402254441605,-6.736436437945,-16.));
#2012 = VECTOR('',#2013,1.);
#2013 = DIRECTION('',(0.707106781187,-0.707106781187,0.));
#2014 = PCURVE('',#281,#2015);
#2015 = DEFINITIONAL_REPRESENTATION('',(#2016),#2020);
#2016 = LINE('',#2017,#2018);
#2017 = CARTESIAN_POINT('',(1.570796326795,76.32605396978));
#2018 = VECTOR('',#2019,1.);
#2019 = DIRECTION('',(8.5649732761E-17,-1.));
#2020 = ( GEOMETRIC_REPRESENTATION_CONTEXT(2) 
PARAMETRIC_REPRESENTATION_CONTEXT() REPRESENTATION_CONTEXT('2D SPACE',''
  ) );
#2021 = PCURVE('',#314,#2022);
#2022 = DEFINITIONAL_REPRESENTATION('',(#2023),#2027);
#2023 = LINE('',#2024,#2025);
#2024 = CARTESIAN_POINT('',(13.402254441605,-6.736436437945));
#2025 = VECTOR('',#2026,1.);
#2026 = DIRECTION('',(0.707106781187,-0.707106781187));
#2027 = ( GEOMETRIC_REPRESENTATION_CONTEXT(2) 
PARAMETRIC_REPRESENTATION_CONTEXT() REPRESENTATION_CONTEXT('2D SPACE',''
  ) );
#2028 = ADVANCED_FACE('',(#2029),#314,.T.);
#2029 = FACE_BOUND('',#2030,.T.);
#2030 = EDGE_LOOP('',(#2031,#2032,#2055,#2083,#2104,#2105,#2106,#2107,
    #2131,#2159));
#2031 = ORIENTED_EDGE('',*,*,#520,.F.);
#2032 = ORIENTED_EDGE('',*,*,#2033,.F.);
#2033 = EDGE_CURVE('',#2034,#498,#2036,.T.);
#2034 = VERTEX_POINT('',#2035);
#2035 = CARTESIAN_POINT('',(-55.,-85.,-16.));
#2036 = SURFACE_CURVE('',#2037,(#2041,#2048),.PCURVE_S1.);
#2037 = LINE('',#2038,#2039);
#2038 = CARTESIAN_POINT('',(-55.,-85.,-16.));
#2039 = VECTOR('',#2040,1.);
#2040 = DIRECTION('',(-0.,1.,0.));
#2041 = PCURVE('',#314,#2042);
#2042 = DEFINITIONAL_REPRESENTATION('',(#2043),#2047);
#2043 = LINE('',#2044,#2045);
#2044 = CARTESIAN_POINT('',(-55.,-85.));
#2045 = VECTOR('',#2046,1.);
#2046 = DIRECTION('',(0.,1.));
#2047 = ( GEOMETRIC_REPRESENTATION_CONTEXT(2) 
PARAMETRIC_REPRESENTATION_CONTEXT() REPRESENTATION_CONTEXT('2D SPACE',''
  ) );
#2048 = PCURVE('',#407,#2049);
#2049 = DEFINITIONAL_REPRESENTATION('',(#2050),#2054);
#2050 = LINE('',#2051,#2052);
#2051 = CARTESIAN_POINT('',(30.,0.));
#2052 = VECTOR('',#2053,1.);
#2053 = DIRECTION('',(0.,-1.));
#2054 = ( GEOMETRIC_REPRESENTATION_CONTEXT(2) 
PARAMETRIC_REPRESENTATION_CONTEXT() REPRESENTATION_CONTEXT('2D SPACE',''
  ) );
#2055 = ORIENTED_EDGE('',*,*,#2056,.T.);
#2056 = EDGE_CURVE('',#2034,#2057,#2059,.T.);
#2057 = VERTEX_POINT('',#2058);
#2058 = CARTESIAN_POINT('',(55.,-85.,-16.));
#2059 = SURFACE_CURVE('',#2060,(#2064,#2071),.PCURVE_S1.);
#2060 = LINE('',#2061,#2062);
#2061 = CARTESIAN_POINT('',(-55.,-85.,-16.));
#2062 = VECTOR('',#2063,1.);
#2063 = DIRECTION('',(1.,0.,-0.));
#2064 = PCURVE('',#314,#2065);
#2065 = DEFINITIONAL_REPRESENTATION('',(#2066),#2070);
#2066 = LINE('',#2067,#2068);
#2067 = CARTESIAN_POINT('',(-55.,-85.));
#2068 = VECTOR('',#2069,1.);
#2069 = DIRECTION('',(1.,0.));
#2070 = ( GEOMETRIC_REPRESENTATION_CONTEXT(2) 
PARAMETRIC_REPRESENTATION_CONTEXT() REPRESENTATION_CONTEXT('2D SPACE',''
  ) );
#2071 = PCURVE('',#2072,#2077);
#2072 = PLANE('',#2073);
#2073 = AXIS2_PLACEMENT_3D('',#2074,#2075,#2076);
#2074 = CARTESIAN_POINT('',(-55.,-85.,-46.));
#2075 = DIRECTION('',(-0.,1.,0.));
#2076 = DIRECTION('',(0.,0.,1.));
#2077 = DEFINITIONAL_REPRESENTATION('',(#2078),#2082);
#2078 = LINE('',#2079,#2080);
#2079 = CARTESIAN_POINT('',(30.,0.));
#2080 = VECTOR('',#2081,1.);
#2081 = DIRECTION('',(0.,1.));
#2082 = ( GEOMETRIC_REPRESENTATION_CONTEXT(2) 
PARAMETRIC_REPRESENTATION_CONTEXT() REPRESENTATION_CONTEXT('2D SPACE',''
  ) );
#2083 = ORIENTED_EDGE('',*,*,#2084,.T.);
#2084 = EDGE_CURVE('',#2057,#642,#2085,.T.);
#2085 = SURFACE_CURVE('',#2086,(#2090,#2097),.PCURVE_S1.);
#2086 = LINE('',#2087,#2088);
#2087 = CARTESIAN_POINT('',(55.,-85.,-16.));
#2088 = VECTOR('',#2089,1.);
#2089 = DIRECTION('',(-0.,1.,0.));
#2090 = PCURVE('',#314,#2091);
#2091 = DEFINITIONAL_REPRESENTATION('',(#2092),#2096);
#2092 = LINE('',#2093,#2094);
#2093 = CARTESIAN_POINT('',(55.,-85.));
#2094 = VECTOR('',#2095,1.);
#2095 = DIRECTION('',(0.,1.));
#2096 = ( GEOMETRIC_REPRESENTATION_CONTEXT(2) 
PARAMETRIC_REPRESENTATION_CONTEXT() REPRESENTATION_CONTEXT('2D SPACE',''
  ) );
#2097 = PCURVE('',#351,#2098);
#2098 = DEFINITIONAL_REPRESENTATION('',(#2099),#2103);
#2099 = LINE('',#2100,#2101);
#2100 = CARTESIAN_POINT('',(30.,0.));
#2101 = VECTOR('',#2102,1.);
#2102 = DIRECTION('',(0.,-1.));
#2103 = ( GEOMETRIC_REPRESENTATION_CONTEXT(2) 
PARAMETRIC_REPRESENTATION_CONTEXT() REPRESENTATION_CONTEXT('2D SPACE',''
  ) );
#2104 = ORIENTED_EDGE('',*,*,#641,.F.);
#2105 = ORIENTED_EDGE('',*,*,#299,.F.);
#2106 = ORIENTED_EDGE('',*,*,#2008,.F.);
#2107 = ORIENTED_EDGE('',*,*,#2108,.F.);
#2108 = EDGE_CURVE('',#2109,#1497,#2111,.T.);
#2109 = VERTEX_POINT('',#2110);
#2110 = CARTESIAN_POINT('',(-13.4022544416,-6.736436437945,-16.));
#2111 = SURFACE_CURVE('',#2112,(#2117,#2124),.PCURVE_S1.);
#2112 = CIRCLE('',#2113,15.);
#2113 = AXIS2_PLACEMENT_3D('',#2114,#2115,#2116);
#2114 = CARTESIAN_POINT('',(0.,0.,-16.));
#2115 = DIRECTION('',(0.,0.,1.));
#2116 = DIRECTION('',(1.,0.,-0.));
#2117 = PCURVE('',#314,#2118);
#2118 = DEFINITIONAL_REPRESENTATION('',(#2119),#2123);
#2119 = CIRCLE('',#2120,15.);
#2120 = AXIS2_PLACEMENT_2D('',#2121,#2122);
#2121 = CARTESIAN_POINT('',(0.,0.));
#2122 = DIRECTION('',(1.,0.));
#2123 = ( GEOMETRIC_REPRESENTATION_CONTEXT(2) 
PARAMETRIC_REPRESENTATION_CONTEXT() REPRESENTATION_CONTEXT('2D SPACE',''
  ) );
#2124 = PCURVE('',#857,#2125);
#2125 = DEFINITIONAL_REPRESENTATION('',(#2126),#2130);
#2126 = LINE('',#2127,#2128);
#2127 = CARTESIAN_POINT('',(0.,31.));
#2128 = VECTOR('',#2129,1.);
#2129 = DIRECTION('',(1.,0.));
#2130 = ( GEOMETRIC_REPRESENTATION_CONTEXT(2) 
PARAMETRIC_REPRESENTATION_CONTEXT() REPRESENTATION_CONTEXT('2D SPACE',''
  ) );
#2131 = ORIENTED_EDGE('',*,*,#2132,.F.);
#2132 = EDGE_CURVE('',#2133,#2109,#2135,.T.);
#2133 = VERTEX_POINT('',#2134);
#2134 = CARTESIAN_POINT('',(-47.04665646856,-40.3808384649,-16.));
#2135 = SURFACE_CURVE('',#2136,(#2140,#2147),.PCURVE_S1.);
#2136 = LINE('',#2137,#2138);
#2137 = CARTESIAN_POINT('',(-50.06535677877,-43.39953877511,-16.));
#2138 = VECTOR('',#2139,1.);
#2139 = DIRECTION('',(0.707106781187,0.707106781187,0.));
#2140 = PCURVE('',#314,#2141);
#2141 = DEFINITIONAL_REPRESENTATION('',(#2142),#2146);
#2142 = LINE('',#2143,#2144);
#2143 = CARTESIAN_POINT('',(-50.06535677877,-43.39953877511));
#2144 = VECTOR('',#2145,1.);
#2145 = DIRECTION('',(0.707106781187,0.707106781187));
#2146 = ( GEOMETRIC_REPRESENTATION_CONTEXT(2) 
PARAMETRIC_REPRESENTATION_CONTEXT() REPRESENTATION_CONTEXT('2D SPACE',''
  ) );
#2147 = PCURVE('',#2148,#2153);
#2148 = CYLINDRICAL_SURFACE('',#2149,1.);
#2149 = AXIS2_PLACEMENT_3D('',#2150,#2151,#2152);
#2150 = CARTESIAN_POINT('',(-46.98698409766,-40.321166094,-17.));
#2151 = DIRECTION('',(-0.707106781187,-0.707106781187,0.));
#2152 = DIRECTION('',(0.707106781187,-0.707106781187,0.));
#2153 = DEFINITIONAL_REPRESENTATION('',(#2154),#2158);
#2154 = LINE('',#2155,#2156);
#2155 = CARTESIAN_POINT('',(1.570796326795,4.353476395659));
#2156 = VECTOR('',#2157,1.);
#2157 = DIRECTION('',(7.023278086402E-16,-1.));
#2158 = ( GEOMETRIC_REPRESENTATION_CONTEXT(2) 
PARAMETRIC_REPRESENTATION_CONTEXT() REPRESENTATION_CONTEXT('2D SPACE',''
  ) );
#2159 = ORIENTED_EDGE('',*,*,#2160,.T.);
#2160 = EDGE_CURVE('',#2133,#521,#2161,.T.);
#2161 = SURFACE_CURVE('',#2162,(#2167,#2174),.PCURVE_S1.);
#2162 = CIRCLE('',#2163,62.);
#2163 = AXIS2_PLACEMENT_3D('',#2164,#2165,#2166);
#2164 = CARTESIAN_POINT('',(0.,0.,-16.));
#2165 = DIRECTION('',(0.,0.,1.));
#2166 = DIRECTION('',(-0.758817039816,-0.651303846208,0.));
#2167 = PCURVE('',#314,#2168);
#2168 = DEFINITIONAL_REPRESENTATION('',(#2169),#2173);
#2169 = CIRCLE('',#2170,62.);
#2170 = AXIS2_PLACEMENT_2D('',#2171,#2172);
#2171 = CARTESIAN_POINT('',(0.,0.));
#2172 = DIRECTION('',(-0.758817039816,-0.651303846208));
#2173 = ( GEOMETRIC_REPRESENTATION_CONTEXT(2) 
PARAMETRIC_REPRESENTATION_CONTEXT() REPRESENTATION_CONTEXT('2D SPACE',''
  ) );
#2174 = PCURVE('',#558,#2175);
#2175 = DEFINITIONAL_REPRESENTATION('',(#2176),#2180);
#2176 = LINE('',#2177,#2178);
#2177 = CARTESIAN_POINT('',(10.134079394784,15.));
#2178 = VECTOR('',#2179,1.);
#2179 = DIRECTION('',(1.,0.));
#2180 = ( GEOMETRIC_REPRESENTATION_CONTEXT(2) 
PARAMETRIC_REPRESENTATION_CONTEXT() REPRESENTATION_CONTEXT('2D SPACE',''
  ) );
#2181 = ADVANCED_FACE('',(#2182),#351,.T.);
#2182 = FACE_BOUND('',#2183,.T.);
#2183 = EDGE_LOOP('',(#2184,#2185,#2208,#2229,#2230,#2251,#2272,#2291));
#2184 = ORIENTED_EDGE('',*,*,#2084,.F.);
#2185 = ORIENTED_EDGE('',*,*,#2186,.F.);
#2186 = EDGE_CURVE('',#2187,#2057,#2189,.T.);
#2187 = VERTEX_POINT('',#2188);
#2188 = CARTESIAN_POINT('',(55.,-85.,-46.));
#2189 = SURFACE_CURVE('',#2190,(#2194,#2201),.PCURVE_S1.);
#2190 = LINE('',#2191,#2192);
#2191 = CARTESIAN_POINT('',(55.,-85.,-46.));
#2192 = VECTOR('',#2193,1.);
#2193 = DIRECTION('',(0.,0.,1.));
#2194 = PCURVE('',#351,#2195);
#2195 = DEFINITIONAL_REPRESENTATION('',(#2196),#2200);
#2196 = LINE('',#2197,#2198);
#2197 = CARTESIAN_POINT('',(0.,0.));
#2198 = VECTOR('',#2199,1.);
#2199 = DIRECTION('',(1.,0.));
#2200 = ( GEOMETRIC_REPRESENTATION_CONTEXT(2) 
PARAMETRIC_REPRESENTATION_CONTEXT() REPRESENTATION_CONTEXT('2D SPACE',''
  ) );
#2201 = PCURVE('',#2072,#2202);
#2202 = DEFINITIONAL_REPRESENTATION('',(#2203),#2207);
#2203 = LINE('',#2204,#2205);
#2204 = CARTESIAN_POINT('',(0.,110.));
#2205 = VECTOR('',#2206,1.);
#2206 = DIRECTION('',(1.,0.));
#2207 = ( GEOMETRIC_REPRESENTATION_CONTEXT(2) 
PARAMETRIC_REPRESENTATION_CONTEXT() REPRESENTATION_CONTEXT('2D SPACE',''
  ) );
#2208 = ORIENTED_EDGE('',*,*,#2209,.T.);
#2209 = EDGE_CURVE('',#2187,#334,#2210,.T.);
#2210 = SURFACE_CURVE('',#2211,(#2215,#2222),.PCURVE_S1.);
#2211 = LINE('',#2212,#2213);
#2212 = CARTESIAN_POINT('',(55.,-85.,-46.));
#2213 = VECTOR('',#2214,1.);
#2214 = DIRECTION('',(-0.,1.,0.));
#2215 = PCURVE('',#351,#2216);
#2216 = DEFINITIONAL_REPRESENTATION('',(#2217),#2221);
#2217 = LINE('',#2218,#2219);
#2218 = CARTESIAN_POINT('',(0.,0.));
#2219 = VECTOR('',#2220,1.);
#2220 = DIRECTION('',(0.,-1.));
#2221 = ( GEOMETRIC_REPRESENTATION_CONTEXT(2) 
PARAMETRIC_REPRESENTATION_CONTEXT() REPRESENTATION_CONTEXT('2D SPACE',''
  ) );
#2222 = PCURVE('',#379,#2223);
#2223 = DEFINITIONAL_REPRESENTATION('',(#2224),#2228);
#2224 = LINE('',#2225,#2226);
#2225 = CARTESIAN_POINT('',(110.,0.));
#2226 = VECTOR('',#2227,1.);
#2227 = DIRECTION('',(0.,1.));
#2228 = ( GEOMETRIC_REPRESENTATION_CONTEXT(2) 
PARAMETRIC_REPRESENTATION_CONTEXT() REPRESENTATION_CONTEXT('2D SPACE',''
  ) );
#2229 = ORIENTED_EDGE('',*,*,#333,.T.);
#2230 = ORIENTED_EDGE('',*,*,#2231,.F.);
#2231 = EDGE_CURVE('',#2232,#336,#2234,.T.);
#2232 = VERTEX_POINT('',#2233);
#2233 = CARTESIAN_POINT('',(55.,-64.35750723849,-43.));
#2234 = SURFACE_CURVE('',#2235,(#2239,#2245),.PCURVE_S1.);
#2235 = LINE('',#2236,#2237);
#2236 = CARTESIAN_POINT('',(55.,-91.5,-43.));
#2237 = VECTOR('',#2238,1.);
#2238 = DIRECTION('',(0.,1.,0.));
#2239 = PCURVE('',#351,#2240);
#2240 = DEFINITIONAL_REPRESENTATION('',(#2241),#2244);
#2241 = B_SPLINE_CURVE_WITH_KNOTS('',1,(#2242,#2243),.UNSPECIFIED.,.F.,
  .F.,(2,2),(17.965631294387,33.5),.PIECEWISE_BEZIER_KNOTS.);
#2242 = CARTESIAN_POINT('',(3.,-11.46563129438));
#2243 = CARTESIAN_POINT('',(3.,-27.));
#2244 = ( GEOMETRIC_REPRESENTATION_CONTEXT(2) 
PARAMETRIC_REPRESENTATION_CONTEXT() REPRESENTATION_CONTEXT('2D SPACE',''
  ) );
#2245 = PCURVE('',#752,#2246);
#2246 = DEFINITIONAL_REPRESENTATION('',(#2247),#2250);
#2247 = B_SPLINE_CURVE_WITH_KNOTS('',1,(#2248,#2249),.UNSPECIFIED.,.F.,
  .F.,(2,2),(17.965631294387,33.5),.PIECEWISE_BEZIER_KNOTS.);
#2248 = CARTESIAN_POINT('',(5.,24.465631294387));
#2249 = CARTESIAN_POINT('',(5.,40.));
#2250 = ( GEOMETRIC_REPRESENTATION_CONTEXT(2) 
PARAMETRIC_REPRESENTATION_CONTEXT() REPRESENTATION_CONTEXT('2D SPACE',''
  ) );
#2251 = ORIENTED_EDGE('',*,*,#2252,.F.);
#2252 = EDGE_CURVE('',#2253,#2232,#2255,.T.);
#2253 = VERTEX_POINT('',#2254);
#2254 = CARTESIAN_POINT('',(55.,-64.35750723849,-31.));
#2255 = SURFACE_CURVE('',#2256,(#2260,#2266),.PCURVE_S1.);
#2256 = LINE('',#2257,#2258);
#2257 = CARTESIAN_POINT('',(55.,-64.35750723849,0.));
#2258 = VECTOR('',#2259,1.);
#2259 = DIRECTION('',(0.,0.,-1.));
#2260 = PCURVE('',#351,#2261);
#2261 = DEFINITIONAL_REPRESENTATION('',(#2262),#2265);
#2262 = B_SPLINE_CURVE_WITH_KNOTS('',1,(#2263,#2264),.UNSPECIFIED.,.F.,
  .F.,(2,2),(31.,45.972174553319),.PIECEWISE_BEZIER_KNOTS.);
#2263 = CARTESIAN_POINT('',(15.,-20.6424927615));
#2264 = CARTESIAN_POINT('',(2.782544668091E-02,-20.6424927615));
#2265 = ( GEOMETRIC_REPRESENTATION_CONTEXT(2) 
PARAMETRIC_REPRESENTATION_CONTEXT() REPRESENTATION_CONTEXT('2D SPACE',''
  ) );
#2266 = PCURVE('',#728,#2267);
#2267 = DEFINITIONAL_REPRESENTATION('',(#2268),#2271);
#2268 = B_SPLINE_CURVE_WITH_KNOTS('',1,(#2269,#2270),.UNSPECIFIED.,.F.,
  .F.,(2,2),(31.,45.972174553319),.PIECEWISE_BEZIER_KNOTS.);
#2269 = CARTESIAN_POINT('',(-32.28154933912,-77.));
#2270 = CARTESIAN_POINT('',(-32.28154933912,-91.97217455331));
#2271 = ( GEOMETRIC_REPRESENTATION_CONTEXT(2) 
PARAMETRIC_REPRESENTATION_CONTEXT() REPRESENTATION_CONTEXT('2D SPACE',''
  ) );
#2272 = ORIENTED_EDGE('',*,*,#2273,.T.);
#2273 = EDGE_CURVE('',#2253,#665,#2274,.T.);
#2274 = SURFACE_CURVE('',#2275,(#2279,#2285),.PCURVE_S1.);
#2275 = LINE('',#2276,#2277);
#2276 = CARTESIAN_POINT('',(55.,-42.5,-31.));
#2277 = VECTOR('',#2278,1.);
#2278 = DIRECTION('',(0.,1.,0.));
#2279 = PCURVE('',#351,#2280);
#2280 = DEFINITIONAL_REPRESENTATION('',(#2281),#2284);
#2281 = B_SPLINE_CURVE_WITH_KNOTS('',1,(#2282,#2283),.UNSPECIFIED.,.F.,
  .F.,(2,2),(-37.5,-15.5),.PIECEWISE_BEZIER_KNOTS.);
#2282 = CARTESIAN_POINT('',(15.,-5.));
#2283 = CARTESIAN_POINT('',(15.,-27.));
#2284 = ( GEOMETRIC_REPRESENTATION_CONTEXT(2) 
PARAMETRIC_REPRESENTATION_CONTEXT() REPRESENTATION_CONTEXT('2D SPACE',''
  ) );
#2285 = PCURVE('',#702,#2286);
#2286 = DEFINITIONAL_REPRESENTATION('',(#2287),#2290);
#2287 = B_SPLINE_CURVE_WITH_KNOTS('',1,(#2288,#2289),.UNSPECIFIED.,.F.,
  .F.,(2,2),(-37.5,-15.5),.PIECEWISE_BEZIER_KNOTS.);
#2288 = CARTESIAN_POINT('',(-55.,-80.));
#2289 = CARTESIAN_POINT('',(-55.,-58.));
#2290 = ( GEOMETRIC_REPRESENTATION_CONTEXT(2) 
PARAMETRIC_REPRESENTATION_CONTEXT() REPRESENTATION_CONTEXT('2D SPACE',''
  ) );
#2291 = ORIENTED_EDGE('',*,*,#664,.T.);
#2292 = ADVANCED_FACE('',(#2293),#752,.F.);
#2293 = FACE_BOUND('',#2294,.F.);
#2294 = EDGE_LOOP('',(#2295,#2316,#2317));
#2295 = ORIENTED_EDGE('',*,*,#2296,.F.);
#2296 = EDGE_CURVE('',#714,#2232,#2297,.T.);
#2297 = SURFACE_CURVE('',#2298,(#2302,#2309),.PCURVE_S1.);
#2298 = LINE('',#2299,#2300);
#2299 = CARTESIAN_POINT('',(49.45460313959,-52.46536529437,-43.));
#2300 = VECTOR('',#2301,1.);
#2301 = DIRECTION('',(0.422618261741,-0.906307787037,0.));
#2302 = PCURVE('',#752,#2303);
#2303 = DEFINITIONAL_REPRESENTATION('',(#2304),#2308);
#2304 = LINE('',#2305,#2306);
#2305 = CARTESIAN_POINT('',(10.54539686041,45.534634705624));
#2306 = VECTOR('',#2307,1.);
#2307 = DIRECTION('',(-0.422618261741,-0.906307787037));
#2308 = ( GEOMETRIC_REPRESENTATION_CONTEXT(2) 
PARAMETRIC_REPRESENTATION_CONTEXT() REPRESENTATION_CONTEXT('2D SPACE',''
  ) );
#2309 = PCURVE('',#728,#2310);
#2310 = DEFINITIONAL_REPRESENTATION('',(#2311),#2315);
#2311 = LINE('',#2312,#2313);
#2312 = CARTESIAN_POINT('',(-45.40307616943,-89.));
#2313 = VECTOR('',#2314,1.);
#2314 = DIRECTION('',(1.,0.));
#2315 = ( GEOMETRIC_REPRESENTATION_CONTEXT(2) 
PARAMETRIC_REPRESENTATION_CONTEXT() REPRESENTATION_CONTEXT('2D SPACE',''
  ) );
#2316 = ORIENTED_EDGE('',*,*,#739,.F.);
#2317 = ORIENTED_EDGE('',*,*,#2231,.F.);
#2318 = ADVANCED_FACE('',(#2319),#728,.F.);
#2319 = FACE_BOUND('',#2320,.F.);
#2320 = EDGE_LOOP('',(#2321,#2322,#2343,#2344));
#2321 = ORIENTED_EDGE('',*,*,#2252,.F.);
#2322 = ORIENTED_EDGE('',*,*,#2323,.F.);
#2323 = EDGE_CURVE('',#688,#2253,#2324,.T.);
#2324 = SURFACE_CURVE('',#2325,(#2329,#2336),.PCURVE_S1.);
#2325 = LINE('',#2326,#2327);
#2326 = CARTESIAN_POINT('',(49.45460313959,-52.46536529437,-31.));
#2327 = VECTOR('',#2328,1.);
#2328 = DIRECTION('',(0.422618261741,-0.906307787037,0.));
#2329 = PCURVE('',#728,#2330);
#2330 = DEFINITIONAL_REPRESENTATION('',(#2331),#2335);
#2331 = LINE('',#2332,#2333);
#2332 = CARTESIAN_POINT('',(-45.40307616943,-77.));
#2333 = VECTOR('',#2334,1.);
#2334 = DIRECTION('',(1.,0.));
#2335 = ( GEOMETRIC_REPRESENTATION_CONTEXT(2) 
PARAMETRIC_REPRESENTATION_CONTEXT() REPRESENTATION_CONTEXT('2D SPACE',''
  ) );
#2336 = PCURVE('',#702,#2337);
#2337 = DEFINITIONAL_REPRESENTATION('',(#2338),#2342);
#2338 = LINE('',#2339,#2340);
#2339 = CARTESIAN_POINT('',(-49.45460313959,-52.46536529437));
#2340 = VECTOR('',#2341,1.);
#2341 = DIRECTION('',(-0.422618261741,-0.906307787037));
#2342 = ( GEOMETRIC_REPRESENTATION_CONTEXT(2) 
PARAMETRIC_REPRESENTATION_CONTEXT() REPRESENTATION_CONTEXT('2D SPACE',''
  ) );
#2343 = ORIENTED_EDGE('',*,*,#713,.F.);
#2344 = ORIENTED_EDGE('',*,*,#2296,.T.);
#2345 = ADVANCED_FACE('',(#2346),#702,.T.);
#2346 = FACE_BOUND('',#2347,.T.);
#2347 = EDGE_LOOP('',(#2348,#2349,#2350));
#2348 = ORIENTED_EDGE('',*,*,#2323,.F.);
#2349 = ORIENTED_EDGE('',*,*,#687,.F.);
#2350 = ORIENTED_EDGE('',*,*,#2273,.F.);
#2351 = ADVANCED_FACE('',(#2352),#584,.F.);
#2352 = FACE_BOUND('',#2353,.F.);
#2353 = EDGE_LOOP('',(#2354,#2355,#2356,#2382));
#2354 = ORIENTED_EDGE('',*,*,#794,.F.);
#2355 = ORIENTED_EDGE('',*,*,#569,.T.);
#2356 = ORIENTED_EDGE('',*,*,#2357,.T.);
#2357 = EDGE_CURVE('',#570,#596,#2358,.T.);
#2358 = SURFACE_CURVE('',#2359,(#2364,#2371),.PCURVE_S1.);
#2359 = CIRCLE('',#2360,62.);
#2360 = AXIS2_PLACEMENT_3D('',#2361,#2362,#2363);
#2361 = CARTESIAN_POINT('',(0.,0.,-43.));
#2362 = DIRECTION('',(5.782411586589E-17,-6.162975822039E-33,1.));
#2363 = DIRECTION('',(-0.602916297761,-0.797804448404,3.486310185919E-17
    ));
#2364 = PCURVE('',#584,#2365);
#2365 = DEFINITIONAL_REPRESENTATION('',(#2366),#2370);
#2366 = LINE('',#2367,#2368);
#2367 = CARTESIAN_POINT('',(5.359540466452,89.));
#2368 = VECTOR('',#2369,1.);
#2369 = DIRECTION('',(-1.,0.));
#2370 = ( GEOMETRIC_REPRESENTATION_CONTEXT(2) 
PARAMETRIC_REPRESENTATION_CONTEXT() REPRESENTATION_CONTEXT('2D SPACE',''
  ) );
#2371 = PCURVE('',#610,#2372);
#2372 = DEFINITIONAL_REPRESENTATION('',(#2373),#2381);
#2373 = ( BOUNDED_CURVE() B_SPLINE_CURVE(2,(#2374,#2375,#2376,#2377,
#2378,#2379,#2380),.UNSPECIFIED.,.T.,.F.) B_SPLINE_CURVE_WITH_KNOTS((1,2
    ,2,2,2,1),(-2.094395102393,0.,2.094395102393,4.188790204786,
6.28318530718,8.377580409573),.UNSPECIFIED.) CURVE() 
GEOMETRIC_REPRESENTATION_ITEM() RATIONAL_B_SPLINE_CURVE((1.,0.5,1.,0.5,
1.,0.5,1.)) REPRESENTATION_ITEM('') );
#2374 = CARTESIAN_POINT('',(97.380810461206,48.536124198933));
#2375 = CARTESIAN_POINT('',(11.706864434481,-16.20933874797));
#2376 = CARTESIAN_POINT('',(-1.527378243965,90.359206427078));
#2377 = CARTESIAN_POINT('',(-14.76162092241,196.92775160213));
#2378 = CARTESIAN_POINT('',(84.14656778276,155.10466937398));
#2379 = CARTESIAN_POINT('',(183.05475648793,113.28158714584));
#2380 = CARTESIAN_POINT('',(97.380810461206,48.536124198933));
#2381 = ( GEOMETRIC_REPRESENTATION_CONTEXT(2) 
PARAMETRIC_REPRESENTATION_CONTEXT() REPRESENTATION_CONTEXT('2D SPACE',''
  ) );
#2382 = ORIENTED_EDGE('',*,*,#621,.F.);
#2383 = ADVANCED_FACE('',(#2384),#610,.F.);
#2384 = FACE_BOUND('',#2385,.F.);
#2385 = EDGE_LOOP('',(#2386,#2387));
#2386 = ORIENTED_EDGE('',*,*,#2357,.F.);
#2387 = ORIENTED_EDGE('',*,*,#595,.F.);
#2388 = ADVANCED_FACE('',(#2389),#558,.T.);
#2389 = FACE_BOUND('',#2390,.T.);
#2390 = EDGE_LOOP('',(#2391,#2465,#2466,#2467,#2468,#2509));
#2391 = ORIENTED_EDGE('',*,*,#2392,.F.);
#2392 = EDGE_CURVE('',#767,#2393,#2395,.T.);
#2393 = VERTEX_POINT('',#2394);
#2394 = CARTESIAN_POINT('',(-47.69409087885,-39.61405931282,-30.));
#2395 = SURFACE_CURVE('',#2396,(#2417,#2441),.PCURVE_S1.);
#2396 = B_SPLINE_CURVE_WITH_KNOTS('',7,(#2397,#2398,#2399,#2400,#2401,
    #2402,#2403,#2404,#2405,#2406,#2407,#2408,#2409,#2410,#2411,#2412,
    #2413,#2414,#2415,#2416),.UNSPECIFIED.,.F.,.F.,(8,6,6,8),(0.,
    0.245337300475,0.388506653839,1.),.UNSPECIFIED.);
#2397 = CARTESIAN_POINT('',(-47.04665646856,-40.3808384649,-31.));
#2398 = CARTESIAN_POINT('',(-47.08682564118,-40.33403841476,-31.));
#2399 = CARTESIAN_POINT('',(-47.12689225107,-40.28724802148,
    -30.99558753902));
#2400 = CARTESIAN_POINT('',(-47.16652138891,-40.24085771335,
    -30.98678440527));
#2401 = CARTESIAN_POINT('',(-47.20538805791,-40.19525241775,
    -30.9737075907));
#2402 = CARTESIAN_POINT('',(-47.24318520503,-40.15080108829,
    -30.95656787383));
#2403 = CARTESIAN_POINT('',(-47.27963175218,-40.10784623206,
    -30.9356684025));
#2404 = CARTESIAN_POINT('',(-47.33481708232,-40.04267825811,
    -30.8972430883));
#2405 = CARTESIAN_POINT('',(-47.35462576506,-40.01925745251,
    -30.88192550416));
#2406 = CARTESIAN_POINT('',(-47.37387778461,-39.9964678403,
    -30.8655106586));
#2407 = CARTESIAN_POINT('',(-47.39254710167,-39.97434292808,
    -30.84806079063));
#2408 = CARTESIAN_POINT('',(-47.4106105287,-39.95291290858,
    -30.82964024394));
#2409 = CARTESIAN_POINT('',(-47.42804772989,-39.93220466078,
    -30.81031546686));
#2410 = CARTESIAN_POINT('',(-47.51656822114,-39.82697778129,
    -30.70404731204));
#2411 = CARTESIAN_POINT('',(-47.57625998363,-39.75565753479,
    -30.60304659565));
#2412 = CARTESIAN_POINT('',(-47.62370400551,-39.69874974079,
    -30.49154534826));
#2413 = CARTESIAN_POINT('',(-47.65902830763,-39.65627363188,
    -30.37288961533));
#2414 = CARTESIAN_POINT('',(-47.68242685355,-39.62810241652,
    -30.24985515329));
#2415 = CARTESIAN_POINT('',(-47.69409087885,-39.61405931282,
    -30.1248240495));
#2416 = CARTESIAN_POINT('',(-47.69409087885,-39.61405931282,-30.));
#2417 = PCURVE('',#558,#2418);
#2418 = DEFINITIONAL_REPRESENTATION('',(#2419),#2440);
#2419 = B_SPLINE_CURVE_WITH_KNOTS('',7,(#2420,#2421,#2422,#2423,#2424,
    #2425,#2426,#2427,#2428,#2429,#2430,#2431,#2432,#2433,#2434,#2435,
    #2436,#2437,#2438,#2439),.UNSPECIFIED.,.F.,.F.,(8,6,6,8),(0.,
    0.245337300475,0.388506653839,1.),.UNSPECIFIED.);
#2420 = CARTESIAN_POINT('',(10.134079394784,0.));
#2421 = CARTESIAN_POINT('',(10.133084636524,-3.725449134348E-15));
#2422 = CARTESIAN_POINT('',(10.132091073879,4.412460970629E-03));
#2423 = CARTESIAN_POINT('',(10.131107001826,1.321559472504E-02));
#2424 = CARTESIAN_POINT('',(10.130140544007,2.629240929583E-02));
#2425 = CARTESIAN_POINT('',(10.129199440386,4.343212616554E-02));
#2426 = CARTESIAN_POINT('',(10.128290834926,6.433159749714E-02));
#2427 = CARTESIAN_POINT('',(10.126913498156,0.102756911697));
#2428 = CARTESIAN_POINT('',(10.126418750061,0.118074495833));
#2429 = CARTESIAN_POINT('',(10.125937573096,0.134489341397));
#2430 = CARTESIAN_POINT('',(10.125470650931,0.151939209363));
#2431 = CARTESIAN_POINT('',(10.125018596768,0.170359756052));
#2432 = CARTESIAN_POINT('',(10.124581953344,0.189684533134));
#2433 = CARTESIAN_POINT('',(10.122364075135,0.295952687958));
#2434 = CARTESIAN_POINT('',(10.120864020559,0.396953404343));
#2435 = CARTESIAN_POINT('',(10.11966901141,0.508454651735));
#2436 = CARTESIAN_POINT('',(10.118777960742,0.627110384666));
#2437 = CARTESIAN_POINT('',(10.118187296917,0.750144846708));
#2438 = CARTESIAN_POINT('',(10.117892855584,0.875175950491));
#2439 = CARTESIAN_POINT('',(10.117892855584,1.));
#2440 = ( GEOMETRIC_REPRESENTATION_CONTEXT(2) 
PARAMETRIC_REPRESENTATION_CONTEXT() REPRESENTATION_CONTEXT('2D SPACE',''
  ) );
#2441 = PCURVE('',#883,#2442);
#2442 = DEFINITIONAL_REPRESENTATION('',(#2443),#2464);
#2443 = B_SPLINE_CURVE_WITH_KNOTS('',7,(#2444,#2445,#2446,#2447,#2448,
    #2449,#2450,#2451,#2452,#2453,#2454,#2455,#2456,#2457,#2458,#2459,
    #2460,#2461,#2462,#2463),.UNSPECIFIED.,.F.,.F.,(8,6,6,8),(0.,
    0.245337300475,0.388506653839,1.),.UNSPECIFIED.);
#2444 = CARTESIAN_POINT('',(4.712388980385,-8.438947622352E-02));
#2445 = CARTESIAN_POINT('',(4.773885507553,-7.970073776347E-02));
#2446 = CARTESIAN_POINT('',(4.835302798508,-7.494630492796E-02));
#2447 = CARTESIAN_POINT('',(4.896507469481,-7.016543556952E-02));
#2448 = CARTESIAN_POINT('',(4.957373077695,-6.540050700568E-02));
#2449 = CARTESIAN_POINT('',(5.017767205924,-6.069528955326E-02));
#2450 = CARTESIAN_POINT('',(5.07753854705,-5.609322006267E-02));
#2451 = CARTESIAN_POINT('',(5.170913938203,-4.903442493612E-02));
#2452 = CARTESIAN_POINT('',(5.205076860005,-4.648026836284E-02));
#2453 = CARTESIAN_POINT('',(5.238992521107,-4.397881261068E-02));
#2454 = CARTESIAN_POINT('',(5.272659132519,-4.153533783533E-02));
#2455 = CARTESIAN_POINT('',(5.30607334918,-3.915479746991E-02));
#2456 = CARTESIAN_POINT('',(5.339230269955,-3.684181822492E-02));
#2457 = CARTESIAN_POINT('',(5.512614071284,-2.502861782119E-02));
#2458 = CARTESIAN_POINT('',(5.647718139682,-1.680603792444E-02));
#2459 = CARTESIAN_POINT('',(5.778888073181,-1.01141404779E-02));
#2460 = CARTESIAN_POINT('',(5.907117618242,-5.057049399604E-03));
#2461 = CARTESIAN_POINT('',(6.033330547528,-1.682262472407E-03));
#2462 = CARTESIAN_POINT('',(6.15836125767,2.84217094304E-14));
#2463 = CARTESIAN_POINT('',(6.28318530718,2.84217094304E-14));
#2464 = ( GEOMETRIC_REPRESENTATION_CONTEXT(2) 
PARAMETRIC_REPRESENTATION_CONTEXT() REPRESENTATION_CONTEXT('2D SPACE',''
  ) );
#2465 = ORIENTED_EDGE('',*,*,#766,.F.);
#2466 = ORIENTED_EDGE('',*,*,#543,.T.);
#2467 = ORIENTED_EDGE('',*,*,#2160,.F.);
#2468 = ORIENTED_EDGE('',*,*,#2469,.T.);
#2469 = EDGE_CURVE('',#2133,#2470,#2472,.T.);
#2470 = VERTEX_POINT('',#2471);
#2471 = CARTESIAN_POINT('',(-47.69409087885,-39.61405931282,-17.));
#2472 = SURFACE_CURVE('',#2473,(#2483,#2496),.PCURVE_S1.);
#2473 = B_SPLINE_CURVE_WITH_KNOTS('',8,(#2474,#2475,#2476,#2477,#2478,
    #2479,#2480,#2481,#2482),.UNSPECIFIED.,.F.,.F.,(9,9),(0.,1.),
  .PIECEWISE_BEZIER_KNOTS.);
#2474 = CARTESIAN_POINT('',(-47.04665646856,-40.3808384649,-16.));
#2475 = CARTESIAN_POINT('',(-47.1944662291,-40.20862918716,-16.));
#2476 = CARTESIAN_POINT('',(-47.33269251743,-40.04612764434,
    -16.05852099581));
#2477 = CARTESIAN_POINT('',(-47.45286416807,-39.90350973279,
    -16.16321986857));
#2478 = CARTESIAN_POINT('',(-47.55084140626,-39.78635344803,
    -16.30284072385));
#2479 = CARTESIAN_POINT('',(-47.62403028614,-39.69840974627,
    -16.46659387654));
#2480 = CARTESIAN_POINT('',(-47.67164199076,-39.64108714673,
    -16.64403338628));
#2481 = CARTESIAN_POINT('',(-47.69409087885,-39.61405931282,
    -16.82503513894));
#2482 = CARTESIAN_POINT('',(-47.69409087885,-39.61405931282,-17.));
#2483 = PCURVE('',#558,#2484);
#2484 = DEFINITIONAL_REPRESENTATION('',(#2485),#2495);
#2485 = B_SPLINE_CURVE_WITH_KNOTS('',8,(#2486,#2487,#2488,#2489,#2490,
    #2491,#2492,#2493,#2494),.UNSPECIFIED.,.F.,.F.,(9,9),(0.,1.),
  .PIECEWISE_BEZIER_KNOTS.);
#2486 = CARTESIAN_POINT('',(10.134079394784,15.));
#2487 = CARTESIAN_POINT('',(10.130419001238,15.));
#2488 = CARTESIAN_POINT('',(10.126978093886,14.941479004187));
#2489 = CARTESIAN_POINT('',(10.123970129778,14.83678013143));
#2490 = CARTESIAN_POINT('',(10.121506827067,14.697159276143));
#2491 = CARTESIAN_POINT('',(10.119661430308,14.533406123451));
#2492 = CARTESIAN_POINT('',(10.118459546441,14.355966613715));
#2493 = CARTESIAN_POINT('',(10.117892855584,14.174964861057));
#2494 = CARTESIAN_POINT('',(10.117892855584,14.));
#2495 = ( GEOMETRIC_REPRESENTATION_CONTEXT(2) 
PARAMETRIC_REPRESENTATION_CONTEXT() REPRESENTATION_CONTEXT('2D SPACE',''
  ) );
#2496 = PCURVE('',#2148,#2497);
#2497 = DEFINITIONAL_REPRESENTATION('',(#2498),#2508);
#2498 = B_SPLINE_CURVE_WITH_KNOTS('',8,(#2499,#2500,#2501,#2502,#2503,
    #2504,#2505,#2506,#2507),.UNSPECIFIED.,.F.,.F.,(9,9),(0.,1.),
  .PIECEWISE_BEZIER_KNOTS.);
#2499 = CARTESIAN_POINT('',(1.570796326795,8.438947622348E-02));
#2500 = CARTESIAN_POINT('',(1.797083958869,6.713641214983E-02));
#2501 = CARTESIAN_POINT('',(2.009733486421,4.997121508633E-02));
#2502 = CARTESIAN_POINT('',(2.213190442492,3.409931178557E-02));
#2503 = CARTESIAN_POINT('',(2.409425589225,2.05376779019E-02));
#2504 = CARTESIAN_POINT('',(2.600024829302,1.010444329178E-02));
#2505 = CARTESIAN_POINT('',(2.785625816039,3.237803644922E-03));
#2506 = CARTESIAN_POINT('',(2.966627792533,-2.841972644299E-14));
#2507 = CARTESIAN_POINT('',(3.14159265359,-2.84217094304E-14));
#2508 = ( GEOMETRIC_REPRESENTATION_CONTEXT(2) 
PARAMETRIC_REPRESENTATION_CONTEXT() REPRESENTATION_CONTEXT('2D SPACE',''
  ) );
#2509 = ORIENTED_EDGE('',*,*,#2510,.F.);
#2510 = EDGE_CURVE('',#2393,#2470,#2511,.T.);
#2511 = SURFACE_CURVE('',#2512,(#2516,#2522),.PCURVE_S1.);
#2512 = LINE('',#2513,#2514);
#2513 = CARTESIAN_POINT('',(-47.69409087885,-39.61405931282,-31.));
#2514 = VECTOR('',#2515,1.);
#2515 = DIRECTION('',(0.,0.,1.));
#2516 = PCURVE('',#558,#2517);
#2517 = DEFINITIONAL_REPRESENTATION('',(#2518),#2521);
#2518 = B_SPLINE_CURVE_WITH_KNOTS('',1,(#2519,#2520),.UNSPECIFIED.,.F.,
  .F.,(2,2),(-5.999999999062E-07,15.0000006),.PIECEWISE_BEZIER_KNOTS.);
#2519 = CARTESIAN_POINT('',(10.117892855584,-5.999999999062E-07));
#2520 = CARTESIAN_POINT('',(10.117892855584,15.0000006));
#2521 = ( GEOMETRIC_REPRESENTATION_CONTEXT(2) 
PARAMETRIC_REPRESENTATION_CONTEXT() REPRESENTATION_CONTEXT('2D SPACE',''
  ) );
#2522 = PCURVE('',#2523,#2528);
#2523 = PLANE('',#2524);
#2524 = AXIS2_PLACEMENT_3D('',#2525,#2526,#2527);
#2525 = CARTESIAN_POINT('',(-47.69409087885,-39.61405931282,46.));
#2526 = DIRECTION('',(0.707106781187,-0.707106781187,0.));
#2527 = DIRECTION('',(0.707106781187,0.707106781187,0.));
#2528 = DEFINITIONAL_REPRESENTATION('',(#2529),#2532);
#2529 = B_SPLINE_CURVE_WITH_KNOTS('',1,(#2530,#2531),.UNSPECIFIED.,.F.,
  .F.,(2,2),(-5.999999999062E-07,15.0000006),.PIECEWISE_BEZIER_KNOTS.);
#2530 = CARTESIAN_POINT('',(2.009718347115E-14,-77.0000006));
#2531 = CARTESIAN_POINT('',(2.009718347115E-14,-61.9999994));
#2532 = ( GEOMETRIC_REPRESENTATION_CONTEXT(2) 
PARAMETRIC_REPRESENTATION_CONTEXT() REPRESENTATION_CONTEXT('2D SPACE',''
  ) );
#2533 = ADVANCED_FACE('',(#2534),#407,.F.);
#2534 = FACE_BOUND('',#2535,.F.);
#2535 = EDGE_LOOP('',(#2536,#2537,#2560,#2581,#2582,#2603,#2624,#2643));
#2536 = ORIENTED_EDGE('',*,*,#2033,.F.);
#2537 = ORIENTED_EDGE('',*,*,#2538,.F.);
#2538 = EDGE_CURVE('',#2539,#2034,#2541,.T.);
#2539 = VERTEX_POINT('',#2540);
#2540 = CARTESIAN_POINT('',(-55.,-85.,-46.));
#2541 = SURFACE_CURVE('',#2542,(#2546,#2553),.PCURVE_S1.);
#2542 = LINE('',#2543,#2544);
#2543 = CARTESIAN_POINT('',(-55.,-85.,-46.));
#2544 = VECTOR('',#2545,1.);
#2545 = DIRECTION('',(0.,0.,1.));
#2546 = PCURVE('',#407,#2547);
#2547 = DEFINITIONAL_REPRESENTATION('',(#2548),#2552);
#2548 = LINE('',#2549,#2550);
#2549 = CARTESIAN_POINT('',(0.,0.));
#2550 = VECTOR('',#2551,1.);
#2551 = DIRECTION('',(1.,0.));
#2552 = ( GEOMETRIC_REPRESENTATION_CONTEXT(2) 
PARAMETRIC_REPRESENTATION_CONTEXT() REPRESENTATION_CONTEXT('2D SPACE',''
  ) );
#2553 = PCURVE('',#2072,#2554);
#2554 = DEFINITIONAL_REPRESENTATION('',(#2555),#2559);
#2555 = LINE('',#2556,#2557);
#2556 = CARTESIAN_POINT('',(0.,0.));
#2557 = VECTOR('',#2558,1.);
#2558 = DIRECTION('',(1.,0.));
#2559 = ( GEOMETRIC_REPRESENTATION_CONTEXT(2) 
PARAMETRIC_REPRESENTATION_CONTEXT() REPRESENTATION_CONTEXT('2D SPACE',''
  ) );
#2560 = ORIENTED_EDGE('',*,*,#2561,.T.);
#2561 = EDGE_CURVE('',#2539,#364,#2562,.T.);
#2562 = SURFACE_CURVE('',#2563,(#2567,#2574),.PCURVE_S1.);
#2563 = LINE('',#2564,#2565);
#2564 = CARTESIAN_POINT('',(-55.,-85.,-46.));
#2565 = VECTOR('',#2566,1.);
#2566 = DIRECTION('',(-0.,1.,0.));
#2567 = PCURVE('',#407,#2568);
#2568 = DEFINITIONAL_REPRESENTATION('',(#2569),#2573);
#2569 = LINE('',#2570,#2571);
#2570 = CARTESIAN_POINT('',(0.,0.));
#2571 = VECTOR('',#2572,1.);
#2572 = DIRECTION('',(0.,-1.));
#2573 = ( GEOMETRIC_REPRESENTATION_CONTEXT(2) 
PARAMETRIC_REPRESENTATION_CONTEXT() REPRESENTATION_CONTEXT('2D SPACE',''
  ) );
#2574 = PCURVE('',#379,#2575);
#2575 = DEFINITIONAL_REPRESENTATION('',(#2576),#2580);
#2576 = LINE('',#2577,#2578);
#2577 = CARTESIAN_POINT('',(0.,0.));
#2578 = VECTOR('',#2579,1.);
#2579 = DIRECTION('',(0.,1.));
#2580 = ( GEOMETRIC_REPRESENTATION_CONTEXT(2) 
PARAMETRIC_REPRESENTATION_CONTEXT() REPRESENTATION_CONTEXT('2D SPACE',''
  ) );
#2581 = ORIENTED_EDGE('',*,*,#391,.T.);
#2582 = ORIENTED_EDGE('',*,*,#2583,.F.);
#2583 = EDGE_CURVE('',#2584,#392,#2586,.T.);
#2584 = VERTEX_POINT('',#2585);
#2585 = CARTESIAN_POINT('',(-55.,-64.35750723849,-43.));
#2586 = SURFACE_CURVE('',#2587,(#2591,#2597),.PCURVE_S1.);
#2587 = LINE('',#2588,#2589);
#2588 = CARTESIAN_POINT('',(-55.,-91.5,-43.));
#2589 = VECTOR('',#2590,1.);
#2590 = DIRECTION('',(0.,1.,0.));
#2591 = PCURVE('',#407,#2592);
#2592 = DEFINITIONAL_REPRESENTATION('',(#2593),#2596);
#2593 = B_SPLINE_CURVE_WITH_KNOTS('',1,(#2594,#2595),.UNSPECIFIED.,.F.,
  .F.,(2,2),(17.965631294387,33.5),.PIECEWISE_BEZIER_KNOTS.);
#2594 = CARTESIAN_POINT('',(3.,-11.46563129438));
#2595 = CARTESIAN_POINT('',(3.,-27.));
#2596 = ( GEOMETRIC_REPRESENTATION_CONTEXT(2) 
PARAMETRIC_REPRESENTATION_CONTEXT() REPRESENTATION_CONTEXT('2D SPACE',''
  ) );
#2597 = PCURVE('',#434,#2598);
#2598 = DEFINITIONAL_REPRESENTATION('',(#2599),#2602);
#2599 = B_SPLINE_CURVE_WITH_KNOTS('',1,(#2600,#2601),.UNSPECIFIED.,.F.,
  .F.,(2,2),(17.965631294387,33.5),.PIECEWISE_BEZIER_KNOTS.);
#2600 = CARTESIAN_POINT('',(115.,24.465631294387));
#2601 = CARTESIAN_POINT('',(115.,40.));
#2602 = ( GEOMETRIC_REPRESENTATION_CONTEXT(2) 
PARAMETRIC_REPRESENTATION_CONTEXT() REPRESENTATION_CONTEXT('2D SPACE',''
  ) );
#2603 = ORIENTED_EDGE('',*,*,#2604,.F.);
#2604 = EDGE_CURVE('',#2605,#2584,#2607,.T.);
#2605 = VERTEX_POINT('',#2606);
#2606 = CARTESIAN_POINT('',(-55.,-64.35750723849,-31.));
#2607 = SURFACE_CURVE('',#2608,(#2612,#2618),.PCURVE_S1.);
#2608 = LINE('',#2609,#2610);
#2609 = CARTESIAN_POINT('',(-55.,-64.35750723849,0.));
#2610 = VECTOR('',#2611,1.);
#2611 = DIRECTION('',(0.,-0.,-1.));
#2612 = PCURVE('',#407,#2613);
#2613 = DEFINITIONAL_REPRESENTATION('',(#2614),#2617);
#2614 = B_SPLINE_CURVE_WITH_KNOTS('',1,(#2615,#2616),.UNSPECIFIED.,.F.,
  .F.,(2,2),(31.,45.972174553319),.PIECEWISE_BEZIER_KNOTS.);
#2615 = CARTESIAN_POINT('',(15.,-20.6424927615));
#2616 = CARTESIAN_POINT('',(2.782544668091E-02,-20.6424927615));
#2617 = ( GEOMETRIC_REPRESENTATION_CONTEXT(2) 
PARAMETRIC_REPRESENTATION_CONTEXT() REPRESENTATION_CONTEXT('2D SPACE',''
  ) );
#2618 = PCURVE('',#460,#2619);
#2619 = DEFINITIONAL_REPRESENTATION('',(#2620),#2623);
#2620 = B_SPLINE_CURVE_WITH_KNOTS('',1,(#2621,#2622),.UNSPECIFIED.,.F.,
  .F.,(2,2),(31.,45.972174553319),.PIECEWISE_BEZIER_KNOTS.);
#2621 = CARTESIAN_POINT('',(-23.85641443278,-77.));
#2622 = CARTESIAN_POINT('',(-23.85641443278,-91.97217455331));
#2623 = ( GEOMETRIC_REPRESENTATION_CONTEXT(2) 
PARAMETRIC_REPRESENTATION_CONTEXT() REPRESENTATION_CONTEXT('2D SPACE',''
  ) );
#2624 = ORIENTED_EDGE('',*,*,#2625,.T.);
#2625 = EDGE_CURVE('',#2605,#472,#2626,.T.);
#2626 = SURFACE_CURVE('',#2627,(#2631,#2637),.PCURVE_S1.);
#2627 = LINE('',#2628,#2629);
#2628 = CARTESIAN_POINT('',(-55.,-42.5,-31.));
#2629 = VECTOR('',#2630,1.);
#2630 = DIRECTION('',(0.,1.,0.));
#2631 = PCURVE('',#407,#2632);
#2632 = DEFINITIONAL_REPRESENTATION('',(#2633),#2636);
#2633 = B_SPLINE_CURVE_WITH_KNOTS('',1,(#2634,#2635),.UNSPECIFIED.,.F.,
  .F.,(2,2),(-37.5,-15.5),.PIECEWISE_BEZIER_KNOTS.);
#2634 = CARTESIAN_POINT('',(15.,-5.));
#2635 = CARTESIAN_POINT('',(15.,-27.));
#2636 = ( GEOMETRIC_REPRESENTATION_CONTEXT(2) 
PARAMETRIC_REPRESENTATION_CONTEXT() REPRESENTATION_CONTEXT('2D SPACE',''
  ) );
#2637 = PCURVE('',#486,#2638);
#2638 = DEFINITIONAL_REPRESENTATION('',(#2639),#2642);
#2639 = B_SPLINE_CURVE_WITH_KNOTS('',1,(#2640,#2641),.UNSPECIFIED.,.F.,
  .F.,(2,2),(-37.5,-15.5),.PIECEWISE_BEZIER_KNOTS.);
#2640 = CARTESIAN_POINT('',(55.,-80.));
#2641 = CARTESIAN_POINT('',(55.,-58.));
#2642 = ( GEOMETRIC_REPRESENTATION_CONTEXT(2) 
PARAMETRIC_REPRESENTATION_CONTEXT() REPRESENTATION_CONTEXT('2D SPACE',''
  ) );
#2643 = ORIENTED_EDGE('',*,*,#497,.T.);
#2644 = ADVANCED_FACE('',(#2645),#486,.T.);
#2645 = FACE_BOUND('',#2646,.T.);
#2646 = EDGE_LOOP('',(#2647,#2648,#2669));
#2647 = ORIENTED_EDGE('',*,*,#471,.F.);
#2648 = ORIENTED_EDGE('',*,*,#2649,.F.);
#2649 = EDGE_CURVE('',#2605,#446,#2650,.T.);
#2650 = SURFACE_CURVE('',#2651,(#2655,#2662),.PCURVE_S1.);
#2651 = LINE('',#2652,#2653);
#2652 = CARTESIAN_POINT('',(-61.48650158863,-78.26785478522,-31.));
#2653 = VECTOR('',#2654,1.);
#2654 = DIRECTION('',(0.422618261741,0.906307787037,0.));
#2655 = PCURVE('',#486,#2656);
#2656 = DEFINITIONAL_REPRESENTATION('',(#2657),#2661);
#2657 = LINE('',#2658,#2659);
#2658 = CARTESIAN_POINT('',(61.486501588636,-78.26785478522));
#2659 = VECTOR('',#2660,1.);
#2660 = DIRECTION('',(-0.422618261741,0.906307787037));
#2661 = ( GEOMETRIC_REPRESENTATION_CONTEXT(2) 
PARAMETRIC_REPRESENTATION_CONTEXT() REPRESENTATION_CONTEXT('2D SPACE',''
  ) );
#2662 = PCURVE('',#460,#2663);
#2663 = DEFINITIONAL_REPRESENTATION('',(#2664),#2668);
#2664 = LINE('',#2665,#2666);
#2665 = CARTESIAN_POINT('',(-39.20478476093,-77.));
#2666 = VECTOR('',#2667,1.);
#2667 = DIRECTION('',(1.,0.));
#2668 = ( GEOMETRIC_REPRESENTATION_CONTEXT(2) 
PARAMETRIC_REPRESENTATION_CONTEXT() REPRESENTATION_CONTEXT('2D SPACE',''
  ) );
#2669 = ORIENTED_EDGE('',*,*,#2625,.T.);
#2670 = ADVANCED_FACE('',(#2671),#460,.F.);
#2671 = FACE_BOUND('',#2672,.F.);
#2672 = EDGE_LOOP('',(#2673,#2674,#2675,#2696));
#2673 = ORIENTED_EDGE('',*,*,#2649,.F.);
#2674 = ORIENTED_EDGE('',*,*,#2604,.T.);
#2675 = ORIENTED_EDGE('',*,*,#2676,.T.);
#2676 = EDGE_CURVE('',#2584,#420,#2677,.T.);
#2677 = SURFACE_CURVE('',#2678,(#2682,#2689),.PCURVE_S1.);
#2678 = LINE('',#2679,#2680);
#2679 = CARTESIAN_POINT('',(-59.27924077994,-73.53436870561,-43.));
#2680 = VECTOR('',#2681,1.);
#2681 = DIRECTION('',(0.422618261741,0.906307787037,0.));
#2682 = PCURVE('',#460,#2683);
#2683 = DEFINITIONAL_REPRESENTATION('',(#2684),#2688);
#2684 = LINE('',#2685,#2686);
#2685 = CARTESIAN_POINT('',(-33.98196074097,-89.));
#2686 = VECTOR('',#2687,1.);
#2687 = DIRECTION('',(1.,0.));
#2688 = ( GEOMETRIC_REPRESENTATION_CONTEXT(2) 
PARAMETRIC_REPRESENTATION_CONTEXT() REPRESENTATION_CONTEXT('2D SPACE',''
  ) );
#2689 = PCURVE('',#434,#2690);
#2690 = DEFINITIONAL_REPRESENTATION('',(#2691),#2695);
#2691 = LINE('',#2692,#2693);
#2692 = CARTESIAN_POINT('',(119.27924077994,24.465631294387));
#2693 = VECTOR('',#2694,1.);
#2694 = DIRECTION('',(-0.422618261741,0.906307787037));
#2695 = ( GEOMETRIC_REPRESENTATION_CONTEXT(2) 
PARAMETRIC_REPRESENTATION_CONTEXT() REPRESENTATION_CONTEXT('2D SPACE',''
  ) );
#2696 = ORIENTED_EDGE('',*,*,#445,.F.);
#2697 = ADVANCED_FACE('',(#2698),#434,.F.);
#2698 = FACE_BOUND('',#2699,.F.);
#2699 = EDGE_LOOP('',(#2700,#2701,#2702));
#2700 = ORIENTED_EDGE('',*,*,#2676,.F.);
#2701 = ORIENTED_EDGE('',*,*,#2583,.T.);
#2702 = ORIENTED_EDGE('',*,*,#419,.F.);
#2703 = ADVANCED_FACE('',(#2704),#379,.F.);
#2704 = FACE_BOUND('',#2705,.F.);
#2705 = EDGE_LOOP('',(#2706,#2707,#2728,#2729));
#2706 = ORIENTED_EDGE('',*,*,#2561,.F.);
#2707 = ORIENTED_EDGE('',*,*,#2708,.T.);
#2708 = EDGE_CURVE('',#2539,#2187,#2709,.T.);
#2709 = SURFACE_CURVE('',#2710,(#2714,#2721),.PCURVE_S1.);
#2710 = LINE('',#2711,#2712);
#2711 = CARTESIAN_POINT('',(-55.,-85.,-46.));
#2712 = VECTOR('',#2713,1.);
#2713 = DIRECTION('',(1.,0.,-0.));
#2714 = PCURVE('',#379,#2715);
#2715 = DEFINITIONAL_REPRESENTATION('',(#2716),#2720);
#2716 = LINE('',#2717,#2718);
#2717 = CARTESIAN_POINT('',(0.,0.));
#2718 = VECTOR('',#2719,1.);
#2719 = DIRECTION('',(1.,0.));
#2720 = ( GEOMETRIC_REPRESENTATION_CONTEXT(2) 
PARAMETRIC_REPRESENTATION_CONTEXT() REPRESENTATION_CONTEXT('2D SPACE',''
  ) );
#2721 = PCURVE('',#2072,#2722);
#2722 = DEFINITIONAL_REPRESENTATION('',(#2723),#2727);
#2723 = LINE('',#2724,#2725);
#2724 = CARTESIAN_POINT('',(0.,0.));
#2725 = VECTOR('',#2726,1.);
#2726 = DIRECTION('',(0.,1.));
#2727 = ( GEOMETRIC_REPRESENTATION_CONTEXT(2) 
PARAMETRIC_REPRESENTATION_CONTEXT() REPRESENTATION_CONTEXT('2D SPACE',''
  ) );
#2728 = ORIENTED_EDGE('',*,*,#2209,.T.);
#2729 = ORIENTED_EDGE('',*,*,#363,.F.);
#2730 = ADVANCED_FACE('',(#2731),#883,.T.);
#2731 = FACE_BOUND('',#2732,.T.);
#2732 = EDGE_LOOP('',(#2733,#2734,#2757,#3267));
#2733 = ORIENTED_EDGE('',*,*,#2392,.T.);
#2734 = ORIENTED_EDGE('',*,*,#2735,.T.);
#2735 = EDGE_CURVE('',#2393,#2736,#2738,.T.);
#2736 = VERTEX_POINT('',#2737);
#2737 = CARTESIAN_POINT('',(-13.84706796361,-5.767036397582,-30.));
#2738 = SURFACE_CURVE('',#2739,(#2743,#2750),.PCURVE_S1.);
#2739 = LINE('',#2740,#2741);
#2740 = CARTESIAN_POINT('',(-68.08003156603,-60.,-30.));
#2741 = VECTOR('',#2742,1.);
#2742 = DIRECTION('',(0.707106781187,0.707106781187,0.));
#2743 = PCURVE('',#883,#2744);
#2744 = DEFINITIONAL_REPRESENTATION('',(#2745),#2749);
#2745 = LINE('',#2746,#2747);
#2746 = CARTESIAN_POINT('',(6.28318530718,-28.83007380154));
#2747 = VECTOR('',#2748,1.);
#2748 = DIRECTION('',(0.,1.));
#2749 = ( GEOMETRIC_REPRESENTATION_CONTEXT(2) 
PARAMETRIC_REPRESENTATION_CONTEXT() REPRESENTATION_CONTEXT('2D SPACE',''
  ) );
#2750 = PCURVE('',#2523,#2751);
#2751 = DEFINITIONAL_REPRESENTATION('',(#2752),#2756);
#2752 = LINE('',#2753,#2754);
#2753 = CARTESIAN_POINT('',(-28.83007380154,-76.));
#2754 = VECTOR('',#2755,1.);
#2755 = DIRECTION('',(1.,0.));
#2756 = ( GEOMETRIC_REPRESENTATION_CONTEXT(2) 
PARAMETRIC_REPRESENTATION_CONTEXT() REPRESENTATION_CONTEXT('2D SPACE',''
  ) );
#2757 = ORIENTED_EDGE('',*,*,#2758,.T.);
#2758 = EDGE_CURVE('',#2736,#841,#2759,.T.);
#2759 = SURFACE_CURVE('',#2760,(#2838,#3153),.PCURVE_S1.);
#2760 = B_SPLINE_CURVE_WITH_KNOTS('',3,(#2761,#2762,#2763,#2764,#2765,
    #2766,#2767,#2768,#2769,#2770,#2771,#2772,#2773,#2774,#2775,#2776,
    #2777,#2778,#2779,#2780,#2781,#2782,#2783,#2784,#2785,#2786,#2787,
    #2788,#2789,#2790,#2791,#2792,#2793,#2794,#2795,#2796,#2797,#2798,
    #2799,#2800,#2801,#2802,#2803,#2804,#2805,#2806,#2807,#2808,#2809,
    #2810,#2811,#2812,#2813,#2814,#2815,#2816,#2817,#2818,#2819,#2820,
    #2821,#2822,#2823,#2824,#2825,#2826,#2827,#2828,#2829,#2830,#2831,
    #2832,#2833,#2834,#2835,#2836,#2837),.UNSPECIFIED.,.F.,.F.,(4,1,1,1,
    1,1,1,1,1,1,1,1,1,1,1,1,1,1,1,1,1,1,1,1,1,1,1,1,1,1,1,1,1,1,1,1,1,1,
    1,1,1,1,1,1,1,1,1,1,1,1,1,1,1,1,1,1,1,1,1,1,1,1,1,1,1,1,1,1,1,1,1,1,
    1,1,4),(0.,8.931895656141E-03,1.790167632492E-02,2.690328309154E-02,
    3.594168413772E-02,4.499588667627E-02,5.407237365825E-02,
    6.315892351333E-02,7.225595233197E-02,8.135242185148E-02,
    9.045220872143E-02,9.955363367632E-02,0.108658435553,0.117761245091,
    0.126867632699,0.135975198516,0.145090170756,0.154215828302,
    0.166659297174,0.179355237347,0.192294223296,0.202388955514,
    0.212694155352,0.223324124191,0.234083498524,0.249123194724,
    0.264569875118,0.280409141269,0.292631885246,0.304995222386,
    0.321688353893,0.338549437299,0.355587928869,0.368808475087,
    0.382232037918,0.396187966893,0.410482926023,0.425215771406,
    0.440051421144,0.456859750792,0.475535477813,0.502895381545,
    0.530240512127,0.557634269219,0.577848287062,0.597685176434,
    0.618597703973,0.640994414163,0.664726730932,0.688309524519,
    0.710006849299,0.730000901531,0.746467545221,0.761105932677,
    0.773801861169,0.786372998549,0.798554250894,0.810459364994,
    0.825584168914,0.840254431695,0.854461394104,0.864621945177,
    0.874693919114,0.88447376593,0.894043217564,0.903265226868,
    0.912353264149,0.92199459461,0.932325163835,0.946770167071,
    0.960968696177,0.974920786472,0.984240745665,0.992600853105,1.),
  .UNSPECIFIED.);
#2761 = CARTESIAN_POINT('',(-13.84706796361,-5.767036397581,-30.));
#2762 = CARTESIAN_POINT('',(-13.84706795898,-5.767036406525,
    -30.00487402313));
#2763 = CARTESIAN_POINT('',(-13.84703827022,-5.767107695318,
    -30.01463010243));
#2764 = CARTESIAN_POINT('',(-13.84690486008,-5.767428010927,
    -30.02925351073));
#2765 = CARTESIAN_POINT('',(-13.84668206169,-5.767962902245,
    -30.0438957551));
#2766 = CARTESIAN_POINT('',(-13.84636964254,-5.768712855275,
    -30.05854432418));
#2767 = CARTESIAN_POINT('',(-13.84596743002,-5.769678186345,
    -30.07319358268));
#2768 = CARTESIAN_POINT('',(-13.84547570411,-5.770858096703,
    -30.08782775916));
#2769 = CARTESIAN_POINT('',(-13.8448945473,-5.77225223395,
    -30.10244267416));
#2770 = CARTESIAN_POINT('',(-13.84422454677,-5.773859007954,
    -30.11702480168));
#2771 = CARTESIAN_POINT('',(-13.84346608866,-5.775677284715,
    -30.1315693152));
#2772 = CARTESIAN_POINT('',(-13.84261945738,-5.777706148457,
    -30.14607409776));
#2773 = CARTESIAN_POINT('',(-13.84168444242,-5.779945842847,
    -30.16054379313));
#2774 = CARTESIAN_POINT('',(-13.84066101828,-5.782396140993,
    -30.17497808311));
#2775 = CARTESIAN_POINT('',(-13.8395488078,-5.785057630784,
    -30.18938045217));
#2776 = CARTESIAN_POINT('',(-13.83834747031,-5.787930784389,
    -30.20375215893));
#2777 = CARTESIAN_POINT('',(-13.83705599639,-5.791017643325,
    -30.21810049059));
#2778 = CARTESIAN_POINT('',(-13.8356732574,-5.794320501427,
    -30.23243146024));
#2779 = CARTESIAN_POINT('',(-13.83401948396,-5.798268028305,
    -30.24848217821));
#2780 = CARTESIAN_POINT('',(-13.83203841516,-5.802992735622,
    -30.26635178578));
#2781 = CARTESIAN_POINT('',(-13.82966516669,-5.808646577959,
    -30.28611069742));
#2782 = CARTESIAN_POINT('',(-13.82727692593,-5.814329330856,
    -30.30452790012));
#2783 = CARTESIAN_POINT('',(-13.82491603693,-5.819940504297,
    -30.32158836416));
#2784 = CARTESIAN_POINT('',(-13.82261157522,-5.8254117293,
    -30.33735168176));
#2785 = CARTESIAN_POINT('',(-13.82014798365,-5.83125407067,
    -30.35331803649));
#2786 = CARTESIAN_POINT('',(-13.81719084884,-5.838258283279,
    -30.37149559561));
#2787 = CARTESIAN_POINT('',(-13.81367175659,-5.846580871594,
    -30.39184466554));
#2788 = CARTESIAN_POINT('',(-13.80949267927,-5.856445447861,
    -30.41440047079));
#2789 = CARTESIAN_POINT('',(-13.80534915418,-5.866205926671,
    -30.43530282653));
#2790 = CARTESIAN_POINT('',(-13.80131676255,-5.875686018007,
    -30.45449237258));
#2791 = CARTESIAN_POINT('',(-13.79703557586,-5.885733211056,
    -30.47388126965));
#2792 = CARTESIAN_POINT('',(-13.79205696381,-5.897391979805,
    -30.49518155752));
#2793 = CARTESIAN_POINT('',(-13.78629576808,-5.910848026105,
    -30.51830505423));
#2794 = CARTESIAN_POINT('',(-13.78067729797,-5.923934429116,
    -30.53948367399));
#2795 = CARTESIAN_POINT('',(-13.77526505264,-5.936507946766,
    -30.5587987098));
#2796 = CARTESIAN_POINT('',(-13.77007201319,-5.948544112079,
    -30.57647577324));
#2797 = CARTESIAN_POINT('',(-13.76457407163,-5.961255622682,
    -30.59431718464));
#2798 = CARTESIAN_POINT('',(-13.75873011714,-5.974731906841,
    -30.61238190049));
#2799 = CARTESIAN_POINT('',(-13.75259048831,-5.988851120229,
    -30.63044824563));
#2800 = CARTESIAN_POINT('',(-13.74591610558,-6.004156078139,
    -30.64913821851));
#2801 = CARTESIAN_POINT('',(-13.73846337068,-6.021192295366,
    -30.66894013605));
#2802 = CARTESIAN_POINT('',(-13.72886246726,-6.043059930912,
    -30.69300241426));
#2803 = CARTESIAN_POINT('',(-13.71721166664,-6.06946992147,
    -30.72008260002));
#2804 = CARTESIAN_POINT('',(-13.7035981198,-6.10014658248,
    -30.74901766927));
#2805 = CARTESIAN_POINT('',(-13.69063922574,-6.129169371456,
    -30.77418696516));
#2806 = CARTESIAN_POINT('',(-13.67857936125,-6.156029673032,
    -30.79581988797));
#2807 = CARTESIAN_POINT('',(-13.66738812771,-6.180837735068,
    -30.81457588943));
#2808 = CARTESIAN_POINT('',(-13.65550792293,-6.207044478057,
    -30.83313253468));
#2809 = CARTESIAN_POINT('',(-13.64259239571,-6.235384791056,
    -30.85181911857));
#2810 = CARTESIAN_POINT('',(-13.6288555167,-6.265355446661,
    -30.87009377695));
#2811 = CARTESIAN_POINT('',(-13.61497762709,-6.295454282883,
    -30.88698237222));
#2812 = CARTESIAN_POINT('',(-13.60159523905,-6.324311913065,
    -30.9018844624));
#2813 = CARTESIAN_POINT('',(-13.58945753894,-6.350345748009,
    -30.91429097006));
#2814 = CARTESIAN_POINT('',(-13.57862430702,-6.373472005983,
    -30.92452635021));
#2815 = CARTESIAN_POINT('',(-13.5692120657,-6.393483279103,
    -30.93281425789));
#2816 = CARTESIAN_POINT('',(-13.56053330184,-6.411868833718,
    -30.93997629128));
#2817 = CARTESIAN_POINT('',(-13.55229688499,-6.429259012093,
    -30.94635941644));
#2818 = CARTESIAN_POINT('',(-13.5441520012,-6.446399303496,
    -30.95227684209));
#2819 = CARTESIAN_POINT('',(-13.53536011383,-6.464841596894,
    -30.9582559355));
#2820 = CARTESIAN_POINT('',(-13.52592253002,-6.484566598289,
    -30.96418980291));
#2821 = CARTESIAN_POINT('',(-13.51587376723,-6.50548469533,
    -30.96994891365));
#2822 = CARTESIAN_POINT('',(-13.50689227706,-6.524108179131,
    -30.97462036962));
#2823 = CARTESIAN_POINT('',(-13.49892765183,-6.540568701182,
    -30.97841234016));
#2824 = CARTESIAN_POINT('',(-13.49196167877,-6.554925914688,
    -30.98147748141));
#2825 = CARTESIAN_POINT('',(-13.48510811326,-6.569013541758,
    -30.98425320919));
#2826 = CARTESIAN_POINT('',(-13.47842851258,-6.582707670214,
    -30.98673280812));
#2827 = CARTESIAN_POINT('',(-13.47188729986,-6.59608402127,
    -30.98894834368));
#2828 = CARTESIAN_POINT('',(-13.4653058627,-6.609509319633,
    -30.9909706693));
#2829 = CARTESIAN_POINT('',(-13.45843753678,-6.62348436686,
    -30.99286198695));
#2830 = CARTESIAN_POINT('',(-13.45026910535,-6.64005987742,
    -30.99483529348));
#2831 = CARTESIAN_POINT('',(-13.44096973987,-6.658867122551,
    -30.9966948569));
#2832 = CARTESIAN_POINT('',(-13.43074246891,-6.679470829077,
    -30.99825127689));
#2833 = CARTESIAN_POINT('',(-13.42169362948,-6.697631008722,
    -30.99920608678));
#2834 = CARTESIAN_POINT('',(-13.41401900252,-6.712984688088,
    -30.99972108924));
#2835 = CARTESIAN_POINT('',(-13.40791286076,-6.725171216461,
    -30.99995325104));
#2836 = CARTESIAN_POINT('',(-13.40406407063,-6.732836150619,
    -30.99999999683));
#2837 = CARTESIAN_POINT('',(-13.4022544416,-6.736436437945,-31.));
#2838 = PCURVE('',#883,#2839);
#2839 = DEFINITIONAL_REPRESENTATION('',(#2840),#3152);
#2840 = B_SPLINE_CURVE_WITH_KNOTS('',3,(#2841,#2842,#2843,#2844,#2845,
    #2846,#2847,#2848,#2849,#2850,#2851,#2852,#2853,#2854,#2855,#2856,
    #2857,#2858,#2859,#2860,#2861,#2862,#2863,#2864,#2865,#2866,#2867,
    #2868,#2869,#2870,#2871,#2872,#2873,#2874,#2875,#2876,#2877,#2878,
    #2879,#2880,#2881,#2882,#2883,#2884,#2885,#2886,#2887,#2888,#2889,
    #2890,#2891,#2892,#2893,#2894,#2895,#2896,#2897,#2898,#2899,#2900,
    #2901,#2902,#2903,#2904,#2905,#2906,#2907,#2908,#2909,#2910,#2911,
    #2912,#2913,#2914,#2915,#2916,#2917,#2918,#2919,#2920,#2921,#2922,
    #2923,#2924,#2925,#2926,#2927,#2928,#2929,#2930,#2931,#2932,#2933,
    #2934,#2935,#2936,#2937,#2938,#2939,#2940,#2941,#2942,#2943,#2944,
    #2945,#2946,#2947,#2948,#2949,#2950,#2951,#2952,#2953,#2954,#2955,
    #2956,#2957,#2958,#2959,#2960,#2961,#2962,#2963,#2964,#2965,#2966,
    #2967,#2968,#2969,#2970,#2971,#2972,#2973,#2974,#2975,#2976,#2977,
    #2978,#2979,#2980,#2981,#2982,#2983,#2984,#2985,#2986,#2987,#2988,
    #2989,#2990,#2991,#2992,#2993,#2994,#2995,#2996,#2997,#2998,#2999,
    #3000,#3001,#3002,#3003,#3004,#3005,#3006,#3007,#3008,#3009,#3010,
    #3011,#3012,#3013,#3014,#3015,#3016,#3017,#3018,#3019,#3020,#3021,
    #3022,#3023,#3024,#3025,#3026,#3027,#3028,#3029,#3030,#3031,#3032,
    #3033,#3034,#3035,#3036,#3037,#3038,#3039,#3040,#3041,#3042,#3043,
    #3044,#3045,#3046,#3047,#3048,#3049,#3050,#3051,#3052,#3053,#3054,
    #3055,#3056,#3057,#3058,#3059,#3060,#3061,#3062,#3063,#3064,#3065,
    #3066,#3067,#3068,#3069,#3070,#3071,#3072,#3073,#3074,#3075,#3076,
    #3077,#3078,#3079,#3080,#3081,#3082,#3083,#3084,#3085,#3086,#3087,
    #3088,#3089,#3090,#3091,#3092,#3093,#3094,#3095,#3096,#3097,#3098,
    #3099,#3100,#3101,#3102,#3103,#3104,#3105,#3106,#3107,#3108,#3109,
    #3110,#3111,#3112,#3113,#3114,#3115,#3116,#3117,#3118,#3119,#3120,
    #3121,#3122,#3123,#3124,#3125,#3126,#3127,#3128,#3129,#3130,#3131,
    #3132,#3133,#3134,#3135,#3136,#3137,#3138,#3139,#3140,#3141,#3142,
    #3143,#3144,#3145,#3146,#3147,#3148,#3149,#3150,#3151),
  .UNSPECIFIED.,.F.,.F.,(4,1,1,1,1,1,1,1,1,1,1,1,1,1,1,1,1,1,1,1,1,1,1,1
    ,1,1,1,1,1,1,1,1,1,1,1,1,1,1,1,1,1,1,1,1,1,1,1,1,1,1,1,1,1,1,1,1,1,1
    ,1,1,1,1,1,1,1,1,1,1,1,1,1,1,1,1,1,1,1,1,1,1,1,1,1,1,1,1,1,1,1,1,1,1
    ,1,1,1,1,1,1,1,1,1,1,1,1,1,1,1,1,1,1,1,1,1,1,1,1,1,1,1,1,1,1,1,1,1,1
    ,1,1,1,1,1,1,1,1,1,1,1,1,1,1,1,1,1,1,1,1,1,1,1,1,1,1,1,1,1,1,1,1,1,1
    ,1,1,1,1,1,1,1,1,1,1,1,1,1,1,1,1,1,1,1,1,1,1,1,1,1,1,1,1,1,1,1,1,1,1
    ,1,1,1,1,1,1,1,1,1,1,1,1,1,1,1,1,1,1,1,1,1,1,1,1,1,1,1,1,1,1,1,1,1,1
    ,1,1,1,1,1,1,1,1,1,1,1,1,1,1,1,1,1,1,1,1,1,1,1,1,1,1,1,1,1,1,1,1,1,1
    ,1,1,1,1,1,1,1,1,1,1,1,1,1,1,1,1,1,1,1,1,1,1,1,1,1,1,1,1,1,1,1,1,1,1
    ,1,1,1,1,1,1,1,1,1,1,1,1,4),(0.,3.246753246753E-03,
    6.493506493506E-03,9.74025974026E-03,1.298701298701E-02,
    1.623376623377E-02,1.948051948052E-02,2.272727272727E-02,
    2.597402597403E-02,2.922077922078E-02,3.246753246753E-02,
    3.571428571429E-02,3.896103896104E-02,4.220779220779E-02,
    4.545454545455E-02,4.87012987013E-02,5.194805194805E-02,
    5.519480519481E-02,5.844155844156E-02,6.168831168831E-02,
    6.493506493506E-02,6.818181818182E-02,7.142857142857E-02,
    7.467532467532E-02,7.792207792208E-02,8.116883116883E-02,
    8.441558441558E-02,8.766233766234E-02,9.090909090909E-02,
    9.415584415584E-02,9.74025974026E-02,0.100649350649,0.103896103896,
    0.107142857143,0.11038961039,0.113636363636,0.116883116883,
    0.12012987013,0.123376623377,0.126623376623,0.12987012987,
    0.133116883117,0.136363636364,0.13961038961,0.142857142857,
    0.146103896104,0.149350649351,0.152597402597,0.155844155844,
    0.159090909091,0.162337662338,0.165584415584,0.168831168831,
    0.172077922078,0.175324675325,0.178571428571,0.181818181818,
    0.185064935065,0.188311688312,0.191558441558,0.194805194805,
    0.198051948052,0.201298701299,0.204545454545,0.207792207792,
    0.211038961039,0.214285714286,0.217532467532,0.220779220779,
    0.224025974026,0.227272727273,0.230519480519,0.233766233766,
    0.237012987013,0.24025974026,0.243506493506,0.246753246753,0.25,
    0.253246753247,0.256493506494,0.25974025974,0.262987012987,
    0.266233766234,0.269480519481,0.272727272727,0.275974025974,
    0.279220779221,0.282467532468,0.285714285714,0.288961038961,
    0.292207792208,0.295454545455,0.298701298701,0.301948051948,
    0.305194805195,0.308441558442,0.311688311688,0.314935064935,
    0.318181818182,0.321428571429,0.324675324675,0.327922077922,
    0.331168831169,0.334415584416,0.337662337662,0.340909090909,
    0.344155844156,0.347402597403,0.350649350649,0.353896103896,
    0.357142857143,0.36038961039,0.363636363636,0.366883116883,
    0.37012987013,0.373376623377,0.376623376623,0.37987012987,
    0.383116883117,0.386363636364,0.38961038961,0.392857142857,
    0.396103896104,0.399350649351,0.402597402597,0.405844155844,
    0.409090909091,0.412337662338,0.415584415584,0.418831168831,
    0.422077922078,0.425324675325,0.428571428571,0.431818181818,
    0.435064935065,0.438311688312,0.441558441558,0.444805194805,
    0.448051948052,0.451298701299,0.454545454545,0.457792207792,
    0.461038961039,0.464285714286,0.467532467532,0.470779220779,
    0.474025974026,0.477272727273,0.480519480519,0.483766233766,
    0.487012987013,0.49025974026,0.493506493506,0.496753246753,0.5,
    0.503246753247,0.506493506494,0.50974025974,0.512987012987,
    0.516233766234,0.519480519481,0.522727272727,0.525974025974,
    0.529220779221,0.532467532468,0.535714285714,0.538961038961,
    0.542207792208,0.545454545455,0.548701298701,0.551948051948,
    0.555194805195,0.558441558442,0.561688311688,0.564935064935,
    0.568181818182,0.571428571429,0.574675324675,0.577922077922,
    0.581168831169,0.584415584416,0.587662337662,0.590909090909,
    0.594155844156,0.597402597403,0.600649350649,0.603896103896,
    0.607142857143,0.61038961039,0.613636363636,0.616883116883,
    0.62012987013,0.623376623377,0.626623376623,0.62987012987,
    0.633116883117,0.636363636364,0.63961038961,0.642857142857,
    0.646103896104,0.649350649351,0.652597402597,0.655844155844,
    0.659090909091,0.662337662338,0.665584415584,0.668831168831,
    0.672077922078,0.675324675325,0.678571428571,0.681818181818,
    0.685064935065,0.688311688312,0.691558441558,0.694805194805,
    0.698051948052,0.701298701299,0.704545454545,0.707792207792,
    0.711038961039,0.714285714286,0.717532467532,0.720779220779,
    0.724025974026,0.727272727273,0.730519480519,0.733766233766,
    0.737012987013,0.74025974026,0.743506493506,0.746753246753,0.75,
    0.753246753247,0.756493506494,0.75974025974,0.762987012987,
    0.766233766234,0.769480519481,0.772727272727,0.775974025974,
    0.779220779221,0.782467532468,0.785714285714,0.788961038961,
    0.792207792208,0.795454545455,0.798701298701,0.801948051948,
    0.805194805195,0.808441558442,0.811688311688,0.814935064935,
    0.818181818182,0.821428571429,0.824675324675,0.827922077922,
    0.831168831169,0.834415584416,0.837662337662,0.840909090909,
    0.844155844156,0.847402597403,0.850649350649,0.853896103896,
    0.857142857143,0.86038961039,0.863636363636,0.866883116883,
    0.87012987013,0.873376623377,0.876623376623,0.87987012987,
    0.883116883117,0.886363636364,0.88961038961,0.892857142857,
    0.896103896104,0.899350649351,0.902597402597,0.905844155844,
    0.909090909091,0.912337662338,0.915584415584,0.918831168831,
    0.922077922078,0.925324675325,0.928571428571,0.931818181818,
    0.935064935065,0.938311688312,0.941558441558,0.944805194805,
    0.948051948052,0.951298701299,0.954545454545,0.957792207792,
    0.961038961039,0.964285714286,0.967532467532,0.970779220779,
    0.974025974026,0.977272727273,0.980519480519,0.983766233766,
    0.987012987013,0.99025974026,0.993506493506,0.996753246753,1.),
  .QUASI_UNIFORM_KNOTS.);
#2841 = CARTESIAN_POINT('',(6.28318530718,47.866918852684));
#2842 = CARTESIAN_POINT('',(6.281413594822,47.866918851576));
#2843 = CARTESIAN_POINT('',(6.277871836515,47.866914971608));
#2844 = CARTESIAN_POINT('',(6.272564064086,47.866897548386));
#2845 = CARTESIAN_POINT('',(6.267261021946,47.866868551819));
#2846 = CARTESIAN_POINT('',(6.261962577265,47.866828012036));
#2847 = CARTESIAN_POINT('',(6.256668600238,47.866775959668));
#2848 = CARTESIAN_POINT('',(6.251378963054,47.866712425593));
#2849 = CARTESIAN_POINT('',(6.246093531454,47.866637439179));
#2850 = CARTESIAN_POINT('',(6.240812164038,47.866551028078));
#2851 = CARTESIAN_POINT('',(6.23553472171,47.866453220535));
#2852 = CARTESIAN_POINT('',(6.230261065796,47.86634404309));
#2853 = CARTESIAN_POINT('',(6.224991059047,47.866223521705));
#2854 = CARTESIAN_POINT('',(6.219724562592,47.866091682503));
#2855 = CARTESIAN_POINT('',(6.214461481817,47.865948551172));
#2856 = CARTESIAN_POINT('',(6.209201725413,47.865794153409));
#2857 = CARTESIAN_POINT('',(6.203945201909,47.865628514821));
#2858 = CARTESIAN_POINT('',(6.198691820657,47.865451660272));
#2859 = CARTESIAN_POINT('',(6.193441491397,47.865263614778));
#2860 = CARTESIAN_POINT('',(6.188194124678,47.865064402991));
#2861 = CARTESIAN_POINT('',(6.18294963223,47.864854048866));
#2862 = CARTESIAN_POINT('',(6.177707925718,47.864632576516));
#2863 = CARTESIAN_POINT('',(6.172468918939,47.864400009802));
#2864 = CARTESIAN_POINT('',(6.167232520406,47.864156371967));
#2865 = CARTESIAN_POINT('',(6.16199866064,47.863901687689));
#2866 = CARTESIAN_POINT('',(6.156767118225,47.863635971846));
#2867 = CARTESIAN_POINT('',(6.151537624221,47.863359236181));
#2868 = CARTESIAN_POINT('',(6.146309922122,47.863071493432));
#2869 = CARTESIAN_POINT('',(6.141083752928,47.862772751028));
#2870 = CARTESIAN_POINT('',(6.135858858674,47.862463016364));
#2871 = CARTESIAN_POINT('',(6.130634981565,47.862142296278));
#2872 = CARTESIAN_POINT('',(6.125411864932,47.861810593022));
#2873 = CARTESIAN_POINT('',(6.120189252064,47.861467909686));
#2874 = CARTESIAN_POINT('',(6.114966886541,47.861114247477));
#2875 = CARTESIAN_POINT('',(6.109744512116,47.860749603702));
#2876 = CARTESIAN_POINT('',(6.104521872546,47.860373976911));
#2877 = CARTESIAN_POINT('',(6.099298711384,47.859987362501));
#2878 = CARTESIAN_POINT('',(6.094074771837,47.859589753135));
#2879 = CARTESIAN_POINT('',(6.088849796991,47.859181142632));
#2880 = CARTESIAN_POINT('',(6.083623530213,47.858761520622));
#2881 = CARTESIAN_POINT('',(6.07839571469,47.858330875315));
#2882 = CARTESIAN_POINT('',(6.073166093481,47.857889195518));
#2883 = CARTESIAN_POINT('',(6.067934408422,47.857436465429));
#2884 = CARTESIAN_POINT('',(6.062700401949,47.856972669233));
#2885 = CARTESIAN_POINT('',(6.057463812315,47.856497790182));
#2886 = CARTESIAN_POINT('',(6.052224391971,47.856011807598));
#2887 = CARTESIAN_POINT('',(6.046981838398,47.855514695905));
#2888 = CARTESIAN_POINT('',(6.041736070991,47.855006451203));
#2889 = CARTESIAN_POINT('',(6.036487530423,47.854487121459));
#2890 = CARTESIAN_POINT('',(6.031236573099,47.853956744743));
#2891 = CARTESIAN_POINT('',(6.025983573905,47.85341536872));
#2892 = CARTESIAN_POINT('',(6.02072889797,47.852863047609));
#2893 = CARTESIAN_POINT('',(6.015472912588,47.852299834729));
#2894 = CARTESIAN_POINT('',(6.010215984124,47.851725781943));
#2895 = CARTESIAN_POINT('',(6.004958478461,47.851140951882));
#2896 = CARTESIAN_POINT('',(5.999700761837,47.850545412207));
#2897 = CARTESIAN_POINT('',(5.994443199134,47.849939229604));
#2898 = CARTESIAN_POINT('',(5.989186160388,47.849322470123));
#2899 = CARTESIAN_POINT('',(5.983929976778,47.848695206777));
#2900 = CARTESIAN_POINT('',(5.978674968712,47.848057514573));
#2901 = CARTESIAN_POINT('',(5.973421459221,47.847409468265));
#2902 = CARTESIAN_POINT('',(5.968169772481,47.846751141743));
#2903 = CARTESIAN_POINT('',(5.962920219212,47.8460826166));
#2904 = CARTESIAN_POINT('',(5.957673106644,47.845403976768));
#2905 = CARTESIAN_POINT('',(5.952428744282,47.8447153047));
#2906 = CARTESIAN_POINT('',(5.947187436141,47.844016688628));
#2907 = CARTESIAN_POINT('',(5.941949484207,47.843308219803));
#2908 = CARTESIAN_POINT('',(5.936715191744,47.842589987623));
#2909 = CARTESIAN_POINT('',(5.931484861152,47.841862087209));
#2910 = CARTESIAN_POINT('',(5.926258784138,47.841124617982));
#2911 = CARTESIAN_POINT('',(5.921037284069,47.84037768243));
#2912 = CARTESIAN_POINT('',(5.915820566895,47.83962136693));
#2913 = CARTESIAN_POINT('',(5.91060836642,47.838855691982));
#2914 = CARTESIAN_POINT('',(5.905400476989,47.838080686326));
#2915 = CARTESIAN_POINT('',(5.900196677068,47.83729637676));
#2916 = CARTESIAN_POINT('',(5.894996760914,47.836502786455));
#2917 = CARTESIAN_POINT('',(5.889800523094,47.835699938052));
#2918 = CARTESIAN_POINT('',(5.88460775897,47.83488785426));
#2919 = CARTESIAN_POINT('',(5.879418263816,47.834066558044));
#2920 = CARTESIAN_POINT('',(5.874231836278,47.833236071201));
#2921 = CARTESIAN_POINT('',(5.869048283455,47.83239641208));
#2922 = CARTESIAN_POINT('',(5.863867411434,47.831547599544));
#2923 = CARTESIAN_POINT('',(5.858689027839,47.830689652288));
#2924 = CARTESIAN_POINT('',(5.853512937698,47.829822589175));
#2925 = CARTESIAN_POINT('',(5.848338960758,47.828946428417));
#2926 = CARTESIAN_POINT('',(5.843166930532,47.828061187619));
#2927 = CARTESIAN_POINT('',(5.837996677724,47.827166884519));
#2928 = CARTESIAN_POINT('',(5.832828034694,47.8262635368));
#2929 = CARTESIAN_POINT('',(5.827660831675,47.825351162243));
#2930 = CARTESIAN_POINT('',(5.822494911829,47.824429778117));
#2931 = CARTESIAN_POINT('',(5.817330125611,47.823499401473));
#2932 = CARTESIAN_POINT('',(5.812166321255,47.822560049224));
#2933 = CARTESIAN_POINT('',(5.807003350356,47.821611739006));
#2934 = CARTESIAN_POINT('',(5.801841032911,47.82065447989));
#2935 = CARTESIAN_POINT('',(5.796679185217,47.819688279881));
#2936 = CARTESIAN_POINT('',(5.791517623439,47.818713147082));
#2937 = CARTESIAN_POINT('',(5.786356168439,47.817729090254));
#2938 = CARTESIAN_POINT('',(5.781194729195,47.81673613152));
#2939 = CARTESIAN_POINT('',(5.776033210907,47.815734292456));
#2940 = CARTESIAN_POINT('',(5.770871518801,47.814723594594));
#2941 = CARTESIAN_POINT('',(5.765709561424,47.813704060189));
#2942 = CARTESIAN_POINT('',(5.760547233717,47.812675708646));
#2943 = CARTESIAN_POINT('',(5.755384672045,47.811638610057));
#2944 = CARTESIAN_POINT('',(5.750222030537,47.810592838243));
#2945 = CARTESIAN_POINT('',(5.745059458955,47.809538466043));
#2946 = CARTESIAN_POINT('',(5.73989710698,47.808475566521));
#2947 = CARTESIAN_POINT('',(5.734735128756,47.807404212828));
#2948 = CARTESIAN_POINT('',(5.729573645357,47.806324477047));
#2949 = CARTESIAN_POINT('',(5.724412766572,47.805236430891));
#2950 = CARTESIAN_POINT('',(5.719252605163,47.804140146113));
#2951 = CARTESIAN_POINT('',(5.714093273512,47.803035694651));
#2952 = CARTESIAN_POINT('',(5.708934883298,47.801923147666));
#2953 = CARTESIAN_POINT('',(5.703777550754,47.800802579926));
#2954 = CARTESIAN_POINT('',(5.698621397589,47.799674070162));
#2955 = CARTESIAN_POINT('',(5.693466544054,47.798537696251));
#2956 = CARTESIAN_POINT('',(5.688313113279,47.797393536417));
#2957 = CARTESIAN_POINT('',(5.683161217967,47.796241668267));
#2958 = CARTESIAN_POINT('',(5.678010955383,47.795082168566));
#2959 = CARTESIAN_POINT('',(5.67286242608,47.793915114301));
#2960 = CARTESIAN_POINT('',(5.66771573008,47.792740582159));
#2961 = CARTESIAN_POINT('',(5.662570967771,47.791558649881));
#2962 = CARTESIAN_POINT('',(5.657428239684,47.790369398215));
#2963 = CARTESIAN_POINT('',(5.652287646773,47.78917290746));
#2964 = CARTESIAN_POINT('',(5.647149290301,47.78796925805));
#2965 = CARTESIAN_POINT('',(5.64201327187,47.786758530331));
#2966 = CARTESIAN_POINT('',(5.636879690413,47.785540807298));
#2967 = CARTESIAN_POINT('',(5.631748645278,47.784316171972));
#2968 = CARTESIAN_POINT('',(5.626620236164,47.783084707471));
#2969 = CARTESIAN_POINT('',(5.621494563402,47.78184649649));
#2970 = CARTESIAN_POINT('',(5.616371726276,47.780601623921));
#2971 = CARTESIAN_POINT('',(5.611251823722,47.779350176301));
#2972 = CARTESIAN_POINT('',(5.606134955011,47.778092239698));
#2973 = CARTESIAN_POINT('',(5.601021221396,47.776827900662));
#2974 = CARTESIAN_POINT('',(5.595910718726,47.775557244283));
#2975 = CARTESIAN_POINT('',(5.59080333822,47.77428030546));
#2976 = CARTESIAN_POINT('',(5.585698976766,47.77299712038));
#2977 = CARTESIAN_POINT('',(5.580597530461,47.771707724844));
#2978 = CARTESIAN_POINT('',(5.575498895812,47.770412154908));
#2979 = CARTESIAN_POINT('',(5.57040297187,47.769110445867));
#2980 = CARTESIAN_POINT('',(5.565309660612,47.767802632164));
#2981 = CARTESIAN_POINT('',(5.560218863796,47.766488748412));
#2982 = CARTESIAN_POINT('',(5.555130483962,47.765168829204));
#2983 = CARTESIAN_POINT('',(5.550044423045,47.763842909032));
#2984 = CARTESIAN_POINT('',(5.544960587273,47.762511022852));
#2985 = CARTESIAN_POINT('',(5.539878893529,47.761173206873));
#2986 = CARTESIAN_POINT('',(5.534799257407,47.759829497107));
#2987 = CARTESIAN_POINT('',(5.529721595237,47.758479929634));
#2988 = CARTESIAN_POINT('',(5.524645823545,47.757124540455));
#2989 = CARTESIAN_POINT('',(5.519571859251,47.755763365829));
#2990 = CARTESIAN_POINT('',(5.514499619415,47.754396440758));
#2991 = CARTESIAN_POINT('',(5.509429021169,47.753023799167));
#2992 = CARTESIAN_POINT('',(5.504359981885,47.751645475218));
#2993 = CARTESIAN_POINT('',(5.499292419156,47.750261503009));
#2994 = CARTESIAN_POINT('',(5.494226250791,47.748871916651));
#2995 = CARTESIAN_POINT('',(5.489161394896,47.747476750272));
#2996 = CARTESIAN_POINT('',(5.484097769592,47.746076037914));
#2997 = CARTESIAN_POINT('',(5.479035294123,47.74466981395));
#2998 = CARTESIAN_POINT('',(5.473973884698,47.743258111503));
#2999 = CARTESIAN_POINT('',(5.468913425869,47.741840951753));
#3000 = CARTESIAN_POINT('',(5.463853804515,47.740418356752));
#3001 = CARTESIAN_POINT('',(5.458794906962,47.738990348325));
#3002 = CARTESIAN_POINT('',(5.453736619669,47.737556948335));
#3003 = CARTESIAN_POINT('',(5.448678829449,47.736118178717));
#3004 = CARTESIAN_POINT('',(5.443621422004,47.734674061076));
#3005 = CARTESIAN_POINT('',(5.438564287645,47.733224618272));
#3006 = CARTESIAN_POINT('',(5.433507299986,47.731769868468));
#3007 = CARTESIAN_POINT('',(5.42845043623,47.730309858747));
#3008 = CARTESIAN_POINT('',(5.423393718133,47.728844648631));
#3009 = CARTESIAN_POINT('',(5.418337156622,47.727374294602));
#3010 = CARTESIAN_POINT('',(5.413280765553,47.725898853952));
#3011 = CARTESIAN_POINT('',(5.408224558065,47.724418383773));
#3012 = CARTESIAN_POINT('',(5.403168547298,47.722932941148));
#3013 = CARTESIAN_POINT('',(5.398112747072,47.721442583398));
#3014 = CARTESIAN_POINT('',(5.393057168361,47.719947366896));
#3015 = CARTESIAN_POINT('',(5.388001833246,47.718447351791));
#3016 = CARTESIAN_POINT('',(5.382946800747,47.716942610693));
#3017 = CARTESIAN_POINT('',(5.377892124892,47.71543321448));
#3018 = CARTESIAN_POINT('',(5.372837861157,47.713919234489));
#3019 = CARTESIAN_POINT('',(5.367784064762,47.712400741951));
#3020 = CARTESIAN_POINT('',(5.362730790893,47.710877808066));
#3021 = CARTESIAN_POINT('',(5.357678095358,47.709350504259));
#3022 = CARTESIAN_POINT('',(5.352626068581,47.707818914173));
#3023 = CARTESIAN_POINT('',(5.347574800589,47.706283121237));
#3024 = CARTESIAN_POINT('',(5.342524381729,47.70474320894));
#3025 = CARTESIAN_POINT('',(5.337474902411,47.703199260742));
#3026 = CARTESIAN_POINT('',(5.3324264532,47.701651360158));
#3027 = CARTESIAN_POINT('',(5.327379124491,47.700099590511));
#3028 = CARTESIAN_POINT('',(5.322333010083,47.698544038288));
#3029 = CARTESIAN_POINT('',(5.317288204372,47.69698479023));
#3030 = CARTESIAN_POINT('',(5.312244801933,47.695421933014));
#3031 = CARTESIAN_POINT('',(5.307202897648,47.693855553332));
#3032 = CARTESIAN_POINT('',(5.302162586385,47.692285737867));
#3033 = CARTESIAN_POINT('',(5.29712396393,47.690712573329));
#3034 = CARTESIAN_POINT('',(5.292087122703,47.689136146312));
#3035 = CARTESIAN_POINT('',(5.28705215153,47.687556543276));
#3036 = CARTESIAN_POINT('',(5.282019140428,47.685973850712));
#3037 = CARTESIAN_POINT('',(5.276988179527,47.684388155106));
#3038 = CARTESIAN_POINT('',(5.271959359288,47.682799542922));
#3039 = CARTESIAN_POINT('',(5.266932770503,47.68120810072));
#3040 = CARTESIAN_POINT('',(5.261908503861,47.679613914698));
#3041 = CARTESIAN_POINT('',(5.256886651927,47.678017072916));
#3042 = CARTESIAN_POINT('',(5.251867308974,47.676417664775));
#3043 = CARTESIAN_POINT('',(5.246850569624,47.674815779404));
#3044 = CARTESIAN_POINT('',(5.241836528704,47.673211505895));
#3045 = CARTESIAN_POINT('',(5.236825282793,47.671604933751));
#3046 = CARTESIAN_POINT('',(5.231816923951,47.669996150873));
#3047 = CARTESIAN_POINT('',(5.226811563035,47.668385251158));
#3048 = CARTESIAN_POINT('',(5.221809237779,47.666772304584));
#3049 = CARTESIAN_POINT('',(5.21680976423,47.665157308821));
#3050 = CARTESIAN_POINT('',(5.211812990984,47.663540272031));
#3051 = CARTESIAN_POINT('',(5.206818758382,47.661921199566));
#3052 = CARTESIAN_POINT('',(5.201826909476,47.66030009753));
#3053 = CARTESIAN_POINT('',(5.196837287125,47.658676971825));
#3054 = CARTESIAN_POINT('',(5.191849734801,47.657051828407));
#3055 = CARTESIAN_POINT('',(5.186864096439,47.655424673218));
#3056 = CARTESIAN_POINT('',(5.181880216363,47.653795509222));
#3057 = CARTESIAN_POINT('',(5.176897939003,47.652164339389));
#3058 = CARTESIAN_POINT('',(5.171917108936,47.650531166676));
#3059 = CARTESIAN_POINT('',(5.166937570977,47.648895994076));
#3060 = CARTESIAN_POINT('',(5.161959169938,47.64725882446));
#3061 = CARTESIAN_POINT('',(5.156981751654,47.645619661147));
#3062 = CARTESIAN_POINT('',(5.152005158992,47.643978505621));
#3063 = CARTESIAN_POINT('',(5.147029227485,47.64233535518));
#3064 = CARTESIAN_POINT('',(5.142053793866,47.640690207804));
#3065 = CARTESIAN_POINT('',(5.13707869458,47.639043061297));
#3066 = CARTESIAN_POINT('',(5.132103766215,47.63739391349));
#3067 = CARTESIAN_POINT('',(5.127128845445,47.635742762283));
#3068 = CARTESIAN_POINT('',(5.122153768989,47.634089605261));
#3069 = CARTESIAN_POINT('',(5.117178372934,47.632434438096));
#3070 = CARTESIAN_POINT('',(5.112202493292,47.63077725666));
#3071 = CARTESIAN_POINT('',(5.107225965905,47.629118056745));
#3072 = CARTESIAN_POINT('',(5.102248626755,47.627456834259));
#3073 = CARTESIAN_POINT('',(5.09727031098,47.625793584727));
#3074 = CARTESIAN_POINT('',(5.092290843609,47.624128299046));
#3075 = CARTESIAN_POINT('',(5.08731005005,47.622460968413));
#3076 = CARTESIAN_POINT('',(5.082327755278,47.620791583882));
#3077 = CARTESIAN_POINT('',(5.077343784399,47.619120136781));
#3078 = CARTESIAN_POINT('',(5.072357960682,47.617446617014));
#3079 = CARTESIAN_POINT('',(5.067370102024,47.6157710122));
#3080 = CARTESIAN_POINT('',(5.06238003838,47.614093314262));
#3081 = CARTESIAN_POINT('',(5.057387554442,47.612413500009));
#3082 = CARTESIAN_POINT('',(5.052392701479,47.610731635801));
#3083 = CARTESIAN_POINT('',(5.047395655152,47.609047829828));
#3084 = CARTESIAN_POINT('',(5.04239656068,47.607362180187));
#3085 = CARTESIAN_POINT('',(5.037395570696,47.605674787565));
#3086 = CARTESIAN_POINT('',(5.032392837536,47.603985752934));
#3087 = CARTESIAN_POINT('',(5.027388514471,47.602295177691));
#3088 = CARTESIAN_POINT('',(5.022382754245,47.600603163118));
#3089 = CARTESIAN_POINT('',(5.017375709461,47.59890981055));
#3090 = CARTESIAN_POINT('',(5.01236753366,47.597215221752));
#3091 = CARTESIAN_POINT('',(5.007358380523,47.595519498569));
#3092 = CARTESIAN_POINT('',(5.002348402504,47.593822742498));
#3093 = CARTESIAN_POINT('',(4.997337756339,47.592125056534));
#3094 = CARTESIAN_POINT('',(4.99232660657,47.590426546268));
#3095 = CARTESIAN_POINT('',(4.987315116042,47.588727316729));
#3096 = CARTESIAN_POINT('',(4.982303448991,47.587027473425));
#3097 = CARTESIAN_POINT('',(4.977291765404,47.585327120503));
#3098 = CARTESIAN_POINT('',(4.972280251836,47.583626370942));
#3099 = CARTESIAN_POINT('',(4.967269104592,47.581925340898));
#3100 = CARTESIAN_POINT('',(4.962258517747,47.580224145749));
#3101 = CARTESIAN_POINT('',(4.957248685857,47.578522901036));
#3102 = CARTESIAN_POINT('',(4.952239804063,47.576821722427));
#3103 = CARTESIAN_POINT('',(4.947232071323,47.575120726416));
#3104 = CARTESIAN_POINT('',(4.942225686326,47.573420029361));
#3105 = CARTESIAN_POINT('',(4.937220848548,47.571719747787));
#3106 = CARTESIAN_POINT('',(4.932217755827,47.570019997679));
#3107 = CARTESIAN_POINT('',(4.927216616955,47.568320898174));
#3108 = CARTESIAN_POINT('',(4.922217629037,47.566622564186));
#3109 = CARTESIAN_POINT('',(4.917221039333,47.564925127636));
#3110 = CARTESIAN_POINT('',(4.91222678002,47.563228612932));
#3111 = CARTESIAN_POINT('',(4.90723465488,47.561533000589));
#3112 = CARTESIAN_POINT('',(4.902244499876,47.559838282021));
#3113 = CARTESIAN_POINT('',(4.897256141801,47.558144445135));
#3114 = CARTESIAN_POINT('',(4.89226940913,47.556451478149));
#3115 = CARTESIAN_POINT('',(4.887284130492,47.554759369331));
#3116 = CARTESIAN_POINT('',(4.882300133033,47.553068106137));
#3117 = CARTESIAN_POINT('',(4.877317242771,47.551377675429));
#3118 = CARTESIAN_POINT('',(4.872335286017,47.54968806418));
#3119 = CARTESIAN_POINT('',(4.867354090051,47.547999259432));
#3120 = CARTESIAN_POINT('',(4.862373481399,47.546311247841));
#3121 = CARTESIAN_POINT('',(4.857393290921,47.544624017537));
#3122 = CARTESIAN_POINT('',(4.852413314177,47.542937544509));
#3123 = CARTESIAN_POINT('',(4.847433338464,47.541251801916));
#3124 = CARTESIAN_POINT('',(4.842453153214,47.539566763636));
#3125 = CARTESIAN_POINT('',(4.837472553079,47.537882405235));
#3126 = CARTESIAN_POINT('',(4.832491332642,47.5361987023));
#3127 = CARTESIAN_POINT('',(4.827509286865,47.534515630558));
#3128 = CARTESIAN_POINT('',(4.822526229069,47.532833171923));
#3129 = CARTESIAN_POINT('',(4.817541972935,47.531151308497));
#3130 = CARTESIAN_POINT('',(4.812556328677,47.529470021256));
#3131 = CARTESIAN_POINT('',(4.807569140783,47.527789302742));
#3132 = CARTESIAN_POINT('',(4.802580258034,47.526109147042));
#3133 = CARTESIAN_POINT('',(4.797589531092,47.524429548963));
#3134 = CARTESIAN_POINT('',(4.792596797258,47.522750498943));
#3135 = CARTESIAN_POINT('',(4.787601951601,47.521072006753));
#3136 = CARTESIAN_POINT('',(4.782604981167,47.519394112911));
#3137 = CARTESIAN_POINT('',(4.777605855363,47.51771685217));
#3138 = CARTESIAN_POINT('',(4.772604548182,47.516040260922));
#3139 = CARTESIAN_POINT('',(4.767601030928,47.514364374763));
#3140 = CARTESIAN_POINT('',(4.762595212183,47.512689207855));
#3141 = CARTESIAN_POINT('',(4.757587001262,47.51101477474));
#3142 = CARTESIAN_POINT('',(4.752576306353,47.509341089693));
#3143 = CARTESIAN_POINT('',(4.747563037291,47.507668167673));
#3144 = CARTESIAN_POINT('',(4.742547090785,47.505996019246));
#3145 = CARTESIAN_POINT('',(4.7375283592,47.504324653618));
#3146 = CARTESIAN_POINT('',(4.732506733624,47.502654079743));
#3147 = CARTESIAN_POINT('',(4.727482125679,47.500984313357));
#3148 = CARTESIAN_POINT('',(4.722454450264,47.499315371424));
#3149 = CARTESIAN_POINT('',(4.717423619052,47.497647269996));
#3150 = CARTESIAN_POINT('',(4.71406756472,47.496535772211));
#3151 = CARTESIAN_POINT('',(4.712388980385,47.495980168237));
#3152 = ( GEOMETRIC_REPRESENTATION_CONTEXT(2) 
PARAMETRIC_REPRESENTATION_CONTEXT() REPRESENTATION_CONTEXT('2D SPACE',''
  ) );
#3153 = PCURVE('',#857,#3154);
#3154 = DEFINITIONAL_REPRESENTATION('',(#3155),#3266);
#3155 = B_SPLINE_CURVE_WITH_KNOTS('',10,(#3156,#3157,#3158,#3159,#3160,
    #3161,#3162,#3163,#3164,#3165,#3166,#3167,#3168,#3169,#3170,#3171,
    #3172,#3173,#3174,#3175,#3176,#3177,#3178,#3179,#3180,#3181,#3182,
    #3183,#3184,#3185,#3186,#3187,#3188,#3189,#3190,#3191,#3192,#3193,
    #3194,#3195,#3196,#3197,#3198,#3199,#3200,#3201,#3202,#3203,#3204,
    #3205,#3206,#3207,#3208,#3209,#3210,#3211,#3212,#3213,#3214,#3215,
    #3216,#3217,#3218,#3219,#3220,#3221,#3222,#3223,#3224,#3225,#3226,
    #3227,#3228,#3229,#3230,#3231,#3232,#3233,#3234,#3235,#3236,#3237,
    #3238,#3239,#3240,#3241,#3242,#3243,#3244,#3245,#3246,#3247,#3248,
    #3249,#3250,#3251,#3252,#3253,#3254,#3255,#3256,#3257,#3258,#3259,
    #3260,#3261,#3262,#3263,#3264,#3265),.UNSPECIFIED.,.F.,.F.,(11,9,9,9
    ,9,9,9,9,9,9,9,9,11),(0.,6.249999999995E-02,0.12109375,
    0.176025390625,0.227523803711,0.324083328247,0.408572912216,
    0.482501298189,0.611875973642,0.708906980231,0.781680235173,
    0.890840117587,1.),.UNSPECIFIED.);
#3156 = CARTESIAN_POINT('',(3.536225296124,17.));
#3157 = CARTESIAN_POINT('',(3.536225297529,16.989768360801));
#3158 = CARTESIAN_POINT('',(3.536233683748,16.979557329567));
#3159 = CARTESIAN_POINT('',(3.536250398818,16.969367074446));
#3160 = CARTESIAN_POINT('',(3.536275391075,16.959197678952));
#3161 = CARTESIAN_POINT('',(3.536308612662,16.949049202106));
#3162 = CARTESIAN_POINT('',(3.536350019035,16.938921738591));
#3163 = CARTESIAN_POINT('',(3.536399568479,16.92881547889));
#3164 = CARTESIAN_POINT('',(3.536457221607,16.91873076944));
#3165 = CARTESIAN_POINT('',(3.536522940879,16.908668172774));
#3166 = CARTESIAN_POINT('',(3.536665830001,16.889216360384));
#3167 = CARTESIAN_POINT('',(3.536742028757,16.879824140951));
#3168 = CARTESIAN_POINT('',(3.536825248669,16.870453011902));
#3169 = CARTESIAN_POINT('',(3.536915470238,16.861102347972));
#3170 = CARTESIAN_POINT('',(3.53701268558,16.851770813982));
#3171 = CARTESIAN_POINT('',(3.537116893979,16.842457071551));
#3172 = CARTESIAN_POINT('',(3.537228099578,16.83316013463));
#3173 = CARTESIAN_POINT('',(3.53734631122,16.82387937387));
#3174 = CARTESIAN_POINT('',(3.537471544425,16.814614169807));
#3175 = CARTESIAN_POINT('',(3.537727839037,16.796690444642));
#3176 = CARTESIAN_POINT('',(3.537858038385,16.788030774209));
#3177 = CARTESIAN_POINT('',(3.537994511379,16.779379685888));
#3178 = CARTESIAN_POINT('',(3.538137055427,16.770749246457));
#3179 = CARTESIAN_POINT('',(3.538286049879,16.762118558225));
#3180 = CARTESIAN_POINT('',(3.538441416717,16.753494705679));
#3181 = CARTESIAN_POINT('',(3.538602900348,16.744893810228));
#3182 = CARTESIAN_POINT('',(3.5387706184,16.736308197196));
#3183 = CARTESIAN_POINT('',(3.538944448933,16.727745421275));
#3184 = CARTESIAN_POINT('',(3.539292959526,16.711204146378));
#3185 = CARTESIAN_POINT('',(3.539466913974,16.703222496086));
#3186 = CARTESIAN_POINT('',(3.539646113677,16.695266158185));
#3187 = CARTESIAN_POINT('',(3.539830504263,16.687337324736));
#3188 = CARTESIAN_POINT('',(3.540020028978,16.679438023832));
#3189 = CARTESIAN_POINT('',(3.540214616143,16.671570535373));
#3190 = CARTESIAN_POINT('',(3.540414177107,16.663737458635));
#3191 = CARTESIAN_POINT('',(3.540618614709,16.655941431657));
#3192 = CARTESIAN_POINT('',(3.540827842233,16.648184502417));
#3193 = CARTESIAN_POINT('',(3.541443007817,16.625997119477));
#3194 = CARTESIAN_POINT('',(3.541860935523,16.611664264239));
#3195 = CARTESIAN_POINT('',(3.542295434618,16.597466176036));
#3196 = CARTESIAN_POINT('',(3.542746497503,16.583398165252));
#3197 = CARTESIAN_POINT('',(3.54321407168,16.569457819169));
#3198 = CARTESIAN_POINT('',(3.543698059532,16.555644833123));
#3199 = CARTESIAN_POINT('',(3.544198405372,16.541958785107));
#3200 = CARTESIAN_POINT('',(3.544715158605,16.528397522554));
#3201 = CARTESIAN_POINT('',(3.54524840183,16.514958829993));
#3202 = CARTESIAN_POINT('',(3.546278772227,16.490001110637));
#3203 = CARTESIAN_POINT('',(3.546772058213,16.478452518582));
#3204 = CARTESIAN_POINT('',(3.547277537934,16.467008380101));
#3205 = CARTESIAN_POINT('',(3.547794952086,16.455674306521));
#3206 = CARTESIAN_POINT('',(3.548324033966,16.44445547486));
#3207 = CARTESIAN_POINT('',(3.548864508649,16.433356692115));
#3208 = CARTESIAN_POINT('',(3.549416092159,16.422382459551));
#3209 = CARTESIAN_POINT('',(3.549978490645,16.411537036986));
#3210 = CARTESIAN_POINT('',(3.550551399555,16.400824507087));
#3211 = CARTESIAN_POINT('',(3.551644718156,16.380995130645));
#3212 = CARTESIAN_POINT('',(3.55216277243,16.371845653416));
#3213 = CARTESIAN_POINT('',(3.552688322341,16.362805189248));
#3214 = CARTESIAN_POINT('',(3.553221221967,16.353874885177));
#3215 = CARTESIAN_POINT('',(3.553761419067,16.345054248907));
#3216 = CARTESIAN_POINT('',(3.554308882557,16.336342534272));
#3217 = CARTESIAN_POINT('',(3.55486356114,16.327739517245));
#3218 = CARTESIAN_POINT('',(3.555425373103,16.319245662488));
#3219 = CARTESIAN_POINT('',(3.555994227262,16.310861680448));
#3220 = CARTESIAN_POINT('',(3.557577808737,16.288107615452));
#3221 = CARTESIAN_POINT('',(3.558606897044,16.273964981898));
#3222 = CARTESIAN_POINT('',(3.559657625592,16.260153135634));
#3223 = CARTESIAN_POINT('',(3.560726579046,16.246710824315));
#3224 = CARTESIAN_POINT('',(3.561821358046,16.233547631651));
#3225 = CARTESIAN_POINT('',(3.562931903871,16.220779151423));
#3226 = CARTESIAN_POINT('',(3.56406436846,16.208340804558));
#3227 = CARTESIAN_POINT('',(3.565214287672,16.196275178867));
#3228 = CARTESIAN_POINT('',(3.566381405707,16.184585693479));
#3229 = CARTESIAN_POINT('',(3.568451458193,16.164804590141));
#3230 = CARTESIAN_POINT('',(3.569347517139,16.156544096789));
#3231 = CARTESIAN_POINT('',(3.570251879178,16.148504734098));
#3232 = CARTESIAN_POINT('',(3.571163937726,16.140691636037));
#3233 = CARTESIAN_POINT('',(3.572083977226,16.133100083302));
#3234 = CARTESIAN_POINT('',(3.573009895204,16.125745465467));
#3235 = CARTESIAN_POINT('',(3.57394110484,16.118630673704));
#3236 = CARTESIAN_POINT('',(3.574880024422,16.111733285992));
#3237 = CARTESIAN_POINT('',(3.575825036843,16.105066459058));
#3238 = CARTESIAN_POINT('',(3.577490473571,16.093793334155));
#3239 = CARTESIAN_POINT('',(3.578207911047,16.089089037093));
#3240 = CARTESIAN_POINT('',(3.578929157197,16.084510902522));
#3241 = CARTESIAN_POINT('',(3.579654190554,16.080058838539));
#3242 = CARTESIAN_POINT('',(3.580382982752,16.075732902391));
#3243 = CARTESIAN_POINT('',(3.581115575563,16.071532965648));
#3244 = CARTESIAN_POINT('',(3.581852090601,16.067458683194));
#3245 = CARTESIAN_POINT('',(3.582592671697,16.063509766026));
#3246 = CARTESIAN_POINT('',(3.583337359957,16.05968655787));
#3247 = CARTESIAN_POINT('',(3.585208713749,16.050447452234));
#3248 = CARTESIAN_POINT('',(3.586339995549,16.04519175057));
#3249 = CARTESIAN_POINT('',(3.587479452259,16.040228544185));
#3250 = CARTESIAN_POINT('',(3.588624571445,16.035567339354));
#3251 = CARTESIAN_POINT('',(3.589775705017,16.031209022052));
#3252 = CARTESIAN_POINT('',(3.59093247943,16.027156086607));
#3253 = CARTESIAN_POINT('',(3.592091976163,16.023416941797));
#3254 = CARTESIAN_POINT('',(3.59325183523,16.019996234115));
#3255 = CARTESIAN_POINT('',(3.594414144989,16.016884611735));
#3256 = CARTESIAN_POINT('',(3.596743239047,16.011281061567));
#3257 = CARTESIAN_POINT('',(3.597910011078,16.00878913803));
#3258 = CARTESIAN_POINT('',(3.599079139925,16.006605360272));
#3259 = CARTESIAN_POINT('',(3.600251093491,16.004729026923));
#3260 = CARTESIAN_POINT('',(3.601426263566,16.003160483966));
#3261 = CARTESIAN_POINT('',(3.602604738808,16.001901046452));
#3262 = CARTESIAN_POINT('',(3.603786262936,16.00095279896));
#3263 = CARTESIAN_POINT('',(3.604970378109,16.000318274807));
#3264 = CARTESIAN_POINT('',(3.606156753499,16.000000014011));
#3265 = CARTESIAN_POINT('',(3.607345699073,16.));
#3266 = ( GEOMETRIC_REPRESENTATION_CONTEXT(2) 
PARAMETRIC_REPRESENTATION_CONTEXT() REPRESENTATION_CONTEXT('2D SPACE',''
  ) );
#3267 = ORIENTED_EDGE('',*,*,#869,.T.);
#3268 = ADVANCED_FACE('',(#3269),#857,.F.);
#3269 = FACE_BOUND('',#3270,.F.);
#3270 = EDGE_LOOP('',(#3271,#3272,#3273,#3794,#3815,#3816,#3817,#3818));
#3271 = ORIENTED_EDGE('',*,*,#1496,.T.);
#3272 = ORIENTED_EDGE('',*,*,#2108,.F.);
#3273 = ORIENTED_EDGE('',*,*,#3274,.T.);
#3274 = EDGE_CURVE('',#2109,#3275,#3277,.T.);
#3275 = VERTEX_POINT('',#3276);
#3276 = CARTESIAN_POINT('',(-13.84706796361,-5.767036397582,-17.));
#3277 = SURFACE_CURVE('',#3278,(#3361,#3457),.PCURVE_S1.);
#3278 = B_SPLINE_CURVE_WITH_KNOTS('',3,(#3279,#3280,#3281,#3282,#3283,
    #3284,#3285,#3286,#3287,#3288,#3289,#3290,#3291,#3292,#3293,#3294,
    #3295,#3296,#3297,#3298,#3299,#3300,#3301,#3302,#3303,#3304,#3305,
    #3306,#3307,#3308,#3309,#3310,#3311,#3312,#3313,#3314,#3315,#3316,
    #3317,#3318,#3319,#3320,#3321,#3322,#3323,#3324,#3325,#3326,#3327,
    #3328,#3329,#3330,#3331,#3332,#3333,#3334,#3335,#3336,#3337,#3338,
    #3339,#3340,#3341,#3342,#3343,#3344,#3345,#3346,#3347,#3348,#3349,
    #3350,#3351,#3352,#3353,#3354,#3355,#3356,#3357,#3358,#3359,#3360),
  .UNSPECIFIED.,.F.,.F.,(4,1,1,1,1,1,1,1,1,1,1,1,1,1,1,1,1,1,1,1,1,1,1,1
    ,1,1,1,1,1,1,1,1,1,1,1,1,1,1,1,1,1,1,1,1,1,1,1,1,1,1,1,1,1,1,1,1,1,1
    ,1,1,1,1,1,1,1,1,1,1,1,1,1,1,1,1,1,1,1,1,1,4),(0.,1.638519588382E-02
    ,3.265631894177E-02,4.880224615382E-02,6.471779178554E-02,
    8.04978536723E-02,9.599014826239E-02,0.111299482559,0.126375447839,
    0.141385360396,0.156186910947,0.170855172374,0.18533281969,
    0.19978809022,0.214023045978,0.228093703296,0.241890194737,
    0.255567507105,0.26889684789,0.281997889462,0.294733855034,
    0.307326882915,0.323498120663,0.343251786414,0.362572390971,
    0.377728582803,0.388765484772,0.399710019765,0.410460184687,
    0.421101949774,0.431625898857,0.442139813166,0.452650622102,
    0.463160717532,0.477141295196,0.491080665635,0.504967529754,
    0.515313084423,0.525639757835,0.53593549205,0.546212019226,
    0.556452068476,0.566679358305,0.576864394366,0.587022610752,
    0.597143291338,0.607256156024,0.617326851005,0.627362426305,
    0.63733284026,0.647270324422,0.657132536275,0.666944262736,
    0.676693786994,0.686430773082,0.697228881732,0.709096997764,
    0.726292535046,0.74767877077,0.767889361303,0.782706461971,
    0.792177498573,0.801637252976,0.814195379157,0.829854338068,
    0.845396516569,0.857709264576,0.866706884973,0.875609645666,
    0.884240601664,0.892690438719,0.900874507801,0.908969051591,
    0.916928927689,0.92483869707,0.932718380421,0.940623809801,
    0.953407173852,0.973201214738,1.),.UNSPECIFIED.);
#3279 = CARTESIAN_POINT('',(-13.4022544416,-6.736436437945,-16.));
#3280 = CARTESIAN_POINT('',(-13.40621826975,-6.728550356154,
    -15.99999996449));
#3281 = CARTESIAN_POINT('',(-13.41410792494,-6.712819142413,
    -16.00020992615));
#3282 = CARTESIAN_POINT('',(-13.42585977176,-6.689283847023,
    -16.00114914285));
#3283 = CARTESIAN_POINT('',(-13.43745309972,-6.665964133526,
    -16.0026942345));
#3284 = CARTESIAN_POINT('',(-13.44887703147,-6.642885260462,
    -16.00482507503));
#3285 = CARTESIAN_POINT('',(-13.4600878163,-6.620139528035,
    -16.00751239646));
#3286 = CARTESIAN_POINT('',(-13.47109259347,-6.597716908061,
    -16.01073433756));
#3287 = CARTESIAN_POINT('',(-13.4818649011,-6.575676100065,
    -16.01445819695));
#3288 = CARTESIAN_POINT('',(-13.49245376501,-6.553921234666,
    -16.01867864536));
#3289 = CARTESIAN_POINT('',(-13.50285014373,-6.532474655309,
    -16.02337448104));
#3290 = CARTESIAN_POINT('',(-13.51307390068,-6.511299020561,
    -16.02853843202));
#3291 = CARTESIAN_POINT('',(-13.52309375137,-6.490463064803,
    -16.03413685675));
#3292 = CARTESIAN_POINT('',(-13.5329496528,-6.469887526273,
    -16.04017526712));
#3293 = CARTESIAN_POINT('',(-13.5426193421,-6.449622262855,
    -16.04662638848));
#3294 = CARTESIAN_POINT('',(-13.55210679142,-6.429662583351,
    -16.05347785762));
#3295 = CARTESIAN_POINT('',(-13.56135551106,-6.410131749001,
    -16.06066848797));
#3296 = CARTESIAN_POINT('',(-13.57038795293,-6.390987143355,
    -16.06819255157));
#3297 = CARTESIAN_POINT('',(-13.57916483186,-6.372316783205,
    -16.07599404421));
#3298 = CARTESIAN_POINT('',(-13.58769774794,-6.354101084874,
    -16.08405710418));
#3299 = CARTESIAN_POINT('',(-13.59593731359,-6.336451003952,
    -16.09230480796));
#3300 = CARTESIAN_POINT('',(-13.60393003453,-6.319272389814,
    -16.10075297069));
#3301 = CARTESIAN_POINT('',(-13.61246127183,-6.300876589338,
    -16.11024910698));
#3302 = CARTESIAN_POINT('',(-13.62229855863,-6.279586473506,
    -16.12184140311));
#3303 = CARTESIAN_POINT('',(-13.6332988646,-6.255670841845,
    -16.13572907953));
#3304 = CARTESIAN_POINT('',(-13.64387363688,-6.232568114665,
    -16.1500824579));
#3305 = CARTESIAN_POINT('',(-13.6525862743,-6.213452902078,
    -16.16266583817));
#3306 = CARTESIAN_POINT('',(-13.65959610595,-6.198024600231,
    -16.17326909054));
#3307 = CARTESIAN_POINT('',(-13.66570138681,-6.184551479347,
    -16.18286439791));
#3308 = CARTESIAN_POINT('',(-13.67166258901,-6.171362099261,
    -16.1925899933));
#3309 = CARTESIAN_POINT('',(-13.67747834821,-6.158461776607,
    -16.20243116993));
#3310 = CARTESIAN_POINT('',(-13.68318487601,-6.145772130982,
    -16.21244005203));
#3311 = CARTESIAN_POINT('',(-13.68880269857,-6.133248959219,
    -16.22264878059));
#3312 = CARTESIAN_POINT('',(-13.69434794426,-6.120857383622,
    -16.23308712207));
#3313 = CARTESIAN_POINT('',(-13.70041962716,-6.107256598223,
    -16.24492444429));
#3314 = CARTESIAN_POINT('',(-13.70697312986,-6.092535478486,
    -16.25823168995));
#3315 = CARTESIAN_POINT('',(-13.7139521649,-6.076809394586,
    -16.27307296203));
#3316 = CARTESIAN_POINT('',(-13.72017884814,-6.062735585045,
    -16.28693566601));
#3317 = CARTESIAN_POINT('',(-13.72569505172,-6.050235083607,
    -16.29971520746));
#3318 = CARTESIAN_POINT('',(-13.73054202257,-6.03922702238,
    -16.31133134175));
#3319 = CARTESIAN_POINT('',(-13.73528437562,-6.028433338074,
    -16.32308707491));
#3320 = CARTESIAN_POINT('',(-13.73992170631,-6.017856351396,
    -16.33497652194));
#3321 = CARTESIAN_POINT('',(-13.74445890953,-6.007486255826,
    -16.34700772003));
#3322 = CARTESIAN_POINT('',(-13.74889456503,-5.997327602537,
    -16.35917296333));
#3323 = CARTESIAN_POINT('',(-13.75323194931,-5.987374165093,
    -16.37147750501));
#3324 = CARTESIAN_POINT('',(-13.75746936593,-5.977631092325,
    -16.38391281968));
#3325 = CARTESIAN_POINT('',(-13.76161323668,-5.968084824066,
    -16.39649476843));
#3326 = CARTESIAN_POINT('',(-13.76566280502,-5.958738239237,
    -16.4092193235));
#3327 = CARTESIAN_POINT('',(-13.76961780011,-5.949593091242,
    -16.42208386939));
#3328 = CARTESIAN_POINT('',(-13.77347044147,-5.940668540904,
    -16.43505980162));
#3329 = CARTESIAN_POINT('',(-13.7772219076,-5.931963053684,-16.448146476
    ));
#3330 = CARTESIAN_POINT('',(-13.78086728983,-5.92348920422,
    -16.46132160765));
#3331 = CARTESIAN_POINT('',(-13.78440871772,-5.915243221066,
    -16.47458698278));
#3332 = CARTESIAN_POINT('',(-13.78784317806,-5.907233285196,
    -16.48792463196));
#3333 = CARTESIAN_POINT('',(-13.79117838219,-5.899442523226,
    -16.50135854769));
#3334 = CARTESIAN_POINT('',(-13.79453769614,-5.891583347912,
    -16.51540040247));
#3335 = CARTESIAN_POINT('',(-13.79802957176,-5.883401070624,
    -16.53058963926));
#3336 = CARTESIAN_POINT('',(-13.80218191406,-5.873654594401,
    -16.54948294459));
#3337 = CARTESIAN_POINT('',(-13.80719831802,-5.861854937843,
    -16.573704073));
#3338 = CARTESIAN_POINT('',(-13.8126611046,-5.848970929732,
    -16.60233940888));
#3339 = CARTESIAN_POINT('',(-13.81749064528,-5.837550275106,
    -16.63012969654));
#3340 = CARTESIAN_POINT('',(-13.82103021551,-5.829163002392,
    -16.65225870585));
#3341 = CARTESIAN_POINT('',(-13.8235746839,-5.823125678547,
    -16.66915841065));
#3342 = CARTESIAN_POINT('',(-13.82584814126,-5.817725960754,
    -16.68501821145));
#3343 = CARTESIAN_POINT('',(-13.82842894906,-5.811589324699,
    -16.70412704306));
#3344 = CARTESIAN_POINT('',(-13.83121996172,-5.804943805947,
    -16.72652981113));
#3345 = CARTESIAN_POINT('',(-13.83376877692,-5.798866576886,
    -16.74905575065));
#3346 = CARTESIAN_POINT('',(-13.8357524433,-5.794131551163,
    -16.76830440142));
#3347 = CARTESIAN_POINT('',(-13.83726740103,-5.790512470795,
    -16.78418392569));
#3348 = CARTESIAN_POINT('',(-13.83851482781,-5.787530609497,
    -16.79819653856));
#3349 = CARTESIAN_POINT('',(-13.83965626143,-5.784800533045,
    -16.81198084742));
#3350 = CARTESIAN_POINT('',(-13.84068952876,-5.782327864422,
    -16.82543761506));
#3351 = CARTESIAN_POINT('',(-13.84162734186,-5.780082551775,
    -16.83865605533));
#3352 = CARTESIAN_POINT('',(-13.84247561915,-5.778050726307,
    -16.85165445902));
#3353 = CARTESIAN_POINT('',(-13.84324473779,-5.776207780542,
    -16.8645432509));
#3354 = CARTESIAN_POINT('',(-13.84393849048,-5.774544834288,
    -16.87734997677));
#3355 = CARTESIAN_POINT('',(-13.84456239326,-5.773048840725,
    -16.89015740196));
#3356 = CARTESIAN_POINT('',(-13.84523202862,-5.771442728894,
    -16.90563146425));
#3357 = CARTESIAN_POINT('',(-13.84602702942,-5.769535259733,
    -16.92761173972));
#3358 = CARTESIAN_POINT('',(-13.84683584437,-5.767593832226,
    -16.95994487231));
#3359 = CARTESIAN_POINT('',(-13.84706818059,-5.767035759675,
    -16.98537527485));
#3360 = CARTESIAN_POINT('',(-13.84706796361,-5.767036397581,-17.));
#3361 = PCURVE('',#857,#3362);
#3362 = DEFINITIONAL_REPRESENTATION('',(#3363),#3456);
#3363 = B_SPLINE_CURVE_WITH_KNOTS('',10,(#3364,#3365,#3366,#3367,#3368,
    #3369,#3370,#3371,#3372,#3373,#3374,#3375,#3376,#3377,#3378,#3379,
    #3380,#3381,#3382,#3383,#3384,#3385,#3386,#3387,#3388,#3389,#3390,
    #3391,#3392,#3393,#3394,#3395,#3396,#3397,#3398,#3399,#3400,#3401,
    #3402,#3403,#3404,#3405,#3406,#3407,#3408,#3409,#3410,#3411,#3412,
    #3413,#3414,#3415,#3416,#3417,#3418,#3419,#3420,#3421,#3422,#3423,
    #3424,#3425,#3426,#3427,#3428,#3429,#3430,#3431,#3432,#3433,#3434,
    #3435,#3436,#3437,#3438,#3439,#3440,#3441,#3442,#3443,#3444,#3445,
    #3446,#3447,#3448,#3449,#3450,#3451,#3452,#3453,#3454,#3455),
  .UNSPECIFIED.,.F.,.F.,(11,9,9,9,9,9,9,9,9,9,11),(0.,0.25,0.34375,
    0.42578125,0.497558593751,0.560363769532,0.670272827149,
    0.752704620362,0.814528465271,0.907264232636,1.),.UNSPECIFIED.);
#3364 = CARTESIAN_POINT('',(3.607345699073,31.));
#3365 = CARTESIAN_POINT('',(3.60465234604,31.000000162499));
#3366 = CARTESIAN_POINT('',(3.601954880365,30.99836504016));
#3367 = CARTESIAN_POINT('',(3.599259197173,30.995093711587));
#3368 = CARTESIAN_POINT('',(3.596570778657,30.990187510139));
#3369 = CARTESIAN_POINT('',(3.59389507772,30.983652009925));
#3370 = CARTESIAN_POINT('',(3.591237730627,30.975498234998));
#3371 = CARTESIAN_POINT('',(3.588604598648,30.965743091732));
#3372 = CARTESIAN_POINT('',(3.586001638709,30.954409024411));
#3373 = CARTESIAN_POINT('',(3.583434603042,30.941522894002));
#3374 = CARTESIAN_POINT('',(3.579961304632,30.921710774924));
#3375 = CARTESIAN_POINT('',(3.579019817537,30.916093348764));
#3376 = CARTESIAN_POINT('',(3.578084369758,30.910263287486));
#3377 = CARTESIAN_POINT('',(3.577155227956,30.904222144841));
#3378 = CARTESIAN_POINT('',(3.576232662471,30.897971562907));
#3379 = CARTESIAN_POINT('',(3.575316947544,30.891513292495));
#3380 = CARTESIAN_POINT('',(3.574408361541,30.884849213568));
#3381 = CARTESIAN_POINT('',(3.573507187179,30.87798135565));
#3382 = CARTESIAN_POINT('',(3.572613711746,30.870911918237));
#3383 = CARTESIAN_POINT('',(3.570953428465,30.857283242566));
#3384 = CARTESIAN_POINT('',(3.570184732331,30.850770495196));
#3385 = CARTESIAN_POINT('',(3.569422102479,30.84410473274));
#3386 = CARTESIAN_POINT('',(3.568665506004,30.837285433466));
#3387 = CARTESIAN_POINT('',(3.56791491313,30.830311853798));
#3388 = CARTESIAN_POINT('',(3.567170296784,30.823183011843));
#3389 = CARTESIAN_POINT('',(3.566431632179,30.815897670913));
#3390 = CARTESIAN_POINT('',(3.565698896389,30.808454323055));
#3391 = CARTESIAN_POINT('',(3.564972067929,30.800851172569));
#3392 = CARTESIAN_POINT('',(3.563620302438,30.786291698133));
#3393 = CARTESIAN_POINT('',(3.562993963069,30.779373053651));
#3394 = CARTESIAN_POINT('',(3.562372089416,30.772328624839));
#3395 = CARTESIAN_POINT('',(3.561755225591,30.765163016725));
#3396 = CARTESIAN_POINT('',(3.561143871009,30.757880773977));
#3397 = CARTESIAN_POINT('',(3.560538339437,30.750484911578));
#3398 = CARTESIAN_POINT('',(3.5599388768,30.742978094238));
#3399 = CARTESIAN_POINT('',(3.55934582983,30.735364355932));
#3400 = CARTESIAN_POINT('',(3.55875965767,30.727649250985));
#3401 = CARTESIAN_POINT('',(3.557673884226,30.71300002055));
#3402 = CARTESIAN_POINT('',(3.557172661698,30.706089392387));
#3403 = CARTESIAN_POINT('',(3.556676929531,30.699104464483));
#3404 = CARTESIAN_POINT('',(3.556187431651,30.692056356881));
#3405 = CARTESIAN_POINT('',(3.555703967558,30.684942930782));
#3406 = CARTESIAN_POINT('',(3.555226110101,30.677758538114));
#3407 = CARTESIAN_POINT('',(3.554753892769,30.670503711854));
#3408 = CARTESIAN_POINT('',(3.554287529271,30.663181408656));
#3409 = CARTESIAN_POINT('',(3.553826708964,30.655787193725));
#3410 = CARTESIAN_POINT('',(3.552574863528,30.635256635602));
#3411 = CARTESIAN_POINT('',(3.551795391835,30.621973092173));
#3412 = CARTESIAN_POINT('',(3.551032383839,30.608457101276));
#3413 = CARTESIAN_POINT('',(3.550288085476,30.594748081174));
#3414 = CARTESIAN_POINT('',(3.549555630831,30.580715673044));
#3415 = CARTESIAN_POINT('',(3.548845362093,30.566536907107));
#3416 = CARTESIAN_POINT('',(3.548150090559,30.552084969357));
#3417 = CARTESIAN_POINT('',(3.547474174142,30.537428954267));
#3418 = CARTESIAN_POINT('',(3.54681675259,30.522551329922));
#3419 = CARTESIAN_POINT('',(3.545699846369,30.496141377791));
#3420 = CARTESIAN_POINT('',(3.545231945047,30.484702475823));
#3421 = CARTESIAN_POINT('',(3.544774957542,30.473142261924));
#3422 = CARTESIAN_POINT('',(3.544329476671,30.461474185379));
#3423 = CARTESIAN_POINT('',(3.543895946652,30.449707668874));
#3424 = CARTESIAN_POINT('',(3.543474594575,30.437846546154));
#3425 = CARTESIAN_POINT('',(3.543065627145,30.425895732842));
#3426 = CARTESIAN_POINT('',(3.542669426167,30.413867489222));
#3427 = CARTESIAN_POINT('',(3.542286476204,30.401778633707));
#3428 = CARTESIAN_POINT('',(3.541639469124,30.380518639882));
#3429 = CARTESIAN_POINT('',(3.541369611519,30.371373210278));
#3430 = CARTESIAN_POINT('',(3.54110714611,30.362193460355));
#3431 = CARTESIAN_POINT('',(3.540852079813,30.352980435199));
#3432 = CARTESIAN_POINT('',(3.540604378544,30.343733393132));
#3433 = CARTESIAN_POINT('',(3.540363969096,30.3344497939));
#3434 = CARTESIAN_POINT('',(3.540130784326,30.32512684899));
#3435 = CARTESIAN_POINT('',(3.539904806294,30.315763059516));
#3436 = CARTESIAN_POINT('',(3.53968606195,30.306358167116));
#3437 = CARTESIAN_POINT('',(3.539157222011,30.282737607593));
#3438 = CARTESIAN_POINT('',(3.538856130144,30.26846750034));
#3439 = CARTESIAN_POINT('',(3.538571474142,30.254101948114));
#3440 = CARTESIAN_POINT('',(3.538302053348,30.239584499504));
#3441 = CARTESIAN_POINT('',(3.538051310752,30.225051301531));
#3442 = CARTESIAN_POINT('',(3.537815833814,30.210359808989));
#3443 = CARTESIAN_POINT('',(3.537598743103,30.195634778356));
#3444 = CARTESIAN_POINT('',(3.537398699096,30.180819598492));
#3445 = CARTESIAN_POINT('',(3.537216449436,30.165944922799));
#3446 = CARTESIAN_POINT('',(3.53688761884,30.136080783598));
#3447 = CARTESIAN_POINT('',(3.536741038609,30.121091827791));
#3448 = CARTESIAN_POINT('',(3.536612476837,30.106053034364));
#3449 = CARTESIAN_POINT('',(3.536502072669,30.090971598281));
#3450 = CARTESIAN_POINT('',(3.536409929426,30.075854825778));
#3451 = CARTESIAN_POINT('',(3.53633612302,30.060710099248));
#3452 = CARTESIAN_POINT('',(3.536280710371,30.04554484213));
#3453 = CARTESIAN_POINT('',(3.536243737831,30.030366483797));
#3454 = CARTESIAN_POINT('',(3.536225249595,30.01518242445));
#3455 = CARTESIAN_POINT('',(3.536225296124,30.));
#3456 = ( GEOMETRIC_REPRESENTATION_CONTEXT(2) 
PARAMETRIC_REPRESENTATION_CONTEXT() REPRESENTATION_CONTEXT('2D SPACE',''
  ) );
#3457 = PCURVE('',#2148,#3458);
#3458 = DEFINITIONAL_REPRESENTATION('',(#3459),#3793);
#3459 = B_SPLINE_CURVE_WITH_KNOTS('',3,(#3460,#3461,#3462,#3463,#3464,
    #3465,#3466,#3467,#3468,#3469,#3470,#3471,#3472,#3473,#3474,#3475,
    #3476,#3477,#3478,#3479,#3480,#3481,#3482,#3483,#3484,#3485,#3486,
    #3487,#3488,#3489,#3490,#3491,#3492,#3493,#3494,#3495,#3496,#3497,
    #3498,#3499,#3500,#3501,#3502,#3503,#3504,#3505,#3506,#3507,#3508,
    #3509,#3510,#3511,#3512,#3513,#3514,#3515,#3516,#3517,#3518,#3519,
    #3520,#3521,#3522,#3523,#3524,#3525,#3526,#3527,#3528,#3529,#3530,
    #3531,#3532,#3533,#3534,#3535,#3536,#3537,#3538,#3539,#3540,#3541,
    #3542,#3543,#3544,#3545,#3546,#3547,#3548,#3549,#3550,#3551,#3552,
    #3553,#3554,#3555,#3556,#3557,#3558,#3559,#3560,#3561,#3562,#3563,
    #3564,#3565,#3566,#3567,#3568,#3569,#3570,#3571,#3572,#3573,#3574,
    #3575,#3576,#3577,#3578,#3579,#3580,#3581,#3582,#3583,#3584,#3585,
    #3586,#3587,#3588,#3589,#3590,#3591,#3592,#3593,#3594,#3595,#3596,
    #3597,#3598,#3599,#3600,#3601,#3602,#3603,#3604,#3605,#3606,#3607,
    #3608,#3609,#3610,#3611,#3612,#3613,#3614,#3615,#3616,#3617,#3618,
    #3619,#3620,#3621,#3622,#3623,#3624,#3625,#3626,#3627,#3628,#3629,
    #3630,#3631,#3632,#3633,#3634,#3635,#3636,#3637,#3638,#3639,#3640,
    #3641,#3642,#3643,#3644,#3645,#3646,#3647,#3648,#3649,#3650,#3651,
    #3652,#3653,#3654,#3655,#3656,#3657,#3658,#3659,#3660,#3661,#3662,
    #3663,#3664,#3665,#3666,#3667,#3668,#3669,#3670,#3671,#3672,#3673,
    #3674,#3675,#3676,#3677,#3678,#3679,#3680,#3681,#3682,#3683,#3684,
    #3685,#3686,#3687,#3688,#3689,#3690,#3691,#3692,#3693,#3694,#3695,
    #3696,#3697,#3698,#3699,#3700,#3701,#3702,#3703,#3704,#3705,#3706,
    #3707,#3708,#3709,#3710,#3711,#3712,#3713,#3714,#3715,#3716,#3717,
    #3718,#3719,#3720,#3721,#3722,#3723,#3724,#3725,#3726,#3727,#3728,
    #3729,#3730,#3731,#3732,#3733,#3734,#3735,#3736,#3737,#3738,#3739,
    #3740,#3741,#3742,#3743,#3744,#3745,#3746,#3747,#3748,#3749,#3750,
    #3751,#3752,#3753,#3754,#3755,#3756,#3757,#3758,#3759,#3760,#3761,
    #3762,#3763,#3764,#3765,#3766,#3767,#3768,#3769,#3770,#3771,#3772,
    #3773,#3774,#3775,#3776,#3777,#3778,#3779,#3780,#3781,#3782,#3783,
    #3784,#3785,#3786,#3787,#3788,#3789,#3790,#3791,#3792),
  .UNSPECIFIED.,.F.,.F.,(4,1,1,1,1,1,1,1,1,1,1,1,1,1,1,1,1,1,1,1,1,1,1,1
    ,1,1,1,1,1,1,1,1,1,1,1,1,1,1,1,1,1,1,1,1,1,1,1,1,1,1,1,1,1,1,1,1,1,1
    ,1,1,1,1,1,1,1,1,1,1,1,1,1,1,1,1,1,1,1,1,1,1,1,1,1,1,1,1,1,1,1,1,1,1
    ,1,1,1,1,1,1,1,1,1,1,1,1,1,1,1,1,1,1,1,1,1,1,1,1,1,1,1,1,1,1,1,1,1,1
    ,1,1,1,1,1,1,1,1,1,1,1,1,1,1,1,1,1,1,1,1,1,1,1,1,1,1,1,1,1,1,1,1,1,1
    ,1,1,1,1,1,1,1,1,1,1,1,1,1,1,1,1,1,1,1,1,1,1,1,1,1,1,1,1,1,1,1,1,1,1
    ,1,1,1,1,1,1,1,1,1,1,1,1,1,1,1,1,1,1,1,1,1,1,1,1,1,1,1,1,1,1,1,1,1,1
    ,1,1,1,1,1,1,1,1,1,1,1,1,1,1,1,1,1,1,1,1,1,1,1,1,1,1,1,1,1,1,1,1,1,1
    ,1,1,1,1,1,1,1,1,1,1,1,1,1,1,1,1,1,1,1,1,1,1,1,1,1,1,1,1,1,1,1,1,1,1
    ,1,1,1,1,1,1,1,1,1,1,1,1,1,1,1,1,1,1,1,1,1,1,1,1,1,1,1,1,1,1,1,1,1,1
    ,4),(0.,3.030303030303E-03,6.060606060606E-03,9.090909090909E-03,
    1.212121212121E-02,1.515151515152E-02,1.818181818182E-02,
    2.121212121212E-02,2.424242424242E-02,2.727272727273E-02,
    3.030303030303E-02,3.333333333333E-02,3.636363636364E-02,
    3.939393939394E-02,4.242424242424E-02,4.545454545455E-02,
    4.848484848485E-02,5.151515151515E-02,5.454545454545E-02,
    5.757575757576E-02,6.060606060606E-02,6.363636363636E-02,
    6.666666666667E-02,6.969696969697E-02,7.272727272727E-02,
    7.575757575758E-02,7.878787878788E-02,8.181818181818E-02,
    8.484848484848E-02,8.787878787879E-02,9.090909090909E-02,
    9.393939393939E-02,9.69696969697E-02,0.1,0.10303030303,
    0.106060606061,0.109090909091,0.112121212121,0.115151515152,
    0.118181818182,0.121212121212,0.124242424242,0.127272727273,
    0.130303030303,0.133333333333,0.136363636364,0.139393939394,
    0.142424242424,0.145454545455,0.148484848485,0.151515151515,
    0.154545454545,0.157575757576,0.160606060606,0.163636363636,
    0.166666666667,0.169696969697,0.172727272727,0.175757575758,
    0.178787878788,0.181818181818,0.184848484848,0.187878787879,
    0.190909090909,0.193939393939,0.19696969697,0.2,0.20303030303,
    0.206060606061,0.209090909091,0.212121212121,0.215151515152,
    0.218181818182,0.221212121212,0.224242424242,0.227272727273,
    0.230303030303,0.233333333333,0.236363636364,0.239393939394,
    0.242424242424,0.245454545455,0.248484848485,0.251515151515,
    0.254545454545,0.257575757576,0.260606060606,0.263636363636,
    0.266666666667,0.269696969697,0.272727272727,0.275757575758,
    0.278787878788,0.281818181818,0.284848484848,0.287878787879,
    0.290909090909,0.293939393939,0.29696969697,0.3,0.30303030303,
    0.306060606061,0.309090909091,0.312121212121,0.315151515152,
    0.318181818182,0.321212121212,0.324242424242,0.327272727273,
    0.330303030303,0.333333333333,0.336363636364,0.339393939394,
    0.342424242424,0.345454545455,0.348484848485,0.351515151515,
    0.354545454545,0.357575757576,0.360606060606,0.363636363636,
    0.366666666667,0.369696969697,0.372727272727,0.375757575758,
    0.378787878788,0.381818181818,0.384848484848,0.387878787879,
    0.390909090909,0.393939393939,0.39696969697,0.4,0.40303030303,
    0.406060606061,0.409090909091,0.412121212121,0.415151515152,
    0.418181818182,0.421212121212,0.424242424242,0.427272727273,
    0.430303030303,0.433333333333,0.436363636364,0.439393939394,
    0.442424242424,0.445454545455,0.448484848485,0.451515151515,
    0.454545454545,0.457575757576,0.460606060606,0.463636363636,
    0.466666666667,0.469696969697,0.472727272727,0.475757575758,
    0.478787878788,0.481818181818,0.484848484848,0.487878787879,
    0.490909090909,0.493939393939,0.49696969697,0.5,0.50303030303,
    0.506060606061,0.509090909091,0.512121212121,0.515151515152,
    0.518181818182,0.521212121212,0.524242424242,0.527272727273,
    0.530303030303,0.533333333333,0.536363636364,0.539393939394,
    0.542424242424,0.545454545455,0.548484848485,0.551515151515,
    0.554545454545,0.557575757576,0.560606060606,0.563636363636,
    0.566666666667,0.569696969697,0.572727272727,0.575757575758,
    0.578787878788,0.581818181818,0.584848484848,0.587878787879,
    0.590909090909,0.593939393939,0.59696969697,0.6,0.60303030303,
    0.606060606061,0.609090909091,0.612121212121,0.615151515152,
    0.618181818182,0.621212121212,0.624242424242,0.627272727273,
    0.630303030303,0.633333333333,0.636363636364,0.639393939394,
    0.642424242424,0.645454545455,0.648484848485,0.651515151515,
    0.654545454545,0.657575757576,0.660606060606,0.663636363636,
    0.666666666667,0.669696969697,0.672727272727,0.675757575758,
    0.678787878788,0.681818181818,0.684848484848,0.687878787879,
    0.690909090909,0.693939393939,0.69696969697,0.7,0.70303030303,
    0.706060606061,0.709090909091,0.712121212121,0.715151515152,
    0.718181818182,0.721212121212,0.724242424242,0.727272727273,
    0.730303030303,0.733333333333,0.736363636364,0.739393939394,
    0.742424242424,0.745454545455,0.748484848485,0.751515151515,
    0.754545454545,0.757575757576,0.760606060606,0.763636363636,
    0.766666666667,0.769696969697,0.772727272727,0.775757575758,
    0.778787878788,0.781818181818,0.784848484848,0.787878787879,
    0.790909090909,0.793939393939,0.79696969697,0.8,0.80303030303,
    0.806060606061,0.809090909091,0.812121212121,0.815151515152,
    0.818181818182,0.821212121212,0.824242424242,0.827272727273,
    0.830303030303,0.833333333333,0.836363636364,0.839393939394,
    0.842424242424,0.845454545455,0.848484848485,0.851515151515,
    0.854545454545,0.857575757576,0.860606060606,0.863636363636,
    0.866666666667,0.869696969697,0.872727272727,0.875757575758,
    0.878787878788,0.881818181818,0.884848484848,0.887878787879,
    0.890909090909,0.893939393939,0.89696969697,0.9,0.90303030303,
    0.906060606061,0.909090909091,0.912121212121,0.915151515152,
    0.918181818182,0.921212121212,0.924242424242,0.927272727273,
    0.930303030303,0.933333333333,0.936363636364,0.939393939394,
    0.942424242424,0.945454545455,0.948484848485,0.951515151515,
    0.954545454545,0.957575757576,0.960606060606,0.963636363636,
    0.966666666667,0.969696969697,0.972727272727,0.975757575758,
    0.978787878788,0.981818181818,0.984848484848,0.987878787879,
    0.990909090909,0.993939393939,0.99696969697,1.),
  .QUASI_UNIFORM_KNOTS.);
#3460 = CARTESIAN_POINT('',(1.570796326795,-47.49598016823));
#3461 = CARTESIAN_POINT('',(1.572345979838,-47.49649309469));
#3462 = CARTESIAN_POINT('',(1.575445371973,-47.49751953876));
#3463 = CARTESIAN_POINT('',(1.580094715323,-47.49906094363));
#3464 = CARTESIAN_POINT('',(1.584744310842,-47.50060405256));
#3465 = CARTESIAN_POINT('',(1.589394155505,-47.50214883082));
#3466 = CARTESIAN_POINT('',(1.594044246273,-47.50369524369));
#3467 = CARTESIAN_POINT('',(1.598694580093,-47.50524325645));
#3468 = CARTESIAN_POINT('',(1.603345153925,-47.50679283453));
#3469 = CARTESIAN_POINT('',(1.607995964766,-47.5083439435));
#3470 = CARTESIAN_POINT('',(1.612647009645,-47.50989654893));
#3471 = CARTESIAN_POINT('',(1.617298285635,-47.51145061634));
#3472 = CARTESIAN_POINT('',(1.62194978987,-47.51300611134));
#3473 = CARTESIAN_POINT('',(1.626601519511,-47.51456299929));
#3474 = CARTESIAN_POINT('',(1.631253471581,-47.51612124454));
#3475 = CARTESIAN_POINT('',(1.63590564313,-47.51768081157));
#3476 = CARTESIAN_POINT('',(1.640558031223,-47.51924166486));
#3477 = CARTESIAN_POINT('',(1.645210632961,-47.52080376885));
#3478 = CARTESIAN_POINT('',(1.649863445458,-47.52236708803));
#3479 = CARTESIAN_POINT('',(1.654516466294,-47.5239315864));
#3480 = CARTESIAN_POINT('',(1.659169693102,-47.52549722791));
#3481 = CARTESIAN_POINT('',(1.663823123525,-47.52706397654));
#3482 = CARTESIAN_POINT('',(1.668476755244,-47.52863179622));
#3483 = CARTESIAN_POINT('',(1.673130585948,-47.53020065099));
#3484 = CARTESIAN_POINT('',(1.677784613565,-47.53177050438));
#3485 = CARTESIAN_POINT('',(1.682438836137,-47.53334131969));
#3486 = CARTESIAN_POINT('',(1.687093251697,-47.53491306028));
#3487 = CARTESIAN_POINT('',(1.69174785831,-47.53648568947));
#3488 = CARTESIAN_POINT('',(1.696402654061,-47.53805917065));
#3489 = CARTESIAN_POINT('',(1.701057637149,-47.53963346691));
#3490 = CARTESIAN_POINT('',(1.705712805887,-47.54120854093));
#3491 = CARTESIAN_POINT('',(1.710368158571,-47.54278435546));
#3492 = CARTESIAN_POINT('',(1.715023693555,-47.54436087324));
#3493 = CARTESIAN_POINT('',(1.719679409115,-47.54593805702));
#3494 = CARTESIAN_POINT('',(1.724335304009,-47.54751586947));
#3495 = CARTESIAN_POINT('',(1.728991377988,-47.5490942731));
#3496 = CARTESIAN_POINT('',(1.733647630647,-47.55067323046));
#3497 = CARTESIAN_POINT('',(1.738304061653,-47.55225270406));
#3498 = CARTESIAN_POINT('',(1.742960670672,-47.55383265646));
#3499 = CARTESIAN_POINT('',(1.74761745748,-47.55541305008));
#3500 = CARTESIAN_POINT('',(1.752274422043,-47.55699384687));
#3501 = CARTESIAN_POINT('',(1.756931564349,-47.55857500889));
#3502 = CARTESIAN_POINT('',(1.761588884267,-47.56015649811));
#3503 = CARTESIAN_POINT('',(1.766246382252,-47.56173827674));
#3504 = CARTESIAN_POINT('',(1.770904056532,-47.56332030603));
#3505 = CARTESIAN_POINT('',(1.775561899544,-47.5649025448));
#3506 = CARTESIAN_POINT('',(1.780219904644,-47.56648495226));
#3507 = CARTESIAN_POINT('',(1.784878064964,-47.56806748751));
#3508 = CARTESIAN_POINT('',(1.789536373722,-47.5696501097));
#3509 = CARTESIAN_POINT('',(1.794194824209,-47.57123277781));
#3510 = CARTESIAN_POINT('',(1.798853409839,-47.57281545044));
#3511 = CARTESIAN_POINT('',(1.803512124007,-47.57439808626));
#3512 = CARTESIAN_POINT('',(1.808170960125,-47.5759806439));
#3513 = CARTESIAN_POINT('',(1.812829911655,-47.57756308208));
#3514 = CARTESIAN_POINT('',(1.817488971977,-47.5791453592));
#3515 = CARTESIAN_POINT('',(1.822148134339,-47.5807274333));
#3516 = CARTESIAN_POINT('',(1.826807392017,-47.58230926252));
#3517 = CARTESIAN_POINT('',(1.831466738292,-47.58389080494));
#3518 = CARTESIAN_POINT('',(1.836126166469,-47.58547201871));
#3519 = CARTESIAN_POINT('',(1.840785669899,-47.58705286168));
#3520 = CARTESIAN_POINT('',(1.845445241946,-47.58863329148));
#3521 = CARTESIAN_POINT('',(1.850104875947,-47.59021326581));
#3522 = CARTESIAN_POINT('',(1.854764565341,-47.59179274236));
#3523 = CARTESIAN_POINT('',(1.859424303237,-47.59337167876));
#3524 = CARTESIAN_POINT('',(1.864084086299,-47.59495003343));
#3525 = CARTESIAN_POINT('',(1.868743911771,-47.59652776495));
#3526 = CARTESIAN_POINT('',(1.873403776745,-47.59810483186));
#3527 = CARTESIAN_POINT('',(1.87806367836,-47.59968119271));
#3528 = CARTESIAN_POINT('',(1.882723613775,-47.60125680603));
#3529 = CARTESIAN_POINT('',(1.887383580322,-47.60283163004));
#3530 = CARTESIAN_POINT('',(1.892043575315,-47.60440562298));
#3531 = CARTESIAN_POINT('',(1.896703596069,-47.60597874306));
#3532 = CARTESIAN_POINT('',(1.901363639905,-47.60755094855));
#3533 = CARTESIAN_POINT('',(1.906023704192,-47.60912219757));
#3534 = CARTESIAN_POINT('',(1.910683786335,-47.61069244802));
#3535 = CARTESIAN_POINT('',(1.915343883724,-47.61226165781));
#3536 = CARTESIAN_POINT('',(1.920003993753,-47.61382978487));
#3537 = CARTESIAN_POINT('',(1.924664113825,-47.61539678715));
#3538 = CARTESIAN_POINT('',(1.9293242414,-47.61696262235));
#3539 = CARTESIAN_POINT('',(1.93398437392,-47.61852724811));
#3540 = CARTESIAN_POINT('',(1.938644508887,-47.62009062209));
#3541 = CARTESIAN_POINT('',(1.943304643558,-47.62165270189));
#3542 = CARTESIAN_POINT('',(1.947964776159,-47.62321344537));
#3543 = CARTESIAN_POINT('',(1.952624909937,-47.62477281182));
#3544 = CARTESIAN_POINT('',(1.957285047581,-47.62633076039));
#3545 = CARTESIAN_POINT('',(1.961945191929,-47.62788725025));
#3546 = CARTESIAN_POINT('',(1.966605345777,-47.6294422406));
#3547 = CARTESIAN_POINT('',(1.971265512018,-47.63099569045));
#3548 = CARTESIAN_POINT('',(1.97592569357,-47.63254755875));
#3549 = CARTESIAN_POINT('',(1.980585893348,-47.63409780444));
#3550 = CARTESIAN_POINT('',(1.985246114253,-47.6356463865));
#3551 = CARTESIAN_POINT('',(1.989906359271,-47.63719326384));
#3552 = CARTESIAN_POINT('',(1.994566631583,-47.63873839526));
#3553 = CARTESIAN_POINT('',(1.999226934336,-47.64028173958));
#3554 = CARTESIAN_POINT('',(2.003887270687,-47.64182325562));
#3555 = CARTESIAN_POINT('',(2.008547643809,-47.6433629022));
#3556 = CARTESIAN_POINT('',(2.013208056937,-47.64490063795));
#3557 = CARTESIAN_POINT('',(2.017868513374,-47.64643642156));
#3558 = CARTESIAN_POINT('',(2.022529016167,-47.64797021157));
#3559 = CARTESIAN_POINT('',(2.027189569352,-47.64950196692));
#3560 = CARTESIAN_POINT('',(2.031850170213,-47.65103164417));
#3561 = CARTESIAN_POINT('',(2.036510813808,-47.65255919918));
#3562 = CARTESIAN_POINT('',(2.041171495743,-47.65408458794));
#3563 = CARTESIAN_POINT('',(2.045832211539,-47.65560776647));
#3564 = CARTESIAN_POINT('',(2.05049295648,-47.65712869058));
#3565 = CARTESIAN_POINT('',(2.055153725618,-47.65864731597));
#3566 = CARTESIAN_POINT('',(2.059814514073,-47.66016359839));
#3567 = CARTESIAN_POINT('',(2.064475316906,-47.66167749353));
#3568 = CARTESIAN_POINT('',(2.069136129408,-47.66318895716));
#3569 = CARTESIAN_POINT('',(2.073796946085,-47.66469794483));
#3570 = CARTESIAN_POINT('',(2.078457758715,-47.66620441132));
#3571 = CARTESIAN_POINT('',(2.083118559317,-47.6677083115));
#3572 = CARTESIAN_POINT('',(2.087779340119,-47.66920960032));
#3573 = CARTESIAN_POINT('',(2.092440092102,-47.67070823233));
#3574 = CARTESIAN_POINT('',(2.097100810919,-47.67220416356));
#3575 = CARTESIAN_POINT('',(2.10176147473,-47.67369734454));
#3576 = CARTESIAN_POINT('',(2.106422179643,-47.67518776279));
#3577 = CARTESIAN_POINT('',(2.111083062816,-47.67667541865));
#3578 = CARTESIAN_POINT('',(2.115744251243,-47.67816030926));
#3579 = CARTESIAN_POINT('',(2.120405874684,-47.67964243262));
#3580 = CARTESIAN_POINT('',(2.125068062256,-47.68112178648));
#3581 = CARTESIAN_POINT('',(2.12973094302,-47.68259836877));
#3582 = CARTESIAN_POINT('',(2.134394647044,-47.68407217686));
#3583 = CARTESIAN_POINT('',(2.139059306671,-47.68554320712));
#3584 = CARTESIAN_POINT('',(2.143725054059,-47.68701145609));
#3585 = CARTESIAN_POINT('',(2.148392021648,-47.68847692021));
#3586 = CARTESIAN_POINT('',(2.153060341932,-47.6899395961));
#3587 = CARTESIAN_POINT('',(2.157730147804,-47.69139947982));
#3588 = CARTESIAN_POINT('',(2.16240157273,-47.69285656643));
#3589 = CARTESIAN_POINT('',(2.167074750776,-47.69431085124));
#3590 = CARTESIAN_POINT('',(2.171749814586,-47.6957623292));
#3591 = CARTESIAN_POINT('',(2.176426907609,-47.69721099731));
#3592 = CARTESIAN_POINT('',(2.181106177691,-47.69865685337));
#3593 = CARTESIAN_POINT('',(2.18578777195,-47.70009989501));
#3594 = CARTESIAN_POINT('',(2.190471838073,-47.70154011978));
#3595 = CARTESIAN_POINT('',(2.195158524448,-47.70297752373));
#3596 = CARTESIAN_POINT('',(2.199847979925,-47.70441210296));
#3597 = CARTESIAN_POINT('',(2.204540353383,-47.70584385367));
#3598 = CARTESIAN_POINT('',(2.20923579564,-47.70727277146));
#3599 = CARTESIAN_POINT('',(2.213934459166,-47.70869885143));
#3600 = CARTESIAN_POINT('',(2.218636496843,-47.71012208886));
#3601 = CARTESIAN_POINT('',(2.223342061054,-47.71154247865));
#3602 = CARTESIAN_POINT('',(2.22805130917,-47.71296001496));
#3603 = CARTESIAN_POINT('',(2.232764385309,-47.71437468784));
#3604 = CARTESIAN_POINT('',(2.237481485598,-47.71578650274));
#3605 = CARTESIAN_POINT('',(2.242202546058,-47.7171953873));
#3606 = CARTESIAN_POINT('',(2.246927305418,-47.71860121023));
#3607 = CARTESIAN_POINT('',(2.251655547377,-47.72000385338));
#3608 = CARTESIAN_POINT('',(2.256387044247,-47.72140319536));
#3609 = CARTESIAN_POINT('',(2.261121571216,-47.72279911859));
#3610 = CARTESIAN_POINT('',(2.265858902991,-47.72419150516));
#3611 = CARTESIAN_POINT('',(2.270598814861,-47.72558023691));
#3612 = CARTESIAN_POINT('',(2.27534108273,-47.72696519775));
#3613 = CARTESIAN_POINT('',(2.280085482877,-47.72834627286));
#3614 = CARTESIAN_POINT('',(2.284831791918,-47.72972334702));
#3615 = CARTESIAN_POINT('',(2.289579786528,-47.73109630556));
#3616 = CARTESIAN_POINT('',(2.294329241534,-47.73246503685));
#3617 = CARTESIAN_POINT('',(2.299079932078,-47.73382942893));
#3618 = CARTESIAN_POINT('',(2.303831633276,-47.73518937002));
#3619 = CARTESIAN_POINT('',(2.308584121009,-47.73654474788));
#3620 = CARTESIAN_POINT('',(2.313337168811,-47.73789545259));
#3621 = CARTESIAN_POINT('',(2.318090548006,-47.73924137614));
#3622 = CARTESIAN_POINT('',(2.322844030372,-47.7405824101));
#3623 = CARTESIAN_POINT('',(2.327597387556,-47.7419184462));
#3624 = CARTESIAN_POINT('',(2.33235039148,-47.74324937595));
#3625 = CARTESIAN_POINT('',(2.33710281134,-47.74457509507));
#3626 = CARTESIAN_POINT('',(2.341854415977,-47.74589549943));
#3627 = CARTESIAN_POINT('',(2.346604974079,-47.74721048498));
#3628 = CARTESIAN_POINT('',(2.351354254429,-47.74851994723));
#3629 = CARTESIAN_POINT('',(2.356102024943,-47.74982378357));
#3630 = CARTESIAN_POINT('',(2.360848049864,-47.75112189434));
#3631 = CARTESIAN_POINT('',(2.365592097976,-47.75241418053));
#3632 = CARTESIAN_POINT('',(2.37033392098,-47.75370053873));
#3633 = CARTESIAN_POINT('',(2.37507369721,-47.75498098206));
#3634 = CARTESIAN_POINT('',(2.37981162479,-47.75625552904));
#3635 = CARTESIAN_POINT('',(2.384547896108,-47.75752419711));
#3636 = CARTESIAN_POINT('',(2.389282705166,-47.7587870023));
#3637 = CARTESIAN_POINT('',(2.394016245852,-47.76004395903));
#3638 = CARTESIAN_POINT('',(2.398748711909,-47.76129508215));
#3639 = CARTESIAN_POINT('',(2.403480296921,-47.7625403861));
#3640 = CARTESIAN_POINT('',(2.40821119468,-47.76377988301));
#3641 = CARTESIAN_POINT('',(2.412941598924,-47.76501358515));
#3642 = CARTESIAN_POINT('',(2.417671703201,-47.76624150504));
#3643 = CARTESIAN_POINT('',(2.422401701657,-47.76746365301));
#3644 = CARTESIAN_POINT('',(2.427131788696,-47.76868003861));
#3645 = CARTESIAN_POINT('',(2.431862158687,-47.76989067187));
#3646 = CARTESIAN_POINT('',(2.43659300593,-47.77109556154));
#3647 = CARTESIAN_POINT('',(2.441324524721,-47.77229471427));
#3648 = CARTESIAN_POINT('',(2.446056909491,-47.77348813709));
#3649 = CARTESIAN_POINT('',(2.450790354734,-47.77467583692));
#3650 = CARTESIAN_POINT('',(2.455525055705,-47.775857818));
#3651 = CARTESIAN_POINT('',(2.460261207964,-47.77703408448));
#3652 = CARTESIAN_POINT('',(2.464999006955,-47.7782046408));
#3653 = CARTESIAN_POINT('',(2.469738649882,-47.77936948962));
#3654 = CARTESIAN_POINT('',(2.474480335142,-47.78052863248));
#3655 = CARTESIAN_POINT('',(2.479224261159,-47.78168207141));
#3656 = CARTESIAN_POINT('',(2.483970626821,-47.78282980739));
#3657 = CARTESIAN_POINT('',(2.488719632897,-47.78397183891));
#3658 = CARTESIAN_POINT('',(2.49347147819,-47.7851081643));
#3659 = CARTESIAN_POINT('',(2.498226370224,-47.78623878385));
#3660 = CARTESIAN_POINT('',(2.502984317975,-47.78736364903));
#3661 = CARTESIAN_POINT('',(2.507745320751,-47.78848270883));
#3662 = CARTESIAN_POINT('',(2.512509381008,-47.78959591286));
#3663 = CARTESIAN_POINT('',(2.517276500778,-47.79070321094));
#3664 = CARTESIAN_POINT('',(2.522046682606,-47.79180455324));
#3665 = CARTESIAN_POINT('',(2.526819929431,-47.7928998898));
#3666 = CARTESIAN_POINT('',(2.531596244575,-47.7939891708));
#3667 = CARTESIAN_POINT('',(2.536375631651,-47.79507234664));
#3668 = CARTESIAN_POINT('',(2.541158094701,-47.79614936768));
#3669 = CARTESIAN_POINT('',(2.545943638214,-47.79722018428));
#3670 = CARTESIAN_POINT('',(2.55073226692,-47.79828474719));
#3671 = CARTESIAN_POINT('',(2.555523986204,-47.79934300719));
#3672 = CARTESIAN_POINT('',(2.560318800985,-47.80039491485));
#3673 = CARTESIAN_POINT('',(2.565116722053,-47.80144042219));
#3674 = CARTESIAN_POINT('',(2.569917763026,-47.80247948186));
#3675 = CARTESIAN_POINT('',(2.574721937379,-47.80351204635));
#3676 = CARTESIAN_POINT('',(2.57952925913,-47.80453806827));
#3677 = CARTESIAN_POINT('',(2.584339742642,-47.80555750037));
#3678 = CARTESIAN_POINT('',(2.589153402654,-47.80657029536));
#3679 = CARTESIAN_POINT('',(2.593970254674,-47.80757640606));
#3680 = CARTESIAN_POINT('',(2.59879031673,-47.80857578599));
#3681 = CARTESIAN_POINT('',(2.60361360726,-47.80956838866));
#3682 = CARTESIAN_POINT('',(2.608440144577,-47.81055416747));
#3683 = CARTESIAN_POINT('',(2.613269949844,-47.81153307616));
#3684 = CARTESIAN_POINT('',(2.618103036102,-47.81250506681));
#3685 = CARTESIAN_POINT('',(2.622939448979,-47.81347009762));
#3686 = CARTESIAN_POINT('',(2.627779034934,-47.81442808893));
#3687 = CARTESIAN_POINT('',(2.632621557085,-47.81537894543));
#3688 = CARTESIAN_POINT('',(2.637466799745,-47.81632257502));
#3689 = CARTESIAN_POINT('',(2.642314541064,-47.81725888767));
#3690 = CARTESIAN_POINT('',(2.647164559528,-47.818187797));
#3691 = CARTESIAN_POINT('',(2.652016634133,-47.81910921603));
#3692 = CARTESIAN_POINT('',(2.656870542979,-47.82002305736));
#3693 = CARTESIAN_POINT('',(2.661726086239,-47.82092924343));
#3694 = CARTESIAN_POINT('',(2.666583065955,-47.82182769745));
#3695 = CARTESIAN_POINT('',(2.671441283905,-47.82271834243));
#3696 = CARTESIAN_POINT('',(2.676300542309,-47.82360110143));
#3697 = CARTESIAN_POINT('',(2.681160619414,-47.82447590009));
#3698 = CARTESIAN_POINT('',(2.686021293317,-47.82534266405));
#3699 = CARTESIAN_POINT('',(2.690882342552,-47.82620131895));
#3700 = CARTESIAN_POINT('',(2.695743544466,-47.82705179052));
#3701 = CARTESIAN_POINT('',(2.700604681495,-47.82789400404));
#3702 = CARTESIAN_POINT('',(2.705465516204,-47.82872788666));
#3703 = CARTESIAN_POINT('',(2.710325766219,-47.82955336962));
#3704 = CARTESIAN_POINT('',(2.715185156006,-47.83037038346));
#3705 = CARTESIAN_POINT('',(2.720043408325,-47.83117885898));
#3706 = CARTESIAN_POINT('',(2.724900244126,-47.83197872658));
#3707 = CARTESIAN_POINT('',(2.729755391959,-47.83276991807));
#3708 = CARTESIAN_POINT('',(2.734608550896,-47.83355236004));
#3709 = CARTESIAN_POINT('',(2.739459537528,-47.83432599987));
#3710 = CARTESIAN_POINT('',(2.744308519872,-47.83509084719));
#3711 = CARTESIAN_POINT('',(2.749155614337,-47.83584690255));
#3712 = CARTESIAN_POINT('',(2.75400095104,-47.83659416894));
#3713 = CARTESIAN_POINT('',(2.758844655108,-47.83733264864));
#3714 = CARTESIAN_POINT('',(2.763686856028,-47.83806234438));
#3715 = CARTESIAN_POINT('',(2.768527668836,-47.83878325776));
#3716 = CARTESIAN_POINT('',(2.773367281459,-47.83949539622));
#3717 = CARTESIAN_POINT('',(2.778205929963,-47.84019877111));
#3718 = CARTESIAN_POINT('',(2.783043838553,-47.84089339279));
#3719 = CARTESIAN_POINT('',(2.787881237155,-47.84157927208));
#3720 = CARTESIAN_POINT('',(2.792718344175,-47.84225641901));
#3721 = CARTESIAN_POINT('',(2.797555445669,-47.84292484826));
#3722 = CARTESIAN_POINT('',(2.802392850667,-47.84358457571));
#3723 = CARTESIAN_POINT('',(2.807230872571,-47.84423561892));
#3724 = CARTESIAN_POINT('',(2.812069771086,-47.84487798459));
#3725 = CARTESIAN_POINT('',(2.816909767283,-47.84551167162));
#3726 = CARTESIAN_POINT('',(2.82175108987,-47.84613668102));
#3727 = CARTESIAN_POINT('',(2.826593971983,-47.84675301172));
#3728 = CARTESIAN_POINT('',(2.831438655562,-47.84736066095));
#3729 = CARTESIAN_POINT('',(2.836285381342,-47.84795962612));
#3730 = CARTESIAN_POINT('',(2.841134389612,-47.84854990514));
#3731 = CARTESIAN_POINT('',(2.845985925387,-47.84913149352));
#3732 = CARTESIAN_POINT('',(2.850840244617,-47.84970438104));
#3733 = CARTESIAN_POINT('',(2.855697602987,-47.85026855854));
#3734 = CARTESIAN_POINT('',(2.860558253641,-47.85082401619));
#3735 = CARTESIAN_POINT('',(2.865422463056,-47.85137074576));
#3736 = CARTESIAN_POINT('',(2.870290448413,-47.85190873318));
#3737 = CARTESIAN_POINT('',(2.87516210123,-47.85243792604));
#3738 = CARTESIAN_POINT('',(2.880037344374,-47.85295827557));
#3739 = CARTESIAN_POINT('',(2.884916092977,-47.85346973205));
#3740 = CARTESIAN_POINT('',(2.889798264941,-47.85397224596));
#3741 = CARTESIAN_POINT('',(2.894683778187,-47.85446576783));
#3742 = CARTESIAN_POINT('',(2.899572551885,-47.85495025371));
#3743 = CARTESIAN_POINT('',(2.904464505536,-47.85542565956));
#3744 = CARTESIAN_POINT('',(2.909359559091,-47.85589194138));
#3745 = CARTESIAN_POINT('',(2.914257632963,-47.85634905508));
#3746 = CARTESIAN_POINT('',(2.919158648024,-47.85679695932));
#3747 = CARTESIAN_POINT('',(2.924062525546,-47.85723561285));
#3748 = CARTESIAN_POINT('',(2.928969187218,-47.85766497439));
#3749 = CARTESIAN_POINT('',(2.933878557676,-47.85808500564));
#3750 = CARTESIAN_POINT('',(2.938790561943,-47.85849566836));
#3751 = CARTESIAN_POINT('',(2.943705125443,-47.85889692434));
#3752 = CARTESIAN_POINT('',(2.948622173792,-47.85928873809));
#3753 = CARTESIAN_POINT('',(2.953541632981,-47.85967107388));
#3754 = CARTESIAN_POINT('',(2.958463429249,-47.86004389649));
#3755 = CARTESIAN_POINT('',(2.963387488525,-47.86040717318));
#3756 = CARTESIAN_POINT('',(2.968313737179,-47.86076087063));
#3757 = CARTESIAN_POINT('',(2.973242101709,-47.8611049568));
#3758 = CARTESIAN_POINT('',(2.978172508961,-47.86143940157));
#3759 = CARTESIAN_POINT('',(2.983104885185,-47.86176417409));
#3760 = CARTESIAN_POINT('',(2.988039162963,-47.86207924608));
#3761 = CARTESIAN_POINT('',(2.992975277408,-47.86238459015));
#3762 = CARTESIAN_POINT('',(2.997913163348,-47.86268017876));
#3763 = CARTESIAN_POINT('',(3.002852755953,-47.8629659868));
#3764 = CARTESIAN_POINT('',(3.007793990528,-47.86324198884));
#3765 = CARTESIAN_POINT('',(3.012736802923,-47.86350816059));
#3766 = CARTESIAN_POINT('',(3.01768112957,-47.86376447955));
#3767 = CARTESIAN_POINT('',(3.022626907084,-47.86401092265));
#3768 = CARTESIAN_POINT('',(3.027574072141,-47.8642474689));
#3769 = CARTESIAN_POINT('',(3.032522561762,-47.86447409759));
#3770 = CARTESIAN_POINT('',(3.037472312437,-47.86469078849));
#3771 = CARTESIAN_POINT('',(3.042423257492,-47.86489752402));
#3772 = CARTESIAN_POINT('',(3.047375330744,-47.86509428615));
#3773 = CARTESIAN_POINT('',(3.052328466401,-47.86528105772));
#3774 = CARTESIAN_POINT('',(3.057282599075,-47.86545782201));
#3775 = CARTESIAN_POINT('',(3.062237663521,-47.86562456243));
#3776 = CARTESIAN_POINT('',(3.067193594706,-47.86578126153));
#3777 = CARTESIAN_POINT('',(3.072150327922,-47.86592790561));
#3778 = CARTESIAN_POINT('',(3.077107798588,-47.86606448749));
#3779 = CARTESIAN_POINT('',(3.082065942035,-47.86619099882));
#3780 = CARTESIAN_POINT('',(3.087024693587,-47.86630743154));
#3781 = CARTESIAN_POINT('',(3.091983988575,-47.86641377754));
#3782 = CARTESIAN_POINT('',(3.096943762367,-47.86651002868));
#3783 = CARTESIAN_POINT('',(3.101903950389,-47.86659617695));
#3784 = CARTESIAN_POINT('',(3.106864488224,-47.8666722132));
#3785 = CARTESIAN_POINT('',(3.111825311633,-47.86673812813));
#3786 = CARTESIAN_POINT('',(3.116786356571,-47.86679391246));
#3787 = CARTESIAN_POINT('',(3.121747559216,-47.86683955691));
#3788 = CARTESIAN_POINT('',(3.126708855994,-47.86687505221));
#3789 = CARTESIAN_POINT('',(3.131670183619,-47.86690038907));
#3790 = CARTESIAN_POINT('',(3.136631479078,-47.86691555822));
#3791 = CARTESIAN_POINT('',(3.139938946241,-47.86691888634));
#3792 = CARTESIAN_POINT('',(3.14159265359,-47.86691885268));
#3793 = ( GEOMETRIC_REPRESENTATION_CONTEXT(2) 
PARAMETRIC_REPRESENTATION_CONTEXT() REPRESENTATION_CONTEXT('2D SPACE',''
  ) );
#3794 = ORIENTED_EDGE('',*,*,#3795,.T.);
#3795 = EDGE_CURVE('',#3275,#2736,#3796,.T.);
#3796 = SURFACE_CURVE('',#3797,(#3801,#3808),.PCURVE_S1.);
#3797 = LINE('',#3798,#3799);
#3798 = CARTESIAN_POINT('',(-13.84706796361,-5.767036397582,-17.));
#3799 = VECTOR('',#3800,1.);
#3800 = DIRECTION('',(0.,0.,-1.));
#3801 = PCURVE('',#857,#3802);
#3802 = DEFINITIONAL_REPRESENTATION('',(#3803),#3807);
#3803 = LINE('',#3804,#3805);
#3804 = CARTESIAN_POINT('',(3.536225296124,30.));
#3805 = VECTOR('',#3806,1.);
#3806 = DIRECTION('',(0.,-1.));
#3807 = ( GEOMETRIC_REPRESENTATION_CONTEXT(2) 
PARAMETRIC_REPRESENTATION_CONTEXT() REPRESENTATION_CONTEXT('2D SPACE',''
  ) );
#3808 = PCURVE('',#2523,#3809);
#3809 = DEFINITIONAL_REPRESENTATION('',(#3810),#3814);
#3810 = LINE('',#3811,#3812);
#3811 = CARTESIAN_POINT('',(47.866918852684,-63.));
#3812 = VECTOR('',#3813,1.);
#3813 = DIRECTION('',(0.,-1.));
#3814 = ( GEOMETRIC_REPRESENTATION_CONTEXT(2) 
PARAMETRIC_REPRESENTATION_CONTEXT() REPRESENTATION_CONTEXT('2D SPACE',''
  ) );
#3815 = ORIENTED_EDGE('',*,*,#2758,.T.);
#3816 = ORIENTED_EDGE('',*,*,#840,.T.);
#3817 = ORIENTED_EDGE('',*,*,#898,.T.);
#3818 = ORIENTED_EDGE('',*,*,#1469,.T.);
#3819 = ADVANCED_FACE('',(#3820),#2148,.T.);
#3820 = FACE_BOUND('',#3821,.T.);
#3821 = EDGE_LOOP('',(#3822,#3823,#3844,#3845));
#3822 = ORIENTED_EDGE('',*,*,#3274,.T.);
#3823 = ORIENTED_EDGE('',*,*,#3824,.T.);
#3824 = EDGE_CURVE('',#3275,#2470,#3825,.T.);
#3825 = SURFACE_CURVE('',#3826,(#3830,#3837),.PCURVE_S1.);
#3826 = LINE('',#3827,#3828);
#3827 = CARTESIAN_POINT('',(-13.84706796361,-5.767036397581,-17.));
#3828 = VECTOR('',#3829,1.);
#3829 = DIRECTION('',(-0.707106781187,-0.707106781187,0.));
#3830 = PCURVE('',#2148,#3831);
#3831 = DEFINITIONAL_REPRESENTATION('',(#3832),#3836);
#3832 = LINE('',#3833,#3834);
#3833 = CARTESIAN_POINT('',(3.14159265359,-47.86691885268));
#3834 = VECTOR('',#3835,1.);
#3835 = DIRECTION('',(0.,1.));
#3836 = ( GEOMETRIC_REPRESENTATION_CONTEXT(2) 
PARAMETRIC_REPRESENTATION_CONTEXT() REPRESENTATION_CONTEXT('2D SPACE',''
  ) );
#3837 = PCURVE('',#2523,#3838);
#3838 = DEFINITIONAL_REPRESENTATION('',(#3839),#3843);
#3839 = LINE('',#3840,#3841);
#3840 = CARTESIAN_POINT('',(47.866918852684,-63.));
#3841 = VECTOR('',#3842,1.);
#3842 = DIRECTION('',(-1.,0.));
#3843 = ( GEOMETRIC_REPRESENTATION_CONTEXT(2) 
PARAMETRIC_REPRESENTATION_CONTEXT() REPRESENTATION_CONTEXT('2D SPACE',''
  ) );
#3844 = ORIENTED_EDGE('',*,*,#2469,.F.);
#3845 = ORIENTED_EDGE('',*,*,#2132,.T.);
#3846 = ADVANCED_FACE('',(#3847),#2072,.F.);
#3847 = FACE_BOUND('',#3848,.F.);
#3848 = EDGE_LOOP('',(#3849,#3850,#3851,#3852));
#3849 = ORIENTED_EDGE('',*,*,#2708,.F.);
#3850 = ORIENTED_EDGE('',*,*,#2538,.T.);
#3851 = ORIENTED_EDGE('',*,*,#2056,.T.);
#3852 = ORIENTED_EDGE('',*,*,#2186,.F.);
#3853 = ADVANCED_FACE('',(#3854),#2523,.F.);
#3854 = FACE_BOUND('',#3855,.F.);
#3855 = EDGE_LOOP('',(#3856,#3857,#3858,#3859));
#3856 = ORIENTED_EDGE('',*,*,#2510,.F.);
#3857 = ORIENTED_EDGE('',*,*,#2735,.T.);
#3858 = ORIENTED_EDGE('',*,*,#3795,.F.);
#3859 = ORIENTED_EDGE('',*,*,#3824,.T.);
#3860 = ( GEOMETRIC_REPRESENTATION_CONTEXT(3) 
GLOBAL_UNCERTAINTY_ASSIGNED_CONTEXT((#3864)) 
GLOBAL_UNIT_ASSIGNED_CONTEXT((#3861,#3862,#3863)) REPRESENTATION_CONTEXT
('Context #1','3D Context with UNIT and UNCERTAINTY') );
#3861 = ( LENGTH_UNIT() NAMED_UNIT(*) SI_UNIT(.MILLI.,.METRE.) );
#3862 = ( NAMED_UNIT(*) PLANE_ANGLE_UNIT() SI_UNIT($,.RADIAN.) );
#3863 = ( NAMED_UNIT(*) SI_UNIT($,.STERADIAN.) SOLID_ANGLE_UNIT() );
#3864 = UNCERTAINTY_MEASURE_WITH_UNIT(LENGTH_MEASURE(2.E-07),#3861,
  'distance_accuracy_value','confusion accuracy');
#3865 = PRODUCT_RELATED_PRODUCT_CATEGORY('part',$,(#7));
ENDSEC;
END-ISO-10303-21;
